date,center_lat,center_long,direction,15m,45m,75m,105m,135m,165m,195m,225m,255m,285m,315m,345m,375m,405m,435m,465m,495m,525m,555m,585m,615m,645m,675m,705m,735m,765m,795m,825m,855m,885m
2000-02-13,32.8848,131.0846,E,0.4761,0.3972,0.3494,0.2497,0.1438,0.0777,0.0308,-0.0088,-0.0179,-0.0156,-0.0102,0.0144,0.0158,0.0095,-0.0002,-0.0095,,-0.0013,-0.0056,-0.016,,,,,,,,,,
2000-02-13,32.8848,131.0846,N,,0.4182,0.3706,0.3429,0.3171,0.2598,0.1242,-0.0042,-0.0108,-0.0122,-0.0073,-0.0045,-0.0048,0.0027,-0.0021,0.0009,0.0062,0.008,0.0087,-0.0036,0.0055,-0.0038,-0.0069,-0.0035,-0.0099,-0.0045,-0.0036,0.0111,0.0045,0.0103
2000-02-13,32.8848,131.0846,NE,,0.4615,0.3969,0.3265,0.2323,0.1654,0.08,0.0422,0.0086,-0.0106,-0.0242,-0.0236,-0.0193,-0.0094,-0.0044,0.0145,,-0.0003,0.0023,-0.0063,-0.0046,0.0018,0.0084,0.0284,,,,,,
2000-02-13,32.8848,131.0846,NO,,0.3632,0.3503,,0.1979,0.2411,0.0961,0.0435,0.0045,-0.0258,-0.0211,-0.0235,-0.0307,-0.0271,-0.0264,-0.012,-0.0263,-0.0245,-0.0099,-0.0011,0.0039,0.0045,0.0006,0.0118,0.0183,0.0004,-0.0012,0.01,0.0162,0.022
2000-02-13,32.8848,131.0846,O,,0.3696,,0.1003,0.0253,-0.0102,-0.0342,-0.0295,-0.034,-0.0346,-0.0366,-0.0392,-0.0379,-0.0305,-0.0222,-0.0198,-0.0163,-0.0244,-0.0307,-0.0337,-0.0224,-0.0252,0.013,0.006,0.0035,0.0325,0.0603,0.0684,0.0866,0.0791
2000-02-13,32.8848,131.0846,S,,,0.2855,0.153,,-0.0207,-0.0165,0.0206,0.0016,-0.0075,-0.008,-0.0102,-0.0102,-0.0111,-0.0042,-0.0003,-0.0032,-0.001,0.0029,0.0046,0.0048,0.0031,0.0018,0.0011,-0.0018,-0.0033,-0.0014,0.0016,-0.0016,-0.0028
2000-02-13,32.8848,131.0846,SE,,,0.269,0.169,0.1257,0.0591,0.0205,0.0173,0.0087,-0.0051,-0.0088,-0.0093,-0.0135,-0.0139,-0.0115,-0.0188,-0.0101,-0.0053,-0.0051,-0.0067,0.0009,0.0005,0.0032,0.0048,0.0055,0.0032,0.0021,0.0003,0.0087,0.0044
2000-02-13,32.8848,131.0846,SO,,,0.2523,0.1136,0.0437,0.0055,-0.0312,-0.03,-0.0095,-0.0025,-0.0079,0.0028,0.004,0.0084,0.0084,0.011,0.0122,0.0173,0.0107,0.0092,0.0041,0.0005,0.0007,-0.0041,-0.0064,-0.0088,-0.009,-0.0034,-0.0112,-0.0098
2000-04-17,32.8848,131.0856,E,,,0.2275,0.1376,0.0868,0.0666,0.0272,0.0069,0.0044,0.0024,-0.0027,-0.0027,0.004,0.0032,-0.0009,-0.0056,-0.0088,-0.0108,-0.007,-0.0075,-0.0049,-0.0039,-0.0009,0.0009,0.0007,0.0003,0.0016,0.0034,0.0051,0.0023
2000-04-17,32.8848,131.0856,N,,,,0.1127,-0.0031,-0.0374,-0.0273,-0.0205,-0.0172,-0.0195,-0.0094,-0.0024,-0.0024,-0.0005,0.0122,0.0222,0.0236,0.0143,0.0162,0.0035,0.0005,-0.0065,-0.0018,0.0061,0.0048,-0.0083,-0.0063,-0.0088,-0.009,-0.0033
2000-04-17,32.8848,131.0856,NE,,,,0.1821,0.0242,0.0014,-0.0166,-0.0153,-0.0081,-0.0146,-0.013,-0.012,-0.01,-0.0074,-0.0023,0.0005,0.0019,0.0093,0.0014,-0.0099,-0.0108,-0.0119,-0.0084,-0.0106,-0.0087,-0.0078,0.0002,0.0066,0.0187,0.0123
2000-04-17,32.8848,131.0856,NO,,0.2895,,0.1651,0.1248,-0.0014,-0.018,-0.0223,-0.0466,-0.0486,-0.0455,-0.0359,-0.0331,-0.027,-0.0412,-0.0273,-0.0183,-0.0094,-0.0065,0.0077,0.0025,0.011,0.0379,0.0155,0.0054,0.0181,0.0156,0.0113,-0.0008,0.0187
2000-04-17,32.8848,131.0856,O,,0.2834,0.2501,0.1521,0.0687,0.0424,-0.0191,-0.0364,-0.0431,-0.0467,-0.0366,-0.0361,-0.0357,-0.0293,-0.0136,-0.0068,-0.0046,0.0012,0.0014,0.0055,0.014,0.0107,0.0103,0.0097,0.0139,0.0155,0.0184,0.0356,0.0536,0.0614
2000-04-17,32.8848,131.0856,S,,0.3036,0.3552,0.2136,0.2055,0.1136,0.0193,0.008,0.0161,-0.0218,0.0086,-0.0088,-0.0161,-0.0089,-0.0092,-0.0079,-0.0083,-0.0039,0.0055,0.0083,0.0086,0.0063,0.0059,0.0077,0.0065,0.0024,-0.0009,-0.0039,-0.0064,-0.0047
2000-04-17,32.8848,131.0856,SE,,0.3247,0.3089,0.2223,0.1482,0.0917,0.0578,0.0329,0.0031,0.0015,0.0168,0.0077,-1e-04,-0.0035,-0.0061,-0.0133,-0.0095,-0.0123,-0.0076,-0.0025,-0.0051,0.0004,-0.0021,-0.0002,-0.0026,0.0009,0.0046,0.0033,0.0059,0.0073
2000-04-17,32.8848,131.0856,SO,,0.2677,0.2452,0.1824,0.0804,0.0475,0.0254,0.0097,-0.0067,-0.0017,-0.0105,-0.0037,0.0035,0.0006,0.001,0.0031,0.0012,0.0028,0.0014,0.0117,0.0088,0.0046,0.0011,0.0012,-0.0032,-0.0048,-0.0073,-0.0079,-0.0052,-0.0057
2000-05-03,32.8848,131.0846,E,0.2935,0.2304,0.1944,0.1273,0.0413,0.0318,0.0248,0.036,0.0157,-0.0079,-0.0138,-0.0061,-0.006,-0.0097,-0.0063,-0.0065,-0.0013,-0.0026,-0.0024,0.0007,0.0081,0.0085,0.0088,0.0092,0.0031,-0.0013,-0.0004,0.0016,-0.001,-0.003
2000-05-03,32.8848,131.0846,N,,0.3045,0.2434,0.2358,0.2291,0.1703,0.0644,-0.0097,-0.0296,-0.0357,-0.0343,-0.0245,-0.0185,-0.0094,-0.0003,0.0021,0.0018,-0.0006,0.0059,0.0066,0.0088,0.0172,0.0156,0.0009,-0.007,-0.0016,0.0052,0.0016,-0.0027,0.0006
2000-05-03,32.8848,131.0846,NE,,0.3367,0.2157,0.1732,0.1035,0.0588,0.0092,-0.0149,-0.0374,-0.0436,-0.0429,-0.0453,-0.0379,-0.0352,-0.0258,-0.0192,-0.0088,-0.0121,-0.0075,-0.0078,0.0,-0.0056,0.016,0.0147,0.0187,0.0186,0.0222,0.0245,0.0168,0.024
2000-05-03,32.8848,131.0846,NO,,0.1768,0.1865,0.1675,0.0593,0.1371,0.0383,-0.0198,-0.0408,-0.0477,-0.0502,-0.0623,-0.0608,-0.0591,-0.0559,-0.0381,-0.0548,-0.0403,-0.0164,-0.0006,0.0219,0.0217,0.0352,0.033,0.0292,0.0119,0.0138,0.0113,0.0163,0.0164
2000-05-03,32.8848,131.0846,O,,,0.0861,0.0086,-0.0538,-0.0733,-0.0762,-0.0677,-0.0744,-0.0727,-0.0583,-0.0526,-0.052,-0.0465,-0.0358,-0.033,-0.0284,-0.0289,-0.0214,-0.0191,0.0071,0.0259,0.0385,0.0581,0.0409,0.0517,0.0657,0.0828,0.0779,0.0443
2000-05-03,32.8848,131.0846,S,,0.2762,0.2178,0.0592,-0.003,-0.0159,-0.0367,-0.0098,-0.0122,-0.0248,-0.0222,-0.0166,-0.0139,-0.0073,0.0014,0.0072,0.0073,0.0086,0.0064,0.009,0.0155,0.0156,0.0107,0.0027,0.0005,-0.0006,1e-04,-0.0071,-0.0112,-0.0149
2000-05-03,32.8848,131.0846,SE,0.193,0.2004,0.1917,0.0896,0.0267,0.0268,0.0086,0.0129,0.011,0.0003,-0.0108,-0.0158,-0.0141,-0.0157,-0.0116,-0.0067,-0.0064,0.0006,0.0011,0.0032,0.0021,-0.0005,-0.0039,-0.0005,1e-04,0.0072,0.0031,0.0,0.0052,0.0013
2000-05-03,32.8848,131.0846,SO,0.2543,0.2124,0.127,0.0221,-0.0166,-0.0258,-0.0351,-0.0297,-0.0178,-0.0008,0.0046,0.0011,-0.0051,-0.004,-0.0005,0.008,0.0138,0.0193,0.0229,0.0182,0.0156,0.0101,0.0041,0.0054,-0.0094,-0.0093,-0.0144,-0.0099,-0.0112,-0.0126
2000-12-29,32.8848,131.0846,E,0.3636,0.2572,,0.1239,0.0831,0.0568,0.0403,,0.0045,0.0094,0.0131,0.0127,0.0089,,,,,0.0091,0.0063,-0.0092,-1e-04,1e-04,-0.0012,0.0003,-1e-04,-1e-04,0.0011,0.0002,-0.003,-0.0004
2000-12-29,32.8848,131.0846,N,,0.3393,0.2346,0.2155,0.2006,0.1129,0.0829,0.02,-0.0212,-0.014,-0.0071,-0.004,-0.0041,-0.0029,-0.0037,-0.0053,0.0042,0.0162,0.0141,0.0011,0.0048,0.0024,-0.0067,-0.0108,-0.0066,-0.0032,-0.0026,0.0038,0.0047,0.0116
2000-12-29,32.8848,131.0846,NE,,0.2815,0.1767,0.1232,,,,,0.0069,0.0019,-0.0048,-0.0047,0.0039,0.0017,-0.0047,-0.0093,-0.0049,-0.0011,-0.0025,-0.008,-0.0089,-0.0016,-0.0023,-0.0031,-1e-04,-0.0003,0.0044,0.0066,0.011,0.0146
2000-12-29,32.8848,131.0846,NO,,0.3274,0.2899,0.2807,0.2449,0.2119,0.1575,0.0542,0.0425,-0.0212,-0.0141,-0.0169,-0.0305,-0.0135,-0.0181,-0.0058,-0.0096,-0.011,-0.0036,0.0027,-0.0051,-0.0076,-0.0061,0.0021,0.0038,0.0014,-0.0014,0.0002,-0.0003,-0.0082
2000-12-29,32.8848,131.0846,O,,0.3725,0.2856,0.1688,0.0299,-0.0031,-0.0076,-0.0122,-0.0054,-0.0112,-0.0302,-0.0285,-0.0229,-0.0188,-0.014,-0.009,-0.0096,-0.0108,-0.0112,-0.0057,0.0035,-0.0145,0.0003,0.0048,-1e-04,0.0043,0.0138,0.0216,0.0125,0.0037
2000-12-29,32.8848,131.0846,S,,0.3372,0.224,0.1046,0.0278,0.0223,-0.0067,0.0117,0.0008,-0.0119,-0.0054,-0.004,-0.0046,-0.0056,-0.0051,1e-04,0.0041,0.0029,0.0002,-0.0031,-0.0004,0.0038,0.0023,0.0018,0.0003,0.0009,0.0023,-0.0,-0.0032,-0.0007
2000-12-29,32.8848,131.0846,SE,0.321,0.321,0.2101,0.1167,0.0762,0.0434,0.0101,0.0246,0.0061,-0.0022,-0.0099,-0.0099,-0.0041,-0.0098,-0.009,-0.0038,0.0006,0.0047,0.0032,0.0011,0.0008,0.0019,0.0018,0.0004,0.0002,0.0011,-0.0005,-0.0032,-0.0011,0.0008
2000-12-29,32.8848,131.0846,SO,0.3325,0.3036,0.2057,0.1014,0.0468,0.0218,-0.0154,-0.0243,-0.0083,0.0027,0.0004,-0.0002,0.003,0.0024,0.0045,0.008,0.008,0.0088,0.01,0.0057,0.0029,0.0021,0.0024,-0.0014,-0.0019,-0.0005,-0.0029,-0.0042,-0.0095,-0.0095
2001-03-19,32.885,131.0856,E,0.2855,0.1947,0.1204,0.0655,0.0438,0.0136,0.0054,0.001,-0.0005,-0.0026,-0.0048,-0.0013,0.0017,-0.002,-0.0021,-0.0007,0.0039,0.0067,0.0007,0.002,0.0031,0.002,0.0026,0.0011,1e-04,-0.0029,-1e-04,-0.0008,-0.0025,-0.0041
2001-03-19,32.885,131.0856,N,,,0.2103,0.0705,-0.017,-0.0287,-0.0288,-0.0236,-0.0195,-0.0162,-0.0101,-0.0041,-0.0047,0.0004,-0.0021,-0.0006,-0.0095,-0.0016,0.0051,0.0032,0.0039,-0.0028,-0.0035,0.0045,0.0055,-0.0017,0.0046,0.0048,0.0046,0.003
2001-03-19,32.885,131.0856,NE,0.289,0.3066,0.1657,0.0599,0.013,-0.0099,-0.0184,-0.0223,-0.0228,-0.0212,-0.0207,-0.0177,-0.0178,-0.0116,-0.0111,-0.0075,-0.0043,-0.0039,-0.0053,-0.0015,-0.0042,-0.0052,-0.0059,-0.0021,0.0059,0.0061,0.0074,0.0172,0.013,0.0155
2001-03-19,32.885,131.0856,NO,,,,0.1455,0.1294,0.0362,-0.0261,-0.0156,-0.0163,-0.0237,-0.0289,-0.0276,-0.0191,-0.0144,-0.0157,-0.0124,-0.0062,0.0052,0.0058,0.008,0.0082,0.0061,0.012,0.0058,-0.0009,0.0008,0.0057,0.0028,0.0027,0.0109
2001-03-19,32.885,131.0856,O,,,0.2854,0.2337,0.1587,0.1009,0.0584,-0.0083,-0.0279,-0.0346,-0.0363,-0.0416,-0.0422,-0.032,-0.0221,-0.0119,-0.0066,-0.0085,-0.0104,0.0004,-0.0006,0.0077,0.0036,0.008,0.0022,0.0104,0.023,0.0293,0.0391,0.046
2001-03-19,32.885,131.0856,S,,0.3263,0.3044,0.2426,0.2228,0.1419,0.0481,0.0064,-0.0098,-0.0151,0.0132,-0.001,-0.0103,-0.0086,-0.0072,-0.0097,-0.005,-0.0038,0.0012,-0.0025,0.0007,-0.0011,-0.0023,-0.0008,0.003,1e-04,0.001,-0.0017,0.003,0.0039
2001-03-19,32.885,131.0856,SE,,0.2843,0.2308,0.1555,0.0631,0.0504,0.0216,0.0134,0.0039,0.0064,0.0071,0.0058,-0.0019,-0.0039,-0.0078,-0.0128,-0.0109,-0.0074,-0.0074,-0.0045,-0.0027,-0.0017,-0.0008,0.0018,-0.0005,0.0045,0.0057,0.0059,0.0069,0.0094
2001-03-19,32.885,131.0856,SO,,0.2769,0.262,0.2267,0.1498,0.1065,0.0259,0.0023,-0.008,-0.0163,-0.0167,-0.0059,0.0032,0.0068,0.0046,0.0036,0.0008,0.0015,0.0044,0.0065,0.0063,0.0064,0.0073,0.0046,0.0005,-0.0028,-0.0058,-0.0068,-0.0053,-0.008
2001-12-16,32.885,131.0856,E,0.4231,0.2821,0.2057,0.1268,0.0832,0.0589,,,,-0.0014,0.003,0.0039,-0.0031,,0.0032,-0.001,-0.0062,-0.0077,-0.009,0.005,0.0069,0.0105,,-0.0131,0.0021,0.0079,0.0084,-0.0093,0.0013,0.0036
2001-12-16,32.885,131.0856,N,,,0.2492,0.0594,-0.0129,-0.021,-0.0265,,,-0.0252,0.0065,0.007,0.0078,0.0107,0.0166,0.0043,0.0029,0.0042,-0.0058,-0.0168,-0.0072,-0.0037,-0.0091,0.0065,0.0107,0.0046,0.0114,0.0171,0.0119,0.0163
2001-12-16,32.885,131.0856,NE,0.378,0.3898,0.2109,0.1023,0.0471,0.0243,,,,,0.0066,-0.0134,-0.0288,,-0.0149,0.0081,0.0045,-0.0069,-0.002,-0.0113,0.0116,0.0019,-0.0002,-0.0019,0.0052,0.0013,0.0011,-0.0064,0.0014,0.0058
2001-12-16,32.885,131.0856,NO,,0.4365,0.4122,0.3097,0.0967,0.0305,0.004,0.0128,0.0068,-0.0081,-0.0137,-0.0149,-0.0194,0.0009,-0.012,0.0082,-0.0272,-0.0089,0.0049,-0.0247,-0.025,-0.0077,-0.0021,0.017,-0.0078,-0.0201,0.0142,0.0282,0.0244,0.0258
2001-12-16,32.885,131.0856,O,,0.4301,0.4032,0.3584,0.2833,0.1909,0.1619,0.0439,-0.0164,-0.0327,-0.0298,-0.0384,-0.0476,-0.0238,,,-0.0047,-0.0079,,,,,-0.0094,-0.0117,-0.0013,-0.0108,-0.0096,0.0022,-0.0059,-0.0058
2001-12-16,32.885,131.0856,S,,0.4269,0.3719,0.33,0.3034,0.1843,0.0746,0.0194,-0.012,-0.0133,0.0108,-0.0178,-0.0073,0.0059,-0.0246,,,,,,,,,0.0095,0.0075,0.0095,0.0086,-0.0,-0.0007,-0.0052
2001-12-16,32.885,131.0856,SE,,0.3674,0.2582,0.1647,0.054,0.0294,0.0155,0.0006,0.0027,0.0217,,,0.0064,0.0244,0.0047,-0.0257,-0.0317,-0.0213,-0.0123,1e-04,0.0043,0.0023,-0.0025,0.004,0.0057,0.012,0.0041,-0.0014,0.0025,-0.0021
2001-12-16,32.885,131.0856,SO,,0.4113,0.4005,0.3566,0.2493,0.1646,0.0432,,-0.0432,-0.0357,-0.0198,-0.0245,-0.0195,0.0034,0.0004,0.0029,0.004,0.005,0.0047,0.0111,0.0094,0.0051,0.0016,0.0016,0.0034,0.0022,0.0006,-0.0029,-0.0076,-0.0126
2002-09-30,32.885,131.0856,E,0.3598,0.2462,0.1479,0.0771,0.0487,0.0165,0.0097,0.0152,0.0263,0.0141,-0.0058,-0.0058,-0.0038,-0.0002,0.0016,0.0019,-0.0015,-0.0031,-0.0018,0.0042,0.006,0.0038,0.0038,0.0005,-0.0036,-0.0033,0.0015,-0.0012,0.0008,-0.0004
2002-09-30,32.885,131.0856,N,,0.4152,0.2244,0.1106,-0.0086,0.0024,0.007,0.0166,0.0196,0.0111,-0.0005,-0.0017,-0.0071,0.0002,0.0176,0.0238,0.0207,0.0242,0.0088,-0.0092,-0.012,-0.0259,-0.035,-0.0155,-0.0126,-0.0367,-0.0338,-0.0409,-0.0425,-0.0514
2002-09-30,32.885,131.0856,NE,0.3821,0.3911,0.2159,0.0932,0.0339,0.0146,0.0107,0.0127,0.0133,0.0051,-0.0031,-0.0078,-0.0097,-0.0095,-0.0162,-0.0122,-0.0117,-0.0124,-0.0096,0.0002,0.0025,0.0018,0.0107,0.0072,0.0008,-0.0022,-0.002,0.0047,0.0055,0.0035
2002-09-30,32.885,131.0856,NO,0.3365,0.3774,0.3062,0.2067,0.1332,-0.0114,-0.0182,0.002,-0.003,-0.0109,-0.0181,-0.0155,-0.0212,-0.0183,-0.0149,-0.0247,-0.0128,0.0109,0.0122,0.0112,0.003,0.0094,0.0175,0.0206,0.0129,0.0076,0.0052,-0.0083,-0.0304,-0.0339
2002-09-30,32.885,131.0856,O,,0.4207,0.3804,0.3049,0.2336,0.17,0.1158,-0.0032,-0.0476,-0.0541,-0.0574,-0.0619,-0.0711,-0.0588,-0.0425,-0.0333,-0.016,-0.0068,-0.0097,-0.0056,-0.003,0.0094,0.0103,0.0252,0.0105,0.009,0.0488,0.0555,0.0683,0.0695
2002-09-30,32.885,131.0856,S,,0.4075,0.3292,0.2037,0.1889,0.0886,,,,,,,,-0.0489,-0.0412,-0.0295,-0.0155,0.0037,0.0096,-0.0015,0.0004,-0.0075,-0.0042,-0.0016,0.0087,0.0078,0.0092,0.0028,0.0032,-0.0078
2002-09-30,32.885,131.0856,SE,,0.398,0.3248,0.2127,0.1067,0.0826,0.0436,0.0115,-0.008,-0.0071,-0.0013,0.0007,-0.0007,-0.0042,-0.0081,-0.0122,-0.0156,0.0036,0.0017,-0.005,0.0068,-0.0103,-0.0098,-0.0119,-0.0094,-0.0092,-0.002,0.002,0.0022,0.0059
2002-09-30,32.885,131.0856,SO,,0.3619,0.3302,0.2526,0.1431,0.1086,0.0051,-0.0189,-0.0429,-0.0589,-0.0433,-0.0254,0.0012,0.0078,0.0101,0.0159,0.0178,0.015,0.0139,0.0186,0.0179,0.0131,0.0098,0.0111,0.0049,-0.0067,-0.0054,-0.0151,-0.0179,-0.0201
2002-10-16,32.8848,131.085,E,0.369,0.303,0.2159,0.1007,0.0101,-0.0093,-0.014,0.0041,-0.0022,0.0088,0.0093,0.0026,-0.0016,0.0014,-0.001,-0.0035,-0.0037,-0.0019,-0.0037,-0.0033,-0.0026,-0.0016,0.0009,0.0034,0.0038,0.0017,-0.0005,-0.0035,-0.0049,0.0013
2002-10-16,32.8848,131.085,N,0.31,0.2491,0.2077,0.2635,0.1575,0.0238,-0.0274,-0.0342,-0.02,-0.0087,0.0037,0.006,0.0019,-0.0057,-0.0022,0.0007,0.0206,0.0216,0.0115,0.0104,0.0115,-0.0035,-0.0102,-0.0215,-0.0108,0.0017,-0.0051,-0.0087,0.0114,0.0083
2002-10-16,32.8848,131.085,NE,,0.275,0.1901,0.1237,0.0176,0.0244,-0.0308,-0.0294,0.0079,0.0168,0.0221,0.0131,0.0076,-0.012,-0.0118,-0.01,-0.0128,-0.0179,-0.0149,-0.0166,-0.0096,-0.0022,-0.004,-0.0009,0.0041,0.0105,0.0117,0.013,0.0159,0.0176
2002-10-16,32.8848,131.085,NO,,0.304,0.2599,0.2179,0.2068,0.2239,0.0855,-0.0065,-0.0337,-0.0446,-0.0545,-0.0518,-0.0397,-0.0239,-0.02,-0.021,-0.0146,-0.0094,0.0061,0.0126,0.0113,0.0124,0.0199,0.0253,0.024,0.005,0.012,0.0177,0.0146,0.0087
2002-10-16,32.8848,131.085,O,,0.3372,0.2577,0.1377,0.0435,-0.0126,-0.0315,-0.0403,-0.0334,-0.0354,-0.0366,-0.0412,-0.0483,-0.0442,-0.0291,-0.0249,-0.0307,-0.0306,-0.0282,-0.0141,0.0135,0.0048,0.0033,0.0055,-0.0158,0.0319,0.0618,0.0679,0.0576,0.0523
2002-10-16,32.8848,131.085,S,,0.3125,0.3113,0.2373,0.0632,0.0132,0.0045,-0.0318,-0.0071,-0.0107,-0.0161,-0.0078,-0.0055,-0.0069,-0.0035,0.0002,0.0063,0.0084,0.0091,0.0036,0.0007,0.0049,0.0107,0.0058,0.0049,0.0017,0.0021,-0.0088,-0.014,-0.0115
2002-10-16,32.8848,131.085,SE,0.3583,0.3,0.2517,0.1499,0.0501,0.0117,-0.0039,-0.021,0.0181,0.0065,-0.007,-0.0111,-0.0071,-0.012,-0.0126,-0.0084,-0.0016,0.0033,0.0072,0.0078,0.0059,0.0028,0.0027,0.0024,0.0044,0.0071,0.0005,-0.0019,-0.0032,-0.0007
2002-10-16,32.8848,131.085,SO,0.3228,0.2877,0.1686,0.1638,0.0503,0.0251,-0.0023,-0.0344,-0.0255,-0.0057,0.0002,-1e-04,0.0002,0.0039,0.0053,0.0076,0.0122,0.0135,0.0156,0.0123,0.0106,0.0055,0.0076,-0.0007,-0.0033,-0.0078,-0.0048,-0.0054,-0.0101,-0.0099
2002-11-17,32.8848,131.085,E,0.5063,0.3891,0.37,0.2399,0.103,0.045,0.0153,0.0172,0.0092,-1e-04,0.001,-0.0006,-0.0038,-0.0041,-0.0039,-0.0071,-0.0054,-0.0027,-0.0073,-0.0067,-0.0034,-0.0024,-0.0012,0.0051,0.0055,0.005,0.0055,0.0,-0.0003,0.0029
2002-11-17,32.8848,131.085,N,0.4528,,,,,0.1622,-0.0198,-0.0266,-0.0209,-0.0141,-0.0167,-0.0109,-0.0083,-0.0067,-0.0067,-0.0058,0.0141,0.0053,-0.0035,-0.0003,-0.0092,-0.0091,-0.0116,-0.0131,-0.007,0.0008,0.0042,0.0027,0.0143,0.0176
2002-11-17,32.8848,131.085,NE,,,,0.3314,0.1934,0.1062,0.0204,0.0014,0.0031,-0.0077,-0.0092,-0.0146,-0.0182,-0.0222,-0.0182,-0.0124,-0.0083,-0.0106,-0.0085,-0.0186,-0.011,-0.002,-0.0031,0.0022,0.0058,0.0129,0.0151,0.0136,0.0133,0.0216
2002-11-17,32.8848,131.085,NO,,0.4567,,0.3101,0.3238,0.3333,0.1458,0.028,-0.0112,-0.0242,-0.0365,-0.0488,-0.0394,-0.0311,-0.0219,-0.0241,-0.0143,-0.002,0.0023,0.0064,0.007,0.0128,0.0152,0.0172,0.0148,0.0098,0.0081,0.0192,0.0139,0.0092
2002-11-17,32.8848,131.085,O,,0.4661,0.3485,0.2262,0.1132,0.0413,-0.0059,-0.0033,-0.0254,-0.0316,-0.034,-0.042,-0.0476,-0.0329,-0.0213,-0.0138,-0.0107,-0.0129,-0.0053,-0.0053,-0.006,-0.006,-0.0067,0.0007,0.0004,0.0177,0.0404,0.0424,0.0427,0.0372
2002-11-17,32.8848,131.085,S,,0.3701,0.3677,0.2327,0.0763,0.0115,0.0096,-0.0208,0.0008,-0.0086,-0.0157,-0.0088,-0.0054,-0.0065,-0.0019,0.0025,0.0034,0.0028,0.0052,-0.0008,-0.0014,0.0032,0.0042,0.0012,-0.0006,-0.0037,-0.0023,0.0005,-0.0022,-0.0022
2002-11-17,32.8848,131.085,SE,0.4607,0.3979,0.3327,0.2254,0.1128,0.0613,0.028,0.0033,0.0193,0.0067,0.0007,-0.0039,-0.0015,-0.0076,-0.0087,-0.002,-0.0043,0.006,0.0045,0.004,0.0013,0.0031,0.0002,0.0014,0.0008,0.0025,0.0026,0.0014,-0.0011,-0.0013
2002-11-17,32.8848,131.085,SO,0.4312,0.3984,0.3233,0.1963,0.078,0.0317,-0.0027,-0.0325,-0.024,-0.004,0.006,0.0031,0.0006,0.0068,0.0031,0.0058,0.0079,0.0134,0.0125,0.0167,0.009,0.0081,0.0083,0.0041,-0.0015,-0.0079,-0.0078,-0.0048,-0.0156,-0.0105
2003-04-10,32.8853,131.0853,E,0.315,0.1941,0.1107,0.0714,0.028,0.0148,0.0058,0.0066,0.0019,0.002,0.0069,0.0048,0.0022,-0.0042,-0.008,-0.006,-0.0039,-0.0036,-0.0051,-0.0025,-0.0051,-0.0022,0.0009,0.0006,0.0022,-1e-04,0.0041,0.0019,-0.001,-0.0058
2003-04-10,32.8853,131.0853,N,,0.306,0.2712,0.1646,0.0355,-0.0295,-0.0221,-0.0222,-0.0152,-0.0116,-0.0122,-0.0103,-0.0056,-0.0036,-0.004,0.0037,0.0055,0.0045,0.0138,0.0147,-0.0004,-0.0055,0.0009,-0.0036,0.0036,0.0035,-0.0062,-0.0051,0.0054,0.004
2003-04-10,32.8853,131.0853,NE,0.3154,0.2145,0.1369,0.063,0.0218,-0.0138,-0.0124,-0.0179,-0.0158,-0.0281,-0.0233,-0.0228,-0.0206,-0.0084,-0.0056,-0.0056,-0.0004,-0.0052,-0.0159,-0.0096,-0.0074,-0.0099,-0.0018,-0.0092,0.0028,0.0004,0.0246,0.0257,0.0219,0.0254
2003-04-10,32.8853,131.0853,NO,0.249,0.2512,0.2308,0.2328,0.2095,0.0817,0.0205,-0.0328,-0.0215,-0.0236,-0.036,-0.0416,-0.0396,-0.0271,-0.028,-0.0155,-0.0255,-0.0172,-0.0049,0.0065,0.0128,0.0193,0.0214,0.0197,0.0248,0.0199,-1e-04,0.0151,0.0182,0.0074
2003-04-10,32.8853,131.0853,O,,0.3462,0.3126,0.2858,0.2532,0.144,0.0908,-0.0016,-0.0048,-0.0342,-0.0398,-0.0365,-0.0405,-0.0411,-0.0247,-0.0153,-0.0112,-0.0173,-0.0098,-0.0096,-0.0096,-0.015,0.0061,0.0088,0.0073,0.0017,0.01,0.0396,0.051,0.0667
2003-04-10,32.8853,131.0853,S,,0.3718,0.2491,0.2813,0.1245,0.0134,0.0138,-0.0198,-0.0227,-0.0176,-0.027,-0.0261,-0.0087,-0.0052,-0.0013,0.005,0.0087,0.0114,0.0116,0.013,0.0095,0.0065,0.0073,0.0061,0.0026,0.0003,-0.0083,-0.0113,-0.0158,-0.0198
2003-04-10,32.8853,131.0853,SE,,0.2824,0.1773,0.092,0.0669,0.0461,0.0181,0.003,0.0041,0.0023,-0.0003,-0.0012,-0.0073,-0.0125,-0.0096,-0.0021,0.0024,0.0042,0.0065,0.0043,-1e-04,0.0007,-0.0034,0.0019,0.0048,0.0065,0.0033,-0.0012,-0.0042,-0.0045
2003-04-10,32.8853,131.0853,SO,,0.3804,0.2806,0.2121,0.1493,0.0826,0.0069,-0.0021,-0.0009,-0.0233,-0.0257,-0.0038,0.0073,0.0062,0.0049,0.0029,0.0037,0.0058,0.006,0.0131,0.0157,0.0153,0.0103,0.0065,0.0053,-0.001,-0.0066,-0.011,-0.0105,-0.0134
2003-10-03,32.8848,131.0846,E,0.3386,0.2498,0.136,0.0763,0.0197,0.0235,0.0163,0.0072,-0.0054,-1e-04,0.0033,-0.0026,-0.0035,-0.0037,0.0032,0.0098,0.0098,0.0127,0.0088,0.0218,0.0183,,,-0.0072,-0.0024,-0.0027,-0.0052,-0.0113,-0.0085,-0.0037
2003-10-03,32.8848,131.0846,N,,0.1937,0.0843,0.0421,0.0385,0.0181,-0.0086,-0.0388,-0.026,-0.0181,-0.008,-0.0036,-0.0064,-0.0035,-0.005,-0.0028,0.0027,0.0278,0.0234,0.0011,0.0058,-0.0006,-0.0109,-0.0151,-0.0187,-0.0096,0.0038,0.0066,0.0105,0.0119
2003-10-03,32.8848,131.0846,NE,,0.2445,0.0794,-0.0132,-0.0517,-0.0583,-0.0487,-0.017,0.0007,0.0076,0.0107,0.012,0.0147,0.0156,0.0165,0.0165,0.0028,-0.0077,-0.0099,-0.0119,-0.008,-0.0095,-0.0013,-0.0006,0.0113,0.0072,-0.017,-0.0177,-0.0137,-0.0149
2003-10-03,32.8848,131.0846,NO,,0.0929,0.0173,0.0068,0.048,0.1009,0.152,0.018,-0.0605,-0.0553,-0.057,-0.0754,-0.0649,-0.0625,-0.0406,-0.0137,-0.0273,-0.0059,0.0054,0.027,0.0275,0.0205,0.0298,0.0231,0.034,-0.0071,-0.0015,0.0146,0.019,0.019
2003-10-03,32.8848,131.0846,O,,0.2439,0.0724,0.0047,-0.0526,-0.0809,-0.0905,-0.0672,-0.0821,-0.0886,-0.092,,,,,-0.0833,-0.071,-0.0604,-0.0528,-0.0348,-0.0176,-0.0095,0.0054,0.0187,-0.0166,0.0175,0.035,0.0644,0.074,0.0575
2003-10-03,32.8848,131.0846,S,,0.251,0.1408,0.0195,-0.0006,0.003,-0.0424,-0.0096,-0.0209,-0.0201,-0.0074,-0.0019,-0.0008,0.0003,0.0072,0.0078,0.0068,0.0115,0.0072,0.004,0.0055,0.0113,0.0067,0.0081,0.0067,0.005,-0.0048,-0.0162,-0.0177,-0.0163
2003-10-03,32.8848,131.0846,SE,0.2507,0.2564,0.1377,0.0509,0.0013,-0.0211,-0.0496,-0.0118,0.0136,-0.0081,-0.0097,-0.0074,-0.0064,-0.006,-0.0075,-0.0115,-0.003,0.0052,0.0072,0.0026,0.0037,0.0093,0.0078,0.0076,0.0063,0.0039,-0.0012,0.0065,0.0016,0.0037
2003-10-03,32.8848,131.0846,SO,0.2068,0.148,0.0539,-0.0127,0.0008,0.0082,-0.0262,-0.0355,0.0011,0.0104,0.007,0.0098,-0.0004,-0.0072,,,0.0186,0.0299,0.0135,0.0179,0.0086,0.0103,0.0072,0.0047,-0.0007,-0.0041,-0.0043,-0.0046,-0.0103,-0.008
2003-11-04,32.8853,131.0844,E,,,,,,,,0.0052,0.005,0.0047,0.0,-0.0024,-0.0011,-0.0033,-0.0038,-0.0034,0.0074,0.0025,0.0017,-0.0002,0.0018,0.0007,0.0069,0.0068,0.0028,0.0023,0.0048,0.0023,-0.0023,-0.0034
2003-11-04,32.8853,131.0844,N,,,,,,,,,,,,,,,-0.0299,-0.0144,0.0012,0.0218,0.0283,0.0207,0.0202,0.0077,0.0146,0.0033,0.0098,-0.0122,-0.0196,-0.0072,-0.0016,-0.0045
2003-11-04,32.8853,131.0844,NE,,,,,,,,,,,,-0.0096,-0.0184,0.0012,0.0014,,-0.0216,-0.0203,-0.0134,0.0119,0.0038,0.0036,0.0006,-0.0081,-0.0043,0.0014,0.0083,0.0018,0.0116,0.0118
2003-11-04,32.8853,131.0844,NO,0.1057,,0.0485,-0.0075,-0.0526,-0.0488,-0.0307,0.042,0.0902,0.0368,-0.0101,-0.0374,-0.0315,-0.0254,-0.0219,-0.0154,-0.022,-0.0082,-0.0105,-0.002,0.0115,0.0179,0.0126,0.019,0.0125,0.0119,0.009,0.0045,0.0032,0.0074
2003-11-04,32.8853,131.0844,O,,0.1366,0.0728,0.0465,0.026,-0.0111,-0.0098,-0.0153,-0.0175,0.0027,-1e-04,-0.0023,-0.002,-0.0106,-0.0071,0.0011,0.0091,0.005,0.002,-0.0018,-0.0062,-0.003,0.0032,0.0011,0.0014,-0.005,-0.0012,0.0023,0.0446,0.0552
2003-11-04,32.8853,131.0844,S,,0.1061,0.0351,0.0306,0.0227,-0.0027,0.023,-0.0051,-0.0124,-0.004,-0.0077,-0.0058,-0.0032,0.001,0.0047,0.0006,-0.0,-0.0061,-0.0078,0.0004,0.0061,0.007,0.0113,-0.0005,-0.0105,-0.005,0.0025,0.0021,0.001,-0.0077
2003-11-04,32.8853,131.0844,SE,,,,,,,,,,0.0008,-0.0064,-0.0095,-0.0091,-0.0045,-0.0022,0.0027,-0.0004,0.0038,0.0051,0.0038,0.0026,0.0069,0.0043,0.0003,-0.0018,-0.0022,0.0003,0.0,-0.0019,0.0014
2003-11-04,32.8853,131.0844,SO,0.119,0.0696,0.0147,-0.013,-0.0179,-0.005,-0.0198,-0.0219,-0.0239,-0.0169,-0.0007,0.0012,0.0019,0.0045,0.0045,0.0082,0.0068,0.0106,0.0127,0.009,0.0096,0.0078,0.0008,0.0016,-0.0021,-0.0022,-0.0058,-0.0059,-0.0044,-0.0026
2004-09-03,32.8853,131.0853,E,0.1974,0.0833,0.0066,0.0036,-0.0047,-0.0142,-0.0179,-0.0094,-0.0137,,,,,,-0.0123,-0.0107,-0.0092,-0.0067,-0.0023,0.0002,0.005,0.0084,0.009,0.0103,0.0104,0.0095,0.0036,0.0008,0.0036,-0.0043
2004-09-03,32.8853,131.0853,N,,,0.1041,0.0379,-0.0023,-0.0339,-0.0373,-0.0329,-0.0276,-0.0163,-0.0144,-0.0084,-0.0024,-0.0017,0.0029,0.012,0.0198,0.0156,0.0235,0.0262,0.0221,0.0096,-1e-04,-0.008,0.0033,0.0024,-0.0057,-0.0117,-0.003,0.0015
2004-09-03,32.8853,131.0853,NE,0.1815,0.0868,0.022,-0.0258,-0.0429,-0.0489,-0.0347,-0.0352,-0.0313,-0.0275,-0.0273,-0.0416,-0.0405,,-0.0269,-0.0155,-0.0086,-0.0142,-0.0233,-0.0143,-0.0108,-0.0069,-0.0016,0.001,0.0043,0.0066,0.0105,0.0134,0.0105,0.0154
2004-09-03,32.8853,131.0853,NO,0.1534,0.1551,,-0.0556,-0.0179,0.0108,0.014,-0.005,-0.0182,-0.0085,-0.0241,-0.0326,-0.033,-0.0149,-0.0116,0.0011,-0.0004,-0.0091,0.0109,0.0118,0.0119,0.0166,0.0125,0.0099,0.0078,0.0097,0.0085,0.0046,0.0048,0.0015
2004-09-03,32.8853,131.0853,O,,0.2634,0.1667,0.0731,0.0063,0.0078,0.0512,0.0206,-0.0041,-0.0322,-0.0349,-0.0435,-0.042,-0.03,0.0025,0.0036,0.0013,0.0029,0.0025,-0.0038,0.0176,-1e-04,,,,-0.0042,0.0048,0.0165,0.0155,0.0193
2004-09-03,32.8853,131.0853,S,,0.1156,0.0597,0.0606,0.0309,-0.01,-0.0088,-0.0177,-0.026,-0.0189,-0.0302,-0.0253,-0.0097,-0.009,-0.0097,-0.0006,0.0086,0.0121,0.016,0.0167,0.0142,0.0111,0.0113,0.0113,0.0106,0.0095,0.0021,-0.0088,-0.0241,-0.0371
2004-09-03,32.8853,131.0853,SE,,0.1445,0.0701,0.0352,0.0234,0.0168,0.0077,0.006,0.009,0.0012,-0.0044,-0.0101,-0.0101,-0.0096,-0.0083,0.0018,0.0052,0.0082,0.0116,-0.0067,-0.0003,0.0015,-0.0016,-0.0004,-0.0027,-0.0004,0.0006,0.0059,0.005,0.0059
2004-09-03,32.8853,131.0853,SO,,0.199,0.0365,-0.0114,-0.0185,-0.0179,-0.0406,-0.0337,-0.0172,-0.0335,-0.0223,-0.0064,0.0046,0.0137,0.0137,0.0123,0.0091,0.0082,0.0093,0.0135,0.0132,0.0164,0.0193,0.0141,0.0128,0.0018,-0.0049,-0.0118,-0.0249,-0.0305
2004-10-21,32.8848,131.085,E,0.4001,0.3132,0.1744,0.0872,,,,,,,,,,,,-0.0046,-0.0032,-0.0065,-0.0051,-0.0004,-0.0038,-0.0011,-0.0002,0.0026,0.0037,0.0017,0.0027,0.0004,-0.0009,-0.0
2004-10-21,32.8848,131.085,N,0.3601,0.2688,0.1779,0.2194,0.119,0.0206,-0.0105,-0.0126,-0.0112,-0.0096,-0.0026,-0.0054,-0.0032,-0.0046,-0.0021,0.0017,0.0008,0.0028,0.011,0.0077,0.0099,-0.0027,-0.0006,-0.0002,-0.0023,0.0026,-0.0038,-0.005,0.0084,0.0109
2004-10-21,32.8848,131.085,NE,,0.2798,0.1354,0.0726,,,-0.0257,-0.023,-0.0234,-0.0306,-0.0297,-0.0388,,,-0.0132,-0.0063,-0.0049,-0.0139,-0.0188,-0.0216,-0.0143,-0.0053,-0.0047,-0.0032,0.0023,0.0075,0.0137,0.0068,0.018,0.0201
2004-10-21,32.8848,131.085,NO,,0.2911,0.2355,0.1474,0.0854,0.0949,0.0683,-0.0068,-0.01,-0.0105,-0.012,-0.0011,-0.006,0.0017,-0.001,-0.0016,-0.0035,0.0052,0.0084,0.009,0.0046,0.002,0.0013,0.0027,0.0006,-0.0099,-0.0023,0.0018,0.001,0.0004
2004-10-21,32.8848,131.085,O,,,0.1045,0.0455,0.0008,-0.0202,-0.0298,-0.0237,-0.0124,-0.0071,-0.0051,-0.0075,-0.0035,-0.001,0.0028,0.0095,0.0088,0.0078,0.0081,0.0042,-0.0055,-0.0032,,,,,0.0062,0.0044,-0.0006,-1e-04
2004-10-21,32.8848,131.085,S,,0.1538,0.1543,0.1015,0.0019,-0.0028,-0.0015,-0.027,-0.0038,-0.0058,-0.0094,-0.0072,-0.0048,-0.0061,-0.0035,-0.0014,0.0026,0.0054,0.0074,0.0033,0.0044,0.0088,0.0104,0.0059,0.0072,0.0038,-1e-04,-0.0085,-0.0135,-0.0132
2004-10-21,32.8848,131.085,SE,0.3461,0.2767,0.1826,0.1205,0.0641,0.0295,0.016,-0.001,0.0075,0.0074,-0.0016,-0.0077,-0.0115,-0.0125,-0.011,-0.0084,-0.0081,0.0012,0.0021,0.0034,0.0056,0.0023,0.0031,0.0032,0.0027,0.0044,0.0027,0.0027,1e-04,-0.0034
2004-10-21,32.8848,131.085,SO,,0.1486,0.0462,0.0278,0.0165,0.0175,0.0032,-0.038,-0.0276,-0.0087,-0.0026,0.0042,0.0019,0.0039,0.0052,0.0081,0.0107,0.0189,0.0145,0.0152,0.0138,0.0075,0.0061,-0.0004,0.002,-0.0017,-0.0089,-0.0152,-0.0236,-0.0306
2004-11-22,32.8848,131.085,E,0.3254,0.2538,0.1213,0.0285,0.0145,0.0131,-0.0031,-0.0092,-0.0003,0.0182,0.0027,-0.0026,-0.0045,-0.0084,-0.0034,-0.0088,-0.0066,-0.0041,,,,,,0.002,0.0082,0.0062,0.0046,0.0044,0.0016,-0.0004
2004-11-22,32.8848,131.085,N,0.3273,0.2783,0.2258,0.2371,0.1543,0.0426,-0.0027,-0.011,-0.0071,-0.0036,-0.0014,0.0032,0.0072,0.003,0.0054,-0.0002,0.0221,0.0113,0.0063,0.0028,0.0025,-0.0116,-0.0143,-0.0187,-0.01,-0.0025,-0.0031,0.0,0.0038,0.0095
2004-11-22,32.8848,131.085,NE,,0.2815,0.2013,0.1377,0.0304,0.0385,0.0322,0.0159,0.0108,0.0053,0.0066,-0.0011,-0.0033,-0.014,-0.0119,-0.0054,-0.0083,-0.0082,-0.0037,-0.0159,-0.002,0.0019,0.0051,0.0098,0.0109,0.017,-0.0063,0.0009,-0.002,0.0095
2004-11-22,32.8848,131.085,NO,,0.2664,0.2394,,0.0801,0.1638,0.0982,0.0303,-0.0028,-0.0114,-0.0212,-0.0291,-0.0196,-0.0062,0.0031,-0.0137,-0.0111,-0.0036,0.0022,0.0063,0.0018,0.0006,-0.0003,0.0125,0.0045,-0.0172,-0.006,0.0182,0.0169,0.0197
2004-11-22,32.8848,131.085,O,,0.3227,0.2247,0.1108,0.0958,0.0259,-0.0036,0.0014,-0.0195,-0.0303,,,,,,,-0.0445,-0.036,-0.0278,-0.0226,-0.0061,-0.0167,-0.0041,0.0093,-0.0005,0.0003,0.0323,0.0294,0.0371,0.0347
2004-11-22,32.8848,131.085,S,,0.1705,0.1689,0.1236,0.0264,0.015,0.0088,-0.0154,-0.0035,-0.006,-0.014,-0.0075,-0.0047,-0.0051,0.0,0.0013,0.0011,0.0006,0.0013,0.002,-0.0018,-0.0004,0.0065,0.0052,0.0068,0.003,0.0018,-0.0003,-0.007,-0.0081
2004-11-22,32.8848,131.085,SE,0.247,0.1892,0.1473,0.0581,0.0365,0.0373,-0.003,-0.0117,0.0301,0.0124,0.0008,-0.0082,-0.0065,-0.0142,-0.0171,-0.0117,-0.0065,-0.0003,0.0006,0.0087,0.0066,0.0082,0.0043,0.005,0.0054,0.0061,0.0009,0.0023,-0.0015,0.0011
2004-11-22,32.8848,131.085,SO,0.2278,0.1697,0.0759,0.0252,0.0178,0.0131,-0.0085,-0.026,-0.0164,0.0079,0.0051,0.0103,0.0047,0.0122,0.0096,,0.0125,0.0217,0.0152,0.0109,0.0117,0.0099,0.0115,0.0078,1e-04,-0.0037,-0.0066,-0.0074,-0.0128,-0.0113
2004-12-08,32.8848,131.085,E,0.3956,0.3482,0.2179,0.2024,0.0921,0.042,0.0207,0.0092,-0.0013,-0.002,-0.0055,0.016,,0.0019,-0.0118,,,,,-0.0133,-0.0062,-0.0055,-0.0053,0.0005,0.0018,0.0014,0.0034,0.0007,0.0015,0.0035
2004-12-08,32.8848,131.085,N,0.3156,0.2886,0.2543,0.2626,0.1719,0.0723,-0.0113,-0.0075,-0.0031,0.0081,0.009,0.0072,0.0072,-0.0029,-0.003,-0.0074,0.0232,0.0211,0.0114,0.006,0.0034,-0.0133,-0.019,-0.022,-0.0092,0.0006,0.0057,-0.0009,0.0088,0.0147
2004-12-08,32.8848,131.085,NE,,0.313,0.2339,0.1645,0.0784,0.0402,-0.0054,-0.0367,0.0072,-0.0054,0.0173,0.0118,0.0096,0.0,-0.0113,-0.0133,-0.0094,-0.01,0.0103,-0.0041,-0.0117,-0.0059,-0.0092,-0.0079,-0.0051,-0.0038,0.0067,0.0066,0.0109,0.0073
2004-12-08,32.8848,131.085,NO,,0.2963,0.2666,0.1808,0.1611,0.1562,0.0773,0.0204,0.0052,-0.0033,-0.0227,-0.0369,-0.0177,-0.0191,-0.0188,-0.0176,-0.0068,0.0029,0.0123,0.016,0.0183,0.0132,0.0166,0.0176,0.0188,0.0187,0.011,0.0067,-0.0039,-0.0241
2004-12-08,32.8848,131.085,O,,0.3251,0.2389,0.1363,0.0893,0.0291,0.0127,0.0157,-0.0081,-0.0244,-0.0321,-0.0411,-0.0461,-0.04,-0.0337,-0.0233,0.0322,,,,,-0.0077,-0.0085,-0.0092,-0.0027,0.0197,0.0237,0.0284,0.0434,0.0366
2004-12-08,32.8848,131.085,S,,0.2451,0.2402,0.1438,0.0435,0.0238,0.0214,-0.0165,0.0105,-0.0059,-0.0164,-0.009,-0.0047,-0.0109,-0.0064,-0.0064,-0.0012,0.0004,0.0017,0.0007,-0.0009,0.0032,0.006,0.0014,0.0037,0.0013,0.0018,-0.001,-0.0066,-0.0092
2004-12-08,32.8848,131.085,SE,0.3765,,0.3134,0.1984,0.094,0.0595,0.0276,-0.0068,0.0248,0.0048,-0.0052,-0.0084,0.0005,-0.0061,-0.011,-0.0107,-0.0028,0.0052,0.011,0.0102,0.004,0.0024,0.0027,0.0029,0.0009,-0.0018,-0.0011,-0.0026,-0.0018,0.0002
2004-12-08,32.8848,131.085,SO,0.2768,0.164,0.1263,0.0474,0.0407,0.0269,-0.0032,-0.0201,-0.0104,0.0017,0.009,0.0013,0.0002,-0.0018,0.0063,0.005,0.0089,0.0123,0.0094,0.0104,0.0143,0.0131,0.0087,0.0013,-0.0033,0.0005,0.0014,-0.0028,-0.0028,-0.0062
2005-04-15,32.8848,131.085,E,0.1478,0.1295,0.0692,0.0138,,,,,,,,-0.0046,-0.0005,0.0004,-0.0035,-0.0066,-0.0102,-0.0077,-0.0005,-0.0011,-0.0037,-1e-04,0.0024,0.0057,0.0029,0.0038,0.004,0.0003,0.0,-0.0021
2005-04-15,32.8848,131.085,N,0.1109,0.096,0.0329,0.0614,0.0252,0.019,-0.0276,-0.0516,-0.0475,-0.0275,-0.01,-0.0093,-0.0004,0.0004,0.0167,0.0185,0.0228,0.0204,0.02,0.0143,0.0086,-0.0085,-0.0009,-0.0124,-0.0117,0.0038,-0.0083,-0.0035,0.005,0.0023
2005-04-15,32.8848,131.085,NE,,0.1726,0.1476,0.1255,0.0442,0.0244,-0.0301,,,,,,-0.0433,-0.0209,-0.0103,-0.001,-0.0025,-0.0085,-0.0052,-0.0036,-0.0031,-1e-04,0.0015,0.0016,0.0012,-0.0043,0.0018,0.0008,0.0127,0.0174
2005-04-15,32.8848,131.085,NO,,0.03,-0.0045,-0.0314,-0.0094,0.0206,-0.0241,-0.0533,-0.0313,-0.0415,-0.0668,-0.0756,-0.0578,-0.0577,-0.0433,-0.044,-0.0264,-0.0143,0.0037,0.0184,0.0242,0.0352,0.0402,0.0466,0.0428,0.0121,0.0235,0.023,0.0093,0.001
2005-04-15,32.8848,131.085,O,,-0.0054,-0.0562,-0.0492,-0.0436,-0.0486,-0.0629,-0.0494,-0.0355,-0.0322,-0.0124,-0.0089,-0.0096,0.0035,0.0039,-0.002,-0.0064,-0.0009,-0.0055,-0.0084,0.024,0.0424,0.0415,0.117,,,,,-0.0388,0.015
2005-04-15,32.8848,131.085,S,,0.0678,0.0661,0.037,-0.021,-0.0172,-0.0199,-0.0412,-0.0106,-0.0183,-0.0206,-0.0139,-0.0085,-0.0077,0.0024,0.0084,0.0114,0.0129,0.013,0.0033,0.0008,0.0073,0.0054,-0.0004,-0.004,-0.0088,-0.0104,-0.0067,-0.0179,-0.0116
2005-04-15,32.8848,131.085,SE,0.0874,0.009,-0.0125,-0.041,-0.0267,-0.0233,-0.0262,-0.0067,0.0104,0.0069,-0.0024,-0.0086,-0.0133,-0.011,-0.0069,-0.0049,-0.0118,1e-04,0.0003,0.0037,0.0085,0.0064,0.0043,0.0037,0.0062,0.0101,0.0021,-0.0014,-0.0075,-0.0088
2005-04-15,32.8848,131.085,SO,0.0961,0.0552,0.0151,-0.0076,-0.0326,-0.0294,-0.0346,-0.0327,-0.0135,-0.0017,0.0159,0.0143,0.0086,0.0042,-1e-04,0.0002,-0.0004,0.0008,0.0076,0.0055,0.0039,-0.0017,0.0124,0.004,0.0085,-0.0005,0.002,-0.0097,-0.0164,-0.0156
2005-05-17,32.8848,131.085,E,0.139,0.07,-0.013,-0.0407,-0.0278,-0.0131,-0.0207,-0.0214,-0.0123,-0.0166,-0.0141,-0.0096,-0.0069,0.0043,0.0013,-0.0033,-0.0018,0.001,0.0042,0.0142,0.017,0.0235,0.0238,0.0207,0.0106,0.0192,,,-0.0432,-0.0302
2005-05-17,32.8848,131.085,N,0.1433,0.1182,0.0536,0.0945,0.0528,0.0534,-0.0169,-0.0541,-0.0521,-0.048,-0.0281,-0.0224,-0.0094,0.0024,0.004,0.0105,0.0284,0.0315,0.0288,0.0266,0.0224,0.0188,0.0049,-0.0124,-0.0037,0.001,-0.0051,-0.0121,-0.0149,-0.0189
2005-05-17,32.8848,131.085,NE,,0.0547,0.0362,-0.0309,,-0.048,-0.0532,-0.0679,-0.0491,-0.0393,-0.0265,-0.0283,-0.0007,-0.0063,0.0322,0.0019,-0.0092,-0.0181,-0.0028,0.0149,0.0091,0.0141,0.0169,0.0028,-0.0013,-0.0007,0.0032,0.0123,0.0184,0.0137
2005-05-17,32.8848,131.085,NO,,0.0164,-0.0128,-0.0351,0.0205,0.0148,-0.0422,-0.0723,-0.0469,-0.0483,-0.0836,-0.1067,-0.1171,-0.083,-0.074,-0.074,-0.0461,-0.0206,-0.0008,-0.0143,-0.0251,0.0058,0.0257,0.0466,0.023,-0.0164,-0.0092,0.0215,0.0116,0.0105
2005-05-17,32.8848,131.085,O,,0.1603,0.0838,0.0346,0.0061,,,,,,,,-0.0443,-0.0531,-0.0549,-0.0544,-0.0419,-0.038,-0.0343,-0.0309,-0.0059,0.0128,0.0288,0.0283,0.0462,0.0382,0.0633,0.1038,0.072,0.055
2005-05-17,32.8848,131.085,S,,0.1521,0.1517,0.1056,0.0199,0.0004,-0.0016,-0.0256,-0.0222,-0.024,-0.0239,-0.0061,0.011,0.016,0.0266,0.022,0.0291,0.0383,0.0336,0.0187,0.0105,0.0116,0.0105,0.0078,0.0011,-0.0096,-0.0151,-0.0173,-0.0168,-0.0163
2005-05-17,32.8848,131.085,SE,0.1347,0.0649,0.0389,0.0194,0.0096,-0.0342,-0.042,-0.0518,-0.0063,0.0016,-0.0029,-0.0143,-0.0064,-0.0165,-0.0063,-0.0059,-0.0071,-0.0097,0.0092,0.0093,0.0027,0.014,0.0094,0.0096,0.0015,0.0163,-0.0081,0.0031,-0.0031,-0.0176
2005-05-17,32.8848,131.085,SO,0.1998,0.1603,0.1119,0.0706,0.022,0.0084,-0.0064,-0.0167,-0.0151,,,,0.0461,0.0216,-0.0034,-0.0154,-0.0127,-0.006,-0.0019,1e-04,0.0052,0.0064,0.012,0.008,0.002,-0.0017,-0.0037,-0.0043,-0.0057,-0.0048
2005-11-25,32.8845,131.0856,E,0.3037,0.2354,0.1375,0.1066,,,,,,,0.002,0.0035,0.0035,0.0091,-0.0009,-0.0054,-0.0056,1e-04,-0.0006,-0.004,-0.0012,1e-04,-0.0006,1e-04,0.0029,-0.0002,0.0043,0.009,,
2005-11-25,32.8845,131.0856,N,,0.2864,0.2447,0.1449,0.0394,0.0022,0.009,0.0097,0.0172,0.0065,0.0068,0.006,0.0004,0.0008,0.014,0.0163,0.0033,0.0033,-0.0086,-0.0148,-0.0097,-0.0152,-0.0095,-0.005,-0.0031,-0.0039,0.0061,0.0087,0.0003,0.0072
2005-11-25,32.8845,131.0856,NE,0.317,0.3308,0.2613,0.192,0.0972,0.043,0.0144,0.0189,0.0194,0.0171,0.0127,-0.0016,0.001,-0.0007,-0.0079,-0.0049,-0.0059,-0.0008,-0.0053,-0.0129,-0.0055,-0.0033,-0.0054,-0.0076,-0.0047,-0.0019,0.0064,0.0092,0.0111,0.011
2005-11-25,32.8845,131.0856,NO,0.2565,0.1889,0.1258,0.0027,-0.0604,,,,,,,-0.0312,-0.0302,-0.0263,-0.0205,-0.0123,-0.0072,-0.0138,0.0047,-0.0121,-0.0042,0.0144,0.0118,0.0069,-0.0008,0.0074,0.0103,0.0071,0.0102,0.0096
2005-11-25,32.8845,131.0856,O,,0.2917,,,,,,,,-0.0227,-0.0303,-0.044,-0.0388,-0.0183,-0.0046,-0.0011,-0.0094,0.003,0.0023,-0.0035,-0.0246,-0.0094,0.0005,0.0026,0.0179,0.0202,0.0254,0.028,0.0223,0.0198
2005-11-25,32.8845,131.0856,S,,0.2631,0.201,0.0924,0.0903,0.0248,,,,-0.0491,-0.0132,0.0063,-0.0132,-0.007,-0.0015,-0.0057,0.0034,-0.0018,0.0023,0.0016,0.0003,0.0037,0.0019,-0.0021,0.0009,0.001,-0.0009,0.0024,-0.0021,-0.0045
2005-11-25,32.8845,131.0856,SE,,0.263,0.2233,0.0887,0.0232,,,,,-0.0168,-0.0028,0.006,0.0022,0.0037,-0.002,-0.0054,-0.0061,-0.0055,-0.0031,0.0007,0.0036,0.0059,0.0049,0.0012,1e-04,0.0025,0.0028,-0.0008,-0.0017,-0.0015
2005-11-25,32.8845,131.0856,SO,,0.2731,0.2062,0.1449,,,,,,-0.0137,-0.0017,0.0047,-0.0071,-0.0054,-0.0021,0.0009,0.0042,0.0052,0.0064,0.0074,0.0082,0.0084,0.0057,0.0083,-0.004,-0.0034,-0.0052,-0.0097,-0.005,-0.0068
2006-04-18,32.8848,131.0856,E,0.3354,0.2611,0.1969,0.0906,0.0355,0.035,0.0188,0.0041,-0.0056,-0.0075,-0.0081,-0.0122,-0.0047,0.0012,0.0004,-0.0008,0.001,0.0013,0.0003,-0.0016,,,,,-0.0007,-0.0026,-0.0018,-0.0014,-0.0043,-0.0023
2006-04-18,32.8848,131.0856,N,,0.3582,0.2291,0.1017,0.0016,-0.0364,-0.041,-0.0404,-0.0325,-0.0286,-0.0153,-0.0093,-0.0093,-0.0046,0.0058,0.0083,0.0157,0.0176,0.0117,0.0109,0.0061,-0.0059,-0.0017,0.0059,-0.0016,-0.0065,0.0048,0.0076,0.0005,0.0006
2006-04-18,32.8848,131.0856,NE,0.331,0.349,0.2384,0.0969,0.0176,-0.0103,-0.0341,-0.033,-0.0299,-0.0265,-0.0208,-0.0231,-0.0181,-0.0112,-0.004,-0.0022,-0.0027,0.002,-0.0044,-0.0059,0.0042,0.022,0.0191,0.0318,0.0307,0.0271,0.017,-0.0028,0.0014,0.004
2006-04-18,32.8848,131.0856,NO,0.2577,0.2198,0.1382,0.0339,-0.0038,-0.034,-0.0324,-0.0279,-0.0416,-0.0471,-0.0506,-0.0473,-0.0402,-0.0368,-0.0358,-0.0243,-0.0162,-0.0074,0.0015,0.009,0.0133,0.017,0.0357,0.0108,0.0012,0.0095,0.0148,0.0141,0.0193,0.0235
2006-04-18,32.8848,131.0856,O,,0.331,0.2073,0.1054,0.0552,0.0009,-0.0345,-0.0442,-0.0488,-0.0586,,,,,,,-0.0643,-0.055,-0.0477,-0.0271,-0.0064,0.0078,0.0102,0.0116,0.0121,0.0136,0.0204,0.0522,0.0628,0.062
2006-04-18,32.8848,131.0856,S,,0.3138,0.2737,0.1518,0.1621,0.0907,0.0156,0.0037,-0.0056,-0.0172,-0.0058,-0.0077,-0.0163,-0.011,-0.008,-0.0034,0.0011,0.0101,0.0171,0.0168,0.0154,0.0084,0.0025,0.0019,-0.0016,-0.0029,-0.0036,-0.0069,-0.0075,-0.0065
2006-04-18,32.8848,131.0856,SE,,0.3289,0.3172,0.2226,0.1317,0.0612,0.0255,0.0108,-0.0048,-0.0,0.0081,0.002,-0.0009,-0.0016,-0.0063,-0.0081,-0.005,-0.0046,-0.0043,-0.0033,-0.0034,0.0035,0.0024,0.0015,-0.0014,0.0024,0.0022,0.0015,0.002,0.002
2006-04-18,32.8848,131.0856,SO,,0.2313,0.1499,0.0648,0.0068,-0.0055,-0.0113,-0.007,-0.0078,0.0067,-0.008,0.0064,0.0137,0.0005,,,-0.0014,-0.0036,-0.0017,0.007,0.0064,0.0062,0.0049,0.0056,-0.0,0.0015,-0.0004,-0.0047,-0.0066,-0.0092
2006-05-04,32.8848,131.0856,E,0.357,0.2261,0.1383,0.0487,0.0109,0.0239,0.0087,0.0303,0.0299,0.0116,-0.0039,-0.0139,-0.0151,,,,,-0.0043,0.0017,0.0112,0.0142,0.0075,-0.0033,-0.0028,-0.0066,-0.0118,-0.0136,-0.0102,-0.0018,0.0016
2006-05-04,32.8848,131.0856,N,,0.3494,0.226,0.0825,-0.0039,-0.0639,-0.0596,-0.0403,-0.0203,-0.0201,-0.0134,0.0029,-0.0011,0.0152,0.0329,0.0359,0.0378,0.0355,0.0299,0.0237,-0.0014,-0.0215,-0.011,-0.0007,-0.0028,-0.0191,-0.006,-0.012,-0.0174,-0.0113
2006-05-04,32.8848,131.0856,NE,0.2876,0.3304,0.2049,0.0438,-0.0123,-0.0285,-0.0281,-0.017,-0.0081,-0.0018,1e-04,-0.0098,-0.0229,-0.0222,-0.0093,0.0013,0.0166,0.0132,0.0125,0.0287,0.0329,0.0288,0.0107,-0.0,-0.0087,-0.0111,-0.0079,0.0045,0.0028,0.0108
2006-05-04,32.8848,131.0856,NO,0.1937,0.128,0.0809,0.0313,0.0097,-0.0502,-0.0337,-0.0153,-0.072,-0.081,-0.0921,-0.0782,-0.0519,-0.0375,-0.0494,-0.0259,-0.016,0.0103,0.0257,0.0433,0.031,0.0396,0.0489,0.0498,0.0122,0.0312,0.0196,-0.0153,-0.0366,0.0528
2006-05-04,32.8848,131.0856,O,,,0.1504,0.0821,0.0681,0.009,-0.0372,-0.0383,-0.0441,-0.0555,-0.0661,-0.0897,-0.1086,-0.0949,-0.0711,-0.035,0.053,0.0574,,,,,0.0133,0.0413,0.0452,0.0375,0.0443,0.0777,0.1048,0.111
2006-05-04,32.8848,131.0856,S,,0.3229,0.2559,0.1293,0.129,0.0945,0.0202,0.0197,-0.0048,-0.0248,-0.0042,-0.0114,-0.0211,-0.009,-0.0016,-0.0009,0.002,0.0027,0.0055,0.0087,0.012,0.0059,0.0058,0.0039,0.0047,0.0004,-0.0041,-0.0114,-0.0105,-0.0099
2006-05-04,32.8848,131.0856,SE,,0.2689,0.2197,0.1287,0.0896,0.0688,0.0357,0.0106,-0.0081,-0.0071,0.0051,-0.0037,-0.0107,-0.0074,-0.0029,0.0004,-0.001,0.0024,-0.0055,-0.0026,-1e-04,-0.0005,-0.0078,-0.0036,-0.0121,0.0013,0.0166,0.0199,0.017,0.0099
2006-05-04,32.8848,131.0856,SO,,0.2055,0.1375,0.0941,0.0744,0.0403,0.0183,0.0081,-0.0118,0.0165,-0.0059,0.0025,0.0016,-0.0021,0.0008,-0.0028,-0.0072,-0.0111,0.0005,0.0081,0.0272,0.0238,0.0321,0.0249,-1e-04,0.0046,0.0005,-0.0069,-0.0126,-0.0184
2007-03-20,32.8845,131.085,E,,,0.3129,0.2166,0.1359,0.0562,0.0316,0.0218,0.0193,0.0032,-0.0188,-0.0163,0.0008,0.0066,0.003,0.0005,-0.0024,-0.0031,-0.0066,-0.0089,-0.0062,-0.0056,-0.0016,0.0013,0.0007,-0.0036,-0.0005,0.0007,0.0097,0.0193
2007-03-20,32.8845,131.085,N,,0.3175,0.2915,0.3042,0.2416,0.1249,-0.0192,-0.0111,-0.0098,-0.0057,-0.0032,-0.0046,0.0089,-0.0065,-0.0053,-0.002,0.0096,-0.0102,-0.0215,-0.0287,0.0048,0.0005,-0.0055,-0.0088,-0.001,0.0036,0.0038,0.0081,0.0136,0.0253
2007-03-20,32.8845,131.085,NE,,,0.3706,0.3348,0.2355,0.1651,0.0824,0.0447,0.0203,0.0093,0.0087,0.005,0.0029,0.0003,-0.0043,-0.0041,-0.0012,-0.003,-0.0046,-0.001,-0.0134,-0.013,,-0.0079,-0.0194,-0.0097,-0.0086,-0.0069,-0.0013,0.0002
2007-03-20,32.8845,131.085,NO,,,,,,,,,,-0.0425,-0.065,-0.0651,-0.0574,-0.0502,-0.0331,-0.0356,-0.0236,-0.0214,-0.0082,-0.0045,0.0053,0.0055,0.0157,0.0132,0.0191,-0.0032,0.0152,0.0062,0.0005,-0.0048
2007-03-20,32.8845,131.085,O,,,,,,,,-0.0317,-0.0498,-0.0535,-0.059,-0.0636,-0.054,-0.0471,-0.0446,-0.0447,-0.045,-0.037,-0.0263,0.0011,-0.0065,-0.0063,0.0091,0.001,0.0578,0.0604,0.0693,0.0931,0.0562,0.0502
2007-03-20,32.8845,131.085,S,,0.2527,0.2408,0.1668,0.0393,-0.0028,-0.0286,-0.058,0.0041,0.003,-0.0172,-0.0108,-0.0095,-0.0118,-0.0108,-0.0161,-0.0106,-0.0033,-0.003,0.0128,-0.005,0.0069,0.0146,0.0081,-0.0003,0.0061,-0.0011,-0.0028,-0.0068,-0.0067
2007-03-20,32.8845,131.085,SE,0.3357,0.3353,0.2731,0.2073,0.1182,0.0633,0.041,0.0127,0.0056,0.0275,0.0068,-0.0022,-0.0028,-0.009,-0.0056,-0.0094,-0.0074,-0.008,-0.0025,0.0019,0.0014,-0.0012,-0.0019,-0.0014,0.0029,0.0017,0.0058,0.004,0.0045,0.0047
2007-03-20,32.8845,131.085,SO,,,,,,,,,0.0051,-0.0018,0.0004,-0.0066,-0.002,-0.0087,-0.0099,-0.0081,-0.0049,0.0074,0.0083,0.0081,0.0072,0.0108,0.0086,0.0005,0.0005,-0.0012,-0.0029,-0.0052,-0.0071,-0.0069
2008-11-01,32.885,131.0856,E,0.3531,0.2291,0.1763,0.0645,0.0168,,,,,,,-0.0032,0.0014,-0.0012,-0.0053,-0.0017,-0.0024,-0.0052,-0.0027,-0.0004,0.0003,0.0011,0.0047,0.0086,0.003,0.0027,-0.0002,-0.0032,-0.001,-0.0019
2008-11-01,32.885,131.0856,N,,0.3729,0.228,0.0755,-0.0181,-0.0286,-0.0229,-0.0098,-0.0103,-0.0119,-0.0141,-0.0031,-0.0035,0.007,0.0188,0.0194,0.0175,0.0115,0.005,-0.014,-0.0015,-0.0107,-0.0103,-0.0015,-0.0028,-0.0049,0.0059,0.0066,0.0064,0.0056
2008-11-01,32.885,131.0856,NE,0.2864,0.3053,0.1508,0.0707,-0.0063,-0.0217,-0.0115,-0.0149,-0.0455,,,,-0.0169,-0.0048,-0.0093,-0.0183,-0.0203,-0.0204,-0.0143,-0.0047,-0.0085,-0.0079,-0.0068,0.0034,-0.002,-0.0028,-0.0013,0.0102,0.0099,0.0103
2008-11-01,32.885,131.0856,NO,0.2916,0.35,0.2751,0.1815,0.1272,0.0215,-0.0479,-0.0334,-0.031,-0.0343,-0.0416,-0.0292,-0.0068,0.0008,0.0026,0.0016,0.0096,0.0133,0.0126,0.0129,0.0148,0.0147,0.0123,0.0199,0.0135,0.0148,0.0145,-0.0017,-0.0087,0.0035
2008-11-01,32.885,131.0856,O,,0.3646,0.3342,0.2888,0.2127,0.1657,0.1203,0.0163,-0.0251,-0.0228,-0.0157,-0.0103,-0.0083,-0.0182,-0.0029,0.0033,0.0065,0.0048,0.0047,0.0149,0.0017,-0.0111,-0.02,0.0247,0.0232,,,-0.0295,0.0044,0.0285
2008-11-01,32.885,131.0856,S,,0.3881,0.3455,0.2839,0.2626,0.1673,0.0452,0.0026,0.0031,-0.0099,0.0136,-0.0081,-0.0146,-0.0047,-0.0077,-0.0087,-0.0044,-0.0,0.0025,-0.0004,0.0032,0.0013,0.0028,0.0035,0.0047,0.0017,0.0022,-0.0012,-0.0069,-0.0116
2008-11-01,32.885,131.0856,SE,,0.3249,0.2453,0.1453,0.0395,0.025,0.0128,0.005,0.004,0.0204,0.0084,-0.003,-0.0101,-0.012,-0.0125,-0.0074,-0.0105,-0.0084,-0.0079,-0.0057,0.0008,0.0056,0.0039,0.0029,0.0015,0.0077,0.0043,0.0005,-0.0025,-0.0024
2008-11-01,32.885,131.0856,SO,,0.3227,0.2941,0.2499,0.1676,0.1172,0.0059,0.0033,-0.0015,-0.0193,-0.013,0.0012,0.0078,0.0028,0.0028,-0.0014,-0.0011,0.0021,0.0024,0.0044,0.0023,0.0046,0.003,0.0058,0.0025,0.0042,-0.002,-0.0059,-0.0088,-0.0142
2008-12-19,32.8853,131.0847,E,0.1751,0.0936,,,,,,,,,,-0.0115,,,,,0.0231,0.0071,0.0072,0.0073,,,,,,-0.0038,-0.0033,-0.0095,0.0006,0.0032
2008-12-19,32.8853,131.0847,N,,0.1451,0.123,0.1528,0.1316,0.1063,0.0648,0.0076,0.0116,0.0088,0.0058,0.0058,0.0036,-0.0165,-0.0022,-0.0062,0.0057,0.0149,0.0153,0.0103,0.0131,0.0038,-0.0072,-0.013,-0.0132,-0.0088,0.0004,0.0029,-0.0047,-0.0029
2008-12-19,32.8853,131.0847,NE,,0.0848,0.0447,0.0473,,,0.0258,-0.0003,-0.0012,0.0044,0.0043,-0.0013,0.005,-0.0061,-0.0016,-0.0056,-0.0084,-0.0107,-0.0132,-0.007,-0.0027,-1e-04,-0.0005,-0.0015,0.0073,0.0112,0.0152,0.0142,0.0156,0.0133
2008-12-19,32.8853,131.0847,NO,,0.0726,0.0453,0.0381,0.0159,0.0062,0.0022,0.0839,0.0067,-0.0077,-0.0024,0.0047,0.002,-0.0082,0.0024,0.0021,0.003,0.0012,-0.0093,0.0029,0.0079,-0.0038,-0.0039,-0.0084,-0.0209,-0.0012,0.0027,-0.0011,0.0074,0.005
2008-12-19,32.8853,131.0847,O,,0.2028,0.1651,0.1807,0.1681,0.0558,0.0356,,,,,,,-0.0174,-0.0257,-0.0167,-0.0087,-0.0022,-0.0086,-0.0105,-0.0132,-0.0018,0.0016,-0.0104,-0.0032,-0.0059,-0.0051,-0.0045,0.0245,0.0212
2008-12-19,32.8853,131.0847,S,,0.1348,0.0975,0.0472,0.0323,0.0144,0.0064,0.0105,-0.0079,-0.0065,-0.0009,-0.001,-0.0054,-0.0022,-0.001,-0.0004,0.0015,0.0041,0.0013,0.0016,0.002,0.0017,0.0023,0.003,0.0017,0.0006,-0.0038,-0.0059,-0.0062,-0.0054
2008-12-19,32.8853,131.0847,SE,0.1279,,,0.0226,-0.016,-0.0396,-0.0038,0.0015,-0.0002,-0.0038,0.0008,-0.0026,-0.0059,-0.0047,0.0056,0.0031,0.003,0.0111,0.005,0.0015,-0.001,0.0027,1e-04,0.0028,-0.0026,-0.0019,0.0005,-0.0039,-0.002,-0.0022
2008-12-19,32.8853,131.0847,SO,0.1348,0.1483,0.1218,0.073,0.0401,0.0153,0.0083,-0.0135,-0.0114,-0.0143,,,,,0.0019,0.0021,-0.001,0.0026,0.0002,0.0008,0.0048,0.0057,0.0045,0.0055,0.0004,0.0024,-0.0044,-0.0027,-0.0046,-0.0067
2009-01-20,32.8848,131.0856,E,0.4158,0.3671,0.2753,0.1522,0.0826,0.0447,0.016,0.0216,,,,,,,,-0.0004,0.0062,0.006,0.0026,-0.0071,-0.0064,-0.0052,-0.003,-0.0023,-0.001,-0.0018,0.002,0.0024,1e-04,0.0057
2009-01-20,32.8848,131.0856,N,,0.398,,0.1505,0.0119,-0.0153,-0.0172,-0.0161,-0.0139,-0.0125,-0.0067,0.0009,-0.0085,0.0006,0.0061,0.0014,-0.0019,-0.0013,-0.0079,-0.0062,-0.0043,-0.0055,-0.0029,0.0024,0.0033,-0.0029,0.0065,0.0106,0.0051,0.0033
2009-01-20,32.8848,131.0856,NE,0.3772,0.3903,0.2946,0.1742,0.0689,0.0176,-0.0032,-0.0065,-0.0153,-0.0206,-0.0151,-0.0012,,,,-0.0026,-0.0003,-0.009,-0.008,-0.0029,0.0017,-0.0057,-0.0031,-0.0033,0.0021,0.005,0.0057,0.0039,0.005,0.0047
2009-01-20,32.8848,131.0856,NO,0.3965,0.3814,0.3394,0.1574,0.1386,0.0584,0.0313,-0.0014,-0.0097,-0.0089,-0.0102,-0.0056,0.0042,0.0043,-0.002,0.0059,0.0078,0.0096,0.0082,0.0053,0.0103,0.001,0.0104,0.0074,-0.008,0.0003,-0.004,-0.009,-0.0094,-0.0054
2009-01-20,32.8848,131.0856,O,,0.3601,0.3205,0.2611,0.2374,0.1589,0.0593,0.0141,-0.0022,-0.0103,-0.0104,-0.0248,-0.0243,-0.0245,-0.013,-0.0023,0.014,0.0113,-0.004,-0.0235,-0.0351,,,,,,1e-04,0.0214,0.026,0.0324
2009-01-20,32.8848,131.0856,S,,0.3627,0.2997,0.2054,0.1985,0.0966,0.0248,0.0059,0.0029,-0.0085,0.0074,-0.0033,-0.0062,-0.0063,-0.0049,-0.0029,-1e-04,-0.0045,-0.0009,0.0026,0.0027,-0.0016,0.0029,0.0015,0.0027,0.0016,0.0008,-0.0016,-0.0025,-0.001
2009-01-20,32.8848,131.0856,SE,,0.3548,0.323,0.2228,0.1363,0.0738,0.0349,0.0094,-0.0091,0.0012,0.0108,0.0055,-0.001,-0.004,-0.0052,,,,-0.0114,-0.0039,-0.0096,-0.0071,-0.0034,-0.0037,-0.0065,-0.0043,0.0019,0.0073,0.0049,0.0065
2009-01-20,32.8848,131.0856,SO,,0.3125,0.2835,0.2372,0.0915,0.041,0.0251,0.0134,-0.0002,0.0094,0.0018,-0.0018,-1e-04,-0.0025,-0.0066,0.0021,0.0051,-0.0008,-0.0056,,,,,-0.0144,,,,,,
2009-10-03,32.8848,131.085,E,0.4596,0.407,0.2754,0.1558,0.0447,-0.0044,-0.0114,0.0009,0.0007,0.002,0.0009,0.0019,0.0043,0.0034,0.0027,0.0113,0.0166,,,,-0.0055,-0.0029,-0.0027,0.0013,-0.0022,-0.0002,-0.0003,0.0103,0.0049,-0.0092
2009-10-03,32.8848,131.085,N,0.4246,0.3885,0.3107,0.3303,0.1814,0.0716,0.0241,1e-04,-0.0053,-0.0035,-0.0026,0.0016,0.0018,0.0011,0.0,0.0011,-0.0046,-0.0076,-0.0073,-0.0085,,-0.0058,-0.0024,-0.0032,-0.0022,-0.0004,-0.0026,-0.0003,0.0089,0.0229
2009-10-03,32.8848,131.085,NE,,0.4584,0.3694,0.2389,0.1069,0.0167,-0.0092,-0.0045,0.0013,0.0015,0.0023,0.0029,0.0017,0.0025,,,,,,,,,,,0.0042,-0.0027,,,,
2009-10-03,32.8848,131.085,NO,,,0.2884,,0.2603,0.1656,0.0661,,,,,-0.0131,-0.0178,-0.009,-0.0127,-0.0188,-0.03,,-0.0298,,-0.027,-0.0319,,-0.0166,-0.0028,-0.0032,-0.0011,0.0006,0.0096,0.0107
2009-10-03,32.8848,131.085,O,,,0.175,0.1001,0.0043,-0.0212,-0.0404,-0.0401,-0.0319,-0.0246,-0.0208,-0.0247,-0.0284,,,,,,0.0079,0.0048,-0.0023,-0.0023,0.0009,0.0047,0.0009,0.0007,-0.0043,-0.0061,0.0015,0.0037
2009-10-03,32.8848,131.085,S,,0.317,0.3158,0.2233,0.0717,-0.0002,0.004,-0.0154,0.0023,-0.0081,-0.0043,-0.0029,0.004,0.0046,0.0059,0.0121,0.0059,0.0027,0.0017,-0.0009,-0.0061,-0.0279,-0.0142,-0.015,-0.0031,0.0102,1e-04,-0.0092,-0.0047,-0.0028
2009-10-03,32.8848,131.085,SE,0.4898,0.3491,0.2913,0.2385,0.0935,0.0411,0.0195,-0.0011,-0.0033,-0.0033,-0.0043,-0.0038,0.0033,0.0027,0.0003,-0.0067,,,,,,,,,,,,,,
2009-10-03,32.8848,131.085,SO,0.3742,,0.1036,0.1015,0.0198,0.0126,0.0022,-0.0102,-0.0072,0.0053,0.0088,0.0016,-0.0012,-0.0006,-0.0032,-0.0057,0.0092,0.0076,-0.0034,-0.0007,0.0113,0.0015,0.0098,0.0087,0.0063,0.001,-0.0019,-0.0042,-0.0056,-0.0073
2010-02-24,32.885,131.0856,E,0.4494,0.3263,0.2266,0.1801,0.1221,0.0779,,,,,,-0.0081,0.0004,-0.0022,-0.0035,0.0054,0.0032,0.0015,0.0036,0.0043,0.0015,0.0017,0.002,0.0016,-0.0,0.0002,-0.0017,-0.0025,-0.003,-0.0039
2010-02-24,32.885,131.0856,N,,0.4369,0.2557,0.0654,-0.0275,-0.0256,-0.02,-0.0106,-0.0081,-0.0097,-0.0078,-0.0103,-0.0108,0.0063,0.0168,0.0107,0.0009,0.0044,-0.0117,-0.0235,-0.0113,-0.006,-0.0109,0.0002,0.0041,-0.0054,0.01,0.0085,0.0066,0.0062
2010-02-24,32.885,131.0856,NE,0.3628,0.3899,0.218,0.1586,0.0328,0.0045,0.0014,-0.0038,-0.0069,-0.0149,,,-0.021,-0.0112,-0.0219,-0.016,-0.0081,-0.007,-0.0052,-0.0042,-0.0098,-0.0167,-0.0082,-0.0052,0.0012,-0.0002,0.007,0.0135,0.0155,0.0142
2010-02-24,32.885,131.0856,NO,0.3205,0.3745,,0.1818,0.0464,-0.0407,-0.0369,-0.0249,-0.0286,-0.0362,-0.0455,-0.0386,-0.0191,-0.0154,-0.0139,-0.0197,-0.009,0.0026,0.0103,0.0169,0.0192,0.0242,0.0275,0.0392,0.0172,0.007,0.0132,0.0094,-0.0017,-0.001
2010-02-24,32.885,131.0856,O,,0.3736,0.3472,0.2536,0.2779,0.2832,0.2736,0.0553,-0.0163,-0.0462,-0.0292,-0.0289,-0.027,-0.0342,-0.0117,-0.011,-0.0061,-0.0053,-0.0077,1e-04,-0.0065,-0.0149,-0.0315,0.0295,0.0301,,-0.0036,-0.0075,0.0662,0.0713
2010-02-24,32.885,131.0856,S,,0.4606,0.3634,0.2478,0.2292,0.1233,0.0059,-0.0058,-0.0144,-0.0137,0.0061,-0.0042,-0.0182,-0.0102,-0.0049,-0.0045,0.0009,0.0013,0.0051,0.0003,0.0027,-0.003,0.0004,0.0025,0.0007,1e-04,-0.0028,-0.006,-0.0073,-0.0116
2010-02-24,32.885,131.0856,SE,,0.4363,0.3576,0.2273,0.158,0.08,0.025,0.0054,0.0092,0.0015,0.009,-0.0008,-0.006,-0.009,-0.0143,-0.0183,-0.0145,-0.0099,-0.0092,-0.0034,0.0056,0.005,-0.0008,0.0014,0.0002,0.007,0.0061,0.0013,0.0,-0.003
2010-02-24,32.885,131.0856,SO,,0.4088,0.3599,0.2485,0.1132,0.0704,0.0264,0.0144,-0.0009,-0.013,-0.0071,0.0018,0.0016,0.0044,0.0035,0.0025,0.004,-0.0004,-0.0005,0.0048,0.0046,0.0034,0.0029,0.0093,0.0091,0.0038,-0.0027,-0.0049,-0.0124,-0.0193
2011-03-31,32.8845,131.085,E,0.1152,0.1079,0.0085,-0.0271,-0.0018,-0.0018,0.0131,0.0475,,,,,,0.0054,0.0062,0.004,-0.0013,-0.0036,-0.0012,0.0008,0.0033,0.0029,0.0043,0.0067,0.0018,-0.0057,-0.0055,-0.005,-0.0035,-0.0026
2011-03-31,32.8845,131.085,N,0.0636,0.0339,0.0093,0.0292,0.0073,0.0043,-0.0311,-0.0277,-0.035,-0.0211,-0.0152,-0.0084,-0.0117,-0.0102,-0.0002,0.0272,0.0214,0.0117,0.0054,0.0032,-0.0066,-0.0149,-0.0057,-0.0246,-0.0071,0.0101,-0.0018,0.0016,0.0101,0.0136
2011-03-31,32.8845,131.085,NE,,0.1209,0.0983,0.1035,0.0892,0.0899,0.0484,0.0246,0.0034,-0.0029,0.0023,-0.0059,,-0.0238,-0.0169,-0.0103,-0.006,-0.0008,-0.0029,0.0055,-0.0034,-0.0085,-0.0068,-0.0082,-0.0089,-0.0069,-0.0031,0.0048,0.0124,0.0207
2011-03-31,32.8845,131.085,NO,,0.0152,-0.0192,-0.0184,0.0178,-0.0049,-0.0465,-0.0415,-0.0378,-0.044,-0.0463,-0.0382,-0.0451,-0.0282,-0.0255,-0.0217,-0.0064,0.0006,0.016,0.0228,0.0328,0.039,0.0458,0.0489,0.0235,0.0031,0.0038,0.0069,0.002,-0.0106
2011-03-31,32.8845,131.085,O,,0.0345,0.0493,0.0395,0.0019,-0.0204,-0.0252,-0.0192,-0.014,-0.0079,-0.0026,-0.0202,-0.0222,-0.0062,-0.0212,-0.0182,-0.0184,-0.0165,-0.0107,0.021,0.0255,0.0317,,,,,-0.044,0.0118,-0.0189,0.021
2011-03-31,32.8845,131.085,S,,0.0734,0.0727,0.069,0.0091,0.0094,0.0038,-0.0271,0.0031,-0.0147,-0.0201,-0.0088,-0.0064,-0.0044,-0.0007,-0.0014,0.008,0.0099,0.0081,0.0053,0.0024,0.0115,0.0071,0.0065,0.0037,-0.0005,-0.0023,-0.008,-0.0117,-0.0103
2011-03-31,32.8845,131.085,SE,0.084,0.0815,0.054,-0.0109,0.0106,-0.0289,-0.0064,-0.0019,0.0074,0.0276,-0.0154,-0.0199,-0.0135,-0.0198,-0.0115,-0.0143,-0.0078,-0.0054,-0.0004,-0.0015,0.0142,0.0137,0.0104,-1e-04,-0.0003,0.002,0.0032,0.0031,-1e-04,-0.0035
2011-03-31,32.8845,131.085,SO,0.0579,0.0756,0.0822,0.0381,0.0371,-0.0056,-0.0214,-0.0269,-0.0015,0.0038,0.0002,-0.0043,-0.0034,-0.0027,0.0029,0.0068,0.012,0.0137,0.0121,0.0104,0.0117,0.0144,0.0126,0.0103,0.0066,-0.0018,-0.0063,-0.0181,-0.0273,-0.0331
2011-11-26,32.8845,131.0856,E,0.4233,0.3916,0.3405,0.2619,0.1717,0.0784,0.0228,0.0046,0.0155,0.009,0.0066,0.0028,-0.0099,-0.0082,-0.0025,-0.009,-0.0161,,,,,-0.0066,-0.005,0.0004,0.0017,0.0015,0.0014,0.0002,0.0012,0.0007
2011-11-26,32.8845,131.0856,N,,,,0.088,-0.0008,-0.0111,-0.0183,-0.0174,-0.0096,-0.0102,0.0013,-0.0064,-0.0076,0.0124,0.0213,0.0091,-0.0007,0.0044,-0.0098,-0.0171,-0.0142,-0.0162,-0.0097,0.001,0.0017,-0.002,0.0108,0.0125,0.0067,0.0067
2011-11-26,32.8845,131.0856,NE,,,0.3647,0.1694,0.1326,0.064,0.0172,0.0105,0.0045,0.0056,0.0085,0.0039,-0.0048,-0.0103,-0.0088,-0.0082,-0.0073,0.0013,0.0015,0.0058,0.0059,0.0103,-0.0043,-0.009,-0.0013,0.0035,0.0064,0.0037,-0.0036,0.0092
2011-11-26,32.8845,131.0856,NO,,,,0.0994,0.0521,-0.0047,-0.0008,-0.0099,-0.0296,-0.0246,-0.0221,-0.0115,0.0014,-0.009,-0.0095,0.0008,0.0084,0.0135,0.0155,0.0201,0.0219,0.0221,0.0197,-0.0125,-0.0055,0.0076,0.0065,0.0071,0.0107,0.0118
2011-11-26,32.8845,131.0856,O,,,,0.3008,0.1892,0.0327,0.0194,0.004,-0.0144,-0.0326,-0.0517,-0.0809,,,,,,,-0.0331,-0.0264,-0.0391,-0.0068,0.002,0.0069,0.0194,0.0103,0.0234,0.0374,0.0419,0.0452
2011-11-26,32.8845,131.0856,S,,0.4226,0.36,0.2546,0.2419,0.1526,0.0415,0.0148,0.0154,-0.0139,0.0037,-0.0066,-0.0124,-0.0071,-0.0043,-0.0075,-0.0036,-0.0053,0.0044,0.0038,0.0037,0.0021,0.001,0.0032,0.0053,0.0025,-0.0006,-0.0012,-0.0025,-0.0015
2011-11-26,32.8845,131.0856,SE,,0.409,0.3981,0.2938,0.1854,0.1248,0.0576,0.033,0.0048,-0.0097,0.0078,0.0134,0.0031,0.0073,-0.0004,-0.0077,-0.0089,-0.012,-0.0076,-0.003,-0.0007,-0.0018,0.0049,0.0015,0.0015,0.0026,0.0013,0.0008,0.0018,0.0024
2011-11-26,32.8845,131.0856,SO,,0.3325,0.2777,0.1653,0.0674,0.0191,0.0079,-0.0193,-0.016,0.0029,0.0106,0.0082,0.0049,0.0002,0.0016,0.0005,0.0076,0.0058,0.0098,-0.0007,0.0005,0.0031,0.0062,0.0044,0.0036,-1e-04,-0.0008,-0.0061,-0.0055,-0.0064
2012-04-02,32.8848,131.0846,E,0.4018,0.3337,,,,,,,0.0066,0.006,0.0035,0.0034,-1e-04,0.0021,-0.0005,-0.0035,-0.0039,-0.0032,-0.0057,-0.0002,0.0018,0.0027,-0.0024,0.001,0.0014,0.0042,0.0039,-0.001,-0.0065,-0.0101
2012-04-02,32.8848,131.0846,N,,0.363,0.2712,0.2069,0.2277,0.1536,0.0516,-0.0148,-0.0344,-0.043,-0.042,-0.0393,-0.0294,-0.0102,-0.0009,-0.0009,0.0132,0.0187,0.0202,0.0156,0.0114,0.0153,0.0198,0.0157,-0.0052,-0.0107,-0.0006,-0.0051,-0.0056,0.0004
2012-04-02,32.8848,131.0846,NE,,0.4311,0.3413,0.3032,,,,,,-0.018,-0.0299,-0.0305,-0.0271,-0.0297,-0.0232,-0.013,-0.0047,-0.0059,-0.0032,-0.0034,-0.0045,-0.0031,0.0024,0.0006,0.0041,0.0059,0.0075,0.0167,0.018,0.0242
2012-04-02,32.8848,131.0846,NO,,0.357,0.2835,0.2383,0.1814,0.1607,0.1199,0.0392,-0.0229,-0.0283,-0.0287,-0.0388,-0.0386,-0.0383,-0.0355,-0.0181,-0.0235,-0.022,-0.0092,0.0043,0.007,0.0111,0.0135,0.0181,0.0252,0.0183,0.013,0.0143,0.0159,0.0104
2012-04-02,32.8848,131.0846,O,,0.3442,0.1911,0.1099,0.0101,-0.0288,-0.0339,-0.0265,-0.0201,-0.0114,-0.0123,-0.006,-0.0071,-0.0091,-0.0044,-0.0064,-0.0041,-0.0049,-0.009,-0.0072,-0.0026,0.0007,0.008,0.018,0.0166,0.0366,0.0559,0.0954,,
2012-04-02,32.8848,131.0846,S,,0.3536,0.2505,0.1209,-0.0089,-0.0236,-0.0334,-0.0108,-0.0078,-0.0157,-0.0125,-0.0124,-0.0083,-0.0051,0.0013,0.0067,0.005,0.0073,0.008,0.009,0.0113,0.0093,0.0072,0.0066,-0.0019,-0.0018,-0.0029,-0.0059,-0.0093,-0.0102
2012-04-02,32.8848,131.0846,SE,0.3575,0.3621,0.2769,0.1294,0.0455,0.0164,0.0115,0.0136,0.0077,,,0.0045,0.0015,-0.0058,-0.0097,-0.0048,-0.0018,0.0012,-0.0009,0.0006,0.001,1e-04,-0.0024,-0.0011,0.0006,0.0026,0.0016,0.003,-0.0018,-0.0033
2012-04-02,32.8848,131.0846,SO,0.3224,,0.1851,0.0587,-0.004,-0.0209,-0.0293,-0.024,-0.0126,-0.0052,0.0005,0.0019,0.0027,-0.0023,-0.0042,0.001,0.0012,0.0077,0.0094,0.0118,0.0115,0.0093,0.0036,0.0033,-0.0028,-0.0026,-0.0055,-0.0125,-0.0158,-0.0176
2012-04-18,32.885,131.0856,E,0.2927,0.2004,0.1361,0.0376,0.0182,0.0255,0.016,-0.0004,-0.0078,-0.0096,-0.006,0.0033,0.0098,0.0053,-0.0034,,,,,,,,,,0.0047,0.0013,-0.0036,-0.0043,-0.0014,0.0007
2012-04-18,32.885,131.0856,N,,0.2736,0.1781,0.0983,0.0159,-0.0272,-0.026,-0.0219,-0.0156,-0.0147,-0.0071,-1e-04,-0.0012,0.008,0.0092,0.018,0.021,0.0242,0.0224,0.0299,0.0268,,,,,,,,,
2012-04-18,32.885,131.0856,NE,0.3092,0.2922,0.161,0.0651,0.0137,-0.007,-0.0062,0.0007,-0.0019,-0.0028,-0.0018,0.0009,0.0172,0.0316,,,,,,,,,,,,,,,,
2012-04-18,32.885,131.0856,NO,0.2518,0.2525,0.2017,0.1277,0.1623,0.1297,0.0205,-0.0189,-0.0247,-0.0456,-0.0527,-0.0488,-0.0411,-0.0285,-0.0213,-0.0182,-0.0006,0.0039,0.0092,0.0142,0.0208,0.0168,0.0256,0.0479,0.0423,0.0107,0.0291,0.0359,0.0412,0.0695
2012-04-18,32.885,131.0856,O,,0.291,0.246,0.2025,0.1852,0.141,0.0668,-0.0113,-0.0474,-0.0628,-0.0711,-0.0871,,,,,,-0.0649,-0.0646,-0.0495,-0.0372,-0.0184,-0.007,0.0082,0.0209,0.0234,0.0278,0.0369,0.0659,0.0716
2012-04-18,32.885,131.0856,S,,0.3008,0.2536,0.1934,0.1823,0.1038,0.0068,-0.0063,-0.006,-0.0118,-0.0125,-0.0145,-0.0208,-0.0166,-0.0108,-0.01,-0.0046,0.0058,0.0126,0.0107,0.0116,0.0027,0.0016,0.0018,0.0003,-0.0023,-0.005,-0.005,-0.0039,-0.0014
2012-04-18,32.885,131.0856,SE,,0.2992,0.2547,0.1956,0.0802,0.0653,,,,,,,,,0.0015,-0.0004,-0.001,-0.0025,-0.0028,0.0025,0.0039,-0.0035,-0.0037,-0.0046,-0.0049,-0.0019,-0.0074,-0.0039,0.006,0.0078
2012-04-18,32.885,131.0856,SO,,0.2063,0.1832,0.1447,0.0675,0.0644,-0.0116,-0.015,-0.0064,-0.0083,-0.0093,0.0054,0.0103,0.0098,0.0017,-0.0053,-0.0079,-0.0138,-0.0065,-0.0007,0.0032,0.0026,0.0005,-0.0002,-0.0007,-0.0006,0.0027,0.0021,-0.0037,-0.0061
2012-10-11,32.885,131.0856,E,,0.2531,0.165,0.1051,0.0693,0.0214,0.0147,0.0235,0.021,0.0068,-0.0009,0.0018,0.0059,0.0138,0.0071,,,,,,-0.0013,-0.0012,-0.0,-0.0015,-0.0055,-0.0089,-0.0083,-0.0067,-0.0009,0.0021
2012-10-11,32.885,131.0856,N,,,0.2448,0.0685,0.0047,-0.0092,0.0005,0.0056,0.0147,0.0091,-0.004,0.0044,-0.0142,0.0123,0.0292,0.0217,0.0014,-0.0065,0.0074,0.0066,-0.0091,-0.0343,-0.0365,-0.0553,-0.0595,,,,,
2012-10-11,32.885,131.0856,NE,,,0.2393,0.118,0.0736,0.0471,0.0448,0.0544,0.0509,0.0454,0.0412,0.0287,0.0217,-0.0061,-0.0213,-0.0241,-0.0171,0.0104,0.0096,0.0105,0.0154,0.0048,-0.0087,-0.0192,-0.034,-0.0443,-0.0385,-0.0326,-0.0372,-0.024
2012-10-11,32.885,131.0856,NO,,,0.3324,0.285,0.0328,-0.0293,-0.0236,-0.0113,-0.0065,-0.002,0.0055,0.0127,0.0159,0.0082,0.0054,-0.0598,-0.0909,,,,,,,,,,,,,
2012-10-11,32.885,131.0856,O,,0.3193,0.2902,0.2712,0.2472,0.2728,0.2853,0.0569,-0.0383,-0.0341,-0.0168,-0.0006,-0.0108,-0.0181,,,,,,0.0134,0.0144,0.0145,0.0014,0.0078,0.0251,-0.0032,-0.0159,-0.0221,-0.0498,-0.0469
2012-10-11,32.885,131.0856,S,,0.3347,0.3134,0.2572,0.2373,0.1554,0.0361,-0.0035,0.0067,-0.0087,-0.0028,,,,,,,,,,,,,,,,,,,
2012-10-11,32.885,131.0856,SE,,0.3271,0.2319,0.1443,0.0373,0.0297,0.0162,0.0003,0.0047,0.0037,-0.0032,-0.0008,-0.0059,-0.0152,-0.0193,-0.016,-0.0047,0.0,0.0014,,,,,,,0.014,0.0128,0.0093,0.011,-0.0055
2012-10-11,32.885,131.0856,SO,,0.4148,0.4091,0.3677,0.2768,0.2004,0.0323,-0.0143,-0.0212,-0.0165,-0.0057,0.0016,0.0188,-0.0142,-0.0212,,,,,0.0125,0.0103,0.0168,0.0236,0.0169,0.0187,0.0087,0.0091,0.0073,-0.0093,-0.0155
2012-11-28,32.8845,131.0846,E,0.2698,0.2427,,,,,,,,0.0014,-0.0014,0.0002,0.0026,-0.0014,-0.0043,-0.0025,-0.0027,-0.0017,-0.004,-0.0041,0.0024,-0.0038,-0.0014,-0.0038,-0.0036,-0.0022,0.0076,0.0132,0.0074,0.0071
2012-11-28,32.8845,131.0846,N,,0.1778,0.1173,0.147,0.152,0.167,0.1176,-0.0171,-0.0206,-0.0157,-0.0105,-0.0081,-0.0103,-0.0014,0.0031,0.0004,0.0055,0.0087,0.0109,0.0121,0.009,0.0082,0.0104,0.004,-0.0094,-0.0109,-0.002,-0.0019,0.0033,0.0078
2012-11-28,32.8845,131.0846,NE,,0.189,0.1294,0.1516,,,,,,,0.0009,0.0046,0.006,-0.0013,-0.0095,-0.0106,-0.006,-0.0058,-0.0033,-0.0053,-0.0055,-0.0084,-0.0012,-0.0006,-0.0016,0.0008,0.0015,0.0068,0.0121,0.0103
2012-11-28,32.8845,131.0846,NO,,0.1958,0.1189,0.0989,0.2252,0.2529,0.0836,0.0147,-0.0039,-0.0169,-0.0194,-0.0248,-0.0247,-0.0262,-0.0117,-0.0065,-0.0088,-0.001,0.006,0.0015,0.0033,-0.0068,0.0087,0.0103,0.0118,0.0051,0.0056,0.0086,0.0056,-0.0063
2012-11-28,32.8845,131.0846,O,,0.2249,0.1002,0.05,0.0062,-0.0052,-0.0027,0.0032,0.0009,-0.0162,-0.0164,-0.0185,-0.0086,-0.0005,-0.0033,-0.0014,-0.001,-0.0024,0.0027,0.0022,-0.0038,-0.0017,-0.002,-0.0016,0.0018,0.0563,0.061,,,
2012-11-28,32.8845,131.0846,S,,0.2637,0.1681,0.0506,0.0144,0.0077,-0.0054,0.0033,-0.0011,-0.0107,-0.0059,-0.0044,-0.0062,-0.0031,-0.003,0.0035,0.0036,0.0055,0.0004,-0.0013,0.0047,0.0046,0.0025,0.0011,0.0,-0.0031,-0.0057,-0.0019,0.0006,0.0003
2012-11-28,32.8845,131.0846,SE,0.2427,0.2405,0.1875,0.0965,0.0453,,,0.0086,0.0234,,-0.0024,0.0071,,,,,,,0.0028,-0.0118,0.0036,0.0037,0.0027,0.0015,-0.0008,-1e-04,0.0,-0.0006,-0.0026,-0.0016
2012-11-28,32.8845,131.0846,SO,0.2417,0.2155,0.1102,0.0619,0.017,-0.013,-0.0219,-0.0074,0.0002,0.0037,-0.0028,-0.0028,-0.0043,-0.0068,-0.0009,0.0017,0.0012,0.01,0.0085,0.0045,0.0009,0.0012,0.0005,-0.0011,-0.0029,-0.0023,-0.0017,-0.0023,0.0006,-0.0044
2013-01-31,32.8853,131.0847,E,0.2701,0.1728,0.1253,0.0778,0.0385,0.0017,0.0031,0.0024,0.0015,,,,,,,,,,,,,,,0.0014,-0.0003,-0.0009,-0.0017,-0.0031,0.0005,-0.0051
2013-01-31,32.8853,131.0847,N,,0.1923,0.1518,0.1277,0.1267,0.0866,0.0359,-0.0087,-0.0292,-0.0309,-0.0342,,-0.0227,-0.0014,0.0078,0.0103,0.0146,0.0178,0.0283,0.0073,0.009,0.0005,-0.0173,-0.0021,-0.0049,-0.0112,0.0014,0.0084,0.0002,0.0035
2013-01-31,32.8853,131.0847,NE,,0.2494,0.1836,0.1104,0.0513,0.028,0.009,-0.0085,-0.01,-1e-04,-0.003,0.0042,0.0092,,,,,,,,,,,,-0.0091,-0.0069,-0.0029,0.0026,0.0027,0.0012
2013-01-31,32.8853,131.0847,NO,,0.1695,0.126,0.0841,0.0781,0.1013,0.1116,0.0724,0.0832,0.0275,-0.001,-0.0203,-0.0254,-0.0141,-0.0021,0.0076,0.0049,0.0014,0.0049,0.0091,0.0086,0.0026,0.0002,0.004,-0.0425,0.0013,0.0021,0.0016,0.0125,0.0219
2013-01-31,32.8853,131.0847,O,,0.304,0.2136,0.1823,0.1156,0.1077,0.0984,0.04,0.0185,-0.0107,-0.0074,,-0.0218,,,,,-0.0259,-0.02,-0.0223,-0.0213,-0.014,-0.0167,-0.0073,0.0036,-0.0064,-0.0093,-0.0094,0.0381,0.0351
2013-01-31,32.8853,131.0847,S,,0.2,0.106,0.0114,-0.0003,-0.0047,0.0059,0.0218,0.0026,-0.0089,-0.0113,-0.0055,-0.0101,-0.0047,-0.007,-0.0039,-0.0057,-0.0054,-0.008,-1e-04,0.004,0.0018,0.0017,0.0008,0.0004,0.0046,0.0036,-0.0016,-0.0003,0.0019
2013-01-31,32.8853,131.0847,SE,0.1875,,0.0742,0.0448,0.0233,0.0091,-0.005,-0.0012,-0.0018,-0.0018,,-0.0051,,,,,,0.0003,-0.0059,-0.005,-0.0021,0.0031,0.0007,0.0016,-1e-04,0.0059,0.0027,0.0038,0.0002,-0.0006
2013-01-31,32.8853,131.0847,SO,0.2135,0.2015,0.1429,0.0302,0.0158,-0.0177,0.007,-0.0076,-0.0084,-0.0024,0.0005,0.002,0.0012,0.001,,,,0.0042,0.02,0.0099,0.0134,0.0057,0.0043,0.0048,0.0013,-0.0022,-0.0091,-0.0019,-0.0048,-0.003
2013-03-04,32.885,131.0856,E,0.1383,0.1006,0.0522,0.0449,0.038,0.0105,-0.0018,-0.0019,-0.0016,-0.0059,-0.0027,0.0043,-0.0,,,,,,-0.0031,-0.0005,-0.0005,0.0002,0.0038,0.0035,0.0019,0.0022,0.0027,-0.0019,-0.0018,-0.0034
2013-03-04,32.885,131.0856,N,,0.2803,0.252,0.0951,0.0052,-0.021,-0.0225,-0.0226,-0.0166,-0.0068,-0.0,0.0056,0.0022,0.0049,0.0139,0.0085,0.0027,0.013,0.0072,0.001,-0.0029,-0.0077,-0.0044,0.0016,-0.0013,-0.0076,-0.004,0.0005,0.003,-0.0016
2013-03-04,32.885,131.0856,NE,0.2172,0.2337,0.111,0.039,0.0198,0.002,-0.0053,-0.0042,-0.0033,-0.0056,-0.0076,-0.0039,-0.0017,-0.0065,-0.0063,-0.0061,0.0119,0.0087,-0.0058,-0.0025,-0.0097,-0.0147,-0.0095,-0.0059,-0.0035,-0.0007,0.0053,0.0123,0.0145,0.0164
2013-03-04,32.885,131.0856,NO,0.1918,0.1853,0.1914,0.1533,0.1911,0.0205,-0.0256,-0.009,-0.0146,-0.0257,-0.036,-0.0417,-0.0239,-0.0197,-0.0216,-0.0221,-0.0133,-0.008,-0.0047,0.005,0.0087,0.0141,0.0177,0.0222,0.0142,0.0121,0.0207,0.0054,0.0017,0.0414
2013-03-04,32.885,131.0856,O,,0.1281,0.1565,0.1356,0.1972,0.2087,0.1616,0.0532,-0.0378,-0.0406,-0.0475,-0.0426,-0.0448,-0.0437,-0.0305,-0.0304,0.002,,,,,-0.0031,-0.0045,0.0095,0.0028,-0.003,0.0173,0.0187,0.0313,0.0368
2013-03-04,32.885,131.0856,S,,0.0827,,,,,,,,-0.0289,-1e-04,-0.0044,-0.0065,-0.0021,-0.0014,-0.0028,-0.0025,-1e-04,0.0044,0.0033,0.0034,-0.0023,0.0007,0.0038,0.0035,-0.0006,-0.0008,-0.0027,-0.0053,-0.0092
2013-03-04,32.885,131.0856,SE,,0.074,0.0405,,,0.0275,0.0151,0.0012,-0.0026,0.0002,0.0009,-0.0017,-0.0043,-0.0031,-0.0057,,,,,,,0.0062,0.0024,-0.0017,0.0024,0.0011,-0.0019,-0.0014,0.001,-0.0012
2013-03-04,32.885,131.0856,SO,,0.0665,0.0461,0.0418,,,,,-0.021,-0.0241,-0.0184,-0.0044,0.0054,0.01,0.0089,0.0096,0.0049,0.0078,0.0083,0.0116,0.0138,0.0131,0.0065,0.0054,0.003,0.0008,-0.0029,-0.0042,-0.0055,-0.0059
2013-04-13,32.885,131.0856,E,0.2249,0.1833,0.155,0.1144,0.081,0.0453,0.0375,0.0247,0.0084,-0.0031,-0.0104,-0.0041,-0.0004,0.0006,-0.0021,-1e-04,-0.0011,-0.0018,0.0005,0.0019,0.0012,1e-04,-0.0005,-0.0019,-0.0044,-0.0054,-0.005,-0.0013,0.0022,0.0044
2013-04-13,32.885,131.0856,N,,0.2046,0.1454,0.0559,0.0184,0.005,0.0064,0.008,-0.0055,-0.0062,-0.0043,0.0169,0.0031,0.0193,0.0198,0.0169,0.0135,0.013,0.0193,0.0104,-0.0064,-0.0197,-0.0091,-0.0061,-0.0024,-0.0098,-0.008,-0.0045,-0.0069,-0.0066
2013-04-13,32.885,131.0856,NE,0.2125,0.2362,0.1716,0.1135,0.0714,0.0395,0.0325,0.0274,0.0235,0.0191,0.0115,-0.0011,-0.0073,-0.0033,-0.0041,-0.0069,-0.0056,-0.0047,-0.0119,-0.0069,-0.0085,-0.0092,-0.0046,-0.0048,-0.0023,-0.0053,0.0026,0.0103,0.0113,0.0103
2013-04-13,32.885,131.0856,NO,0.1148,0.1326,0.1081,0.0619,0.0654,0.0303,0.0103,-0.0073,-0.0218,-0.0389,-0.0407,-0.0546,-0.025,-0.0215,-0.0111,-0.016,-0.0135,0.0012,0.0097,0.0149,0.0077,0.0231,0.0311,0.0287,0.0196,0.003,0.0136,0.0152,0.0095,0.0098
2013-04-13,32.885,131.0856,O,,0.2025,0.1534,0.1098,0.0811,0.0494,0.0223,-0.031,-0.0367,-0.0354,-0.0435,-0.05,-0.0533,-0.0508,-0.0422,-0.0262,-0.0215,-0.017,-0.0083,-0.0008,0.0012,0.0042,0.005,0.0288,0.035,0.0388,0.0357,0.0413,0.0708,0.082
2013-04-13,32.885,131.0856,S,,0.2579,0.2316,0.1631,0.1492,0.0896,0.0146,-0.0052,-0.013,-0.0164,-0.0023,-0.0025,-0.0121,-0.0123,-0.0096,-0.0105,-0.0027,0.0003,0.004,0.0054,0.0048,0.002,0.002,0.0033,0.004,0.0012,0.0006,-0.0028,-0.0092,-0.0159
2013-04-13,32.885,131.0856,SE,,0.2165,0.1912,0.1555,0.1089,0.0682,0.0219,0.0051,-0.003,0.0005,0.0052,0.0039,-0.0024,-0.0061,-0.0101,-0.014,-0.01,-0.0043,-0.0009,0.0026,0.0041,0.004,0.0049,0.004,0.0011,0.0032,0.0045,0.0024,0.0013,0.0008
2013-04-13,32.885,131.0856,SO,,0.2045,0.1713,0.1108,0.0521,0.042,0.0167,0.0082,0.0048,-0.0092,-0.0095,-0.0028,0.0086,0.0047,0.0068,-0.0032,-0.0043,-0.0042,-0.0074,0.0004,0.0026,0.0025,0.0046,0.0081,0.0065,0.0024,0.0029,0.0002,-0.0024,-0.0084
2013-08-11,32.8853,131.0847,E,-0.0396,-0.0043,0.0006,0.0522,0.0373,0.0174,0.0067,0.0002,0.0004,0.0062,0.0171,0.0126,-0.0016,-0.0113,-0.0048,,,,,0.0057,0.0009,0.0046,0.0061,0.0058,0.0009,-0.0028,-0.0141,-0.0134,-0.0046,-0.008
2013-08-11,32.8853,131.0847,N,,-0.0298,-0.0357,-0.0169,0.0049,0.0121,0.0119,0.0038,0.0066,0.0027,0.0183,0.0232,0.0168,0.0106,0.0097,0.0123,0.0294,0.0446,0.0348,0.0157,0.0179,0.0043,-0.0265,-0.0298,-0.0403,-0.0352,-0.0149,-0.0076,-0.0189,-0.0209
2013-08-11,32.8853,131.0847,NE,,-0.0305,-0.0412,0.0098,0.0288,0.0152,0.0153,-0.0028,-0.0134,-0.0025,-0.0068,0.0004,0.0197,0.0206,0.0087,-0.0173,-0.0121,-0.0271,-0.0112,0.0273,0.0098,0.0109,0.0053,-0.0086,-0.005,-0.0002,-0.0003,-0.0039,0.0003,-0.0025
2013-08-11,32.8853,131.0847,NO,,-0.0867,-0.1597,-0.1955,-0.188,-0.0993,-0.0004,0.1931,0.0862,-0.009,-0.0628,-0.053,-0.0624,-0.0261,-0.0419,-0.0266,0.0061,0.0255,0.0074,0.0263,0.0416,0.032,0.0112,-0.0207,-0.0141,-0.0055,0.0382,0.0265,0.041,0.0178
2013-08-11,32.8853,131.0847,O,,0.2538,0.1711,0.171,0.1095,0.0611,-0.0042,-0.0158,-0.0221,-0.0202,-0.0365,-0.0419,-0.0404,-0.0453,-0.0396,-0.0303,,,,,-0.0725,-0.0263,-0.0026,0.0366,0.0369,0.0155,0.0234,0.0233,0.0143,0.0174
2013-08-11,32.8853,131.0847,S,,0.0314,0.0263,-0.0535,-0.056,-0.0734,-0.1118,-0.0004,-0.026,-0.0301,-0.0076,-0.0032,0.0011,0.0046,0.0101,0.0126,0.0199,0.0205,0.0156,0.0162,0.0196,0.0222,0.021,0.0183,0.0151,0.005,-0.0222,-0.0329,-0.0263,-0.0246
2013-08-11,32.8853,131.0847,SE,0.0026,,0.0483,0.0322,0.0274,-1e-04,0.0123,0.0028,-0.002,-0.0028,-0.0148,-0.017,-0.012,-0.0157,-0.0056,-0.0004,0.0064,0.0031,0.0075,-0.0018,0.0072,-0.0016,0.0051,0.0041,0.0061,0.0132,0.0101,0.0253,0.0169,0.0031
2013-08-11,32.8853,131.0847,SO,0.1059,0.1136,0.0774,0.0195,-0.0137,-0.0104,-0.0099,-0.0293,-0.0222,-0.0163,-0.0077,0.0063,0.0048,0.0078,0.0237,0.0288,0.0431,0.0487,0.0466,0.0569,0.0486,0.0018,-0.0085,-0.0244,-0.0022,-0.0165,-0.0161,-0.0152,-0.0178,-0.0039
2013-08-19,32.8845,131.085,E,0.0562,0.0123,-0.0323,,,,,,,-0.0601,-0.0457,-0.029,-0.0214,-0.0066,0.0019,0.0135,0.0084,0.0091,0.003,0.0031,0.0065,0.0049,0.0017,0.0005,0.002,0.0022,0.0011,-0.0022,-0.0071,-0.015
2013-08-19,32.8845,131.085,N,0.0492,0.0324,0.0449,0.0707,0.0516,0.0165,-0.0133,-0.0442,-0.0493,-0.0464,-0.0362,-0.0285,-0.011,-0.001,0.0025,0.0136,0.0217,0.0148,0.0187,0.0162,0.0266,0.024,0.0113,-0.0014,-0.0036,-0.0071,-0.0056,-0.0104,-0.0087,-0.0121
2013-08-19,32.8845,131.085,NE,,-0.0303,-0.0415,-0.0183,-0.0168,-0.0216,-0.0526,-0.0678,-0.0565,-0.0439,-0.0323,-0.0217,-0.0176,-0.0138,-0.009,-0.0258,-0.0095,-0.012,0.0062,0.0085,0.009,0.0044,0.0191,0.0147,0.0138,0.0107,0.01,0.0159,0.0136,0.0123
2013-08-19,32.8845,131.085,NO,,0.0378,0.0337,0.0782,0.094,0.0897,0.0458,0.0099,-0.0255,-0.0484,-0.0667,-0.0701,-0.06,-0.048,-0.0429,-0.0366,-0.0272,-0.0164,-0.0046,-0.0088,0.0049,0.0151,0.0305,0.0299,0.0208,-0.0028,0.0147,0.0184,0.0212,0.0186
2013-08-19,32.8845,131.085,O,,0.1149,0.1064,0.0855,0.0512,0.0152,-0.0038,-0.0347,-0.0379,-0.0476,-0.0486,-0.044,-0.0406,-0.0304,-0.0268,-0.0299,-0.0268,-0.0088,-0.0025,0.0045,0.0036,0.0053,0.0255,0.029,0.0312,0.0117,0.0505,0.0695,0.0392,0.0566
2013-08-19,32.8845,131.085,S,,0.0706,0.0731,0.0532,-0.0184,-0.0394,-0.0446,-0.055,-0.0198,-0.0112,-0.014,-0.0099,-0.0037,-0.0017,0.0034,0.0076,0.0096,0.0262,0.023,0.0194,0.0066,0.0176,0.0188,-0.0023,-0.0088,-0.0055,-0.0082,-0.0062,-0.0035,-0.0031
2013-08-19,32.8845,131.085,SE,0.091,0.0514,0.0505,0.0112,0.0124,,,,,,,,,,,,,,,,,,,,0.0,0.0,0.0,0.0,0.0,0.0
2013-08-19,32.8845,131.085,SO,0.0828,0.0939,0.0737,0.0342,0.0204,-0.008,-0.021,-0.0365,-0.0104,-0.0182,-0.0072,-0.0029,0.0015,0.0032,0.008,0.0105,0.0136,0.0161,0.0216,0.023,0.0209,0.013,0.0132,0.003,-0.0011,-0.0053,-0.0082,-0.0143,-0.0284,-0.0384
2013-08-27,32.8848,131.085,E,0.3716,0.3034,0.0821,-0.0137,-0.012,0.0053,-0.0031,-0.0008,0.0024,-0.0011,0.0039,0.0015,-0.0071,,,,,,,-0.0067,-0.006,-0.0002,-0.0066,0.0053,0.0061,0.0043,0.0046,0.0032,-0.0015,-0.0015
2013-08-27,32.8848,131.085,N,0.3488,0.2258,0.1345,0.1501,,0.0472,-0.004,-0.0394,-0.0499,-0.0435,-0.0276,-0.0158,-0.0024,0.002,0.0047,0.0111,0.0123,0.0155,0.0136,0.0023,0.013,0.0127,0.0072,-0.0029,-0.0023,0.004,0.003,-0.0072,-0.0012,-0.0007
2013-08-27,32.8848,131.085,NE,,0.3465,0.1898,0.1054,-0.0038,-0.0159,-0.0237,-0.035,-0.0307,-0.025,-0.0213,-0.0218,-0.0172,-0.0209,-0.0271,-0.0224,-0.0191,-0.0206,0.0003,0.0157,0.0094,0.0016,0.0002,0.0045,0.0105,0.0148,0.0272,0.0269,0.0284,0.0214
2013-08-27,32.8848,131.085,NO,,0.1916,0.0569,0.037,0.0834,0.1956,0.1751,0.0728,-0.0082,-0.02,-0.0356,-0.0461,-0.0364,-0.0267,0.0063,-0.0012,0.0033,0.017,0.0128,0.0169,0.0174,0.0132,0.015,0.0132,0.0058,-0.0008,0.0032,0.0093,0.0021,-0.0067
2013-08-27,32.8848,131.085,O,,0.2583,0.0684,-0.0241,-0.0273,-0.0587,-0.0729,-0.0734,-0.0623,-0.061,-0.0574,-0.0501,-0.0269,-0.0354,-0.0582,,,,,,-0.0013,-0.0006,0.0023,0.005,0.0061,0.0147,0.0118,0.0183,0.0296,0.0266
2013-08-27,32.8848,131.085,S,,0.1555,0.1562,0.0653,-0.0241,-0.0246,-0.0305,-0.0434,-0.0242,-0.0229,-0.0243,-0.0147,-0.0117,-0.0098,-0.0063,0.0027,0.0093,0.0141,0.0156,0.0149,0.0124,0.0121,0.0196,0.0132,0.0107,0.0007,-0.001,-0.0169,-0.0302,-0.0294
2013-08-27,32.8848,131.085,SE,0.2795,0.1305,0.1343,0.067,0.0215,0.0077,-0.0007,-0.0034,0.0155,0.011,-0.0009,-0.0084,-0.0125,-0.0175,-0.013,-0.0097,-0.0039,0.0022,0.007,0.0073,0.0074,0.0048,0.0035,0.0038,0.0002,0.0059,-0.0017,0.0077,0.0073,0.0074
2013-08-27,32.8848,131.085,SO,0.223,0.1387,0.0369,-0.0077,-0.0512,-0.0462,-0.0439,-0.0383,-0.0167,-0.0134,0.0029,0.0032,0.0074,0.011,0.0148,0.0205,0.0263,0.0259,0.028,0.0287,0.0325,0.011,0.0076,0.0029,-0.0012,-0.0039,-0.0054,-0.0054,-0.0081,-0.0103
2014-03-23,32.8842,131.0856,E,0.0416,0.0407,0.042,0.0242,0.0311,0.0388,0.0357,0.0203,,,,,,-0.028,-0.0039,0.0039,-0.0007,-0.0044,-0.0112,-0.008,-0.004,-0.0024,-0.0017,-0.0016,0.0014,0.003,0.0027,0.0004,-1e-04,-0.0003
2014-03-23,32.8842,131.0856,N,,0.0698,0.0114,-0.0086,-0.0182,-0.0209,-0.0106,-0.0162,0.0002,-0.0017,-0.0041,-0.0056,-0.0034,0.0159,0.007,0.0021,0.0057,-0.003,-0.0101,-0.0093,-0.0016,-0.0208,-0.0101,-0.0071,-0.0117,-0.0056,0.005,0.0098,0.0071,0.0069
2014-03-23,32.8842,131.0856,NE,0.049,0.0659,0.0832,0.0658,0.038,0.0044,-0.0195,-0.0365,-0.0251,-0.0255,-0.0209,-0.0123,,,-0.0316,-0.0167,-0.0162,-0.0097,-0.006,-0.0026,-0.0126,-0.0038,-0.001,-0.0064,-1e-04,0.006,0.0077,0.011,0.0096,0.013
2014-03-23,32.8842,131.0856,NO,0.0306,0.2801,0.3759,0.1981,0.0503,-0.0176,-0.0281,-0.0273,-0.0318,-0.0296,-0.0274,-0.0055,-0.0193,-0.0199,-0.0003,0.0036,0.0068,0.0086,0.0101,0.0168,0.0236,0.0291,0.0175,0.0152,0.0149,0.0098,-0.0045,-0.0164,-0.0067,-0.0046
2014-03-23,32.8842,131.0856,O,,0.1377,0.3504,0.1996,0.0031,-0.0365,-0.0356,-0.0336,-0.0248,-0.0243,-0.0292,-0.0304,-0.0163,-0.0216,-0.0102,-0.0087,-0.0076,-0.0097,0.0046,0.002,0.0409,,,,,-0.0102,0.0051,0.0286,0.0614,0.0633
2014-03-23,32.8842,131.0856,S,,0.0806,0.0504,0.0755,0.0613,-0.0156,,,,,-0.034,,-0.0258,-0.0165,-0.0186,-0.0252,-0.0066,-0.0002,-0.0003,0.0017,0.0025,0.0029,0.0005,0.0065,0.0036,-0.0,-0.0025,-0.0024,-0.0033,-0.0055
2014-03-23,32.8842,131.0856,SE,,0.0438,0.0524,0.0246,0.0045,-0.032,-0.0048,,,,,,,,,,,,-0.0104,-0.0003,-0.0007,0.0014,0.0005,0.0009,-0.0008,-0.0024,-0.0018,0.0005,0.0011,-0.0019
2014-03-23,32.8842,131.0856,SO,,0.1076,0.0866,0.0525,0.0036,-0.0084,-0.0227,-0.0154,-0.0132,-0.0069,-0.0039,0.0033,0.0026,-0.0019,0.0083,0.0065,0.0079,0.0012,0.0033,-1e-04,0.0133,0.0209,0.0144,0.0146,0.006,-0.002,-0.0068,-0.0152,-0.0179,-0.0149
2014-04-08,32.8848,131.085,E,0.0706,-0.0256,-0.0732,-0.0559,-0.0449,-0.0143,0.0107,0.0062,0.0055,0.0032,0.0069,-0.0008,-0.0033,-0.0035,0.0061,-0.007,,,,,0.0013,0.004,0.0044,0.0043,0.0026,0.0012,0.0013,-0.0016,-0.002,-0.002
2014-04-08,32.8848,131.085,N,0.0473,-0.0169,0.0115,0.0333,,0.0202,-0.0287,-0.0456,-0.0489,-0.0283,-0.0154,-0.0173,-0.006,-0.0009,-0.0033,0.0103,0.0266,0.0193,0.0155,0.0106,0.0123,0.0079,-0.0019,-0.0148,-0.0041,0.0051,-0.0023,-0.005,-0.0012,0.0002
2014-04-08,32.8848,131.085,NE,,0.0114,0.0117,0.0344,0.006,-0.0148,-0.0164,-0.0136,-0.0061,0.0012,0.0072,-0.0046,0.0026,-0.0079,-0.0095,-0.0063,-0.0186,-0.0172,0.0023,0.0137,0.0101,0.0127,0.003,0.0077,0.0082,-0.0014,-0.005,-0.0054,0.0117,0.0034
2014-04-08,32.8848,131.085,NO,,-0.0229,-0.0475,-0.0134,0.0544,0.1936,0.135,-0.0034,-0.0128,-0.02,-0.0442,-0.0679,-0.0605,-0.0387,-0.0173,-0.0333,-0.0196,-0.0239,-0.0069,0.0198,0.0223,0.0367,0.0425,0.0462,0.0495,0.0295,0.0166,0.0157,0.0205,0.0185
2014-04-08,32.8848,131.085,O,,0.0436,0.0267,0.0451,0.0154,-0.0414,-0.0732,-0.0653,-0.061,-0.0589,-0.05,-0.0516,-0.0871,-0.0989,,,,,,-0.0195,0.0021,0.0058,-0.0026,0.0225,0.0142,0.0317,0.0221,0.0368,0.0398,0.0401
2014-04-08,32.8848,131.085,S,,-0.0153,-0.0155,-0.0326,-0.0482,-0.0227,-0.0206,-0.035,-0.0182,-0.0203,-0.0209,-0.0139,-0.0084,-0.0083,-0.0015,0.0034,0.0114,0.0155,0.0149,0.0095,0.0037,0.0082,0.0134,0.0086,0.0056,0.0015,0.0006,-0.0124,-0.0193,-0.0271
2014-04-08,32.8848,131.085,SE,0.0625,-0.0295,-0.0615,-0.0756,-0.0633,-0.0407,-0.0217,-0.0027,0.0223,0.0029,-0.0062,-0.0087,-0.0047,-0.0089,-0.0058,-0.0037,-0.0043,0.0057,0.0067,0.007,0.0056,0.0018,0.0042,-1e-04,0.0032,0.0042,0.003,-0.0015,-0.0027,-0.001
2014-04-08,32.8848,131.085,SO,-0.003,-0.0157,-0.032,-0.0106,-0.0276,-0.0194,-0.0294,-0.0315,-0.019,-0.0024,0.0094,0.009,0.0069,0.0076,0.0038,0.0119,0.0152,0.0147,0.0126,0.0137,-0.0024,-0.0075,-0.0028,-0.003,0.0002,0.0014,0.0008,-0.0,-0.0028,-0.0051
2014-10-25,32.8848,131.085,E,0.2031,0.1745,0.062,0.0579,0.0191,,,,,,,,,,,,0.0029,0.0019,0.0012,0.0005,-0.0004,-0.0007,-0.0013,-0.0019,-0.0016,0.0017,0.0028,0.0021,0.002,-0.0012
2014-10-25,32.8848,131.085,N,0.0874,0.0598,-0.0168,-0.0004,-0.0042,-0.0119,-0.0272,-0.0212,-0.0123,-0.01,-0.0133,-0.0045,0.01,0.0203,0.0262,0.0295,0.0323,0.0216,0.0123,-0.008,-0.0189,-0.0128,-0.0259,-0.0306,-0.0239,0.0021,0.0093,0.0084,0.0027,-0.0091
2014-10-25,32.8848,131.085,NE,,0.1715,0.1198,0.0317,0.0317,,,,,,,,,,,,,,,,,,,,,,,,,
2014-10-25,32.8848,131.085,NO,,0.1307,,0.1381,,0.1826,0.1443,0.0604,-0.013,-0.0157,-0.0202,-0.0282,-0.0184,-0.0021,-0.001,-0.0037,-0.0046,0.0049,0.0078,0.0092,0.0088,-0.0157,-0.0004,0.0009,0.0137,0.0039,0.0102,0.011,0.0089,0.0042
2014-10-25,32.8848,131.085,O,,0.1336,0.1169,0.0907,0.1548,0.0997,0.0204,0.008,0.0138,0.0124,0.0131,0.0117,0.0005,0.0035,-0.0142,0.0031,0.0045,0.0025,0.0068,-0.0003,-0.0066,-0.0109,-0.0069,0.0054,0.0083,0.0039,-0.0045,-0.0137,-0.0108,-0.0078
2014-10-25,32.8848,131.085,S,,0.0847,0.0828,,0.0219,0.0145,0.0063,-0.015,-0.0034,-0.0128,-0.0164,-0.0093,-0.0071,-0.009,-0.0052,-0.003,0.0028,0.0053,0.0048,0.0032,0.0012,0.0058,0.0081,0.0059,0.0047,-0.0002,-0.0042,-0.0066,-0.0058,-0.0063
2014-10-25,32.8848,131.085,SE,0.1523,,,0.0316,0.0324,0.0098,-0.0013,-0.0043,0.0025,0.005,-0.0004,-0.002,-0.0036,-0.0051,-0.0063,-0.0077,-0.0065,-0.0004,0.0032,0.0051,0.005,0.005,0.0037,0.0047,0.0021,-0.0002,-0.0,-0.0021,-0.0036,-0.0039
2014-10-25,32.8848,131.085,SO,0.1229,0.1061,0.0816,,0.013,0.0433,0.0065,-0.0341,-0.0273,-0.0078,-0.0018,0.0013,0.0041,0.0059,0.0084,0.0119,0.0125,0.0105,0.0122,0.0119,0.0116,0.0092,0.0091,0.0034,0.0032,0.0014,-0.0039,-0.0097,-0.0167,-0.016
2014-11-10,32.8842,131.0856,E,0.0766,0.0565,0.0583,0.0526,0.0509,0.0499,0.0535,,,,,,,,,,,,,,,,,,-0.0008,1e-04,0.0022,0.0019,-0.0004,-0.0046
2014-11-10,32.8842,131.0856,N,,0.0856,0.082,0.0616,0.0223,-0.0024,-0.0057,-0.005,-0.0063,-0.008,0.0014,0.0072,0.0057,0.0068,0.0019,0.0039,0.0002,0.0029,-0.0018,-0.0065,-0.0131,-0.0154,-0.008,-0.0036,-0.001,0.0031,0.0055,0.0056,0.007,0.007
2014-11-10,32.8842,131.0856,NE,0.1048,0.1041,0.0754,0.0692,,0.0138,0.0227,0.0121,0.0131,0.0129,0.0111,0.0065,0.0053,0.0042,0.0049,0.0047,0.0026,0.0,-0.0033,-0.005,-0.0057,-0.0057,-0.0058,-0.0076,-0.0061,-0.0026,0.0023,0.0053,0.0013,0.002
2014-11-10,32.8842,131.0856,NO,0.066,0.0972,0.1325,0.1086,0.0892,0.031,0.0083,-0.0088,-0.0288,-0.0299,-0.0258,-0.0106,-0.0138,-0.0158,-0.0112,-0.0062,-0.0025,-0.0023,0.0012,0.0004,0.0038,0.0048,0.0019,0.0027,0.0034,0.0066,0.0099,0.0032,0.0094,0.0074
2014-11-10,32.8842,131.0856,O,,0.0734,0.1121,0.0975,0.0858,0.0528,0.0121,-0.0215,-0.0325,-0.0375,-0.0467,-0.0468,-0.0293,-0.0217,-0.0174,-0.0163,-0.0081,-0.0089,-0.0071,-0.0118,-0.001,0.0031,0.0104,0.0151,0.0107,0.0273,0.0304,0.0338,0.0352,0.0323
2014-11-10,32.8842,131.0856,S,,0.0894,0.0674,0.0897,0.0562,,,,-0.0572,-0.0526,-0.0151,-0.0061,0.006,0.01,0.005,0.0017,0.0019,0.0014,0.0004,-0.0087,-1e-04,0.0045,0.0057,0.0135,0.0102,0.0153,0.007,-0.0041,-0.008,-0.0115
2014-11-10,32.8842,131.0856,SE,,0.0899,0.0871,0.061,0.0674,0.0405,0.0487,,,,,,,,,,,,,,-0.0042,-0.0009,-0.0007,-0.0035,-0.0047,-0.0025,-0.0016,0.0005,1e-04,0.0011
2014-11-10,32.8842,131.0856,SO,,0.0517,0.0408,0.0103,-0.0102,-0.0226,-0.0379,-0.0294,-0.0214,-0.0087,-0.0056,-0.0022,0.0023,0.0066,0.01,0.0137,0.0153,0.0148,0.0158,0.0136,0.0132,0.0104,0.009,0.0059,1e-04,-0.004,-0.0097,-0.0095,-0.0125,-0.0161
2015-05-05,32.8842,131.0856,E,0.0753,0.0588,0.0348,0.0362,0.0449,0.0542,0.0354,0.0315,0.0096,0.0245,0.0202,0.0121,-0.0006,-0.0056,-0.0044,-0.0046,-0.0034,-0.0071,-0.0053,-0.0053,-0.0052,-0.0023,-0.0023,-0.0032,-0.0021,-0.0027,-0.0012,-0.0019,-0.0051,-0.0056
2015-05-05,32.8842,131.0856,N,,0.0819,0.0864,0.0713,0.0273,0.0017,0.0061,0.0091,0.0203,0.0256,0.0278,0.0228,0.025,0.0218,0.0166,0.0128,0.0152,0.0102,0.0115,-0.0044,-0.0138,-0.0203,-0.0192,-0.0098,-0.0061,-0.012,-0.0146,-0.0157,-0.012,-0.0134
2015-05-05,32.8842,131.0856,NE,0.065,0.089,0.0702,0.0414,0.0304,0.0091,0.0128,0.0311,0.0556,0.0566,0.0499,0.0426,0.0298,0.009,0.0018,-0.0025,-0.0013,-0.0099,-0.0087,-0.0052,-0.0112,-0.0108,-0.0098,-0.0121,-0.0085,-0.0111,-0.011,-0.0063,-0.0054,-0.0058
2015-05-05,32.8842,131.0856,NO,0.0896,0.15,0.2072,0.1619,0.1321,0.0516,0.0243,0.0048,-0.0217,-0.0234,-0.017,-0.0007,-0.0023,-0.0033,-0.0052,0.003,0.0003,-0.004,0.0104,0.0057,0.0114,0.0072,-0.0036,0.0002,0.0029,-0.0003,0.0032,-0.0095,-0.0034,-0.0046
2015-05-05,32.8842,131.0856,O,,0.121,0.1779,0.1593,0.1236,0.0597,0.0193,-0.0098,-0.018,-0.0299,-0.0378,-0.0371,-0.0192,-0.019,-0.0178,-0.0093,-0.0062,-0.0026,-0.0004,-0.0099,-0.001,0.006,0.0067,0.0078,0.0077,0.0223,0.04,0.0426,0.046,0.0446
2015-05-05,32.8842,131.0856,S,,0.1229,0.1105,0.1312,0.1102,0.0858,0.0509,0.0437,0.0148,0.0027,0.0162,0.009,-0.0031,-0.0106,-0.0161,-0.0178,-0.0156,-0.0112,-0.0073,-0.0026,-0.0017,-0.0028,-0.0063,-0.0011,0.0007,0.0019,-0.0013,0.0012,0.0028,0.006
2015-05-05,32.8842,131.0856,SE,,0.079,0.0914,0.0878,0.0785,0.0893,0.1032,0.0598,0.0289,-0.0108,-0.0251,0.0142,0.0076,-0.0078,-0.0152,-0.0069,-0.0155,-0.0126,-0.0137,-0.017,-0.0014,-0.0014,0.0022,0.0007,0.002,0.0032,0.0022,0.0016,-0.0055,0.0016
2015-05-05,32.8842,131.0856,SO,,0.1461,0.1584,0.1275,0.0707,0.0481,0.0145,0.0133,0.0204,0.0137,0.0081,0.0095,0.0111,-0.0071,-0.0126,-0.0155,-0.0108,-0.0102,-0.0049,0.0005,0.0022,0.0019,0.0063,0.0083,0.0082,-0.0006,0.0016,-0.0047,-0.0112,-0.0127
2015-05-21,32.8842,131.0856,E,0.1669,0.1506,0.1069,0.1244,0.1118,0.0889,0.0565,0.0337,-0.0073,-0.0051,0.0055,-0.0021,0.0011,-0.0051,0.0002,0.0072,-0.001,-0.0028,-0.0025,-0.0047,0.0008,0.0038,0.0062,0.0055,0.0035,0.0045,0.0062,0.0081,0.0046,0.0072
2015-05-21,32.8842,131.0856,N,,0.165,0.1254,0.0768,0.0476,0.0325,0.0293,0.0257,0.0238,0.0203,0.0218,0.0236,0.0236,0.0279,0.0155,0.0077,-0.001,-0.0027,-0.0069,-0.0098,-0.016,-0.0192,-0.0142,-0.0064,-0.0033,-0.0113,-0.0103,-0.0121,-0.0093,-0.0102
2015-05-21,32.8842,131.0856,NE,0.0818,0.1096,0.0828,0.0608,0.0548,0.0331,0.0038,0.0219,0.0186,0.026,0.0319,0.0208,0.0203,-0.0078,-0.008,-0.0078,0.001,0.0008,0.0067,0.0025,-0.0025,-0.0025,-0.0043,-0.006,-0.0057,-0.0098,-0.011,-0.0044,-0.0007,1e-04
2015-05-21,32.8842,131.0856,NO,0.1126,0.1274,0.1638,0.0931,0.0433,0.0385,0.015,-0.0082,-0.0326,-0.0371,-0.0251,-0.0043,-0.0211,-0.0244,-0.0126,-0.0041,0.005,-0.0032,0.0058,0.0083,0.0178,0.0143,-0.0066,-0.0052,-0.003,-0.011,-0.0051,-0.0219,-0.0167,-0.0363
2015-05-21,32.8842,131.0856,O,,0.1407,0.131,0.0806,0.0102,-0.0167,-0.0401,-0.0603,-0.0737,-0.0892,-0.0934,-0.0812,-0.0497,-0.0393,-0.0325,-0.0242,-0.0143,-0.0051,0.0065,-0.013,0.0097,0.0216,0.0298,0.0331,0.0339,0.0611,0.0601,0.0573,0.0596,0.0537
2015-05-21,32.8842,131.0856,S,,0.2007,0.1662,0.1638,0.1396,0.1008,0.0479,0.0202,-0.0119,-0.0178,0.0062,0.0069,-0.0109,-0.0182,-0.0127,-0.0182,-0.018,-0.0147,-0.0078,-0.007,-0.0056,-0.0073,-0.0137,-0.0071,-0.0024,-0.002,-0.0026,-0.0015,-0.0015,0.0011
2015-05-21,32.8842,131.0856,SE,,0.1333,0.1213,0.0945,0.0705,0.0608,0.0573,0.0422,0.0201,0.0165,0.0088,0.0167,0.0032,-0.0052,-0.0048,-0.0068,-0.0097,-0.0142,-0.0155,-0.0131,-0.0106,-0.0046,-0.0041,-0.0014,0.0005,0.0013,0.0041,0.0052,0.0091,0.0112
2015-05-21,32.8842,131.0856,SO,,0.1757,0.1557,0.0947,0.0438,0.0271,-0.0023,0.0089,0.015,0.0141,0.009,0.0105,0.001,-0.0025,-0.014,-0.0169,-0.0132,-0.0098,-0.0008,0.0053,0.0112,0.0148,0.0178,0.0173,0.0116,0.0036,-1e-04,-0.0061,-0.0151,-0.0221
2015-10-20,32.8853,131.0844,E,,,,,,,0.0316,-0.0077,-0.0145,-0.0226,-0.0193,-0.013,-0.0067,0.0065,0.0102,0.0217,0.0179,0.0178,0.017,0.0163,0.0083,0.0059,0.0075,0.0004,-0.007,-0.0063,-0.0155,-0.0249,-0.0172,-0.0075
2015-10-20,32.8853,131.0844,N,,,,-0.1588,,,-0.0381,-0.035,-0.0391,-0.0766,-0.0586,-0.0249,0.0071,0.0256,0.0156,0.0511,0.067,0.0804,0.0435,0.0595,0.0443,0.029,0.0193,0.0015,-0.0135,-0.0414,-0.0553,-0.0109,-0.0074,-0.0194
2015-10-20,32.8853,131.0844,NE,,,,,,,,0.0879,0.1018,0.1136,0.1124,0.0736,0.0411,0.0096,0.0213,0.0221,0.0006,-0.0071,-0.0102,-0.0107,-0.0096,-0.0163,-0.0136,-0.0197,-0.0177,-0.0271,-0.0229,-0.011,-0.0112,-0.0188
2015-10-20,32.8853,131.0844,NO,-0.1282,-0.159,-0.1793,-0.1844,-0.1776,-0.1577,-0.1261,-0.0675,0.0224,-0.0122,-0.0217,-0.0149,-0.0179,-0.0138,-0.0029,0.0235,0.0084,0.0417,0.0111,0.0137,0.022,0.026,-0.0083,0.016,-0.0121,0.0033,0.034,0.0083,-0.023,-0.0024
2015-10-20,32.8853,131.0844,O,,-0.0081,-0.0246,0.0084,0.0341,0.0106,-0.0173,-0.0727,-0.0563,0.0009,0.0154,0.0179,0.0065,-0.0097,-0.0104,0.0049,0.01,0.0296,0.0125,-0.0054,-0.0172,-0.0075,0.0023,-0.0035,-0.0248,-0.0245,-0.0089,0.0623,0.0405,0.0471
2015-10-20,32.8853,131.0844,S,,0.1126,0.084,0.1288,0.0958,0.0277,0.0351,0.0357,0.0018,0.0065,0.0083,0.0105,0.0094,0.0188,-0.0129,-0.0176,-0.0119,-0.0102,-0.0146,-0.0088,-0.0021,0.0021,0.0085,0.0082,-0.0101,-0.0067,-0.0046,-0.0013,-0.0008,-0.0023
2015-10-20,32.8853,131.0844,SE,,,,,,,,,,-0.0714,-0.0407,-0.0136,0.0098,0.0123,0.0275,0.0262,0.0068,0.0205,0.0046,0.0035,-0.0036,-0.0044,-0.005,-0.0117,-0.0137,-0.0161,-0.0007,-0.0009,0.0067,0.0078
2015-10-20,32.8853,131.0844,SO,0.0135,0.0603,0.0317,0.0262,0.0116,0.0533,-0.0048,-0.0259,-0.0287,-0.0062,-0.0018,0.0013,0.002,0.0045,0.0125,0.0112,0.011,0.013,0.0076,0.0089,0.009,0.0108,0.0017,0.003,-0.0,-0.0011,-0.0067,-0.0013,-0.0107,-0.0065
2015-11-21,32.885,131.0856,E,0.366,0.2584,0.1738,0.0784,0.0226,-0.0083,0.0025,0.0079,,,-0.0079,-0.0028,0.0116,,,,,,,,,,,,,,,,,
2015-11-21,32.885,131.0856,N,,0.1663,0.0844,0.0252,0.0038,0.002,0.0027,0.0028,-0.0028,-0.0034,-0.0019,0.0065,0.0067,0.0065,0.0148,0.0033,0.0073,0.0035,-0.002,-0.0106,-0.0152,-0.0168,-0.0103,-0.0056,0.0015,-0.002,0.0004,0.004,0.0079,0.0056
2015-11-21,32.885,131.0856,NE,0.1343,0.1457,0.0876,0.0512,0.0252,0.018,0.016,,,,,,,,,,,,,,,,-0.0068,0.0051,0.0009,-0.0045,-0.0004,0.0013,0.0045,-0.0003
2015-11-21,32.885,131.0856,NO,0.1047,0.1207,0.0709,0.0209,0.0182,-0.0019,-0.0307,-0.0294,-0.013,,,-0.0038,-0.0105,-0.0105,,0.0049,-0.0136,-0.0078,0.0028,0.0008,0.0108,0.0095,0.0085,0.0141,0.0039,-0.0015,-0.0007,0.004,0.0012,0.0024
2015-11-21,32.885,131.0856,O,,0.1835,0.1078,0.0641,0.0788,0.1339,,,,,,,-0.0208,-0.0369,-0.0318,-0.0058,0.0016,-0.0012,-0.0047,-0.0027,-0.0067,-0.0113,-0.0129,-0.0096,-0.0004,0.002,0.0176,0.0106,0.0181,0.0283
2015-11-21,32.885,131.0856,S,,0.1482,0.0596,0.0458,0.0382,0.0357,0.0198,0.015,0.0221,-0.0124,0.0078,-0.0068,-0.0109,,-0.0085,-0.0076,-0.0069,-0.0071,-0.0062,-0.0029,-0.0028,-0.006,-0.0024,-0.0046,0.0052,0.0029,0.0021,-0.0017,-0.0014,-0.0021
2015-11-21,32.885,131.0856,SE,,0.1726,0.1292,0.0599,0.0305,0.0143,0.0051,-0.0027,-0.0024,0.0005,0.002,0.0006,-0.0027,-0.0044,-0.0071,0.0014,0.0006,,-0.0016,-0.0007,,,,,,,-0.0002,0.0021,0.0025,-0.0002
2015-11-21,32.885,131.0856,SO,,0.1601,0.1098,0.1171,0.0798,0.0486,0.0164,0.0105,0.0171,,,,,0.0086,0.0081,0.0038,-0.0023,-0.0064,-0.001,-0.002,-0.0035,0.0015,1e-04,0.001,0.0033,0.002,-0.0003,-0.0021,-0.0038,-0.0037
2016-04-05,32.8848,131.085,E,0.0935,0.0735,0.0448,0.0226,-0.0075,-0.0041,-0.0062,-0.005,-0.0036,-0.0028,-0.0031,0.0002,-0.0017,0.0014,-0.0005,-0.0018,-0.0008,-0.0002,0.0005,0.0031,0.0048,0.0058,0.005,0.0052,0.0038,0.0017,-0.0,-0.0033,-0.0058,-0.0074
2016-04-05,32.8848,131.085,N,0.0908,0.0851,0.0654,0.0753,0.0323,0.0009,-0.0106,-0.021,-0.0252,-0.0191,-0.0201,-0.0153,-0.0047,0.0047,0.0063,0.0073,0.0047,0.0026,0.0077,0.0076,0.0128,0.0066,0.0017,-0.0055,-0.003,-0.0003,0.0009,-0.0028,-0.0044,-0.0042
2016-04-05,32.8848,131.085,NE,,0.0799,0.0661,0.0468,0.0046,-0.0131,-0.0281,-0.0288,-0.015,-0.0068,-0.0025,-0.0008,0.0007,-0.0097,-0.0066,-0.0083,-0.0056,-0.0043,-0.0019,-0.0071,-0.0051,-0.0002,-0.0002,0.0022,0.006,0.0083,0.0115,0.0104,0.0148,0.0211
2016-04-05,32.8848,131.085,NO,,0.0577,0.0594,0.0442,0.0411,0.0403,0.0122,-0.0094,-0.0076,-0.0142,-0.0193,-0.0305,-0.0242,-0.0156,-0.0125,-0.0106,-0.0091,-0.004,0.0027,0.0038,0.0062,0.0048,0.0157,0.0154,0.016,0.0025,0.0012,0.0154,0.0194,0.0123
2016-04-05,32.8848,131.085,O,,0.0749,0.0674,0.0557,0.0153,0.0062,-0.0125,-0.0149,-0.0114,-0.0106,-0.0083,-0.0126,-0.0182,-0.0168,-0.0085,-0.0029,-0.0005,-0.0022,0.011,0.0057,0.0133,0.0011,0.0042,0.0057,0.0057,0.0149,0.0061,0.0141,0.0173,0.0145
2016-04-05,32.8848,131.085,S,,0.085,0.0856,0.0632,0.0203,0.0039,0.0004,-0.0064,0.0017,0.0002,-0.0035,-0.0048,-0.0051,-0.0053,-0.0021,-0.0007,0.001,0.0016,0.0025,-0.0021,-0.0009,0.0032,0.006,0.0053,0.0061,0.002,-1e-04,-0.0062,-0.006,-0.0071
2016-04-05,32.8848,131.085,SE,0.0965,0.081,0.0669,0.0442,0.0262,0.0016,-0.0113,-0.0156,-0.0009,0.0026,-0.0051,-0.0106,-0.0057,-0.0091,-0.0067,-0.0023,0.0004,0.0025,0.0078,0.0093,0.0085,0.0098,0.0076,0.0055,0.0021,0.0044,-0.0026,-0.0004,-0.0035,-0.0037
2016-04-05,32.8848,131.085,SO,0.0857,0.0629,0.047,0.0043,0.0259,0.0187,0.0057,-0.0077,-0.0061,-0.0077,0.0085,0.0077,0.0033,-0.0064,-0.0024,-0.0053,-0.0039,-0.0029,-0.0007,0.0011,0.0008,0.0018,0.0034,0.0027,0.0035,0.0034,0.0026,-0.0002,-0.0046,-0.0067
2016-05-23,32.8845,131.085,E,0.3114,0.2737,0.1863,0.1381,0.0791,0.0176,0.0031,-0.0096,-0.0115,-0.0057,-0.002,0.0023,0.0027,0.0024,0.0055,0.003,0.0,0.0063,0.0043,0.0076,0.0113,0.0103,0.01,0.0053,0.0023,-0.0005,-0.0068,-0.0146,-0.0135,-0.0141
2016-05-23,32.8845,131.085,N,0.1934,0.124,0.0643,0.099,0.0519,0.0081,-0.0172,-0.0262,-0.0227,-0.0139,-0.0045,-0.0,0.002,0.0007,0.0011,0.0136,0.0162,0.0135,0.0102,0.0048,0.0009,-0.0015,-0.0117,-0.017,-0.0119,-0.0067,-0.0008,-0.0122,-0.0108,-0.0109
2016-05-23,32.8845,131.085,NE,,0.2198,0.1372,0.0855,0.0809,0.0217,-0.0029,-0.0159,-0.008,0.0069,0.023,0.0201,0.0195,0.0122,0.0046,-0.0,0.0025,-0.0009,0.0022,0.008,0.0021,-0.0008,-0.001,-0.0061,-0.0118,-0.0141,-0.0105,-0.0038,0.0075,0.0147
2016-05-23,32.8845,131.085,NO,,0.1934,0.1249,0.1027,0.1113,0.0664,-1e-04,-0.0103,-0.022,-0.0379,-0.0522,-0.053,-0.0403,-0.0192,-0.0288,-0.0266,-0.0085,-0.0072,-0.0028,-0.0229,-0.001,0.0105,0.0256,0.027,0.0142,-0.0119,0.0067,0.0196,0.025,0.0253
2016-05-23,32.8845,131.085,O,,0.2737,0.1758,0.1092,0.0415,0.0104,-0.0025,-0.0139,-0.0242,-0.0318,-0.036,-0.0326,-0.034,-0.0289,-0.0262,-0.028,-0.0266,-0.0181,-0.011,-0.0078,-0.0076,0.0011,0.0244,0.032,0.0378,0.023,0.0325,0.0516,0.0374,0.0537
2016-05-23,32.8845,131.085,S,,0.2286,0.2297,0.1368,0.0609,0.0164,-0.0142,-0.0265,-0.0135,-0.0226,-0.0225,-0.0067,-0.0004,0.0009,0.0062,0.0092,0.0134,0.0177,0.019,0.0075,0.0014,0.003,0.0036,0.0012,-0.0023,-0.0114,-0.0136,-0.0103,-0.0083,-0.0085
2016-05-23,32.8845,131.085,SE,0.2959,0.2513,0.1796,0.1366,0.1082,0.054,0.0096,-0.0178,-0.03,-0.0041,-0.0058,-0.0123,-0.0014,-0.0033,0.0018,0.0002,0.005,-0.0023,0.0052,0.0057,0.0042,0.0017,-0.0012,0.001,-0.0046,-0.0017,-0.0135,-0.0074,-0.0093,-0.0088
2016-05-23,32.8845,131.085,SO,0.2869,0.2711,0.1949,0.0825,0.0371,0.0102,-0.0081,-0.0195,0.0007,-0.0015,0.0038,-0.0021,-0.0021,-0.0091,-0.0064,-0.0041,-0.0011,0.0044,0.0081,0.0128,0.0154,0.0177,0.0173,0.0144,0.0064,0.0044,-0.0032,-0.0104,-0.0217,-0.0335
2016-08-03,32.8848,131.085,E,0.4404,0.38,0.2381,0.1592,0.0477,0.0245,0.0169,0.0064,0.006,0.0017,0.0051,0.003,-0.0056,-0.0031,0.0011,0.0009,-0.0136,-0.0125,-0.0091,-0.006,-0.0016,0.0013,0.0065,0.0068,0.0165,0.0321,,,-1e-04,0.0039
2016-08-03,32.8848,131.085,N,0.3556,0.2505,0.1569,0.1789,0.0531,0.0092,-0.0222,-0.0151,-0.0149,-0.0026,-0.0054,-0.0136,-0.0153,-0.0031,-0.0027,-1e-04,0.0063,-0.0027,0.0034,-0.0068,0.0124,0.0045,0.0005,-0.0021,1e-04,0.0073,0.0068,0.0032,0.0037,-0.0013
2016-08-03,32.8848,131.085,NE,,0.4002,0.2856,0.2005,0.1058,0.0269,-0.0101,-0.0317,-0.0225,-0.0142,-0.0117,-0.0092,-0.0112,-0.0227,-0.028,-0.0175,-0.0101,-0.0036,0.0023,0.0086,-1e-04,0.004,0.0072,0.0099,0.0129,0.0187,0.0181,0.0235,0.0238,0.0315
2016-08-03,32.8848,131.085,NO,,0.3731,0.2165,0.1457,0.1314,0.1173,,,,,,,,,,,,,,,,,,,,,,,,
2016-08-03,32.8848,131.085,O,,0.4425,0.2707,0.1217,,,,,,,,,,,,,,,,,,0.0,0.0,0.0,0.0,,,,,
2016-08-03,32.8848,131.085,S,,0.273,0.2751,0.1439,-0.009,-0.024,-0.0159,-0.028,-0.0033,-0.0046,-0.0068,-0.006,-0.0061,-0.0023,0.0058,0.0039,0.0055,0.011,0.0132,0.0021,-0.002,0.0079,0.0125,0.0156,0.0176,0.0197,0.0067,-0.0134,-0.0358,-0.0486
2016-08-03,32.8848,131.085,SE,0.3414,0.2862,0.2058,0.1258,0.0619,0.0214,0.0167,0.0087,0.0135,0.006,-0.0069,-0.0062,-0.0043,-0.0113,-0.0132,-0.016,-0.0133,-0.0043,-0.0003,-0.0035,0.003,0.0044,0.005,0.0039,0.0033,0.0083,0.0111,0.0088,0.0092,-0.0018
2016-08-03,32.8848,131.085,SO,0.3032,0.2681,0.1567,0.0959,0.0197,-0.0031,,,,,,,,,,,,,,,,,0.0,0.0,-0.0,,,,,
2016-08-11,32.8848,131.085,E,0.3834,0.3105,0.2204,0.1344,0.0586,0.0371,-0.0017,-0.0119,0.001,0.0133,0.0099,0.0058,-0.0053,0.0085,0.0026,0.0027,0.0017,-0.0023,-0.0008,0.0059,0.0055,0.009,0.0057,-0.0002,-0.0043,-0.0003,-0.005,-0.0115,-0.0139,-0.0145
2016-08-11,32.8848,131.085,N,0.3361,0.2833,0.2369,0.2615,0.1707,0.0737,0.0111,-0.0075,-0.0092,0.004,0.001,0.0,0.0149,0.0237,0.0278,0.0241,0.0254,0.0136,0.0154,0.0073,0.0067,-0.0037,-0.0109,-0.0218,-0.0192,-0.0094,-0.0083,-0.0073,-0.0165,-0.0114
2016-08-11,32.8848,131.085,NE,,0.26,0.197,0.1571,0.0511,0.0117,-0.008,-0.0111,0.0086,0.0245,0.0304,0.0271,0.0241,0.0076,0.0033,-0.0069,-0.0022,-0.0036,0.0085,0.009,-1e-04,0.0028,0.0004,-0.0035,0.0005,-0.0062,0.0056,-0.0165,-0.0011,0.0039
2016-08-11,32.8848,131.085,NO,,0.2878,0.2276,0.1817,0.1534,0.1221,0.0435,0.007,0.0027,-0.0064,-0.0169,-0.0291,-0.0087,0.0006,0.0209,0.015,1e-04,0.0037,0.0216,0.0126,0.0283,0.0125,0.0105,0.0104,0.0136,-0.0255,-0.0397,-0.0248,-0.0228,-0.0282
2016-08-11,32.8848,131.085,O,,0.4285,0.3569,0.3048,0.2123,0.1081,0.0442,0.0217,0.0049,-0.0108,-0.0151,-0.0232,-0.0326,-0.0328,-0.0129,-0.0068,-0.0045,-0.0009,0.017,0.0118,0.0068,-0.0116,-1e-04,0.0191,0.0185,0.0207,-0.0102,0.0239,0.0345,0.0502
2016-08-11,32.8848,131.085,S,,0.3742,0.3702,0.2431,0.1113,0.0593,0.0296,-0.0004,0.0138,0.0054,-0.0086,-0.0157,-0.005,0.0031,0.0079,0.002,0.0041,0.001,0.005,0.0009,-0.0033,-0.0039,-0.0047,-0.0042,-0.0046,-0.0038,-0.0039,-1e-04,0.004,0.0046
2016-08-11,32.8848,131.085,SE,0.4221,0.364,0.2849,0.2007,0.1047,0.0403,0.0044,-0.0246,0.0039,-0.0013,-0.0091,-0.0185,-0.0121,-0.0099,-0.005,-0.0076,-0.0071,-0.0107,0.0051,0.0065,-0.0004,0.007,0.0036,0.0058,0.0013,0.0143,-0.0079,0.006,-0.0012,0.0023
2016-08-11,32.8848,131.085,SO,0.4658,0.4149,0.3397,0.2427,0.1561,0.0762,0.0224,-0.0075,-0.0055,-0.0134,0.0033,0.001,0.0011,-0.0019,-0.001,0.002,0.0042,0.0042,0.0055,0.0052,0.0018,0.0026,0.0038,-0.0033,-0.0027,-0.0094,-0.0098,-0.0046,-0.0113,-0.0105
2016-10-30,32.8848,131.085,E,0.2024,0.1736,0.1427,0.1108,0.0661,0.0384,0.0195,0.017,0.0087,-0.0028,-0.0082,-0.0067,0.001,0.0015,0.0011,-0.0008,-0.0026,-0.0051,-0.0054,-0.004,-0.0053,-0.0021,-0.0011,0.0007,0.001,0.002,0.0035,0.0029,0.0025,0.0025
2016-10-30,32.8848,131.085,N,0.1992,0.1698,0.1233,0.1272,0.0854,0.0495,0.0135,0.0046,0.0019,-0.002,-0.0068,-0.0093,-0.0036,-0.0043,-0.0013,0.0011,0.0006,0.0022,0.0036,-0.0003,0.0048,0.0057,0.0012,-0.0009,-1e-04,-0.0007,-0.0002,-0.0018,0.0032,0.0055
2016-10-30,32.8848,131.085,NE,,0.1602,0.1398,0.1069,0.0813,0.0369,0.0173,0.0041,0.0021,-0.0034,-0.007,-0.0125,-0.0147,-0.0178,-0.0128,-0.0089,,-0.0045,-0.0014,-0.0012,-0.0066,-0.0053,-0.0018,0.0022,0.0,0.0033,0.0094,0.0126,0.0149,0.0121
2016-10-30,32.8848,131.085,NO,,0.1521,0.112,0.0861,0.0835,0.045,0.0331,-0.0079,-0.0006,0.0007,-0.0076,-0.0126,-0.0115,-0.0068,-0.0077,-0.0034,-0.0108,-0.0085,-0.0041,-0.0008,-0.0029,-0.0038,0.003,0.0018,0.0066,0.0002,0.0015,0.0057,0.0046,0.0042
2016-10-30,32.8848,131.085,O,,0.1743,,,,,,,,,,-0.0207,-0.0297,-0.0254,-0.0164,-0.0109,-0.0107,-0.0113,-0.0025,-0.007,-0.0074,-0.008,-0.0005,0.0022,0.0027,0.0092,0.0132,0.0158,0.0216,0.0244
2016-10-30,32.8848,131.085,S,,0.0847,0.0865,0.0665,0.0314,0.0126,0.009,-0.0067,0.0047,0.0007,-0.0027,-0.0005,-0.0009,-0.0013,-0.0021,-0.0017,-0.0009,-0.0007,0.0004,-0.0036,-0.0037,0.0002,0.0019,0.0,-0.0005,-0.0005,-1e-04,0.0016,-0.0008,-0.0017
2016-10-30,32.8848,131.085,SE,0.1473,0.0833,0.101,0.0894,0.069,0.038,0.0193,0.0076,0.012,0.0036,0.001,-0.0016,-0.001,-0.0037,-0.0058,-0.0056,-0.0045,-0.0017,-0.0011,0.0013,0.0002,0.0004,0.0006,0.0013,0.0011,0.0003,0.0012,0.001,0.0005,0.0012
2016-10-30,32.8848,131.085,SO,0.1247,0.1254,0.0685,0.0421,,0.0125,0.014,-0.0107,-0.0133,-0.0059,-0.0026,0.0,0.0007,-0.0022,0.003,0.0019,0.0035,0.0062,0.0047,0.0067,0.0053,0.0029,0.0029,0.0007,0.0012,-0.0009,-0.0003,-0.0024,-0.0047,-0.0056
2017-10-25,32.8848,131.085,E,0.3278,0.2879,0.1757,,,,,,,,,,,,,-0.0014,0.0029,-0.0024,-0.003,-0.0045,-0.0029,-0.0013,-0.0022,0.0017,0.0023,0.0037,0.0053,0.0024,-0.0005,0.0006
2017-10-25,32.8848,131.085,N,0.3469,0.3194,0.261,0.2671,0.194,0.0924,-0.0082,-0.0074,-0.0083,-0.0066,-0.0096,-0.009,-0.011,-0.0078,-0.0052,0.0013,0.002,-0.0064,-0.0074,-0.0081,-0.0055,-0.009,-0.004,-0.0041,0.0011,0.008,0.0045,0.0079,0.0186,0.0263
2017-10-25,32.8848,131.085,NE,,0.2568,0.2148,0.1489,0.1039,0.0492,0.0019,-0.0071,-0.0113,-0.0148,-0.0164,-0.0215,,-0.0273,-0.0136,-0.0053,-0.0049,-0.0138,-0.0143,-0.0142,-0.0106,-0.0051,-0.0042,0.0011,0.0002,0.0057,0.0089,0.0082,0.0143,0.0141
2017-10-25,32.8848,131.085,NO,,0.2701,0.2114,0.1881,0.1455,0.1471,0.0704,,-0.0194,-0.0127,-0.0212,-0.017,-0.0125,-0.0101,-0.0149,-0.0125,-0.0154,-0.0082,-0.0029,0.0023,0.0046,0.0046,0.0076,0.0135,0.0162,0.0088,0.0072,0.0161,0.0118,0.0124
2017-10-25,32.8848,131.085,O,,,0.2931,0.2641,0.1264,0.0103,-0.0489,-0.0272,-0.0274,-0.0176,-0.0136,-0.0254,-0.0286,-0.0292,-0.0141,-0.0143,-0.0125,-0.0071,-0.0044,-0.0036,-0.0214,-0.0219,,,,0.0057,-0.0032,0.0258,0.0504,0.057
2017-10-25,32.8848,131.085,S,,0.3058,0.3152,0.2527,0.098,,,-0.0016,0.006,0.0059,0.0011,0.0019,-0.0054,-0.009,-0.0091,-0.0054,-0.001,-0.0026,-0.0026,-0.0021,-0.004,0.0004,0.0038,0.0007,0.0004,-0.001,-0.0023,-0.0009,-0.0028,-0.0007
2017-10-25,32.8848,131.085,SE,0.3333,0.2644,0.2347,0.1218,,,,,,,,,,,,,,-0.0029,0.0011,-0.0018,-0.0005,-0.0021,0.001,0.0011,0.0003,-0.0012,-0.0016,-0.0013,-0.0014,-0.0003
2017-10-25,32.8848,131.085,SO,,,0.3035,0.2286,0.1178,0.0239,0.0043,-0.0325,-0.0166,-0.0014,0.0018,-0.0005,-0.0018,-0.0061,0.0011,0.0024,0.0084,0.0125,0.0121,0.0105,0.0084,0.0079,0.0068,0.0013,-0.0045,-0.0026,-0.0026,-0.0064,-0.0166,-0.0223
2018-04-03,32.8853,131.0847,E,0.3274,0.1913,0.0819,0.0352,-0.0098,-0.0084,-0.0031,-0.013,-0.0222,-0.0113,-0.0123,-0.0161,-0.0221,-0.014,0.0037,0.0108,0.0105,0.0154,0.0115,0.0064,-0.0066,0.0023,0.0027,0.0029,,,-0.0118,-0.0196,0.0006,0.0054
2018-04-03,32.8853,131.0847,N,,0.2966,0.2656,0.294,0.2588,0.18,0.0295,-0.0226,-0.0021,-0.0014,0.0188,0.016,-1e-04,-0.0198,-0.0117,-0.0105,0.0099,0.0308,0.0219,0.0162,0.0143,0.0114,-0.0084,-0.008,-0.0142,-0.0138,0.0027,-0.0006,-0.0103,-0.0044
2018-04-03,32.8853,131.0847,NE,,0.1847,0.0947,0.0471,-0.0086,-0.029,-0.0269,-0.0105,0.0025,0.0148,0.0141,0.0075,0.0057,0.0037,0.0044,-0.021,-0.0252,-0.0206,-0.0072,0.0063,0.0119,0.0031,-0.0049,-0.0051,-0.0015,0.0039,0.0138,0.0098,0.0194,0.0067
2018-04-03,32.8853,131.0847,NO,,0.2321,0.1834,0.1785,0.1852,0.1403,0.0408,0.0047,-0.0596,-0.0897,-0.0629,-0.0623,-0.0877,-0.0732,-0.0686,-0.0586,-0.0384,-0.0606,-0.05,-0.0368,-0.0176,-0.0066,-0.0081,-0.0129,0.0042,0.0428,0.0645,0.003,0.0452,0.0377
2018-04-03,32.8853,131.0847,O,,0.3218,0.2366,0.2362,0.1703,0.0743,0.0129,,,,,,-0.0498,-0.0612,-0.0516,-0.0499,-0.0419,-0.0322,-0.0322,-0.0339,-0.028,-0.0195,-0.0137,0.0095,0.0121,0.0055,-0.0011,0.0699,0.0799,0.1004
2018-04-03,32.8853,131.0847,S,,0.2341,0.1687,0.0345,-0.0447,-0.0602,-0.0591,0.0019,-0.0092,-0.0181,-0.0043,0.0012,-1e-04,0.0033,0.0084,0.0089,0.0073,0.0099,0.0021,0.0042,0.0158,0.0143,0.0111,0.0085,-0.0038,-0.0058,-0.0064,-0.0039,-0.0072,-0.0077
2018-04-03,32.8853,131.0847,SE,0.2489,,0.1277,0.0523,0.0196,0.0011,0.005,0.0079,-0.0009,-0.002,-0.0061,-0.0119,-0.0165,-0.0042,0.0032,0.0054,0.0074,0.0073,0.0097,0.0076,0.0066,0.003,0.0028,0.0068,0.0047,-0.0049,-0.0065,-0.0084,-0.0067,-0.0067
2018-04-03,32.8853,131.0847,SO,0.2358,0.2378,0.2008,0.062,0.0222,-0.0646,-0.0264,-0.0481,-0.0078,,,,,0.0005,-0.0047,0.0011,-0.0011,0.0026,0.0067,0.0132,0.0199,0.0142,0.0125,0.0111,0.0113,0.0033,-0.0064,-0.008,-0.0165,-0.0207
2018-11-05,32.8848,131.085,E,,0.3562,0.2987,0.2363,0.1378,0.0794,0.0377,0.023,0.0024,-0.0067,-0.0125,-0.004,-0.0082,-0.0012,-0.004,-0.0028,-0.0036,0.0065,0.0005,0.0008,0.003,0.0014,0.0006,0.0017,0.0005,-0.0038,-0.0083,-0.0073,0.0004,0.0048
2018-11-05,32.8848,131.085,N,0.3018,0.2511,0.2018,0.2387,0.1618,0.0856,0.0278,0.0004,-0.0007,-0.0048,-0.0117,-0.0103,0.0016,0.0135,0.017,0.0164,0.0122,0.0025,0.0065,0.0101,-1e-04,-0.0087,-0.0141,-0.0222,-0.0126,-0.0051,0.0035,0.0023,0.0104,0.0199
2018-11-05,32.8848,131.085,NE,,0.3005,0.2532,0.2069,0.1368,0.0819,0.0438,0.0215,0.0272,0.023,0.0214,0.0163,0.0087,-0.0081,-0.008,-0.0035,-0.0097,-0.0128,-0.0136,-0.016,-0.0009,-0.0011,-0.0021,-0.0046,-0.0018,0.0048,0.0034,0.0002,0.0103,0.0162
2018-11-05,32.8848,131.085,NO,,0.2674,0.2266,0.191,0.1672,0.2216,0.1781,0.1345,0.0527,0.0002,-0.022,-0.0435,-0.0472,-0.021,-0.0306,-0.0062,-0.0172,-0.0081,0.0058,0.0079,0.0138,0.0167,0.0122,0.0007,0.0122,0.0031,0.0004,0.0042,0.0012,-0.0066
2018-11-05,32.8848,131.085,O,,0.3708,0.2981,0.2358,0.126,0.1035,0.0668,0.0319,-0.0051,-0.0153,-0.0267,-0.0402,-0.0552,-0.0431,-0.031,-0.02,-0.0194,-0.0244,-0.0164,-0.0079,-0.0021,-0.0182,-0.0131,-0.0051,-0.0056,0.0128,0.0406,0.0439,0.0545,0.0453
2018-11-05,32.8848,131.085,S,,,,0.234,0.1181,0.032,0.0136,-0.0166,-0.0017,-0.0016,-0.0075,-0.0051,-0.0043,-0.0072,-0.0037,-0.0019,0.0026,0.0021,0.0029,0.0007,0.0031,0.008,0.0074,0.0053,0.0037,0.0022,0.0014,-0.0002,-0.0091,-0.0099
2018-11-05,32.8848,131.085,SE,,0.3034,,0.2209,0.1285,0.0646,0.0061,-0.0028,0.017,0.0233,-0.0027,-0.0016,-0.002,-0.0055,-0.0085,-0.0112,-0.0081,0.0018,0.0079,0.012,0.0074,0.0083,0.0067,0.0075,0.0051,0.0006,-0.0024,-0.0053,-0.0057,-0.0062
2018-11-05,32.8848,131.085,SO,0.3479,0.3424,0.2916,0.225,0.1707,0.0804,0.0295,-0.0118,-0.0136,-0.0063,-0.0004,-0.0018,0.0015,-0.0022,0.0028,0.003,0.0052,0.0089,0.0033,0.0129,0.0091,0.0088,0.0098,0.0049,0.0021,0.0003,-0.0046,-0.0043,-0.0102,-0.0107
2019-05-08,32.8845,131.085,E,0.1775,0.1407,0.0515,0.0343,0.0457,0.0075,0.0074,-0.0062,-0.0064,,,,,,-0.0023,0.003,-0.0006,-0.0,0.0023,0.0012,0.0071,0.0061,0.0042,0.0024,0.0012,-0.0037,-0.0083,-0.0067,-0.0142,-0.0114
2019-05-08,32.8845,131.085,N,0.0494,0.0078,-0.0272,0.0075,-0.0032,-0.0028,-0.0258,-0.0277,-0.0251,-0.0202,-0.0088,-0.0061,0.0025,-0.0014,-0.0008,0.0161,0.0329,0.0166,0.0065,0.0067,0.0007,-0.0017,-0.0111,-0.0306,-0.0175,-0.0027,0.0019,-0.0015,-0.004,-0.0029
2019-05-08,32.8845,131.085,NE,,0.0785,0.0219,0.0024,0.0117,0.0169,-0.0154,-0.0234,0.0015,0.0166,0.0315,0.0262,0.0016,-0.006,0.0007,0.0153,0.0291,0.0088,0.0012,-0.0023,0.0085,0.0033,0.0088,0.0032,-0.0026,-0.0055,-0.0054,-0.0093,-0.0058,-0.004
2019-05-08,32.8845,131.085,NO,,0.013,-0.0115,0.1706,0.2292,0.1929,0.0387,-0.0324,-0.0306,-0.0364,-0.0412,-0.0325,-0.0342,-0.0241,-0.0225,-0.0291,-0.0168,-0.0112,0.0038,0.0062,0.0131,0.0233,0.0401,0.0348,0.0284,0.0191,0.001,0.0111,0.0051,-0.0055
2019-05-08,32.8845,131.085,O,,0.1062,0.0729,0.035,-0.0328,-0.0653,-0.05,-0.0382,-0.0187,-0.0193,-0.0334,-0.0463,-0.0446,-0.0381,-0.0388,-0.0376,-0.0281,-0.0252,-0.0172,-0.0078,0.0021,,,,-0.0041,-0.007,0.0305,0.076,0.0697,0.085
2019-05-08,32.8845,131.085,S,,0.0785,0.0837,0.0352,-0.0189,-0.0235,-0.0322,-0.0294,-0.004,-0.0025,-0.0115,-0.0135,-0.0124,-0.019,-0.0176,-0.0128,-0.0093,0.0013,-0.0046,0.0033,0.0025,0.0126,0.0137,0.0059,0.0055,-0.0014,-0.005,-0.0041,0.0007,-0.0029
2019-05-08,32.8845,131.085,SE,0.1732,0.1491,0.0897,0.0686,0.062,0.0384,0.0185,0.0048,-0.0029,-0.0014,-0.0037,-0.004,-0.0043,-0.0065,-0.0086,-0.0105,-0.0113,-0.0135,-0.0114,-0.0115,0.0088,-0.0015,-0.0054,-0.0045,0.0019,0.0036,0.0022,0.0056,-0.0022,-1e-04
2019-05-08,32.8845,131.085,SO,0.1329,0.1343,0.0839,0.0216,-0.0006,-0.0257,-0.0324,-0.0205,0.0094,0.0103,0.0114,0.0072,0.0049,0.0072,0.0014,0.0009,-0.002,0.0023,0.0082,0.0115,0.0135,0.0164,0.0171,0.0131,0.0084,0.0076,0.0005,-0.0088,-0.031,-0.0377
2019-05-24,32.8853,131.0847,E,0.048,0.0751,0.0617,0.0814,,,,,,-0.0042,0.0035,0.0035,-0.0005,-0.0003,-0.0024,0.0006,-0.0008,0.0033,0.0073,0.0046,0.0025,-0.0004,0.0024,0.0026,-0.0025,-0.0046,-0.0025,-0.0017,-0.0005,-0.001
2019-05-24,32.8853,131.0847,N,,-0.0318,-0.0385,-0.0113,-0.0016,0.0049,-0.0283,-0.0522,-0.0066,0.0081,0.0158,0.0183,-0.0064,-0.0134,-0.0054,-0.0044,0.0159,0.0221,0.0262,0.016,0.0102,-0.0052,-0.0139,-0.0049,-0.0076,-0.0144,-0.0002,0.0048,-0.0013,0.0019
2019-05-24,32.8853,131.0847,NE,,0.0463,0.0261,0.0235,0.0097,-0.0222,-0.0168,,,,-0.0341,-0.0139,0.0087,0.0128,0.0225,0.0031,0.0021,0.0067,0.0073,0.0067,-0.0037,-0.0078,-0.0143,-0.0221,-0.0142,-0.0154,-0.0013,0.0109,0.0159,0.0145
2019-05-24,32.8853,131.0847,NO,,-0.1283,-0.1588,-0.1648,,,,,,,,,-0.045,-0.045,-0.0459,-0.0461,-0.0349,-0.0309,-0.0388,-0.022,-0.0271,-0.0157,0.0019,0.0095,0.0141,0.032,0.0388,0.0168,0.0231,0.0149
2019-05-24,32.8853,131.0847,O,,-0.1043,-0.1363,-0.1072,-0.0367,,,,-0.0177,0.0044,0.0007,-0.0139,-0.016,-0.0136,-0.0058,-0.004,-0.0092,-0.0078,-0.016,-0.0055,-0.0027,0.0,0.0254,0.0435,0.0505,0.1424,,,-0.0622,-0.0622
2019-05-24,32.8853,131.0847,S,,0.0508,0.0501,0.0146,0.0389,0.0435,0.0146,0.0309,-0.0031,-0.0153,-0.0076,-0.0046,-0.0074,-0.0018,0.0016,0.0055,0.0077,0.0046,0.0051,0.0053,0.0117,0.0121,0.0072,0.0005,-0.0098,-0.0116,-0.0106,-0.0077,-0.0036,-0.0031
2019-05-24,32.8853,131.0847,SE,0.0481,,0.0641,0.0423,0.0553,0.04,0.0447,0.0013,-0.014,-0.0243,-0.0285,-0.0204,-0.0127,-0.0085,-0.006,-1e-04,0.005,0.0065,0.0061,0.0018,-0.0002,0.0043,-1e-04,0.0057,0.0008,-0.0083,-0.0058,-0.0009,0.003,0.0027
2019-05-24,32.8853,131.0847,SO,0.0215,0.0031,-1e-04,-0.0399,-0.0445,-0.0244,0.0124,0.0011,-0.002,-0.0115,-0.0117,0.0009,-0.0022,-0.0046,-0.0041,-0.0006,0.0009,0.0029,0.0017,0.001,0.0036,0.0049,0.0112,0.0121,0.0071,-0.0005,-0.0023,-0.0119,-0.0131,-0.0062
2019-08-04,32.8842,131.0853,E,0.2741,0.2429,0.1925,0.1457,0.1216,0.1002,0.0796,0.0564,0.0275,0.0322,0.0357,0.0273,0.0164,0.0012,-0.0106,-0.0126,-0.0152,-0.0159,-0.0171,-0.0164,0.0114,0.012,-0.0395,-0.0381,-0.0409,-0.0387,-0.0417,-0.0442,-0.0491,0.0227
2019-08-04,32.8842,131.0853,N,,0.0934,0.1181,0.0855,0.0294,0.002,-0.0171,-0.0293,-0.03,-0.0242,-0.0152,0.0094,0.0206,0.0206,0.0259,0.0263,0.0233,0.0186,0.0177,0.0166,0.0028,-0.0142,-0.0224,-0.0196,-0.0065,-0.004,-0.011,-0.0169,-0.0192,-0.0178
2019-08-04,32.8842,131.0853,NE,,0.1512,0.1348,0.0974,0.0736,0.0421,-0.0246,0.0091,-0.0225,-0.007,-0.0008,-0.0051,0.0009,-0.0067,-0.0123,-0.0206,-0.0079,0.0053,0.0159,0.0126,0.0078,-0.0028,0.0061,0.0039,0.0014,-0.0032,-0.0072,0.0025,0.0102,0.0039
2019-08-04,32.8842,131.0853,NO,0.1203,0.1335,0.1351,0.1812,0.1375,0.0783,0.0499,-0.0034,-0.0322,-0.0649,-0.0645,-0.0537,-0.0323,-0.0245,-0.0405,-0.0092,-0.001,0.0011,0.0047,-0.0004,0.0141,0.0413,0.0149,-0.007,-0.0078,-0.0017,-0.0048,-0.0175,-0.0214,-0.0215
2019-08-04,32.8842,131.0853,O,,0.2188,0.1993,0.1445,0.0724,0.0178,-0.0166,-0.0307,-0.0542,-0.0802,-0.0825,-0.078,-0.0487,-0.0412,-0.0414,-0.0408,-0.022,-0.0083,0.0089,-0.0057,0.0085,0.0267,0.0298,0.0412,0.0297,0.056,0.0824,0.0696,0.0851,0.0746
2019-08-04,32.8842,131.0853,S,0.4131,0.3695,0.3244,0.2973,0.2105,0.1067,0.0465,-0.0035,-0.0151,0.0123,-0.005,-0.006,-0.0137,,-0.0047,-0.0076,,,,,,,,,,,,,,
2019-08-04,32.8842,131.0853,SE,,0.1545,0.1154,0.0802,0.0291,-0.0153,-0.0434,-0.0325,0.0102,0.0069,-0.0099,-0.0216,-0.0275,,,,,,-0.0191,-0.0051,0.0041,0.0127,0.019,0.0151,0.0198,0.021,0.0132,0.0027,-0.0119,-0.0145
2019-08-04,32.8842,131.0853,SO,,0.2809,0.2303,0.1581,0.1313,0.0645,0.0279,0.0181,0.0133,0.0094,0.007,0.0028,-0.0006,-0.0125,-0.005,-0.0138,-0.0074,-0.0007,0.0088,0.0111,0.0196,0.0173,0.0272,0.024,0.0191,0.0117,0.0064,-1e-04,-0.0167,-0.0215
2019-10-15,32.8845,131.085,E,0.1858,0.1159,0.0615,0.0843,0.1402,0.1277,0.097,0.0393,0.0042,-0.0032,-0.0096,-0.0161,-0.0183,0.0078,0.0115,0.0032,-0.0151,-0.0037,-0.0085,,,-0.0005,-0.003,-0.0054,-0.0032,-0.0025,-0.0032,-0.0037,-0.0052,-0.002
2019-10-15,32.8845,131.085,N,0.1609,0.0805,0.0309,0.0469,-0.0021,-0.0057,-0.0038,0.0113,0.0099,0.0176,0.0208,0.0121,0.0107,0.0071,0.0035,0.0048,0.019,0.0054,0.0003,0.0012,-0.0015,-0.008,-0.0105,-0.0199,-0.0105,-0.0058,-0.0015,-0.0088,-0.0064,0.0007
2019-10-15,32.8845,131.085,NE,,0.1489,0.1211,0.0889,0.1136,0.1117,0.0837,0.063,0.0204,0.0148,0.0139,0.0132,0.0114,0.0018,0.0014,1e-04,-0.0049,0.0004,0.0019,-0.0007,-0.008,-0.009,-0.0051,-0.0136,-0.0169,-0.0125,-0.0088,-0.0094,-0.0105,-0.0094
2019-10-15,32.8845,131.085,NO,,0.0841,0.026,0.0254,0.0645,0.0679,0.0163,0.0121,0.0083,-0.0057,-0.005,0.0005,-0.0105,-0.0026,-0.0092,-0.0232,-0.0205,-0.0124,-0.0079,0.0054,0.0169,0.0204,0.025,0.02,0.0205,-0.0115,-0.0023,-0.0078,-0.0134,-0.0145
2019-10-15,32.8845,131.085,O,,0.2394,0.1464,0.0686,0.001,-0.0146,0.0213,0.012,-0.0095,-0.0169,-0.0383,-0.0836,-0.0739,,,,-0.0217,-0.0339,-0.0303,-0.0091,-0.0236,-0.0047,0.0061,-0.0031,0.0107,0.0045,0.0196,0.0373,0.0475,0.0625
2019-10-15,32.8845,131.085,S,,0.1034,0.0993,,,,,,,,,,,,,-0.0181,,0.0097,0.0096,0.0086,0.0028,-0.0037,-0.0078,-0.0042,-0.0018,-0.0043,-0.0042,-0.0016,0.0007,0.0055
2019-10-15,32.8845,131.085,SE,0.1087,0.0506,-0.0043,0.001,,,,,,,,,,,-0.0065,-0.0112,-0.0128,-0.0134,-0.0002,0.0002,0.0089,0.0129,0.0103,0.0068,0.0034,0.0081,0.0039,0.0021,-0.0034,-0.0063
2019-10-15,32.8845,131.085,SO,0.1544,0.1512,0.0776,,0.0145,-0.0073,-0.0281,0.0099,0.0123,-0.0007,0.0155,-0.0116,0.0081,-0.0112,-0.0282,-0.0091,-0.0239,0.0134,0.0205,0.0265,0.0189,0.0191,0.0173,0.0098,0.0024,0.0037,-0.0083,-0.0074,-0.0195,-0.0224
2019-10-31,32.8845,131.085,E,0.1894,0.1477,0.109,0.1167,0.1241,,,,,,,,,,,,,,,,,-0.007,-0.0059,-0.0058,-0.0014,0.0004,0.0054,0.0044,0.0033,-0.0005
2019-10-31,32.8845,131.085,N,0.1392,0.069,0.0379,0.0491,0.0257,0.0031,,-0.0178,-0.0155,-0.0067,-0.009,-0.0054,0.0015,-0.0034,0.0029,0.0088,0.0152,0.0111,0.0109,0.0088,0.0029,-0.0093,-0.0009,-0.015,-0.009,-0.0018,-0.0037,-0.0014,0.0044,0.0095
2019-10-31,32.8845,131.085,NE,,0.1496,0.1086,0.1028,0.1106,0.0819,0.0331,0.0089,-0.0018,-0.0056,-0.007,-0.0071,-0.0101,-0.018,-0.0183,-0.0148,-0.0094,-0.0097,-0.0023,0.0013,-0.0005,0.0018,-0.0038,-0.0031,0.0024,0.0056,0.0122,0.0177,0.0267,0.0311
2019-10-31,32.8845,131.085,NO,,0.0841,0.0315,0.0427,0.0835,0.1169,0.0439,-0.003,-0.017,-0.0213,-0.0442,-0.0281,-0.0207,-0.0114,-0.0237,-0.0318,-0.0202,-0.0113,-0.0029,0.0036,0.0136,0.0036,0.0123,0.0073,0.0114,0.0101,0.0162,0.0241,0.0196,0.0217
2019-10-31,32.8845,131.085,O,,0.2262,0.1768,0.0831,0.0086,-0.0203,-0.0074,-0.0113,-0.0286,-0.0496,-0.0657,-0.0573,-0.0571,-0.0766,,,,,-0.0222,0.002,-0.009,-0.0158,-0.0032,0.0038,0.0138,0.0252,0.0313,0.0387,0.0339,0.0446
2019-10-31,32.8845,131.085,S,,0.139,0.1389,0.0799,0.0329,0.0422,0.0179,-0.0138,0.008,0.0016,-0.0093,-0.0052,-0.0039,-0.004,-0.0024,-0.0024,-0.0023,0.0005,0.0041,0.0008,-0.0065,0.0029,0.0058,0.0064,0.0028,0.0014,0.0016,0.0008,-0.0034,-0.0041
2019-10-31,32.8845,131.085,SE,0.1616,0.1134,0.1009,0.0858,0.0864,0.0687,0.0394,0.0028,0.0239,0.036,0.0053,-0.0033,-0.0,-0.0089,-0.0081,-0.0106,-0.0092,-0.0047,-0.0011,0.0079,0.0067,0.0059,0.0033,0.004,0.0036,-0.0004,0.0029,0.0039,-0.002,-0.0033
2019-10-31,32.8845,131.085,SO,0.185,0.2356,0.217,0.0948,0.0584,-0.0054,-0.019,-0.0123,0.0141,0.0046,0.0023,-0.0003,0.0005,-0.0016,-0.0062,-0.0025,0.0053,0.0098,0.0034,0.003,0.0062,0.0066,0.0031,0.002,-0.0013,0.0017,-0.002,-0.0006,-0.0025,-0.0023
2019-12-10,32.8851,131.0843,E,,0.1279,0.0955,0.0902,0.0599,0.0275,0.0077,-0.0007,-0.0003,-0.0004,-0.0002,-0.0004,-0.0003,-0.0007,-0.0004,-0.0004,,,,,,,,-0.0002,1e-04,0.0002,-0.0,-1e-04,0.0,0.0004
2019-12-10,32.8851,131.0843,N,,0.0187,-0.0285,-0.03,-0.0232,0.0004,0.0125,0.0045,0.0027,-0.0042,-0.0102,-0.0113,-0.0083,-0.015,-0.0034,0.0084,0.0093,0.0105,0.0068,0.0004,-1e-04,-0.0059,0.0095,-0.0059,-0.0011,-0.0173,-0.0118,0.0017,0.0144,0.0098
2019-12-10,32.8851,131.0843,NE,0.1128,0.0777,0.0479,0.026,0.0219,0.012,0.0202,0.0318,0.0265,0.0022,0.0168,-0.0263,-0.0239,-0.0229,-0.008,-0.0003,0.0034,-0.0051,-0.0101,-0.0152,-0.0104,-0.0029,0.0012,0.0005,0.0035,0.0099,0.0103,0.0104,0.0103,0.0064
2019-12-10,32.8851,131.0843,NO,0.0148,0.0089,0.0037,-0.0083,-0.0075,-0.0242,-0.0169,0.0309,0.0174,-0.0184,-0.0039,-0.0036,-0.0019,-0.0031,0.0043,0.0078,0.0101,0.0179,0.0102,0.006,0.003,0.002,-0.0023,-0.0013,-0.0034,-0.0027,-0.0018,-0.0073,-0.0069,0.0077
2019-12-10,32.8851,131.0843,O,,0.0994,0.1083,0.1218,0.0811,0.0572,0.0143,-0.0244,-0.032,-0.0106,-0.0012,-0.002,-0.0038,-0.0009,-0.0002,-0.0017,0.0157,0.0154,0.0084,0.0028,-0.0,-0.0057,-0.0076,-0.0004,0.0022,0.0035,0.0004,-0.0041,0.0054,0.011
2019-12-10,32.8851,131.0843,S,,0.1193,0.1084,0.1237,0.062,0.0117,0.0336,0.0097,-0.0056,-0.0164,-0.0166,-0.0168,-0.0084,0.0003,-0.0097,-0.0041,0.0045,0.0052,0.0048,0.0095,0.0086,0.0033,0.0026,-0.0007,0.0007,0.0015,-0.0009,-0.0052,-0.0036,-0.0024
2019-12-10,32.8851,131.0843,SE,0.113,0.134,0.1121,0.1204,0.0983,0.0681,0.0342,0.0197,0.007,0.0035,0.0006,-0.0003,-0.0066,-0.0073,-0.0113,-0.0024,-0.005,-0.0074,0.0086,-0.0018,-0.0017,0.003,0.0068,0.0043,0.0006,0.0006,-0.0034,-0.0018,-0.0046,0.0026
2019-12-10,32.8851,131.0843,SO,0.0855,0.0946,0.0947,0.053,0.063,0.0701,0.0249,0.004,-0.0097,-0.0073,-0.0137,-0.0142,-0.0127,-0.0004,1e-04,0.0095,0.0094,0.0051,0.0046,0.0084,0.0058,0.0058,0.0023,0.003,0.0011,0.0026,-0.0004,-0.0062,-0.0027,-0.0064
2020-02-04,32.8845,131.085,E,0.1489,,0.0903,0.0884,0.0317,0.0109,-0.0043,-0.0041,-1e-04,-0.0002,-0.0007,-0.0006,0.0014,0.0011,1e-04,-0.0013,-0.0026,-0.0023,,,,,,,,,,,,
2020-02-04,32.8845,131.085,N,0.0135,0.0014,0.0109,0.0234,,,,0.0083,0.0075,0.0047,-0.0631,-0.0078,-0.0325,-0.0286,-0.0169,-0.0092,0.0035,-0.0065,0.0058,0.0052,0.0116,0.0262,0.0175,-0.0004,0.0136,0.0206,0.0172,-1e-04,0.0043,0.0132
2020-02-04,32.8845,131.085,NE,,0.0974,0.0788,,,0.0427,0.026,0.004,0.0096,-0.0038,0.006,0.0011,0.0074,-0.0061,-0.0075,-0.0006,-0.0012,0.0014,-0.0103,-0.0077,-0.0065,-0.0054,,,,-0.0059,-0.0071,,-0.0093,-0.0113
2020-02-04,32.8845,131.085,NO,,-0.0008,-0.0233,-0.0151,0.0669,0.0168,0.0207,0.0183,0.0066,-0.0013,-0.0008,0.0323,0.0254,0.0293,0.0131,0.0162,0.0177,0.0141,0.0122,0.0035,-0.0242,-0.0167,-0.0181,-0.0,-0.0084,-0.0182,-0.0087,-0.0089,-0.0096,-0.0139
2020-02-04,32.8845,131.085,O,,0.1636,0.1444,0.0739,0.0111,-0.0057,0.0088,0.0343,,0.0414,,,,0.0042,0.0224,0.0169,0.0031,0.0019,0.0004,0.0042,-0.0121,-0.0186,-0.0156,0.0016,-0.001,-0.0114,0.0088,-0.003,0.0011,-0.0051
2020-02-04,32.8845,131.085,S,,0.0658,0.062,0.0677,0.047,0.0543,0.0208,0.0053,0.0141,0.0036,-0.0058,-0.007,-0.0092,-0.0126,0.0015,-0.0027,-0.0057,-0.0046,-0.0075,0.002,-0.0011,0.0062,0.006,0.0064,0.0038,-0.0009,-0.0016,0.0014,0.0014,0.0019
2020-02-04,32.8845,131.085,SE,0.1172,0.1046,,0.0204,0.0254,0.0107,0.0291,-0.0003,0.008,0.0132,0.0061,0.0015,-0.0012,-0.0061,-0.0033,-0.0103,-0.01,-0.0062,-0.0114,-0.0002,-0.0004,0.0071,-0.0011,0.0036,0.0055,0.0002,0.0004,0.0037,0.0019,0.0056
2020-02-04,32.8845,131.085,SO,0.1207,,0.1224,0.0823,0.0627,0.0264,0.001,-0.0069,-0.0006,0.0085,-0.0144,-0.0186,,,-0.0041,0.0052,-0.0022,0.0063,0.0083,-0.0102,0.0023,-0.0034,0.0035,-0.0096,-0.0064,-0.0004,0.0017,-0.0017,-0.0012,0.0052
2020-05-02,32.8842,131.0853,E,-0.0013,-0.0443,-0.0718,-0.0793,-0.078,-0.0749,-0.0707,-0.0651,-0.0602,-0.0606,-0.0612,-0.0612,-0.0613,-0.0616,-0.063,-0.0166,-0.0144,0.0147,0.0117,0.0261,0.0386,0.0454,0.0447,0.0402,0.0325,0.0254,0.0225,0.0113,0.0046,-0.0036
2020-05-02,32.8842,131.0853,N,,-0.0773,-0.0507,-0.058,-0.0498,-0.0349,-0.0253,-0.0186,-0.0246,-0.0085,-0.0038,0.0194,0.0249,0.0231,0.0455,0.0381,0.0253,0.0226,0.0193,0.0141,-0.0022,-0.0223,-0.0365,-0.0328,-0.0149,-0.0093,-0.0104,-0.0213,-0.0281,-0.0222
2020-05-02,32.8842,131.0853,NE,,-0.1107,-0.1114,-0.1002,-0.0765,-0.0693,-0.0667,-0.0467,-0.0281,-0.0074,0.0146,0.0206,0.0307,0.0244,0.0133,-0.0098,0.0071,0.0068,0.0161,0.0115,0.0113,-0.0002,0.0029,-0.0037,-0.0114,-0.0084,-0.0117,-0.0168,-0.0025,0.0086
2020-05-02,32.8842,131.0853,NO,-0.0184,-0.0082,0.0054,0.0264,-0.0317,-0.035,-0.0121,-0.0384,-0.0403,-0.0657,-0.0502,-0.0305,-0.0327,-0.0174,-0.0208,0.0035,0.0062,0.0114,0.0139,0.0148,0.0215,0.0413,0.0135,-0.0067,-0.016,-0.0006,-0.0012,-0.0026,-0.01,-0.0142
2020-05-02,32.8842,131.0853,O,,0.0692,0.0509,0.0071,-0.0317,-0.0305,-0.0309,-0.0277,-0.0387,-0.0568,-0.0672,-0.0592,-0.0352,-0.0346,-0.0357,-0.0314,-0.0237,-0.0273,-0.0298,-0.0366,-0.0059,0.0131,0.0263,0.0293,0.0124,0.0318,0.067,0.0736,0.0848,0.075
2020-05-02,32.8842,131.0853,S,0.0512,0.0201,0.012,0.0265,-0.0103,-0.0312,-0.0093,-0.0129,-0.0159,0.0008,-0.0073,-0.0093,-0.0074,-0.0028,-0.0025,0.0047,0.0102,0.0101,0.0082,0.011,0.0049,0.0021,0.0045,0.0037,0.0051,0.0041,0.0018,-0.0005,-0.0118,-0.0165
2020-05-02,32.8842,131.0853,SE,,0.0404,0.003,-0.014,-0.0239,-0.0214,-0.0151,-0.0118,-0.0085,0.0065,-0.0097,0.0034,-0.0151,0.0175,-0.0048,0.0061,0.0024,-0.019,0.0142,-0.003,0.0171,0.0096,0.0121,0.004,0.0029,-0.017,-0.0013,-0.0171,-0.0172,-0.0273
2020-05-02,32.8842,131.0853,SO,,0.0636,0.0648,0.0175,0.0363,-0.0141,-1e-04,0.0161,0.0208,0.021,0.0223,0.0113,0.0002,-0.0385,-0.0191,-0.0397,-0.0166,-0.0098,0.0016,0.0129,0.0193,0.0254,0.0294,0.0314,0.022,0.01,-0.0027,-0.0126,-0.0219,-0.0556
2020-08-14,32.8842,131.0856,E,0.011,-0.0059,-0.0216,0.0021,0.0168,0.0185,0.0069,0.0127,0.0036,0.0006,-0.0094,-0.0131,-0.0097,-0.0101,-0.0045,0.0022,-0.0037,-0.0051,-0.0012,-0.0036,0.0047,0.0081,1e-04,0.0017,-0.0077,0.0014,-0.0006,-0.0,-0.0003,-0.0012
2020-08-14,32.8842,131.0856,N,,0.0279,-0.0031,-0.008,-0.0133,-0.0276,-0.0229,-0.0388,-0.0085,-0.0002,0.0027,-0.0009,0.0013,0.0121,0.0224,0.0108,0.009,0.0179,0.0117,0.0057,-0.0122,-0.0278,-0.0155,-0.0038,-0.0038,-0.0114,-0.0041,0.0017,-0.0031,1e-04
2020-08-14,32.8842,131.0856,NE,,,0.0497,0.05,0.0358,0.0019,-0.0242,-0.0217,-0.0042,0.0094,0.0103,0.0024,0.0079,-0.0098,-0.0038,-0.0003,0.0038,-0.0044,-0.0044,-0.0039,-0.006,-0.0141,-0.0035,-0.0038,0.0008,0.0038,0.0168,0.017,0.007,-0.0038
2020-08-14,32.8842,131.0856,NO,-0.1071,0.015,0.1125,0.018,-0.0514,-0.0463,-0.0564,-0.0713,-0.0645,-0.063,-0.0521,-0.0317,-0.0539,-0.0562,-0.0548,-0.0236,-0.0159,-0.0372,-0.0168,-0.023,0.0175,0.0161,-0.027,-0.0031,-0.0049,0.0024,0.003,-0.0084,0.0207,0.0174
2020-08-14,32.8842,131.0856,O,,0.0342,0.1164,0.0473,-0.0143,-0.0708,,,,,,-0.078,-0.0668,-0.0509,-0.0442,-0.0413,-0.0226,-0.0239,-0.0161,-0.0226,0.0093,0.0113,-0.0005,0.0002,0.0134,0.0488,0.0694,0.0751,0.0783,0.0776
2020-08-14,32.8842,131.0856,S,,0.0053,0.0071,0.0055,-0.0282,-0.0447,-0.0352,-0.0078,0.0031,0.0036,0.0096,-0.0164,-0.0132,-0.0041,-0.0076,-0.0079,-0.002,0.0048,0.007,0.0052,0.0018,0.0007,0.0023,0.0003,0.0024,0.0058,0.003,0.0013,-0.0034,-0.0098
2020-08-14,32.8842,131.0856,SE,,0.014,0.0155,-0.0319,-0.0075,-0.0212,0.0048,0.0271,0.0182,0.002,0.006,0.0179,0.0057,-0.0034,-0.0013,-0.004,-0.0076,-0.0154,-0.0142,-0.0085,-0.0085,-0.0042,0.0003,0.0023,0.0076,0.0039,-1e-04,0.0076,0.0048,0.0026
2020-08-14,32.8842,131.0856,SO,,,0.0035,-0.0075,-0.0151,-0.0037,-0.0127,-0.008,-0.0167,-0.0319,-0.0169,,0.0223,0.0188,0.0124,-0.0021,-0.0048,-0.005,-0.0037,-0.0035,0.002,0.0014,-0.0005,0.0055,0.0036,0.0022,0.003,-0.0028,-0.0028,-0.0071
2020-08-22,32.8845,131.085,E,-0.1453,-0.1604,-0.1817,-0.1562,-0.1081,-0.0876,-0.0492,-0.0396,-0.0286,-0.0061,-0.0129,-0.0095,0.0095,0.0129,0.006,0.0163,0.0029,0.0038,0.0031,0.0057,0.0073,0.0088,0.0103,0.0106,0.01,0.004,-0.0052,-0.0137,-0.0248,-0.0355
2020-08-22,32.8845,131.085,N,-0.0021,0.0212,0.028,0.0263,0.0323,0.0193,-0.0144,-0.0262,-0.0382,-0.0382,-0.0178,-0.0142,0.017,0.0367,0.0407,0.0617,0.0443,0.0259,0.0328,0.0266,0.0249,0.0093,-0.0074,-0.0222,-0.0246,-0.0216,-0.0411,-0.0316,-0.0394,-0.0395
2020-08-22,32.8845,131.085,NE,,-0.1146,-0.1119,-0.0801,-0.0514,-0.0447,-0.0446,-0.047,-0.0491,-0.0299,-0.0126,-0.0122,-0.0019,-0.0057,-0.0103,-0.0341,-0.0182,-0.0182,0.0115,0.0059,0.0042,0.0015,0.0127,0.0155,0.0185,0.009,0.0032,-0.0029,0.0076,1e-04
2020-08-22,32.8845,131.085,NO,,0.0448,0.0398,0.0269,0.0025,0.0016,-0.0,0.0006,0.001,,,,,,,,,,,,,,,,,,-0.0006,-0.0003,-0.0023,0.0011
2020-08-22,32.8845,131.085,O,,0.0346,0.0334,0.016,0.0,,,,,,,,,,,,,,,,,,,,,,,,,
2020-08-22,32.8845,131.085,S,,0.057,0.0571,0.0184,0.0029,-0.0099,-0.0014,-0.0131,-0.0105,-0.009,-0.009,0.0137,0.0218,0.0035,0.0087,0.0106,-0.0015,-0.0079,-0.008,-0.0082,-0.0083,-0.0075,-0.0017,0.004,-0.0023,-0.0072,-0.0065,-0.0058,-0.0051,-0.0053
2020-08-22,32.8845,131.085,SE,-0.0831,-0.0943,-0.0923,-0.0924,-0.0746,-0.0529,-0.0505,-0.0354,-0.0284,-0.0201,-0.0236,-0.0335,-0.0185,-0.0333,-0.0184,-0.0182,0.0061,-0.0096,0.0109,0.0154,0.0233,0.0263,0.02,0.043,0.0131,0.0484,0.012,0.0256,0.0215,0.0155
2020-08-22,32.8845,131.085,SO,0.0785,0.0176,0.0007,0.0,0.0,0.0,0.0,0.0,0.0,0.0,0.0,,,,,,,,,,,,,,,,,,,
2020-10-01,32.8845,131.085,E,0.0741,0.042,-0.0033,0.0115,0.0456,0.0328,0.0368,-0.0032,0.0032,0.0006,-0.0067,-0.0034,0.0046,-0.0016,,,-0.0016,-0.0038,-0.0024,-0.0015,-0.0036,-0.0016,-0.002,-0.0011,0.0041,0.0026,0.0012,0.002,0.0034,0.0012
2020-10-01,32.8845,131.085,N,0.0636,0.0234,0.0132,0.0347,0.0056,0.0036,-0.022,-0.0339,-0.0367,-0.0142,-0.0048,-0.0152,-0.0065,-0.0063,-0.0039,0.0152,0.0283,0.0208,0.0095,0.0078,0.0122,-0.0032,-0.0163,-0.0283,-0.0087,-0.0003,-0.0074,-0.0054,0.0036,0.0091
2020-10-01,32.8845,131.085,NE,,0.0857,0.0462,0.0502,0.0651,0.0561,0.0263,0.003,-0.0162,-0.0077,-0.0032,0.0013,0.0015,-0.0135,-0.0278,-0.0174,-0.0066,-0.0023,0.0052,-0.0005,-0.011,-0.0078,0.0013,-0.0008,-0.0008,0.0051,0.0058,0.0107,0.0065,0.0143
2020-10-01,32.8845,131.085,NO,,0.0203,-0.0157,0.0286,0.0881,0.1056,0.0193,0.0241,-0.0036,-0.0137,-0.0282,-0.0239,-0.0269,-0.0142,-0.0245,-0.0298,-0.0173,-0.0165,-0.0017,0.0017,0.009,0.012,0.0256,0.0303,0.0261,0.0273,0.0243,0.0017,-0.0109,-0.0289
2020-10-01,32.8845,131.085,O,,0.0903,0.0537,0.014,-0.0461,-0.0939,-0.0785,-0.0575,-0.0611,-0.0591,-0.0481,-0.044,-0.0373,-0.0223,-0.0226,-0.0128,0.0175,0.0279,,,,0.0097,-0.0078,-0.0033,0.0321,0.0368,0.0445,0.0493,0.0487,0.0507
2020-10-01,32.8845,131.085,S,,0.0756,0.0788,,-0.0107,-0.0148,-0.0194,-0.0389,0.0119,0.0148,0.0092,0.0013,0.0006,-0.0052,-0.0026,-0.0046,-0.0054,-0.0073,-0.0053,-0.0021,-0.0111,-0.0016,0.0043,0.0035,1e-04,-0.0005,0.0056,0.0057,0.0019,-0.0019
2020-10-01,32.8845,131.085,SE,0.0584,,,,,,,0.0215,0.0257,-0.0025,0.0053,0.0067,0.0049,-0.0183,-0.0242,-0.0271,-0.0271,-0.0256,,-0.0255,,,,,,0.0145,0.018,0.0144,0.0165,0.0173
2020-10-01,32.8845,131.085,SO,0.0727,0.109,0.0881,0.0236,0.0008,-0.0357,-0.04,-0.0314,-0.0078,-0.0049,0.0016,0.0047,0.0059,0.0087,0.0139,0.0138,0.0124,0.0017,0.0066,0.007,0.0061,0.0079,0.0026,0.0043,0.0055,0.0018,-0.0029,-0.0091,-0.0161,-0.0206
2021-03-10,32.8845,131.085,E,0.0763,,,,,0.0071,0.01,0.0127,0.0137,,,,,-0.0037,-0.0015,-0.0036,-0.0044,-0.0018,-0.0036,-0.0015,-0.003,-0.0052,-0.0047,-0.002,0.0002,0.001,0.0029,0.0057,0.003,0.0019
2021-03-10,32.8845,131.085,N,0.1112,0.0597,,0.0686,0.0328,0.0066,-0.0119,-0.0354,-0.0367,-0.0325,-0.0219,-0.0199,-0.0067,-0.0038,-0.0034,0.0117,0.0221,0.0127,0.0029,0.0071,0.0017,-0.0009,0.006,-0.0112,-0.0037,0.0035,0.003,0.0031,0.0039,0.0048
2021-03-10,32.8845,131.085,NE,,0.0906,,,,0.0246,-0.0113,-0.0054,-0.0222,-0.0256,-0.0218,-0.0199,-0.0225,-0.0015,-0.0219,-0.0179,-0.0092,-0.003,-0.0013,0.001,-0.0073,-0.0103,-0.0077,-0.0042,-1e-04,0.0063,0.0082,0.0123,0.0107,0.0151
2021-03-10,32.8845,131.085,NO,,0.0971,0.0645,0.0598,0.0704,0.0543,0.0118,-0.0137,-0.0184,-0.0292,-0.0338,-0.0288,-0.0349,-0.0076,-0.0067,-0.0158,-0.0106,-0.0018,0.0045,0.005,0.0085,0.0109,0.0191,0.0239,0.0226,0.0016,0.0055,0.0036,-0.0012,-0.0089
2021-03-10,32.8845,131.085,O,,0.1063,0.0828,0.0419,-0.0126,-0.0568,-0.0443,-0.0369,-0.0418,-0.0334,-0.0227,-0.0327,-0.0266,-0.0165,-0.0178,-0.0114,-0.0113,-0.0124,-0.0105,0.001,-0.0104,-0.0076,,,0.0007,0.0051,0.0416,0.0602,0.0479,0.0478
2021-03-10,32.8845,131.085,S,,0.0558,0.0421,0.0259,,,,,0.0066,0.0075,0.0009,-0.0012,-0.0045,-0.0086,-0.0103,-0.0103,-0.0047,-0.0021,0.0008,0.0045,-0.0019,0.0079,0.004,-0.0029,-0.0061,-0.0063,-0.003,-0.0011,-0.0016,0.0039
2021-03-10,32.8845,131.085,SE,0.0747,,,,,0.0197,0.008,1e-04,,0.009,-0.0051,-0.0063,,,,,,,,,,,,,-0.0055,0.0005,0.0044,0.0051,-0.0,0.0006
2021-03-10,32.8845,131.085,SO,0.0964,0.1151,0.0792,0.0559,0.0366,0.0007,-0.0108,-0.0193,-0.0021,-0.0017,0.0014,-0.0037,-0.0041,0.0003,0.0026,0.0071,0.0067,0.0075,0.0078,0.009,0.0049,0.0039,0.0015,-0.002,0.0002,-0.0004,-0.0041,-0.0084,-0.0106,-0.0101
2021-03-18,32.8845,131.085,E,0.0352,0.0221,-0.0039,-0.0138,-0.009,-0.0161,-0.0142,-0.0108,-0.0077,-0.0007,-0.0068,-0.0083,-0.0093,-0.0068,-0.0056,-0.0085,-0.0104,-0.0044,0.0016,0.0051,0.0083,0.0096,0.0076,0.0072,0.0072,0.0068,0.0045,0.0017,-0.0028,-0.0069
2021-03-18,32.8845,131.085,N,0.0084,0.0062,0.0111,0.0235,0.0055,-0.004,-0.0208,-0.0288,-0.0334,-0.0246,-0.0194,-0.0173,0.0022,0.0122,0.0127,0.0182,0.0164,0.0107,0.0123,0.0106,0.0125,0.0106,-0.0053,-0.011,-0.0061,0.0003,-0.01,-0.0088,0.0022,0.0023
2021-03-18,32.8845,131.085,NE,,0.0344,0.029,0.0377,0.0224,0.0174,-0.0047,-0.0158,-0.0154,-0.0042,-1e-04,0.0026,0.0015,-0.0054,-0.0069,-0.0146,-0.0065,-0.0082,-0.0045,-0.0015,-0.0047,-0.0031,0.0045,0.0051,0.0053,0.0052,0.007,0.0024,0.0053,0.0134
2021-03-18,32.8845,131.085,NO,,0.0159,0.0141,0.0158,0.0299,0.0128,-0.0161,-0.0114,-0.0179,-0.0254,-0.0419,-0.0405,-0.0357,-0.0236,-0.0262,-0.0254,-0.0179,-0.0122,-0.004,-0.0046,0.0029,0.0065,0.0233,0.0203,0.0206,-0.0008,0.0107,0.016,0.0159,0.0095
2021-03-18,32.8845,131.085,O,,0.0376,0.0233,0.0092,-0.0168,-0.0344,-0.0362,-0.0373,-0.0379,-0.0375,-0.0413,-0.0434,-0.0383,-0.0279,-0.0227,-0.0198,-0.0201,-0.0101,-0.0015,0.0075,0.0006,-0.0018,0.0128,0.0189,0.0357,0.0232,0.0381,0.0591,0.0362,0.0429
2021-03-18,32.8845,131.085,S,,0.019,0.0184,-1e-04,-0.0363,-0.0226,-0.0161,-0.0176,0.0017,-0.0009,-0.0074,-0.0061,-0.0058,-0.0076,-0.0046,-0.001,0.0032,0.0051,0.0075,0.0033,0.0007,0.005,0.0058,0.0036,0.0014,-0.0007,-0.0016,-0.0065,-0.0066,-0.0081
2021-03-18,32.8845,131.085,SE,0.0348,0.0205,0.0035,-0.0178,-0.0307,-0.0193,-0.0181,-0.0196,-0.0056,0.0114,,0.0043,0.0046,0.0017,-0.0025,-0.0017,0.0037,0.0092,0.0106,0.0116,0.0116,0.0107,0.0046,0.0087,0.0041,-0.0016,-0.0056,-0.0049,-0.0055,-0.0053
2021-03-18,32.8845,131.085,SO,0.0281,0.0438,0.0365,0.0205,0.0142,-0.0062,-0.013,-0.0192,-0.0006,-0.0025,-0.0017,-0.0009,1e-04,-0.0006,0.0022,0.0019,0.0051,0.0092,0.0119,0.013,0.0105,0.0093,0.0083,0.0056,0.0017,-0.001,-0.0019,-0.0047,-0.0102,-0.0163
2021-03-26,32.8845,131.085,E,0.0908,,,,,,0.0235,0.0102,0.003,0.0004,-0.0021,-0.0036,-0.0041,0.0002,-0.0038,-0.0046,-0.0083,-0.0013,-0.0034,-0.0011,-0.002,0.0033,0.0037,0.0041,0.0027,0.0028,0.0015,-0.0006,-0.0045,-0.0035
2021-03-26,32.8845,131.085,N,0.047,-0.0049,,0.0366,,0.0045,-0.0111,-0.0174,-0.0247,-0.0369,-0.0254,-0.0126,-0.0029,0.0082,0.0108,0.0151,0.0237,0.0233,0.0108,0.013,0.0148,0.0205,-0.0031,-0.0294,-0.011,0.0002,-0.0126,-0.0106,-0.0027,-0.0032
2021-03-26,32.8845,131.085,NE,,0.034,,,,,,0.0216,-0.0134,0.0066,0.0055,0.0117,0.0138,0.0088,-0.0058,-0.0083,0.0029,0.002,0.0056,0.005,-0.0013,-0.0068,-0.0056,-0.0055,-0.0042,-0.0077,0.0026,0.0015,0.0062,0.0121
2021-03-26,32.8845,131.085,NO,,0.0355,-0.006,0.0042,0.0584,0.0313,-0.0213,-0.0233,-0.0273,-0.0418,-0.0495,-0.0472,-0.0538,-0.0421,-0.0427,-0.0446,-0.0333,-0.0197,-0.0028,-0.0014,0.0107,0.023,0.0389,0.0362,0.0191,-0.0064,0.0027,0.0058,0.0027,-0.0009
2021-03-26,32.8845,131.085,O,,0.1223,0.0792,0.0082,-0.049,-0.0765,-0.0771,-0.0617,-0.0569,-0.066,-0.0638,-0.0514,-0.0415,-0.0298,-0.0301,-0.0298,-0.0309,-0.0308,-0.0113,-0.0044,0.0014,0.0121,0.0119,0.0113,0.0473,0.0527,0.102,0.1316,0.1359,0.15
2021-03-26,32.8845,131.085,S,,0.0574,0.0473,0.0234,-0.0146,-0.0009,-0.0121,-0.0197,0.0048,-0.0007,-0.0126,-0.0102,-0.0038,-0.0073,-0.0006,0.002,0.009,0.0087,0.0107,0.0078,0.0025,0.0047,0.0057,0.0038,0.0054,-0.0035,-0.0027,-0.0022,-0.002,-0.0025
2021-03-26,32.8845,131.085,SE,0.0592,,,0.0303,,,,,0.0208,-0.0017,0.0064,0.0025,0.0025,-0.0037,-0.0063,-0.0072,-0.0035,-0.002,0.0041,-0.0009,0.0022,0.0052,0.0034,-0.0005,0.0026,0.0015,-1e-04,-0.0025,-0.0075,-0.0037
2021-03-26,32.8845,131.085,SO,0.1066,0.1434,0.1069,0.0399,0.0066,-0.0258,-0.0278,-0.0186,0.004,0.0026,-0.0045,-0.0027,-0.003,0.001,0.0038,0.0072,0.0032,0.003,0.0065,0.0081,0.0103,0.0092,0.0065,-0.0013,-0.0029,-0.0031,-0.0046,-0.0108,-0.0102,-0.0092
2021-04-19,32.8842,131.0853,E,-0.0017,-0.0102,-0.0097,-0.008,0.0072,0.0182,0.0183,0.0165,0.0071,0.0012,-0.0007,-0.0055,-0.0102,-0.0045,-0.0025,-0.004,-0.0081,-0.0119,-0.0141,-0.0146,-0.0111,-0.0035,-0.0006,0.0014,0.0032,0.007,0.007,0.0072,0.0074,0.0062
2021-04-19,32.8842,131.0853,N,,-0.0268,-0.0119,-0.0138,-0.0071,-0.0155,-0.0232,-0.0357,-0.0396,-0.0282,-0.0156,-0.0028,0.0055,0.0069,0.0112,0.0108,0.0074,0.0162,0.0135,0.0182,0.0072,-0.0004,-0.0061,-0.0049,-0.0003,-0.0032,-0.0019,-0.002,-0.0009,-0.0051
2021-04-19,32.8842,131.0853,NE,,0.0287,0.0471,0.0542,0.0476,0.0261,-0.0235,-0.0186,-0.0296,-0.0215,-0.013,-0.0083,-0.007,-0.0132,-0.0149,-0.0195,-0.0077,-0.0008,-0.0015,-0.0015,-0.0052,-0.0112,-0.0019,0.0057,0.0094,0.0078,0.0134,0.0151,0.0176,0.0112
2021-04-19,32.8842,131.0853,NO,-0.0466,-0.0411,-0.0061,0.0119,-0.0198,-0.0322,-0.0279,-0.038,-0.049,-0.0655,-0.0589,-0.0474,-0.0503,-0.0385,-0.0409,-0.0327,-0.0186,-0.0105,-0.0041,0.0035,0.0171,0.0374,0.0199,0.0074,-0.0003,0.0086,0.0133,0.0059,0.0044,0.0052
2021-04-19,32.8842,131.0853,O,,-0.0101,-0.0151,-0.0378,-0.0622,-0.0693,-0.0659,-0.0641,-0.0608,-0.0633,-0.065,-0.0607,-0.0452,-0.0381,-0.0319,-0.0276,-0.0155,-0.003,0.0104,0.011,0.0109,0.0368,0.0373,0.0452,0.0358,0.0473,0.0611,0.049,0.0599,0.0507
2021-04-19,32.8842,131.0853,S,0.0496,0.0279,0.0257,0.0481,0.0149,-0.0068,0.0069,-0.013,-0.0173,0.0026,0.0048,-0.0006,-0.0022,-0.0065,-0.0065,-0.0074,-0.0056,-0.0023,-0.005,-0.002,-0.0053,-0.0009,0.0004,0.0018,0.0047,-0.0033,-0.0042,-0.0051,-0.0002,-0.0035
2021-04-19,32.8842,131.0853,SE,,0.0259,0.0061,0.0018,0.0151,0.0203,0.0145,0.0229,0.008,-0.0037,0.0086,0.0034,0.0003,-0.0043,-0.0048,-0.0072,-0.0084,-0.0111,-0.0099,-0.0092,-0.0034,-0.0035,-0.0036,-0.0014,-0.0022,0.0008,0.0021,0.0015,0.0026,0.0072
2021-04-19,32.8842,131.0853,SO,,0.0353,0.0236,0.0109,0.0176,-0.0042,-0.0026,-0.0013,0.0004,-0.0051,-0.0007,-0.0019,0.0003,-0.0024,-0.0026,-0.0035,-0.0006,0.0032,0.006,0.0063,0.0042,0.0053,0.0056,0.0046,0.0031,-1e-04,-0.0005,-0.0037,-0.0056,-0.0096
2021-05-29,32.8845,131.085,E,0.0182,0.0071,0.0008,0.0135,0.0377,0.0123,0.0227,0.0086,0.0032,-0.0055,-0.0035,0.0014,-0.0023,-0.0075,-0.0111,-0.0071,-0.0135,-0.0106,-0.0078,-0.0129,-0.0069,,-0.0073,-0.0037,0.0014,0.001,0.0021,0.0059,0.0048,0.0029
2021-05-29,32.8845,131.085,N,0.0717,0.0431,0.0203,0.0648,0.0546,0.0498,0.0184,-0.0331,-0.0511,-0.0398,-0.0215,-0.0085,-0.0084,-0.0078,-0.0067,1e-04,0.0153,0.01,0.0175,0.0127,0.0203,0.0142,0.0043,-0.0131,-0.0058,0.0021,-0.0028,-0.0114,-0.0089,-0.002
2021-05-29,32.8845,131.085,NE,,0.056,0.0397,0.0553,0.0582,0.048,-0.0005,-0.0268,-0.0383,-0.0179,0.0084,0.0092,0.01,-0.0033,-0.0177,-0.0104,0.0016,0.0013,0.0057,-0.0007,-0.0051,-0.0126,0.0035,0.001,0.014,-0.0121,-0.0063,0.0028,0.0061,0.0089
2021-05-29,32.8845,131.085,NO,,0.0374,0.0302,0.0349,0.0834,0.0316,-0.0168,-0.0158,-0.0194,-0.0406,-0.0454,-0.0391,-0.025,-0.0208,-0.0188,-0.054,-0.0377,-0.0298,-0.0215,-0.0079,0.0031,0.0141,0.0266,0.0285,0.0173,0.0076,0.0249,0.0291,0.0362,0.0286
2021-05-29,32.8845,131.085,O,,0.1011,0.0584,0.0088,-0.0385,-0.0527,-0.0505,-0.0557,-0.056,-0.0604,-0.0681,,-0.0916,,,,-0.0354,-0.026,-0.0031,0.0031,-0.0036,0.0118,0.0079,0.0062,0.0125,-0.0042,0.023,0.0404,0.0114,0.014
2021-05-29,32.8845,131.085,S,,,,,-0.034,-0.0044,-0.001,-0.0102,0.0004,-0.0085,-0.0136,-0.0059,-0.0045,-0.0074,-0.0061,-0.0049,-0.0,0.0024,0.0062,-0.0018,-0.002,0.0057,0.0041,0.0045,0.004,-0.0018,-0.0003,-0.0066,-0.0056,-0.0088
2021-05-29,32.8845,131.085,SE,0.0206,0.0213,,0.0159,0.0239,0.0305,0.0248,0.0091,-0.005,0.0106,0.0036,-0.0089,-0.0058,-0.0111,-0.0084,-0.005,-0.0041,-0.0043,0.0004,0.0006,0.0061,0.0057,0.0005,0.0034,0.0025,0.0007,-0.0002,0.0012,-0.0003,0.0024
2021-05-29,32.8845,131.085,SO,,0.0364,0.0159,0.0137,0.012,-0.0007,-0.0028,-0.0093,0.006,0.0056,0.0076,0.0036,-0.0088,-0.0066,-0.0067,-0.0037,0.0056,0.0028,0.0084,0.0081,0.007,0.0027,0.0041,0.0018,0.002,-1e-04,0.0009,-0.0007,-0.0041,-0.0077
2021-09-26,32.8853,131.0844,E,,0.0213,0.0053,0.0056,0.0009,0.008,0.0075,0.0057,0.0051,0.0052,0.0016,-0.0046,-0.0081,-0.0124,-0.0132,-0.0112,-0.0109,-0.0053,0.0019,0.0048,0.0063,0.0076,0.0096,0.009,0.0087,0.0078,0.0038,0.0004,-0.0025,-0.0046
2021-09-26,32.8853,131.0844,N,,0.034,0.017,0.0217,0.0267,0.0324,0.0257,0.0025,-0.0253,-0.0244,-0.0311,-0.0197,-0.017,-0.0151,-0.0161,-0.0103,-0.0058,0.012,0.0079,0.0049,0.0091,0.0108,0.02,0.0158,0.0121,-0.0075,-0.0045,-0.006,-0.0087,-0.0141
2021-09-26,32.8853,131.0844,NE,0.0406,0.0324,0.0158,0.0021,-0.0033,-0.0115,-0.0081,-0.0104,-0.0091,-0.0063,-0.0064,-0.0095,-0.0078,-0.0081,-0.0033,0.0035,-0.0044,-0.0071,-0.0087,-0.0062,-0.0007,-0.0021,0.0024,0.0037,0.0044,0.0053,-0.0002,0.002,0.0113,0.0091
2021-09-26,32.8853,131.0844,NO,-0.0052,-0.0023,-0.0017,-0.0115,-0.0159,-0.0178,-0.011,-0.0053,-0.0026,-0.0284,-0.0268,-0.0293,-0.0303,-0.038,-0.0384,-0.0282,-0.0196,-0.003,-0.0085,-0.0071,0.0083,0.0123,0.0169,0.0124,0.0041,0.0126,0.0261,0.0142,0.0138,0.015
2021-09-26,32.8853,131.0844,O,,0.0052,0.0024,0.0104,0.0226,0.0021,-0.0154,-0.0366,-0.0499,-0.0397,-0.0338,-0.0262,-0.018,-0.0129,-0.0121,-0.0083,-0.0053,-0.0064,-0.0063,-0.0062,-0.0077,0.0014,0.0122,0.0032,0.0016,0.0135,0.024,-0.0041,0.025,0.0412
2021-09-26,32.8853,131.0844,S,,0.0647,0.0367,0.0197,-0.0043,-0.012,-0.0011,-0.0033,-0.0061,-0.0026,1e-04,0.0021,0.0076,0.0094,0.0065,0.0074,0.0064,0.0032,0.0042,0.0044,0.0048,0.004,0.0059,0.0038,-0.002,-0.0077,-0.0071,-0.0052,-0.0052,-0.0062
2021-09-26,32.8853,131.0844,SE,0.0645,0.0779,0.0642,0.0506,0.0259,0.0119,0.0047,0.0016,-0.0009,-0.0026,-0.0031,-0.0047,-0.0062,-0.0045,0.0006,0.0046,-0.0019,0.0036,-0.0042,-0.0068,-0.0044,-0.0105,-0.0081,-0.0033,0.0005,-1e-04,0.0078,0.0128,0.0125,0.0101
2021-09-26,32.8853,131.0844,SO,0.0174,0.0308,0.0151,-0.0041,-0.0092,-0.0117,-0.012,-0.0109,-0.0122,-0.0022,0.0018,0.0042,-0.0004,0.0051,0.0026,0.0068,0.0091,0.0105,0.0079,0.014,0.0206,0.0194,0.0197,0.0136,0.0135,0.0072,-0.0007,-0.0032,-0.0109,-0.0199
2022-04-06,32.8853,131.0847,E,0.178,0.1519,0.1058,0.0778,0.0457,0.0357,0.0276,0.0189,0.0075,1e-04,-0.0073,-0.0063,-0.0077,-0.007,-0.0013,0.0022,0.0031,0.0002,-0.0013,-0.0028,-0.0014,-0.0017,-0.0026,-0.003,-0.0024,-0.0019,-0.0016,0.0003,0.0038,0.0078
2022-04-06,32.8853,131.0847,N,,0.0681,0.0404,0.026,0.0299,0.0214,0.0013,-0.0347,-0.0375,-0.0377,-0.0281,-0.015,-0.0157,-0.0222,-0.0032,-0.0067,0.0239,0.026,0.0165,0.015,0.0145,0.0101,0.002,0.0132,0.0014,-0.0086,0.0072,-0.0066,-0.0056,-0.0007
2022-04-06,32.8853,131.0847,NE,,0.1419,0.0915,0.06,0.0403,0.0293,0.0227,0.0193,0.0141,0.0097,0.0052,-0.0002,-0.0041,-0.0071,-0.0079,-0.0058,-0.0046,-0.0049,-0.0046,-0.0058,-0.0067,-0.0039,0.0013,-0.0029,0.0007,0.0018,-0.0015,0.004,0.0045,-0.0005
2022-04-06,32.8853,131.0847,NO,,0.0552,0.0296,0.0246,0.0409,0.0606,0.063,0.0578,0.0031,-0.0085,-0.0141,-0.0103,-0.0267,-0.0212,-0.0193,-0.0037,0.0093,0.0036,-0.0158,-0.0014,0.0138,0.011,0.0118,0.0087,0.0111,0.0117,0.0193,-0.0067,0.0038,0.0021
2022-04-06,32.8853,131.0847,O,,0.1059,0.0707,0.0644,0.0452,0.0258,0.0017,-0.0102,-0.0156,-0.0142,-0.0147,-0.0217,-0.0237,-0.0269,-0.0269,-0.0262,-0.0148,-0.0116,-0.0109,-0.0122,-0.003,-0.0021,0.0036,0.0027,0.0037,0.0142,0.0249,0.0459,0.0527,0.0528
2022-04-06,32.8853,131.0847,S,,0.0921,0.0811,0.0531,0.0419,0.0306,0.0223,0.0421,0.0251,-0.0082,-0.0179,-0.0243,-0.0254,-0.0179,-0.0108,-0.003,0.0018,0.0014,0.0028,0.0082,0.013,0.0187,0.0169,0.0139,0.0078,0.0046,-0.0023,-0.0042,-0.0083,-0.0108
2022-04-06,32.8853,131.0847,SE,0.1537,,0.1592,0.1718,0.1711,0.1465,0.0775,0.0296,0.0059,-0.0059,-0.0117,-0.01,-0.009,-0.0064,-0.0046,-0.0075,-0.0053,-0.0007,-0.0062,-0.0082,0.0004,0.0034,0.0076,0.0129,0.0148,0.007,0.007,0.0,-0.0033,-0.0079
2022-04-06,32.8853,131.0847,SO,0.1041,0.0967,0.0798,0.0504,0.0313,0.0198,0.0235,0.0133,0.0043,0.0014,-0.0035,-0.0025,-0.0052,-0.0066,-0.0065,-0.0055,-0.0045,-0.0041,0.0023,0.0069,0.0114,0.0086,0.0091,0.0058,0.0046,0.0021,-0.0012,-0.0048,-0.01,-0.0106
2022-04-22,32.8848,131.085,E,0.1527,0.1232,0.0928,0.0728,0.0283,0.0142,-0.0004,-0.0047,-0.0023,-0.0008,-0.0036,-0.0037,-0.0053,0.0022,0.0,0.0011,0.0018,0.0009,0.0002,0.0014,0.0038,0.0043,0.003,0.0031,0.0029,0.0027,0.0023,1e-04,-0.0013,-0.003
2022-04-22,32.8848,131.085,N,0.133,0.1112,0.0871,0.11,0.0551,0.0085,-0.0151,-0.0237,-0.0242,-0.0154,-0.0168,-0.012,-0.0064,0.0012,0.0035,0.0108,0.0068,0.0065,0.0111,0.0094,0.0135,0.0091,0.003,-0.0045,-0.0095,-0.0019,-0.0008,-0.0041,-0.0069,-0.0057
2022-04-22,32.8848,131.085,NE,,0.1175,0.0968,0.0847,0.0483,0.0184,-0.0012,-0.017,-0.0103,-0.0058,-0.0028,-0.0023,0.0002,-0.0086,-0.0081,-0.0057,-0.0017,-0.0027,-0.0023,-0.0043,-0.0072,-0.0055,-0.0023,0.0007,0.0008,-0.0014,0.0012,0.006,0.0129,0.0139
2022-04-22,32.8848,131.085,NO,,0.101,0.0961,0.0962,0.1053,0.1036,0.09,0.0334,0.0085,-0.0058,-0.0117,-0.0164,-0.0133,-0.0083,-0.0018,0.0011,-0.0041,-0.0009,0.0057,0.0063,0.0059,0.0035,0.006,0.0016,0.0051,-0.0044,0.0016,0.0059,0.0047,0.0015
2022-04-22,32.8848,131.085,O,,0.1368,0.1109,0.0878,0.0669,0.0355,0.0087,0.0022,-0.0045,-0.0047,-0.0052,-0.0106,-0.0102,-0.0086,-0.0069,-0.0067,-0.0051,-0.0066,0.0048,0.0037,0.0047,-0.0031,-0.0032,0.0013,0.0002,0.0101,0.0103,0.0141,0.0122,0.0111
2022-04-22,32.8848,131.085,S,,0.1375,0.1374,0.0966,0.0361,0.0138,0.0084,-0.0007,0.003,0.0024,-0.0029,-0.0046,-0.0027,-0.0021,-0.0023,-0.0014,-0.0004,-0.0003,0.0009,-0.0036,-0.0034,-0.0014,-0.0002,-0.0023,-0.0008,-0.0021,-0.0017,-1e-04,-1e-04,0.0
2022-04-22,32.8848,131.085,SE,0.1749,0.1518,0.1304,0.0988,0.0599,0.0262,0.0091,-0.0038,0.0052,0.0011,-0.0029,-0.0051,-0.0031,-0.0036,-0.0022,-1e-04,0.0002,-0.0005,0.0032,0.0027,-0.0011,-0.0022,-0.0026,-0.0024,-0.0023,-0.0017,-0.0023,-0.0012,0.0,0.0017
2022-04-22,32.8848,131.085,SO,0.1473,0.1205,0.0905,0.0646,0.037,0.0253,0.0102,-0.0013,-0.0018,-0.0034,0.0069,0.0055,0.0048,-0.0069,-0.0047,-0.0067,-0.0053,-0.0041,-0.0024,0.0013,0.0012,0.003,0.0039,0.0037,0.0037,0.0033,0.0026,0.0011,-0.0027,-0.0049
2022-04-30,32.8848,131.085,E,0.2408,0.22,0.1764,0.1194,0.0531,0.027,0.0121,0.0081,0.0005,-0.0036,-0.0022,0.0034,0.0011,-0.0049,-0.0084,-0.0137,-0.0152,-0.0168,-0.0172,-0.0169,-0.0161,-0.015,-0.0085,-0.0008,0.0038,0.0026,0.0081,0.0128,0.0148,0.0147
2022-04-30,32.8848,131.085,N,0.1938,0.1607,0.1124,0.1388,0.0856,0.03,-0.0175,-0.0378,-0.0389,-0.0351,-0.028,-0.0254,-0.0194,-0.0109,-0.0066,-0.0041,0.0019,0.0078,0.0125,0.0113,0.0158,0.0167,0.011,0.0027,0.0047,0.0123,0.0004,-0.004,-0.0008,0.0004
2022-04-30,32.8848,131.085,NE,,0.2588,0.225,0.1638,0.0954,0.0159,-0.0178,-0.0415,-0.0313,-0.0275,-0.0234,-0.0238,-0.02,-0.0273,-0.0252,-0.0129,-0.0069,-0.0034,0.0018,-0.0022,-0.0086,-0.0026,0.002,0.0057,0.0108,0.0102,0.0121,0.0144,0.0207,0.0216
2022-04-30,32.8848,131.085,NO,,0.1541,0.1295,0.1224,0.118,0.1436,0.091,0.0587,0.0183,-0.0007,-0.0115,-0.0182,-0.0192,-0.0106,-0.0108,-0.008,-0.0098,-0.0078,-0.0031,-0.0012,0.005,0.0071,0.008,0.0058,0.0081,0.0024,0.0039,0.0076,0.0024,0.0007
2022-04-30,32.8848,131.085,O,,0.161,0.1289,0.0904,0.0579,0.0346,0.0177,0.0117,0.0013,-0.0057,-0.0044,-0.0097,-0.0153,-0.0136,-0.0133,-0.0119,-0.0134,-0.0125,-0.008,-0.0029,-0.0095,-0.0068,-0.0018,0.0013,0.0062,0.013,0.0174,0.0191,0.0219,0.0247
2022-04-30,32.8848,131.085,S,,0.1421,0.1425,0.0999,0.0492,0.0166,0.0032,-0.015,0.0117,0.0121,0.0019,-0.0003,-0.006,-0.0088,-0.0091,-0.0198,-0.0223,-0.0194,-0.0121,-0.0062,-0.0195,-0.0117,-0.0106,-0.0136,-0.0115,-0.0053,0.0034,0.0093,0.0072,0.007
2022-04-30,32.8848,131.085,SE,0.2232,0.2048,0.1629,0.1407,0.0993,0.0559,0.0263,0.0046,0.0107,0.0025,-0.003,-0.0053,-0.0058,-0.0062,-0.0067,-0.0072,-0.0078,-0.0075,-0.0059,-0.0061,-0.0058,-0.0052,-0.0042,-0.0044,-0.0046,-0.0036,-0.0027,-0.0003,0.0056,0.0104
2022-04-30,32.8848,131.085,SO,0.1392,0.1188,0.0667,0.039,0.0212,0.0062,0.0004,-0.0063,-0.0061,-0.0066,-0.0028,-0.0022,-0.0037,-0.0035,-0.0034,-0.0017,0.0028,0.008,0.0118,0.0125,0.0128,0.0114,0.012,0.0094,0.0043,0.0013,-0.0026,-0.0073,-0.0131,-0.0171
2022-05-24,32.8848,131.085,E,0.1464,0.1212,0.1027,0.0864,0.0391,0.0202,-0.0037,-0.0031,0.005,0.0097,0.0085,0.0037,0.003,-0.0005,-0.0016,-0.0047,-0.0021,0.0041,0.0041,0.0054,0.0022,-0.0028,0.0003,-0.0007,-0.0031,-0.0045,-0.003,-0.0057,-0.0046,-0.0087
2022-05-24,32.8848,131.085,N,0.0739,0.0407,-0.0018,0.0273,-0.0158,-0.0177,-0.0132,-0.0125,,0.0072,,0.0221,0.0195,0.0236,0.0159,0.0235,0.0047,0.0013,0.0017,0.0002,-0.0021,-0.0076,-0.0113,-0.0101,-0.0071,-0.001,0.006,-0.0007,-0.0044,-0.0074
2022-05-24,32.8848,131.085,NE,,0.0446,0.0437,0.0591,0.0549,0.0246,-0.0033,-0.0281,-0.0189,-0.0099,-0.0047,-0.0126,-0.021,,,,,,,-0.0068,-0.0136,-0.0082,0.0016,0.0037,0.0053,0.0141,0.0049,0.0112,0.005,0.0045
2022-05-24,32.8848,131.085,NO,,0.013,0.006,0.0481,0.0946,0.1358,0.1329,0.0543,0.0047,-0.0101,-0.0164,-0.0205,-0.0246,-0.0058,0.0038,0.0051,-0.0028,-0.0017,0.0093,0.0025,0.0052,-0.0073,0.0039,-0.0005,0.0078,0.0049,-0.0003,-0.0053,-0.0158,-0.0223
2022-05-24,32.8848,131.085,O,,0.1259,0.1073,0.0903,0.0756,0.0551,0.0398,0.0379,0.0197,0.0055,-0.0039,-0.0103,-0.0179,-0.0225,-0.0219,-0.0239,-0.0261,-0.0302,-0.0152,-0.0171,-0.0099,-0.012,-0.008,-0.0027,0.0043,0.02,0.0429,0.0552,0.0563,0.0559
2022-05-24,32.8848,131.085,S,,0.1707,0.1692,0.1418,0.0804,0.0388,0.0133,0.0056,-0.008,-0.0057,-0.0011,0.0027,0.0016,0.0038,0.0075,0.0073,0.0159,0.0149,0.0129,0.005,0.0086,-0.0106,-0.0091,-0.0077,-0.0086,-0.008,-0.0067,-0.0054,-0.0038,-0.0026
2022-05-24,32.8848,131.085,SE,0.1453,0.1205,0.1129,0.0952,0.0682,0.0221,-0.007,-0.0264,-0.0029,0.0041,-0.0112,-0.014,-0.0074,-0.0102,-0.0037,-0.0052,-0.0008,0.0021,0.0083,0.0085,0.009,0.0089,0.0078,0.0019,0.0011,-0.0035,-0.009,-0.0044,-0.0087,-0.0073
2022-05-24,32.8848,131.085,SO,0.1844,0.1618,0.1591,0.1351,0.0991,0.0683,0.0274,0.0015,0.0012,-0.0049,0.007,0.006,0.0072,-0.0115,-0.014,-0.0135,-0.0111,-0.0082,-0.0051,-0.001,0.0003,0.0025,0.0056,0.0049,0.001,0.0017,0.0003,-0.0016,-0.0015,-0.0028
2022-05-25,32.8842,131.0856,E,0.0829,0.0464,0.0501,0.0417,0.0334,0.0231,0.0018,-0.0074,-0.0015,0.0135,0.0195,0.0073,-0.0126,-0.0189,-0.0136,-0.0345,,,,,,,,,,,,,,
2022-05-25,32.8842,131.0856,N,,0.1557,0.0956,0.0468,0.0201,-0.0123,0.0133,-0.0076,0.0271,0.0302,0.0038,0.003,0.0076,0.0085,0.0352,0.0247,0.018,0.0156,0.0086,0.0067,-0.0129,-0.0234,-0.0131,0.0031,0.0033,-0.0071,-0.0074,-0.0122,-0.0171,-0.0168
2022-05-25,32.8842,131.0856,NE,0.1093,0.1331,,0.1062,0.0673,0.0203,-0.0177,-0.005,0.0159,0.0269,0.0159,0.0025,-0.0115,-0.0184,-0.0122,-0.0136,-0.0033,-0.005,0.0015,-0.0047,0.0012,-0.0002,0.0014,0.0043,0.0056,0.0012,0.0067,0.0137,0.0155,0.0124
2022-05-25,32.8842,131.0856,NO,0.072,,,,,,,0.0113,-0.0031,-0.0072,-0.0219,-0.0167,-0.0031,-0.0231,-0.0102,0.0008,0.0068,0.0059,0.0195,0.0128,0.0276,0.0203,-0.011,0.0017,-0.0043,-0.01,-0.0206,-0.0336,-0.0119,-0.0202
2022-05-25,32.8842,131.0856,O,,,,,,0.04,0.0063,-0.0041,-0.011,-0.0273,-0.0333,-0.0359,-0.0224,-0.0168,-0.0132,-0.0183,-0.0086,-0.0107,-0.0097,-0.0069,-0.0023,-0.0068,-0.0023,0.003,0.0116,0.0369,0.0476,0.0522,0.0564,0.0549
2022-05-25,32.8842,131.0856,S,,,0.0549,0.0336,0.0036,0.0081,0.0172,0.0056,0.0174,-0.0132,0.0075,0.0032,-0.0082,-0.0057,-0.0039,-0.0058,-0.0019,0.0054,1e-04,0.0084,0.0086,0.0011,-0.0029,1e-04,-0.0011,-0.0043,-0.0046,0.0007,0.0032,0.002
2022-05-25,32.8842,131.0856,SE,,0.0486,0.079,0.0552,0.0395,0.0347,0.0326,0.0163,-0.0058,-0.02,0.0065,0.0114,0.0073,0.0165,-0.0029,0.0089,-0.0102,-0.0136,-0.0114,-0.0137,-0.0152,-0.0107,-0.0116,-0.0093,-0.009,-0.0164,,,,
2022-05-25,32.8842,131.0856,SO,,,,,,0.0295,0.015,0.0202,0.0097,0.0122,0.0065,0.0061,-0.0003,-0.0005,-0.0043,-0.0112,-0.0104,-0.013,-0.0011,0.0051,0.0037,0.014,0.0104,0.0081,0.0072,0.0043,-0.001,-0.0049,-0.0141,-0.0111
2022-07-10,32.8848,131.085,E,0.373,0.3321,0.1856,0.0639,-0.0091,-0.0041,-0.0056,-0.0035,0.011,0.0141,,,,,,,,,,,-0.0069,-0.004,-0.0076,-0.003,-0.0027,-0.0004,0.0023,0.0016,0.0031,0.0063
2022-07-10,32.8848,131.085,N,0.3609,0.2671,0.1853,0.2073,0.0906,0.0411,-0.0005,-0.0392,-0.0453,-0.0216,-0.0076,-0.0126,-0.0067,-0.0036,-0.0016,0.0036,0.0156,0.0122,0.0136,0.0098,0.0202,0.0127,0.0066,-0.0108,-0.0022,0.0032,0.0006,-0.0123,-0.0092,-0.0097
2022-07-10,32.8848,131.085,NE,,0.3549,0.2315,0.1381,0.0135,-0.0102,-0.0201,-0.0315,-0.0147,-0.006,-0.0056,-0.0167,-0.0182,-0.0256,-0.0242,-0.0194,-0.0165,,,,,0.0043,0.0008,-0.0009,-0.0045,0.001,0.0043,0.0102,0.0174,0.024
2022-07-10,32.8848,131.085,NO,,0.1787,0.0964,0.0611,0.0991,0.1496,0.1063,-0.0013,-0.014,-0.0241,-0.0323,-0.0282,-0.0194,-0.0159,-0.0026,-0.0048,-0.0057,-0.0043,0.0054,0.0118,0.0156,0.0112,0.0116,0.0067,0.0136,-0.0033,-0.0006,-0.0064,0.004,0.0009
2022-07-10,32.8848,131.085,O,,0.3354,0.2202,0.0651,-0.0172,-0.0152,-0.0094,-0.0098,-0.0271,-0.0358,,,,,,,,,,,,,,-0.0253,-0.0151,0.0026,-0.0029,0.0081,0.015,0.0107
2022-07-10,32.8848,131.085,S,,0.16,0.1551,0.0826,0.0186,0.0159,0.0021,-0.0142,-0.0248,-0.0229,-0.0177,-0.0096,0.0004,-0.005,0.0007,0.0024,0.0074,0.013,0.0115,0.0106,0.0019,0.0003,0.0064,0.0034,0.0016,-0.0016,-0.0069,-0.0071,-0.009,-0.0134
2022-07-10,32.8848,131.085,SE,0.2767,0.2265,0.1157,0.0707,0.0531,0.0194,0.0095,0.0012,0.0099,0.006,-0.0032,-0.0084,-0.0081,-0.01,-0.0079,-0.0035,-0.0055,-0.0071,0.0007,0.0046,0.0021,0.0018,0.0008,-0.0012,-0.0025,-0.0035,-0.0065,0.0168,0.0085,0.0151
2022-07-10,32.8848,131.085,SO,0.2417,0.1637,0.0546,0.0176,-0.0069,-0.0025,-0.0031,-0.0135,-0.004,-0.0141,0.005,0.0089,-0.0038,-0.007,-0.0042,0.0022,0.0106,0.0176,0.016,0.0158,0.0203,0.0251,,,-0.0042,0.0042,-0.0054,-0.0037,-0.0028,-0.0026
2022-07-27,32.8845,131.085,E,0.2091,0.2145,0.1819,0.1244,0.0754,-0.0004,-0.0014,-0.0019,-0.0105,0.007,0.0068,0.0054,-0.0008,-0.001,0.0015,0.0029,0.0099,0.0143,,,,,,,,-0.0028,-0.0095,-0.0042,0.0002,0.0041
2022-07-27,32.8845,131.085,N,0.2195,0.1644,0.1282,0.17,0.0611,0.0576,0.0202,-0.0542,-0.0784,-0.0458,-0.0226,-0.01,-0.0038,0.0043,0.0078,0.0107,0.0163,0.0112,0.0117,0.004,0.0133,0.013,0.0008,-0.0201,-0.0025,0.0116,0.0035,-0.0055,-0.003,-0.0125
2022-07-27,32.8845,131.085,NE,,0.3325,0.2682,0.2306,0.1942,0.0969,0.0196,-0.0251,-0.0373,-0.0146,0.0002,0.0055,0.0083,-0.0072,-0.0239,-0.0201,-0.0117,-0.0018,0.002,-0.0021,-0.0214,0.0025,0.034,0.0539,0.0635,0.0776,0.0418,0.0259,0.0154,0.0072
2022-07-27,32.8845,131.085,NO,,0.1138,0.1028,0.2058,0.2966,0.2239,0.1716,-0.0194,-0.0415,-0.0547,-0.0548,-0.0477,-0.0409,-0.0042,-0.0284,-0.0404,-0.027,-0.0115,-0.0047,-0.0114,-0.0023,-0.0171,0.0182,-0.0005,-0.0064,-0.0075,0.016,0.0267,0.0597,0.0675
2022-07-27,32.8845,131.085,O,,0.261,0.1277,0.0597,0.0307,0.0177,0.0234,0.0047,,,,,,,,,,,-0.0542,-0.0466,-0.006,0.0082,0.0074,-0.008,-0.0102,-0.0302,0.0056,0.0594,0.0588,0.0515
2022-07-27,32.8845,131.085,S,,0.116,0.1057,0.0441,0.0232,0.0212,-0.0013,-0.0007,0.0092,-0.0134,-0.0184,-0.0076,-0.001,-0.0047,0.0012,0.0016,0.0075,0.0089,0.01,0.0086,0.0057,0.0075,0.0069,0.0019,0.003,-0.0053,-0.006,-0.0087,-0.0094,-0.0187
2022-07-27,32.8845,131.085,SE,0.1846,0.195,0.1023,0.0901,0.0231,0.0378,0.0234,0.0034,0.004,0.0165,-0.0002,-0.0131,-0.0002,-0.0131,-0.0074,-0.0066,-0.0017,-0.0066,-0.0,0.0031,0.0039,0.0055,0.0009,0.0004,0.0056,0.0044,0.0029,0.0026,0.0014,0.0052
2022-07-27,32.8845,131.085,SO,0.2013,0.177,0.1177,0.0647,0.0426,0.0163,0.0102,-0.0016,0.0042,-0.0064,-0.003,,,,,,,,,,,,,0.0386,0.028,0.0155,0.0124,0.0044,-0.0033,-0.0229
2022-08-30,32.8842,131.0853,E,0.3147,0.2642,0.1103,,,,,,,,,,,-0.0429,-0.0088,0.0095,0.0012,0.0026,0.0057,1e-04,0.0049,0.0099,0.0073,0.0028,0.0011,-0.001,-0.0098,-0.0004,0.0033,-0.0109
2022-08-30,32.8842,131.0853,N,,0.2485,0.2678,0.0962,,0.0063,-0.021,-0.0346,,,0.0092,0.0242,0.0082,0.0143,0.0159,0.0136,-0.0022,-0.001,-0.0042,-0.0055,-0.0138,-0.0241,-0.0295,-0.006,0.0106,0.0094,0.0022,0.0089,-0.0137,-0.0159
2022-08-30,32.8842,131.0853,NE,,0.338,0.2136,0.1101,,,,,,,,,,-0.0139,-0.0053,-0.0102,-0.0209,-0.003,-0.0034,0.0002,0.0015,-0.0058,-0.0078,0.001,0.007,0.0091,0.007,0.0036,0.0041,0.0047
2022-08-30,32.8842,131.0853,NO,0.1946,0.1762,0.1699,,,,,,,,,,,,0.0117,0.0128,0.0201,0.0209,0.0118,0.007,0.0066,-0.002,-0.0083,-0.0093,-0.0234,-0.0261,-0.0175,-0.0187,,
2022-08-30,32.8842,131.0853,O,,0.1927,,,,,,,,,,0.0068,,,0.0022,-0.0045,,,,,,,,,,,,,,
2022-08-30,32.8842,131.0853,S,0.2938,0.1749,0.1152,0.1027,0.0515,0.0233,0.0109,-0.011,0.0021,0.0047,-0.0097,-0.0102,-0.0031,0.0018,-0.0028,-0.005,0.001,0.0031,-0.0033,0.0008,-0.0017,-0.001,0.0033,0.0017,0.0023,0.0034,0.0065,0.0017,0.0015,-0.0013
2022-08-30,32.8842,131.0853,SE,,0.2996,0.2098,0.1386,0.1049,0.0671,0.0708,,0.0282,-0.0063,0.0295,0.0101,,,,,,-0.0236,,-0.0263,-0.0224,-0.0214,-0.0221,-0.0191,-0.0175,0.0078,0.0043,0.0116,0.0049,0.0129
2022-08-30,32.8842,131.0853,SO,,0.1823,0.1156,,0.0651,0.0452,0.0197,0.0147,-0.0012,0.0081,0.02,0.0052,-0.003,-0.0056,-0.0118,-0.015,-0.0136,-0.0179,-0.0145,-0.0073,-0.0127,-0.0126,-0.0019,0.0238,0.0096,0.0229,0.0209,0.0049,0.0064,0.0116
2022-10-20,32.8848,131.0853,E,0.4214,0.3452,0.2399,0.1635,0.0859,,,0.0287,,0.0089,,-0.0079,-0.0086,-0.0049,0.0006,0.0054,0.0008,-0.0011,0.0051,0.003,,,,,,,,,,
2022-10-20,32.8848,131.0853,N,,0.1831,0.2047,0.1544,0.0617,-0.0085,-0.0398,-0.0344,-0.0199,0.0059,0.0055,0.0016,0.0011,0.0011,0.0028,-0.001,0.0042,0.0138,0.0182,0.0161,0.0043,-0.017,-0.0113,-0.0006,0.0075,0.0062,0.001,-0.0027,-0.0053,-0.0085
2022-10-20,32.8848,131.0853,NE,0.3431,0.3019,,0.1373,0.1097,0.0414,-0.018,,,,-0.0034,-0.0088,-0.0248,-0.0236,-0.0185,-0.0038,-0.0042,-0.0039,0.0073,-0.008,-0.013,-0.0055,-0.0004,0.0046,0.0121,0.0148,0.0256,0.0284,0.0278,0.0322
2022-10-20,32.8848,131.0853,NO,0.2185,0.1913,0.1774,,,,,,,,,,,,,,-0.0093,0.0195,0.007,-0.0093,-0.0169,-0.0272,-0.0026,-0.001,-0.0237,-0.0148,-0.0064,0.0027,0.0074,0.0138
2022-10-20,32.8848,131.0853,O,,0.35,,,,,,,,,,,,-0.027,-0.0338,-0.0281,-0.0254,-0.0284,-0.0248,-0.0115,-0.0079,-0.0205,-0.0179,-0.0068,-0.0147,0.0085,0.012,0.0233,0.0435,0.0429
2022-10-20,32.8848,131.0853,S,0.3631,0.2695,0.2019,0.1943,0.1142,0.0619,0.0504,-0.0077,-0.0095,0.0375,0.0124,-0.0044,-0.002,-0.0034,-0.0098,-0.0104,-0.0033,0.0015,-0.0002,-0.002,-0.0113,-0.0078,-0.0056,-0.0027,0.0002,-0.0072,-0.0062,-0.0031,0.0057,0.012
2022-10-20,32.8848,131.0853,SE,,0.3744,0.2686,0.18,0.1148,0.0743,0.0387,,-0.0093,0.0072,0.0073,-0.0019,-0.0056,-0.0098,-0.0052,-0.0018,-0.0119,,,-0.0083,,-0.0041,,,,-0.0012,-0.0039,0.0021,0.0014,0.0049
2022-10-20,32.8848,131.0853,SO,,0.298,0.1754,,,,,,,,,,,,-0.0009,-1e-04,0.0061,0.0017,-0.0017,-1e-04,-0.0004,0.0017,0.0052,0.0028,0.0015,-0.0019,-0.0032,-0.0028,-0.0047,-0.0071
2022-11-11,32.8845,131.085,E,0.372,0.2296,0.0944,0.0097,0.0272,0.0212,0.0088,,,,,,,,,,,,,,,,,,0.0049,0.0078,-0.0044,-0.0026,0.004,-0.0017
2022-11-11,32.8845,131.085,N,0.3293,0.2193,0.141,0.1364,0.0594,0.0147,0.0041,0.0102,-0.0031,-0.0026,0.0061,0.0065,0.0095,0.0147,0.0173,0.0172,0.0224,0.019,0.0147,0.0103,0.0067,-0.0168,-0.0044,-0.025,-0.009,-1e-04,0.0014,0.0025,0.0032,0.0048
2022-11-11,32.8845,131.085,NE,,0.2726,0.1882,0.1192,0.0273,0.0373,0.0345,0.0376,0.0084,0.0044,0.0078,0.0113,0.0111,-0.0164,0.0042,-0.0229,-0.0086,-0.0004,0.0349,,,-0.0071,-0.0219,,,-0.0209,-0.0018,0.0006,-0.0032,-0.0043
2022-11-11,32.8845,131.085,NO,,0.2604,0.1513,0.1313,0.2734,0.2204,0.097,0.032,0.0033,-0.02,-0.0194,-0.0272,-0.0302,-0.0089,-0.0112,-0.0211,-0.0173,-0.0124,-0.0028,-0.0037,-0.002,-0.0005,-0.0007,-0.0003,0.0059,0.0077,0.008,0.0194,0.0459,0.0195
2022-11-11,32.8845,131.085,O,,0.3811,0.1752,0.0466,0.0183,-0.0029,-0.0021,-0.0122,-0.0252,-0.0304,-0.0387,-0.0561,-0.0521,-0.0849,,,,,,,0.0073,-0.0038,-0.01,-0.0134,0.0034,-0.0026,0.0087,0.0232,0.0133,0.0314
2022-11-11,32.8845,131.085,S,,0.1873,0.1633,0.0901,0.0385,0.0378,0.0114,0.0064,,,,,,-0.0451,-0.0098,,0.0006,0.0008,-0.004,-0.0024,-0.0021,-0.0041,-0.0027,0.0052,0.0039,0.002,0.0048,-0.0016,-0.0075,-0.002
2022-11-11,32.8845,131.085,SE,0.3483,0.2625,0.202,0.1711,0.1521,0.1311,0.1295,,,,,,,,,,,,,0.0,-0.0,,,,,,,,,
2022-11-11,32.8845,131.085,SO,0.3549,0.2944,0.1756,0.0622,0.0476,-0.0259,-0.0142,-0.0067,0.008,0.0047,0.0017,0.003,0.0085,-0.0032,,,,,,,,0.0137,0.0099,0.0009,0.0016,-0.0009,-0.0053,-0.0017,-0.0043,-0.007
2023-02-12,32.8848,131.085,E,0.0679,0.0553,0.0233,0.0062,,,,,,,,,,,,,,,,,,,,,,,,,,
2023-02-12,32.8848,131.085,N,0.0187,0.0069,0.0029,0.0132,0.0107,0.005,-0.0115,-0.0152,-0.0142,-0.0139,-0.0134,-0.0101,-0.0052,-0.0038,0.0002,-0.0007,0.0057,0.0008,-0.0014,0.0013,0.0022,-0.0003,-0.0028,-0.0055,-0.001,-0.0005,0.0052,0.0039,0.0052,0.0103
2023-02-12,32.8848,131.085,NE,,0.0194,0.0083,0.0047,-0.009,0.0018,0.0037,-0.0129,-0.0038,-0.0063,-0.0064,-0.0141,-0.013,-0.0149,-0.0127,-0.004,-0.0017,-0.0032,-0.002,-0.0024,-0.0067,-0.0018,-0.003,-0.0002,0.0009,0.0082,0.0076,0.0056,0.0095,0.0075
2023-02-12,32.8848,131.085,NO,,0.0207,0.0144,0.0137,0.0184,0.0336,0.0088,-0.0041,-0.0044,-0.0094,-0.0171,-0.0233,-0.0211,-0.0108,-0.0093,-0.0083,-0.0055,-0.0045,0.0047,0.0037,0.0032,0.0047,0.0043,0.0057,0.0079,0.0009,0.0026,0.0091,0.0067,0.0053
2023-02-12,32.8848,131.085,O,,0.0404,0.0429,0.0339,0.0193,-0.0029,-0.0167,-0.0117,-0.0136,-0.0136,-0.014,-0.014,-0.0211,-0.0203,-0.0137,-0.0104,-0.0079,-0.0108,-0.0035,-0.0037,-0.0004,-0.0052,0.0004,0.0023,0.0018,0.014,0.0125,0.0201,0.0225,0.0215
2023-02-12,32.8848,131.085,S,,0.0049,0.0029,-0.0051,-0.0139,-0.0063,-0.0097,-0.0008,0.0051,0.0015,-0.0089,-0.0064,-0.0054,-0.0085,-0.0049,-0.004,-0.0018,-0.0005,-0.0005,-0.0022,-0.0051,0.0002,0.0019,-0.0005,0.0002,-0.0027,-0.0028,-0.0016,-0.0036,-0.0057
2023-02-12,32.8848,131.085,SE,0.0391,0.02,,,,-0.0092,-0.0136,,-0.001,,,,,,,,,,,,,,,,0.0035,,0.0016,0.0016,-0.0019,-0.0025
2023-02-12,32.8848,131.085,SO,0.0135,0.0226,0.007,0.0311,0.0168,0.0145,0.0072,-0.0083,-0.007,-0.0015,0.0031,0.0027,0.0015,-0.0036,0.0002,0.0005,0.0032,0.0039,0.0068,0.0065,0.0062,0.0074,0.0074,0.0047,0.0033,0.002,-0.0019,-0.0054,-0.0079,-0.008
2023-03-08,32.8848,131.0853,E,0.1642,0.1096,0.0718,0.049,0.0231,0.0129,,,,,,,,,,,,,,,,,,,,,,,,
2023-03-08,32.8848,131.0853,N,,0.0669,0.0814,0.0188,-0.0013,-0.0245,-0.0311,-0.0363,-0.0355,-0.0302,-0.022,-0.0048,0.0002,-0.0005,0.004,0.0016,0.0019,0.0008,0.0064,0.0044,-0.0055,-0.011,-0.0089,-0.0037,0.0015,0.0049,0.0055,0.0064,0.0036,0.0059
2023-03-08,32.8848,131.0853,NE,0.1135,0.0685,0.0528,0.0266,0.0029,-0.0247,-0.0336,-0.0425,-0.0476,-0.0459,,-0.0138,-0.027,-0.0122,-0.0117,-0.0063,0.0004,0.0018,-0.0063,-0.0081,-0.0085,-0.0018,-0.0051,-0.0058,0.0003,0.0042,0.0069,0.0068,0.0116,0.0088
2023-03-08,32.8848,131.0853,NO,0.1325,0.1177,0.0596,0.0351,0.0349,0.0094,-0.0034,-0.0088,-0.0148,-0.0258,-0.0337,-0.0343,-0.0241,-0.0126,-0.014,-0.0212,-0.018,-0.0066,-0.0071,-0.0028,-0.0041,-0.0009,0.0031,0.0107,-0.0032,-0.0002,0.0106,0.0019,0.0002,-0.0055
2023-03-08,32.8848,131.0853,O,,0.1554,0.1052,0.0572,0.0283,-0.001,-0.0268,-0.0354,-0.0417,-0.0473,-0.048,-0.057,-0.0552,-0.0473,-0.0333,-0.0206,-0.025,-0.0288,-0.0239,-0.0195,-0.0054,-0.015,-0.012,-0.003,-0.0007,0.0248,0.0409,0.0684,0.0812,0.0836
2023-03-08,32.8848,131.0853,S,0.17,0.0952,0.0385,0.0399,0.0094,-0.0285,-0.017,-0.0123,-0.0248,-0.0065,-0.0093,-0.0096,-0.0079,-0.0042,-0.0049,-0.0038,0.0005,0.0023,0.0027,0.0086,0.0076,0.0057,0.0057,0.003,0.0008,-1e-04,-0.0017,-0.0034,0.0004,-1e-04
2023-03-08,32.8848,131.0853,SE,,0.1231,0.0656,0.0344,0.001,,,,,,,,,,,,,,,,,,,,,,,1e-04,0.0003,-0.0008
2023-03-08,32.8848,131.0853,SO,,0.1433,0.084,0.0547,0.0374,0.0196,0.0181,-0.0039,-0.0154,-0.0108,-0.0039,-0.0002,-0.0024,-0.0003,0.003,0.0039,0.0057,0.0062,0.0088,0.0106,0.0112,0.0099,0.0116,0.0077,0.0045,-0.0005,-0.0027,-0.0064,-0.0105,-0.0119
2023-03-16,32.8848,131.085,E,0.0875,0.0555,0.0142,,,,,,,,,,,,,,,,,,,,,,,,,,,
2023-03-16,32.8848,131.085,N,0.0158,-0.0166,-0.0364,-0.0228,-0.021,-0.0064,-0.0139,,,,-0.0138,-0.0084,-0.0056,0.005,0.0061,0.0092,0.0113,0.013,0.0122,0.0058,0.0004,-0.0028,-0.01,-0.0226,-0.0164,-0.0019,-0.0049,0.0089,0.0066,
2023-03-16,32.8848,131.085,NE,,0.0068,-0.0239,-0.0203,,,,,,,,,,,,,,,,,,,,,,,-0.0047,-0.0051,-0.0012,0.0062
2023-03-16,32.8848,131.085,NO,,0.052,0.0208,0.0058,0.0164,0.0243,0.0076,,,-0.01,-0.0227,-0.0289,-0.0207,-0.016,-0.003,-0.0091,-0.0021,-0.0167,-0.0069,-0.0072,-0.0151,-0.0132,-0.0153,-0.0116,-0.007,-0.0073,-0.0052,-0.0012,-0.0011,0.0039
2023-03-16,32.8848,131.085,O,,0.1393,0.0793,,,,,,,,,,,,-0.0698,-0.0455,-0.0082,0.0036,0.0117,0.0108,0.0102,0.0059,-0.0123,-0.0329,-0.0269,-0.0159,0.0029,0.0153,0.0316,0.0296
2023-03-16,32.8848,131.085,S,,,,,-0.0023,-0.0029,-0.0054,0.004,-0.0019,-0.0056,-0.0061,-0.0009,0.0027,0.0049,0.0055,-0.0036,-0.0066,-0.0051,-0.007,-0.0064,,,,,,,,,,
2023-03-16,32.8848,131.085,SE,0.0524,0.0249,,,,,,,,,,,,,,,,,,,,,,,,,,,,
2023-03-16,32.8848,131.085,SO,0.0119,0.0028,,,,0.0024,0.0034,-0.0021,0.004,0.0024,0.002,-0.0008,-0.0018,-0.0006,0.0024,0.002,0.003,-0.0018,-0.0008,-0.0051,-0.0026,-0.0049,-0.0039,-0.0009,0.0052,0.0093,0.0133,0.0099,0.007,0.0055
2023-04-09,32.8845,131.0856,E,0.0615,0.04,0.0255,0.0307,0.0258,0.0141,0.0055,0.0034,0.009,0.0082,0.003,-0.005,-0.0056,-0.0007,0.0024,0.0036,-0.0002,-0.001,-0.0004,0.0021,0.0051,0.008,0.0071,0.0055,0.0062,0.0032,-0.0003,-0.0033,-0.0054,-0.0095
2023-04-09,32.8845,131.0856,N,,0.0591,0.028,0.0033,-0.0131,-0.0267,-0.0316,-0.0319,-0.0265,-0.0173,0.0015,0.0102,0.0102,0.0169,0.0137,0.0146,0.0164,0.0183,0.019,0.0142,-0.0,-0.0121,-0.007,0.0021,-0.0044,-0.0033,-0.0019,-0.0032,-0.0076,-0.005
2023-04-09,32.8845,131.0856,NE,0.0983,0.1273,0.0983,0.0778,0.0324,0.0012,-0.0263,-0.0262,-0.0208,-0.0183,-0.0154,-0.0194,-0.0257,-0.0299,-0.024,-0.0134,-0.0157,-0.0129,-0.007,-0.0089,-0.0063,0.0021,0.0091,0.0073,0.0104,0.0178,0.0217,0.0227,0.0167,0.0207
2023-04-09,32.8845,131.0856,NO,0.0136,-0.0041,-0.0123,-0.0091,-0.029,-0.0331,-0.0172,-0.0246,-0.0419,-0.0435,-0.0387,-0.0227,-0.0044,-0.0129,-0.0172,-0.008,0.0006,0.0016,0.0004,0.002,0.0036,0.0116,0.0119,-0.0056,-0.0042,0.0062,0.0082,0.0035,0.0036,0.0104
2023-04-09,32.8845,131.0856,O,,0.0369,0.0052,-0.0062,-0.0148,-0.0375,-0.0383,-0.0376,-0.0394,-0.0391,-0.0464,-0.0547,-0.0503,-0.0326,-0.0282,-0.0218,-0.0238,-0.0145,-0.0139,-0.0076,-0.0104,-0.008,-0.003,-0.006,0.0064,0.0318,0.0432,0.0531,0.0669,0.0649
2023-04-09,32.8845,131.0856,S,,0.0751,0.0507,0.0329,0.0293,0.0115,-0.0261,-0.0207,-0.0146,-0.0183,-0.0005,-0.0062,-0.0096,-0.0068,-0.0052,-0.0061,-0.0019,1e-04,0.0123,0.0124,0.0127,0.0019,0.002,-0.0012,-0.0012,-0.0006,-0.0028,-0.009,-0.0104,-0.0118
2023-04-09,32.8845,131.0856,SE,,0.0744,0.0775,0.0591,0.0494,0.0311,0.0062,-0.001,-0.0012,-0.0041,-0.0067,-0.0077,-0.0082,,,,,,,,,,0.0114,0.0033,-0.0021,-0.003,-0.0028,-0.0031,-0.0029,-0.003
2023-04-09,32.8845,131.0856,SO,,0.0336,0.0301,0.0309,0.0223,0.0075,0.02,0.0026,-0.0018,0.0076,0.0009,0.006,0.0009,-0.0021,-0.0077,-0.0059,-0.0082,-0.0079,-0.0023,0.0008,0.0011,0.0029,0.0069,0.0076,0.0059,0.0045,0.0015,-0.0027,-0.0032,-0.006
2023-04-17,32.8848,131.085,E,0.0724,0.0565,0.018,0.0006,-0.0118,-0.0076,-0.01,-0.0022,-0.0004,0.0019,0.0004,0.0028,0.0015,-0.0008,-0.0039,-0.0058,-0.0039,-0.003,-0.0018,0.0015,0.0017,0.0023,0.0017,0.0028,0.0022,0.0007,-0.0002,-0.0015,-0.001,-0.0007
2023-04-17,32.8848,131.085,N,0.0335,0.013,0.0105,0.0271,0.0237,0.011,-0.0165,-0.0351,-0.0358,-0.0333,-0.0235,-0.0221,-0.0147,-0.0045,0.0015,0.0029,0.0108,0.0092,0.0143,0.0088,0.0083,0.0088,0.0022,-0.0056,0.0027,0.0096,-0.0004,-0.0061,-0.0007,0.0019
2023-04-17,32.8848,131.085,NE,,0.0749,0.0685,0.069,0.0305,0.0036,-0.018,-0.0334,-0.0203,-0.0173,-0.0129,-0.0164,-0.0151,-0.0268,-0.0226,-0.013,-0.0076,-0.0081,-0.0047,-0.0089,-0.0127,-0.0044,-0.0011,0.0077,0.0136,0.0144,0.0156,0.0192,0.0244,0.0251
2023-04-17,32.8848,131.085,NO,,0.0286,0.013,0.0072,0.0115,0.0145,-0.0146,-0.0256,-0.0211,-0.0226,-0.0288,-0.0329,-0.0276,-0.0162,-0.0147,-0.0138,-0.0139,-0.0121,-0.0019,0.001,-1e-04,0.0038,0.0075,0.0154,0.0138,0.0074,0.0133,0.018,0.0149,0.0102
2023-04-17,32.8848,131.085,O,,0.0402,0.0367,0.0116,-0.0165,-0.0341,-0.0443,-0.045,-0.041,-0.0385,-0.0284,-0.0273,-0.0256,-0.025,-0.0128,-0.0106,-0.0109,-0.013,-0.0022,-0.01,-0.0072,-0.007,-0.0024,0.0065,0.0092,0.0167,0.0142,0.0418,0.0321,0.0317
2023-04-17,32.8848,131.085,S,,0.0195,0.023,-0.0007,-0.0233,-0.0203,-0.0159,-0.0183,0.0027,0.0013,-0.0059,-0.007,-0.0101,-0.012,-0.0128,-0.0113,-0.0078,-0.0036,-0.0036,-0.0019,-1e-04,0.0082,0.0089,0.0027,0.0077,0.0008,-0.0043,-0.0069,-0.0102,-0.0112
2023-04-17,32.8848,131.085,SE,0.0624,0.0448,0.0142,-0.0019,-0.0106,-0.0082,-0.0034,0.001,0.004,0.0047,0.0004,-0.0031,-0.0035,-0.0066,-0.0084,-0.0096,-0.0042,-0.0039,0.002,0.004,0.0039,0.002,0.0032,0.0026,0.002,0.0029,0.0021,0.0019,0.0015,0.0019
2023-04-17,32.8848,131.085,SO,0.0255,0.0319,0.0159,0.0201,1e-04,-0.0024,-0.0089,-0.0196,-0.0129,-0.0066,0.0057,0.0074,0.0047,-0.0051,0.0017,-0.0014,0.0007,0.0012,0.0028,0.0023,0.0062,0.0068,0.0075,0.0039,0.0062,0.0033,0.0011,-0.0044,-0.0086,-0.012
2023-05-03,32.8848,131.085,E,0.1375,0.1092,0.057,0.0047,-0.0148,-0.0131,-0.0107,-0.0105,-0.0117,-0.0114,-0.0114,-0.012,-0.0135,-0.0137,-0.0136,-0.0134,-0.0094,-0.0044,0.0007,0.0074,0.0081,0.0111,0.0089,0.0098,0.009,0.0077,0.0072,0.0057,0.0033,0.0009
2023-05-03,32.8848,131.085,N,0.0858,0.071,0.0409,0.0579,0.0177,-0.0038,-0.0327,-0.037,-0.0402,-0.0347,-0.0232,-0.0134,-0.0041,0.0065,0.0081,0.0169,0.0153,0.016,0.0203,0.0122,0.0138,0.0106,0.0058,-0.0005,-0.0046,0.0007,-0.0084,-0.0125,-0.0089,-0.0097
2023-05-03,32.8848,131.085,NE,,0.1083,0.089,0.052,0.0036,-0.024,-0.0452,-0.06,-0.0365,-0.0279,-0.0152,-0.0113,-0.0077,-0.0179,-0.0158,-0.0057,-0.0021,-0.0006,0.0048,-0.0011,-0.0101,-0.008,-0.0027,0.0085,0.011,0.0172,0.0227,0.0267,0.0285,0.0242
2023-05-03,32.8848,131.085,NO,,0.0757,0.0471,0.03,0.026,0.0207,1e-04,-0.021,-0.0283,-0.0353,-0.0378,-0.0369,-0.0288,-0.0148,-0.0106,-0.0107,-0.0081,-0.0082,0.0,-0.0002,0.003,0.0074,0.0109,0.0124,0.0108,0.0005,0.0013,0.0047,-0.0084,-0.0164
2023-05-03,32.8848,131.085,O,,0.1094,0.0816,0.0585,0.02,-0.0137,-0.0319,-0.0377,-0.0464,-0.0452,-0.0384,-0.0392,-0.0341,-0.0345,-0.0225,-0.0152,-0.0164,-0.0199,-0.0096,-0.0119,-0.0049,-0.007,-0.0,0.0061,0.0136,0.0244,0.0427,0.0562,0.0397,0.0394
2023-05-03,32.8848,131.085,S,,0.1193,0.1184,0.092,0.0414,0.0107,-0.0012,-0.0095,-0.0085,-0.0088,-0.0091,-0.0055,-0.0012,-1e-04,0.0034,0.0078,0.0083,0.0066,0.0076,0.0062,0.0037,0.0013,-0.0006,-0.0032,-0.0053,-0.0044,-0.0045,-0.0031,-0.0016,-0.0012
2023-05-03,32.8848,131.085,SE,0.1234,0.1021,0.0936,0.0586,0.0294,0.0044,0.0015,0.0042,0.005,0.0031,0.0,-0.0025,-0.0039,-0.0055,-0.0062,-0.008,-0.0074,-0.0002,0.0029,0.0007,0.0015,0.0018,0.0003,-0.0018,-0.0041,-0.005,-0.0021,-0.0005,0.0038,0.0041
2023-05-03,32.8848,131.085,SO,0.1241,0.1122,0.0938,0.0747,0.0345,0.0151,-0.0017,-0.0085,-0.0057,-0.0068,-0.0003,0.0014,0.0,-0.001,-0.0005,0.001,0.0018,0.0021,0.0037,0.0048,0.0066,0.0075,0.0083,0.0049,0.0041,0.001,-0.0013,-0.0052,-0.0069,-0.008
2023-06-04,32.8845,131.085,E,0.038,0.0363,0.0278,0.0309,0.0228,0.0026,0.0091,0.0021,0.0003,0.0029,0.0053,0.0073,0.0111,0.0073,0.0059,0.0008,-0.0016,-0.004,-0.0073,-0.0056,-0.0032,-0.0026,-0.0035,-0.0048,-0.0046,-0.0041,-0.0014,0.0023,0.0046,0.0065
2023-06-04,32.8845,131.085,N,0.018,0.0149,0.0085,0.024,0.0166,0.0142,-0.0063,-0.0397,-0.0447,-0.0443,-0.0402,-0.0242,-0.0145,0.0021,0.0031,0.0073,0.0071,0.0096,0.0119,0.0086,0.0132,0.011,0.0061,-0.0025,-0.0022,0.0016,-0.0008,-0.0034,-0.0031,-0.0084
2023-06-04,32.8845,131.085,NE,,0.1146,0.122,0.1301,0.1253,0.0733,0.007,-0.0293,-0.0494,-0.0425,-0.0262,-0.0164,-0.0113,-0.016,-0.0241,-0.0235,-0.0121,-0.0027,0.0044,-0.0016,-0.0164,-0.0205,-0.0129,-0.0042,0.0064,0.0124,0.0142,0.0222,0.0207,0.0209
2023-06-04,32.8845,131.085,NO,,0.0067,-0.0055,0.0014,0.0249,0.0125,-0.0113,-0.0285,-0.0364,-0.046,-0.0597,-0.059,-0.0484,-0.0337,-0.0302,-0.0402,-0.0346,-0.0346,-0.0234,-0.0215,-0.0137,-0.0059,0.0041,0.0121,0.0129,0.0144,0.0241,0.0313,0.0256,0.0199
2023-06-04,32.8845,131.085,O,,0.0368,0.0107,-0.0091,-0.0303,-0.0443,-0.0449,-0.0528,-0.0551,-0.0499,-0.0419,-0.0433,-0.0428,-0.0311,-0.0204,-0.0211,-0.0211,-0.014,-0.0068,-0.0092,-0.0076,-0.0038,-0.0002,0.0061,0.0065,0.0037,0.0476,0.0518,0.0251,0.0366
2023-06-04,32.8845,131.085,S,,-0.0035,0.0024,0.0035,-0.0211,-0.0166,-0.0186,-0.0175,-0.0021,-0.0042,-0.0096,-0.0105,-0.0099,-0.014,-0.0081,-0.0043,0.001,0.0045,-0.0009,-1e-04,-0.0003,0.0044,0.0042,0.0012,0.0017,-0.0053,-0.0036,-0.0065,-0.0085,-0.0078
2023-06-04,32.8845,131.085,SE,0.0301,0.0362,0.028,0.0309,0.0261,0.0146,0.0057,0.0057,0.0088,0.0034,-0.0013,,,,,,,,,-0.0075,-0.009,-0.009,-0.0093,-0.0055,-0.0028,0.0004,-0.0019,0.0056,0.0083,0.0114
2023-06-04,32.8845,131.085,SO,-0.0177,-0.0083,-0.013,-0.011,-0.0031,-0.0029,-0.0078,-0.0112,-0.0037,-0.0017,-0.0015,-0.0045,-0.0045,-0.0019,0.0005,0.0019,0.0057,0.0035,0.0079,0.0093,0.0111,0.01,0.0095,0.0065,0.0039,0.0028,-0.0022,-0.0065,-0.0145,-0.0163
2023-10-02,32.8848,131.0853,E,0.1743,0.112,0.0643,0.04,0.0256,0.0143,0.0007,0.0033,-0.0026,-0.0035,-0.0005,,,,,,,,,,,,,,,,,,,
2023-10-02,32.8848,131.0853,N,,0.0691,0.0853,0.0428,0.0205,-0.0055,-0.0147,-0.0162,-0.0165,-0.0128,-0.0059,0.0082,0.0177,0.0157,0.0157,0.0134,0.0024,-0.0005,0.0038,0.0012,-0.0018,-0.0045,-0.0144,-0.0077,-0.006,0.0028,0.0008,0.0035,0.0027,0.0014
2023-10-02,32.8848,131.0853,NE,0.1095,0.0558,0.0458,0.021,0.0212,0.0099,0.0052,0.0052,0.0016,-0.0022,-0.0049,-0.0074,-0.0063,-0.005,0.0009,-0.003,0.0058,0.0067,0.0034,-0.002,-0.0015,0.0031,-0.0041,0.0074,-0.0006,-0.0015,-0.0065,-0.0046,-0.0087,0.001
2023-10-02,32.8848,131.0853,NO,0.0867,0.0781,0.0364,0.0166,0.0179,0.0065,-0.0051,-0.011,-0.0143,-0.0216,-0.0267,-0.0289,-0.0238,-0.0188,-0.022,-0.0282,-0.0268,-0.0171,-0.0133,0.0016,-0.0027,-0.0025,0.0012,0.0067,0.0014,0.0057,0.0075,0.0033,0.0126,0.0031
2023-10-02,32.8848,131.0853,O,,0.1042,0.0653,0.0291,0.0093,-0.0197,-0.0466,-0.0555,-0.0545,-0.0539,-0.0499,-0.0522,-0.0571,-0.046,-0.0254,-0.0202,-0.0182,-0.017,-0.0125,-0.011,-0.0078,-0.0103,-0.0087,0.0091,0.0183,0.0322,0.0417,0.0579,0.0737,0.0805
2023-10-02,32.8848,131.0853,S,0.171,0.12,0.0817,0.085,0.0628,-0.0019,-0.0304,-0.0345,-0.0494,,,,,-0.0126,-0.0121,-0.0065,-0.0057,0.0081,-0.0115,-0.0106,-0.0032,-0.0034,-0.0011,0.0115,0.0148,-0.0005,-0.0037,-0.0007,-0.0068,-0.0063
2023-10-02,32.8848,131.0853,SE,,0.1355,0.0939,0.0726,0.0396,0.0391,0.0087,-0.0049,-0.0005,0.0027,-0.0008,0.0002,0.001,-1e-04,-0.0019,-0.004,-0.0002,0.0024,0.0027,0.0002,-0.0018,,,0.0,0.0005,0.0021,-0.0025,0.0045,,0.0009
2023-10-02,32.8848,131.0853,SO,,0.1041,0.0632,0.039,0.021,0.0002,-0.006,-0.0266,-0.0328,-0.0272,-0.0132,-0.0053,0.0042,0.0014,0.0157,0.0072,0.0078,0.0175,0.0125,0.0202,0.011,0.0087,0.0067,0.0081,0.0024,-0.0019,-0.0018,-0.0069,-0.0135,-0.0198
2023-10-13,32.8853,131.0847,E,0.0468,,,,,,,,,,,,,,,-0.0044,0.0009,0.0015,0.0016,0.0015,0.001,0.0009,-0.0026,-0.0027,-0.0006,-0.002,-0.002,-0.0017,-0.0014,-0.0013
2023-10-13,32.8853,131.0847,N,,0.0354,0.018,0.0081,0.006,0.003,0.0013,-0.0016,-0.0066,-0.0061,,,,,,,,,,,0.0087,0.011,0.005,-0.0016,-0.0022,-0.0018,-0.0013,-0.0009,0.0003,0.0004
2023-10-13,32.8853,131.0847,NE,,-0.1334,-0.1231,-0.0897,,,,,,,,,,,,,,,,,,,,,,0.031,0.0047,-0.0137,0.004,0.0009
2023-10-13,32.8853,131.0847,NO,,,0.027,0.0084,0.0032,0.0015,0.0015,0.0025,-0.0037,-0.0024,-0.0061,-0.0064,-0.007,-0.0052,-0.0054,-0.0051,-0.0038,0.0019,0.0024,0.0019,-1e-04,-0.0012,0.0026,0.0027,0.002,0.0024,0.0018,0.0035,0.0016,0.0011
2023-10-13,32.8853,131.0847,O,,,0.0363,0.0218,0.0164,0.0061,0.003,-0.0012,-0.0026,-1e-04,0.002,0.0016,-0.0035,-0.003,0.0023,-0.0041,-0.0008,-0.0022,-0.0025,-0.0012,-0.0017,0.0003,-0.0034,-0.006,-0.0004,0.009,0.0168,0.0088,-0.0019,0.0017
2023-10-13,32.8853,131.0847,S,,,,,0.0044,-0.0067,-0.0193,-0.0094,-0.0141,-0.0109,-0.004,0.0047,0.0088,0.012,0.0131,0.0055,0.0126,0.0137,0.0152,0.0184,-0.0061,-0.0025,-0.0026,-0.0046,0.0159,0.0089,0.0008,-0.0085,-0.0105,-0.0109
2023-10-13,32.8853,131.0847,SE,,,,,,,0.0199,0.0076,0.0066,-0.0016,,-0.0167,-0.0123,-0.0027,-0.0024,0.0011,0.0062,0.0039,0.002,0.0007,-0.0026,-0.0077,0.0011,0.0003,0.001,0.0051,0.0055,0.002,0.0013,0.0005
2023-10-13,32.8853,131.0847,SO,,,,0.0214,0.0125,0.0047,0.0033,-0.0005,-0.0013,0.0019,0.0031,0.0049,0.0025,0.0025,0.0019,0.0022,-0.0032,-0.0031,-0.0048,-0.0085,-0.0088,-0.0098,-0.0106,-0.0077,-0.0052,-0.0079,-0.001,0.0086,0.0042,0.0037
2023-10-18,32.8848,131.085,E,0.2083,0.1881,0.1488,0.1429,0.1064,0.0782,,,,,,,,,,-0.0034,-0.0045,-0.0049,-0.003,0.0008,0.0024,0.0032,0.002,0.003,0.0036,0.0047,-0.0051,-0.0056,-0.0042,-0.0013
2023-10-18,32.8848,131.085,N,0.1315,0.0939,0.0575,0.0749,0.0468,0.0185,-0.0239,-0.0245,-0.0208,-0.0185,-0.0188,-0.011,-0.005,0.0054,0.0074,0.0041,0.017,0.014,0.0053,0.0164,0.0119,0.0026,-0.0079,-0.0133,-0.0064,0.0003,1e-04,-0.0047,0.0062,0.0089
2023-10-18,32.8848,131.085,NE,,0.1678,0.1324,0.1022,0.074,0.0414,0.0229,0.0077,0.0103,0.0053,0.0037,-0.0068,-0.0129,-0.0217,-0.0176,-0.0108,-0.0102,-0.0154,-0.0175,-0.0192,-0.0094,-0.0036,-0.0009,0.0009,0.0049,0.0099,0.0145,0.0112,0.0224,0.0237
2023-10-18,32.8848,131.085,NO,,0.0868,0.0364,0.023,0.021,0.0341,-0.0021,-0.0248,-0.0223,-0.0285,-0.0416,-0.0485,-0.0366,-0.0264,-0.0218,-0.0187,-0.0152,-0.0191,-0.0044,-0.0036,-0.002,0.0026,0.0053,0.0108,0.0151,0.0048,0.0101,0.0182,0.0076,0.0048
2023-10-18,32.8848,131.085,O,,0.1305,0.0965,0.0719,0.042,-0.0214,-0.0443,-0.0377,-0.0407,-0.0376,-0.0351,-0.0347,-0.0425,-0.0378,-0.0255,-0.0191,-0.0175,-0.0194,-0.0162,-0.0103,0.0081,-0.0013,-0.0046,0.0049,0.0032,0.0304,0.0403,0.0502,0.0525,0.0472
2023-10-18,32.8848,131.085,S,,0.0937,0.095,0.0641,0.0294,0.0215,0.015,-0.0135,0.0048,-0.0018,-0.0123,-0.0079,-0.0071,-0.0082,-0.0054,-0.0018,0.0042,0.0056,0.0051,-0.0011,-0.0022,0.0055,0.0096,0.0055,0.0024,-0.0008,-0.002,-0.005,-0.0066,-0.0077
2023-10-18,32.8848,131.085,SE,0.147,0.1239,0.094,0.0848,0.0728,0.0446,0.0284,0.0081,0.0185,0.0096,-0.0036,-0.006,-0.0017,-0.0107,-0.0103,-0.0162,-0.0073,-0.0022,0.0002,0.0012,-0.0003,-0.0005,0.0003,0.0007,0.0036,0.0011,0.004,0.004,0.0031,0.0035
2023-10-18,32.8848,131.085,SO,0.1273,0.1166,0.0842,0.0833,0.0493,0.0392,0.0153,-0.0242,-0.018,-0.0068,1e-04,0.0048,0.0042,-0.001,0.0062,0.0031,0.0063,0.0092,0.0078,0.01,0.0078,0.0087,0.011,0.007,0.0071,0.0042,-0.0011,-0.0029,-0.0129,-0.0115
2023-11-03,32.8853,131.0853,E,0.1864,0.1602,0.1353,0.1022,0.072,0.0563,0.0332,0.0177,0.0057,-0.0046,-0.0037,-0.0024,-0.0033,-0.0054,-0.0071,-0.004,-0.0039,-0.0002,0.0014,0.0023,0.0006,-0.0003,0.0005,0.0027,-0.0054,-0.0104,0.0032,0.0041,0.0015,-0.0009
2023-11-03,32.8853,131.0853,N,,0.0997,0.1019,0.0698,0.0449,0.0044,-0.0091,-0.0009,-0.0066,-0.0095,-0.0069,-0.0065,0.0016,0.0003,0.0029,0.0136,0.0078,-0.0045,0.0,-0.0003,-0.0091,-0.0135,-0.018,-0.0118,-0.0063,0.0015,-0.0018,0.0034,0.0079,0.0138
2023-11-03,32.8853,131.0853,NE,0.1322,0.0992,0.0795,0.0572,0.0374,0.0313,0.0332,0.0232,0.0195,0.0122,0.0009,-0.0096,-0.008,-0.0057,-0.0133,-0.019,-0.023,-0.0226,-0.0099,-0.0084,-0.0093,-0.0054,-0.0035,0.0066,0.0068,-0.0002,0.0227,0.0245,0.0181,0.0122
2023-11-03,32.8853,131.0853,NO,0.1137,0.1185,0.0517,0.0237,0.0017,-0.0265,-0.0553,-0.0673,-0.0485,-0.035,-0.0356,-0.045,-0.045,-0.0269,-0.0144,0.0021,-0.0156,-0.0121,0.0016,0.0065,0.0064,0.0123,0.0125,0.0139,0.0189,0.021,0.0045,0.0166,0.0198,0.0194
2023-11-03,32.8853,131.0853,O,,0.1869,0.1654,0.1158,0.0583,0.0618,0.0193,-0.0397,-0.0356,-0.0423,-0.0411,-0.0405,-0.0346,-0.0344,-0.0406,-0.0443,-0.0287,-0.0089,-0.0056,-0.0141,-0.0068,-0.0004,0.0039,-0.0065,0.0124,0.0029,0.014,0.0497,0.05,0.0792
2023-11-03,32.8853,131.0853,S,,0.1737,0.1395,0.1541,0.1175,0.0708,0.0409,-0.0085,0.0038,0.0107,-0.0041,-0.0121,-0.0118,-0.0135,-0.0126,-0.0092,-0.006,-0.0021,-1e-04,0.0023,0.0021,0.006,0.0077,0.0062,0.0028,0.0013,0.0009,0.0006,-0.0043,-0.0121
2023-11-03,32.8853,131.0853,SE,,0.1743,0.1631,0.1254,0.0898,0.0636,0.0365,0.0282,0.0019,0.0009,-0.0022,-0.007,-0.0123,-0.02,-0.02,-0.0132,-0.0093,-0.0021,0.0023,0.0032,0.0041,0.0025,0.0004,0.0016,0.005,0.0048,0.0052,0.0026,0.001,0.0
2023-11-03,32.8853,131.0853,SO,,0.1846,0.129,0.0917,0.0759,0.0819,0.0069,0.0115,0.0099,-0.032,-0.0215,-0.0069,0.0055,0.0039,0.0096,-0.0025,0.0018,0.0041,0.0079,0.0095,0.0118,0.0077,0.0088,0.0067,0.0076,0.0053,-0.0006,-0.0042,-0.0107,-0.0157
2023-12-13,32.8848,131.0846,E,0.2237,0.1875,0.1723,0.1328,0.0948,0.0696,,0.0147,-0.0025,-0.001,-0.0011,-0.0015,-0.0015,-0.0011,-0.0021,-0.0018,-0.0013,-0.0008,0.001,0.0026,0.0021,0.0024,0.0025,,,,,,-0.0008,0.0027
2023-12-13,32.8848,131.0846,N,,0.1684,0.1228,0.0941,0.0952,0.0608,0.0014,-0.013,-0.0173,-0.0152,-0.0155,-0.0194,-0.0158,-0.0087,-0.0029,0.0015,0.0057,0.0035,0.0014,0.0014,0.0016,0.0077,0.0017,0.0029,-0.0011,-0.002,1e-04,0.0032,0.0046,0.0055
2023-12-13,32.8848,131.0846,NE,,0.1879,0.1196,0.0968,0.0645,0.0526,0.031,0.0256,0.0118,0.0008,-0.0002,-0.0039,-0.0037,-0.0146,-0.0095,-0.004,-0.0028,-0.0056,-0.0098,-0.0133,-0.0152,-0.006,0.0002,-0.0047,-0.0006,0.004,0.0056,0.0067,0.0111,0.0163
2023-12-13,32.8848,131.0846,NO,,0.1849,0.1343,0.1035,0.0485,0.0453,0.0323,0.0024,0.001,-0.0046,-0.0118,-0.0153,-0.0334,-0.0321,-0.025,-0.0106,-0.0182,-0.0094,0.0217,0.0049,-0.0154,-0.0161,-0.0099,-0.0004,0.0012,0.0024,0.0033,0.0071,0.0158,0.0154
2023-12-13,32.8848,131.0846,O,,0.1512,0.109,0.0351,-0.0118,-0.0318,-0.0417,-0.032,-0.0294,-0.0219,-0.0238,-0.0249,-0.0317,-0.0274,-0.0129,-0.009,-0.0067,-0.0035,-0.0002,0.0009,0.0035,-0.0048,0.0008,0.0026,0.0059,0.0056,0.0088,0.0159,0.0155,0.0114
2023-12-13,32.8848,131.0846,S,,0.1544,,0.0239,,,,,,,,-0.0147,-0.0093,-0.0066,-0.0087,-0.0037,-0.0038,-0.005,-0.004,-0.0066,-0.0005,0.0002,-0.002,-0.0003,-0.0027,-0.0015,0.0026,-0.001,-0.0029,-0.0003
2023-12-13,32.8848,131.0846,SE,0.1729,0.1748,0.1372,0.0977,0.0847,0.0777,,0.0113,0.0022,0.0009,,,,,,,-0.0025,-0.0008,-0.0022,-0.0005,-0.0017,-0.0015,-0.0012,-0.0016,-0.0004,0.0014,0.0011,0.0009,0.0002,1e-04
2023-12-13,32.8848,131.0846,SO,0.1206,0.1178,0.0834,0.0081,-0.0048,0.0005,-0.0191,-0.0252,-0.0154,-0.0084,-0.0041,-0.005,-0.0024,0.0017,0.0044,0.0061,0.0075,0.0086,0.0089,0.0093,0.0055,0.0036,0.0033,0.0011,-0.001,-0.002,-0.0038,-0.0041,-0.0054,-0.003
2024-04-03,32.8853,131.0856,E,,0.0062,0.01,0.0079,0.009,0.01,0.0153,0.0179,0.015,0.0117,0.0029,-0.0006,1e-04,1e-04,0.0004,0.0005,-0.0036,-0.0061,-0.0077,-0.0085,-0.0064,-0.0045,-0.0039,0.0009,0.0018,0.0069,-0.0077,0.016,0.0193,0.0213
2024-04-03,32.8853,131.0856,N,,-0.0365,-0.0303,-0.0245,-0.0236,-0.0047,-0.0032,-0.0027,-0.0048,-0.0048,-0.0032,-0.0046,-0.0031,-0.0028,-0.0004,-0.0006,0.0148,0.0152,0.0179,0.0176,0.0082,0.0125,0.0123,0.0098,0.0029,-0.001,-0.0004,-0.0055,-0.0018,1e-04
2024-04-03,32.8853,131.0856,NE,0.0033,-0.0003,0.0029,0.0071,0.0097,0.0136,0.0148,0.0146,0.0131,0.0092,0.0052,0.0022,0.0025,0.0006,-0.002,-0.0058,-0.0095,-0.0094,-0.0053,-0.0035,-0.0041,-0.0052,-0.0023,-0.0045,-0.0014,-0.002,-0.0004,0.0042,0.0028,0.0064
2024-04-03,32.8853,131.0856,NO,0.0175,0.0086,0.0122,0.0161,0.0065,0.0175,,0.0085,0.0103,0.0165,0.0211,,0.0177,0.008,0.0084,0.011,0.0104,0.0098,0.0073,0.0057,0.0038,0.0009,-0.0002,-0.0008,-0.0028,-0.0067,-0.008,-0.0071,-0.0079,-0.0085
2024-04-03,32.8853,131.0856,O,,0.0343,0.0302,0.0241,0.0226,0.0202,0.0222,0.0208,0.0184,0.0183,0.0167,0.0155,0.0144,0.0131,0.0108,0.0097,0.0111,0.0068,0.0017,-0.0016,-0.0028,-0.0047,-0.0078,-0.0108,-0.0083,-0.0074,-0.0093,-0.0113,-0.0048,-0.0056
2024-04-03,32.8853,131.0856,S,,0.0591,0.0581,0.0495,0.0463,0.0333,0.0142,0.0048,-0.0079,-0.0089,-0.0057,-0.0035,-0.0007,0.0022,0.0074,0.0106,0.0149,0.0148,0.0117,0.0086,0.0051,0.0012,-0.0094,-0.0111,-0.0108,-0.0096,-0.0082,-0.0073,-0.0049,-0.0026
2024-04-03,32.8853,131.0856,SE,0.0335,0.0305,0.0289,0.0226,0.0155,-0.0004,-0.0123,-0.007,-1e-04,-0.0017,-0.0085,0.0008,-0.0111,-0.0053,-0.0078,-0.0027,-0.006,0.0025,-0.0015,-0.0021,0.0083,0.0017,0.0012,-0.0002,-0.003,-0.0066,-0.0078,-0.0114,-0.012,-0.0101
2024-04-03,32.8853,131.0856,SO,,0.0723,0.0729,0.071,,,,,0.0172,0.0062,0.0034,0.0043,0.0043,0.006,0.0045,0.0009,-0.0003,-0.0051,-0.0047,-0.0096,-0.0095,-0.0067,-0.0049,-0.0025,-0.0007,0.0015,0.0026,0.0033,0.0052,0.0065
2024-04-19,32.8842,131.0856,E,0.2097,0.1344,0.0968,0.0763,0.0623,0.1052,,,,,,,,,,,,,,,,,,,,,,,,
2024-04-19,32.8842,131.0856,N,,0.2028,0.1074,0.0453,0.0386,0.0156,,,,,-0.0236,-0.0084,-0.0062,0.0022,0.0068,0.0034,0.0006,0.0005,0.0019,0.0056,-0.0038,-0.0124,-0.0054,0.0015,-0.002,-0.0012,0.008,0.0042,0.0024,0.0009
2024-04-19,32.8842,131.0856,NE,0.1716,0.186,0.1258,0.0922,,,,,,,-0.0257,-0.0127,-0.0116,-0.0111,-0.0085,-0.0111,0.0208,0.0007,-0.0088,-0.0115,0.0116,0.0114,0.0091,0.0043,0.0025,-0.0027,,,,
2024-04-19,32.8842,131.0856,NO,0.1267,0.1852,0.2028,0.1378,0.1025,0.0506,0.0074,-0.0276,,,-0.0513,-0.0467,-0.0467,-0.0354,-0.0366,-0.0319,-0.0197,-0.0165,-0.0115,-0.0041,0.0103,0.0135,-0.0077,-0.0083,0.0006,0.0012,0.0005,-0.0088,0.0098,-0.0038
2024-04-19,32.8842,131.0856,O,,0.4501,0.4642,0.3368,0.1747,0.0545,,,,,,,-0.0731,-0.0176,0.0083,0.0238,0.0283,0.0281,0.0301,0.0251,0.0215,-0.007,-0.0437,-0.0333,-0.0313,0.0064,0.0198,0.0297,0.0411,0.0396
2024-04-19,32.8842,131.0856,S,,0.245,0.198,0.1056,0.1056,0.0643,,,,,,,,,,,,,,,,0.0,,,,,0.0,0.0,0.0,0.0
2024-04-19,32.8842,131.0856,SE,,0.2114,0.2283,0.1996,0.1535,0.0972,,,,,,,,,,,,,,,,,,,,,,,,
2024-04-19,32.8842,131.0856,SO,,0.3462,0.2414,0.1314,0.0652,,,,,,,,,,,,-0.0015,0.0007,0.0008,0.0065,0.0043,0.0063,0.0081,0.0049,0.0038,-0.0015,-0.0045,-0.0066,-0.0063,-0.0056
2024-05-21,32.8845,131.0853,E,0.3208,,,0.1948,0.1449,0.0857,0.0356,0.0085,0.0043,0.0004,-0.0036,-0.006,-0.004,-0.0015,-0.0028,-0.0032,-0.0073,-0.0065,-0.0019,0.003,0.0065,0.0059,0.0025,0.0013,-0.0005,-0.0013,-0.0036,-0.0058,-0.0077,-0.0038
2024-05-21,32.8845,131.0853,N,,0.214,0.2344,0.1854,0.0791,0.0085,-0.0339,-0.0404,-0.0435,-0.0379,-0.0234,-0.0004,0.0242,0.0247,0.0317,0.0365,0.0269,0.025,0.0226,0.0189,0.0082,-0.0146,-0.0247,-0.0199,-0.012,-0.0081,-0.0067,-0.0056,0.0002,-0.0026
2024-05-21,32.8845,131.0853,NE,,0.3088,0.2487,0.1955,0.1216,0.0529,-0.001,-0.0114,-0.0102,-0.0031,0.0034,0.0085,0.0032,-0.0046,-0.0066,-0.004,-0.0027,-0.0022,-0.0002,-0.001,-0.0112,-0.0074,-0.0035,-0.0008,-1e-04,-0.0014,0.0022,0.0074,0.0095,0.0108
2024-05-21,32.8845,131.0853,NO,,,0.2497,0.3543,0.4205,0.2947,0.1852,0.0144,-0.0325,-0.0588,-0.0737,-0.0711,-0.0571,-0.0323,-0.0452,-0.0432,-0.0465,-0.0231,-0.0223,-0.016,-0.0135,0.0034,-0.0003,0.0053,0.0086,0.0105,0.0107,0.0068,0.0274,0.0178
2024-05-21,32.8845,131.0853,O,,,0.2069,0.183,0.1236,0.0372,-0.0408,-0.0811,-0.0895,-0.0951,-0.0968,-0.0964,-0.0855,-0.0658,-0.0599,-0.0572,-0.0526,-0.0303,-0.0237,-0.0124,0.0014,0.0135,0.0258,0.0383,0.0518,0.0886,0.0973,0.0952,0.1003,0.1042
2024-05-21,32.8845,131.0853,S,0.3089,0.2529,0.1965,0.1993,0.1538,0.0583,0.0205,-0.0102,-0.0187,0.0026,-0.0043,-0.0094,-0.0095,-0.0101,-0.0109,-0.0061,-0.0024,0.0041,0.004,0.0054,-0.0027,0.0018,0.0045,0.004,0.0019,-0.0025,-0.01,-0.005,-0.0098,-0.0112
2024-05-21,32.8845,131.0853,SE,,0.3023,0.244,0.2038,0.185,0.1403,0.0612,0.0293,-0.0036,-0.0019,0.0043,0.0033,-0.0009,-0.0029,-0.0059,-0.0102,-0.0128,-0.0115,-0.0098,-0.0056,-0.0023,-0.001,0.0013,0.0014,0.0015,0.0017,0.0038,0.0021,0.0037,0.0059
2024-05-21,32.8845,131.0853,SO,,0.2622,0.1421,0.0918,0.0468,0.0271,-0.0033,-0.0098,-0.0021,0.0033,0.0054,0.0031,0.0065,0.0019,0.0101,-0.0057,-0.0023,0.004,0.0047,0.009,0.0117,0.0131,0.0158,0.0144,0.0112,0.0067,-0.0016,-0.0137,-0.0257,-0.039
2024-05-29,32.8845,131.0856,E,0.2801,0.2336,0.2072,0.1359,,0.1156,,,,,,,,,,,,,,,,,,,,,-0.0032,-0.0014,0.0003,0.0008
2024-05-29,32.8845,131.0856,N,,,,,,,,,,-0.022,-0.0216,-0.0069,-0.0054,-0.0031,-0.0107,-0.0176,-0.0091,-0.0095,-0.0006,-0.0018,-0.0033,-0.0099,-0.0061,-1e-04,-0.0062,-0.0021,0.0086,0.0124,0.0117,0.0142
2024-05-29,32.8845,131.0856,NE,,,,,,,,,-0.0464,-0.0537,-0.0265,-0.0211,-0.0264,-0.0386,-0.0189,-0.0124,-0.0128,-0.009,-0.0026,-0.0109,-0.0067,0.0033,0.0,0.0019,0.0083,0.009,0.01,0.0097,0.0098,0.0126
2024-05-29,32.8845,131.0856,NO,,,,,,,,,,,,,,,,,,,-0.0055,-0.0203,-0.0086,-0.0192,-0.0182,-0.0175,-0.013,-0.0053,0.0026,-0.008,0.0085,0.0125
2024-05-29,32.8845,131.0856,O,,,,0.2309,0.1366,0.0418,0.0062,-0.0274,-0.0472,-0.0526,-0.0478,-0.0359,-0.0293,-0.0258,-0.0234,-0.0229,-0.0275,-0.015,-0.0218,-0.0269,-0.0202,-0.0086,-0.0016,0.0008,0.0,0.0107,0.0332,0.0393,0.0523,0.061
2024-05-29,32.8845,131.0856,S,,0.2665,0.234,0.1543,0.1685,0.1148,0.0466,0.0135,-0.0108,-0.0212,0.006,0.0073,-0.0025,-0.0084,-0.0115,-0.0106,-0.0132,-0.0143,-0.0089,-0.0078,-0.0091,-0.009,-0.0038,0.001,0.0036,-0.0003,1e-04,-0.0045,-0.0045,-0.0025
2024-05-29,32.8845,131.0856,SE,,0.2745,0.2822,0.2303,0.179,0.137,0.0799,0.0308,,-0.0028,0.0062,0.0207,0.0073,,0.0038,0.0009,-0.003,-0.0054,-0.0087,-0.0082,-0.0068,-0.0063,-0.0066,-0.0062,-0.0044,-0.0014,0.0003,0.001,0.0037,0.0099
2024-05-29,32.8845,131.0856,SO,,,0.2404,0.1474,0.05,0.0162,-0.0058,-0.0129,-0.0111,-0.0159,-0.0081,0.0023,,0.0156,0.0083,0.0017,-0.0058,-0.0065,-0.0051,0.0082,0.008,0.0066,0.0081,0.0067,0.0057,0.0036,-0.0014,-0.0052,-0.0116,-0.0152
2024-08-01,32.8845,131.0856,E,0.209,0.1686,0.1403,0.1055,0.0838,0.0654,0.0309,-0.0112,-0.0031,-0.0056,0.0002,-0.0049,-0.0019,0.0093,0.016,0.0102,0.0051,0.0035,0.0002,0.002,0.0058,0.007,0.0031,-0.0024,-0.0055,-0.0093,-0.0137,-0.0152,-0.0121,-0.0133
2024-08-01,32.8845,131.0856,N,,,0.1578,0.069,0.0055,-0.0647,-0.0455,-0.0507,-0.0375,-0.0188,0.0088,0.0246,0.0305,0.0444,0.0658,0.0489,0.0317,0.0277,0.0217,0.0075,-0.0161,-0.0386,-0.03,-0.0176,-0.015,-0.0253,-0.0211,-0.024,-0.0177,-0.0161
2024-08-01,32.8845,131.0856,NE,0.239,0.2779,0.2143,0.1329,0.0491,0.0032,-0.0288,-0.0225,-0.0032,0.0077,0.0186,0.0123,0.0083,-0.0025,-0.0054,0.0082,0.0053,0.0061,0.0065,-0.0046,-0.0138,-0.0064,-0.0008,-0.0037,0.0024,-0.0013,0.0013,0.0084,-1e-04,-0.0014
2024-08-01,32.8845,131.0856,NO,,,0.2744,0.1898,0.0888,0.0193,0.002,-0.0329,-0.076,-0.0843,-0.0816,-0.0623,-0.0325,-0.0486,-0.074,-0.039,0.007,-0.0059,0.0019,0.0031,0.0326,0.0681,0.0371,-0.0049,0.0077,0.0389,0.0506,0.0555,0.1156,0.1462
2024-08-01,32.8845,131.0856,O,,,0.2499,0.1873,0.0649,-0.0252,-0.0769,-0.1044,-0.121,-0.126,-0.1241,-0.1133,-0.1125,-0.1039,-0.1047,-0.101,-0.0962,-0.068,-0.0579,-0.0407,-0.0283,-0.0038,0.0168,0.0389,0.0626,0.1094,0.1289,0.144,0.1752,0.1771
2024-08-01,32.8845,131.0856,S,,0.2842,0.2332,0.1472,0.1508,0.0893,0.0227,0.0235,0.0141,0.0103,0.0278,0.0155,0.0003,-0.0051,-0.0107,-0.0116,-0.0138,-0.0154,-0.0148,-0.0131,-0.0156,-0.0146,-0.0139,-0.009,0.0038,0.0068,0.0284,0.0054,0.0157,0.0121
2024-08-01,32.8845,131.0856,SE,,0.1983,0.2251,0.16,0.1096,0.0642,0.0251,0.004,-0.0056,-0.0089,0.0044,0.0052,-0.0041,-0.0071,-0.012,-0.0097,-0.0054,-0.0046,0.0016,0.0027,0.0117,0.0106,0.0104,0.016,0.019,0.0171,0.0217,0.0255,0.0258,0.0286
2024-08-01,32.8845,131.0856,SO,,,0.1713,0.1106,0.0563,-0.0037,0.014,-0.0089,-0.0036,-0.0031,0.0121,0.0211,0.0247,0.0182,-0.0021,-0.0003,-0.0072,-0.0144,-0.018,-0.0048,0.0008,0.0049,0.0169,0.0222,0.0222,0.0141,0.0108,0.0058,-0.0068,-0.0212
2025-02-25,32.8848,131.0853,E,0.3577,0.3209,0.2777,0.2144,0.1232,0.0595,0.0142,0.0069,-0.0031,-0.0163,-0.0151,-0.0149,-0.008,0.0117,,,,,,,,,,,,,,,,
2025-02-25,32.8848,131.0853,N,,0.1947,0.2145,0.1778,0.0971,0.004,-0.0117,-0.0172,-0.0166,-0.011,-0.0093,0.006,0.0119,0.0096,0.0263,0.0358,0.0075,1e-04,-0.0004,0.0016,-0.013,-0.0204,-0.0215,-0.0112,-0.002,0.0094,0.0057,0.0094,0.0165,0.0107
2025-02-25,32.8848,131.0853,NE,0.2502,0.2147,0.2013,0.1635,0.118,0.068,0.0324,0.0214,0.0187,0.0128,0.0057,-0.0033,-0.0111,-0.0154,-0.0123,-0.0101,0.0046,-0.0016,-0.0043,-0.0043,-0.0063,0.0003,0.0047,-0.0044,-0.0038,0.0017,0.005,0.0034,0.0011,-0.0017
2025-02-25,32.8848,131.0853,NO,0.2213,0.2137,0.2203,0.1069,0.1004,0.0295,0.0053,0.0114,-0.0015,-0.0216,-0.0352,-0.0389,-0.0265,-0.0126,-0.018,-0.0147,-0.0049,0.0093,0.0055,0.0111,0.0145,0.0136,0.017,0.0117,-0.0016,-0.0087,1e-04,0.0177,0.0224,0.0546
2025-02-25,32.8848,131.0853,O,,0.2493,0.201,0.1365,0.0884,0.0519,0.0215,0.0016,-0.0076,-0.0156,-0.011,-0.0314,-0.0392,-0.0396,-0.0292,-0.0119,-0.0219,-0.0309,-0.0254,-0.0205,-0.011,-0.0207,-0.0154,-0.0086,-0.0035,0.035,0.0351,0.0653,0.0731,0.0721
2025-02-25,32.8848,131.0853,S,0.2948,0.2374,0.1495,0.1456,0.0718,0.0233,0.0093,0.0031,-0.0125,0.0004,0.0026,-0.0019,-0.0007,0.0006,0.0029,0.0007,0.0015,0.0003,0.0011,0.006,0.0033,-0.0019,-0.0037,-0.0013,0.0003,-0.0003,-1e-04,-0.0006,-0.0007,0.0003
2025-02-25,32.8848,131.0853,SE,,0.1934,0.1286,0.0584,0.0419,0.0161,0.0087,-0.0013,-0.0027,-0.0017,,,,,,,,,,,,,,,,,,,,
2025-02-25,32.8848,131.0853,SO,,0.2657,0.196,0.124,0.1175,0.0114,0.0094,-0.008,-0.0133,-0.01,-0.0034,0.0027,0.0026,0.0047,0.0072,0.005,0.0051,0.0052,0.0035,0.0046,0.0047,0.0028,0.0018,0.0031,0.0013,0.0008,-0.0012,-0.0029,-0.0025,-0.0045
2025-05-08,32.8848,131.085,E,0.2724,0.2436,0.1993,0.1608,0.0698,0.0186,0.0035,0.0034,0.0042,0.0031,0.0011,0.0005,0.0012,0.0026,0.0045,0.0004,-0.0025,-0.0086,-0.0075,-0.0004,0.0014,0.0009,0.0008,0.0002,0.0006,0.0008,0.0019,0.0013,0.0003,-0.0002
2025-05-08,32.8848,131.085,N,,,,,,,,,,,,-0.0238,-0.0171,-0.0112,-0.0112,-0.0003,-0.008,-0.0005,0.0024,-0.0007,0.0065,0.0108,0.0084,0.0016,-0.0018,0.0066,0.002,-0.0031,-0.0006,-0.0035
2025-05-08,32.8848,131.085,NE,,0.2926,0.2849,0.2532,0.1739,0.0395,-0.0208,-0.0454,-0.04,-0.0387,-0.0368,-0.0337,-0.0293,-0.0334,-0.03,-0.0158,-0.0082,-0.007,0.0003,-0.0063,-0.0124,-0.0053,-0.0009,0.009,0.0149,0.0148,0.0175,0.0162,0.0207,0.0235
2025-05-08,32.8848,131.085,NO,,0.2325,,,,,,,,,,,,-0.0384,-0.0398,-0.0395,-0.0352,-0.0338,-0.0231,-0.0173,-0.0126,-0.0064,0.0,0.0077,0.012,0.0071,0.0135,0.0186,0.0143,0.0096
2025-05-08,32.8848,131.085,O,,0.2642,0.2083,0.1258,0.0654,0.0269,-0.0162,-0.0284,-0.037,-0.0325,-0.0285,-0.0269,-0.0233,-0.021,-0.0177,-0.0182,-0.0178,-0.0192,-0.0056,-0.0061,-0.0048,-0.0026,0.0016,0.0061,0.0088,0.0171,0.0219,0.0564,0.0422,0.0375
2025-05-08,32.8848,131.085,S,,0.218,0.2209,0.1581,0.0653,0.0044,-0.0096,-0.0111,0.0007,0.0018,-0.0026,-0.0036,-0.0065,-0.0068,-0.0081,-0.0073,-0.0036,-0.0006,-0.0005,-0.0048,-0.0034,0.0006,0.001,-0.0018,-0.0006,-0.0035,-0.0007,0.0013,0.0003,-0.002
2025-05-08,32.8848,131.085,SE,0.2758,0.2612,,0.1645,0.0979,0.0495,0.038,,,,,,,-0.0106,-0.0094,-0.0073,-0.0069,-0.0059,-0.0052,-0.0046,-0.0044,-0.0049,-0.0048,-0.0009,-0.0024,0.0022,-0.0019,0.0025,0.0048,0.004
2025-05-08,32.8848,131.085,SO,0.2513,0.2247,0.1743,0.1251,0.0507,0.0212,0.0044,-0.0107,-0.0092,-0.0144,-0.0026,-0.0044,-0.0052,-0.0055,0.0016,0.0031,0.0055,0.0092,0.0109,0.0106,0.0113,0.0098,0.0107,0.0066,0.007,0.0011,-0.0034,-0.0112,-0.0162,-0.0202
2025-11-24,32.8845,131.085,E,0.2893,0.2733,0.2457,0.2009,,,,,,,,,,,,,,,,,,,0.0,,,,,,,
2025-11-24,32.8845,131.085,N,0.2281,0.1849,0.1381,0.1549,0.087,0.0324,-0.0047,-0.0144,-0.0116,-0.0124,-0.0112,-0.0117,-0.0022,0.0115,0.0126,0.0152,0.0141,0.0065,0.0032,0.004,0.0009,-0.0054,-0.0115,-0.0127,-0.0072,-0.0029,-0.0006,0.0045,0.0102,0.0116
2025-11-24,32.8845,131.085,NE,,0.2329,0.1726,0.1324,0.0911,0.0619,0.0211,0.0149,0.0169,0.0137,0.0122,0.0118,0.0091,0.0009,-0.0063,-0.0088,-0.0059,-0.0092,-0.0104,-0.0137,-0.0125,-0.0044,-0.0009,-0.0029,-0.003,0.0014,0.0061,0.0024,0.0078,0.0146
2025-11-24,32.8845,131.085,NO,,0.233,0.1787,0.1204,0.1122,0.0578,0.0239,0.0139,-0.0177,-0.0233,-0.0385,-0.0421,-0.0328,-0.0198,-0.0222,-0.022,-0.0141,-0.01,-0.0051,-0.0102,-0.0015,-0.0002,0.0056,0.0094,0.0133,0.001,0.0095,0.0142,0.0162,0.0095
2025-11-24,32.8845,131.085,O,,0.2686,0.21,0.0848,0.0029,-0.0325,-0.0125,-0.0209,-0.0286,-0.0258,-0.0335,-0.0451,-0.0423,-0.0315,-0.0243,-0.0197,-0.0218,-0.0186,-0.0144,-0.0035,-0.0054,-0.0073,-0.001,0.0005,0.0086,0.0215,0.0369,0.0459,0.0319,0.041
2025-11-24,32.8845,131.085,S,,0.2206,0.2222,0.152,0.0597,0.0237,0.0017,-0.0177,-0.0059,-0.0017,-0.0049,-0.0015,0.0009,-0.0047,-0.0032,-0.0056,0.0012,0.0036,0.0041,0.0021,-0.0011,0.006,0.0041,0.0032,0.0002,0.0007,-0.0015,-0.0036,-0.0056,-0.0055
2025-11-24,32.8845,131.085,SE,0.2613,0.263,0.2328,0.2113,0.1667,0.0594,0.0335,0.0078,-0.0018,0.0042,-0.0125,,,,,,,-0.0064,-0.0042,0.0002,-0.0008,0.0003,0.0013,0.0012,0.0016,0.0026,0.0013,0.0002,0.0006,0.0003
2025-11-24,32.8845,131.085,SO,0.2478,0.243,0.2045,0.1088,0.0244,0.0026,-0.0331,-0.013,-0.0083,-0.0034,-0.0038,-0.0011,-0.0026,0.001,0.0024,0.0045,0.007,0.0067,0.0063,0.0092,0.0051,0.0089,0.0068,0.0019,0.0008,-0.0024,-0.0068,-0.0049,-0.0085,-0.0066
