date,center_lat,center_long,direction,15m,45m,75m,105m,135m,165m,195m,225m,255m,285m,315m,345m,375m,405m,435m,465m,495m,525m,555m,585m,615m,645m,675m,705m,735m,765m,795m,825m,855m,885m
2000-03-21,53.2525,158.8329,E,,0.0291,0.025,0.0167,,,,,,,,,,,,,,,,,,,-1e-04,-1e-04,-1e-04,-0.0,-0.0,-0.0,-0.0,-0.0
2000-03-21,53.2525,158.8329,N,0.0392,0.0392,0.032,0.0279,0.0201,0.0159,0.0125,0.0056,0.0051,0.0063,0.0048,-0.001,-0.0028,0.0015,-0.0018,-0.0042,-0.0063,-0.0051,-0.0041,-0.0004,-0.003,-0.001,0.002,0.0025,0.002,0.0015,0.0014,0.0007,,-0.0036
2000-03-21,53.2525,158.8329,NE,0.0334,0.0299,0.0241,0.0143,0.0076,0.0049,,,,,,,,,,,,,,,,,0.0085,,-0.0003,-0.001,-0.0016,-0.0022,-0.0027,0.0007
2000-03-21,53.2525,158.8329,NO,,0.0141,0.0087,0.0055,0.0033,0.0019,0.0039,-0.0017,-0.0013,0.0038,-0.0006,-0.0037,-0.0023,-0.0004,1e-04,0.003,0.0026,0.0007,-0.001,0.0045,0.0047,0.0036,0.0024,0.0016,0.0005,-0.0011,-0.0029,-0.0063,-0.0083,-0.0082
2000-03-21,53.2525,158.8329,O,0.0036,0.0002,-0.0075,-0.0153,-0.0114,-0.0149,-0.011,-0.0029,-0.0014,0.0009,-0.0,0.0034,0.0072,0.0076,0.0099,0.0113,0.0086,0.0096,0.0084,0.0041,1e-04,0.0003,-0.0061,,,-0.0103,-0.0121,-0.0149,-0.0163,-0.0191
2000-03-21,53.2525,158.8329,S,,0.0136,,,,,,,,,,,,,,,,,,,,,,0.0025,0.0013,0.0017,0.0022,0.0009,-0.0002,0.0013
2000-03-21,53.2525,158.8329,SE,0.0359,0.0324,0.0265,0.0227,0.0241,,,,,,,,,,,,,,,,,,,,0.0013,0.0023,0.0004,-1e-04,-0.0006,-0.0023
2000-03-21,53.2525,158.8329,SO,-0.0069,-0.0112,-0.013,,,,,,,,,-0.0078,-0.0088,-0.0073,-0.005,-0.0005,0.004,0.0051,0.0094,0.0125,0.0109,0.0087,0.0063,0.0023,0.001,-0.0041,-0.0023,-0.0027,-0.0012,-0.0014
2000-06-02,53.253,158.8356,E,,,,,,,,,,0.0318,0.011,-0.0016,-0.0015,-0.0014,-0.0013,-0.0011,-0.001,-0.0009,-0.0008,-0.0007,-0.0007,-0.0005,-0.0004,-0.0002,-1e-04,0.0,1e-04,0.0003,0.0004,0.0005
2000-06-02,53.253,158.8356,N,0.0741,0.0748,0.0187,0.0115,0.0022,0.0003,-0.0049,0.0008,0.0033,0.0123,0.0122,0.0095,0.0086,0.01,0.0143,0.0152,0.0131,0.0069,-0.0029,-0.0066,-0.0112,-0.0087,-0.0069,-0.0077,-0.0072,-0.0037,-0.0056,-0.0047,-0.0005,0.0004
2000-06-02,53.253,158.8356,NE,0.1053,,0.043,,0.0224,0.0197,0.017,0.0164,0.0167,0.0158,0.0143,0.0062,0.0024,0.0007,-0.0071,0.0026,0.0027,0.0097,0.0104,0.0127,0.0123,0.0059,0.0029,-0.0043,-0.0078,-0.0074,-0.0071,-0.0063,-0.0016,-0.0008
2000-06-02,53.253,158.8356,NO,,0.0149,-0.0115,-0.0187,-0.0184,-0.0213,-0.0147,-0.004,0.0004,0.005,0.0174,0.0317,0.0339,0.0425,0.0401,0.0286,0.0139,-0.0136,-0.013,-0.0179,-0.0366,-0.0343,-0.0403,-0.0394,-0.0407,-0.0365,-0.0278,-0.0198,-0.0251,-0.0312
2000-06-02,53.253,158.8356,O,-0.0373,-0.0559,-0.0586,-0.0552,-0.0505,-0.0469,-0.0389,-0.0335,-0.0285,-0.0331,-0.032,-0.035,-0.0283,-0.0175,-0.0148,0.0086,0.006,0.0178,0.0187,0.0259,0.0177,0.0162,0.0077,-0.0063,-0.0206,-0.0207,-0.0221,-0.0187,-0.006,-0.013
2000-06-02,53.253,158.8356,S,,0.1131,0.0977,,,,,,,,,,,,,,,,,,,,,,,,,,,
2000-06-02,53.253,158.8356,SE,0.1246,,,,,,,,,,,,,,,,,,,,,,,,,,,,,
2000-06-02,53.253,158.8356,SO,0.0068,0.0043,-0.0059,-0.0093,-0.0138,-0.0089,-0.003,0.0015,-0.0102,-0.0246,-0.0074,0.0079,0.0241,,,,0.0955,,,0.0647,0.0577,0.0353,0.0331,0.021,0.0081,0.0063,0.0004,-0.014,-0.0403,
2001-04-09,53.2517,158.8378,E,0.2328,0.2232,0.1791,0.1616,0.1415,0.1325,0.1201,0.1136,0.1185,0.1298,0.1096,0.0759,0.047,0.0313,0.0188,-0.0043,-0.0141,-0.027,-0.0247,-0.0289,-0.0265,-0.0257,-0.0253,-0.0231,-0.0231,-0.0199,-0.016,-0.0138,-0.01,-0.006
2001-04-09,53.2517,158.8378,N,0.1077,0.0967,0.088,0.094,0.0965,0.0986,0.0774,0.0801,0.0658,0.0588,0.0481,0.0403,0.024,0.0134,0.0075,-0.0038,-0.0019,-0.0029,0.0007,-0.0089,-0.001,-0.008,0.0049,0.0046,0.0024,-0.009,-0.0052,-0.0161,-0.0138,-0.0188
2001-04-09,53.2517,158.8378,NE,,0.1407,0.1348,0.1208,0.1182,0.0971,0.0882,0.0822,0.0705,0.0945,0.0765,0.071,0.0101,-0.0152,-0.0128,-0.015,-0.0083,-0.0108,-0.0065,-0.0038,-0.0026,0.003,0.0018,-0.0005,-0.0016,-0.0031,-0.0005,0.0008,-0.0009,-0.0014
2001-04-09,53.2517,158.8378,NO,0.0486,0.0514,0.0658,0.0798,0.0825,0.0959,0.0989,0.0933,0.0764,0.0648,0.0595,0.0144,0.0107,-0.0297,-0.0285,-0.0322,-0.0285,-0.0217,-0.0234,-0.012,-0.0089,-0.0064,-0.0053,-0.0067,0.0021,0.0041,-0.005,-0.016,-0.0213,-0.0215
2001-04-09,53.2517,158.8378,O,-0.0226,-0.008,0.0026,0.0133,0.0199,0.0261,0.0383,0.046,0.0613,0.024,0.0218,0.0035,-0.0079,-0.0146,-0.0304,-0.0397,-0.0327,-0.0311,-0.0233,-0.02,-0.0182,-0.0179,-0.0085,-0.0099,-0.0062,-0.0027,0.0014,0.0,0.002,0.0094
2001-04-09,53.2517,158.8378,S,0.1321,0.1253,0.1186,0.0613,0.0467,0.0389,0.0249,0.0201,0.0186,0.0122,-0.0035,0.0007,-0.0108,-0.0131,-0.0287,-0.0136,-0.0124,-0.0056,0.0065,0.0182,0.0109,0.0122,0.0096,0.0178,0.0272,0.0118,-0.0028,-0.0145,-0.0013,-0.0074
2001-04-09,53.2517,158.8378,SE,,0.2021,0.1507,0.1268,0.1118,0.0986,0.0906,0.0741,0.0584,0.0437,0.0341,0.0231,0.0022,-0.0114,-0.0113,-0.0134,-0.0194,-0.0156,-0.0144,-0.0155,-0.0162,-0.0072,0.0127,0.0133,0.0101,0.0013,-0.0135,-0.0208,-0.0199,-0.019
2001-04-09,53.2517,158.8378,SO,,0.1037,0.1031,0.0872,0.0362,0.021,0.0097,0.0055,-0.0011,0.0003,0.0084,0.0086,0.0145,0.0201,0.0287,0.0359,0.0314,0.0237,-0.005,-0.0026,-0.0217,-0.0274,-0.028,-0.0264,-0.0231,-0.025,-0.0191,-0.0176,-0.0148,-0.0142
2001-10-02,53.2552,158.8365,E,0.1794,0.1517,0.1047,0.0667,0.0391,0.0429,0.0181,0.0133,0.0093,0.0069,0.0036,0.0036,0.0017,0.0007,0.0004,-0.0016,-0.003,-0.0046,-0.0051,-0.0058,-0.0059,-0.0067,-0.0074,-0.0083,-0.0091,-0.005,-0.0034,1e-04,0.0016,0.0074
2001-10-02,53.2552,158.8365,N,0.0895,0.0894,,,,-0.0063,-0.0009,-0.0034,-0.0122,0.0004,0.0037,0.0013,0.0008,0.0042,0.005,0.0025,-0.0019,-0.0025,-0.0049,0.0008,,,-0.0063,-0.0067,-0.0032,0.0002,0.0041,0.004,0.004,0.0037
2001-10-02,53.2552,158.8365,NE,,0.1124,0.0773,0.0359,0.0151,0.0102,0.0076,0.0059,0.0048,0.011,0.0077,0.0095,-0.0021,-0.0059,-0.0071,-0.0053,-0.0031,-0.0026,-0.0032,-0.0055,-0.0062,-0.0021,-0.0048,-0.0015,0.0,-0.0002,0.0016,0.0043,0.0064,0.0012
2001-10-02,53.2552,158.8365,NO,,0.0704,0.0339,0.0339,,,,,,,,0.0032,0.0031,0.003,0.001,,0.0028,-0.005,,,0.0064,,,,,,,,,
2001-10-02,53.2552,158.8365,O,,,,,,0.0092,0.0087,0.012,0.0133,0.0034,,,-0.0057,-0.005,-0.0063,-0.0107,-0.003,-0.0018,-0.002,0.0012,-0.0113,-0.0042,-0.0008,-0.0007,0.0008,-0.0017,-0.0046,-0.0032,0.002,0.0072
2001-10-02,53.2552,158.8365,S,,0.0287,0.0285,-0.0096,-0.0037,-0.0015,0.0095,0.0059,-0.0039,-0.0057,-0.0056,-0.0013,0.012,0.0391,0.023,0.0258,0.0214,-0.0007,-0.0106,-0.0146,-0.0149,-0.0157,-0.0104,-0.0065,-0.0053,-0.0029,0.0023,0.0055,0.0093,0.0107
2001-10-02,53.2552,158.8365,SE,,0.0958,0.0518,0.0343,0.0208,0.0208,0.0187,0.0131,0.0128,0.0148,0.0088,0.0205,0.0316,-0.0088,0.0108,-0.0071,-0.0068,-0.0157,-0.0157,-0.0133,-0.0111,-0.0061,-0.001,0.0045,0.0077,0.0133,0.0158,0.0202,0.0219,0.0262
2001-10-02,53.2552,158.8365,SO,,0.019,,-0.0147,-0.0224,-0.0185,-0.0262,-0.0379,-0.0301,-0.0243,-0.0147,0.004,,-0.0206,-0.0073,0.0112,0.0168,0.0166,0.0075,0.0035,-0.0003,-0.0004,-0.0004,0.0032,0.0031,0.0013,-0.0007,-0.0007,-0.0046,-0.0009
2002-01-22,53.2536,158.8351,E,0.0852,0.0798,0.0477,0.038,0.0212,0.0127,0.0127,0.0166,0.0208,0.0198,0.0167,0.0083,0.0126,0.0054,-0.0094,-0.0108,-0.0133,-0.0133,-0.0122,-0.0115,-0.01,-0.009,-0.0065,-0.0046,-0.0025,-0.0008,0.0012,0.0039,0.0059,0.0074
2002-01-22,53.2536,158.8351,N,0.0445,0.033,0.0217,0.0176,0.0178,0.0147,0.011,0.0113,0.0102,0.0085,0.0086,0.0065,0.0054,0.0056,0.0017,0.004,0.0029,-0.0051,0.0016,-0.0043,-0.0037,-0.0049,-0.006,-0.0053,-0.0015,-0.0047,-0.0079,-0.0059,-0.0033,-0.0029
2002-01-22,53.2536,158.8351,NE,,0.071,0.0453,0.0433,0.0437,0.0462,0.0466,0.0417,0.0411,0.0229,0.0114,0.0074,-0.005,-0.0042,-0.0076,-0.0071,-0.0021,-0.0059,-0.0009,1e-04,-0.0013,0.0016,-0.0021,-0.0018,-0.0014,-0.0069,-0.004,-0.0037,0.0007,-0.0031
2002-01-22,53.2536,158.8351,NO,0.012,0.0119,0.0079,0.0,-1e-04,-0.0002,0.0017,-0.0002,-0.0004,-0.0043,0.0031,-0.0008,-0.0008,-0.0008,0.0028,0.0026,-0.001,-0.0011,0.0023,0.0022,0.0022,0.0021,0.002,-0.0014,-0.0015,-0.002,-0.0022,-0.0056,-0.0023,-0.0042
2002-01-22,53.2536,158.8351,O,0.0211,0.0131,0.0087,0.008,0.0039,0.0035,0.0031,0.0046,0.0042,0.0021,0.0022,0.0011,-0.0032,-0.003,-0.0002,-0.0003,-0.0002,-0.0002,-0.0005,-0.0009,0.0022,0.002,0.0016,0.0013,0.001,0.0007,0.0003,-1e-04,-0.0003,-0.0006
2002-01-22,53.2536,158.8351,S,0.0664,0.0524,0.0386,0.0219,0.0098,0.0099,0.014,0.0154,0.0111,0.0119,0.0171,0.0231,0.0312,0.0234,0.0153,0.0003,-0.0036,-0.0148,-0.0054,-0.0138,-0.0081,-0.0125,-0.0027,-0.0127,-0.001,-0.0088,0.0008,-0.0009,-0.0023,-0.0017
2002-01-22,53.2536,158.8351,SE,,0.059,0.0458,0.0186,0.0065,-0.0099,-0.0108,-0.0066,-0.0062,-0.0062,-0.0028,-0.0011,0.0044,0.0176,0.0237,0.0224,0.0159,0.0002,-0.0117,-0.0165,-0.0143,-0.0105,-0.0111,-0.0073,-0.0035,0.0017,0.0061,0.0099,0.0125,0.0155
2002-01-22,53.2536,158.8351,SO,0.0255,0.0217,0.0138,0.0099,0.0059,0.0058,0.0018,0.0017,0.0055,0.0055,-0.0026,-0.0026,-0.0028,-0.0028,-0.0028,-0.0029,-0.003,0.0008,0.0008,0.0006,0.0007,0.0005,0.0004,0.0004,0.0005,0.0005,0.0041,0.0041,0.004,0.0039
2002-06-08,53.2552,158.8369,E,,0.1556,0.0917,0.0522,0.0235,0.0107,0.0059,0.0053,0.0045,0.0038,0.0034,0.0034,0.0031,0.001,0.0006,-0.0002,-0.0009,-0.0017,-0.0025,-0.003,-0.0036,-0.0021,-0.0026,-0.0008,-0.003,-0.0039,-0.0046,-0.0043,0.0025,0.0104
2002-06-08,53.2552,158.8369,N,0.0942,0.0945,0.0632,0.0543,0.0546,0.0627,0.0305,0.0356,0.0009,-0.003,-0.0059,-0.0008,0.0021,0.0048,0.0031,0.0044,0.004,-0.0031,-0.0076,-0.0072,-0.0056,-0.0028,-0.0028,-0.0022,-0.0015,-0.0005,0.0007,0.002,0.0047,0.0077
2002-06-08,53.2552,158.8369,NE,0.2098,0.1126,0.0648,0.0312,0.0191,0.0149,0.0005,-0.0017,-0.0018,0.0022,0.0063,0.0042,0.0081,0.0059,0.0017,0.0015,-0.0026,-0.0027,-0.0028,-0.003,-0.003,-0.0031,-0.0031,0.0009,0.0009,0.0009,0.0008,0.0009,0.0008,-0.0033
2002-06-08,53.2552,158.8369,NO,,-0.0126,-0.0409,-0.0465,-0.0409,-0.0393,-0.0451,-0.0378,-0.0327,-0.0202,-0.0151,-0.0173,-0.0073,-0.003,0.0018,0.0035,0.0136,0.0105,0.0161,0.0073,0.0056,0.0007,-0.0058,-0.0104,-0.0127,-0.0116,-0.0074,-0.0026,0.0046,0.0113
2002-06-08,53.2552,158.8369,O,0.0834,0.042,0.0256,0.0168,0.012,0.0013,-0.0116,-0.015,-0.0198,-0.0209,-0.0201,-0.0191,-0.0161,-0.0102,-0.0036,-0.0007,0.002,0.0015,0.0004,-0.0026,-0.0051,0.0034,-0.002,-0.002,-0.0015,-0.0057,-0.0068,-0.0085,-0.0153,-0.0181
2002-06-08,53.2552,158.8369,S,,0.1261,,-0.0062,-0.0359,-0.0222,-0.0142,0.013,0.0131,0.0036,-0.0026,-0.0102,-0.014,-0.0035,0.0036,0.0196,0.0051,0.0195,0.0153,0.008,0.0029,-0.0192,-0.0179,-0.0122,-0.0215,0.0074,0.0119,0.0119,0.0155,
2002-06-08,53.2552,158.8369,SE,0.2018,0.1265,0.1266,0.055,0.0549,0.0272,0.0193,0.0153,0.0233,0.0232,0.0193,0.0221,0.0261,-0.0144,-0.0158,-0.0144,-0.0143,-0.0129,-0.0126,-0.0118,-0.0109,-0.0094,-0.0079,-0.0027,-0.0004,-0.0019,-0.0011,-0.0002,0.0019,0.0076
2002-06-08,53.2552,158.8369,SO,0.0553,0.0869,0.0253,,,,,,,,,-0.0592,-0.0374,-0.0135,-0.0039,-0.0012,0.0003,-0.0035,-0.0007,0.0055,0.0016,0.0,-0.0064,-0.0042,-0.0029,-0.0002,0.0097,-0.0056,0.0007,-1e-04
2002-09-28,53.2522,158.8396,E,,0.1391,0.1339,0.1322,0.1235,0.1024,0.0817,0.079,0.0845,0.0828,0.0757,0.0651,0.0495,0.0339,0.0138,-0.0008,-0.0086,-0.0171,-0.0194,-0.0183,-0.0212,-0.0241,-0.0228,-0.0206,-0.0196,-0.0191,-0.0171,-0.0133,-0.0146,-0.0136
2002-09-28,53.2522,158.8396,N,0.037,0.0381,0.043,0.0369,0.0393,0.0487,0.0463,0.0593,0.0435,0.0306,0.0221,0.0083,0.0002,0.0083,-0.0017,-0.0044,-0.0074,0.0004,-0.007,-0.0033,-0.0023,-0.0002,-0.0062,-0.0083,-0.0101,-0.0123,-0.0106,-0.0068,-0.001,0.0005
2002-09-28,53.2522,158.8396,NE,0.0961,0.0916,0.0881,0.0843,0.0775,0.0717,0.0681,0.0639,0.0583,0.0479,0.0371,0.0295,,0.0128,0.0016,0.001,-0.0022,-0.0031,-0.007,-0.0042,-0.0035,-0.0019,0.0018,0.0037,0.0038,-0.0004,0.0033,0.0005,0.0048,0.0048
2002-09-28,53.2522,158.8396,NO,,-0.0333,-0.0245,-0.016,-0.0041,0.0063,0.0133,0.005,0.0131,0.0158,0.0164,0.0216,0.0182,0.0172,0.0157,0.0195,0.0278,0.0319,0.0357,0.036,0.0257,0.0285,0.0019,0.0027,-0.0085,-0.0166,-0.0268,-0.0529,-0.0486,-0.0507
2002-09-28,53.2522,158.8396,O,-0.0877,-0.0799,-0.0684,-0.0575,-0.043,-0.0329,-0.0264,-0.0492,-0.015,-0.0104,-0.0103,-0.0071,-0.0071,1e-04,0.0086,0.0084,0.0081,0.0169,0.0432,0.0447,0.0243,0.013,1e-04,-0.0055,-0.0065,-0.0236,-0.0225,-0.0186,-0.0221,-0.016
2002-09-28,53.2522,158.8396,S,,0.0162,0.0177,0.0179,0.0108,0.0106,0.008,,-1e-04,,,,,,,,,,,,,,,,,-1e-04,,,,
2002-09-28,53.2522,158.8396,SE,0.1418,0.1369,0.1362,0.1282,0.1201,0.1059,0.0919,0.0836,0.0824,0.0817,0.0768,0.0797,0.0864,0.0595,0.0208,-0.007,-0.0028,0.0135,-0.0085,-0.0267,-0.0059,-0.0299,-0.0292,-0.0286,-0.0286,-0.0275,-0.0265,-0.0254,-0.0245,-0.0236
2002-09-28,53.2522,158.8396,SO,0.026,0.0253,0.0251,0.0237,0.0246,0.0261,0.0241,0.018,0.0003,-0.0075,-0.0102,,,,,,,,,,,,,,0.0165,0.0182,0.0141,0.0047,-0.0013,-0.0097
2003-02-26,53.2517,158.8365,E,0.159,0.1476,0.1319,0.1163,0.1103,0.0976,0.0907,0.086,0.0767,0.068,0.0648,0.0553,0.0584,0.0491,0.0244,0.0085,-0.0032,-0.0057,-0.0198,-0.0268,-0.0282,-0.0276,-0.0232,-0.0253,-0.0265,-0.0196,-0.0155,-0.0116,-0.0056,-0.0009
2003-02-26,53.2517,158.8365,N,0.0257,0.0206,0.0151,0.0099,0.0147,0.0281,0.026,0.0309,0.0112,0.007,0.0056,0.0075,0.0137,0.0177,0.0177,0.0165,0.0135,0.0106,0.0113,0.0107,0.0152,0.0168,0.0253,0.0223,0.0169,0.0088,-0.0047,-0.0206,-0.0252,-0.0337
2003-02-26,53.2517,158.8365,NE,,0.0927,0.0757,0.0625,0.0601,0.0573,0.0578,0.055,0.0477,0.0471,0.0386,0.0326,0.0248,0.0203,0.0129,0.0054,0.0038,0.0034,0.0056,0.0066,0.0017,0.0074,0.0008,-0.002,-0.0024,-0.0067,-0.0059,-0.007,-0.0055,-0.0085
2003-02-26,53.2517,158.8365,NO,-0.0185,-0.0206,-0.0044,-0.004,-0.008,0.0027,0.0164,0.0208,0.0245,0.0233,0.0229,0.0131,0.0043,0.0028,0.0038,0.0058,-0.0077,-0.0044,-0.0084,0.0027,-0.0089,-0.0031,-0.0086,-0.0056,-0.0012,-0.0094,-0.0135,-0.0186,-0.0265,-0.0359
2003-02-26,53.2517,158.8365,O,-0.0335,-0.0325,-0.0357,-0.0357,-0.0388,-0.0419,-0.0258,-0.0242,-0.0371,-0.0275,-0.0274,-0.026,-0.0167,-0.0096,-0.0092,-0.0048,-0.0007,-0.0019,-0.0031,-0.0043,-0.0057,-0.0045,-0.0039,-0.0053,-0.0043,-0.006,-0.003,-0.0068,-0.0116,-0.0091
2003-02-26,53.2517,158.8365,S,0.0592,0.0521,0.0482,0.0418,0.0377,0.0352,0.0323,0.0285,0.0249,0.0171,0.0076,0.017,0.0011,0.0074,0.0048,0.0201,0.0201,0.0206,0.0196,0.0078,0.0157,-0.0012,-0.0089,-0.0272,-0.0207,-0.0111,-0.0063,-0.0165,-0.0188,-0.0222
2003-02-26,53.2517,158.8365,SE,,0.1148,0.1017,0.0905,0.0843,0.0735,0.0661,0.0575,0.0493,0.038,0.0195,0.0028,-0.0096,-0.0061,-0.0093,-0.0019,-0.0022,-0.0022,0.0015,0.002,0.0033,0.0068,0.0133,0.007,0.0026,-0.0089,-0.0238,-0.0235,-0.0185,-0.0153
2003-02-26,53.2517,158.8365,SO,,0.0153,0.0092,0.0028,-0.001,-0.0039,-0.006,-0.0092,-0.0153,-0.0055,0.0067,0.0069,0.0293,0.0152,0.0384,0.0055,0.01,-0.0209,-0.0248,-0.016,-0.0152,-0.0136,-0.015,-0.0182,-0.0173,-0.0181,-0.0127,-0.0148,-0.0107,-0.0097
2004-02-29,53.2525,158.8396,E,,0.0606,0.0559,0.0512,0.0462,0.0414,0.0369,0.0327,0.028,0.0209,0.0165,0.0128,0.0122,0.0081,0.0039,1e-04,1e-04,-0.0035,-0.0072,-0.0062,-0.0058,-0.0057,-0.0046,-0.0039,-0.0034,-0.0032,-0.0025,-0.0016,-0.0014,-0.0009
2004-02-29,53.2525,158.8396,N,0.021,0.0193,0.0219,0.0178,0.0162,0.0124,0.0107,0.0111,0.0113,0.0115,0.0098,0.0083,0.0046,0.0054,0.005,0.0098,0.01,0.0124,0.0087,0.0072,0.0034,0.0038,0.0038,0.0012,0.0003,-0.0003,-0.0039,-0.0039,-0.0038,-0.0068
2004-02-29,53.2525,158.8396,NE,0.0437,0.0325,0.0305,0.0272,0.0253,0.0194,0.0158,0.0137,0.0089,0.0031,0.0032,0.0071,0.0105,0.0076,0.0099,0.006,0.003,0.0057,0.0021,0.002,-0.0044,-0.0045,-0.0064,-0.0038,-0.0021,-0.0021,-0.0022,-0.0025,0.0034,0.0014
2004-02-29,53.2525,158.8396,NO,,-0.0007,0.0005,0.0013,0.0019,-0.0007,0.0043,0.0039,0.0011,-0.0007,-0.0005,0.0007,0.0012,0.0029,0.0033,0.0033,0.0039,0.0061,0.0085,0.0074,0.0054,0.0062,0.0027,0.0035,-0.0003,-0.0008,-0.0055,-0.0102,-0.0124,-0.0136
2004-02-29,53.2525,158.8396,O,-0.0074,-0.0071,-0.0068,-0.0065,-0.0061,-0.0022,0.002,0.0019,-0.001,-0.0007,-0.0005,-1e-04,-0.0005,-0.0007,-0.0005,-0.003,-0.0028,-0.0025,0.0009,-0.0003,-0.0016,-0.0012,0.0018,0.0021,0.0024,0.0026,-0.0002,-0.0008,-0.0007,-0.0004
2004-02-29,53.2525,158.8396,S,,0.0217,0.0188,0.0173,0.0181,0.0173,0.0178,0.0173,0.0182,0.0178,0.0133,0.0134,0.0137,0.0135,0.0104,0.0107,0.0069,0.0018,-0.0019,-0.0055,-0.0062,0.0003,0.0091,0.0068,0.0077,-0.0055,-0.0104,-0.0044,-0.019,-0.0209
2004-02-29,53.2525,158.8396,SE,0.0599,0.0506,0.0478,0.0409,0.0356,0.0342,0.0347,0.0338,0.0303,0.0331,0.0286,0.0293,0.0231,0.0106,0.0021,0.0061,-0.002,-0.0021,-0.0082,-0.0063,-0.0083,-0.0061,-0.0219,-0.0239,-0.0233,-0.0218,-0.0204,-0.0183,-0.0187,-0.0178
2004-02-29,53.2525,158.8396,SO,0.0075,0.0057,0.0036,0.0035,0.0036,0.0053,0.0074,0.009,0.007,0.0071,0.0069,0.0066,0.0034,0.003,0.0058,0.006,0.0042,0.0019,0.0027,0.0023,0.0021,0.0035,0.0037,0.0051,0.0012,-0.0026,-0.0027,-0.0049,-0.0035,-0.0036
2004-03-16,53.2552,158.8365,E,0.1414,0.1304,0.1131,0.0875,0.0687,0.0578,0.0241,0.0085,0.0051,-0.0053,-0.0049,-0.0049,,,,,-0.0104,-0.0107,-0.0085,,,,,0.0041,0.0059,0.0047,0.0077,,,
2004-03-16,53.2552,158.8365,N,0.0486,0.0486,,,,0.0146,0.0076,0.0062,-0.0009,,0.0019,0.0022,0.0024,-0.0005,-0.002,0.0002,-0.0031,0.0081,,,,,,,,,,,,
2004-03-16,53.2552,158.8365,NE,,0.1509,0.126,,,,,,,,,,,,,,,,,,,,,,,,,,,
2004-03-16,53.2552,158.8365,NO,,0.0304,0.0124,0.0014,0.0009,0.0008,0.0005,0.0019,0.0032,0.003,0.0028,0.0042,0.0021,0.0023,0.0049,0.0049,0.0015,0.0008,0.0005,-1e-04,-0.0034,-0.004,-0.0042,-0.0029,-0.0015,-0.0018,-0.0018,0.0016,0.0013,-0.0025
2004-03-16,53.2552,158.8365,O,0.0369,0.0158,0.0085,0.0048,0.0009,-0.003,-0.0032,0.0,0.0006,0.0039,0.0036,0.0027,-0.0006,0.0021,0.0024,0.0015,0.0011,-0.0019,-0.0028,-0.0032,-0.0032,-0.003,-0.0033,-0.0005,-0.0007,-0.0005,0.0023,0.0056,0.0054,0.0018
2004-03-16,53.2552,158.8365,S,0.0571,0.0426,0.0281,-0.0058,-0.0057,0.0022,0.0058,0.0057,-0.0055,-0.0099,-0.0095,-0.0056,0.0029,0.0168,0.0235,0.0167,0.0067,-0.0108,-0.0023,-0.0139,-0.0117,-0.0105,-0.0109,-0.0097,-0.0071,-0.0024,0.0026,0.0056,0.0168,0.0144
2004-03-16,53.2552,158.8365,SE,,0.0928,0.0643,0.0566,0.0263,0.032,0.0189,0.0225,0.0278,0.023,0.0291,0.0351,0.0447,0.0305,0.0187,-0.0174,-0.0181,-0.0255,-0.0234,-0.0209,-0.0174,-0.0136,-0.0091,-0.0047,-0.0013,0.0019,0.006,0.0105,0.015,0.0194
2004-03-16,53.2552,158.8365,SO,,0.0472,0.0258,0.0182,0.0072,0.0111,0.025,0.0244,0.0108,0.014,0.0169,0.0096,0.0083,0.0041,-0.0017,0.003,0.0047,0.002,-0.0012,-0.0061,-0.0059,-0.0043,-0.0002,-0.0005,-0.0056,-0.0036,-0.0023,-0.0008,-0.0024,-0.003
2005-05-06,53.2522,158.8396,E,,0.1645,0.1492,0.1303,0.111,0.0874,0.0635,0.0452,0.0337,0.0289,0.0219,0.0177,0.0132,0.0116,0.0005,-0.0015,-0.0101,-0.0103,-0.0095,-0.0088,-0.0084,-0.0078,-0.0075,-0.0065,-0.0061,-0.006,-0.0051,-0.0044,-0.0041,-0.0036
2005-05-06,53.2522,158.8396,N,0.0504,0.0425,0.0223,0.0375,0.0573,0.0638,0.0741,0.0646,0.0368,0.0368,0.0287,0.0114,0.0096,0.0025,-0.03,-0.0204,-0.0188,-0.0133,-0.0073,0.0089,0.0078,0.0036,-0.0049,-0.0088,-0.0101,-0.0089,-0.0065,-0.0061,-0.0043,-0.0054
2005-05-06,53.2522,158.8396,NE,0.1421,0.1081,0.1014,0.1029,0.1063,0.0969,0.0658,0.0603,0.0457,0.0141,0.0121,-0.0042,-0.0069,-0.0081,-0.0044,-0.0007,-0.0002,-0.0008,-0.0018,-0.0015,-0.0014,-0.0034,-0.0044,-0.0033,0.0003,0.0002,0.0006,-0.0007,0.0037,0.0051
2005-05-06,53.2522,158.8396,NO,,0.0943,0.0745,0.0395,0.0374,0.0213,0.0053,0.0034,-0.0005,-0.0085,-0.0145,-0.0138,-0.0123,-0.0092,-0.0102,-0.0093,-0.0055,0.0041,0.0136,0.0068,0.0019,0.0026,0.0023,0.0036,0.0016,-0.0031,-0.0084,-0.0145,-0.014,-0.0147
2005-05-06,53.2522,158.8396,O,-0.0283,-0.0146,-0.0015,0.0036,0.0066,0.0009,-0.0029,0.0158,0.0202,0.0174,0.0147,0.0046,-0.0033,0.0037,-0.0071,-0.0201,-0.0284,-0.0156,-0.0159,-0.019,-0.0265,-0.025,-0.0167,-0.0136,-0.0124,-0.0107,-0.0059,0.0002,0.0056,0.0109
2005-05-06,53.2522,158.8396,S,,0.0825,0.0567,0.0468,0.0093,0.0081,0.008,0.0159,0.0121,0.0083,0.0095,0.0111,0.0095,0.0037,-0.0037,0.0006,-0.0142,-0.0212,-0.0272,-0.0343,-0.0381,-0.0392,-0.016,-0.0074,-0.0147,0.0169,0.0203,0.0116,0.0259,0.0378
2005-05-06,53.2522,158.8396,SE,0.1418,0.1311,0.1074,0.1093,0.072,0.0413,0.0217,0.0197,0.0138,0.0178,0.0078,0.0099,0.0138,0.0178,0.0059,-0.0022,-0.0103,-0.0124,-0.0144,-0.0226,-0.0267,-0.0267,-0.0309,-0.0267,-0.0022,-0.0022,0.0117,-0.0023,-0.0186,-0.0351
2005-05-06,53.2522,158.8396,SO,0.0921,0.0716,0.0636,0.0534,0.0575,0.0485,0.025,0.0329,0.0226,0.0031,-0.0038,-0.0008,-0.0028,-0.0123,-0.0104,-0.0037,0.0042,0.0026,0.0009,-0.0038,0.0,0.0007,-0.0016,-0.0133,-0.0214,-0.0272,-0.0303,-0.0329,-0.0356,-0.0341
2006-02-18,53.2519,158.8387,E,,0.0959,0.0906,0.0856,0.0805,0.0705,0.0616,0.0534,0.0402,0.0378,0.0315,0.0329,0.0178,0.0084,-0.0,-0.0054,-0.0087,-0.0109,-0.0097,-0.0099,-0.0089,-0.0081,-0.0068,-0.0068,-0.0064,-0.0037,-0.0033,-0.0026,-0.0009,1e-04
2006-02-18,53.2519,158.8387,N,0.029,0.0265,0.0304,0.0224,0.0199,0.0179,0.0173,0.0243,0.0235,0.0231,0.0207,0.0174,0.0182,0.0125,0.0132,0.0174,0.0064,0.0035,0.0077,-0.0056,-0.0043,-0.0014,-0.0011,0.0013,0.0019,-0.0008,-0.0036,-0.0061,-0.0072,-0.01
2006-02-18,53.2519,158.8387,NE,0.083,0.0767,0.0698,0.0629,0.0597,0.0535,0.0474,0.0418,0.0329,0.0171,0.0063,0.0013,0.0009,0.0017,0.005,0.006,0.0016,-0.0013,-0.0055,-0.0089,0.0009,-0.0021,-0.0096,-0.0076,-0.0067,-0.006,-0.0024,0.0004,0.0043,0.011
2006-02-18,53.2519,158.8387,NO,0.0021,0.0037,0.0107,0.013,0.0155,0.0186,0.0085,0.0152,0.0142,0.0127,0.0035,0.0013,0.0004,0.0007,0.0,0.0,0.0009,-0.001,0.0045,0.01,0.0078,0.0036,0.0012,0.0002,-0.0073,-0.0057,-0.0138,-0.0196,-0.0214,-0.0206
2006-02-18,53.2519,158.8387,O,-0.0186,-0.0164,-0.018,-0.016,-0.014,-0.0162,-0.0136,0.0033,0.0053,0.0036,0.0061,0.0056,0.0037,0.0029,0.0039,0.0019,0.0002,0.0018,0.0028,0.0056,0.0063,0.0043,0.0029,0.0002,0.0027,1e-04,-0.0029,-0.0012,-0.0012,-0.0021
2006-02-18,53.2519,158.8387,S,0.0591,0.0591,0.0535,0.0477,0.044,0.0363,0.0323,0.0285,0.0226,0.0205,0.0167,0.0127,0.0127,0.0128,0.0125,0.0087,0.0047,0.0028,0.0009,0.0045,0.0085,0.0045,0.001,-0.0036,-0.0074,-0.0095,-0.0114,-0.0115,-0.0114,-0.0156
2006-02-18,53.2519,158.8387,SE,0.0826,0.0738,0.0653,0.0642,0.06,0.0569,0.0497,0.045,0.0411,0.0389,0.0338,0.0274,0.0207,0.0123,0.0,-0.0042,-0.0044,-0.0064,-0.0084,-0.0043,-0.0085,-0.0083,-0.0042,-0.0014,0.0114,0.0044,-0.0067,-0.0139,-0.0191,-0.019
2006-02-18,53.2519,158.8387,SO,,0.0367,0.0348,0.0291,0.0272,0.0254,0.0177,0.0119,0.01,0.0099,0.0059,0.002,0.0021,0.0059,0.0059,0.0098,0.0097,0.0059,0.0098,0.0039,-0.002,-0.0021,-0.0021,-0.0021,-0.0022,-0.0022,-0.0062,-0.0023,-0.0023,-0.0022
2006-03-06,53.253,158.8414,E,,0.0676,0.0551,0.0429,0.0345,0.0268,0.0271,0.0314,0.0359,0.0354,0.0314,0.0255,0.0281,0.0153,0.0073,0.0061,-0.0042,-0.0083,-0.0078,-0.0088,-0.0075,-0.0071,-0.0064,-0.006,-0.0052,-0.0049,-0.0044,-0.0038,-0.0032,-0.0028
2006-03-06,53.253,158.8414,N,0.0459,0.0462,0.0507,0.0454,0.0366,0.0295,0.0199,0.0206,0.0192,0.0082,0.0105,0.0015,0.0059,0.0024,0.0071,0.0137,0.008,0.0082,0.0046,0.0013,0.0008,-0.0018,-0.0023,-0.0024,-0.0018,-0.0022,-0.0026,-0.0037,-0.0079,-0.0069
2006-03-06,53.253,158.8414,NE,0.0742,0.0636,0.0578,0.0509,0.04,0.0334,0.0182,0.0139,0.0156,0.0208,0.0167,0.015,0.009,0.0059,0.0031,-0.0023,-0.0076,-0.0086,-0.0082,-0.0076,-0.0048,-0.0042,-0.0013,-0.0002,0.0004,0.0007,-0.0019,0.0044,0.0033,0.0061
2006-03-06,53.253,158.8414,NO,-0.0014,0.0039,0.0078,0.0064,0.0057,0.0053,0.0065,0.0083,0.0068,0.0074,0.0033,0.0043,0.005,0.0073,0.0087,0.0125,0.0141,0.0142,0.0102,0.0064,0.0064,0.0047,0.0022,0.0002,-0.0027,-0.0072,-0.0125,-0.0146,-0.0236,-0.0337
2006-03-06,53.253,158.8414,O,-0.036,-0.0322,-0.0288,-0.0253,-0.0265,-0.0259,-0.0184,-0.015,-0.0079,-0.0013,0.0021,0.0079,0.0043,-0.0008,-0.0038,-0.0049,-0.0057,-0.0077,-0.0069,-0.0051,-0.001,-1e-04,0.0005,0.0035,0.0017,0.0007,-0.0013,-0.0011,0.0005,0.0055
2006-03-06,53.253,158.8414,S,0.039,0.0394,0.0315,0.0268,0.025,,,,,,,,,0.0301,0.0352,0.0306,0.0274,0.027,0.0178,0.0136,-0.0005,,-0.0166,-0.0168,-0.0215,-0.0224,-0.0115,-0.0159,-0.025,-0.0196
2006-03-06,53.253,158.8414,SE,0.0982,0.0802,0.0704,0.0641,0.0593,,,,,,,,,,-0.0014,0.004,-0.0114,-0.0118,-0.008,-0.0053,-0.0054,-0.0058,-0.0072,-0.001,0.001,0.0033,0.0069,0.0099,0.0044,-0.0011
2006-03-06,53.253,158.8414,SO,,0.001,0.0058,0.0027,0.0071,0.0114,0.0195,0.0311,0.035,0.039,0.0286,0.0294,0.0209,0.0296,0.0229,0.0083,0.0003,-0.0027,-0.0027,-0.0003,-0.0046,-0.004,-0.0037,-0.0023,-0.0007,-0.0031,-0.0044,-0.0071,-0.0176,-0.0181
2006-09-07,53.2536,158.841,E,,,,,,,,,,0.0129,0.0127,,,0.0144,,,,,,,,,,,,,,,,
2006-09-07,53.2536,158.841,N,,,0.0233,0.0237,0.0222,0.0018,0.0165,0.0124,0.0239,0.0311,0.0157,0.012,-0.0393,-0.0414,-0.0706,-0.0247,-0.0699,-0.0528,-0.061,-0.0692,-0.0456,-0.0157,1e-04,0.019,0.0142,0.0186,0.0094,0.0143,0.0113,0.0269
2006-09-07,53.2536,158.841,NE,0.0112,-0.0252,,,,-0.0418,-0.021,-0.0039,0.0234,0.0282,0.0451,0.0264,0.0176,-0.0027,0.004,-0.0279,-0.0416,-0.0416,-0.0394,-0.0371,-0.0358,-0.0332,-0.0299,-0.0278,-0.0289,0.0202,0.0569,0.0852,0.1124,0.1567
2006-09-07,53.2536,158.841,NO,,,,,,,,,,,,,,,,,,,0.0047,0.0086,0.0112,0.0176,0.0292,0.0307,0.0224,0.013,-0.0349,-0.0216,-0.0598,-0.0647
2006-09-07,53.2536,158.841,O,,,,,,,,,,,,,,,-0.0056,-0.0047,-0.0094,-0.0087,-0.0033,0.0002,0.001,0.0028,0.0031,0.009,0.0099,0.0145,0.0112,0.006,0.0102,0.0058
2006-09-07,53.2536,158.841,S,,,,,,,,,,0.0092,,,,,,,,,,,,-0.0005,0.0079,,,0.0169,0.0122,0.0056,-0.0071,-0.0201
2006-09-07,53.2536,158.841,SE,0.1112,,,,,,,,,,,,,,,,,-0.0089,-0.0131,0.0054,0.0023,-0.007,-0.0005,0.0079,0.012,0.0183,-0.0004,-0.002,-0.002,-0.0106
2006-09-07,53.2536,158.841,SO,,,,,,,,,,,,,,,0.0358,0.0244,0.0196,0.0098,0.0023,0.0026,0.004,0.0063,0.0033,0.0019,-0.0012,-0.0015,-0.0041,-0.0054,-0.0044,-0.0065
2007-09-10,53.2517,158.8356,E,,0.1646,0.1382,,,,,,,,,-0.0031,,,,,,0.0051,,,,,,,,,,,,
2007-09-10,53.2517,158.8356,N,0.0608,0.054,0.0454,0.0285,0.0264,0.0233,0.024,0.0201,-0.0049,0.0032,0.0056,0.0168,0.0267,0.0328,0.0474,0.0529,0.04,0.0504,0.0581,-0.0034,-0.0162,0.0013,1e-04,0.0072,0.0011,-0.0131,-0.0278,-0.033,-0.0319,-0.0361
2007-09-10,53.2517,158.8356,NE,0.1791,0.157,0.1377,0.1259,0.1152,0.1073,,,,,,,,,,,,,,,,,,,,,,,,
2007-09-10,53.2517,158.8356,NO,,0.0995,0.0943,0.0635,0.053,0.0272,0.0269,0.0259,0.0273,0.0096,0.0056,-0.0027,-0.0064,,,,,-0.0482,,,-0.0776,,,,,,,0.0078,0.0118,0.0036
2007-09-10,53.2517,158.8356,O,-0.0442,-0.0342,-0.0378,-0.0323,-0.0312,,,,,,,,,,,,,-0.0019,-0.0135,-0.0093,-0.0028,-0.0026,-0.0026,-0.0017,-0.004,-0.0035,-0.0034,0.0034,0.0091,-0.0127
2007-09-10,53.2517,158.8356,S,,0.0531,0.0462,0.0348,0.0372,0.0355,0.0173,-0.0046,0.011,0.0196,0.059,0.0623,0.0694,0.0639,0.0393,0.0063,0.007,-0.0294,-0.0237,-0.0239,-0.0191,-0.0164,-0.005,-0.015,0.0011,0.008,-0.0022,0.0031,-0.0019,-0.0076
2007-09-10,53.2517,158.8356,SE,0.172,0.1547,0.1419,0.127,,,,,0.1354,0.1291,-0.0023,0.0207,0.0625,0.0682,,0.0512,-0.0034,-0.0148,-0.0166,-0.0138,-0.0124,-0.0123,-0.0111,-0.0121,-0.0138,-0.0038,-0.0029,-0.0074,-0.005,0.0011
2007-09-10,53.2517,158.8356,SO,0.0702,0.0498,0.0482,0.0574,0.0472,,,,,,,,,,,,,,0.0427,0.0368,0.0217,0.0028,-0.0045,-0.0151,-0.0251,-0.0062,0.0022,-0.0078,0.0074,0.0082
2007-10-19,53.2525,158.8315,E,,0.0992,0.0801,0.0494,0.0304,0.014,0.0074,0.0064,0.0084,0.0081,0.0154,0.0238,0.0177,0.01,0.0023,0.0028,0.0138,0.0154,-0.0025,-0.0098,-0.0189,-0.0251,-0.0221,-0.0182,-0.0126,-0.0053,-0.0003,0.0051,0.0118,0.0124
2007-10-19,53.2525,158.8315,N,0.0381,0.0381,0.029,0.0232,0.0234,0.0233,0.0234,0.0255,0.0229,0.0197,0.0126,0.0089,0.0055,0.0077,0.0079,0.0102,0.0064,0.0104,0.007,0.0013,-0.0047,-0.0026,-0.0024,0.0019,0.0022,-0.0018,-0.0015,-0.005,-0.0049,-0.0091
2007-10-19,53.2525,158.8315,NE,0.0795,0.0672,0.0554,0.0431,0.0387,0.0364,0.0218,0.0486,0.0333,0.0101,0.0219,0.0156,0.0294,0.027,0.025,0.0276,0.0313,0.0212,-0.0099,-0.0234,-0.0247,-0.0322,-0.0266,-0.028,-0.0206,-0.0111,-0.0056,0.0071,0.0047,-0.0103
2007-10-19,53.2525,158.8315,NO,,0.0203,0.0111,0.0092,0.0072,0.0052,0.0051,0.007,0.0088,0.0105,0.0122,0.0048,0.0011,0.001,-0.0028,-0.0028,0.0008,-0.0028,0.0008,0.0007,0.0006,0.0005,0.0005,0.0003,0.0003,0.0002,1e-04,-0.0054,-1e-04,0.0035
2007-10-19,53.2525,158.8315,O,0.0246,0.0098,-0.0015,-0.0054,-0.0036,-0.0095,-0.0134,-0.0097,-0.0023,-0.0026,0.0084,0.0083,0.0046,0.0045,0.0008,0.0005,0.0005,0.0003,0.0002,-1e-04,-0.0004,-0.0005,-0.0006,-0.0007,-0.0008,0.0026,-0.0008,-0.0008,-0.0012,0.0021
2007-10-19,53.2525,158.8315,S,,0.0743,0.079,0.079,0.0599,0.0449,0.0315,0.0183,0.0177,0.0175,0.0188,0.0133,0.0101,0.0053,0.0038,0.0046,-0.0024,-0.0049,-0.0046,-0.0085,-0.0072,-0.0053,-0.0052,-0.0005,-0.0007,0.0042,0.0003,-0.0,0.0,0.0029
2007-10-19,53.2525,158.8315,SE,0.0984,0.0903,0.0828,0.0716,0.0648,0.0677,0.0656,0.0537,0.0401,0.0171,0.0111,0.0144,0.0153,0.0117,0.0108,0.0016,-0.0055,-0.0073,-0.01,-0.0103,-0.0094,-0.0083,-0.011,-0.0121,-0.0118,-0.0107,-0.0091,-0.0038,-0.0072,-0.0008
2007-10-19,53.2525,158.8315,SO,0.0288,0.04,0.0188,0.0166,0.0151,0.012,0.0052,0.0022,0.0003,0.0016,0.0024,0.0059,0.0077,0.0104,0.006,0.0051,0.0018,-0.001,-0.0007,1e-04,0.0004,0.0002,-0.0037,-0.0018,-0.0058,-0.005,-0.0012,0.003,0.0072,0.0082
2007-11-13,53.2544,158.8428,N,,,,,,,,-0.0021,1e-04,0.0027,-0.0025,-0.0058,-0.0041,-0.0071,-0.0078,-0.0088,-0.0094,-0.0074,-0.0047,0.005,0.0037,-0.0045,-0.0064,-0.0057,-0.0044,-0.0061,-0.0103,-0.008,-0.0066,-0.0106
2007-11-13,53.2544,158.8428,NE,0.0646,,,,,,,,,,,,-0.0055,-0.0051,-0.001,-0.001,-1e-04,-0.0022,-0.003,-0.0007,0.0007,0.0042,0.0081,0.0089,0.0073,0.008,0.0055,0.0012,-0.0083,-0.0232
2007-11-13,53.2544,158.8428,NO,,,,,,,,,,,,,,,,,,,,,0.0033,-0.0004,-0.0004,0.0036,0.0038,0.0044,0.0002,-0.0039,-0.0033,-0.0011
2007-11-13,53.2544,158.8428,O,,,,,,,,,,,,,,,,,,,,,,,-0.0117,-0.0054,0.0012,0.0015,0.0014,-0.0128,0.0071,-0.0177
2007-11-13,53.2544,158.8428,SE,0.0167,,,,,,,,,,,,,,,,,,,,,,,,,,,,,0.0
2007-11-13,53.2544,158.8428,SO,,,,,,,,,,,,,,,,,,,,,,,,,,0.0027,0.0012,0.0039,0.0025,-0.0012
2008-02-08,53.2517,158.8374,E,,0.0574,,,,,,,,,,,,,,,,,,,,,,,,,,,,
2008-02-08,53.2517,158.8374,N,0.0162,0.013,0.0162,0.0141,0.0204,0.0208,0.0213,0.022,0.0228,0.0129,0.0138,0.0149,0.0136,0.0081,0.0054,0.0035,-0.0057,-0.0047,-0.0016,-0.0148,-0.0131,-0.0225,-0.0211,-0.0193,-0.0172,0.0097,0.0092,0.0087,0.0023,0.0015
2008-02-08,53.2517,158.8374,NE,0.0517,0.043,0.0433,0.0436,0.0428,,,,,,,0.0208,0.0179,0.0108,-0.0004,-0.0037,-0.0067,-0.0057,-0.0057,-0.0046,-0.0035,-0.0019,-0.0024,-0.0011,0.001,,,,0.0022,0.0027
2008-02-08,53.2517,158.8374,NO,-0.0162,-0.0174,-0.0151,-0.0158,-0.0131,-0.01,-0.0084,-0.0051,0.0017,1e-04,0.0029,0.0051,0.0029,0.0059,0.0114,0.0107,0.0126,0.0188,0.0259,0.0287,0.0315,0.0278,,,,,,-0.0234,-0.023,-0.0293
2008-02-08,53.2517,158.8374,O,-0.005,-0.0041,-0.0036,-0.0028,-0.002,0.0026,-0.0007,0.0,-0.003,-0.0029,-0.0025,-0.0015,-0.0007,0.0,0.0007,0.0013,0.0013,0.0012,-1e-04,-1e-04,0.0006,0.0011,-0.0018,-0.0019,-0.0014,-0.0006,-1e-04,-0.0032,-0.0029,-0.0104
2008-02-08,53.2517,158.8374,S,,,,,,,,,,,,,,,,,,,,,,,,0.01,0.0089,0.017,0.0127,0.0048,-0.003,-0.0115
2008-02-08,53.2517,158.8374,SE,0.1315,,,,,,,,,,,,,,,,,-0.0025,-0.0024,-0.0019,-0.0023,-0.0069,,,,,,,,
2008-02-08,53.2517,158.8374,SO,,-0.0073,-0.0075,-0.0064,-0.0053,-0.0042,-0.0029,-0.0052,-0.0044,-0.0027,-0.0016,0.0044,0.0059,0.0069,0.0039,-0.0,0.003,0.0065,0.0003,0.0017,-0.001,1e-04,-0.0047,-0.0052,-0.0079,-0.0102,-0.001,0.0002,0.0013,0.0004
2008-06-08,53.253,158.836,E,,0.2769,0.2527,0.2243,0.1911,0.1649,0.1433,0.0478,0.0188,,,,,,,,,,,,,,-0.0092,-0.0039,-0.0027,-0.006,-0.005,-0.0019,0.0016,0.0039
2008-06-08,53.253,158.836,N,,0.0221,0.0157,-0.0035,-0.0032,-0.0109,-0.0214,-0.0463,-0.0701,-0.0842,-0.0392,-0.0253,0.0081,0.0315,0.0561,0.0673,0.0729,0.0657,0.0752,0.0677,0.0898,0.0848,0.0385,0.0083,-0.0359,-0.0444,-0.0528,-0.0494,-0.0444,-0.0312
2008-06-08,53.253,158.836,NE,0.2276,0.1822,0.1693,0.1294,0.1272,0.1151,0.0882,0.0456,0.0263,0.0406,0.0871,0.1364,0.1531,,,,,,,,,,-0.0442,-0.041,-0.0292,-0.0181,-0.0064,0.0009,0.0077,0.0158
2008-06-08,53.253,158.836,NO,-0.1496,-0.1441,-0.1299,-0.1098,-0.0899,-0.0572,-0.0405,-0.008,0.0182,0.0379,0.0645,0.0699,0.0924,0.0933,0.0486,-0.0155,-0.0712,-0.0933,-0.0908,-0.0931,-0.0967,-0.0866,-0.0624,-0.0414,-0.0101,0.0289,0.0707,0.0454,0.0168,0.0103
2008-06-08,53.253,158.836,O,0.0076,-0.007,-0.0147,-0.0202,-0.0181,-0.0056,0.0042,0.0002,-0.0037,-0.0191,-0.0421,0.0124,0.0329,,,,,,,,,,,,-0.0755,0.0266,0.0377,-0.0005,-0.0215,-0.0345
2008-06-08,53.253,158.836,S,0.1496,0.1501,0.0979,0.0772,0.065,0.0564,0.0203,0.0241,-0.0169,-0.0107,-0.0261,-0.0005,-0.0009,0.0728,0.1002,0.0865,0.0768,0.0746,0.0709,0.0622,0.0443,0.0302,0.0218,0.0137,-0.0083,-0.0084,-0.0186,-0.0333,-0.0984,-0.1152
2008-06-08,53.253,158.836,SE,0.2688,0.2558,0.2169,0.1569,0.0959,0.0617,0.0214,0.0231,0.001,-0.0033,-0.0276,-0.0271,-0.0231,-0.0177,-0.0069,0.0108,0.0441,0.0626,0.0894,0.0925,0.0273,0.0291,-0.0034,-0.0225,,,,-0.0271,-0.0234,-0.0193
2008-06-08,53.253,158.836,SO,,0.1011,0.059,0.07,0.0735,0.0461,0.0748,0.0641,0.0207,0.003,-0.0133,-0.0202,-0.0474,-0.0784,0.0164,0.028,0.0378,0.048,,,,,,,,0.0813,0.08,0.0681,-0.01,0.0027
2009-03-07,53.2538,158.8356,E,,0.0821,0.0512,,,,,,,,,,,,,,,,,,,,,0.0004,0.0002,1e-04,-1e-04,-0.0003,-0.0004,-0.0005
2009-03-07,53.2538,158.8356,N,0.0028,0.0031,0.0153,0.0116,0.0123,0.0033,0.0028,0.0037,0.0,0.005,0.0097,0.0078,-0.0015,0.004,-0.0015,0.0016,-0.0017,0.0024,0.0036,0.0043,0.0009,-0.002,-0.0013,-0.0004,0.0003,0.0007,-0.0005,-0.0017,-0.0013,-0.0036
2009-03-07,53.2538,158.8356,NE,0.3201,0.3022,0.2865,,,,,,,,,,,,,,,,,,,,,0.0406,0.0216,0.0065,0.0025,0.0056,0.0016,-0.0038
2009-03-07,53.2538,158.8356,NO,,0.0107,0.0045,0.005,0.0002,-0.0014,0.0015,0.0039,0.0028,0.0013,0.0003,-0.0011,-0.0007,-0.0004,0.0002,0.0023,0.0064,0.0062,0.0069,0.0055,0.0045,0.0048,0.0042,0.0018,-0.0018,-0.002,-0.002,-0.0019,-0.0024,-0.0077
2009-03-07,53.2538,158.8356,O,0.0117,0.0209,0.0235,0.0151,0.0053,0.0012,0.0013,0.0026,0.0028,1e-04,-0.0068,,,,,,,,,,,,,,,,,,,
2009-03-07,53.2538,158.8356,S,,0.07,0.0651,0.0674,0.0359,0.0293,0.0201,0.0093,0.0064,0.0073,0.0009,0.0002,,,,,,,,,,,,,,,,,,
2009-03-07,53.2538,158.8356,SE,0.1334,0.1019,0.0528,0.0528,,0.0329,0.0269,0.0249,0.0249,0.0167,0.0126,,,,,,,,,,,,,,,,,,,
2009-03-07,53.2538,158.8356,SO,0.0335,0.0301,0.0407,0.0373,0.0274,0.0171,0.0115,0.0057,-0.0018,-0.0066,-0.0093,-0.0037,,,,,,,,,,,,,,,,,,
2009-06-02,53.2552,158.8365,E,0.3158,0.3015,0.2248,0.1437,0.1012,0.0533,0.0288,0.0122,1e-04,0.0002,0.0002,0.0002,0.0007,-0.003,-0.0028,-0.0025,-0.0024,-0.0025,-0.0022,-0.0018,-0.0014,-0.0013,-0.0009,-0.0008,-0.001,-0.0007,-0.0005,-0.0002,-0.0,0.0002
2009-06-02,53.2552,158.8365,N,0.1182,0.0971,0.0668,0.0362,0.0124,0.0279,-0.0352,-0.0401,-0.0429,-0.0269,-0.0167,-0.0067,-0.0076,0.0017,0.0129,0.0301,0.0281,0.0187,0.0278,-0.0046,-0.0098,-0.0132,-0.0108,-0.0099,-0.0076,-0.0056,-0.0021,-0.0005,0.0026,0.0044
2009-06-02,53.2552,158.8365,NE,,0.2128,0.166,0.044,0.0198,0.0059,0.0025,-0.0014,-0.0086,-0.008,-0.005,-0.0021,0.003,0.0058,0.0003,-0.0037,-0.0029,-0.0062,-0.0053,-0.0009,-0.0006,0.0003,0.0006,0.0009,0.0012,-0.0002,0.0017,0.0016,0.0017,0.0017
2009-06-02,53.2552,158.8365,NO,,-0.055,-0.112,-0.1362,-0.1619,-0.1316,-0.0995,-0.1086,-0.0814,-0.0545,-0.0738,-0.0385,-0.0567,-0.0045,-0.0373,-0.0261,-0.0197,-0.0015,0.0097,-0.0176,-0.0051,-0.0182,-0.0196,-0.0207,-0.0218,-0.0253,-0.0118,0.0064,0.0161,0.029
2009-06-02,53.2552,158.8365,O,0.2241,0.1837,0.1228,0.0319,0.027,0.0533,0.0006,0.0196,-0.0014,-0.0145,-0.0239,-0.025,-0.026,-0.0234,-0.0293,-0.0209,-0.0139,-0.0009,0.0058,-0.0,0.0009,-0.0081,-0.0044,-0.0215,-0.0389,-0.0363,-0.0397,-0.0422,-0.0475,-0.0262
2009-06-02,53.2552,158.8365,S,0.176,0.0967,0.0174,-0.0535,-0.0515,-0.0404,0.0093,-0.0349,-0.0535,-0.0755,-0.0837,-0.0752,-0.062,-0.0292,0.0256,0.0776,0.1057,0.1049,0.058,0.0157,-0.0007,-0.0389,-0.0399,-0.0399,-0.0375,-0.0418,-0.0361,-0.0364,-0.0303,-0.0293
2009-06-02,53.2552,158.8365,SE,,0.1511,0.0513,0.0699,0.0053,0.0054,-0.0085,-0.0042,0.0015,-0.0002,-0.0005,0.014,0.0218,0.0252,-0.0155,-0.0278,-0.0317,-0.035,-0.0302,-0.0272,-0.0256,-0.0222,-0.0168,-0.0097,-0.0039,0.0015,0.0051,0.0113,0.0166,0.0229
2009-06-02,53.2552,158.8365,SO,,0.1807,0.0413,0.028,-0.0366,-0.0232,-0.0123,-0.0408,-0.0602,-0.0622,-0.0539,-0.0485,-0.0365,-0.0249,-0.0028,0.022,0.0176,-0.0179,-0.0192,-0.0233,-0.01,-0.0309,-0.0108,0.0247,0.0211,0.0406,0.0062,0.0451,0.032,0.0356
2010-04-11,53.2525,158.8315,E,,,,,,,,,,,,,,,,,0.0164,0.0231,0.0181,0.0114,-0.0038,-0.0116,-0.013,-0.0119,-0.0086,-0.0061,-0.0032,-0.0004,0.0033,0.0049
2010-04-11,53.2525,158.8315,N,,,,,,,,,,,,,,,,0.0007,-0.0007,,0.0011,0.0014,,,,,0.0052,0.0036,0.0019,-0.0027,-0.0027,-0.0026
2010-04-11,53.2525,158.8315,NE,0.0518,,,,,,,,,,,,,,,,0.0329,,0.0207,0.0041,-0.0089,,,-0.0103,-0.015,-0.0113,-0.0047,0.0006,0.0,0.0017
2010-04-11,53.2525,158.8315,NO,,-0.003,-0.0043,-0.0096,-0.0195,-0.0138,-0.0099,-0.0049,0.0032,-0.0018,-0.0028,0.0025,0.0051,0.0035,-0.0008,-0.0009,-0.0012,0.0008,0.0005,-0.0016,-0.0003,-0.0009,0.0007,-0.0056,-0.0012,-0.0023,-0.003,,,
2010-04-11,53.2525,158.8315,O,0.0408,0.0273,0.0231,0.0142,0.007,0.0015,-0.0018,-0.0069,-0.0066,-0.0054,-0.0029,-0.0029,-0.0179,-0.0029,-0.0031,0.0241,0.0245,,,,,,,,,,,,,
2010-04-11,53.2525,158.8315,S,,0.0136,0.016,0.0165,0.0287,0.0329,0.0404,0.0281,0.0305,0.0239,0.0283,,,,,,,-0.0139,-0.013,-0.0122,-0.0078,-0.0064,-0.0026,-0.0009,-0.0054,-0.0082,-0.0072,-0.0066,-0.0004,-0.0019
2010-04-11,53.2525,158.8315,SE,0.0737,,,,,,,,,,,,,,,,,,,0.0055,0.0011,0.0008,0.0005,0.0004,0.0,-0.0002,-1e-04,-1e-04,-0.0005,0.0013
2010-04-11,53.2525,158.8315,SO,-0.0222,-0.0112,-0.0195,-0.0172,-0.0177,-0.0125,-0.0023,-0.005,-0.0005,-0.0039,-0.0019,-0.0046,0.0022,0.0016,0.0204,0.0197,0.0194,0.012,0.0096,0.0072,0.0044,-1e-04,0.0011,0.0006,-0.0038,-0.0153,-0.0231,-0.0273,,
2011-04-05,53.2595,158.8365,E,0.0256,,,,,,,,,,,,,,,,,,,,,,,,,,,,,
2011-04-05,53.2595,158.8365,S,,,,,,,,,,,0.0016,-0.0025,-0.0018,,,,,,,,,,,,,,,,,
2011-04-05,53.2595,158.8365,SE,,,,,,,,,,,-0.0116,-0.0021,-1e-04,0.0036,,,,,,,,,,,,,,,,
2011-09-12,53.256,158.8293,E,,,0.0378,0.0287,0.0231,0.0209,,,,,,,,,,,,,,0.0074,0.0065,0.0051,-0.0003,-0.0019,-0.0037,-0.0014,-0.0035,-0.0015,-0.0017,0.0012
2011-09-12,53.256,158.8293,NE,0.0247,,,,,,,,,,,,,,,,,,,,,,,,,,,,,
2011-09-12,53.256,158.8293,NO,0.0166,,,,,,,,,,,,,,,,,,,,,,,,,,,,,
2011-09-12,53.256,158.8293,O,0.0051,-0.0028,-0.011,-0.011,-0.0086,-0.0083,-0.0145,,,,0.0025,0.0096,,,,0.0082,,,,,-0.0039,-0.0053,-0.0024,0.0035,0.0025,0.0035,0.002,,,
2011-09-12,53.256,158.8293,S,0.0326,0.0293,0.0265,,0.0091,0.0122,,0.0073,,0.0084,,,,,,0.0062,0.0047,0.0032,0.0032,0.0037,0.0009,0.0035,0.002,-0.0026,-0.0009,-0.0012,0.0,0.0004,0.0006,0.0008
2011-09-12,53.256,158.8293,SE,0.0247,,0.0125,0.0021,0.0,,,,,,,,,,,,,,,,,,,,,,0.0079,,,
2011-09-12,53.256,158.8293,SO,,0.0229,0.0181,0.0112,0.0064,0.0033,0.004,1e-04,-0.0019,0.0007,0.0013,0.0033,-0.0007,-0.0016,-1e-04,-0.0002,0.0006,-0.0015,-0.0015,-0.0005,-0.0016,-1e-04,-0.0003,0.0013,-0.0011,-0.0021,0.0,0.0014,0.0003,0.0027
2011-10-30,53.2552,158.836,E,,0.0908,0.0831,0.06,0.0279,0.036,0.015,0.0035,0.0015,0.0007,-0.0003,-0.0,0.0022,0.0016,-0.0018,-0.0023,-0.0019,-0.0002,-0.0007,0.0014,0.0008,-0.0022,-0.0022,-0.0003,-0.0004,-0.0012,-0.0015,0.0016,0.0014,0.0009
2011-10-30,53.2552,158.836,N,,0.0694,0.0656,0.0387,,,-0.0038,0.0036,0.002,0.0011,0.002,0.0006,0.0017,0.0027,0.0039,-0.0011,-0.0019,0.0011,-0.0002,-0.0027,-0.0042,-0.0038,-0.0067,-0.0053,-0.0022,0.0016,0.0063,0.0139,0.0168,0.0148
2011-10-30,53.2552,158.836,NE,0.0964,0.0895,0.0802,0.051,0.0223,0.0092,0.0068,0.0052,-0.0006,0.0065,0.0054,0.0033,0.0017,-0.0021,-0.0026,-0.0034,-0.004,-0.0027,-0.0032,-0.0047,-0.0024,-0.0029,-0.0005,-0.0011,-0.0018,-0.0023,-0.0026,-0.0027,0.0008,0.003
2011-10-30,53.2552,158.836,NO,,,,,,,,,,,,,,,,,,-0.0062,0.0035,-0.0015,0.005,0.0032,0.0035,0.0066,0.0063,0.0031,0.0016,0.002,0.0004,-0.0025
2011-10-30,53.2552,158.836,O,,,0.0478,,,,,,,,,,,,,,,,,,,,,,,,0.0013,0.0025,0.0026,0.0008
2011-10-30,53.2552,158.836,S,0.0341,0.0163,-0.0137,-0.0097,-0.0055,0.0026,0.0025,-0.0014,-0.0056,-0.0015,0.0026,0.0029,0.0085,0.0132,0.0157,0.0153,0.0067,-0.0042,-0.0068,-0.0061,-0.0061,-0.0037,-0.0032,0.0007,-0.0026,-0.0016,-0.0011,0.0046,0.0075,0.008
2011-10-30,53.2552,158.836,SE,0.0758,0.0452,0.0173,0.0111,0.0051,0.0112,0.0092,0.0092,0.0215,0.0153,0.0133,0.0216,0.0154,0.0084,0.0014,-0.0064,-0.0121,-0.0112,-0.0097,-0.0086,-0.0072,-0.0059,-0.0044,-0.0026,0.0013,-0.0,0.0013,0.0026,0.0042,0.0054
2011-10-30,53.2552,158.836,SO,,0.0393,0.0293,0.0078,0.0154,0.0042,-0.0037,0.0081,-0.002,1e-04,-0.0043,-0.0052,-0.0045,-0.0052,0.0039,0.0017,0.0024,0.0003,0.0026,0.0025,0.003,0.0052,0.0034,0.0048,0.0035,0.0024,0.0025,0.0008,-0.0004,0.0023
2011-11-24,53.2544,158.841,E,,0.0043,1e-04,,,,,,,,,,,,,,,,,,,,,,,0.0,0.0,,,
2011-11-24,53.2544,158.841,N,,,,,,,,-0.0004,0.0038,-0.0004,-0.0045,-0.0004,-0.0002,0.0039,0.0018,0.0039,,,,,,,,,,,0.0123,-0.0002,-0.0002,-0.0042
2011-11-24,53.2544,158.841,NE,0.0153,,,,,,,,,,,,,,,,,,,,,,,-0.0,-0.0042,-0.0002,0.0021,0.0007,0.0035,0.0007
2011-11-24,53.2544,158.841,NO,,0.0037,0.0068,,0.005,0.0045,0.0031,0.0031,,0.0034,0.0007,-0.0002,0.0011,0.0025,0.002,0.0052,0.0047,,,,,0.0065,0.0047,0.0006,-0.0008,-0.0011,-0.0009,-0.0062,-0.0107,
2011-11-24,53.2544,158.841,O,0.0126,,,,,,,,,,,,,,,,,,,,,,,,,,,,,
2011-11-24,53.2544,158.841,SE,0.0167,,,,,,,,,,,,,,,,,,,,,,,,,,,,,
2011-11-24,53.2544,158.841,SO,0.0126,,,,,,,,,,,,,,,,,,,,,,,,,,,,,
2012-04-16,53.253,158.8365,E,0.1002,0.0979,,,,,,,,,,,,,,0.0095,0.0044,0.0025,0.0053,0.0082,0.0009,-0.0054,-0.007,-0.0062,-0.0069,0.0026,0.0012,-0.0042,-0.0092,-0.0102
2012-04-16,53.253,158.8365,N,0.0158,0.0083,0.0008,-0.003,0.0027,0.0046,0.0008,0.0008,0.0027,-0.0087,-0.0087,-0.0107,-0.0107,-0.0068,0.0008,0.0121,0.0083,0.0158,0.0027,-0.0068,,,,,,0.0158,0.0007,-0.0069,-0.0145,-0.0261
2012-04-16,53.253,158.8365,NE,,0.0492,,,,,,,,,,,,,,,-0.0326,-0.0198,-0.0068,-0.0023,0.0238,0.031,0.02,0.0108,0.0073,0.0025,-0.0011,-0.0063,-0.0079,-0.0098
2012-04-16,53.253,158.8365,NO,0.0061,0.0005,0.0024,-0.0014,-0.0014,-0.0014,-0.0033,0.0023,0.0098,0.0135,0.0154,0.0098,0.0098,-0.009,-0.009,-0.0128,-0.0129,-0.0128,-0.0129,-0.0129,-0.0148,-0.0129,-0.0129,-0.0091,-0.0015,0.0023,0.0023,-0.0091,-0.0148,-0.0205
2012-04-16,53.253,158.8365,O,0.0389,0.0322,0.0267,0.0229,0.0174,0.0123,0.0079,0.0045,0.0068,1e-04,-0.005,-0.0046,-0.0048,-0.0056,-0.0049,0.003,-0.0136,0.0311,0.0194,-0.0442,-0.044,,,,,,,,,
2012-04-16,53.253,158.8365,S,0.045,0.0422,0.0387,0.0338,0.0305,0.0301,0.022,0.0175,0.0137,0.0158,0.0144,0.0115,0.0191,0.0194,0.019,0.0281,0.0186,0.0097,-0.0052,-0.0196,-0.02,-0.0249,-0.0202,-0.0233,-0.01,-0.0165,-0.0095,-0.0143,-0.0106,-0.0104
2012-04-16,53.253,158.8365,SE,,0.1002,0.0884,0.0761,0.0721,0.0719,,,,,,,,,,,,,,0.0044,0.0044,-0.0015,-0.0029,-0.0026,-0.0019,-0.0013,-0.0008,-0.0002,0.0004,0.001
2012-04-16,53.253,158.8365,SO,,0.0344,0.0334,0.0288,0.0251,0.0251,0.0233,0.0232,0.0178,0.0165,0.0093,0.0055,0.0087,-0.0099,-0.0072,-0.0131,-0.008,-0.0191,-0.0274,-0.0272,-0.0204,-0.0036,-1e-04,0.0314,0.0193,0.0185,0.0221,0.0259,,
2013-03-02,53.2562,158.8297,E,0.1146,0.1033,0.0803,0.0604,0.0358,0.0358,,,,,,,,,,,,,,,,,,,,,,,0.0,0.0
2013-03-02,53.2562,158.8297,N,-0.6013,-0.3389,-0.151,,,-0.0084,-0.0052,-0.0067,-0.0142,,,0.0029,,,,,,,,,,,,,,,,,,
2013-03-02,53.2562,158.8297,NE,,0.0996,0.0862,0.0804,0.0725,0.0725,0.0685,,,,,,,,,,,,,,,,,,,,,,,
2013-03-02,53.2562,158.8297,NO,,0.0361,0.0265,0.0105,-0.004,-0.0016,-0.0045,,,-0.0045,0.0014,0.0104,0.0122,,,,,,,,,,,,,,,,,
2013-03-02,53.2562,158.8297,O,0.1146,0.1071,0.0842,0.0764,,0.0645,,,,,,,,,,,,,,,,,,,,,,,,
2013-03-02,53.2562,158.8297,S,0.0998,0.0998,,,,,,,,,,,,,,,,,-0.0018,-0.0018,-0.0018,-0.0019,0.0046,0.0046,,,,,,
2013-03-02,53.2562,158.8297,SE,,0.0912,0.0643,0.0385,0.0199,0.0116,0.0077,0.0036,0.0021,0.0021,-0.0056,,,,,,,,-0.0029,-0.0026,-0.0022,-0.0019,-0.0015,0.0037,0.0071,0.0072,,,,
2013-03-02,53.2562,158.8297,SO,0.1146,0.1146,0.1071,,,,,,,,,,,,,,,,,,,,,,,,,,,
2013-03-18,53.2546,158.8365,E,0.0609,,0.0447,0.0368,0.0406,0.0247,0.0206,0.0206,0.0131,0.0011,-0.0028,-0.0028,,,,,,,,,,,,-0.0059,-0.0034,0.0014,0.006,0.0024,-0.0039,-0.0056
2013-03-18,53.2546,158.8365,N,0.0209,0.0209,,,-0.0043,-0.0042,-0.0041,-0.0057,-0.0059,-0.0056,-0.0052,-0.0051,0.0032,0.0034,0.0036,0.0079,0.0138,0.0122,-0.0035,-0.0035,-0.0071,-0.011,-0.0107,-0.0068,-0.0065,-0.0063,-0.0024,-0.0002,0.0018,-0.002
2013-03-18,53.2546,158.8365,NE,,,,,,0.0172,0.0214,0.0269,,,,,,,,,,,,,,,,,-0.0059,-0.0067,-0.007,0.0009,0.0048,0.0007
2013-03-18,53.2546,158.8365,NO,,0.0111,0.0101,0.0091,0.0101,0.0038,-0.0007,-0.0011,-0.0013,,,,,,,,,,,,,,,,,,0.0029,0.0018,-0.0025,-0.0066
2013-03-18,53.2546,158.8365,O,0.0135,0.0026,0.0014,0.002,0.0128,0.0034,-0.0011,-0.0026,-0.0036,,,,,,,,,,,,,,,0.0233,0.0208,0.0138,0.0036,-0.0015,-0.005,-0.0115
2013-03-18,53.2546,158.8365,S,,,,-0.0021,-0.0143,,-0.0061,-0.006,,-0.0101,-0.0143,-0.0142,-0.01,-0.0082,0.0118,0.0146,0.0122,0.0139,0.001,-0.0038,-0.0066,-0.0064,-0.007,-0.0079,-0.0025,-0.0015,-0.0038,-0.0025,0.0029,0.0042
2013-03-18,53.2546,158.8365,SE,,,0.0277,0.0158,0.0196,0.0156,-0.0048,-0.0086,-0.0087,-0.0088,-0.0088,-0.0029,,0.0128,0.0212,0.0155,0.018,0.0168,0.0107,-0.0052,-0.0083,-0.0116,-0.01,-0.0073,-0.0055,-0.0029,-0.0011,0.0,0.0018,0.0032
2013-03-18,53.2546,158.8365,SO,,0.0238,,,,,,,,,,,,-0.0128,-0.0091,,,,,,,,,0.0205,0.0089,-0.0033,-0.0019,-0.0021,-0.0006,-0.0007
2013-06-05,53.2546,158.8369,E,,0.291,0.2732,0.2256,0.1547,0.1177,0.0922,0.0708,0.0523,0.034,0.0171,0.0063,1e-04,-0.0101,-0.0129,-0.0129,-0.0115,-0.0106,-0.0099,-0.0102,-0.0094,-0.0087,-0.007,-0.0044,-0.0017,-0.0003,0.002,0.0047,0.0064,0.0084
2013-06-05,53.2546,158.8369,N,0.0272,0.031,0.0119,0.0185,0.0134,0.0236,-0.0262,0.0043,-0.0502,-0.0425,-0.0529,-0.0545,-0.028,0.0109,0.0318,0.0367,0.0647,0.0596,0.0142,0.0215,-0.0166,-0.0264,-0.0356,-0.0436,-0.0464,-0.0332,-0.0349,-0.0268,-0.0132,-0.0142
2013-06-05,53.2546,158.8369,NE,0.1809,0.1771,0.1625,0.112,0.072,0.0523,0.0372,0.0266,0.0239,0.0182,0.0276,0.0126,0.0189,0.0194,0.0005,0.0005,-0.0174,-0.0247,-0.0277,-0.0101,-0.0142,-0.0186,-0.0165,-0.0113,-0.0106,-0.0075,-0.0065,-0.005,-0.0039,-0.0035
2013-06-05,53.2546,158.8369,NO,,-0.0968,-0.0933,-0.1063,-0.1074,-0.1015,-0.1101,-0.1017,-0.0881,-0.0614,-0.0325,-0.0164,-0.0017,0.0135,0.0201,0.0345,0.0126,0.0156,0.0235,0.0228,0.0183,0.0004,-0.0027,-0.0019,0.003,0.0086,-0.0137,-0.0035,-0.0051,-0.0
2013-06-05,53.2546,158.8369,O,-0.0215,-0.0194,-0.0312,-0.0599,-0.0471,-0.0441,-0.0341,-0.0301,-0.0234,-0.0206,-0.0082,0.0084,0.0227,0.0255,0.0308,0.0318,0.0308,0.0312,0.0311,0.0249,0.0263,0.031,0.0165,0.0006,-0.0057,-0.0401,-0.023,-0.0327,-0.0397,-0.041
2013-06-05,53.2546,158.8369,S,,0.1249,0.0938,0.046,0.0116,-0.0049,-0.0154,-0.0287,-0.0411,-0.0369,-0.0587,-0.0617,-0.0562,-0.0364,-0.0198,0.0268,0.0538,0.0721,0.0742,0.0732,0.063,0.0515,0.0171,0.0232,-0.025,-0.0228,-0.0606,-0.0555,-0.0828,-0.09
2013-06-05,53.2546,158.8369,SE,0.222,0.1629,0.1405,0.0732,0.0573,0.0429,0.0343,0.0326,0.0305,0.0331,0.029,0.0265,0.026,0.0289,0.0264,-0.0173,-0.0373,-0.0446,-0.0348,-0.0457,-0.0327,-0.0375,-0.0333,-0.0265,-0.0181,-0.0073,-1e-04,0.0067,0.0143,0.0235
2013-06-05,53.2546,158.8369,SO,0.0761,0.0424,0.035,0.0327,0.0382,0.0374,-0.0131,0.0075,0.0123,0.0109,-0.001,-0.001,-0.0054,-0.0107,0.0063,0.0096,0.0291,0.0018,0.0214,0.0036,-0.0143,-0.0013,-0.0065,0.0168,0.0136,0.0313,0.0245,0.0372,0.0443,0.0671
2013-07-15,53.2592,158.8338,E,0.19,0.1831,0.1722,0.164,0.1564,0.1469,0.137,0.0552,0.0356,0.0202,0.0079,0.0044,0.0024,0.0,-0.0028,-0.0069,-0.0077,-0.0092,-0.0138,-0.0159,-0.0167,-0.0175,-0.0179,-0.0193,-0.0191,-0.0171,-0.0146,-0.0197,-0.0094,0.0278
2013-07-15,53.2592,158.8338,N,-0.0029,-0.001,-0.0024,-0.0281,-0.0342,-0.0358,-0.0208,-0.0181,-0.0338,-0.0274,-0.0073,-0.0122,0.0295,0.0318,0.032,0.0353,-0.0236,-0.0276,-0.0261,-0.027,-0.0228,-0.0206,-0.0205,-0.0205,-0.0167,-0.0143,-0.0135,-0.014,-0.0129,-0.0118
2013-07-15,53.2592,158.8338,NE,,0.1006,0.0968,0.0975,0.063,0.0644,0.0399,0.0138,0.0017,-0.001,-0.0004,-1e-04,-0.0031,-0.0028,-0.0012,-1e-04,0.0031,0.0007,-0.0003,-0.0005,0.0004,-0.0002,0.0007,0.0011,-0.0,-0.0006,-0.002,-0.0018,-0.0022,-0.0026
2013-07-15,53.2592,158.8338,S,0.0961,0.0903,0.0809,0.0716,0.0649,0.0623,0.0548,0.0539,0.0496,0.0093,-0.015,-0.0178,-0.0172,-0.0159,-0.0199,-0.0192,-0.0222,-0.0192,-0.0202,-0.0159,-0.0103,-0.0015,0.0075,0.0169,0.0061,0.0089,0.0023,-0.0028,-0.0072,-0.0048
2013-07-15,53.2592,158.8338,SE,,0.1149,0.1027,0.0982,0.0875,0.0772,0.057,,0.0161,0.0097,0.0058,-0.0069,-0.0143,-0.0178,-0.025,-0.0353,-0.0223,-0.0319,-0.0386,-0.0279,-0.044,-0.0197,-0.0386,-0.0416,-0.0172,0.0022,0.0427,0.0586,0.0482,0.0316
2013-09-09,53.253,158.8351,E,0.2271,0.1848,0.2141,0.211,0.1528,0.1132,0.0928,0.0787,0.0704,,0.0833,0.0496,,,,,-0.0108,-0.0123,-0.0043,-0.0096,-0.0137,-0.0113,-0.0089,-0.0066,-0.0046,-0.0027,0.0029,0.0047,0.0066,0.0092
2013-09-09,53.253,158.8351,N,0.0995,0.0944,0.0748,0.0423,0.0371,0.0377,0.0136,0.0171,0.0213,0.0334,0.0259,0.0094,0.0225,0.0257,0.0283,0.0362,0.0423,0.046,0.0476,0.0421,0.0379,0.0085,0.0152,0.0042,0.0026,-0.0199,-0.0122,-0.0429,-0.0273,-0.0342
2013-09-09,53.253,158.8351,NE,,0.1923,0.1835,0.1741,0.1371,0.132,0.1069,0.0951,0.0894,0.0738,0.0645,0.0436,0.0179,0.0019,-0.0175,-0.0249,-0.0186,-0.0221,-0.0183,-0.015,-0.0116,-0.0068,-0.0088,-0.0083,-0.0053,-0.0049,-0.0013,-0.0031,-0.0012,-0.0008
2013-09-09,53.253,158.8351,NO,-0.0215,-0.0235,-0.0282,-0.0145,0.0012,0.0016,-0.0008,0.0037,-0.0161,0.0144,0.0174,0.0151,0.0255,0.0299,0.0316,0.0276,0.0248,0.0204,0.0113,0.005,-0.0022,0.0105,0.0028,-0.0237,-0.017,-0.0208,-0.0182,-0.0114,-0.0077,-0.0239
2013-09-09,53.253,158.8351,O,-0.0039,-0.0128,-0.0205,-0.0263,-0.0288,-0.0282,-0.028,-0.0297,-0.0234,-0.0217,-0.0193,0.0034,0.0075,0.0067,0.0097,0.0167,0.021,0.0237,0.0219,0.021,0.0194,0.0172,0.0162,0.0159,0.0134,0.008,0.0007,-0.0071,-0.0106,-0.0122
2013-09-09,53.253,158.8351,S,,,0.0594,0.0705,0.0698,0.0487,0.0311,0.0282,0.0245,0.027,0.0356,0.059,0.083,0.0722,0.0759,0.0509,0.0475,0.0368,0.0448,0.0047,0.0505,0.0082,0.0089,0.0115,0.0057,0.0016,0.0083,0.011,0.0126,0.0094
2013-09-09,53.253,158.8351,SE,,0.1644,0.1261,0.0963,0.0737,0.0459,0.0272,0.0121,0.0014,-0.0059,-0.0072,-0.0033,0.0048,0.013,0.0252,0.035,0.0626,0.0714,0.0274,0.0312,-0.0102,-0.0167,-0.0309,-0.028,-0.0222,-0.018,-0.0108,-0.0076,-0.0016,0.0023
2013-09-09,53.253,158.8351,SO,0.0304,0.0146,-0.0081,-0.0137,-0.0159,-0.02,-0.0231,-0.0258,-0.0302,-0.0337,-0.0248,0.0062,0.0112,0.0082,0.0138,0.0157,0.0177,0.0177,0.0171,0.0124,0.0094,0.0049,0.0029,0.0004,-0.0004,-0.0028,-0.0045,-0.0028,-0.0072,-0.0074
2013-11-13,53.2522,158.8351,E,0.0526,0.0407,0.0206,,,,,,,,,,,,,,,,,,,,,,,,,,,
2013-11-13,53.2522,158.8351,N,0.0137,0.013,0.0114,0.0054,0.0076,0.0093,0.0026,-0.0003,-0.0019,-0.0024,-0.0012,-0.0006,-0.0009,-0.002,0.0009,0.0059,0.0083,0.0053,0.0066,0.0055,0.0033,-0.0012,-0.001,-0.0013,0.0006,0.0017,0.0035,0.0018,-0.0057,-0.0147
2013-11-13,53.2522,158.8351,NE,,0.0598,0.057,,,,,,,,,,,,,,,,,,,,0.0253,0.0233,0.0141,0.003,-1e-04,-0.0045,-0.0069,-0.0083
2013-11-13,53.2522,158.8351,NO,0.0029,0.0026,,,-0.0025,-0.0006,-0.0042,-0.0054,-0.0057,-0.0033,-0.0038,-0.0037,0.0015,0.0064,0.0061,0.0054,0.0078,0.0044,0.0034,0.0029,0.0019,0.0016,0.0006,0.0022,0.0017,-0.0009,-0.0011,-0.005,-0.0052,-0.009
2013-11-13,53.2522,158.8351,O,,,,,,,,0.0046,0.0024,-0.0008,,,,,,,,,,,,,,,,,,,,
2013-11-13,53.2522,158.8351,S,0.0166,0.0083,0.0,0.0407,,,,,,,,,,,,,,,,,,,,,,,,,,
2013-11-13,53.2522,158.8351,SE,,0.0,0.0,,,,,,,,,,,,,,,,,,,,,,,,,,,
2014-01-23,53.2533,158.836,E,,,,,,,,,,0.0391,,0.0274,0.0152,0.0117,0.0003,-0.0049,-0.0085,-0.0113,-0.0065,-0.0065,-0.0077,1e-04,-0.0018,-0.0021,-0.0075,-0.001,0.0013,0.0014,-0.001,0.0071
2014-01-23,53.2533,158.836,N,,0.0417,,,,,,,,,,0.0023,0.0004,0.0005,,,,,,0.0126,0.0061,0.0028,0.0003,-0.0024,-0.0071,-0.0076,-0.0065,-0.0057,0.0109,0.0139
2014-01-23,53.2533,158.836,NE,0.0643,,,,,,,,,-0.0007,0.0027,0.0037,0.0064,0.0081,0.0101,0.0143,0.0125,0.0157,0.008,0.007,0.0057,0.0044,0.0068,0.0117,0.0096,0.0277,0.0017,-0.0243,-0.0135,-0.0114
2014-01-23,53.2533,158.836,NO,0.1257,0.1146,,,,,,,,,,,,,,,,,,,,,,,,,,,,
2014-01-23,53.2533,158.836,O,0.0459,,,,,,,,,,,,,,,,,,,,,,,-0.0011,0.0023,-0.0019,,,,
2014-01-23,53.2533,158.836,S,,,,,,,,,,,,0.0108,0.0187,0.0182,0.0256,0.0281,0.0044,0.0075,0.007,0.0024,-0.0021,0.0016,-0.0006,0.0071,0.0052,0.0041,-0.0005,-0.0048,-0.0013,-0.0076
2014-01-23,53.2533,158.836,SE,0.0943,,,,,,,-0.0042,-0.0045,0.0079,-0.0024,0.0106,-0.0125,-0.0129,-0.0042,0.0246,,0.0111,0.046,0.0412,0.0275,0.0087,-0.0068,-0.0099,-0.011,-0.0078,-0.0031,-0.0002,0.0042,0.0085
2014-01-23,53.2533,158.836,SO,,,,,,,,,,,,,,,,,,,,,0.0076,0.0068,0.0089,0.0049,0.0024,0.0061,0.0077,0.0098,0.0089,0.0082
2014-03-13,53.256,158.8306,E,,,,,,,,,,,,,,,,,-0.0028,-0.0024,-0.0007,,1e-04,0.0015,0.0021,0.0002,-0.0014,-0.0025,-0.0032,-1e-04,-0.0027,-0.0036
2014-03-13,53.256,158.8306,NE,0.0827,,,,,,,,,,,,,,,,,,,,,,,,,,,,,
2014-03-13,53.256,158.8306,S,,,,,,,,,,,,,,,,,,,,,,,,,-1e-04,,0.0004,-0.0,,
2014-03-13,53.256,158.8306,SE,0.1014,,,,,,,,,,,0.0114,0.0082,0.0061,0.0046,0.0043,0.0025,-0.0039,-0.0051,-0.0016,0.0007,0.0006,0.0016,0.0016,0.0012,0.0006,-0.001,-0.0006,-0.0005,1e-04
2014-03-13,53.256,158.8306,SO,,0.0802,0.0756,,,,,,,,,,,,,,,,,,,,,,,,,,,
2014-03-21,53.253,158.8387,E,,0.0485,,,,,,,,,,,,,,,,,,,,,,,,,,,,
2014-03-21,53.253,158.8387,N,,-0.0536,-0.0548,-0.0541,-0.0408,-0.0382,-0.0289,-0.0255,-0.0161,-0.0087,-0.0005,0.0047,0.0073,0.0032,0.0097,0.012,0.0162,0.0164,0.0174,0.0186,0.0187,0.017,0.0143,0.0033,-0.0062,-0.0118,-0.0144,-0.016,-0.0148,-0.0164
2014-03-21,53.253,158.8387,NE,0.0944,,,,,,,,,,,,,,,,,,,0.0,0.0,0.0,0.0,,0.0,0.0,0.0,0.0,0.0,0.0
2014-03-21,53.253,158.8387,NO,0.0034,-0.0348,-0.0237,-0.0225,-0.0197,-0.0149,-0.011,-0.0081,-0.0028,0.0005,0.0012,0.0066,0.0068,0.005,-0.0005,-0.005,-0.0036,-0.0039,0.002,0.0055,0.0078,0.01,0.0082,0.0037,-0.0087,-0.0131,-0.0135,-0.0127,-0.017,-0.0228
2014-03-21,53.253,158.8387,O,-0.0035,,,,,-0.0217,-0.0176,-0.0078,-0.0018,0.0021,0.0099,0.014,,,,,0.0074,0.0114,0.0115,-0.0036,-0.0189,,,,,,,,,
2014-03-21,53.253,158.8387,S,0.0406,0.0406,0.0226,0.0246,,,,,,,,,,,,,,,,,,,,,,,,,,
2014-03-21,53.253,158.8387,SE,0.0944,0.0,,,,,,,,,,,,,,,,,,,,,,,,,,,,
2014-03-21,53.253,158.8387,SO,,0.0641,,,,,,,,,,,,,,,,,,,,,,,,,,,,
2014-05-15,53.2517,158.8369,E,,0.1521,0.1447,0.1417,0.1218,0.1387,0.1283,0.1037,0.0795,0.0436,0.0253,0.0245,0.0174,-0.0036,-0.0221,-0.0334,-0.034,-0.0391,-0.0337,-0.0169,-0.0154,-0.0155,-0.0188,-0.0203,-0.0184,-0.0146,-0.0124,-0.01,-0.0079,-0.0047
2014-05-15,53.2517,158.8369,N,0.03,0.0146,0.0219,0.0298,0.0468,0.0336,0.0196,0.0095,-0.0397,-0.0396,-0.0389,-0.0207,0.0142,0.035,0.0436,0.0313,0.026,0.0219,0.0378,0.041,0.0802,0.0742,0.0556,0.0191,-0.0104,-0.0175,-0.0165,-0.0151,-0.0314,-0.0437
2014-05-15,53.2517,158.8369,NE,0.1402,0.0892,0.0795,0.0882,0.0704,0.0717,0.0656,0.0591,0.0389,0.0209,0.0378,0.0258,0.0394,0.0332,-0.0129,-0.0273,-0.0284,-0.0259,-0.0276,-0.021,-0.023,-0.0009,0.009,-0.0003,0.0175,-0.0133,-0.013,-0.0147,-0.0167,-0.0155
2014-05-15,53.2517,158.8369,NO,,0.0059,0.0266,0.0444,0.0674,0.0767,0.0825,0.0934,0.099,0.0698,0.0518,0.0194,-0.0045,-0.008,-0.0061,-0.0301,-0.0302,-0.0548,-0.0446,-0.0325,-0.0151,0.0027,0.0128,-0.0031,-0.0081,-0.0158,-0.0127,-0.0167,-0.025,-0.0287
2014-05-15,53.2517,158.8369,O,-0.0415,-0.0269,-0.0259,-0.0222,-0.003,-0.0096,-0.0018,0.0086,0.0278,0.0233,0.0116,-0.0271,-0.0486,-0.0353,-0.0423,-0.0395,-0.0332,-0.0226,-0.0159,-0.0114,-0.0149,-0.0134,-0.0113,-0.0049,0.0012,0.0109,0.0135,-0.0005,-0.0105,-0.0108
2014-05-15,53.2517,158.8369,S,,0.0745,0.0463,0.0254,0.0025,-0.0006,-0.0063,-0.0205,-0.0257,-0.03,-0.033,-0.0371,-0.0512,-0.0416,-0.0112,-0.026,-0.0063,-0.0127,-0.0133,0.0253,0.0313,0.0272,0.0341,0.0254,0.0111,0.0083,-0.0014,0.0101,-0.0017,-0.0087
2014-05-15,53.2517,158.8369,SE,0.1503,0.1321,0.1208,0.1136,0.0611,0.0463,0.0309,0.0271,0.0193,0.0192,0.0087,-0.0156,-0.0238,-0.0238,-0.0238,-0.0237,-0.0052,-0.0113,-0.0216,-0.0196,0.0004,0.0143,0.0257,0.0286,0.0358,0.0114,-0.0178,-0.0269,-0.027,-0.0278
2014-05-15,53.2517,158.8369,SO,0.0407,0.0173,0.0086,-0.0421,-0.0479,-0.0541,-0.055,-0.0641,-0.0592,-0.0358,-0.0043,0.0191,0.0532,0.0594,0.0749,0.0815,0.0684,0.0729,0.0639,0.0557,0.0491,0.0254,-0.0071,-0.0374,-0.0141,-0.0199,-0.0534,-0.0487,-0.048,-0.0415
2014-08-12,53.2587,158.8418,E,0.2018,0.1873,0.1612,0.1571,0.1027,0.0301,0.0219,0.0055,0.0015,0.0018,1e-04,-0.0016,-0.0014,-0.0012,-0.001,-0.0009,-0.0007,-0.0005,-1e-04,0.0002,0.0005,0.0007,,,,,,,,
2014-08-12,53.2587,158.8418,N,0.5348,0.4716,0.4084,0.3416,0.3195,0.248,0.071,0.0278,-0.0115,,,,,-0.0628,-0.0731,-0.0813,-0.0629,,,,,0.1073,0.0302,-0.0726,0.0234,,,,,
2014-08-12,53.2587,158.8418,NE,,0.3451,0.29,,0.1104,0.0705,0.0457,0.0166,0.0084,-0.0041,-0.0096,-0.0123,-0.0096,-0.0068,-0.0082,-0.0061,-0.0018,0.0057,0.01,0.0171,0.0608,0.0983,0.153,0.0999,,,,,,
2014-08-12,53.2587,158.8418,O,,,,,,,,,,,,,,,,,,,,0.0032,,,,,,,,,,
2014-08-12,53.2587,158.8418,S,,,,0.0242,0.0148,0.0106,-0.0029,-0.0117,-0.0061,,,,,,,,,,,,,,,,,,,,,-0.0225
2014-08-12,53.2587,158.8418,SE,,0.0958,0.0743,0.0694,0.0592,0.0588,0.0514,0.047,0.0389,0.0239,-0.0035,-0.0439,-0.0297,-0.0312,-0.0346,-0.0344,-0.0362,-0.03,-0.0219,-0.0168,-0.0113,-0.0008,0.0109,0.0013,0.0052,0.011,0.0203,0.0226,0.0271,0.0316
2014-09-12,53.2525,158.8369,E,,0.2547,0.2428,0.2308,0.2145,0.198,0.186,0.17,0.1552,0.1374,0.1121,0.0768,0.0451,0.0196,-0.0101,-0.0276,-0.0339,-0.0444,-0.0428,-0.0337,-0.0321,-0.0355,-0.0259,-0.0288,-0.0253,-0.0194,-0.0111,-0.0019,0.0059,0.012
2014-09-12,53.2525,158.8369,N,0.0422,0.0442,0.0543,0.0472,0.0492,0.0429,0.0481,0.0569,0.0544,0.0564,0.0526,0.0595,0.0454,0.0556,0.0202,0.0361,0.0227,0.017,0.0096,0.0193,-0.015,0.0164,0.0099,0.0253,0.0203,0.0271,0.0074,-0.0022,-0.0077,-0.0011
2014-09-12,53.2525,158.8369,NE,0.1652,0.1575,0.1553,0.1469,0.1449,0.1429,0.1321,0.123,0.1133,0.0961,0.075,0.0476,0.0272,0.0106,-0.003,-0.0051,-0.0083,-0.0059,-0.0022,0.0047,0.011,0.0045,-0.0004,0.0103,0.0157,0.0098,0.0041,-0.0146,-0.0186,-0.0231
2014-09-12,53.2525,158.8369,NO,,-0.064,-0.0549,-0.0505,-0.0404,-0.0288,-0.024,-0.0182,-0.0086,-0.0045,0.0025,0.0088,0.0152,0.0217,0.0203,0.0164,0.0132,0.0093,0.0062,0.0056,0.0012,0.0008,0.0013,-0.0009,-0.0126,-0.0176,-0.0285,-0.0271,-0.0331,-0.0391
2014-09-12,53.2525,158.8369,O,0.0374,0.035,0.0307,0.0268,0.0256,0.0163,0.0135,0.0091,0.0043,0.001,-0.0031,-0.0046,-0.0072,-0.0036,-0.0017,-0.0023,-0.0015,-0.012,-0.0125,-0.014,-0.0102,-0.0043,0.0017,0.004,0.0058,0.0039,0.0003,-0.0031,-0.0088,-0.0091
2014-09-12,53.2525,158.8369,S,,0.1332,0.1236,0.1191,0.0854,0.076,0.0713,0.0578,0.0527,0.0488,0.0464,0.0406,0.0443,0.0524,0.0601,0.0605,0.0586,0.0455,0.0398,0.0233,0.0151,0.0111,-0.0124,0.0027,-0.0229,-0.0172,-0.0256,-0.0234,-0.0265,-0.0271
2014-09-12,53.2525,158.8369,SE,0.2527,0.2418,0.2288,0.2074,0.1936,0.1678,0.1391,0.1182,0.0867,0.0546,0.0378,0.0231,0.014,0.0098,0.0045,-0.0006,-0.0065,-0.0079,-1e-04,-0.0081,-0.0053,-0.0042,-0.0057,-0.0183,-0.025,-0.0121,-0.0112,-0.0125,-0.0173,0.002
2014-09-12,53.2525,158.8369,SO,0.0909,0.0781,0.0698,0.0639,0.0578,0.0493,0.0271,0.0227,0.0155,0.0083,0.0019,0.0016,-0.0021,-0.0027,-0.0003,-0.0037,-0.004,-0.0068,-0.0046,0.0018,-0.0052,-0.0005,-0.0045,0.0045,-0.0021,-0.0035,0.0018,0.0037,0.0027,0.0061
2015-01-18,53.2549,158.836,E,,0.1099,0.0725,0.059,0.0455,0.0337,0.0168,0.0106,0.0047,0.0003,-0.002,-0.0036,-0.0036,-0.0034,-0.0033,-0.0022,-0.0012,0.0004,0.0015,0.002,0.0022,0.0023,0.0014,0.0007,1e-04,-0.0004,-0.0007,-0.0012,-0.0013,-0.0012
2015-01-18,53.2549,158.836,N,,,,,0.0102,0.0081,-0.0026,-0.0021,-0.0031,-0.0061,-0.0057,-0.0035,0.0024,0.004,0.0009,0.0035,0.001,0.0019,0.0022,0.0017,0.0015,0.001,-0.0017,-0.0029,-0.0027,-0.0023,-0.0012,0.0005,0.0017,0.0028
2015-01-18,53.2549,158.836,NE,0.1167,0.1148,0.0745,0.059,0.0476,0.0347,0.0178,0.0084,0.002,-0.0013,-0.0012,-0.0013,0.0005,-0.0011,0.0011,-1e-04,-0.0004,-0.0009,-0.0018,-0.0026,-0.0021,-0.0026,-0.0019,-0.004,-0.0075,-0.0066,0.0017,0.0105,-0.0006,0.0096
2015-01-18,53.2549,158.836,NO,0.1205,,,,,,,,,,,,,,,,,,,,,,,,,,,,,
2015-01-18,53.2549,158.836,O,0.1205,0.1131,0.1064,0.1019,0.1044,0.106,0.1057,,,,,,,,,,,,,,,,,,,,,,,
2015-01-18,53.2549,158.836,S,0.0263,0.0165,0.002,-0.0029,-0.0044,-0.0065,-0.0081,-0.007,-0.005,-0.0026,0.0074,0.0012,0.0109,0.0069,0.0111,0.0082,0.0078,-0.0064,-0.0112,-0.0122,-0.0143,-0.0105,-0.008,-0.0053,-0.0051,1e-04,-0.0002,0.0027,0.0078,0.0092
2015-01-18,53.2549,158.836,SE,0.074,0.0252,0.0066,0.0022,-0.0006,-0.0018,-0.0028,-0.0028,-0.0008,-0.0013,0.0053,0.0012,0.011,0.0212,0.0173,0.0123,0.0025,-0.0036,-0.0077,-0.0167,-0.017,-0.0151,-0.0124,-0.0094,-0.0067,-0.0037,-0.0004,0.0029,0.0067,0.0101
2015-01-18,53.2549,158.836,SO,,0.0277,0.0204,0.0103,0.0129,0.0121,0.0034,0.0057,-0.0003,,,,-0.0006,0.0053,,0.0024,0.0014,,,,,,-0.0101,-0.0073,-0.0049,-0.0034,-0.0036,-0.0016,0.0028,0.0047
2015-01-26,53.2562,158.8302,E,,0.0721,0.0526,0.0287,0.0207,0.0168,0.0086,0.0044,0.0005,0.0005,-0.0033,-0.003,-0.0028,-0.0024,1e-04,0.0052,0.0071,0.0034,-0.0005,-0.0002,-0.0041,-0.0015,0.0009,0.0012,-0.0027,-0.0023,-0.0021,-0.0018,-0.0016,-0.0015
2015-01-26,53.2562,158.8302,N,0.0599,0.0598,0.0364,0.0245,0.0082,-1e-04,-1e-04,0.0041,0.0061,0.0082,0.0123,0.0081,0.0123,0.0122,-0.0085,-0.0085,-0.0169,-0.019,-0.0083,-0.0039,-0.008,-0.0078,-0.0035,-0.0033,0.0009,0.0012,0.0054,0.0056,0.0057,0.002
2015-01-26,53.2562,158.8302,NE,0.0814,0.0691,0.05,0.0442,0.0401,0.0444,0.0312,0.0254,0.0026,-0.0039,-0.0037,-0.0054,-0.0043,-0.003,-0.0015,-0.0011,1e-04,0.0009,0.0029,0.0018,0.0029,,,,,,,,,
2015-01-26,53.2562,158.8302,NO,,0.0432,0.0244,-0.0031,-0.0154,-0.0196,-0.0154,-0.0133,-0.0154,-0.0157,-0.014,-0.0023,0.0029,0.0096,0.0108,0.0111,0.0098,0.0055,0.0041,0.0004,-0.0032,-0.0049,-0.0028,-0.0033,-0.0009,-0.0013,-0.0027,-0.0031,-0.0033,-0.0033
2015-01-26,53.2562,158.8302,O,0.0473,0.0396,0.0231,0.0121,0.0045,0.0002,-0.0036,-0.0042,-0.0036,-0.0031,-0.002,-0.0045,0.0004,0.0054,0.0084,0.0047,0.0017,0.0008,0.0006,-0.0011,-0.0022,-0.0031,-0.0016,0.0018,0.0018,0.0033,0.0017,-0.0004,0.0004,0.0006
2015-01-26,53.2562,158.8302,S,0.0618,0.0419,0.0355,0.027,0.0122,0.0076,0.0027,0.002,0.0014,-0.0031,0.0005,0.0002,0.0032,0.0028,0.0025,0.0019,0.0011,0.0004,-0.0,-0.0003,0.0028,0.0023,0.0015,0.0013,0.0006,0.0004,0.0,0.0033,-0.0009,-0.0016
2015-01-26,53.2562,158.8302,SE,0.0713,0.0501,0.0402,0.0242,0.0119,0.0057,0.0036,0.0015,-0.0006,-0.0005,0.0037,0.0037,0.0037,0.0037,0.0037,0.0037,0.0038,0.0038,0.0038,-0.0004,-0.0004,-0.0004,-0.0004,-0.0003,-0.0003,-0.0003,-0.0003,0.0018,-0.0002,-0.0002
2015-01-26,53.2562,158.8302,SO,0.0678,0.0529,0.047,0.0337,0.0257,0.0183,0.0063,0.0017,0.0002,-0.0038,0.0006,-0.0029,-0.0045,-0.0057,-0.0067,-0.007,-0.0004,0.0018,0.0045,0.0033,0.0024,0.0008,-0.0003,-0.0009,-0.0027,0.0006,0.0008,0.0025,0.0013,-0.0041
2015-02-19,53.2562,158.8302,E,,0.1174,0.1015,0.0816,0.0636,0.0447,0.0283,0.0154,0.0064,0.0012,-0.0006,-0.0008,-0.0009,-0.001,-0.0011,-0.0013,-0.0014,-0.0015,-0.0017,-0.0018,-0.0019,-0.001,1e-04,0.0007,0.0007,0.0,-0.0009,-0.0024,-0.0031,-0.0032
2015-02-19,53.2562,158.8302,N,0.0816,0.0816,0.0724,0.0631,,,,,,0.0111,0.0051,0.0008,-0.0041,-0.0083,0.0042,-0.0041,-0.0139,-0.0091,-0.0105,-0.0076,-0.006,-0.0047,-0.0041,-0.0009,0.0004,0.0018,0.003,0.0052,0.0072,0.0059
2015-02-19,53.2562,158.8302,NE,0.1082,0.0986,0.086,0.0796,0.0643,0.0576,0.0418,0.0266,0.023,0.0078,0.005,-0.0071,-0.0084,-0.0086,-0.0077,-0.0059,-0.0063,-0.0038,-0.0041,-0.0024,-0.0009,-0.0014,-1e-04,-0.0003,-0.0005,0.0008,0.0016,0.0026,0.0034,0.0052
2015-02-19,53.2562,158.8302,NO,,0.1154,0.1046,0.093,,,,,,,,,,,,,,,,,,,,,,,,,,
2015-02-19,53.2562,158.8302,O,0.1192,0.1078,0.0959,0.0873,0.0798,0.0739,0.0714,,,,,,,,,,,,,,,,,,,,,,,
2015-02-19,53.2562,158.8302,S,0.1025,0.0911,0.0802,0.0661,0.039,0.0312,0.0164,0.0107,0.0068,0.0033,0.0005,-0.0003,0.0024,-1e-04,0.0003,-0.0003,-0.0035,-0.0033,-0.0038,-0.0047,-0.0013,-0.0034,-0.0019,0.0004,-0.0012,0.0009,0.0015,0.0011,0.0011,0.0018
2015-02-19,53.2562,158.8302,SE,0.1262,0.1101,0.098,0.0674,0.0486,0.0323,0.0206,0.0124,0.007,0.006,0.0037,0.0015,0.0014,-0.0003,0.0019,0.0006,0.0009,0.0002,0.0018,0.0019,0.002,0.0006,0.0017,1e-04,-0.0002,-0.0003,0.0006,0.0012,-0.0008,0.0027
2015-02-19,53.2562,158.8302,SO,0.0625,0.0571,0.0451,0.0323,0.0225,0.009,0.0005,-0.0007,-0.0034,-0.0049,-0.0019,0.0017,-0.0023,0.0017,-0.0007,0.0022,-0.001,-0.0009,-0.0005,0.0012,0.0014,0.0029,0.0044,0.0053,,,,,,
2015-03-07,53.2568,158.8302,E,,0.0579,0.0454,0.0322,0.0199,0.01,0.0027,-0.0012,-0.003,-0.0028,-0.0018,-0.0011,-0.0009,-0.0011,-0.0013,-0.0015,-0.0,-0.0016,-0.0012,-0.0003,0.001,0.0017,0.0016,0.0013,0.0009,0.0003,0.0,0.0007,0.0,0.0011
2015-03-07,53.2568,158.8302,N,0.0504,0.0498,,,,,,,,,0.0129,0.0017,-0.0005,-0.0028,-0.0041,-0.0,-0.0009,0.0015,,0.0077,0.0083,,,,,,,,,
2015-03-07,53.2568,158.8302,NE,0.0597,0.0505,0.0444,0.0399,0.0277,0.0271,0.0119,0.0071,-0.0005,-0.0039,-0.0031,-0.003,-0.0024,-0.0017,-0.0009,1e-04,0.0003,0.0015,0.0002,0.0006,0.0004,0.0017,0.0015,-1e-04,-0.0004,,,,,
2015-03-07,53.2568,158.8302,S,0.0451,,0.0311,0.0264,0.0158,0.0125,0.0069,0.0029,0.0048,0.0012,0.0018,-0.0002,0.0032,0.0035,,,,,,,,,,,,,,,,
2015-03-07,53.2568,158.8302,SE,0.0859,0.0607,0.0523,0.036,0.0254,0.0164,0.0092,0.0063,0.0026,0.0006,-0.0005,-0.001,-0.0013,-0.0019,-0.0024,-0.0029,-0.0035,-0.0038,-0.0042,-0.0044,-0.0032,-0.004,-0.001,0.0086,0.0074,0.0054,0.0086,0.0096,,
2015-09-16,53.2533,158.836,E,,0.3056,0.2779,0.2779,0.2387,0.2409,0.1336,,,,,,,,,,,,,0.0305,0.0205,0.014,-0.0112,-0.0101,-0.0087,-0.0067,-0.0085,-0.0049,-0.0055,-0.0029
2015-09-16,53.2533,158.836,N,,-0.0101,-0.0208,-0.0357,-0.0447,-0.0521,-0.0589,-0.0554,-0.0409,-0.0262,-0.0079,-0.0,0.0047,0.0117,0.0184,0.0237,0.0294,0.0356,0.0456,0.049,0.0487,0.06,0.0615,0.059,0.0577,0.0421,-0.0252,-0.0496,-0.0937,-0.1032
2015-09-16,53.2533,158.836,NE,0.1778,0.141,0.1142,0.1155,0.1066,0.1082,0.0701,0.1059,0.1219,,,,,,,,,,,,-0.0417,-0.0188,0.0115,0.0141,0.0167,0.0021,-0.0309,-0.0146,-0.006,0.0043
2015-09-16,53.2533,158.836,NO,-0.1095,-0.1067,-0.0902,-0.0771,-0.0674,-0.0576,-0.0535,-0.0342,-0.0202,-0.0158,0.004,0.0269,0.0354,0.0396,0.0497,0.0366,0.0362,-0.0336,-0.0301,-0.1016,-0.1262,-0.138,-0.1368,-0.0682,0.007,0.0715,0.1223,0.1108,0.0107,-0.0059
2015-09-16,53.2533,158.836,O,0.0091,0.0113,0.0061,0.0051,-0.0008,0.0045,0.0058,0.0118,0.0066,-0.0061,-0.0155,-0.0189,0.007,0.0088,0.0379,,,,,,,,,,,,-0.0186,0.0045,0.0103,-0.0026
2015-09-16,53.2533,158.836,S,0.139,0.1391,0.1019,0.0874,0.0893,0.0728,0.0503,0.069,0.0235,0.0244,0.0126,0.0154,0.0152,0.0446,0.0479,0.0659,0.0543,0.0579,0.0463,0.0323,0.0108,0.0203,0.0029,0.0079,-0.0106,-0.0047,-0.0086,-0.0131,-0.0016,-0.0217
2015-09-16,53.2533,158.836,SE,0.2427,0.2089,0.1645,0.1365,0.1079,0.0807,0.0343,0.0054,-0.0107,-0.0193,-0.0167,-0.0111,-0.0224,0.0025,-0.0006,-0.0052,0.0176,0.0351,0.0496,0.0285,0.0065,0.0083,,0.0034,0.0483,0.0723,0.0811,0.0507,-0.0526,-0.049
2015-09-16,53.2533,158.836,SO,,0.0613,0.0498,0.021,0.02,0.0177,0.0116,0.0102,0.0095,0.0079,0.0048,-0.0012,-0.0112,-0.0194,-0.0069,0.004,0.0089,0.0123,0.0083,0.0052,0.0047,,,,,,,0.0217,0.0158,0.0236
2015-11-10,53.2533,158.836,E,,0.1018,0.082,0.0723,0.0732,0.0734,0.0679,0.052,0.0515,0.0283,0.0097,0.0163,0.0081,-0.0059,-0.0111,-0.0155,-0.0161,-0.016,-0.0156,-0.0132,-0.01,-0.006,-0.0027,-0.0017,-1e-04,0.0019,0.0038,0.0058,0.0079,0.0091
2015-11-10,53.2533,158.836,N,,0.0352,0.0191,0.0153,0.0142,0.0163,0.0193,0.0208,0.02,0.016,0.0222,0.014,0.0174,0.0084,0.0092,0.0043,0.0012,0.0144,0.0152,0.0014,0.0204,0.0329,-0.0016,-0.0021,-0.0153,-0.0125,-0.0129,-0.0076,-0.0108,-0.0165
2015-11-10,53.2533,158.836,NE,0.11,0.0768,0.0685,0.0689,0.0642,0.0589,0.0543,0.0513,0.043,0.0322,0.0192,0.0069,0.0067,0.0039,0.0052,0.0023,0.0016,0.0006,0.0022,-0.0137,-0.01,-0.0112,-0.0097,-0.0127,-0.0098,-0.0115,-0.0066,-0.0007,-0.0021,0.017
2015-11-10,53.2533,158.836,NO,0.0191,0.0016,-0.0116,-0.0147,-0.0135,-0.0119,-0.0101,-0.0099,-0.0075,-0.0021,-0.0,0.0003,0.0,0.0007,0.0021,0.0026,0.0031,0.0046,0.004,0.0041,0.001,0.0006,-1e-04,0.0004,0.0008,-0.0009,-0.0006,-0.0027,-0.0057,-0.013
2015-11-10,53.2533,158.836,O,0.027,0.0058,-0.0013,-0.0006,-1e-04,0.0004,-0.0028,-0.0021,-0.0051,-0.0047,-0.0044,-0.0047,-0.0034,-0.0028,-0.0022,-0.0021,0.0015,0.0022,0.0026,0.0035,0.0043,0.0045,0.0042,0.0018,0.0014,0.0004,-0.0009,-0.0041,-0.0075,-0.0073
2015-11-10,53.2533,158.836,S,0.0768,0.0769,0.0549,0.0458,0.0438,0.0419,0.0287,0.0323,0.0171,0.0131,-0.0007,-0.0009,-0.0068,-0.003,-0.0067,-0.007,0.0008,-0.0013,-0.0034,0.0005,-0.0016,0.0042,0.0042,-0.0039,-0.0039,-1e-04,-0.004,-0.0021,0.0037,-0.0042
2015-11-10,53.2533,158.836,SE,0.1078,0.0769,0.0604,0.048,0.0279,-0.0009,-0.0058,-0.0161,-0.0163,-0.0165,-0.0167,-0.0125,-0.0121,-0.015,-0.0045,0.0045,0.0169,0.0134,0.0099,-0.0005,-0.0104,-0.0206,-0.0207,-0.0174,-0.0129,-0.009,-0.0069,-0.0048,-0.0006,0.0044
2015-11-10,53.2533,158.836,SO,,0.0456,0.029,0.0237,0.0196,0.0192,0.0184,0.0127,0.0073,0.0043,-0.0014,-0.0039,-0.0095,-0.0069,-0.0047,-0.0005,-1e-04,-0.0002,-0.0012,0.0006,0.0007,0.0014,0.0038,0.0034,0.0034,0.0051,0.0056,0.0052,0.0048,0.0012
2015-11-26,53.2562,158.8297,E,0.148,0.1305,0.094,0.0636,0.0358,0.0152,0.0069,-0.0016,-0.0014,-0.0014,-0.0012,-0.0012,-0.0008,0.0031,,,,,,,,,,,-0.0078,0.001,0.001,0.0011,0.0008,0.001
2015-11-26,53.2562,158.8297,N,0.097,0.0868,0.0757,0.034,0.0118,0.0036,-0.0124,-0.0124,-0.0002,-0.0044,-0.0042,-0.0083,0.0108,0.0197,0.0182,-0.0072,-0.0191,-0.0223,-0.0227,-0.0205,-0.0156,-0.0141,-0.0113,-0.0092,-0.0041,0.0,0.0022,0.0076,0.014,0.0083
2015-11-26,53.2562,158.8297,NE,,0.109,0.0861,0.0606,0.0505,0.0559,0.0471,0.0269,0.0068,-1e-04,-0.0016,-0.0045,-0.0041,-0.0034,-0.0005,0.001,0.0019,-0.0019,-0.0019,-0.0005,0.0014,0.0005,0.0012,0.001,0.0028,0.0022,-0.0007,-0.0015,-0.0024,-0.0012
2015-11-26,53.2562,158.8297,NO,,0.0586,0.032,0.0074,-0.0102,-0.0393,-0.0374,-0.0392,-0.0232,-0.0393,-0.0273,-0.0154,-0.0193,-0.0095,0.0107,0.025,0.0255,0.0168,0.0143,0.0042,-0.0007,-0.0046,-0.0063,-0.0077,-0.006,-0.0045,-0.0044,-0.0049,-0.0057,-0.01
2015-11-26,53.2562,158.8297,O,0.0984,0.0726,0.0365,0.0055,-0.0067,-0.0046,0.0025,0.0034,0.0049,-0.0052,-0.0027,0.0002,-0.0021,-0.0141,-0.0177,0.0125,0.0051,0.0033,0.0022,0.0015,-0.006,-0.0005,-0.0024,-0.001,0.0015,0.002,0.0063,0.008,-0.0028,-0.0045
2015-11-26,53.2562,158.8297,S,0.1579,0.1349,0.1119,0.0574,0.0421,0.028,0.0092,0.0077,0.0064,0.005,0.0042,0.0027,0.0012,-1e-04,-0.002,-0.0036,-0.005,-0.0062,-0.0053,-0.007,-0.01,-0.0111,-0.0126,-0.0104,-0.0109,-0.0056,-0.0042,0.0102,0.0136,0.0082
2015-11-26,53.2562,158.8297,SE,,0.1186,0.0772,0.0414,0.0163,0.0056,-0.0009,-0.0008,-0.0008,-0.0008,-0.0008,-0.0007,-0.0007,-0.0007,-0.0007,-0.0006,-0.0006,-0.0006,-0.0005,,,,,,,,,,,
2015-11-26,53.2562,158.8297,SO,0.1073,0.092,0.0662,0.0389,0.0108,-1e-04,,-0.0265,-0.0321,-0.0246,-0.0251,-0.0298,0.0029,0.0018,0.0023,0.0048,0.0037,0.0023,0.0015,0.0043,0.003,0.002,0.001,0.0038,0.0069,0.0022,0.0017,-0.0004,-0.0005,0.0023
2016-02-06,53.2562,158.8297,E,0.1,0.0927,0.0766,0.0585,0.0438,0.0298,0.0182,0.0057,0.0023,-0.0007,-0.0022,-0.0024,-0.0014,-0.0012,-0.0012,-0.001,-0.0006,-0.0004,0.0003,0.0006,0.0008,0.0008,0.0004,0.0002,-1e-04,-0.0007,-0.0008,0.0003,0.0009,0.0015
2016-02-06,53.2562,158.8297,N,0.086,0.0809,0.0738,0.0643,,,,,,,,0.0167,0.0129,0.0077,0.0026,-0.0011,-0.0044,-0.0047,-0.0041,-0.0036,-0.0018,0.0005,0.0014,0.0038,0.0048,0.0063,,,,
2016-02-06,53.2562,158.8297,NE,,0.0846,0.075,0.0646,0.0574,0.0474,0.0375,0.0275,0.0216,0.0148,0.0104,0.0006,-0.0024,-0.004,-0.0051,-0.0044,-0.0051,-0.0047,-0.0044,-0.0041,-0.0034,-0.0028,-0.0026,-0.002,-0.0011,-0.0005,0.0005,0.0018,0.0027,0.0043
2016-02-06,53.2562,158.8297,NO,,0.1025,0.0872,0.0725,,,,,,,,,,,,,,,,,,,,,,,,,,
2016-02-06,53.2562,158.8297,O,0.104,0.0878,0.0738,0.0614,0.0536,,,,,,,,,,,,,,,,,,,,,,,,,
2016-02-06,53.2562,158.8297,S,0.1034,0.1032,,0.0371,0.0297,0.0223,0.0065,0.0034,0.0013,0.001,0.0006,0.0,-0.0006,-0.0011,-0.0018,-0.0015,-0.001,-0.0006,-0.0002,1e-04,0.0002,-0.0,0.0006,0.0007,0.0005,0.0013,0.001,0.0004,-1e-04,0.0025
2016-02-06,53.2562,158.8297,SE,,0.0871,0.0653,0.0366,0.0246,0.0129,0.0069,0.0016,0.0004,-0.0021,-0.0025,-0.0028,-0.0024,-0.002,-0.0012,-0.0005,-0.0,1e-04,0.0004,0.0004,0.0003,0.0006,-1e-04,-0.0003,-0.0009,-0.0012,-0.0003,-0.0005,-1e-04,0.0006
2016-02-06,53.2562,158.8297,SO,0.0971,0.0971,0.0708,0.0483,,,,,,,,,,,,,,,,,,,,,,,,,,
2016-05-12,53.2549,158.836,E,,0.0845,0.0819,0.0716,0.0535,0.0412,0.0308,0.0215,0.0117,0.003,-0.0003,-0.0009,-0.0005,-0.001,-0.0015,-0.0018,-0.0024,-0.0024,-0.0029,-0.0035,-0.0033,-0.0029,-0.0026,-0.002,-0.003,0.0003,-0.0,-0.0002,-0.0,0.0002
2016-05-12,53.2549,158.836,N,,0.0322,0.0205,0.0177,0.006,0.005,0.0013,-0.0015,-0.0019,-0.0039,-0.0008,-0.001,0.0008,0.0018,0.0023,0.0036,0.0033,0.0043,0.0026,-0.0019,-0.0024,-0.0027,-0.0025,-0.0018,-0.0016,-0.0012,-0.0009,-0.0006,-0.0003,0.0
2016-05-12,53.2549,158.836,NE,0.1055,0.0699,0.0589,0.0512,0.0382,0.0262,0.0122,0.0065,0.0013,0.002,1e-04,-0.0013,-0.0002,-0.0017,0.0003,0.0003,0.0012,0.0013,0.001,0.0002,-0.0002,-0.0006,-0.0003,1e-04,0.0002,0.0003,0.0002,1e-04,-1e-04,-1e-04
2016-05-12,53.2549,158.836,NO,0.0379,-0.0062,-0.0119,-0.0153,-0.0139,-0.0145,-0.0181,-0.0126,-0.0126,-0.0074,-0.0024,-0.0009,0.0053,0.0078,0.0102,0.0139,0.0139,0.0132,0.0102,0.0052,0.001,-0.0017,-0.0037,-0.0023,-0.0057,-0.0063,-0.0063,-0.0058,-0.0038,-0.0024
2016-05-12,53.2549,158.836,O,0.0496,0.0125,0.0045,0.0022,-0.0008,-0.0032,-0.0025,-0.0028,-0.0033,-0.0036,-0.0038,-0.0023,-1e-04,0.0019,0.0045,0.0048,0.0043,0.0044,0.003,0.0024,0.0007,-0.0008,-0.0017,-0.0016,-0.0019,-0.0011,-0.0011,-0.0007,-0.0016,-0.002
2016-05-12,53.2549,158.836,S,0.0384,0.0296,0.0078,-0.0022,-0.0061,-0.0109,-0.0146,-0.0149,-0.0173,-0.0169,-0.0134,-0.0061,0.0045,0.0137,0.0213,0.0208,0.0258,0.0101,0.0018,-0.0026,-0.0083,-0.0068,-0.0072,-0.0055,-0.0063,-0.0053,-0.0052,-0.004,-0.0014,-0.0014
2016-05-12,53.2549,158.836,SE,0.084,0.0463,0.0241,0.011,0.0037,-0.0012,-0.0004,-0.002,0.0054,0.0066,0.0075,0.0134,0.0206,0.0228,0.0118,0.0058,-0.0078,-0.0139,-0.0139,-0.0128,-0.0108,-0.0089,-0.0068,-0.0047,-0.0027,-0.0006,0.0015,0.0042,0.0072,0.0104
2016-05-12,53.2549,158.836,SO,,0.0291,0.0192,0.0033,1e-04,-0.0043,-0.0091,-0.014,-0.0162,-0.016,-0.0133,-0.0089,-0.0027,-0.0005,0.0013,0.0046,0.0049,0.0139,0.0027,0.0041,0.0014,-0.0009,-0.0011,-0.0026,-0.0024,-0.0013,-0.0025,0.0033,0.003,0.006
2016-10-04,53.2533,158.836,E,,,,,,,,,,,,,,,0.0108,0.0066,0.0104,0.0071,0.007,0.0023,-0.005,-0.0006,-0.0046,-0.0043,-0.0082,-0.0058,-0.0035,-0.0035,-0.0031,-0.0072
2016-10-04,53.2533,158.836,N,,,,,,,,,,,,,,,,,,0.0054,0.0054,0.0033,-0.0018,0.0041,0.0066,0.0063,0.012,0.0182,-0.0287,,-0.0155,-0.0123
2016-10-04,53.2533,158.836,NE,0.1525,,,,,,,,,,,,,,,-0.0018,-0.0002,0.0031,0.0081,0.0068,0.0022,0.0016,-0.0007,-0.0028,-0.004,-0.004,-0.0044,-0.0049,-0.0053,-0.0053
2016-10-04,53.2533,158.836,NO,,,,,,,,,,,,-0.0038,,,0.0034,0.003,0.0015,0.0,0.0017,0.0073,0.0066,0.0061,0.0055,0.0047,0.0006,-0.0053,-0.0053,-0.0025,-0.0028,-0.0077
2016-10-04,53.2533,158.836,O,,,,,,,,-1e-04,0.0002,-0.0004,-0.0008,,,,,,,,,,,,,,,,,,,
2016-10-04,53.2533,158.836,S,0.0331,0.032,,,,,,,,-0.0119,-0.0038,0.0084,0.0119,0.0064,-0.0048,0.0039,0.0054,,,,,,,,,,,,,-0.0274
2016-10-04,53.2533,158.836,SE,0.1815,,,,,,,,,,,,,,,,,,0.0091,0.0117,0.0101,-0.0021,-0.003,-0.0069,-0.0048,-0.0031,-0.0013,0.001,0.0031,0.0044
2016-10-04,53.2533,158.836,SO,,0.0334,,,,,,,,0.0107,0.0127,0.0148,-0.0156,0.0077,-0.0069,-0.006,-0.0026,0.0006,0.0019,0.002,-0.0011,,,,,,,,,
2016-10-20,53.2552,158.8365,E,0.1435,0.1392,,0.0456,0.0183,0.0145,-0.0007,-1e-04,-0.0011,0.0013,,,,,,,,,,,,,,,,,,,,
2016-10-20,53.2552,158.8365,N,,,,,,,,,,,,,,,,,,,,,,,,,,,-0.0015,-0.001,0.0032,-1e-04
2016-10-20,53.2552,158.8365,NE,,0.1284,,,,,0.0106,0.0052,0.0011,1e-04,-0.0065,,,,-0.0023,,,,,,,,,,,,,,,
2016-10-20,53.2552,158.8365,S,,0.1146,0.1147,0.0612,0.0614,0.0653,,,,,,,,,,,,,,,,,,,,0.0015,-1e-04,-0.0014,0.0004,0.002
2016-10-20,53.2552,158.8365,SE,,0.1302,0.0793,,0.068,,,0.0172,,,,,,,,,,,,,,,,,-0.0024,-0.0024,-0.0024,0.0018,0.0018,0.0019
2016-10-20,53.2552,158.8365,SO,,0.1316,,,,,,,,,,,,,,,,,,,,,,,,,,,,
2016-11-20,53.2562,158.8297,E,0.1099,0.1083,0.0961,0.0778,0.0554,0.0375,0.0225,0.0089,0.0038,0.0006,-0.0007,-0.0004,-0.0004,-0.0012,-0.0021,-0.0032,0.0018,0.0021,0.001,0.0007,0.0005,0.0005,0.0004,0.0007,-0.0011,-0.0012,0.0002,0.0005,0.0008,0.0003
2016-11-20,53.2562,158.8297,N,0.0918,0.0832,0.0734,0.0615,0.0414,0.0376,0.0302,0.0264,0.0292,0.0218,,0.003,0.0233,0.0058,-0.0009,-0.0147,-0.016,-0.0178,-0.0197,-0.0214,-0.0194,-0.0184,-0.0103,-0.008,,0.0056,0.008,0.0115,0.0083,0.0101
2016-11-20,53.2562,158.8297,NE,,0.1055,0.0951,0.0792,0.0694,0.0582,0.0475,0.0375,0.0201,0.0139,0.0081,0.0018,-0.0023,-0.0044,-0.0063,-0.0071,-0.0077,-0.0078,-0.0081,-0.0086,-0.0084,-0.0078,-0.0062,-0.0045,-0.0026,-0.001,-0.0006,0.0017,0.0033,0.0055
2016-11-20,53.2562,158.8297,NO,,0.0354,,0.0166,,,,,,,,0.0018,0.003,0.0055,,,,,,,,,,,,,,,,
2016-11-20,53.2562,158.8297,O,0.1377,0.1278,0.1111,0.0924,0.0734,,,,,,,,,,,,,,,,,,,,,,,,,
2016-11-20,53.2562,158.8297,S,0.112,0.1024,0.0941,0.0409,0.0335,0.028,0.011,0.007,0.0031,0.0011,-1e-04,-0.0009,-0.0009,-0.0008,-0.0009,-0.0009,-0.0013,-0.0012,-0.0006,-0.0003,0.0012,-0.0008,-0.0004,-1e-04,-0.0009,0.0014,0.0018,0.0029,0.0045,0.0065
2016-11-20,53.2562,158.8297,SE,,0.1032,0.0808,0.0504,0.032,0.0193,0.0077,0.0028,-0.0002,-0.001,-0.0012,-0.0008,-0.0,0.0007,0.0015,0.002,0.0023,0.0017,0.0012,0.0013,-0.0,-0.0006,-0.002,-0.0016,-0.0019,-0.0023,-0.0014,-0.0004,0.0007,0.003
2016-11-20,53.2562,158.8297,SO,0.135,0.1272,0.1151,0.094,,,,,,,,,,,,,,,,,,,,,,,,,,
2017-01-23,53.2562,158.8302,E,,0.1429,0.1278,0.1001,0.0758,0.0537,0.0328,0.0166,0.0058,-0.0003,-0.0034,-0.005,-0.0049,-0.004,-0.0031,-0.0023,-0.0009,0.0019,0.0026,0.0037,0.0043,0.0042,0.0042,0.0041,0.0033,0.0027,0.0011,-0.0004,-0.0019,-0.0031
2017-01-23,53.2562,158.8302,N,0.1091,0.1069,0.0593,0.0423,0.0369,0.018,0.0154,0.0146,0.0025,0.0023,0.0071,0.0174,0.0194,0.0259,0.0012,-0.0182,-0.0206,-0.0202,-0.0157,-0.0097,-0.0049,0.0015,0.0069,0.0127,0.0186,0.0257,0.0339,0.0405,,
2017-01-23,53.2562,158.8302,NE,0.1446,0.1316,0.1108,0.0909,0.0797,0.0703,0.0541,0.0407,0.027,0.0131,0.0086,-0.0042,-0.0056,-0.0067,-0.006,-0.006,-0.0049,-0.0047,-0.0033,-0.0026,-0.0023,-0.0013,-0.0011,-0.0003,0.002,0.001,0.0006,0.0006,0.0014,0.0018
2017-01-23,53.2562,158.8302,NO,,0.0629,0.0473,0.019,0.0101,,-0.012,-0.0108,,,-0.0012,-0.0002,0.0067,0.0051,,,,,,,,,,,,,,,,
2017-01-23,53.2562,158.8302,O,0.152,0.1324,0.1108,0.0907,0.0699,0.0595,0.0543,,,,,,,,,,,,,,,,,,,,,,,
2017-01-23,53.2562,158.8302,S,0.1458,0.1258,0.1134,0.1,0.0591,0.0559,0.0268,0.0066,0.0005,-0.0,-0.0004,-0.0007,-0.0013,-0.0012,-0.0023,-0.003,-0.0034,-0.0039,-0.0031,-0.0008,-0.0024,-0.0005,-0.0003,-0.0007,0.0005,0.0012,0.001,0.002,0.0012,0.0003
2017-01-23,53.2562,158.8302,SE,0.1625,0.1276,0.1172,0.0816,0.0595,0.0384,0.015,0.0072,0.0009,-0.0009,-0.0018,-0.0019,-0.0013,-0.0006,0.0004,0.0015,0.002,0.0019,0.0013,0.0012,0.0008,0.0015,0.0015,0.0008,0.0007,-0.0003,-0.0006,-0.0002,-0.0004,-0.001
2017-01-23,53.2562,158.8302,SO,0.1456,0.121,0.1012,0.0814,0.0666,0.037,0.0208,0.0092,-0.0,-0.0011,-0.0041,-0.0065,-0.0082,-0.0066,-0.007,,,,,,,0.0043,0.0039,0.0064,,,,,,
2017-02-24,53.2562,158.8302,E,,0.0815,0.0713,0.0592,0.0429,0.034,,0.0089,0.0063,,,,,,,,,,0.0104,0.0117,0.0122,0.0082,0.0031,0.0006,-0.0021,-0.0035,-0.0031,-0.0023,-0.0014,-0.001
2017-02-24,53.2562,158.8302,N,,,,,,,,,0.0286,0.0293,0.0296,0.0036,-0.0046,-0.0029,-0.0079,-0.0033,-0.0056,-0.0076,-0.0031,-0.0044,-0.0006,0.0036,0.0049,0.0079,0.0064,,,,,
2017-02-24,53.2562,158.8302,NE,0.0899,0.0846,0.0767,0.0662,0.0579,0.0493,0.0489,0.0339,0.0289,0.0195,0.0125,0.0023,-0.0052,-0.0093,-0.0088,-0.0091,-0.0064,-0.0046,-0.0018,-0.0014,0.0007,-0.0003,-0.0005,-0.0007,0.0007,0.0012,0.007,-0.0015,-0.0053,-0.0052
2017-02-24,53.2562,158.8302,O,0.1109,,,0.0757,,,,,,,,,,,,,,,,,,,,,,,,,,
2017-02-24,53.2562,158.8302,S,,,0.0725,0.0666,0.0413,0.0262,0.0163,0.0079,0.0034,0.001,0.0004,-0.0013,-0.0017,-0.0017,-0.0021,-0.0023,-0.0018,-0.0009,1e-04,0.0006,0.001,0.0003,-1e-04,0.0013,0.0019,0.0017,-0.0004,0.0041,0.006,0.0053
2017-02-24,53.2562,158.8302,SE,0.0934,0.0855,0.0775,0.0614,0.0468,0.0312,0.0164,0.0107,0.0043,0.0023,0.0008,0.0009,0.0011,0.0009,0.0011,0.0002,0.0002,-0.0007,-0.0009,-0.001,0.0003,0.0004,0.0021,0.0009,0.0017,0.0027,0.0017,-1e-04,0.0016,0.0023
2017-02-24,53.2562,158.8302,SO,0.1109,0.1055,0.0922,0.0854,0.0764,,,,,,,,,,,,,,,,,,,,,,,,,
2017-10-07,53.2568,158.8432,E,0.0361,,,,,,,,,,,,,-0.0017,-1e-04,-0.0008,,,,,,,,,,,,,,
2017-10-07,53.2568,158.8432,N,-0.0866,-0.0866,,,,,,,,,,,,,,,,,,,0.0113,0.0008,-0.0036,-0.0069,-0.0006,-1e-04,-0.0038,-0.0009,0.0006,0.005
2017-10-07,53.2568,158.8432,NO,,,,,,,,,,,,,,,,,,,,,,,,,,,,,,0.0
2017-10-07,53.2568,158.8432,S,0.007,0.0086,0.0104,0.0008,0.0017,0.0008,0.0006,0.0015,-0.0002,-0.0013,-0.0051,,,,,,,,,,,,,,,,,,,
2017-10-07,53.2568,158.8432,SE,,,,0.0143,0.0101,0.0143,0.0121,0.0098,0.0059,0.0015,,,0.0022,0.0021,0.0021,0.0064,,0.0025,0.0025,,,,,,-0.0026,-0.0024,-0.0023,-0.0022,-0.0018,0.0003
2017-11-08,53.2562,158.8311,E,0.0557,0.0517,0.0312,0.023,0.0185,0.0141,0.0095,0.0013,0.0004,0.0004,0.0,-0.0004,-0.0014,-0.003,-0.0035,-0.0037,,,,,,,,,,,0.0047,0.004,-1e-04,-0.0013
2017-11-08,53.2562,158.8311,N,0.0357,0.0238,0.0119,0.0016,0.0037,0.0077,0.0037,0.0038,0.0118,0.0075,0.0039,-0.0048,-0.0002,-0.0048,-0.011,-0.0115,-0.0112,-0.0129,-0.0081,-0.0085,-0.0005,-0.0015,-0.002,-0.0052,0.0009,0.0082,0.0082,0.0075,0.0104,0.0105
2017-11-08,53.2562,158.8311,NE,,0.0482,0.0322,0.0262,0.026,0.026,0.0134,0.0069,0.0046,0.0028,-0.0016,-0.002,-0.0023,-0.0024,-0.003,-0.0032,-0.0033,-0.0037,-0.0018,-0.0044,-0.0048,-0.005,,,,,,0.0035,-0.0007,0.003
2017-11-08,53.2562,158.8311,NO,,-0.0041,0.0019,-0.0042,-0.0103,-0.0163,-0.0123,-0.0083,-0.0003,,,,,,,,,,,0.0074,0.0048,0.0037,0.0015,0.0021,0.004,0.007,0.002,-0.0035,-0.0044,-0.0016
2017-11-08,53.2562,158.8311,O,,0.012,0.0039,-0.001,-0.0043,-0.0042,-0.0081,,,,,,,,,,,,,-0.0024,-0.0024,-0.0018,-0.0024,-0.0,-0.0004,-0.0012,0.0,0.0013,0.0025,0.0009
2017-11-08,53.2562,158.8311,S,0.0504,0.0485,0.0466,0.0427,0.0388,0.0428,0.0145,0.0021,-0.0021,-0.002,-0.0019,-0.0018,0.0003,0.0024,-0.0017,-0.0016,-0.0015,0.0027,0.0028,0.0028,0.0029,0.0029,-0.0011,-0.0011,-0.001,-0.0009,-0.0009,-0.0008,-0.0007,-0.0007
2017-11-08,53.2562,158.8311,SE,,0.0488,0.0386,0.0243,0.0119,0.0076,0.0032,-0.0012,-0.0014,-0.0015,-0.0015,-0.0016,-0.0019,-0.002,-0.002,0.0018,0.0017,0.0016,0.0014,0.0013,-0.0009,0.001,0.0009,0.0008,0.0048,0.0004,-0.0037,-0.0039,-0.004,-0.0041
2017-11-08,53.2562,158.8311,SO,0.023,0.0224,0.0141,0.0096,-0.0021,-0.0068,,,,,,,,,,,,,,0.0009,0.0004,-0.0048,-0.0062,-0.0034,-0.001,-0.0012,0.0005,0.003,0.0021,0.0014
2018-02-11,53.2562,158.8297,E,0.0872,0.0789,0.0645,0.0498,0.036,0.0139,0.0043,-0.0015,-0.0044,-0.004,-0.0026,-0.0027,,,,,,0.0005,0.0017,0.0025,0.003,0.0039,0.0041,0.0036,-0.0003,-0.0003,0.0004,-0.0003,-0.0007,-0.0007
2018-02-11,53.2562,158.8297,N,0.0723,0.0672,0.0605,0.0518,0.0411,0.0375,0.0263,0.0231,0.0241,0.0223,,0.0136,0.008,0.0029,0.0039,-0.0049,-0.007,-0.0111,-0.0085,-0.0092,-0.0078,-0.0065,-0.0054,-0.0035,-0.0019,-0.0002,0.0032,0.0039,0.0102,0.0108
2018-02-11,53.2562,158.8297,NE,,0.0711,0.0626,0.0526,0.0464,0.0395,0.036,0.0345,,0.0254,0.0197,,0.0069,-0.0007,-0.0046,-0.0066,-0.0093,-0.0108,-0.0101,-0.0098,-0.0096,-0.0089,-0.007,-0.004,-0.0033,-0.0018,-0.0018,-0.0003,0.0016,0.0024
2018-02-11,53.2562,158.8297,NO,,0.0036,0.0051,0.0023,-0.0095,,,-0.0053,,,,0.0099,0.0089,0.0147,,,,,,,,,,,,,,,,
2018-02-11,53.2562,158.8297,O,0.0953,0.0789,0.0648,0.0532,0.0456,,,,,,,,,,,,,,,,,,,,,,,,,
2018-02-11,53.2562,158.8297,S,0.0875,0.0775,0.0674,0.0371,0.0292,0.0218,0.0106,0.0077,0.0039,0.0018,0.0015,0.0008,-0.0008,-0.0005,-0.0024,-0.0026,-0.0018,-0.0025,-0.0019,-0.0011,-0.0016,-0.0018,-0.0005,-0.0019,-0.0012,-0.001,-0.001,-0.0013,0.0,-0.0004
2018-02-11,53.2562,158.8297,SE,,0.0771,0.0588,0.0355,0.0246,0.0169,0.0066,0.0033,0.0009,-0.0009,-0.0015,-0.0018,-0.0016,-0.0014,-0.001,-0.0002,-0.0006,-0.0004,-0.0012,-0.0008,-0.001,-0.0004,1e-04,0.0006,0.0007,1e-04,0.0002,0.0011,0.0009,0.0014
2018-02-11,53.2562,158.8297,SO,0.0716,0.0617,0.0451,0.0355,0.0182,0.0121,0.0062,0.0014,-0.003,-0.0037,-0.0053,,,0.0063,0.0059,,,,,-0.0042,-0.0009,-0.0013,-0.0017,0.0018,,,,,,
2018-06-04,53.2544,158.8423,E,,,,,,,,,,,,,,,,,,,,,,0.0095,0.0053,0.0022,0.0012,0.0012,0.0012,-0.0031,-0.0033,-0.0033
2018-06-04,53.2544,158.8423,N,-0.0028,-0.0024,-0.0056,-0.0054,-0.0048,,,,,,,,-0.0008,0.0031,0.0038,0.0076,0.0079,-0.004,-0.0039,1e-04,-0.0056,0.0003,-0.0012,0.0011,0.0009,0.0006,-0.0012,-0.0016,0.0027,0.0032
2018-06-04,53.2544,158.8423,NE,0.0666,,,,,,,,,,,,,,,,,,,,,,0.0,-0.0028,-0.0027,-0.0028,-0.0022,-0.0003,0.001,0.0008
2018-06-04,53.2544,158.8423,NO,,0.1503,0.1529,0.1492,0.166,0.1409,,,,,,,,,,,,0.0291,0.0171,0.0049,0.0026,0.0027,0.0015,-1e-04,0.0009,0.0014,-0.0015,-0.0045,-0.0089,-0.0074
2018-06-04,53.2544,158.8423,S,0.0369,0.0309,0.0288,,,,,,,,,,,,,,,,,,,,,,,,,,,
2018-08-22,53.2527,158.8311,E,0.1082,0.0692,0.0536,0.0369,0.024,,0.0449,-0.0044,-0.0073,-0.0017,-0.0105,-0.0119,-0.0108,-0.0086,0.0254,0.0164,0.0031,-0.0032,-0.0512,-0.0516,-0.0521,-0.0521,,,,,,,,-0.0575
2018-08-22,53.2527,158.8311,N,,,,,,,,,,,,,,,,,0.026,0.0248,0.0259,0.0269,0.0256,0.0217,0.0157,0.0118,0.0058,0.0016,0.0121,-0.0055,-0.0313,-0.0465
2018-08-22,53.2527,158.8311,NE,,,,,,,,0.0208,,,,0.0147,0.0131,0.0109,0.0116,0.0164,0.0478,0.0007,-0.0132,-0.02,-0.0167,-0.0139,-0.0115,-0.0086,-0.0054,-0.0024,0.0006,0.004,0.007,0.0103
2018-08-22,53.2527,158.8311,NO,,,,,-0.0126,-0.0177,-0.0197,-0.0158,-0.0139,-0.0113,-0.0126,-0.0123,0.0055,0.0097,0.0204,0.0192,0.0192,0.0107,0.0151,0.0115,0.0075,0.0095,-0.0232,-0.0168,-0.0067,-0.0053,0.0139,0.014,-0.0177,-0.0282
2018-08-22,53.2527,158.8311,O,-0.0003,0.0048,0.0007,-0.0431,-0.0529,-0.0598,-0.056,-0.0404,-0.0515,-0.0199,-0.0023,0.0034,0.0107,0.0066,0.0054,0.0086,0.0096,0.0018,0.0054,0.0041,0.0091,0.0152,0.0193,0.0226,0.0142,0.0182,0.0184,0.0204,-1e-04,-0.0061
2018-08-22,53.2527,158.8311,S,0.0759,0.0758,,0.0767,0.0766,0.0782,0.0536,0.055,0.0425,0.0395,0.0343,0.0194,0.0108,0.0126,0.0132,0.0144,0.0146,0.0168,0.0227,0.0218,0.0303,0.0247,0.0336,0.0181,0.0053,-0.0213,-0.0292,-0.0454,-0.052,-0.0556
2018-08-22,53.2527,158.8311,SE,,0.0526,0.0623,0.0592,0.0373,0.0627,0.044,0.0114,0.0113,-0.0014,0.0069,0.0178,0.0068,-0.0011,-0.0076,-0.0112,-0.0062,0.0016,0.0067,0.0129,0.0147,0.0136,0.0107,-0.0082,0.0011,-0.0077,-0.0062,-0.0104,-0.0092,-0.0134
2018-08-22,53.2527,158.8311,SO,0.0311,0.0298,0.0371,0.0369,0.0336,0.0273,0.0237,0.017,0.0163,0.0137,0.0115,0.0111,0.0091,0.0072,0.0027,-0.001,-0.0048,-0.0088,-0.0101,-0.0106,-0.006,0.0002,0.002,0.0061,0.0132,0.0181,0.015,0.017,0.0106,0.0108
2018-10-25,53.2546,158.8365,E,0.1003,,0.0898,0.0773,0.0667,0.0527,0.0369,0.027,0.0136,0.0076,0.0016,-0.0004,-0.0032,-0.0039,-0.0028,-0.0036,-0.0035,-0.0032,-0.0031,-0.0029,-0.0026,-0.0023,-0.0021,-0.0018,-0.0015,-0.0013,-0.0009,-0.0005,0.0003,0.0002
2018-10-25,53.2546,158.8365,N,0.043,0.0344,0.0257,0.0126,0.0066,0.0021,-0.002,-0.0035,-0.0086,-0.0049,-0.0044,-0.0043,-0.0007,0.0015,0.0039,0.0032,0.003,0.0033,0.0024,0.002,0.0027,0.0005,-0.0006,-0.0008,-0.0019,-0.0019,-0.001,-0.0004,0.0003,0.0021
2018-10-25,53.2546,158.8365,NE,,0.0733,0.0549,0.0502,0.0333,0.0235,0.0167,0.011,0.0041,0.0087,0.0026,0.0058,-1e-04,0.0029,0.0044,-0.0005,-0.0033,-0.0038,-0.0052,-0.0047,-0.0087,-0.0031,-0.0059,-0.0049,-0.0029,-0.003,0.0002,-0.0,0.0017,0.0013
2018-10-25,53.2546,158.8365,NO,,,,,0.0297,,,,,,,,,,0.0086,0.0104,0.0078,0.006,0.0044,0.0038,0.002,0.0076,0.0072,0.0076,0.0059,0.0043,-0.0035,-0.0031,-0.0024,-0.0032
2018-10-25,53.2546,158.8365,O,0.0203,0.02,0.0237,0.0213,0.009,0.0138,0.0156,,,,,,-0.0034,-0.0028,-0.0014,1e-04,0.0,0.0022,0.0025,0.0029,0.002,0.0009,0.0008,-0.0011,-0.0006,-0.0004,-0.0007,0.0004,0.0015,0.0014
2018-10-25,53.2546,158.8365,S,,0.0443,0.044,0.0152,0.0065,-0.0013,-0.008,-0.0095,-0.015,-0.0141,-0.012,-0.0073,0.0041,0.0109,0.0286,0.0162,0.0098,0.0184,0.0101,-0.003,-0.0076,-0.0129,-0.0108,-0.0137,-0.0112,-0.0124,-0.0075,-0.0102,-0.0076,-0.0077
2018-10-25,53.2546,158.8365,SE,,,0.0443,0.0264,0.0085,0.0049,-0.0008,-0.0029,-0.0044,-0.0057,-0.0028,0.0022,0.0087,0.0142,0.0211,0.0157,0.0096,0.0026,-0.0064,-0.0093,-0.0121,-0.011,-0.0095,-0.0063,-0.003,1e-04,0.0025,0.0052,0.008,0.0115
2018-10-25,53.2546,158.8365,SO,,0.0095,0.0115,0.0163,0.0096,0.0085,0.0014,0.0016,-0.0115,-0.009,-0.0088,-0.0067,-0.004,-0.0011,-0.0015,-0.0008,0.0011,0.0044,0.0039,0.0007,0.0023,0.0015,-0.0006,-0.0003,0.0008,0.0015,0.0017,-0.0059,-0.0095,-0.0099
2018-11-10,53.2552,158.836,E,,0.0502,,,0.0203,0.0167,0.0112,0.0051,0.002,0.001,0.0008,-0.0003,-0.0007,-0.0008,-0.0007,-0.0002,0.0003,0.0008,0.0008,0.0002,0.0005,0.0005,0.0007,0.0009,-0.0004,0.0003,-0.0011,-0.0022,-0.0025,-0.0031
2018-11-10,53.2552,158.836,N,,,,,,,,,,,,,,-0.0019,0.0015,0.0032,0.005,0.007,0.0055,,,-0.0008,-0.0015,,,-0.0013,-0.0012,-0.0007,-0.0005,-0.0005
2018-11-10,53.2552,158.836,NE,0.0511,,,0.0177,0.0145,0.0055,-0.0002,-0.0026,-0.0045,-0.0054,-0.0028,-0.0005,0.0023,-0.0008,0.002,-0.0009,-0.0011,0.0004,1e-04,0.0006,0.0015,0.0024,-0.0022,-0.0022,-0.0025,-0.0007,-0.002,-0.0037,-0.0035,
2018-11-10,53.2552,158.836,S,,,,,,,,,,,,0.0009,0.0047,0.0071,0.0114,0.0139,0.011,0.0061,-0.0077,-0.012,-0.0123,-0.0133,-0.0105,-0.0069,-0.0052,-0.0046,-0.001,0.0031,0.0065,0.0105
2018-11-10,53.2552,158.836,SE,0.0499,,,,,,,0.0019,0.0038,0.0113,0.0124,0.0108,0.0113,0.0101,0.0028,-0.0015,-0.0073,-0.0101,-0.0104,-0.0112,-0.0106,-0.0089,-0.0083,-0.0062,-0.0048,-0.0029,-0.0,0.0034,0.0075,0.0102
2019-02-22,53.2519,158.8369,E,,0.165,0.1613,0.1289,0.116,0.101,0.0868,0.0698,0.0571,0.0562,0.0482,0.0413,0.0397,0.0352,0.0114,-0.0085,-0.0094,-0.0073,-0.0201,-0.019,-0.0182,-0.017,-0.0153,-0.0186,-0.0101,-0.0041,-0.0006,0.0037,0.0049,0.0069
2019-02-22,53.2519,158.8369,N,0.0644,0.0549,0.0288,0.0192,0.0165,0.019,0.0136,0.0128,0.017,0.022,0.0228,0.0283,0.0276,0.0314,0.0235,0.02,0.0156,0.0134,0.0118,0.0089,0.0012,0.0063,0.0005,-0.002,-0.0072,-0.005,-0.0074,-0.0076,-0.012,-0.0179
2019-02-22,53.2519,158.8369,NE,0.1299,0.0929,0.0621,0.0484,0.0442,0.0444,0.0448,0.0388,0.0312,0.0229,0.0184,0.01,0.004,0.0019,-0.0,0.0028,0.0038,0.0052,0.0054,0.006,0.0064,0.0105,0.0148,0.005,0.0042,-0.0005,-0.0026,-0.0038,-0.0043,-0.0048
2019-02-22,53.2519,158.8369,NO,,0.0143,0.0187,-0.0071,0.0004,0.0013,0.0062,0.0062,0.0136,0.0196,0.0227,0.0242,0.0207,0.0172,0.009,0.0004,-0.0037,-0.0103,-0.0076,-0.0126,-0.0147,-0.0059,-0.0051,-0.0042,-0.0036,-0.0059,-0.0082,-0.0087,-0.0149,-0.0186
2019-02-22,53.2519,158.8369,O,0.0074,-0.0115,-0.0088,-0.0122,-0.0106,-0.0166,-0.0225,-0.0211,-0.0164,-0.0088,0.0054,0.0087,0.0108,0.0068,0.0021,-0.0057,-0.0089,-0.0145,-0.0082,-0.01,-0.007,-0.0065,-0.006,-0.0032,-0.0034,-0.0014,0.0003,-0.0016,-0.0016,-0.002
2019-02-22,53.2519,158.8369,S,,0.0914,0.0861,0.0753,0.0605,0.053,0.0457,0.0341,0.0283,0.0209,0.0151,0.0126,0.0082,0.014,0.0144,0.0117,0.0278,0.0212,0.0223,0.0168,0.0099,0.0095,-0.0087,-0.0071,-0.0171,-0.0115,-0.0238,-0.0159,-0.0282,-0.0326
2019-02-22,53.2519,158.8369,SE,0.1673,0.1333,0.1181,0.1014,0.0847,0.0711,0.0583,0.051,0.0396,0.0251,0.014,-0.0082,-0.0261,-0.0311,-0.0231,-0.0225,-0.0227,-0.019,-0.019,-0.0073,0.0062,0.019,0.0217,0.017,0.0183,0.0065,-0.0043,-0.0119,-0.0121,-0.008
2019-02-22,53.2519,158.8369,SO,0.0706,0.0422,0.0489,0.0505,0.0454,0.04,0.0229,0.0256,0.0215,0.0196,0.0185,0.0162,0.015,0.0148,0.0129,0.0015,-0.0049,-0.0063,-0.011,-0.0143,-0.0116,-0.0074,-0.0052,-0.0074,-0.0051,-0.0019,0.0013,0.0009,-0.0005,0.0052
2019-03-02,53.2562,158.8293,E,,0.1209,0.1043,0.0862,0.0656,0.0448,0.028,,,,,,,0.0022,1e-04,-0.0002,-0.0003,0.0,0.0005,-1e-04,1e-04,0.0009,0.0007,-0.0003,-0.0006,-0.0006,-0.0005,-0.0004,-0.0004,-0.0004
2019-03-02,53.2562,158.8293,N,,0.0721,0.0597,0.0553,0.0406,0.0342,0.0266,0.0174,0.0188,0.0193,0.0178,0.0142,0.0117,0.0184,0.0234,0.0314,-0.0025,-0.0185,-0.0272,-0.0256,-0.0247,-0.0192,-0.0159,-0.0081,-0.0044,0.0031,0.0048,0.0112,0.0124,0.0273
2019-03-02,53.2562,158.8293,NE,0.1038,0.0963,0.0873,0.0761,0.0679,0.055,0.0452,0.0396,0.0376,0.0317,0.0124,0.0072,-0.0091,-0.0116,-0.0139,-0.0142,-0.014,-0.0149,-0.0139,-0.0116,-0.0085,-0.0069,-0.0053,-0.0055,-0.0037,-0.0025,-0.0009,0.0009,0.0027,0.0063
2019-03-02,53.2562,158.8293,NO,-0.02,-0.0043,-0.0037,0.0008,-0.0319,-0.0314,,,,,,-0.0041,0.0016,0.0073,0.0122,,,,,,,,,,,,,,,
2019-03-02,53.2562,158.8293,O,0.1312,0.1143,0.0935,0.0774,0.0677,0.0692,,,,,,,,,,,,,,,,,,,,,,,,
2019-03-02,53.2562,158.8293,S,0.0989,0.0877,0.068,0.0495,0.0412,0.0301,0.0234,0.0168,0.0099,0.0064,0.0032,-0.0019,-0.0028,-0.0045,-0.0066,-0.0057,-0.0067,-0.0049,-0.0041,-0.004,-0.004,-0.004,-0.0043,-0.0037,-0.0025,-0.0017,-0.0004,0.0011,0.0025,0.0028
2019-03-02,53.2562,158.8293,SE,0.126,0.099,0.0718,0.053,0.0393,0.0266,0.0173,0.0113,0.0101,0.0064,0.0045,0.0013,-0.0,-0.0,-0.0012,0.0008,-0.0003,-0.0004,1e-04,-0.0002,-0.0011,-0.0014,-0.0012,-0.0016,-0.0007,-0.0005,0.0015,0.0022,0.0028,0.003
2019-03-02,53.2562,158.8293,SO,,0.0721,0.0488,0.024,0.0163,0.0051,1e-04,-0.0033,-0.0036,-0.0005,-0.0024,0.0051,0.0038,0.006,0.0069,,-0.0068,-0.007,-0.0062,-0.0023,-0.0035,-0.0027,-0.0016,,0.0554,0.0552,,,,
2019-07-16,53.2568,158.8293,E,,0.1668,0.1354,,0.0451,0.0285,0.0076,-0.0009,-0.0009,-0.0031,-0.001,-0.001,-0.0011,-0.0011,-0.0054,-0.0054,-0.0076,-0.0013,-0.0099,-0.0141,-0.0142,-0.0143,-0.0144,-0.0163,-0.0145,-0.0145,-0.0145,-0.0145,-0.0124,0.0422
2019-07-16,53.2568,158.8293,N,,,,,0.0794,0.0754,0.0515,0.0397,0.0458,0.0298,0.0328,-0.0107,-0.0259,-0.0257,-0.0294,-0.0315,-0.028,-0.023,-0.0211,-0.0165,-0.0086,-0.0064,0.0092,0.0333,-0.0076,0.0013,-0.0117,-0.0092,-0.0079,-0.0114
2019-07-16,53.2568,158.8293,NE,0.2054,0.1822,0.1554,0.1301,0.1334,0.037,0.0205,0.0202,0.008,-0.001,-0.0021,-0.0047,-0.0048,-0.0039,-0.0013,-0.0027,-0.0014,-0.0021,1e-04,-0.0019,-0.0027,-0.0019,-0.0011,-0.0008,-0.0005,0.0002,0.0008,0.0004,-1e-04,0.0008
2019-07-16,53.2568,158.8293,NO,,,,,,-0.0065,0.0115,0.0245,0.0074,0.0259,0.0201,,,,,,,,,,,,,,,,,,,
2019-07-16,53.2568,158.8293,S,0.2257,0.2074,,0.1476,0.1306,0.1038,0.0884,,,,,-0.0043,,,,,,,,,,,,,,,,,,
2019-07-16,53.2568,158.8293,SE,0.1351,0.1002,0.0704,,-0.0035,0.0059,-0.0012,0.0075,0.0096,0.0265,0.0404,0.0297,0.0143,-0.0133,-0.016,-0.0282,-0.0403,-0.0307,-0.0468,-0.0372,-0.0419,-0.0286,-0.0231,-0.0155,-0.0115,-0.0062,0.0061,0.0256,0.0377,0.0277
2019-07-25,53.2522,158.8369,E,,0.1395,0.1266,0.1074,0.0854,0.0665,0.0487,0.0329,0.0118,-0.001,-0.0038,,,,,,,,,,,,-0.0085,0.0052,-0.0014,-0.0229,,,,
2019-07-25,53.2522,158.8369,N,0.0046,0.0027,0.0107,,,,,,,,,,,,,,,,,,,0.0358,0.052,0.0207,-0.0094,-0.0127,-0.0105,-0.0204,-0.0182,
2019-07-25,53.2522,158.8369,NE,0.1121,0.0991,0.0835,0.0623,0.0449,,,,,,,,,,,,,,,,,,,0.0157,0.0041,0.009,,,,
2019-07-25,53.2522,158.8369,NO,,-0.0344,-0.0264,-0.0199,-0.0113,-0.0069,-0.0034,-0.0147,-0.0131,-0.0045,0.0059,0.0265,0.0403,0.0446,0.0448,0.0307,-0.0451,-0.0445,-0.0355,-0.0395,-0.0374,-0.0383,,,,,,,,
2019-07-25,53.2522,158.8369,O,0.0133,0.0141,0.0114,0.0084,-0.001,-0.008,-0.0031,-0.0093,-0.0056,-0.0046,-0.0081,,,,,,,,,,,,0.0032,-0.0104,-0.0087,-0.015,-0.0173,-0.0204,-0.0206,-0.0155
2019-07-25,53.2522,158.8369,S,,0.0797,0.0734,0.0644,0.035,0.0218,0.0239,-0.0009,-0.0038,0.0117,-0.002,-0.043,,-0.067,-0.0662,,0.0283,0.0494,0.0478,0.0495,0.0522,0.0526,0.0375,0.0138,0.0141,-0.0124,-0.0142,-0.0264,-0.0151,-0.0123
2019-07-25,53.2522,158.8369,SE,0.1763,0.1601,0.1495,0.1367,0.1255,0.0871,0.0723,0.0722,0.0588,0.0375,-0.0024,-0.0427,,,,,,,-0.0422,-0.0346,-0.0224,-0.014,0.0185,,-0.0045,,,,,
2019-07-25,53.2522,158.8369,SO,0.0626,0.0613,0.0583,0.0598,0.0557,0.0374,0.009,0.0193,0.0118,0.011,0.0055,-0.002,-0.0278,-0.0621,,,,,,,,,,0.0229,0.0137,-0.0041,-0.0295,-0.025,0.0008,0.0196
2019-09-27,53.253,158.8356,E,,0.1172,,0.1118,,,,,,,,,,,,,0.0075,0.0025,0.0016,0.0018,0.0016,0.0002,-0.0016,-0.0029,-0.0012,-0.0026,-0.0017,-0.0014,-0.0035,-0.0041
2019-09-27,53.253,158.8356,N,,,-0.0043,-0.0077,-0.0116,-0.0095,-0.0072,-0.0046,0.0037,0.0102,,,0.0019,-0.0002,0.0055,0.013,0.0093,0.0071,0.017,0.0008,-0.0176,-0.0114,-0.0208,-0.0093,,,,0.0012,0.0047,-0.0025
2019-09-27,53.253,158.8356,NE,0.1038,,0.0766,0.079,,,,,,,,,,,,,,-0.0046,-0.0014,0.0002,-0.0014,1e-04,0.0021,-0.001,0.0003,0.0007,-0.0004,0.0012,-0.0045,-0.0079
2019-09-27,53.253,158.8356,NO,,-0.01,,,,-0.0203,-0.0199,-0.0198,-0.0154,-0.0096,-0.0074,-0.0035,-0.0031,0.0009,0.0053,0.0092,0.0131,0.0098,0.0063,0.0059,0.003,0.0029,-0.0003,-0.0004,-0.0045,-0.0041,-0.0043,-0.0044,-0.0117,-0.0077
2019-09-27,53.253,158.8356,O,,,-0.009,-0.0064,,-0.0072,-0.0086,-0.0071,-0.0035,-0.0007,0.0013,0.0039,0.0038,0.0058,0.002,0.0013,-0.0069,-0.01,0.0026,-0.0021,,,,,,,,,,-0.0062
2019-09-27,53.253,158.8356,S,,0.0372,,,0.018,0.0213,0.0213,0.0174,0.0216,0.004,0.0104,0.0069,0.0102,0.0153,0.0157,0.0119,0.0145,0.0089,-0.0236,-0.0235,-0.0231,-0.0227,-0.0222,-0.0181,-0.0176,-0.0113,-0.0088,-0.0067,-0.0003,0.0045
2019-09-27,53.253,158.8356,SE,0.1077,0.0828,,,,0.0483,0.0432,0.0254,0.011,0.0132,0.0155,0.0238,0.0294,0.031,0.0238,0.0254,0.0223,,,,-0.0139,-0.013,-0.0115,-0.0098,-0.0078,-0.0063,-0.0007,1e-04,0.0027,0.0044
2019-09-27,53.253,158.8356,SO,,,0.0133,0.0122,0.0123,0.0089,0.0076,0.0035,0.0023,0.0034,-0.0043,-0.0051,-0.0031,-0.0063,-0.0042,-0.0026,-0.0006,-0.0036,-0.0005,0.0037,0.0041,0.0048,0.0006,-0.0004,-0.0047,,,,,
2019-10-20,53.2533,158.8356,E,,0.1048,0.0893,0.069,0.0463,0.0668,0.0603,0.0411,0.0393,0.0263,0.0155,0.0151,0.0074,-0.0047,-0.0126,-0.0117,-0.0122,-0.0108,-0.0121,-0.0101,-0.009,-0.0074,-0.0058,-0.0042,-0.0021,-0.0015,-0.0007,0.001,0.0026,0.0067
2019-10-20,53.2533,158.8356,N,0.0659,0.0662,0.0341,0.0096,0.0042,0.0051,0.0007,0.0053,0.0091,0.0133,0.0155,0.0218,0.0102,0.0165,-0.001,0.0058,-0.0033,0.0047,-0.0031,-0.0022,0.002,0.0028,0.0035,0.0022,-0.0036,-0.0103,-0.0101,-0.0118,-0.0095,-0.0091
2019-10-20,53.2533,158.8356,NE,0.1053,0.0947,0.0706,0.0559,0.0465,0.0365,0.0304,0.0268,0.0242,0.0195,0.0111,0.0,-0.003,-0.0015,0.0021,0.0128,0.0012,0.0042,0.0002,-0.0009,-0.0171,-0.014,-0.0087,-0.0108,-0.0116,-0.0042,-0.0048,-0.005,0.0032,0.0014
2019-10-20,53.2533,158.8356,NO,,0.0425,0.0097,-0.0045,-0.0056,-0.0031,-0.0065,-0.0066,-0.0095,-0.0072,-0.0091,-0.0072,-0.0075,-0.0046,-0.0012,0.0006,0.0033,0.0021,0.0016,0.0036,0.0034,0.0024,0.0027,0.0009,-0.0047,-0.006,-0.0029,-0.0034,-0.0014,-0.0053
2019-10-20,53.2533,158.8356,O,0.0465,0.0126,-0.0035,-0.0088,-0.0065,,-0.0012,0.0004,-0.0005,-0.0016,-0.0025,-0.0011,-0.0003,-0.0,-0.0034,0.0011,0.0012,-0.0,0.0012,0.003,0.003,0.0032,0.0037,-0.0002,-0.0015,-0.003,-0.0036,-0.0041,-0.005,-0.0056
2019-10-20,53.2533,158.8356,S,,0.0501,0.0387,0.0388,0.032,0.0279,0.0241,0.024,0.02,0.0046,0.0083,0.0154,0.0194,0.0266,0.0242,0.0181,-0.0052,-0.0097,-0.014,-0.0173,-0.0188,-0.0036,-0.0151,0.0035,-0.0193,0.0028,-0.0011,-0.0013,0.0019,0.0015
2019-10-20,53.2533,158.8356,SE,0.104,0.0671,0.059,0.0452,0.0463,0.0149,0.0047,-0.0056,-0.0094,-0.0059,-0.0095,-0.0097,-0.0054,0.0024,0.0105,0.0213,0.0299,0.019,0.011,-0.0026,-0.0008,-0.0126,-0.0127,-0.0134,-0.0116,-0.0089,-0.0067,-0.001,0.002,0.0088
2019-10-20,53.2533,158.8356,SO,0.061,0.0327,0.0198,0.0147,0.0192,0.0153,0.0063,0.0076,0.0076,0.0053,0.002,-0.0025,-0.0068,-0.0061,0.0008,-0.0012,-0.0006,0.0,0.001,0.0028,0.0049,0.0037,0.0048,0.0045,0.0014,0.0017,0.0022,-0.0002,-0.0003,-0.0074
2020-03-20,53.2568,158.8302,E,,,,,,,,,,,,,,-0.0016,-0.0013,,,,0.0006,-0.0006,-0.0014,-0.0023,-0.0027,-1e-04,0.0011,0.0021,0.0048,,,
2020-03-20,53.2568,158.8302,N,0.0508,0.0508,,,,,,,,,,,,,,,,,,,,,,,,,,,,
2020-03-20,53.2568,158.8302,NE,0.0443,,,0.029,,,,,,,,,,,,,,-0.0,,,,,,,,,,,,
2020-03-20,53.2568,158.8302,S,0.0512,0.0482,0.0482,,,,,,,,,,,,,,,,,,,,,,,,,,,
2020-03-20,53.2568,158.8302,SE,0.0692,,,,,,,,,,0.0031,0.0021,0.0005,-0.001,-0.0016,-0.0024,-0.0008,-0.0006,,,-0.0014,-0.0052,1e-04,0.0027,0.0026,0.0017,0.0045,,,
2020-04-05,53.2517,158.8374,E,,0.0125,0.0048,-0.0037,0.0137,0.0387,0.0423,0.0389,0.0236,0.0305,0.0332,0.0167,0.0121,0.0118,0.0057,-0.0159,-0.023,-0.0276,-0.0221,,,,,,,,,,,
2020-04-05,53.2519,158.8387,E,,,,,,,,,,,,,,,,,,,,-0.0035,0.0094,0.0048,0.0004,-0.0042,-0.0063,-0.0079,-0.0085,-0.008,-0.0073,-0.006
2020-04-05,53.2517,158.8374,N,0.0272,,,0.0258,0.0562,0.0611,0.0277,,0.0205,0.0209,,0.0134,0.0267,0.0105,0.0095,0.011,0.0115,0.014,0.0175,-0.0005,0.0012,-0.0046,-0.0089,-0.0013,-0.0065,-0.0136,-0.0066,-0.0062,-0.0173,-0.0226
2020-04-05,53.2518,158.838,N,,0.0182,0.0247,,,,,,,,0.0137,,,,,,,,,,,,,,,,,,,
2020-04-05,53.2519,158.8387,N,,,,,,,,0.0159,,,,,,,,,,,,,,,,,,,,,,
2020-04-05,53.2517,158.8374,NE,,0.089,,0.0723,0.08,0.0759,0.0714,0.0657,0.0597,0.0448,0.0337,0.0067,-0.0063,-0.0293,-0.0297,-0.0243,-0.021,-0.018,0.0022,0.006,0.0041,-0.0037,-0.0052,-0.0127,-0.0104,-0.0213,-0.0283,-0.0314,-0.0308,-0.0341
2020-04-05,53.2518,158.838,NE,0.0854,,0.0596,,,,,,,,,,,,,,,,,,,,,,,,,,,
2020-04-05,53.2517,158.8374,NO,,,,,,,,,,,,,,,,,,0.0122,0.0118,0.015,0.0144,0.0147,0.0035,0.0046,-0.0063,-0.0068,-0.0099,-0.0149,-0.0162,-0.0161
2020-04-05,53.2518,158.838,NO,0.0459,0.0367,,,,,,,,,,,,,,,,,,,,,,,,,,,,
2020-04-05,53.2519,158.8387,NO,,,0.0279,0.0267,0.024,0.0203,0.0163,0.0131,0.0087,,,,,,,,,,,,,,,,,,,,,
2020-04-05,53.2517,158.8374,O,,,,,,,,,,,,,,0.0025,0.0034,-0.0009,-0.0034,-0.0031,0.0003,-0.0021,0.0019,0.0028,0.0034,0.0031,0.0038,0.0037,0.0,-0.0035,-0.0023,-0.0096
2020-04-05,53.2518,158.838,O,0.0459,,,,,,,,,,,,,,,,,,,,,,,,,,,,,
2020-04-05,53.2519,158.8387,O,,,-0.0122,-0.0097,-0.0081,-0.0056,-0.0018,0.0022,-0.0008,-0.0002,-0.0042,-0.0066,,,,,,,,,,,,,,,,,,
2020-04-05,53.2517,158.8374,S,0.1439,0.1452,,0.0742,0.0553,0.0395,0.0346,0.031,0.0194,0.0194,0.0156,0.029,0.0293,0.0259,0.0269,0.028,0.0249,0.0199,0.0061,0.0024,0.0074,-0.016,-0.0188,-0.0242,-0.0251,-0.0277,-0.0295,-0.0298,-0.0165,
2020-04-05,53.2518,158.838,S,,,0.0993,,,,,,,,,,,,,,,,,,,,,,,,,,,
2020-04-05,53.2519,158.8387,S,,,,,,,,,,,,,,,,,,,,,,,,,,,,,,-0.0073
2020-04-05,53.2517,158.8374,SE,,,0.1041,0.0899,0.0832,0.0736,0.091,0.0603,0.0431,0.0307,0.0202,0.0113,0.0025,-0.0093,-0.0155,-0.0167,-0.0158,-0.013,-0.0159,-0.0143,-0.0137,-0.0048,-0.0016,0.0007,0.0059,0.0021,-0.0038,-0.0049,-0.0055,-0.0064
2020-04-05,53.2518,158.838,SE,0.1686,0.1345,,,,,,,,,,,,,,,,,,,,,,,,,,,,
2020-04-05,53.2517,158.8374,SO,,0.0715,,,,,,,,,,,,0.0266,0.0377,0.0435,0.0116,0.0105,-0.0186,-0.0236,-0.0231,-0.0204,-0.016,-0.0151,-0.0107,-0.0102,-0.0081,-0.004,0.0002,0.0002
2020-04-05,53.2519,158.8387,SO,,,0.0488,0.0568,0.0469,0.0338,0.0229,,,,,,,,,,,,,,,,,,,,,,,
2020-05-23,53.2562,158.8302,E,,0.1834,0.1476,0.1298,0.1089,0.0419,0.0543,0.032,0.0147,0.0069,0.0057,0.0046,0.0037,0.0021,0.0008,-0.0004,-0.0016,-0.0029,-0.0035,-0.0045,-0.0058,-0.0074,-0.009,-0.009,-0.0065,-0.0046,-0.0006,0.0028,0.0068,0.0099
2020-05-23,53.2562,158.8302,N,0.1181,0.1179,0.0493,0.0363,0.0315,0.0121,0.0087,0.0013,0.0037,0.007,0.0097,0.0144,0.0089,-0.0058,-0.0146,-0.0113,-0.0253,-0.0151,-0.0105,-0.0102,-0.004,-0.0052,-0.0065,-0.0029,0.0004,-0.0045,0.0058,0.007,0.0103,0.0112
2020-05-23,53.2562,158.8302,NE,0.1721,0.1398,0.1164,0.1003,0.0851,0.0776,0.055,0.0378,0.0185,0.005,0.004,-0.0026,-0.0035,-0.0046,-0.0058,-0.0055,-0.0056,-0.0051,-0.0058,-0.0053,-0.0048,-0.0049,-0.0033,-0.003,-0.0009,0.0016,0.0036,0.0053,0.0072,0.0092
2020-05-23,53.2562,158.8302,NO,,0.0705,0.0434,0.02,0.0063,-0.0011,-0.0062,-0.0053,-0.0036,-0.0022,0.0038,0.0002,0.0103,0.0047,,,,,,-0.0071,-0.0083,-0.0047,-0.0017,0.0033,-0.0024,-0.0014,0.001,0.002,0.0005,0.0049
2020-05-23,53.2562,158.8302,O,0.0717,0.0759,0.0313,0.0051,-0.0111,-0.0148,-0.0096,-0.0042,0.0013,0.004,0.0126,0.0215,0.022,0.0165,0.0136,0.0127,0.0053,-0.0022,-0.0143,-0.0135,-0.0094,-0.0075,-1e-04,0.001,,,,,,
2020-05-23,53.2562,158.8302,S,0.1481,0.1354,0.123,0.0992,0.0542,0.0407,0.0228,0.0089,0.0089,0.0083,0.009,0.0078,0.0074,0.0038,0.003,0.0015,0.0018,-0.0017,-0.0021,-0.0039,-0.0028,-0.0025,-0.0015,-0.0004,-0.0005,0.0003,0.0012,0.0016,0.0027,0.0033
2020-05-23,53.2562,158.8302,SE,0.1922,0.1646,0.1381,0.0977,0.0777,0.0542,0.0249,0.0146,0.0066,0.0046,0.003,0.0011,-0.0003,-0.0021,-0.0014,-0.0029,-0.003,-0.004,-0.0034,-0.0035,-0.0032,-0.0028,-0.0025,-0.0015,-0.0008,-0.0004,0.0011,0.0023,0.0034,0.0043
2020-05-23,53.2562,158.8302,SO,0.1536,0.1597,0.1445,0.1029,0.0768,0.0489,0.0299,0.0204,0.0065,-0.0015,-0.0019,-0.0037,-0.013,-0.0124,-0.0091,-0.0039,0.0013,0.003,0.0006,0.0058,0.0223,0.0479,0.0333,0.0455,0.0379,0.027,0.0199,0.0214,0.0169,0.0077
2020-06-24,53.2533,158.8419,E,0.3179,0.2662,0.2363,0.1357,0.1127,,,,,,,,,,,,,0.0142,0.0103,0.0056,0.0022,1e-04,-0.0017,-0.0014,-0.001,-0.0007,-0.0017,-0.0015,-0.0022,-0.0019
2020-06-24,53.2533,158.8419,N,0.1249,0.125,0.1255,0.1362,0.0083,0.0138,-0.0546,-0.0264,-0.0543,-0.0299,-0.0257,0.0084,-0.0063,-0.027,-0.0181,-0.0115,-0.0115,-0.0085,0.0027,0.0027,0.0069,0.0118,0.0072,0.0167,0.0059,0.0055,-0.003,-0.0203,-0.0349,-0.0423
2020-06-24,53.2533,158.8419,NE,,0.3019,0.2984,0.1256,0.097,0.0629,0.0379,,,,,,,,,,,0.0195,0.0075,-0.004,-0.0071,-0.0076,-0.0081,-0.0044,-0.0031,-0.0059,-0.0044,-0.0029,-0.0022,-0.0019
2020-06-24,53.2533,158.8419,NO,,-0.0942,-0.0689,-0.0574,-0.0332,-0.024,-0.016,-0.0033,0.0166,0.0323,0.0546,0.0608,0.0565,0.0207,0.0218,-0.0081,0.0128,0.0146,0.0178,0.0245,0.023,0.02,0.0192,0.0136,-0.0094,-0.032,-0.0387,-0.045,-0.0573,-0.0786
2020-06-24,53.2533,158.8419,O,0.1925,0.2099,0.1914,0.1706,0.1273,0.0967,0.0582,0.0021,-0.0271,-0.0276,-0.0364,-0.0411,-0.0456,-0.0208,0.0832,0.1022,,,,,,,,,,,,,0.0413,0.0471
2020-06-24,53.2533,158.8419,S,0.2367,0.2351,,,,,,,,,,,,,,,,,,,,,-0.011,0.0058,-0.0073,0.0027,-0.0011,0.0135,0.0115,
2020-06-24,53.2533,158.8419,SE,,0.3236,0.2442,,,,,,,,,,,,,,,,,,,,0.0136,0.0071,0.005,-0.0037,-0.0039,-0.0048,-0.0047,-0.0044
2020-06-24,53.2533,158.8419,SO,,0.2272,0.2074,0.1843,,,,,,,,,,,,0.0795,0.0994,,,,-0.0003,-0.0012,0.0036,-0.0092,-0.0186,-0.0289,,,-0.0233,-0.0503
2020-10-14,53.2536,158.8365,E,0.0813,0.0702,0.0668,0.0673,0.0717,0.068,0.0644,,,,,,,,,,,,-0.0005,1e-04,0.0005,1e-04,-0.0003,-0.0008,-0.0011,-0.0017,-0.0024,-0.0029,-0.0034,-0.004
2020-10-14,53.2536,158.8365,N,0.0231,0.0168,0.0097,0.0033,0.004,0.0043,0.0021,-1e-04,-0.0012,0.0007,0.001,0.0004,-0.0004,0.0017,0.0012,0.0026,0.004,0.0036,0.0019,-0.0016,-0.0024,-0.0032,-0.0033,-0.0011,0.0017,0.0029,0.0038,0.002,-0.0022,-0.003
2020-10-14,53.2536,158.8365,NE,,0.0424,0.0326,0.0375,0.0277,0.0284,0.0236,0.023,0.0217,0.0207,0.0197,,,,,,,,,-0.0056,-0.0057,-0.0029,-0.0016,0.0005,0.0,-0.0005,-0.0009,-0.0012,0.0018,0.0015
2020-10-14,53.2536,158.8365,NO,,0.0183,0.0053,0.0026,0.0004,-0.0004,0.0012,0.0008,0.0015,0.0026,0.0027,0.0011,-0.0003,0.0005,0.0016,0.0011,-1e-04,0.0013,0.0026,0.0022,0.0024,-0.0004,-0.0039,-0.005,-0.0038,0.0004,0.0039,0.0033,-0.0013,-0.005
2020-10-14,53.2536,158.8365,O,0.0321,0.0063,-0.002,-0.0044,-0.0009,-0.0015,0.002,0.0019,0.0014,0.0007,-0.0036,-0.0041,-0.0006,-0.001,-0.0016,0.0018,,,,,,,,,,-0.0009,0.0005,0.0017,0.0016,0.0033
2020-10-14,53.2536,158.8365,S,,,,,,,,,,,,-0.0121,-0.0019,-0.0018,0.0205,0.0124,0.0124,0.0104,0.0102,0.0048,0.0073,0.0047,0.0044,0.0027,-0.005,-0.0058,,,,
2020-10-14,53.2536,158.8365,SE,,0.0646,0.0635,0.0584,0.0461,0.0297,0.0054,-0.0028,-0.0028,,,,,,,,,,,,,,,,,-0.0015,-0.0003,0.0009,0.002,0.0031
2020-10-14,53.2536,158.8365,SO,,,,,,,,0.0012,0.0011,-0.0031,-0.003,-0.0043,-0.0031,-0.0054,-0.0054,-0.0062,0.0014,0.0036,0.0033,0.0107,0.0168,0.0177,0.0113,,,,-1e-04,-0.0006,0.0022,-0.0059
2020-10-21,53.2533,158.836,E,,0.0814,0.0653,0.0569,0.0543,0.0472,,,,0.0343,0.0185,0.0188,0.0108,0.0069,-0.0067,-0.0059,-0.0104,-0.0094,-0.0092,-0.0092,-0.0079,-0.0069,-0.0059,-0.0049,-0.0043,-0.002,-0.0011,0.0006,0.002,0.0043
2020-10-21,53.2533,158.836,N,,0.033,0.0308,0.0253,0.0193,0.0191,0.0244,,,,,,,,,,0.0018,-0.0002,-0.0004,0.0033,0.0063,0.0061,0.006,0.0025,0.0018,0.0015,-0.0042,0.0013,-0.0024,-0.0024
2020-10-21,53.2533,158.836,NE,0.0698,0.055,0.0483,0.0447,0.0406,0.0314,0.028,,,,0.0061,0.0036,0.0014,0.0004,-0.0008,0.0054,0.0085,0.008,0.0048,0.0039,0.0028,0.0061,0.0052,0.0003,0.0004,-0.0016,-0.0012,-0.0004,0.0018,0.0022
2020-10-21,53.2533,158.836,NO,0.0197,0.0175,0.0148,0.0107,0.0082,0.0055,0.0029,0.0007,0.0034,0.0031,0.0027,0.0052,0.0053,0.0046,0.0036,0.0036,0.0045,0.0025,0.002,0.0052,0.0046,0.0007,-1e-04,0.0031,0.0026,0.0022,0.002,0.0013,0.0005,-0.0034
2020-10-21,53.2533,158.836,O,0.0196,0.0111,0.0069,0.0058,0.0052,0.0045,0.0005,-0.0005,0.0,0.0017,0.001,0.0002,-0.0004,-0.0,-0.0015,-0.0018,0.001,0.0008,0.0034,0.0022,-0.0,-0.0008,-0.0014,-0.0021,0.0035,0.0031,0.0024,0.0022,0.0016,-0.0026
2020-10-21,53.2533,158.836,S,0.0441,0.0443,0.0247,0.0216,0.0193,0.013,0.0071,-0.0008,0.0042,-0.0019,-0.0088,0.0036,0.0086,0.0207,0.0199,0.0192,0.0139,0.0092,0.0066,-1e-04,-0.0026,-0.004,-0.0089,-0.0037,-0.008,-0.0008,0.0008,0.0015,0.0019,-0.0007
2020-10-21,53.2533,158.836,SE,0.0783,0.0645,0.0457,0.0385,0.0275,0.0251,0.0126,0.0025,-0.0017,-0.0038,-0.0019,-0.0038,-0.0037,-0.0034,0.002,0.0085,0.0137,0.0147,0.0077,0.0017,-0.0013,-0.0051,-0.0079,-0.0093,-0.0068,-0.0058,-0.0041,-0.0024,0.0018,0.0047
2020-10-21,53.2533,158.836,SO,,0.0214,0.0155,0.0093,0.0084,0.0059,0.0062,0.0058,0.0024,0.0033,-0.0006,-0.0008,-0.0041,-0.0038,-0.0025,-0.001,0.0011,0.0062,0.0026,0.0009,-0.0013,-0.0006,0.0008,0.0016,-0.0021,-0.0023,-0.0024,-0.0018,-0.0004,-0.0011
2020-11-15,53.2549,158.8378,E,0.0774,0.0733,0.0498,0.0341,0.0258,0.0179,0.0137,0.0062,0.0057,0.0016,-0.002,-0.0015,-0.0013,-0.0015,-0.0012,-0.0008,-0.0005,-1e-04,-0.0002,-1e-04,-0.0005,-0.0002,,,,,,,,
2020-11-15,53.2549,158.8378,N,0.0179,0.0146,0.0136,0.0022,-0.0008,0.0021,-0.0046,-1e-04,0.0011,0.0016,0.0029,0.0036,0.005,0.0057,0.0024,0.0029,0.0008,0.0015,-0.0013,-0.0046,-0.0041,-0.003,-0.0025,-0.0018,0.0017,0.0023,0.0031,0.0062,0.0006,0.005
2020-11-15,53.2549,158.8378,NE,,0.0566,0.0439,0.0254,0.0263,0.0219,0.0192,0.0187,0.0062,0.0084,0.0016,0.0004,-0.0039,-0.0072,-0.0101,-0.0117,-0.0115,-0.0122,-0.0104,-0.0076,-0.0004,0.0006,0.0051,0.005,0.0047,0.0044,0.0047,0.008,0.0156,0.0194
2020-11-15,53.2549,158.8378,NO,,0.0064,0.0061,0.0059,0.0018,0.0015,0.0013,-0.0028,,-0.0074,,,,,,,,,0.0086,0.0044,0.0081,0.0077,0.0019,0.0033,0.0032,-0.0007,-0.0009,-0.0014,-0.0034,-0.0038
2020-11-15,53.2549,158.8378,O,-0.0027,-0.0047,,,,,,,,,,,,,0.0004,0.0004,-0.0035,0.0003,0.0002,0.0002,1e-04,1e-04,0.0002,0.0,-1e-04,-0.004,-0.0002,0.0,0.0036,0.0036
2020-11-15,53.2549,158.8378,S,,,,,,,,,,,,,,,,,,,,,,0.0213,0.025,0.0125,0.0017,-0.0046,-0.0053,-0.0104,-0.0075,-0.0081
2020-11-15,53.2549,158.8378,SE,,,,,,,,,,,0.0035,-0.0046,-0.0045,-0.0047,-0.0047,-0.0042,-0.0037,-0.0003,-1e-04,0.0002,0.0007,0.0012,0.0011,0.0014,0.0015,0.0019,-0.002,-0.0016,-0.0015,-0.0012
2020-11-15,53.2549,158.8378,SO,,,,,,,,,,,,,,,,0.0141,0.0105,0.0086,0.0016,0.0006,-0.0019,-0.0013,-0.0004,0.0022,0.001,-0.0005,-0.0016,-0.0024,0.0003,-0.0005
2021-03-14,53.2549,158.8365,E,0.0661,0.0544,0.0386,0.0266,0.0144,0.0103,0.0062,0.0062,0.002,0.002,-0.0022,-0.0022,,-0.0025,0.0017,-0.0024,-0.0025,-0.0026,-0.0025,-0.0025,-0.0025,-0.0006,-0.0026,-0.0027,-0.0027,-0.0027,-0.0027,0.0013,-0.0028,0.0013
2021-03-14,53.2549,158.8365,N,0.0181,0.0123,0.0044,-0.0015,-0.0015,-0.0035,-0.0015,-0.0014,-0.0053,-0.0053,-0.0012,0.0009,0.0029,0.003,0.003,0.0031,0.0031,0.0031,-0.0008,-0.0007,-0.0007,-0.0006,-0.0006,-0.0006,-0.0005,-0.0005,-0.0004,-0.0004,-0.0004,-0.0004
2021-03-14,53.2549,158.8365,NE,,0.0358,0.0299,0.018,0.0139,0.0079,0.0159,0.0078,-0.0004,0.0036,0.0015,0.0076,0.0076,0.0115,0.0195,-0.0131,-0.0132,-0.0092,-0.0092,-0.0092,-0.0093,0.0009,-0.0011,0.0029,-0.0012,-0.0012,-0.0012,-0.0012,-0.0012,-0.0013
2021-03-14,53.2549,158.8365,NO,,0.0144,0.0062,0.0018,-0.0021,-0.0026,-0.0029,-0.0033,-0.0038,-0.0038,-0.0006,-0.0009,-0.0011,-0.0006,0.0026,0.0028,0.0023,0.0018,0.002,0.0017,0.0013,0.001,0.0005,0.0002,-0.0005,-0.0034,-0.0006,-0.0006,-0.0005,-0.0009
2021-03-14,53.2549,158.8365,O,0.0286,0.0127,0.0083,0.0039,0.0075,0.0107,0.0141,0.007,0.0028,0.0013,0.0004,-0.0027,-0.0045,-0.0049,-0.0014,-0.0014,0.0017,-0.0014,0.0045,0.008,0.0035,0.0018,0.0004,-1e-04,0.0024,0.0019,0.0014,0.001,0.0005,0.0004
2021-03-14,53.2549,158.8365,S,0.0468,0.0328,0.0188,0.0026,-0.0015,-0.0015,-0.0016,-0.0015,-0.0015,-0.0016,-0.0056,-0.0053,-0.005,-0.0036,0.0015,0.0027,0.0071,0.0078,0.0015,-0.0074,-0.007,-0.0069,-0.0059,-0.0051,-0.0042,-0.0039,1e-04,0.001,0.0018,0.0023
2021-03-14,53.2549,158.8365,SE,,0.0292,0.0091,0.005,-0.0033,-0.0054,-0.0074,-0.0073,0.0009,-0.0033,0.0008,0.0054,0.0092,0.006,0.0063,0.0035,0.0006,-0.0009,-0.007,-0.0081,-0.0072,-0.0061,-0.0048,-0.0035,-0.0025,-0.0015,-1e-04,0.0008,0.0017,0.0026
2021-03-14,53.2549,158.8365,SO,,0.0386,0.015,0.0186,0.0186,0.0227,0.0244,0.0106,0.0047,0.01,0.0096,0.0051,0.0042,0.0042,0.0004,-0.0003,-0.0012,-0.0016,-0.0017,-0.0054,-0.0027,-0.0028,0.0009,-0.0025,-0.0008,-0.0011,-0.0014,0.0019,0.0019,0.0056
2021-09-15,53.2522,158.8392,E,0.1101,0.1067,0.1025,0.0978,0.0936,0.0888,0.0823,0.0733,0.0666,0.0581,0.0468,0.0375,0.0215,0.0103,0.0037,-0.0038,-0.0081,-0.0102,-0.0185,-0.0212,-0.0075,-0.0093,-0.0116,-0.0116,-0.0109,-0.008,-0.0088,-0.0062,-0.0013,-0.0
2021-09-15,53.2522,158.8392,N,0.0301,0.0302,0.0296,0.0244,0.0248,0.0249,0.023,0.0235,0.0196,0.0179,0.0144,0.0145,0.0067,0.0072,0.007,0.0018,0.0032,0.0028,0.0063,0.0035,0.0063,0.0022,0.0043,0.0018,0.0009,-0.004,-0.0037,-0.0093,-0.0089,-0.0067
2021-09-15,53.2522,158.8392,NE,,0.0675,0.0649,0.062,0.058,0.0553,0.0516,0.0444,0.0269,0.02,0.0082,0.0079,0.0051,0.0052,0.0067,0.0063,0.0058,0.0011,0.0002,0.0006,-0.0005,1e-04,-0.0009,-0.0018,-0.0007,1e-04,0.001,0.0008,0.002,-0.0004
2021-09-15,53.2522,158.8392,NO,0.0063,0.0059,0.0078,0.0102,0.0079,0.0094,0.0091,0.0157,0.0108,0.0113,0.0124,0.0092,0.0095,0.0023,0.0048,0.0041,0.0036,0.0066,0.0066,0.0096,0.0073,0.0092,0.0065,0.0017,0.0026,-0.007,-0.0098,-0.0155,-0.0236,-0.0291
2021-09-15,53.2522,158.8392,O,0.0041,0.0034,0.0029,0.0019,0.0015,0.0002,0.0004,0.0002,-0.0004,-0.0003,0.0003,0.0024,0.0051,0.0042,0.0046,-0.0009,-0.0003,,-0.0106,-0.0108,,,,,,,,,,
2021-09-15,53.2522,158.8392,S,0.0046,0.003,0.0019,-0.0005,-0.0004,0.0007,1e-04,-0.0011,-0.0062,-1e-04,0.0014,0.0029,0.0011,-0.0002,-0.0005,,,,,,,,,,,,,,,
2021-09-15,53.2522,158.8392,SE,,0.0629,0.056,0.0493,0.0444,0.0403,0.0362,0.0248,0.0148,0.0151,0.0027,,-0.0069,,,,,,,,,,,,,,-0.0755,,,
2021-09-15,53.2522,158.8392,SO,,0.0101,0.01,0.0095,0.0057,0.0023,-0.0002,-0.0024,-0.0014,-0.0,0.0014,0.0046,0.0069,,,,,,,,,,,,,,,,,
2021-11-02,53.2536,158.8414,N,0.0179,0.0142,0.0129,0.0116,0.0177,0.0186,0.0146,-0.0018,-0.0039,0.0184,0.0077,,,,,,,0.0009,-0.0021,-0.0048,-0.0055,-0.0058,-0.006,-0.0063,-0.002,,-0.0014,0.0005,0.004,0.0022
2021-11-02,53.2536,158.8414,NE,0.0162,,,,,,,,,,,,,,,-0.0031,-0.0016,-0.0034,-0.0043,-0.0028,-0.0009,0.0024,0.0009,0.0003,0.0032,0.0022,0.0028,0.003,0.0005,0.0009
2021-11-02,53.2536,158.8414,NO,,,,,,,,0.0052,-0.0044,-0.0024,0.0102,0.0032,0.0047,-0.0148,-0.0048,0.0054,0.0016,0.0015,-0.0027,-0.0027,-0.0028,-0.0008,0.0011,0.0011,0.0012,0.0012,0.0012,-0.0028,-0.0028,-0.0028
2021-11-02,53.2536,158.8414,O,,,,,,,,,,,,,0.0092,0.0057,0.001,-0.0019,-0.0013,0.0038,0.0022,0.0018,0.0048,-0.0022,,,,,,,,
2021-11-02,53.2536,158.8414,S,0.0015,0.0017,0.0019,0.0032,0.0008,0.0011,0.0019,-0.0019,,,0.001,0.0012,0.0016,0.0036,0.0037,-0.0009,-0.0006,-0.0005,-0.0014,-0.0013,-0.002,-0.002,-0.0028,-0.0018,-0.0026,,0.0025,0.0016,0.0006,0.002
2021-11-02,53.2536,158.8414,SE,0.0115,,,,,,,,,,,,,,,,,,,,,,,,,,,,,
2021-11-02,53.2536,158.8414,SO,,,,,-0.0003,-0.003,0.0023,0.0017,0.0017,0.0021,0.0009,-0.0004,-0.0002,-0.001,-0.0019,0.0019,0.0003,-0.0003,-0.0009,-0.0016,-0.0018,-0.0018,-0.0022,-0.0012,0.0031,0.0041,0.001,-0.0011,-0.0059,-0.0002
2021-11-18,53.2562,158.8297,E,0.0926,0.0904,0.0822,0.0682,0.049,0.0323,0.0199,0.0094,0.0049,0.0,-0.0015,-0.0022,-0.0024,-0.0021,-0.0018,-0.0006,-0.0004,0.0007,0.0015,0.0021,0.0009,-0.0008,-0.0012,-0.001,-0.0009,-0.0007,-0.0006,-0.0006,-0.0005,-0.0005
2021-11-18,53.2562,158.8297,N,0.0864,0.0803,0.0726,0.0664,,0.0511,,,,0.0112,0.011,,,,-0.0045,-0.0041,,,,0.0016,,,,,,,,,,
2021-11-18,53.2562,158.8297,NE,,0.081,0.0717,0.0637,0.0546,0.0505,0.0393,0.0251,0.0113,,,,,,,-0.0073,-0.0066,-0.0017,-0.0022,-0.0007,0.001,,,,,,,,,
2021-11-18,53.2562,158.8297,NO,,0.088,0.0808,0.068,,0.0346,,,,,,,,,,,,,,,,,,,,,,,,
2021-11-18,53.2562,158.8297,O,0.0936,0.0863,0.0712,0.0521,0.0412,,,,,,,,,,,,,,,,,,,,,,,,,
2021-11-18,53.2562,158.8297,S,0.0896,0.0844,0.0792,0.0395,0.0286,0.0204,0.0095,0.005,0.0028,0.0011,0.001,0.0008,-0.0004,0.0024,-0.001,0.0008,0.0008,-0.0006,-0.0,0.001,0.0017,-1e-04,0.0006,-0.001,-0.0021,-0.0019,-0.0022,-0.001,0.0005,-0.001
2021-11-18,53.2562,158.8297,SE,,0.0944,0.0807,0.0525,0.0319,0.0222,0.0105,0.0054,0.0022,0.0009,1e-04,-0.0002,-0.0004,0.0003,0.0005,0.0002,0.0006,-0.0004,-0.0007,-0.0013,-0.0015,-0.0015,-0.0017,-0.0015,-0.0011,-0.0004,0.0005,0.0012,0.0018,0.0025
2021-11-18,53.2562,158.8297,SO,0.0816,0.0774,0.0679,0.0528,0.0339,0.0216,0.0114,0.0045,1e-04,-0.0008,-0.0017,-0.0006,-0.0002,-0.0006,-0.0008,-0.0012,-0.0016,-0.0005,0.0011,0.0,0.0014,-1e-04,0.0006,0.0021,,,,0.0013,0.0,1e-04
2022-03-26,53.253,158.836,E,,,,,,,,,,,,,,,,,,,,,,,,,0.0022,0.0087,0.0031,0.0,-0.003,-0.0069
2022-03-26,53.253,158.836,N,,,0.001,-0.0045,,-0.004,0.0005,-0.0034,-0.0028,-0.0058,0.0012,0.001,0.0005,-0.0026,-0.0022,0.0011,0.0054,0.0069,0.0046,0.0074,0.0038,0.0025,-0.0102,-0.01,-0.0129,-0.0057,-0.0052,-0.0049,-0.0065,-0.0044
2022-03-26,53.253,158.836,NE,0.0374,,,,,,,,,,-0.0103,-0.0054,-0.0007,0.0038,0.0146,0.0192,0.0275,0.0311,0.0333,,,,,,,-0.0041,-0.0034,-0.0014,0.0007,0.0062
2022-03-26,53.253,158.836,NO,0.0219,0.0124,,,0.0016,0.0009,-0.0034,-0.0039,-0.0002,-0.0003,0.0029,0.0022,-0.0017,-0.0018,0.0014,0.0011,-0.0027,-0.0029,,,,,,,,,,,,-0.0064
2022-03-26,53.253,158.836,O,0.0553,0.038,,,,,,,,,,,,,,,,,,,,,,,,0.0027,-0.0022,0.0035,-0.001,0.0006
2022-03-26,53.253,158.836,S,0.064,0.0629,,0.031,0.0302,,,,,-0.0089,-0.0148,0.0323,0.0382,0.0327,0.0314,0.0291,0.0094,0.0048,-0.0022,-0.0175,-0.0078,-0.0092,-0.0246,-0.0168,-0.0154,-0.0185,-0.0149,-0.0125,-0.0114,0.0006
2022-03-26,53.253,158.836,SE,0.0996,,,,,,,,,,,,,,,-0.0089,-0.0074,-0.0007,0.0019,-0.0012,-0.0039,-0.0002,,,,,,,,
2022-03-26,53.253,158.836,SO,,-0.102,,,,,,,,,,,,,,,,,,,,,,,,,-0.0166,-0.0091,-0.0045,0.0098
2022-05-05,53.2562,158.8297,E,0.1926,0.1825,0.1607,,,0.0501,0.0299,0.0185,0.0103,0.0043,0.0012,0.0006,-1e-04,-0.0006,-0.0013,-0.0015,-0.0016,-0.0015,-0.002,-0.0032,-0.0042,-0.0038,-0.0035,-0.0024,-0.0015,-0.0005,0.0016,0.0021,0.0035,0.0027
2022-05-05,53.2562,158.8297,N,0.1808,0.1736,0.1511,0.1231,,,,,,,,,,,,,,,,,,,,,,,,,,
2022-05-05,53.2562,158.8297,NE,,0.1612,0.1245,0.1048,0.0969,0.0762,,0.0484,0.0262,0.01,-0.0029,-0.0098,-0.0093,-0.0087,-0.0066,-0.0063,-0.005,-0.0034,-0.0028,-0.0017,-1e-04,0.0015,0.0028,0.0046,0.0062,0.0086,0.0073,0.0099,0.0116,
2022-05-05,53.2562,158.8297,NO,,0.0175,0.0145,-0.0293,,,,,,,,,,,,,,,,,,,,,,,,,,0.0002
2022-05-05,53.2562,158.8297,O,0.0556,0.0345,-0.0066,-0.0216,-0.0333,,,,0.0044,0.0257,0.0293,0.014,0.0143,0.0178,-0.0054,-0.0099,-0.026,-0.0265,-0.0203,-0.0187,-0.0065,0.0057,0.0058,0.0236,0.0124,0.0069,0.0064,0.0068,-0.0044,0.0136
2022-05-05,53.2562,158.8297,S,0.1752,0.1641,0.1421,,0.0509,0.0464,0.0212,0.0159,0.0081,0.0032,0.0021,0.0016,-0.0012,-0.0004,-0.0033,-0.0028,-0.0032,-0.0035,-0.0032,-0.0027,-0.002,-0.0017,-0.0009,-0.0014,-0.0005,0.0012,0.002,0.0031,0.0044,0.0053
2022-05-05,53.2562,158.8297,SE,,0.1821,0.1462,0.0849,0.0595,0.0384,0.0227,0.0132,0.0061,0.0045,0.0026,0.0012,-0.0013,-0.0005,-0.0008,-0.0016,-0.0015,-0.002,-0.0023,-0.0025,-0.0022,-0.0015,-0.0007,-1e-04,-1e-04,0.0005,0.0021,0.0022,0.0031,0.0037
2022-05-05,53.2562,158.8297,SO,0.1603,0.1409,0.1128,0.0936,0.0596,0.0445,0.0242,0.0094,-0.007,-0.0137,-0.0175,-0.023,-0.023,-0.0277,-0.0164,-0.0175,-0.0042,-0.0019,0.0068,0.0169,0.0293,0.0375,0.0309,0.0384,0.0489,0.0408,0.0407,0.0097,-0.0169,-0.0517
2022-06-03,53.2533,158.836,E,,0.1922,0.1543,0.1056,0.0668,0.0861,0.042,0.0496,0.0456,0.018,0.0017,-0.0149,0.0056,-0.014,-0.014,-0.0138,-0.0131,-0.0124,-0.0116,-0.0112,,,,,,,0.0012,0.0019,0.0033,0.0032
2022-06-03,53.2533,158.836,N,,0.0062,-0.0492,-0.0704,-0.0812,-0.0888,-0.0881,-0.0688,-0.0567,-0.0611,-0.0095,-0.0196,0.0479,0.0625,0.1002,0.1052,0.1192,0.0952,0.0962,0.0822,0.0241,0.0036,-0.0029,-0.0286,-0.0396,-0.0427,-0.0428,-0.0383,-0.0279,-0.0246
2022-06-03,53.2533,158.836,NE,0.1922,0.0496,0.0481,0.0257,0.0254,0.0106,0.0134,0.0233,0.0292,0.0168,-0.0064,-0.0155,-0.0165,-0.0178,-0.0098,-0.0156,-0.009,-0.0134,-0.0142,-0.0123,0.0094,0.0686,0.0477,0.0199,-0.0005,-0.0144,-0.0205,-0.0323,-0.049,-0.0462
2022-06-03,53.2533,158.836,NO,0.0376,,-0.0471,-0.08,-0.0866,-0.0665,-0.0603,-0.0324,-0.0086,0.0115,0.0553,0.0684,0.0498,-0.0071,-0.0124,-0.0231,-0.0075,0.0157,0.0173,0.0,-0.0216,-0.0043,-0.0252,-0.0297,-0.0248,-0.0173,0.0013,-0.0111,-0.0161,-0.0173
2022-06-03,53.2533,158.836,O,-0.0892,,-0.1816,-0.1554,-0.1532,-0.1646,-0.0745,-0.0487,,,,,,-0.0755,-0.0624,0.0087,0.0222,0.0379,0.0375,0.0013,-0.0177,-0.017,-0.0188,-0.0231,-0.0192,-0.0215,-0.015,-0.0041,0.0102,0.0015
2022-06-03,53.2533,158.836,S,0.1256,0.1262,0.0467,0.0341,0.0319,0.0323,0.0134,0.0262,-0.0027,0.0145,0.0166,0.0561,0.0388,0.0361,,,0.0897,0.0903,0.0827,0.0662,0.0488,0.0358,-0.0226,-0.0164,-0.0254,-0.0307,-0.0347,-0.0424,-0.0375,-0.0295
2022-06-03,53.2533,158.836,SE,0.2157,0.1662,0.0769,0.0555,0.0472,0.0193,-0.0011,-0.0052,-0.0052,-0.0053,-0.0094,-0.0094,-0.0135,-0.0135,0.0272,0.037,0.0625,0.0278,-0.0038,,,0.0559,0.0163,0.0004,-0.0072,-0.0071,-0.0069,-0.0065,-0.002,0.0024
2022-06-03,53.2533,158.836,SO,,0.0318,-0.0085,-0.0499,-0.0441,-0.0456,-0.0463,-0.0532,-0.0613,-0.034,,,,0.0415,-0.0067,0.0563,-0.0173,0.0019,-0.0468,-0.0316,-0.006,-0.0374,-0.014,-0.0311,-0.0362,-0.043,-0.0201,0.0543,0.012,0.0027
2022-06-30,53.2528,158.8365,E,0.3159,0.2972,0.2718,0.241,0.2122,0.1921,0.1671,0.1709,0.1458,0.1139,0.096,0.0696,0.0488,0.0086,-0.0172,-0.0264,-0.0276,-0.0555,-0.0194,-0.0079,-0.0677,-0.0639,-0.0345,-0.0583,-0.0206,-0.021,-0.0125,-0.0061,0.006,0.0269
2022-06-30,53.2528,158.8365,N,0.0342,0.03,0.0266,0.014,0.0147,0.0162,0.0039,0.0332,0.0362,0.0646,0.0711,0.0619,0.0712,0.072,0.0736,0.0571,0.0829,0.0858,0.0548,0.0334,0.0663,0.0892,0.0467,-0.0023,-0.0434,-0.0682,-0.0625,-0.0174,-0.0136,-0.026
2022-06-30,53.2528,158.8365,NE,,0.1656,0.1521,0.123,0.1089,0.0913,0.0723,0.0623,0.0514,0.0352,0.0036,-0.0194,-0.0317,-0.0289,-0.0111,0.0114,0.0381,0.0598,0.0714,0.1024,0.0981,0.1364,0.1304,0.075,0.0421,-0.1024,-0.0965,-0.0437,-0.0635,-0.0608
2022-06-30,53.2528,158.8365,NO,-0.026,-0.0258,-0.0086,0.0111,0.0208,0.0463,0.0595,0.0871,0.0837,0.0875,0.0916,0.0632,0.0017,0.001,-0.0413,-0.0758,-0.1149,-0.1205,-0.1407,-0.1242,-0.1046,-0.0863,-0.0316,0.0074,0.0596,0.0531,0.0139,0.0036,0.0041,0.0079
2022-06-30,53.2528,158.8365,O,-0.1189,-0.1094,-0.098,-0.0878,-0.0706,-0.0556,-0.0441,-0.0394,-0.0276,-0.0213,-0.007,-0.0019,0.0059,-0.007,-0.013,0.0037,-0.0054,-0.001,0.0305,0.0377,0.0373,0.0185,0.0151,-0.0085,-0.0158,-0.0211,-0.0054,0.0081,0.0116,-0.0119
2022-06-30,53.2528,158.8365,S,0.1401,0.1374,0.1336,0.1086,0.0939,0.0925,0.0735,0.0682,0.0587,0.0251,0.004,-0.0253,-0.0135,0.0251,0.0378,0.0541,0.0525,0.045,0.0449,0.0443,0.0413,0.0393,0.0333,0.0233,0.0022,-0.0038,-0.0051,-0.0057,-0.0148,-0.075
2022-06-30,53.2528,158.8365,SE,,0.2547,0.2446,0.2111,0.1854,0.1299,0.0746,0.0426,0.0076,-0.0277,-0.0448,-0.0476,-0.039,-0.0228,-0.0059,0.0081,0.0393,0.0681,0.042,0.0503,0.0434,0.0519,0.058,0.045,0.0582,0.0448,0.0371,0.0387,0.0259,0.0269
2022-06-30,53.2528,158.8365,SO,,0.1167,0.1101,0.1064,0.0977,0.0838,0.0762,0.0659,0.0509,0.0279,0.0209,0.0228,0.031,-0.0409,-0.0138,-0.0213,-0.0106,-0.0396,-0.0614,-0.0033,0.0146,0.0176,0.0259,0.0401,0.0341,0.057,0.0635,0.064,0.0675,0.0687
2022-09-18,53.253,158.8356,E,,,,,,,,,,,,,,,,,,,,0.0416,0.0309,-0.0115,-0.0126,,,,-0.0075,-0.0079,-0.0077,-0.0066
2022-09-18,53.253,158.8356,N,,,,,,,,,-0.0015,0.0006,0.0003,-0.0015,-1e-04,-0.0025,0.0029,-0.0073,-0.0134,,,,,,,,,,,,,
2022-09-18,53.253,158.8356,NE,0.0948,,,,,,,,,,,0.0625,0.0543,0.0345,0.0216,0.0146,0.0025,-0.0098,-0.0278,-0.0249,-0.0477,0.0118,0.0099,,,,,,,
2022-09-18,53.253,158.8356,O,,,,,,0.0098,0.0082,0.0051,0.0032,1e-04,-0.0023,-0.0055,-0.0051,-0.0022,,-1e-04,,0.0122,0.0012,,,,,,,,,,,
2022-09-18,53.253,158.8356,S,,0.1644,0.1572,0.1482,0.1401,,,,,,,,,,,,,,,,,,,,,,,,,
2022-09-18,53.253,158.8356,SE,0.1574,0.1082,,,,,,,,,,,,,,,,0.0311,0.0335,-0.0142,-0.0153,,,,,,,,,
2022-09-18,53.253,158.8356,SO,,0.0182,0.0164,,,0.0011,,-0.004,-0.002,-0.0051,-0.0184,-0.0084,-0.0071,-0.0028,,,,,,0.0125,0.0122,0.0116,0.009,0.0064,0.0032,-0.0017,-0.0046,-0.0047,-0.0077,-0.0081
2022-10-22,53.2546,158.8365,E,0.0896,0.0837,0.0641,0.051,0.0479,0.0344,0.0099,0.0178,0.0084,0.0031,-0.0037,0.0031,,,,,,,,,,,,,-0.0111,-0.0077,-0.0039,-0.0003,0.0035,0.0077
2022-10-22,53.2546,158.8365,N,0.0379,0.0233,0.009,0.0113,0.0099,0.0102,0.0023,-0.0003,0.0,0.0009,0.0013,-0.0017,-0.0045,-0.0039,0.0008,0.0011,0.0019,0.003,0.004,0.0044,0.0054,0.0058,-0.0024,-0.0005,-0.0041,-0.0049,-0.0023,-0.0019,0.0007,0.0011
2022-10-22,53.2546,158.8365,NE,,0.0628,0.0446,0.0368,0.0196,0.0085,0.0075,0.0043,0.0029,0.0032,0.0032,-0.0006,-0.0025,0.002,0.0029,,,,,,,,,,,,-0.0058,-0.0015,,
2022-10-22,53.2546,158.8365,NO,,0.0119,0.0035,-0.0015,-0.005,-0.0044,-0.0076,-0.003,-0.0026,-0.0022,0.0029,0.005,0.0038,0.003,0.0061,0.0051,0.0052,0.0021,-0.0015,-0.0008,-0.0006,-0.0042,-0.0041,-0.0032,-0.004,-0.0035,-0.0028,0.0014,0.0023,-0.0096
2022-10-22,53.2546,158.8365,O,0.0344,0.0277,0.0282,0.0251,0.0365,0.0264,0.0123,0.0054,0.0006,-0.0005,-0.0007,0.0002,0.0011,0.0018,0.0024,,,,,,,,,-0.0037,-0.0046,-0.004,-0.0034,-0.0027,0.0043,0.0026
2022-10-22,53.2546,158.8365,S,0.0722,0.0546,0.0365,0.004,0.0052,0.0046,-0.0072,-0.0076,-0.0034,-0.008,-0.0077,-0.0075,-0.0104,-0.0068,0.0084,0.0006,0.0043,0.0215,-0.0006,-0.0064,-0.0113,-0.0132,-0.0099,-0.0122,-0.0095,-0.007,-0.0008,-0.0035,-0.0016,0.0011
2022-10-22,53.2546,158.8365,SE,,0.0591,0.0243,-0.0056,-0.0159,0.0095,,-0.0026,-0.0037,-0.0159,0.0046,0.0162,0.0201,0.029,0.0168,0.0005,0.0053,-0.0086,-0.0064,-0.0273,-0.0237,-0.0197,-0.0146,-0.0102,-0.0061,-0.0013,0.0041,0.0084,0.0146,0.0195
2022-10-22,53.2546,158.8365,SO,,0.0482,0.0302,0.0413,0.0301,0.0376,0.0301,0.0165,0.008,0.001,0.0015,-0.002,-0.0024,-0.0022,-0.0019,0.0027,-0.0048,-0.0084,,,,,,0.0071,0.0035,0.0,0.0004,0.0008,0.0008,0.0009
2023-01-16,53.2562,158.8302,E,,,,,,,,,,,-0.004,-0.0044,-0.004,-0.0032,-0.0019,-0.0004,0.0004,0.002,0.0028,0.0032,0.0026,0.0024,0.0016,0.0005,-0.0011,-0.0027,-0.0022,-0.0019,-0.0016,-0.0015
2023-01-16,53.2562,158.8302,N,0.0868,0.0864,0.0701,,,,,,0.012,0.012,0.0111,0.003,-0.0004,-0.0046,-0.0039,-0.0015,-0.0115,-0.0082,-0.008,-0.005,-0.0042,-0.0006,-0.0018,0.0024,0.0025,0.0055,0.0068,0.0079,,
2023-01-16,53.2562,158.8302,NE,0.1117,,,,,0.0634,0.0451,0.0283,0.0263,0.0186,0.0121,-0.0008,-0.0033,-0.0074,-0.0073,-0.007,-0.0063,-0.0035,-0.0012,-0.0015,-0.0008,-0.0002,-0.0005,0.0017,0.002,0.0033,0.0035,0.0034,0.0037,-0.0004
2023-01-16,53.2562,158.8302,NO,,-0.0112,0.0144,,,,,,0.0064,0.0029,0.0087,0.007,,,,,,,,,,,,,,,,,,
2023-01-16,53.2562,158.8302,O,0.1204,0.1059,0.0914,0.0788,,,,,,,,,,,,,,,,,,,,,,,,,,
2023-01-16,53.2562,158.8302,S,0.1038,0.094,0.085,0.0779,0.051,0.0238,0.0126,0.0049,0.0029,-0.0011,-0.0007,-0.0016,-0.0026,-0.0013,-0.0008,-0.0003,0.0006,0.0003,0.0011,0.0005,0.0009,0.0007,0.0008,0.0006,0.0007,1e-04,-0.0007,-0.0006,-0.0008,
2023-01-16,53.2562,158.8302,SE,0.1187,,,,,0.04,0.0165,0.0079,0.0031,0.0019,0.0006,-0.0002,0.0004,0.0004,0.0015,0.0014,0.0012,0.0007,0.0005,0.0005,0.0013,0.0018,0.0024,0.0018,0.0015,0.0024,0.0004,-0.0028,-0.0053,-0.006
2023-01-16,53.2562,158.8302,SO,0.1204,0.1175,0.104,0.0946,0.0834,,,,,,,,,,,,,,,,,,,,,,,,,
2023-02-01,53.2562,158.8297,E,0.0493,0.0467,0.0403,0.0311,0.0225,0.017,0.012,0.0024,0.0008,-0.0,-0.0014,-0.0015,-0.0013,-0.0008,-0.0007,-0.0005,-0.001,-0.0002,0.0004,0.0005,0.0009,0.0013,0.0021,0.002,0.0012,0.0003,-0.0003,-0.0007,-0.0003,0.0002
2023-02-01,53.2562,158.8297,N,0.0365,0.0336,0.0293,0.0246,,,,,,,,,,,,,,,,,,,-0.0041,-0.0013,-0.0012,-0.0012,0.0015,0.0003,0.0024,0.0051
2023-02-01,53.2562,158.8297,NE,,0.041,0.0365,0.0298,0.0264,0.0223,0.0183,0.013,0.0092,0.0059,0.0013,-0.0015,-0.0029,-0.0027,-0.0024,-0.0021,-0.0019,-0.0015,-0.0007,-0.0005,-0.0005,-0.0005,-0.0007,-0.0009,-0.0005,-1e-04,-0.0004,1e-04,-0.0004,0.0002
2023-02-01,53.2562,158.8297,NO,,0.0471,0.0406,0.0334,,,,,,,,,,,,,,,,,,,,,,,,,,
2023-02-01,53.2562,158.8297,O,0.0481,0.0406,0.0342,0.0293,0.0238,,,,,,,,,,,,,,,,,,,,,,,,,
2023-02-01,53.2562,158.8297,S,0.049,0.0489,,,,,,,,,,,0.0015,0.0011,0.0006,-1e-04,-0.0002,-0.0002,-0.0003,-0.0003,-0.0004,-0.0005,-0.0005,-0.0006,-0.0006,-0.0006,0.0,0.0009,-0.0008,0.0033
2023-02-01,53.2562,158.8297,SE,,0.0399,0.0326,,,,,,,,,,,-0.0026,-0.002,-0.0015,-0.0014,-0.0007,-1e-04,1e-04,0.0005,1e-04,-0.0002,-0.0007,-0.0008,-0.0008,-0.0009,0.0003,0.0006,0.0029
2023-02-01,53.2562,158.8297,SO,0.0458,0.0458,0.0371,,,,,,,,,,,,,,,,,,,,,,,,,,,
2023-02-02,53.2562,158.8297,E,0.0625,0.059,0.0523,0.0422,0.0309,0.0218,0.0145,0.0073,0.0035,0.0004,-0.0015,-0.0023,-0.0022,-0.0012,-0.0017,-0.001,-0.0005,-1e-04,-0.0003,0.0003,0.001,0.0018,0.0021,0.0014,0.0009,-0.0,-0.0008,-0.0007,-0.0011,-0.0004
2023-02-02,53.2562,158.8297,N,0.0506,0.0471,0.0431,0.04,,,,,,,,0.0096,0.0103,0.008,0.0019,-0.0024,-0.003,-0.0045,-0.0014,0.0008,0.0023,0.0024,0.0011,0.0007,0.0002,0.0015,0.0144,,,
2023-02-02,53.2562,158.8297,NE,,0.0561,0.0517,0.0468,0.0427,0.0373,0.0288,0.0191,0.014,0.0097,0.0047,0.0004,-0.0022,-0.0023,-0.0036,-0.0046,-0.005,-0.0048,-0.0039,-0.0028,-0.0015,-0.0008,-0.0005,0.0002,0.0005,0.0002,0.0003,0.0006,0.001,0.0013
2023-02-02,53.2562,158.8297,NO,,0.069,0.0652,0.057,,,,,,,,,,,,,,,,,,,,,,,,,,
2023-02-02,53.2562,158.8297,O,0.073,0.0664,0.057,0.0476,0.0384,,,,,,,,,,,,,,,,,,,,,,,,,
2023-02-02,53.2562,158.8297,S,0.0606,0.0581,0.0562,0.0329,0.0262,0.0206,0.0037,0.0016,0.0005,-0.0009,-0.0013,-0.0003,0.0005,,,,,,,,,,,,,,,,,
2023-02-02,53.2562,158.8297,SE,,0.064,0.0566,0.0418,0.0314,0.0173,0.0114,0.0019,0.0003,-0.0009,-0.0013,-0.0011,-0.0008,-0.0003,0.0002,0.0003,-1e-04,1e-04,0.0013,0.0019,0.0027,,,,,,,,,
2023-02-02,53.2562,158.8297,SO,0.0717,0.0687,0.0604,0.0521,,,,,,,,,,,,,,,,,,,,,,,,,,
2023-02-26,53.2579,158.8387,E,,-0.0129,-0.016,-0.0172,-0.0176,-0.0188,-0.0181,,,,,,,,,,,,,,,,,,,,,,,0.0002
2023-02-26,53.2579,158.8387,N,0.0105,,,,,,,,,,,,,,,,,,,,,,,,,,,,,
2023-02-26,53.2579,158.8387,NE,,-0.0311,,,,,,,,,,,,,,,,,,,,,,,,,,,,
2023-02-26,53.2579,158.8387,S,0.0091,0.0091,0.0074,0.0064,,,,,,,,,,,,,,,,,,,,,,,,,,
2023-02-26,53.2579,158.8387,SE,0.0105,0.0071,0.005,0.0033,0.0008,,,,,,,,,,,,,,,,,,,,,,,,,
2023-03-05,53.256,158.8302,E,,,,,,,,,,,,,,,,0.0005,-0.0012,-0.003,-0.0034,-0.0026,-0.0016,-0.0007,-0.0009,0.0002,0.0003,1e-04,-0.0005,-0.0003,0.0004,0.0013
2023-03-05,53.256,158.8302,N,,,,,,,,,,,,,,0.0004,0.0005,,,,,,,,,,,,,,,
2023-03-05,53.256,158.8302,NE,0.0586,,,,,,,,0.015,0.0099,,-0.0004,-0.0006,-0.0038,-0.0046,-0.0044,-0.0055,-0.0026,-0.0006,0.0013,-0.0007,-0.0014,1e-04,-1e-04,1e-04,0.0009,0.0023,,,
2023-03-05,53.256,158.8302,S,,,,,,,,,0.0033,,,-0.002,-0.0006,-0.0011,-0.0006,0.0002,-0.0002,0.0004,0.0012,0.0003,0.0026,0.0022,,,,,,,,
2023-03-05,53.256,158.8302,SE,0.0803,,,,,,,0.0275,0.0198,0.0139,0.0094,0.0061,0.004,0.001,0.0025,-0.0023,-0.0042,-0.0071,-0.0053,-0.0055,-0.0023,-0.0003,0.0044,0.0053,0.0069,0.0045,0.0038,-0.0047,-0.004,-0.0047
2023-05-16,53.2562,158.8297,E,0.1552,0.1486,0.1276,0.1179,0.0952,0.0478,0.026,0.0086,0.0016,0.0013,0.001,0.0007,0.0005,0.0002,-1e-04,-0.0003,-0.0006,-0.0009,-0.0009,-0.0012,-0.0014,-0.0018,-0.0022,-0.0026,-0.0029,-0.0031,-0.0022,-0.0009,0.0006,0.0018
2023-05-16,53.2562,158.8297,N,0.1183,0.1067,0.0884,0.031,0.0152,0.006,-0.0041,-0.0119,-0.0143,-0.006,-0.0026,0.0023,0.0077,0.0126,0.0125,0.0015,-0.001,-0.014,-0.0118,-0.016,-0.0096,-0.0118,-0.0084,-0.0064,-0.0049,-0.0012,0.0008,0.005,0.0083,0.0089
2023-05-16,53.2562,158.8297,NE,,0.1379,0.1132,0.0889,0.0789,0.058,0.0515,0.0427,0.0219,0.0103,-0.0008,-0.0067,-0.0065,-0.0065,-0.0067,-0.0064,-0.0063,-0.0058,-0.005,-0.0042,-0.002,-1e-04,0.0006,0.0013,0.0016,0.0021,0.0028,0.0029,0.0032,0.0036
2023-05-16,53.2562,158.8297,NO,,0.0975,0.0535,0.0256,0.0076,-0.0084,-0.014,-0.0181,-0.0172,-0.0145,-0.0102,-0.0032,-0.0057,0.0068,0.0022,0.0082,0.0182,0.0179,0.0151,0.0093,-0.0025,-0.0048,-0.0032,-0.0037,-0.0032,-0.0061,-0.012,-0.0086,-0.0116,-0.0062
2023-05-16,53.2562,158.8297,O,0.0988,0.0821,0.0408,0.0161,0.0024,-0.004,-0.0075,-0.0045,0.0052,0.0122,0.0214,0.0269,0.034,0.0349,0.0412,0.0341,0.015,-0.0119,-0.0296,-0.0357,-0.0382,-0.0385,-0.0369,-0.031,-0.0314,-0.0261,-0.0241,-0.0211,-0.0132,-0.0049
2023-05-16,53.2562,158.8297,S,0.1348,0.1286,0.1184,0.0831,0.0443,0.0341,0.0084,0.0053,0.0012,-0.0005,-0.0005,-0.0013,-0.0003,-0.0016,-0.0025,-0.0022,-0.0021,-0.001,-0.0003,-0.0018,-0.0015,0.0013,-0.0025,-0.0022,-0.0024,-0.0031,-0.0031,-0.0034,-0.0036,-0.0031
2023-05-16,53.2562,158.8297,SE,,0.1388,0.1242,0.0703,0.0484,0.0277,0.0135,0.0042,-0.0005,0.0008,-0.0025,-0.0012,-0.0042,0.0005,0.0013,0.0019,0.0069,0.005,0.0047,0.0037,0.002,0.0014,1e-04,-0.0008,-0.0017,-0.0021,-0.0019,-0.0022,-0.0025,-0.0014
2023-05-16,53.2562,158.8297,SO,0.1222,0.115,0.0778,0.0567,0.0356,0.0158,0.0006,-0.0107,-0.0215,-0.0183,-0.0117,-0.0147,-0.0068,-0.0074,-0.007,-0.0051,-0.0074,-0.0021,-0.0019,0.0229,0.0307,0.0311,0.035,0.044,0.0536,0.0466,0.0549,0.0511,0.0585,0.0154
2023-09-09,53.2533,158.836,E,,0.1469,0.1197,0.1083,0.098,0.0898,0.0718,0.0496,0.0085,-0.0044,0.0244,0.0093,0.0023,-0.0009,-0.0036,-0.001,-0.0035,-0.0022,-0.0113,-0.0103,-0.0043,0.0011,-0.005,-0.0045,-0.009,0.0005,0.0025,-0.0128,-0.0149,-0.0124
2023-09-09,53.2533,158.836,N,,0.0107,-0.0014,-0.0176,-0.0254,-0.0275,-0.0271,-0.0373,-0.0321,-0.0125,-0.0173,0.0085,-0.0014,0.0008,0.007,0.0108,0.0161,0.0157,0.0281,-0.0004,0.0387,0.0303,0.0035,0.0252,0.0021,-0.0043,0.0356,0.0403,-0.0405,-0.0401
2023-09-09,53.2533,158.836,NE,0.0781,0.0401,0.03,0.0169,0.0198,0.0248,0.038,0.0474,0.0607,0.0587,0.0453,0.0303,0.0172,0.008,1e-04,-0.009,-0.0076,-0.0067,-0.0061,-0.0197,-0.0064,-0.0122,0.0018,0.009,0.0043,0.0104,0.007,0.009,-0.015,-0.0352
2023-09-09,53.2533,158.836,NO,0.04,0.0347,0.0324,0.0146,0.0038,-0.0037,-0.0111,-0.0288,-0.0326,-0.0227,0.0016,-1e-04,-0.0017,0.002,0.011,0.0087,0.0146,0.0193,0.0157,0.0157,-0.0031,0.0038,-0.0009,-0.0008,-0.0033,-0.0007,0.008,0.0049,-0.0066,-0.012
2023-09-09,53.2533,158.836,O,0.0569,0.0443,,,,,,0.0274,0.0141,0.0069,0.0014,-0.0005,0.0008,0.0005,-0.0002,-0.0037,-0.0061,-0.0034,0.001,-0.0013,-0.0022,0.001,0.0035,-0.0009,-0.0028,-0.0015,0.0003,-0.0062,-0.0016,-0.0029
2023-09-09,53.2533,158.836,S,0.1838,0.184,0.1523,0.137,0.1297,0.1051,0.0898,0.0732,0.0372,0.0301,0.0104,-0.0019,-0.0074,-0.0087,-0.0112,0.018,-0.0188,-0.0162,-0.0197,-0.0192,-0.0248,-0.0039,-0.012,0.0008,-0.0002,0.0019,0.0017,0.0011,0.0048,0.008
2023-09-09,53.2533,158.836,SE,0.1958,0.1582,0.1282,0.1154,0.0972,0.0686,0.0341,0.0296,0.0249,0.0125,0.0224,0.0225,0.0025,-0.0011,-0.0054,0.0029,0.0152,0.0121,-0.0084,-0.0129,-0.0185,-0.0207,-0.015,-0.0098,-0.007,-0.0031,-0.0002,0.0064,0.0096,0.0135
2023-09-09,53.2533,158.836,SO,,0.1014,0.0883,,,,,,0.0492,0.0368,0.0178,0.0031,-0.0034,-0.0,-0.0065,-0.0064,-0.0099,-0.0091,-0.0017,-0.003,-0.0005,-0.0041,-0.0036,-0.0004,-0.0021,-0.0018,-0.0042,-0.003,-0.0044,0.0024
2023-09-29,53.2554,158.836,E,,0.1203,0.0971,0.0913,0.0563,0.0353,0.0245,0.019,0.0153,0.0115,0.0097,0.0076,0.0057,0.0043,0.0031,0.0023,-0.003,-0.0033,-0.0037,-0.004,-0.0044,-0.0047,-0.005,-0.0054,-0.0057,-0.0041,-0.0035,-0.0025,-0.0014,-0.0004
2023-09-29,53.2554,158.836,N,,0.053,0.0466,0.0357,0.024,0.0172,0.0123,0.0086,0.0055,0.0009,0.0024,-1e-04,0.0005,0.0014,0.0015,0.0019,0.0028,0.0027,0.0022,0.0018,0.0016,0.0009,0.0012,0.0018,0.0015,0.0009,0.001,0.0005,0.0012,0.002
2023-09-29,53.2554,158.836,NE,0.1108,,0.0887,0.0645,0.0453,0.0281,0.0146,0.0102,0.0057,0.0071,0.0029,0.0002,0.0009,-0.0031,-0.0007,-0.0026,-0.002,-0.003,-0.0013,-0.0043,-0.0011,-0.0016,-0.0002,0.0007,0.0011,0.0004,0.0006,0.0024,0.0007,0.0061
2023-09-29,53.2554,158.836,NO,,0.0538,0.0528,0.043,0.0383,0.0301,0.0199,0.0147,0.0073,0.0053,0.0032,0.002,0.0009,1e-04,-0.0006,-0.0012,-0.0018,-0.0021,-0.0022,-0.0024,-0.0019,-0.0008,0.0004,0.0017,0.0008,0.0004,-0.0004,-0.0006,0.0006,0.0017
2023-09-29,53.2554,158.836,O,,,0.0493,0.0393,0.0415,0.0445,0.0418,0.0416,0.0373,0.0261,0.0112,0.0016,-0.0046,-0.0088,-0.011,-0.0117,-0.0112,-0.0117,-0.0102,-0.0096,-0.0069,-0.0055,-0.0049,-0.0018,0.0034,0.0067,0.0082,0.0102,0.0119,0.0122
2023-09-29,53.2554,158.836,S,0.0487,0.034,-0.0026,-0.0109,-0.0144,-0.0209,-0.0221,-0.021,-0.0167,-0.0167,-0.0094,-0.0116,0.0133,0.0046,0.0381,0.0104,0.0099,0.0097,-0.0031,-0.008,-0.0119,-0.0088,-0.0075,-0.0037,-0.0012,0.0022,0.0056,0.0077,0.0126,0.0151
2023-09-29,53.2554,158.836,SE,0.0914,0.0703,0.0451,0.0303,0.0184,0.0099,,0.0183,0.0202,0.031,0.036,0.0251,0.0264,0.0169,0.0006,-0.0009,-0.018,-0.0175,-0.0158,-0.0145,-0.0123,-0.01,-0.0076,-0.0055,-0.0035,-0.0004,0.0028,0.0064,0.0097,0.0132
2023-09-29,53.2554,158.836,SO,,0.0606,0.0507,0.0181,0.0208,0.0088,-0.0088,-0.0014,0.0054,0.0024,0.0041,0.0016,0.0009,0.0023,0.0066,0.0039,0.0074,0.0025,0.001,-0.0039,-0.0049,-0.0046,-0.0036,-0.0012,0.0006,0.0019,0.0037,0.0026,0.0072,0.0101
2023-11-16,53.2552,158.836,E,,0.0822,,0.0588,0.0472,0.035,0.0219,0.0123,0.0065,0.0023,0.0009,-0.0017,-0.0015,-0.0009,-0.0011,-0.0012,-0.001,-0.0009,-0.0011,-0.0021,-0.0022,-0.0018,-0.0026,-0.0026,-0.0022,-1e-04,-0.0005,-0.001,0.0002,-0.0006
2023-11-16,53.2552,158.836,N,,,,,,,,,,,,,,,,,,,0.0025,0.0021,0.0013,0.0023,0.0008,-0.0,-0.0005,-0.001,-0.0007,-0.0011,-0.0009,-0.0009
2023-11-16,53.2552,158.836,NE,0.0841,0.074,,0.0464,0.0337,0.0221,0.0096,0.0045,0.0011,-0.0002,0.0002,0.0005,1e-04,-0.0038,-0.0018,-0.0032,-0.0028,-0.0031,-0.0026,-0.0021,0.0002,0.0016,-0.0006,-0.0038,-0.0042,-0.0029,-0.0027,-0.0016,0.0009,0.0083
2023-11-16,53.2552,158.836,S,,,,-0.0245,,-0.0278,-0.027,-0.0254,-0.0214,-0.0176,,-0.0051,0.0066,0.0146,0.0182,0.0189,0.0212,0.0112,-0.0006,-0.0066,-0.0119,-0.014,-0.0124,-0.0095,-0.0097,-0.0065,-0.0029,0.0005,0.0046,0.0086
2023-11-16,53.2552,158.836,SE,0.046,,-0.0028,-0.0036,-0.0073,-0.0066,-0.0057,-0.0019,-0.0005,-0.0115,0.015,0.0153,0.0195,0.0221,0.0192,0.0127,0.0013,-0.0011,-0.007,-0.0133,-0.011,-0.0098,-0.0072,-0.0057,-0.004,-0.0017,0.0024,0.0059,0.0102,0.0129
2023-11-16,53.2552,158.836,SO,,,,,,,,0.048,,,,,,,,,,,,,,,,,,,,,,
2024-02-12,53.2562,158.8302,E,,0.0937,0.0864,0.0761,0.061,0.0447,0.03,0.0164,0.0075,0.0021,-0.0012,-0.0029,-0.0029,-0.0032,-0.0025,-0.0015,-0.0008,0.0003,0.0011,0.0014,0.0012,0.0011,0.0006,-0.0003,-0.0009,-0.0011,-0.0011,-0.0014,-0.0039,-0.0039
2024-02-12,53.2562,158.8302,N,0.0755,0.0741,0.0613,,,,,,,,,0.0102,0.0033,0.0,-0.0077,-0.0137,-0.0127,-0.0114,-0.0093,-0.0059,-0.0025,0.0022,0.0057,0.0095,0.0126,,,,,
2024-02-12,53.2562,158.8302,NE,0.0927,0.0817,0.0788,0.0718,0.0587,0.056,0.0463,0.034,0.0251,0.0105,0.0053,0.0006,-0.0019,-0.0038,-0.0045,-0.0046,-0.0039,-0.0048,-0.0045,-0.0037,-0.003,-0.0031,-0.0033,-0.0029,-0.0023,-0.0012,-0.0,0.0018,0.0028,0.0038
2024-02-12,53.2562,158.8302,NO,,0.108,0.0998,,,,,,,,0.0587,0.0587,,,,,,,,,,,,,,,,,,
2024-02-12,53.2562,158.8302,O,0.1173,0.1078,0.0914,0.075,0.0644,,,,,,,,,,,,,,,,,,,,,,,,,
2024-02-12,53.2562,158.8302,S,0.1046,0.094,0.0938,0.0762,0.0476,0.0377,0.0239,0.0094,0.0036,1e-04,-0.0007,-0.0018,-0.0021,-0.0016,-0.0019,-0.0014,-0.0021,-0.0015,-0.001,-0.0012,-0.001,-0.0011,-0.001,,-1e-04,0.0007,0.0018,0.0022,0.0007,0.0023
2024-02-12,53.2562,158.8302,SE,0.1065,0.0928,0.0865,0.0614,0.0491,0.0356,0.0173,0.0088,0.0024,-0.0002,-0.0017,-0.0023,-0.0045,-0.0051,,,,,,-0.004,-0.0013,-0.0021,0.0002,0.0013,0.001,-0.0007,0.001,1e-04,0.0016,0.0028
2024-02-12,53.2562,158.8302,SO,0.0926,0.0904,0.078,0.0652,0.0518,,,,,,,,0.0,,,,,,,,,,,,,,,,,
2024-03-23,53.2568,158.8306,E,,0.0614,0.0492,0.0389,0.0288,0.0193,0.0122,0.0066,0.0038,0.002,-0.0008,-0.002,-0.0041,-0.0019,0.0023,0.0021,0.0016,0.0018,-0.0018,-0.0012,-0.0026,,,,,,,,,
2024-03-23,53.2568,158.8306,NE,0.0684,,0.0473,0.0381,0.0355,0.0249,0.0154,0.008,0.0015,-0.0023,-0.0034,-0.0036,-0.0027,-0.0015,,,0.0024,0.0038,0.0038,,,,,,,,,,,
2024-03-23,53.2568,158.8306,S,,,,0.0596,,,,,,,,,,,,,,,,,,,,,,,,,,
2024-03-23,53.2568,158.8306,SE,0.0785,0.064,0.0585,,,0.0122,0.0089,0.0054,0.0029,0.0004,-0.0009,-0.0007,-0.0012,-0.0018,-0.0015,-0.0015,-0.002,,,,,,,0.0037,0.0042,,,,,
2024-03-24,53.2538,158.8423,E,,0.0163,0.0154,0.0124,,,0.0165,0.0148,0.0114,0.0074,0.0039,-0.0006,-0.0007,-0.0009,-0.0014,0.0002,0.0002,0.0026,0.0034,,,,,,,,,,,
2024-03-24,53.2538,158.8423,N,-0.0021,-0.0019,-0.0047,-0.0046,-0.0034,0.0033,0.0002,0.0014,0.0009,0.0011,0.0057,0.0114,0.0059,0.0051,-0.0037,-0.0047,-0.0044,-0.0076,-0.0068,-0.0053,-0.0029,-0.0047,-0.0014,0.0003,-0.0003,0.0,0.0007,0.0013,0.0019,0.0032
2024-03-24,53.2538,158.8423,NE,0.037,0.0323,0.0278,,,,,,,,,,,,,,,,,,,,,,,,,,,
2024-03-24,53.2538,158.8423,NO,,,,,,-0.027,-0.0206,-0.0144,-0.0048,0.0054,0.0106,0.0159,0.0206,0.0231,0.0292,0.0184,,,0.0189,0.014,0.0078,-0.0034,0.0319,-0.0083,-0.0098,0.0159,-0.0245,-0.0276,-0.029,-0.0287
2024-03-24,53.2538,158.8423,O,,,,,,,,,,,,,,,,,,,,,,,-0.0009,0.0026,0.0068,-0.0015,-0.0051,,,
2024-03-24,53.2538,158.8423,S,0.037,,,,,,,,,,,,,,,,,,,,,,,,,,,,,
2024-03-24,53.2538,158.8423,SE,,0.0356,0.0335,,,,,,,,,,,,,,,,,,,,,,,,,,,
2024-03-24,53.2538,158.8423,SO,,,,,,,,,,,,,,,-0.0,,,,,,,,0.0006,,,,,,,
2024-04-24,53.2533,158.8356,E,,,0.0972,,0.053,0.0421,,0.0283,0.0235,0.0203,0.0242,0.0159,0.0068,-0.0026,-0.0075,-0.0084,-0.0079,-0.0074,-0.0072,-0.0053,-0.0047,-0.0038,-0.0021,-0.003,-0.0016,-0.0028,-0.0023,-0.0017,-0.0015,-0.0005
2024-04-24,53.2533,158.8356,N,,,,,,,,,,,,,,,,,,,,,0.0005,0.0,-0.0005,1e-04,-0.0,,,,,
2024-04-24,53.2533,158.8356,NE,0.0982,,,0.0945,0.0746,0.0714,0.0681,0.0632,0.0477,0.0331,,0.0069,-0.0068,-0.0079,-0.0059,-0.0081,-0.0075,-0.0031,-0.0006,0.0022,-0.0032,-0.0032,-0.003,-0.0033,-0.0009,-0.0025,-1e-04,-0.0004,0.0008,0.0018
2024-04-24,53.2533,158.8356,NO,,0.099,0.0963,0.0785,0.061,,,,,,,,,,,,,,,,0.0209,0.0118,0.0093,0.0135,0.0197,0.0184,0.0147,-0.0073,-0.0082,-0.0012
2024-04-24,53.2533,158.8356,O,0.175,0.1634,0.1501,0.1314,0.1289,,,,,,,,,,,,,,,,,,,,,,,,0.0069,0.0029
2024-04-24,53.2533,158.8356,S,,,,,0.0197,0.0197,-0.0022,-0.0098,0.0079,0.0106,0.0343,0.0344,0.0348,0.0354,0.0303,0.0191,0.0019,-0.008,-0.017,-0.0029,-0.0259,-0.0278,-0.0332,-0.0354,-0.0363,-0.0314,-0.0209,-0.0212,-0.0128,-0.0076
2024-04-24,53.2533,158.8356,SE,0.0856,,,,0.0269,0.0221,-0.0021,-0.0056,-0.0127,-0.0099,-0.0076,-0.0024,0.0047,0.0133,0.0192,0.024,0.0229,0.0113,0.0083,0.0038,-0.0213,0.0098,0.0032,-0.0014,-0.005,-0.005,-0.0046,-0.0017,0.0024,0.0042
2024-04-24,53.2533,158.8356,SO,0.0441,0.0348,0.0265,,,0.0035,,,,0.0151,,,,-0.0128,0.002,-0.0258,-0.0101,-0.0105,,-0.0088,-0.0103,-0.0058,-0.004,-1e-04,0.0029,0.0175,0.0104,0.0064,-0.0047,-0.0056
2024-08-14,53.2549,158.8383,E,,0.179,0.1657,0.1433,0.1201,0.0943,0.071,0.0504,0.0309,0.0181,0.0074,0.0015,-0.0081,-0.0086,-0.0019,0.0017,0.0064,0.0116,0.0096,0.0009,-0.0035,-0.0078,-0.0124,-0.0141,-0.013,-0.0092,-0.0034,0.0035,0.0064,0.0082
2024-08-14,53.2549,158.8383,N,0.0571,0.0605,0.0497,0.0455,0.0502,0.0341,0.0172,0.0191,0.0026,-0.0034,0.0034,0.0108,0.0232,0.0174,0.0094,0.0022,0.0188,0.0032,-0.0523,-0.0319,-0.0427,-0.0407,-0.0383,-0.0629,-0.0773,-0.0591,-0.0293,0.0147,0.0899,0.1043
2024-08-14,53.2549,158.8383,NE,0.0443,0.0346,0.0233,0.0077,0.001,-0.0002,-0.0028,-0.0149,-0.0247,-0.0083,0.0188,0.0075,0.0336,0.0767,0.0902,0.091,0.0739,0.049,0.0107,-0.0231,-0.0191,-0.0133,-0.0126,-0.0115,-0.0148,-0.0144,-0.0155,-0.0148,-0.0148,-0.0217
2024-08-14,53.2549,158.8383,NO,,0.0365,0.0256,0.0177,0.0031,0.0045,-0.0076,-0.0161,-0.0146,-0.0164,-0.0162,-0.0155,-0.0116,0.0003,0.0056,0.0106,0.0138,0.0161,0.022,0.0181,0.0205,0.0278,0.0277,0.0196,0.0063,-1e-04,-0.0061,-0.0187,-0.0155,-0.0249
2024-08-14,53.2549,158.8383,O,0.0245,0.0176,0.0041,-0.0216,-0.0325,-0.0317,-0.023,-0.0138,-0.0081,-0.0035,0.0002,0.0036,0.0062,0.0084,0.0086,0.0081,0.0093,0.0106,0.0124,0.0149,0.0093,0.0052,0.0026,0.0018,-0.009,-0.0169,-0.0165,-0.0216,-0.0231,-0.0192
2024-08-14,53.2549,158.8383,S,,0.1491,0.1431,0.126,0.1079,0.092,0.0666,0.038,0.0287,0.0179,0.0154,0.0083,0.0043,-0.0051,-0.0077,-0.003,-0.0064,-0.0032,-0.0023,-0.0061,-0.0016,-1e-04,-0.0047,-0.0018,0.0002,-0.0044,-0.0072,-0.0089,-0.0163,-0.0161
2024-08-14,53.2549,158.8383,SE,0.2107,0.1784,0.1689,0.1441,0.1253,0.1031,0.0752,0.063,0.0487,0.0499,0.0414,0.033,0.0364,0.017,0.007,-0.0103,-0.0107,-0.0166,-0.0204,-0.0166,-0.0245,-0.0192,-0.0233,-0.0207,-0.0134,-0.0068,0.0002,0.0075,0.02,0.0291
2024-08-14,53.2549,158.8383,SO,0.0547,0.0554,0.0499,0.0387,0.0233,0.019,0.0233,0.0367,0.0436,0.0476,0.0317,0.0312,0.0247,0.0199,0.0153,0.0054,-0.0035,-0.0017,-0.0096,-0.0158,-0.0089,-0.0058,-0.0069,-0.005,-0.0077,-0.0076,-0.0075,-0.0104,-0.0136,-0.0168
2024-10-26,53.2546,158.8369,E,,0.0176,0.0146,0.0065,0.0016,,,,,,,,,,,,,,,,,,,,,,,,,
2024-10-26,53.2546,158.8369,N,0.0062,0.0062,0.0032,0.0002,0.0003,-0.0014,-0.0024,-0.0019,-0.0017,-0.0011,-0.0008,0.0002,0.0012,0.002,0.0026,0.0036,0.0031,0.0023,0.0016,0.0002,-0.0014,-0.0022,-0.0013,-0.0012,-0.001,1e-04,0.0016,0.0,0.0021,0.0025
2024-10-26,53.2546,158.8369,NE,0.019,0.0139,0.0099,0.0058,0.0018,0.0003,-0.0004,-0.0007,-0.0008,-1e-04,0.001,0.0014,0.0023,0.0037,,0.0083,0.0042,0.0027,0.002,0.0003,-0.0009,-0.0018,-0.0028,-0.0005,-0.0012,-0.001,-0.0009,-0.0004,0.0012,-0.0008
2024-10-26,53.2546,158.8369,NO,,0.0079,0.0058,0.0034,0.0035,0.0014,-0.0008,0.0002,0.0011,0.0007,0.001,0.0004,-0.0008,-0.0,-0.001,-0.0005,-0.0006,-0.0004,-0.0002,-0.0009,-0.0015,-1e-04,0.0008,0.0013,0.0018,0.0015,,0.0013,-0.0005,-0.0024
2024-10-26,53.2546,158.8369,SE,0.0192,,,,,,,,,,,,,,,,,,,,,,,,,,,,,
2025-04-20,53.2573,158.8297,E,0.0582,,0.0297,0.0199,0.0097,0.0061,0.0039,0.0028,0.0022,0.0014,0.0015,0.0006,-0.0003,-0.0009,-0.0017,-0.0019,-0.0022,-0.0028,-0.0029,-0.0029,-0.0021,-0.0006,0.0012,0.004,0.0048,,,,,
2025-04-20,53.2573,158.8297,N,,,,,0.0236,0.0188,0.0196,0.0147,0.0086,0.0013,-0.0085,-0.0089,-0.0082,-0.0043,-0.0013,0.0025,0.0047,0.0069,,,,,,,,,,,,
2025-04-20,53.2573,158.8297,NE,,,0.0218,0.016,0.018,0.0077,0.0028,-0.0022,-0.0049,-0.003,-0.0017,-0.001,-0.0004,0.0016,0.002,0.0013,0.0019,0.001,0.0008,0.0009,0.0017,-1e-04,0.0005,0.0014,,,,,,
2025-04-20,53.2573,158.8297,S,0.0459,0.04,0.0347,0.0122,0.0092,0.0063,0.0016,,-0.0009,-0.0004,,,,,,,0.0008,-0.0,0.0008,,,,-0.0002,,0.0006,0.0031,,-0.0018,-0.0012,-0.0005
2025-04-20,53.2573,158.8297,SE,,,0.0265,0.0148,0.0119,0.0073,0.0047,0.0035,0.0017,0.0015,-0.0005,-0.0007,-0.0015,-0.001,-0.0007,-0.0011,-0.0004,-0.0005,-0.0003,-0.0005,-0.0005,-0.0003,0.0002,0.0015,0.0021,0.0035,0.0055,,,-0.0036
2025-04-20,53.2573,158.8297,SO,,-0.0092,,-0.0003,,,0.0,0.0,,,,,,,,,,,,,,,,,,,,,,
