date,center_lat,center_long,direction,15m,45m,75m,105m,135m,165m,195m,225m,255m,285m,315m,345m,375m,405m,435m,465m,495m,525m,555m,585m,615m,645m,675m,705m,735m,765m,795m,825m,855m,885m
2003-02-26,55.9738,160.5846,E,,0.1602,0.1566,0.1525,0.1473,0.1416,0.1361,0.1348,0.1209,0.0979,0.0559,0.0259,-0.0155,-0.0251,-0.0276,-0.0256,-0.024,-0.0215,-0.0184,-0.0138,-0.0089,-0.0063,-0.0041,-0.0078,-0.0037,-0.0003,0.0013,0.0039,0.0077,0.0102
2003-02-26,55.9738,160.5846,N,0.1054,0.0933,0.09,0.0539,0.0374,0.0188,0.0087,0.0054,0.0137,0.0166,0.0277,0.0407,0.0285,0.0239,0.0106,0.0047,0.0022,0.0057,0.0046,0.0111,0.0102,0.0043,-0.0087,-0.014,-0.0219,-0.0215,-0.0247,-0.0287,-0.0238,-0.0045
2003-02-26,55.9738,160.5846,NE,0.1546,0.1293,0.1168,0.1125,0.1118,0.082,0.0813,0.0079,0.0018,-0.0022,0.0072,-0.0021,0.0093,0.0011,0.0102,0.0143,-0.004,0.0161,-0.0042,0.0014,-0.0047,-0.0161,-0.0185,-0.0268,-0.0382,-0.0412,-0.0453,-0.0425,-0.0379,-0.0331
2003-02-26,55.9738,160.5846,NO,,0.0459,0.0313,0.0342,0.0041,-0.022,-0.0174,-0.0143,-0.0015,-0.0036,-0.0095,-0.0081,-0.0092,-0.0089,-0.0103,-0.0088,-0.0121,-0.014,-0.0208,-0.0193,-0.0156,-0.0131,0.0013,0.0071,0.0127,0.012,0.0281,0.0278,0.0364,0.0422
2003-02-26,55.9738,160.5846,O,0.0143,0.0143,0.0201,0.0233,0.0231,0.0097,0.0003,0.0107,0.0114,0.0036,-0.0019,-0.0116,-0.0203,-0.0265,-0.0381,-0.0293,-0.0166,-0.01,0.0034,0.0084,0.0185,0.0099,0.0114,0.038,0.0446,0.0411,0.0278,0.0214,0.0111,0.0076
2003-02-26,55.9738,160.5846,S,0.1515,0.1172,0.1211,0.1071,0.1057,0.0875,0.0633,0.0458,0.0308,0.0183,0.0004,-0.0026,-0.0061,-0.0138,-0.0166,-0.0173,-0.0146,-0.0163,-0.0189,-0.0181,-0.0157,-0.0147,-0.0176,-0.0164,-0.0043,-0.0029,-0.0019,0.0072,0.0161,0.0249
2003-02-26,55.9738,160.5846,SE,0.1886,0.1593,0.1429,0.1366,0.1464,0.1385,0.1353,0.0375,0.0121,0.0009,-0.0023,-0.0031,-0.002,-0.0004,0.001,0.0026,0.0002,-0.0033,-0.0058,-0.005,-0.0041,-0.0036,-0.0021,-0.0013,-0.0007,-1e-04,0.001,0.0014,0.0019,0.0028
2003-02-26,55.9738,160.5846,SO,0.0747,0.0746,0.0715,0.0617,0.0437,0.0183,-0.0135,-0.0466,-0.0673,-0.0566,-0.0427,-0.0302,-0.0053,0.001,-0.0026,0.0004,0.0022,0.011,0.0201,0.0164,0.0124,0.004,-0.0058,-0.0046,-0.0034,-0.0044,-0.002,-0.0067,-0.0159,-0.024
2003-05-26,55.9777,160.5948,E,0.1173,0.0689,0.0326,0.0148,0.0066,0.0063,0.0058,0.005,0.006,0.0116,0.0108,-0.002,-0.0026,-0.0037,-0.0087,-0.0099,-0.007,-0.0002,-0.0014,-0.0028,-0.0059,-0.0008,-0.0055,-0.0023,0.0049,0.0047,0.0041,-0.0004,0.0019,0.0011
2003-05-26,55.9777,160.5948,N,0.1469,0.1541,0.1578,,,,,,,,,,,,,,,,,,,,,,,,,,,
2003-05-26,55.9777,160.5948,NE,,0.1524,0.0874,0.0445,0.0326,0.0286,0.0286,,0.0406,,,,,,,,,,,,,,,,,,,,,
2003-05-26,55.9777,160.5948,NO,0.1709,,,,,,,,,,,,,,,,,,,,,,,,,,,,,
2003-05-26,55.9777,160.5948,O,,,,0.0194,0.0169,0.0144,,,0.0048,0.0111,0.0055,-0.0073,-0.0086,-0.0053,0.0124,0.0217,0.0067,-0.0002,-0.0125,-0.0095,,,,,,,,,,
2003-05-26,55.9777,160.5948,S,,0.142,0.1375,,,,,,,,,,,,,,,0.0481,,0.069,-0.0036,-0.0076,-0.0063,0.0006,0.0027,-0.0089,-0.0076,-0.0066,-0.0054,-0.0053
2003-05-26,55.9777,160.5948,SE,0.1453,0.1406,0.0931,0.0583,0.0314,0.0285,0.0196,0.0152,0.0108,0.0072,0.0032,0.0016,0.0009,-0.0002,-0.0024,0.0043,0.0016,-0.0019,-0.0006,-0.0032,-0.0046,-0.0073,-0.009,-0.007,-0.0037,-0.0018,0.0038,0.0032,0.0031,0.0053
2003-05-26,55.9777,160.5948,SO,0.0894,0.0827,0.0442,0.0075,0.0004,,,,-0.0245,-0.029,-0.0159,-0.0275,-0.0177,0.0004,0.017,-0.0204,-0.0214,-0.0224,-0.0125,-0.009,-0.0143,-0.0192,-0.0228,-0.0236,-0.0101,0.0011,0.011,0.0183,0.0162,0.0168
2004-02-13,55.976,160.5856,E,,0.115,0.1035,0.0737,0.0346,0.0065,0.0028,0.0033,-0.0003,0.0,0.001,0.002,0.003,0.0043,0.0012,-0.0021,-0.0012,-0.0004,0.0003,0.0012,-0.0026,-0.0021,,0.0156,0.0096,0.0009,0.0009,-0.0029,-0.0017,-0.0024
2004-02-13,55.976,160.5856,N,0.0543,0.0461,0.0404,-0.0151,-0.0248,-0.0293,-0.025,-0.0248,-0.0217,-0.019,-0.0166,-0.0157,-0.0019,-0.0038,-0.0138,-0.0133,-0.0143,-0.0167,-0.0171,-0.0144,-0.0124,-0.0108,-0.0095,-0.006,-0.0012,0.0076,0.0179,0.0105,0.0253,0.0265
2004-02-13,55.976,160.5856,NE,0.1042,0.0963,0.0844,0.0739,0.0464,0.0565,0.0399,0.0388,0.0349,0.0154,0.0192,0.0239,-0.012,-0.0101,-0.0073,-0.0109,-0.0165,-0.017,-0.0127,-0.024,-0.0058,-0.0018,,-0.0092,-0.0113,-0.0105,-0.0086,-0.0068,-0.0015,0.0005
2004-02-13,55.976,160.5856,NO,,0.0194,0.0074,-0.028,-0.0344,-0.0415,-0.0359,-0.0259,-0.0153,-0.0043,-0.0072,-0.0007,0.0052,0.012,0.0034,-0.009,-0.0207,-0.0174,-0.0167,-0.0149,-0.0101,-0.0129,-0.0175,-0.009,0.0028,0.0063,0.0101,0.0141,0.0244,0.0287
2004-02-13,55.976,160.5856,O,0.0469,0.0313,0.0236,0.0138,0.0064,-0.0012,-0.0006,0.0081,0.0091,0.0081,-0.0109,-0.0121,,,,0.0233,0.0167,0.01,0.0068,0.0018,-0.0008,-0.0091,-0.0103,-0.0111,-0.0088,-0.0079,-0.0104,-0.0055,-0.0039,-0.005
2004-02-13,55.976,160.5856,S,0.1243,0.1236,0.1076,0.0859,0.0696,0.0537,0.0142,-0.0012,-0.0012,-0.0016,-0.002,-0.0026,0.0025,0.0033,0.0021,0.0014,0.0017,0.0019,-0.0007,1e-04,-0.0051,-0.004,-0.003,-0.0023,-0.0014,-0.001,-1e-04,0.0007,0.0015,0.0023
2004-02-13,55.976,160.5856,SE,0.1169,0.1032,0.0728,0.0452,0.0176,0.0029,-0.0015,-0.0048,-0.002,0.0019,0.0031,0.0007,-0.0015,-0.0036,0.0004,0.0021,0.0032,0.0058,0.0028,0.0004,0.0012,-0.0013,-0.001,-0.0037,-0.0033,-0.0024,-0.0014,-0.0004,0.0004,0.0013
2004-02-13,55.976,160.5856,SO,0.0895,0.0896,0.0794,0.0714,0.0655,0.0544,0.047,0.041,0.0338,0.0227,0.0189,-0.0208,-0.0196,-0.017,-0.0155,-0.0205,-0.0223,-0.0202,-0.0196,-0.0129,-0.023,-0.025,-0.0104,-0.0094,-0.0095,0.0011,0.0045,0.0114,0.0181,0.0207
2004-03-16,55.974,160.5904,E,0.0677,0.057,0.0465,0.0424,0.0319,0.0248,0.0132,-0.0023,-0.0085,-0.0105,-0.0025,0.0091,0.0328,0.0555,0.0455,0.0165,-0.0084,-0.0189,-0.0204,-0.0193,-0.0182,-0.0183,-0.0175,-0.0163,-0.0153,-0.0142,-0.0136,-0.0112,-0.0097,-0.0055
2004-03-16,55.974,160.5904,N,,-0.0266,-0.0236,-0.0228,-0.0328,-0.0384,-0.0478,-0.043,-0.0422,-0.051,-0.0709,-0.0612,-0.0439,-0.0361,-0.0331,-0.0454,-0.0449,-0.0409,-0.038,-0.0308,-0.0225,-0.0151,-0.0126,-0.0065,-0.0,0.0027,-0.0002,-1e-04,0.0084,0.0146
2004-03-16,55.974,160.5904,NE,0.0423,0.0365,0.0315,0.0344,0.0267,0.0287,0.0174,0.0075,0.0027,-0.0035,-0.0098,-0.0174,-0.0225,-0.0166,-0.0087,1e-04,0.0037,0.0064,0.0067,0.0067,0.0036,-0.0075,-0.0041,0.0172,0.0214,0.0243,0.0291,0.0195,-0.0455,-0.0518
2004-03-16,55.974,160.5904,NO,-0.0581,-0.0554,-0.0785,-0.078,-0.0842,-0.077,-0.0592,-0.0511,-0.0519,-0.0509,-0.0487,-0.0495,-0.0452,-0.0133,-0.0215,-0.03,-0.0224,-0.0155,-0.0112,-0.014,-0.0198,-0.0206,-0.0122,-0.0018,0.0035,-0.0031,0.0071,0.0098,0.0234,0.0342
2004-03-16,55.974,160.5904,O,-0.0178,-0.0078,0.0095,0.0068,-0.0137,-0.0231,-0.0198,-0.0378,,,-0.0224,-0.0198,-0.0229,-0.0239,-0.0221,-0.013,-0.0112,-0.0135,-0.0189,-0.0241,-0.0238,-0.0228,-0.0125,0.0092,0.0142,0.0142,0.0162,0.0302,0.0321,0.0365
2004-03-16,55.974,160.5904,S,,0.0516,0.0478,0.0477,0.0342,0.0245,0.0165,0.0205,0.0284,0.0362,0.0439,0.0534,0.0516,0.0479,0.0441,0.0403,0.0326,0.0009,-0.0238,-0.0366,-0.0366,-0.0324,-0.0367,-0.0325,-0.0325,-0.0326,-0.0369,-0.0369,-0.037,-0.0328
2004-03-16,55.974,160.5904,SE,0.0733,0.0698,0.0679,0.0582,0.0293,0.0104,0.0025,0.0047,0.0169,0.0489,0.0572,0.0648,0.0693,0.0612,0.039,0.013,-0.0093,-0.0201,-0.0233,-0.0227,-0.0209,-0.0181,-0.0152,-0.0109,-0.0095,-0.0093,-0.0069,-0.0048,-0.003,-0.0013
2004-03-16,55.974,160.5904,SO,0.0238,0.0468,0.0092,0.0117,0.005,-0.0156,-0.0243,-0.0336,-0.0341,,,-0.014,-0.0202,-0.0182,-0.0048,0.0112,0.0174,0.0122,0.0115,0.0116,0.0062,0.0066,0.0059,0.0021,-0.0042,-0.0061,-0.0093,-0.015,-0.0217,-0.0266
2005-08-03,55.9765,160.5876,E,0.2651,0.2487,0.2286,0.1753,,,,0.0078,-0.0012,-0.0009,-0.0007,-0.0006,-0.0006,-0.0005,-0.0003,-0.0002,1e-04,0.0002,0.0003,0.0005,0.0008,,,,,,,,,
2005-08-03,55.9765,160.5876,N,,-0.0011,-0.022,,,,,,,,,,,,,,,,,,,,,,,-0.0255,-0.0159,-0.0059,0.006,0.0238
2005-08-03,55.9765,160.5876,NE,0.2588,0.2622,0.2273,0.1956,0.1768,,0.0621,0.0251,-0.0015,-0.0015,-0.0013,-0.0008,-0.0005,-1e-04,,,,,,,,,,,,,,,,
2005-08-03,55.9765,160.5876,NO,,,,,,,,,,,,,,,0.0172,0.0067,0.0077,0.0073,-0.0039,-0.0047,-0.008,-0.021,-0.0331,-0.0198,-0.0253,-0.0087,0.0055,0.0276,0.0466,0.0569
2005-08-03,55.9765,160.5876,O,,,,,,,,,,,,0.0335,0.0312,0.0243,0.0183,0.0025,0.0034,0.0094,-0.005,-0.0187,-0.0102,-0.0008,-0.0016,-0.0016,0.0043,0.0134,0.0031,-0.004,-0.0095,-0.024
2005-08-03,55.9765,160.5876,S,,0.198,0.1922,,0.1222,0.0718,0.0387,-0.0005,-0.0085,-0.0169,-0.0182,-0.0194,-0.0177,-0.0191,-0.0163,-0.0109,-0.0096,-0.005,-0.0014,-0.0007,-0.0045,-0.008,-0.0118,-0.0226,-0.0296,-0.012,0.0098,0.0123,0.0197,0.0345
2005-08-03,55.9765,160.5876,SE,0.2234,0.1853,0.1687,0.1227,0.0746,0.0229,0.0071,0.0008,0.0081,0.0083,0.0041,0.0015,0.0017,-0.0017,-0.0025,-0.0054,-0.0112,-0.012,-0.0033,-0.0077,-0.0044,-0.0052,0.0109,-0.0032,-0.0037,0.002,0.0057,-1e-04,-0.0045,0.0031
2005-08-03,55.9765,160.5876,SO,,,,,,,,,,,,0.2146,0.1294,0.0967,0.0313,0.02,0.0105,-0.008,-0.0194,-0.024,-0.0327,-0.0307,-0.041,-0.0262,-1e-04,-0.0085,0.0057,0.016,0.0203,0.0212
2006-02-02,55.9741,160.587,E,,0.1134,0.1117,0.1134,0.11,0.0952,0.0793,0.0573,0.0441,0.039,0.0263,0.0227,0.0188,0.0058,-0.0079,-0.0075,-0.0075,-0.0081,-0.0076,-0.0073,-0.005,-0.0049,-0.0043,-0.0034,-0.003,-0.0024,-0.0022,-0.0018,-0.0094,-0.0012
2006-02-02,55.9741,160.587,N,,0.0797,0.0764,0.0815,0.075,0.0598,0.0484,0.03,0.0294,0.0242,0.0201,0.016,0.0089,0.0129,0.0179,0.0144,0.0128,0.0014,-0.0076,-0.0166,-0.015,-0.0149,-0.0203,-0.0256,-0.0233,-0.0185,-0.0221,-0.0094,-0.0028,0.0202
2006-02-02,55.9741,160.587,NE,0.0949,0.0812,0.0713,0.0725,0.0682,0.0622,0.0542,0.05,0.0444,0.024,0.0187,0.0018,-0.0022,-0.002,-0.0103,-0.0087,-0.0051,-0.0015,0.0036,0.0034,-0.0031,-0.0011,-0.0179,-0.024,-0.023,-0.0236,-0.0237,-0.0257,-0.0291,-0.0319
2006-02-02,55.9741,160.587,NO,-0.0054,-0.0095,-0.0217,-0.023,-0.0136,-0.013,-0.0159,-0.0194,-0.0238,-0.0492,-0.0375,-0.0362,0.0064,0.014,-0.0149,-0.0068,-0.0124,-0.0081,-0.0103,-0.0111,-0.0111,-0.0061,-0.0092,-0.0183,-0.0113,-0.0027,0.006,0.0171,0.0222,0.0251
2006-02-02,55.9741,160.587,O,0.0017,-0.0026,-0.0225,,,,,0.0014,-0.0036,-0.0034,0.0005,-1e-04,0.0078,0.0102,0.0157,0.0117,-0.0006,-0.0042,0.0037,0.0042,0.0051,0.0049,0.0076,0.0055,-0.0056,1e-04,0.0056,0.0007,0.0022,-0.0008
2006-02-02,55.9741,160.587,S,0.088,0.0879,0.0785,0.0794,0.0789,0.0701,0.0594,0.0511,0.0389,0.0348,0.0232,-0.0038,-0.0212,-0.0199,-0.0183,-0.0099,-0.0091,-0.0066,-0.0137,-0.0126,-0.0055,-0.0033,-0.0024,-0.0014,-0.0077,-0.006,-0.0049,-0.0037,0.0036,0.006
2006-02-02,55.9741,160.587,SE,0.1221,0.1071,0.0955,0.0949,0.087,0.0921,0.0845,0.0821,0.065,0.0441,0.0169,-0.0043,-0.0151,-0.0148,-0.0129,-0.0106,-0.0091,-0.0079,0.0007,-0.0043,-0.0037,-0.0025,-0.0014,-0.0002,0.0008,0.0016,0.0022,-0.0011,0.0018,-0.0002
2006-02-02,55.9741,160.587,SO,0.0633,0.0521,0.0596,0.0596,,,,,0.067,0.0615,0.0454,0.028,0.0041,0.0041,-0.0187,-0.0246,-0.012,-0.0038,0.0005,0.0008,0.0008,0.0029,0.0052,0.0014,0.0013,0.0017,-0.0024,-0.0023,-0.0021,-0.006
2006-02-18,55.9767,160.5943,E,0.0708,0.0466,0.0425,0.0466,0.0299,0.0124,0.0124,0.0123,-0.0036,-0.0036,,,,-0.0035,-0.0035,-0.0035,-0.0035,-0.0075,-0.0033,-0.0033,-0.0033,-0.0032,-0.0032,-0.0032,-0.0032,-0.0031,0.0049,0.005,0.005,0.0009
2006-02-18,55.9767,160.5943,N,,0.1397,0.1361,0.129,0.0536,0.0214,0.0027,0.0009,0.0038,-0.0023,-0.0061,-0.0048,-0.0035,0.0006,0.004,0.0041,0.0009,-0.0077,0.0018,-0.0004,,,,,,,,,,
2006-02-18,55.9767,160.5943,NE,0.1089,0.1091,0.0952,0.0551,0.0348,0.0301,0.0257,0.0077,-1e-04,0.0004,0.0049,0.0051,0.0013,-0.022,-0.0175,-0.0054,-0.0122,-0.012,-0.0116,-0.0109,-0.0049,0.0006,-0.0019,-0.0014,0.0049,0.0053,0.0028,-0.0002,0.0,0.0076
2006-02-18,55.9767,160.5943,NO,0.1332,0.1258,0.12,0.0855,0.0383,0.0263,0.0179,,0.018,0.013,0.013,0.013,0.0132,,,,,,,,-0.0028,-0.0025,0.0008,0.0004,0.001,-0.0029,-0.0027,-0.0026,0.001,0.0045
2006-02-18,55.9767,160.5943,O,-0.0414,-0.037,-0.0693,-0.075,-0.0665,-0.0712,-0.0563,-0.0606,,,-0.0519,,-0.0548,-0.0497,-0.0369,-0.024,-0.0207,,,-0.0546,,,,,-0.0402,0.0214,0.019,0.0115,0.0098,-0.0062
2006-02-18,55.9767,160.5943,S,,0.004,-0.0238,-0.024,-0.0152,-0.0059,0.0008,0.001,0.0071,0.0116,0.017,0.0163,0.0079,0.01,0.0152,0.0191,0.0456,0.0588,0.0448,0.0408,-0.0049,-0.0045,0.0045,-0.0273,-0.0233,-0.029,-0.0314,-0.0346,-0.038,-0.0401
2006-02-18,55.9767,160.5943,SE,0.0742,0.0326,0.0235,0.0311,0.0494,0.0448,0.0375,0.0321,0.022,0.0062,-0.002,-0.0022,-0.0021,-0.002,-0.0018,-0.0091,-0.0096,-0.0092,-0.0088,-0.0086,-0.0007,-0.0005,-1e-04,-1e-04,0.0,-0.0002,0.0002,0.0015,-0.0044,-0.0057
2006-02-18,55.9767,160.5943,SO,0.0041,-0.0322,-0.0681,-0.0534,-0.0443,-0.0491,-0.0373,-0.0191,-0.0204,-0.0145,-0.0197,-0.0209,-0.0138,-0.0166,-0.0202,-0.0206,-0.018,-0.02,-0.0251,-0.0246,-0.0212,-0.0051,0.0222,0.0301,0.0293,0.0275,0.0249,0.0162,0.0182,0.014
2006-03-06,55.9738,160.5894,E,,0.092,0.0672,0.0652,0.0574,0.0574,0.0612,0.0612,0.0573,,,,,,0.0336,0.0171,1e-04,-0.0087,-0.0088,-0.0108,-0.0189,-0.0189,-0.01,-0.009,,,-0.0093,-0.0103,-0.0114,-0.0114
2006-03-06,55.9738,160.5894,N,,0.054,0.0157,0.0076,0.0075,0.0134,0.0137,0.0136,0.0115,0.0019,0.003,0.004,0.0039,-0.0099,-0.0017,-0.0096,-0.0189,-0.0266,-0.0282,-0.0277,-0.0257,-0.027,-0.0225,-0.0149,-0.0081,0.0013,0.0053,0.0093,0.0134,0.0135
2006-03-06,55.9738,160.5894,NE,0.0535,0.0486,0.0117,0.0104,0.0178,0.0225,0.012,0.0034,0.0048,0.0063,0.0019,-0.0016,,,,,,,,,,,,,,0.0117,0.0143,0.0121,0.015,0.0096
2006-03-06,55.9738,160.5894,NO,-0.0133,-0.0278,-0.0336,-0.059,-0.0595,-0.0589,-0.0528,-0.0448,-0.0427,-0.0394,-0.0295,-0.0063,0.0212,0.0322,0.0263,0.0172,0.0077,0.0096,0.0093,0.0014,-0.0032,0.0002,0.0124,0.0285,0.0302,0.0154,0.013,0.0104,-0.0017,-0.0137
2006-03-06,55.9738,160.5894,O,,0.0273,-0.0096,-0.0245,-0.0296,-0.0312,-0.028,-0.0264,-0.0253,-0.019,-0.0147,-0.0051,,,-0.0013,-0.0046,-0.0016,-0.0017,-0.0034,-0.0087,-0.0082,-0.004,0.008,0.019,0.0105,0.0023,0.0073,0.0106,0.0107,0.0086
2006-03-06,55.9738,160.5894,S,,0.083,0.0598,,,,0.0612,0.0843,0.084,0.0915,0.072,0.0589,0.0473,0.0284,0.0134,0.003,-0.0049,-0.012,-0.0105,-0.0055,-0.0105,-0.0116,-0.0177,-0.0246,-0.0245,-0.0237,-0.0142,-0.0184,-0.018,-0.0212
2006-03-06,55.9738,160.5894,SE,0.104,0.0899,0.0772,0.0681,0.0803,0.0803,0.0769,0.0765,,,,,,,0.0282,0.0106,0.0022,-0.001,1e-04,0.0005,-0.0002,0.0024,0.0031,-0.0055,-0.0045,-0.0038,-0.0031,-0.0025,-0.0017,-0.001
2006-03-06,55.9738,160.5894,SO,0.0355,0.0293,,-0.0082,-0.0103,-0.0072,-0.0017,0.0051,0.0083,0.0081,0.0118,0.0065,0.0013,,0.019,-0.0055,-0.0047,-0.0028,-0.0007,0.0007,0.011,0.0104,0.0088,0.0081,0.0003,-0.0008,-0.0053,-0.0093,-0.007,-0.0114
2006-04-23,55.9772,160.5948,E,0.1028,0.0998,0.1043,0.0806,0.0655,0.0472,0.0309,0.0186,0.0163,0.0139,0.0129,0.0126,0.0126,0.0095,0.0068,0.0014,0.0048,-0.0067,-0.0087,-0.0469,-0.0494,-0.0436,,,0.0107,0.0078,0.0097,0.0088,0.0089,0.0043
2006-04-23,55.9772,160.5948,N,0.0594,0.0593,0.0423,-0.012,-0.0312,-0.0313,-0.0241,-0.0148,-0.0113,-0.0101,-0.0041,-0.0098,-0.0019,0.0086,0.0126,0.0126,0.0088,0.0114,0.0114,0.0116,0.0076,0.0183,0.0164,0.0118,0.0076,-0.0024,-0.0073,-0.0107,-0.0135,-0.0212
2006-04-23,55.9772,160.5948,NE,,0.0916,0.0923,0.0752,0.0643,0.0494,0.0344,0.0149,0.0096,0.0033,0.001,0.0042,-0.0049,-0.0126,-0.0118,-0.0126,-0.0128,-0.0107,-0.0076,-0.0039,-0.0042,0.0022,0.0128,0.0091,0.0079,0.0061,0.0079,0.0029,-0.005,0.0042
2006-04-23,55.9772,160.5948,NO,-0.0368,0.01,-0.0073,-0.0651,-0.1136,-0.1162,-0.1261,-0.119,-0.1225,-0.1177,-0.1295,-0.125,-0.1238,-0.11,-0.1096,-0.0947,-0.079,-0.0726,-0.0662,-0.0473,-0.0245,0.0022,0.0318,0.0494,0.0534,0.0564,0.0604,0.0724,0.0791,0.0908
2006-04-23,55.9772,160.5948,O,,-0.1108,-0.1145,-0.1626,-0.2018,,,,,,,,,,,,,,,,-0.13,-0.0911,-0.0689,1e-04,-0.0084,0.0117,0.0274,0.032,0.0162,-0.0667
2006-04-23,55.9772,160.5948,S,0.1246,0.1225,0.0815,,0.0816,0.0858,0.0882,,,,,,,,,0.0742,0.0346,0.012,-0.0192,-0.0249,-0.0193,-0.0154,-0.0126,-0.0064,0.0002,0.004,0.006,0.0077,0.0139,0.0131
2006-04-23,55.9772,160.5948,SE,0.1222,0.1038,0.0926,0.0813,0.0756,0.0697,0.0697,0.0224,0.0102,0.0019,-0.0063,-0.0064,-0.0063,-0.0063,-0.0062,-0.0,0.0021,-0.0061,-0.0061,-0.006,-0.0062,-0.0062,-0.0062,-0.0062,-0.0062,-0.0061,-0.002,0.0022,0.0063,0.0105
2006-04-23,55.9772,160.5948,SO,0.0093,-0.0175,-0.0814,,,,,,,,,,,,,,,,,-0.0574,-0.0508,-0.0459,-0.0345,-0.0223,-0.0156,-0.0044,0.0061,0.0153,0.0173,0.0206
2006-11-10,55.9738,160.5894,E,,0.114,0.1079,0.0967,0.0835,0.0794,0.0752,0.061,0.0412,0.0087,-0.0029,-0.0058,-0.0014,0.0079,0.005,-0.0054,-0.0215,-0.0306,-0.0299,,,,,,,-0.0177,-0.0148,-0.0118,-0.0092,-0.0065
2006-11-10,55.9738,160.5894,N,,0.077,0.0182,0.0041,-0.0063,-0.0095,-0.0184,-0.0214,-0.014,-0.011,-0.008,-0.0179,0.0126,0.004,-0.0107,-0.025,-0.0566,-0.0584,-0.0723,-0.0653,-0.0589,-0.0474,-0.0346,-0.0184,-0.0087,0.0147,0.0162,0.0159,0.0254,0.0458
2006-11-10,55.9738,160.5894,NE,0.0928,0.089,0.0763,0.0673,0.0541,0.0407,0.0172,-0.0022,-0.0077,-0.0124,-0.0192,-0.0153,-0.0116,-0.0059,-0.0105,0.0194,0.0341,0.0347,-0.0064,-0.0148,-0.014,-0.0116,-0.009,-0.004,0.0065,,-0.0317,-0.0289,-0.0246,-0.0208
2006-11-10,55.9738,160.5894,NO,0.0011,-0.0047,-0.0233,-0.0752,-0.0864,-0.1068,-0.107,-0.0932,-0.065,-0.0477,-0.0068,0.0024,0.0086,-0.0289,-0.0294,-0.021,-0.0207,0.0019,0.0083,0.0114,0.0544,0.0397,0.013,0.0192,0.0566,-0.0139,-0.0096,-0.0136,-0.0223,0.005
2006-11-10,55.9738,160.5894,O,,0.0952,0.0584,0.0114,-0.021,-0.0235,-0.0187,-0.0012,0.0139,0.0202,,,,,,,,-0.0387,-0.0426,-0.0421,-0.0277,-0.0031,0.0132,0.0193,0.0204,0.0161,0.0102,0.0073,0.0065,0.0047
2006-11-10,55.9738,160.5894,S,,0.0599,0.0112,-0.0032,-0.0054,-0.0015,0.0047,0.0168,0.0281,0.0261,0.0304,0.0388,0.026,0.0209,0.0191,0.0311,-0.0035,-0.0251,-0.0305,-0.0361,-0.0388,-0.0329,-0.0435,-0.0466,-0.0495,-0.0562,-0.0603,-0.0661,-0.068,-0.0716
2006-11-10,55.9738,160.5894,SE,0.0806,0.0588,0.0435,0.0273,0.0327,0.0349,0.0378,0.0315,0.0276,0.0319,0.0626,0.0869,0.0768,0.0603,0.0389,-0.0051,-0.0149,-0.0274,-0.0327,-0.0386,-0.0414,-0.0448,-0.0476,-0.0509,,,,-0.0632,-0.0666,
2006-11-10,55.9738,160.5894,SO,0.0638,0.0343,0.0242,-0.0127,-0.0083,-0.0162,-0.016,-0.0188,-0.0122,-0.0064,-0.0006,0.0009,,,,,,-0.0477,-0.0419,-0.0268,-0.0124,-0.0071,0.0119,0.0123,0.0031,0.0006,-0.0006,-0.0062,-0.0036,-0.0073
2007-08-25,55.9738,160.5851,E,,0.0957,0.0741,0.0645,0.0685,0.0718,0.0611,0.0532,0.0571,0.0535,0.0453,0.0285,-0.0008,-0.0267,-0.0285,-0.0227,-0.0204,-0.0199,-0.0167,-0.0123,-0.0164,0.0004,0.0051,0.0108,0.0131,0.0309,,,,
2007-08-25,55.9738,160.5851,N,0.0852,0.0808,0.0681,0.0664,0.0572,0.0544,0.0606,0.0687,0.0705,0.0654,0.0419,,0.0228,0.0123,-0.0063,0.0489,0.0336,0.0199,0.0194,0.012,-0.01,0.0086,-0.0159,-0.0072,-0.0171,-0.0317,-0.0446,-0.0498,-0.0558,-0.0554
2007-08-25,55.9738,160.5851,NE,0.0812,0.0557,0.0564,0.0526,0.0531,0.0549,0.0649,0.0673,0.0632,0.0579,0.0499,0.0346,0.0194,0.0042,-0.0122,-0.0144,-0.0181,-0.0124,-0.021,-0.0123,-0.0142,-0.0114,0.0065,0.0064,,,,,,
2007-08-25,55.9738,160.5851,NO,,,,-0.0605,-0.0674,,,,,,,,,,-0.009,-0.0187,-0.0167,-0.0058,0.0033,0.009,0.0159,0.014,0.011,0.0117,0.0051,0.0037,-0.0023,-0.0024,-0.0075,-0.0096
2007-08-25,55.9738,160.5851,O,0.039,,,,,,,,,,,0.018,0.0152,0.0147,0.0227,0.0285,0.0269,0.0286,0.0082,-0.0012,-0.0079,-0.0072,-0.0022,-0.0016,-0.0004,-0.0021,-0.0036,-0.0083,-0.0134,-0.0283
2007-08-25,55.9738,160.5851,S,0.0966,0.09,0.0946,0.0673,0.0635,0.0584,0.0511,0.0282,0.0193,0.0104,0.0051,-0.0044,-0.0051,-0.0099,-0.0159,-0.0138,-0.0203,-0.022,-0.0237,-0.0248,-0.026,-0.0273,-0.0284,-0.0273,-0.0175,-0.0011,0.0067,0.0117,0.0193,0.0168
2007-08-25,55.9738,160.5851,SE,0.1165,0.0826,0.0708,0.0685,0.0628,0.068,0.0757,0.0691,0.0321,0.017,0.0015,-0.0061,-0.0065,-0.008,-0.0065,-0.0092,-0.0097,-0.0104,-0.011,-0.0111,-0.0083,-0.0088,-0.0061,-0.0065,-0.0044,0.0024,0.0075,0.0117,0.0188,0.0195
2007-08-25,55.9738,160.5851,SO,,0.0855,,,,,,,,,,,-0.0271,-0.0317,-0.0278,-0.0155,-0.0114,-0.0033,0.0046,0.0124,0.0124,0.0123,0.0122,0.0122,0.0121,0.0036,-0.0007,-0.0074,-0.0118,-0.017
2007-09-26,55.9755,160.5823,E,0.0774,,,,,,,,,,,,,,,,,,,,-0.0024,-0.0067,,,,,,-0.0034,-0.0031,-0.0099
2007-09-26,55.9755,160.5823,NE,,,,,,,,,,,,,,,,,,,,,,,,-0.0002,-0.0032,0.002,-0.0016,0.0012,-0.0054,
2007-09-26,55.9755,160.5823,NO,,,,,,,,,,,,,0.9434,,,,,,,,,,,,,,,0.015,0.0013,
2007-09-26,55.9755,160.5823,O,,0.045,,,,,0.0425,,0.0382,-0.0036,-0.0178,-0.0416,-0.0198,,,,,,,,,,,,,,,,0.0441,0.0245
2007-09-26,55.9755,160.5823,S,0.0126,0.0063,0.0,,,,,,,,,,,,,,,,,,,,,,,,,,,
2007-09-26,55.9755,160.5823,SE,,,0.0,,,,,,,,,,,,,,,,,,,,,,,,,,,
2007-09-26,55.9755,160.5823,SO,,0.0248,0.0126,1e-04,1e-04,,,,,,,,,,,,,,,,,,,,,,,,,
2007-11-13,55.9738,160.5889,E,0.1632,,,,,,,,,,0.0114,0.0107,0.014,0.0296,0.0175,0.0321,0.0211,0.001,-0.0028,-0.0073,-0.0078,-0.009,-0.0095,-0.0119,-0.0076,-0.003,-0.0031,1e-04,0.0036,0.0072
2007-11-13,55.9738,160.5889,N,,0.0554,0.041,,-0.0424,-0.0497,-0.0523,-0.0357,0.0152,0.025,0.0237,-0.0018,0.008,0.0005,-0.0172,-0.0302,-0.0373,-0.0598,,-0.0553,-0.0882,-0.0588,-0.052,-0.0298,-0.0011,0.0218,0.0423,0.0287,0.0159,0.0078
2007-11-13,55.9738,160.5889,NE,0.1398,,,,,,,,,,-0.0111,-0.0091,-0.0034,-0.0032,-0.0072,0.0128,0.0125,0.0062,0.0085,0.0104,0.008,-0.0003,-0.0048,-0.013,-0.0165,-0.0165,-0.0162,-0.016,-0.0154,-0.0131
2007-11-13,55.9738,160.5889,NO,0.0094,0.0068,-0.005,-0.0431,-0.0753,-0.0832,-0.0856,-0.0556,-0.0449,-0.0277,-0.0187,0.0541,0.0186,0.0324,0.0192,0.0057,-0.0086,-0.0054,0.0101,0.0083,-0.0052,-0.0019,-0.0051,-0.0113,-0.0113,-0.0098,-0.0096,-0.0029,0.0057,0.0057
2007-11-13,55.9738,160.5889,O,0.0647,0.047,0.044,0.0106,-0.0187,-0.036,-0.0395,-0.0228,-0.0036,0.0092,0.0256,0.0359,0.0052,0.004,-0.0015,-0.0095,-0.0046,0.0043,0.0234,0.0189,0.0094,0.0259,0.0173,,,,,,,
2007-11-13,55.9738,160.5889,S,,0.0751,0.0655,0.0597,0.0635,0.0653,0.0843,0.0888,0.0969,0.0793,0.0671,0.0206,0.0067,-0.012,-0.0243,-0.0192,-0.0208,-0.0214,-0.0201,-0.0194,-0.0232,-0.0292,-0.0304,-0.0303,-0.0291,-0.0259,-0.0227,-0.0193,-0.0168,-0.0129
2007-11-13,55.9738,160.5889,SE,0.1778,0.1437,,0.0859,,,,,,,,,,,,,,,,,,0.0036,0.0003,0.0004,0.001,-0.0019,-0.0017,-0.0013,-0.0009,-0.0005
2007-11-13,55.9738,160.5889,SO,0.1462,0.1025,0.0856,0.0215,0.0299,0.0126,0.0051,0.0013,-0.0008,-0.0017,-0.0019,0.0017,0.0025,-0.0019,-0.0075,-0.0117,-0.0121,-0.0078,,,,,,,,,,,,
2008-03-04,55.9765,160.5862,E,,0.1614,0.0948,0.06,0.0352,0.0209,0.0137,0.0116,0.0105,0.0081,0.0045,0.0035,0.0005,-0.0018,-0.0044,-0.0065,-0.0125,-0.0142,-0.0201,-0.0221,,,,,,,-0.0332,-0.0047,-0.0034,0.01
2008-03-04,55.9765,160.5862,N,0.1028,0.1036,0.0519,0.0457,-0.0069,-0.0164,-0.01,-0.0158,-0.0192,-0.0207,-0.0175,-0.0182,-0.0222,-0.0229,-0.0152,-0.0039,0.0058,0.0169,0.0209,0.0109,0.0062,-0.0059,-0.0139,-0.015,-0.0171,-0.0117,-0.0083,0.0004,0.0016,0.01
2008-03-04,55.9765,160.5862,NE,0.1279,0.1105,0.0932,0.0994,0.088,0.0677,0.0805,0.0597,0.0331,0.009,-0.0009,-0.0171,-0.0224,-0.0214,-0.0202,-0.0197,-0.0232,-0.0218,-0.0217,-0.0176,-0.0134,-0.0122,-0.0117,-0.0185,-0.015,-0.0098,-0.0033,-0.0024,0.0008,0.0011
2008-03-04,55.9765,160.5862,NO,0.0566,0.0384,-0.0052,-0.0214,-0.0443,-0.0384,-0.0345,-0.0385,-0.0233,-0.0121,-0.0087,-0.0146,-0.0095,-0.0135,-0.0251,-0.0214,-0.0369,-0.0371,-0.0313,-0.0221,0.0075,0.0111,0.0288,0.0107,-0.0041,0.0033,0.0346,0.0417,0.0456,0.0528
2008-03-04,55.9765,160.5862,O,0.0407,0.0269,0.0131,-0.005,-0.0236,-0.0413,-0.0639,,,,,,,,,,-0.0033,-0.0102,-0.0205,-0.0178,-0.0186,-0.0172,-0.0129,-0.0089,-0.002,0.005,0.0101,0.0171,0.0233,0.0246
2008-03-04,55.9765,160.5862,S,0.1445,0.135,0.1405,0.101,0.0705,0.0575,0.0107,0.0066,0.002,-0.0008,-0.0017,-0.0009,-0.0002,-1e-04,0.0005,0.0024,0.0002,-0.0035,-0.0039,-0.0064,-0.0057,-0.0053,-0.0047,-0.0043,-0.0038,-0.0033,0.0011,0.0055,0.0101,0.0125
2008-03-04,55.9765,160.5862,SE,0.1574,0.1179,0.0602,0.0294,0.0097,0.0061,0.0024,0.0027,0.0032,0.0034,0.0039,0.0004,0.001,0.0015,0.0018,0.0021,-0.0013,-0.0016,-0.0046,-0.0042,-0.0038,-0.0035,-0.0032,-0.003,-0.0028,-0.0025,-0.0022,1e-04,0.0108,0.0194
2008-03-04,55.9765,160.5862,SO,,0.087,0.0833,0.0752,0.0629,0.0583,0.0583,0.0555,0.0074,-0.058,,,,,,,,-0.0394,-0.04,-0.0323,-0.032,-0.0242,-0.02,-0.013,-0.0112,-0.0075,0.0082,0.0298,0.0225,0.0416
2008-08-27,55.9816,160.5902,E,,,,,,,,,,,,,,,,,,,,,,,0.0124,-0.0087,-0.009,-0.0048,,,,
2008-08-27,55.9816,160.5902,N,,,,,,,,,,-0.0095,0.003,0.0085,0.0187,0.023,0.0178,0.0177,0.0098,0.0019,-1e-04,-0.0003,-0.0013,-0.0088,-0.005,-0.0058,-0.01,-0.013,-0.0128,-0.0089,0.0056,0.0227
2008-08-27,55.9816,160.5902,NE,,,,,,,,,,,-0.0144,-0.0122,-0.0059,-0.0014,0.0014,0.0041,0.0128,0.0212,,,,,,,,,,,,
2008-08-27,55.9816,160.5902,NO,0.0216,0.016,0.0142,0.013,0.0056,-0.0012,-0.0111,-0.016,-0.0152,-0.0141,-0.0102,-0.0061,-0.0044,-0.002,-0.0008,0.0004,-0.0006,-0.0039,-0.0046,-0.0013,-0.0005,0.0028,0.0031,0.001,0.0052,0.0054,0.0063,0.018,0.0174,0.0236
2008-08-27,55.9816,160.5902,O,,0.0205,0.0132,0.0071,0.0043,0.0025,0.0016,0.0031,-0.0029,-0.0011,,,,,,,,,,,,,,,,,,,,
2008-08-27,55.9816,160.5902,S,,0.0112,-0.003,-0.0049,-0.0065,-0.0086,-0.0105,-0.0103,-0.0074,-0.0002,0.006,0.0037,0.0032,0.0006,0.0027,0.0037,0.0032,0.0022,0.0009,-0.0019,-1e-04,-0.0048,-0.001,0.0013,0.001,-1e-04,0.0018,-0.0023,0.0004,-0.0078
2008-08-27,55.9816,160.5902,SE,-0.0458,,-0.053,-0.0415,-0.0348,-0.0286,-0.0147,-0.0034,-0.0034,0.0004,-0.0036,,,,,,,,,,,,,,,,0.0009,-0.0021,,-0.0005
2008-08-27,55.9816,160.5902,SO,0.0248,0.0144,0.006,0.0016,0.0022,-0.0025,-0.0023,-0.0018,-0.0015,-0.001,0.0002,0.0004,1e-04,-0.0,-0.0002,,,,,,,,,,,-0.001,-0.0013,-0.0009,-0.0011,0.0012
2009-03-07,55.9765,160.5852,E,0.1416,0.116,0.0937,,,,,,,,,,,0.0052,0.0013,0.0029,0.0002,-0.0017,-0.0033,-0.0021,-0.0082,-0.0055,-0.0032,-0.0,0.0005,0.0022,0.0034,-0.0004,-0.0024,-0.0031
2009-03-07,55.9765,160.5852,N,,0.0727,0.0625,0.061,0.0181,0.0167,0.0148,0.0129,0.0067,0.0108,0.0102,0.0136,0.0083,0.0035,0.0025,0.0056,0.0013,0.0005,0.0025,0.0009,0.0044,0.0052,-0.0003,-0.0025,-0.0054,-0.0033,-0.0043,-0.0062,-0.0069,-0.0059
2009-03-07,55.9765,160.5852,NE,0.0845,0.0733,0.0772,0.0735,,,,,,,,,,,,,,,,,,,,-0.009,-0.009,-0.0047,-0.0007,-1e-04,0.0007,0.001
2009-03-07,55.9765,160.5852,NO,0.0509,0.0482,0.0384,0.0284,0.0162,-0.0009,-0.0049,-0.0052,-0.0088,-0.0072,0.0005,0.0015,0.0067,0.0035,-0.0013,-0.0062,-0.0068,-0.0112,-0.0103,-0.0026,0.0002,0.0066,0.0105,0.0113,0.0122,0.0126,0.0085,0.0129,-0.0155,-0.0198
2009-03-07,55.9765,160.5852,O,0.0375,,0.038,0.0233,0.0089,0.0019,-0.0021,-0.0032,-0.0044,0.0017,-0.0058,0.0163,0.0047,-0.0011,-0.0004,-0.0027,-0.0026,-0.0026,-0.0025,0.0005,0.0013,0.0008,0.0038,0.0033,,,,,,
2009-03-07,55.9765,160.5852,S,,0.0967,0.0813,0.0378,0.0212,0.0021,-1e-04,-1e-04,-0.0002,-0.0002,-0.0002,-0.0002,-0.0002,-0.0002,-0.0003,-0.0004,-0.0004,-0.0005,-0.0005,-0.0005,-0.0006,-0.0006,-0.0006,-0.0007,-0.0007,-0.0007,0.0036,-0.0007,-0.0007,-0.0008
2009-03-07,55.9765,160.5852,SE,0.0033,-0.0276,-0.0436,-0.0627,-0.0818,-0.0822,-0.0777,-0.0741,-0.0708,,,,,,,,,,,,,,,,-0.0085,-0.0053,-0.0023,0.003,0.0049,0.0053
2009-03-07,55.9765,160.5852,SO,0.0743,0.0709,0.0773,0.0696,0.0523,0.029,0.0266,0.015,0.0169,0.0035,0.0023,-0.009,0.002,-0.0005,-0.0002,-0.0032,,,,,,,,,,,,,,
2009-10-24,55.9768,160.5871,E,0.1346,0.1206,0.0687,0.0219,0.0098,0.0061,0.0022,-0.0015,-0.0011,-0.0008,0.0035,-1e-04,-0.0038,-0.0033,-0.0029,-0.0027,-0.0005,0.0056,0.0058,0.0068,0.0051,0.0034,-0.0007,-0.0007,-0.0049,-0.0093,-0.0051,0.0003,0.0004,0.0004
2009-10-24,55.9768,160.5871,N,,0.0379,0.0169,-0.0054,-0.0189,-0.0306,-0.0365,-0.0349,-0.0323,-0.0252,-0.0272,-0.0283,-0.0275,-0.0126,-0.0046,0.0062,0.028,0.0361,0.0246,0.0113,0.002,0.0015,-0.0009,-0.0042,-0.0011,-0.0052,-0.003,-0.0093,0.0124,0.0292
2009-10-24,55.9768,160.5871,NE,0.105,0.1087,0.0982,0.0966,0.0963,0.09,0.0579,0.0576,0.0239,-0.0,-0.0037,-0.0066,-0.0098,-0.0132,-0.0144,-0.0134,-0.0099,-0.0098,-0.0084,-0.0043,-0.003,-0.0008,0.0026,0.0043,0.0047,0.001,-0.0017,-0.0005,0.0006,0.0021
2009-10-24,55.9768,160.5871,NO,0.0133,0.0141,-0.0238,-0.0096,-0.0027,0.0065,0.0026,0.0031,-0.0219,-0.0108,-0.0043,-0.0036,-0.0183,-0.0384,-0.0362,-0.0532,-0.0345,-0.0194,-0.0089,0.0036,0.0372,0.0405,0.031,0.0063,0.0024,-0.0017,-0.0166,-0.0132,-0.0051,0.016
2009-10-24,55.9768,160.5871,O,-0.0081,-0.0243,-0.0699,-0.0698,-0.0791,,,,,-0.0649,-0.0594,-0.0375,-0.0272,-0.0261,-0.0228,-0.0115,-0.017,-0.0136,-0.0111,-0.0048,0.0015,0.0154,0.0205,0.0437,0.0325,0.0162,-0.0003,-0.0135,-0.0278,-0.0247
2009-10-24,55.9768,160.5871,S,,0.1293,0.1216,0.0824,0.0669,0.0556,0.0304,0.0147,0.0305,-0.0005,-0.0052,-0.0076,-0.0069,-0.008,-0.0089,-0.0052,-0.0039,-0.0032,-0.0047,-0.006,-0.0053,-0.0047,-0.0035,-0.0029,-0.0024,-0.0021,-0.0017,0.0028,0.0074,0.0086
2009-10-24,55.9768,160.5871,SE,0.1304,0.1012,0.0654,0.0281,0.0085,0.0007,0.0042,0.0019,0.0022,0.0068,0.0039,0.0003,0.0003,-0.0012,-0.0019,-0.0015,-0.0006,-1e-04,0.0005,-0.0029,-0.0026,-0.0022,-0.0018,-0.0014,-0.0011,-0.0008,-0.0006,-0.0003,0.0002,0.0006
2009-10-24,55.9768,160.5871,SO,0.0938,0.0917,0.0832,0.0855,0.0842,0.0828,0.0654,,,0.064,0.0517,0.0485,0.0313,0.0163,0.0143,0.0071,-0.0055,-0.011,-0.0276,-0.0395,-0.0371,-0.0442,-0.0278,-0.0105,-0.0034,0.0097,0.0078,0.0154,0.0349,0.0342
2010-03-01,55.9738,160.5841,E,0.0925,0.0821,0.0703,0.0602,0.0589,0.059,0.0554,0.0457,0.0182,0.0088,-0.0091,,-0.0131,-0.0145,-0.0124,-0.0131,-0.0103,-0.0024,-0.0024,-0.0046,-0.0051,-0.0002,,,,,,,0.0027,-0.0003
2010-03-01,55.9738,160.5841,N,0.0618,0.0643,0.0635,0.0459,0.0357,0.0286,0.0167,0.0125,,,,0.0267,0.0423,0.0325,0.0168,0.0103,0.0077,0.0006,0.0035,0.0064,0.0205,0.02,0.0153,0.0131,0.0088,1e-04,-0.0268,-0.0296,-0.0365,-0.0347
2010-03-01,55.9738,160.5841,NE,,0.0604,0.0528,0.0456,0.0414,0.0378,0.0323,0.0266,0.0203,0.0099,0.0133,0.0122,0.0164,0.0057,0.0008,-0.0016,-0.0037,-0.0031,-0.0058,-0.0112,-0.0138,-0.016,-0.0046,-0.0044,0.0108,0.012,0.011,-0.0292,-0.0273,-0.0256
2010-03-01,55.9738,160.5841,NO,-0.0283,-0.0289,-0.03,-0.0364,-0.0422,-0.0493,-0.0499,-0.0484,-0.0511,-0.0459,-0.0422,-0.0398,-0.0355,-0.0347,-0.0349,-0.0342,-0.0185,-0.0062,-0.0009,-0.0103,-0.0182,-0.0152,1e-04,-0.0042,-0.0008,0.0277,0.0301,0.0305,0.0389,0.05
2010-03-01,55.9738,160.5841,O,0.0042,0.004,-0.0043,-0.0085,-0.003,-0.0047,0.0003,0.0008,-0.005,-0.0254,,,-0.0147,-0.0096,-0.0101,-0.0119,-0.0046,-0.0013,-0.0071,-0.0194,-0.0188,-0.0149,-0.003,0.0096,0.0261,0.0216,0.0262,0.0221,0.0215,0.0139
2010-03-01,55.9738,160.5841,S,,0.0896,0.081,0.0729,0.061,0.0426,0.0311,0.0293,0.0187,0.0151,0.0032,-0.0021,-0.0113,-0.0107,-0.0144,-0.0141,-0.0138,-0.0172,-0.0166,-0.016,-0.0154,-0.0148,-0.0142,-0.0136,-0.0132,-0.0086,-0.0039,-0.0035,0.0012,0.0015
2010-03-01,55.9738,160.5841,SE,0.1058,0.0947,0.0861,0.0807,0.0799,0.066,0.0324,0.0129,0.0028,0.002,0.002,-0.0007,0.0017,0.004,0.0007,0.0008,0.0009,-0.0017,-0.0045,-0.004,-0.0035,-0.0029,-0.0026,-0.0023,-0.0023,-0.0018,-0.0011,0.0033,0.0075,0.0093
2010-03-01,55.9738,160.5841,SO,0.0556,0.0474,0.039,0.0246,0.0111,-0.0029,-0.0313,-0.048,-0.0494,-0.0515,-0.0536,-0.0586,-0.0211,0.0041,-0.0136,-0.0015,0.017,0.0229,0.0223,0.0202,0.012,0.01,0.0011,0.0025,-0.0015,-0.0021,-0.0033,-0.0078,-0.0126,-0.0131
2010-04-02,55.9773,160.5881,E,0.1588,0.131,0.0862,0.0488,0.0233,0.0169,0.0152,0.0091,0.0042,0.0011,-0.0011,-0.0006,-0.0063,-0.0067,-0.0033,-0.0054,-0.0063,-0.0101,-0.0112,-0.0099,-0.0073,-0.0048,0.0029,0.0052,0.005,0.0077,0.0133,0.0128,0.0173,0.0222
2010-04-02,55.9773,160.5881,N,,0.0715,0.06,0.0427,0.0406,0.0386,0.0272,0.0199,0.0064,0.0147,-0.0173,-0.0156,-0.0113,-0.0081,0.0026,0.0024,0.005,-0.0086,-0.0136,-0.0177,-0.018,-0.0172,-0.0138,-0.0045,0.0049,0.0045,0.0168,0.0196,0.0254,0.0106
2010-04-02,55.9773,160.5881,NE,0.1202,0.1065,0.1133,0.0927,0.07,0.0428,0.0105,-0.002,0.0018,-0.0111,-0.0113,-0.0117,-0.0159,-0.0164,-0.0166,-0.0173,-0.0122,-0.0103,-0.0128,-0.0088,-0.0005,0.0035,0.0031,0.0032,0.0074,0.0103,0.0108,0.014,0.0175,0.0174
2010-04-02,55.9773,160.5881,NO,0.034,0.0236,0.0034,-0.0228,,-0.036,-0.0478,-0.0583,-0.0597,-0.0635,0.033,0.0231,0.0158,-0.0059,-0.0195,-0.0258,-0.0104,-0.0054,0.0194,0.0289,0.0499,0.0572,0.0404,0.0289,0.0026,-0.0171,-0.0208,-0.0264,-0.0268,-0.0244
2010-04-02,55.9773,160.5881,O,0.0289,,,,,,-0.0222,-0.0296,-0.0294,-0.0258,-0.0264,-0.0306,-0.0306,-0.0225,-0.0026,0.0051,0.0082,0.0035,-0.0019,-0.0051,-0.0018,0.0014,0.0011,0.0029,0.0064,0.0126,0.0186,0.0142,0.0137,0.0133
2010-04-02,55.9773,160.5881,S,,0.1175,0.1163,0.0849,0.0431,0.0202,0.0114,0.0068,0.0017,0.0011,0.0009,0.0004,-0.0,0.0015,-0.0007,-0.0011,-0.0017,-1e-04,-0.001,-0.0025,-0.0017,-0.0025,-0.003,-0.0031,-0.0032,-0.0025,-0.0019,-0.0025,-0.0026,0.0008
2010-04-02,55.9773,160.5881,SE,0.157,0.1193,0.0633,0.031,0.0203,0.0171,0.0095,0.0075,0.0048,0.0021,0.0042,0.0017,-0.0026,-0.002,-0.0033,-0.0047,-0.0036,1e-04,0.0,-0.002,-0.0039,-0.0008,0.0017,-0.0038,0.0041,0.0027,0.0058,0.005,0.0054,0.0045
2010-04-02,55.9773,160.5881,SO,0.085,0.0814,,,,,,0.0408,0.0454,0.0398,0.0393,0.0369,0.0371,0.0345,0.0289,0.0273,0.0222,0.014,-0.0014,-0.0037,-0.0068,-0.0081,-0.0161,-0.0291,-0.0305,-0.0152,-0.0035,-0.0065,-0.0058,-0.0081
2010-07-07,55.977,160.59,E,0.2198,0.2165,0.2014,0.1659,0.1256,0.0718,0.0349,0.0229,0.0236,0.013,0.0084,0.0014,-0.0021,-0.0049,-0.0045,0.0137,0.0105,0.0067,0.0048,-0.0044,0.0024,0.0041,0.005,0.0145,0.0099,,0.0182,0.0304,0.0229,0.0384
2010-07-07,55.977,160.59,N,,0.0829,0.0704,0.0627,0.0462,0.0573,0.0574,0.0433,0.0262,-0.0203,-0.0343,-0.0276,-0.0364,-0.0313,-0.0314,-0.0247,-0.0202,-0.0097,-0.0037,-0.0023,0.0283,0.0511,0.0984,0.0767,0.037,-0.0365,-0.0106,-0.0066,0.0037,0.0051
2010-07-07,55.977,160.59,NE,0.1859,0.1709,0.1522,0.1331,0.1431,0.1402,0.1336,0.0818,0.0142,0.0003,-0.0112,-0.0154,-0.0203,-0.0241,-0.0346,-0.0333,-0.0039,-0.0081,-0.0057,-0.0023,0.0143,0.029,0.0281,0.0246,0.0077,0.0059,0.0159,0.0166,0.011,0.0029
2010-07-07,55.977,160.59,NO,0.167,0.1655,0.1521,0.1216,0.0695,0.0669,0.0173,-0.0516,-0.0607,-0.0768,-0.0693,-0.0658,-0.0864,-0.0927,-0.0928,-0.0932,-0.0925,-0.0538,-0.0617,-0.0131,0.0393,0.0222,0.0121,0.0048,0.0061,0.012,0.0295,0.0562,0.0783,0.0972
2010-07-07,55.977,160.59,O,0.0729,0.0433,0.046,0.011,,,,-0.0259,-0.0217,-0.0287,-0.0365,-0.0496,-0.0545,-0.0585,-0.0535,-0.0528,-0.0387,-0.0331,-0.0012,0.0011,0.0063,0.0049,0.0116,0.0184,0.0303,0.0204,0.0361,0.0511,0.0669,0.0695
2010-07-07,55.977,160.59,S,,0.1999,0.1951,0.1808,0.1751,,,,,,,0.1246,,,,,,,,,,,,0.0,0.0,0.0,0.0,0.0,0.0,
2010-07-07,55.977,160.59,SE,0.2311,0.223,0.216,0.2051,0.1559,0.1043,,,0.0405,,0.0218,0.0162,0.0113,0.0059,-0.0059,-0.0127,-0.019,-0.022,-0.0203,-0.021,-0.0082,0.0036,0.0069,0.0097,0.0072,0.0045,0.004,0.0106,0.0111,0.0057
2010-07-07,55.977,160.59,SO,0.105,0.0784,0.0442,0.0404,,,,-0.0127,-0.034,0.0108,-0.0113,-0.0408,-0.0192,-0.0053,-0.0109,0.012,0.0405,0.0487,0.0232,-0.0016,-0.008,-0.01,-0.0134,-0.0283,-0.0044,0.0085,0.0139,,,
2011-03-20,55.9746,160.5904,E,0.0314,0.0123,0.0012,-0.0057,-0.0046,-0.0037,-0.0031,-0.0054,0.0036,0.0076,0.0204,0.0241,0.0224,0.019,-0.0059,-0.0224,,,,-0.0202,-0.0185,-0.0175,-0.0132,-0.0108,-0.009,-0.0048,-0.0003,0.0024,0.0052,0.009
2011-03-20,55.9746,160.5904,N,,0.0164,0.0091,-0.0002,-0.0078,-0.0082,-0.0124,-0.0091,-0.0066,-0.0052,-0.0045,-0.0058,-0.0093,-0.0093,-0.0069,-0.0155,-0.017,-0.017,-0.0146,-0.0115,-0.0037,-0.0038,-0.0053,-0.0044,-0.0079,-0.0067,-0.0029,0.0023,0.0124,0.0186
2011-03-20,55.9746,160.5904,NE,0.036,0.028,0.0197,0.0078,-0.0003,0.0035,0.0055,-0.0044,-0.0078,-0.0037,-0.0018,0.0063,0.0042,0.0003,0.0002,,,,,-0.0127,-0.0043,-1e-04,-0.0019,0.0002,0.0004,0.0007,0.0011,0.0012,0.0054,0.0055
2011-03-20,55.9746,160.5904,NO,-0.0376,-0.0453,-0.0652,-0.0827,-0.0944,-0.0813,-0.0731,-0.0443,-0.0322,-0.0003,0.0512,0.0099,-0.0132,-0.0083,-0.0129,-0.0044,-0.009,-0.0045,-0.0028,-0.0035,-0.0106,-0.0275,-0.0227,-0.0138,-0.0085,-0.0185,-0.0187,-0.0123,-0.0063,0.0035
2011-03-20,55.9746,160.5904,O,-0.0058,-0.0047,-0.022,-0.0236,-0.0351,-0.0492,-0.0353,-0.0255,-0.0097,0.0038,0.0095,0.0056,0.0006,0.0041,-0.0099,-0.0138,,-0.0062,-0.0107,0.0011,0.0088,0.0132,0.0129,0.0078,-0.0015,-0.0011,0.0016,-0.0019,-0.0037,-0.001
2011-03-20,55.9746,160.5904,S,,0.0465,0.0322,0.0199,0.0139,,,,,,,,,,,,,,,-0.0051,-0.0054,-0.0057,-0.006,-0.0061,-0.004,-0.0063,-0.0068,-0.007,-0.0074,-0.0077
2011-03-20,55.9746,160.5904,SE,0.0624,0.0462,0.0294,0.0187,0.0144,0.008,0.0038,,,,0.0354,0.0553,0.0337,,,,,,-0.0005,-0.001,-0.0014,-0.0017,-0.0023,-0.0029,-0.0034,-0.0041,-0.0046,-0.005,-0.0036,-0.0022
2011-03-20,55.9746,160.5904,SO,0.0182,0.0218,0.0068,0.0024,0.0062,0.0042,0.007,0.0227,0.0111,-0.0121,-0.0158,-0.0057,-0.011,-0.0109,-0.0093,-0.0059,-0.0109,-0.001,0.0085,0.0076,1e-04,0.0031,-0.0034,0.0007,0.005,0.0016,0.0017,0.0025,0.003,0.0035
2011-09-05,55.977,160.5881,E,,0.1642,0.13,0.0835,0.0259,0.0094,0.0062,0.0018,-0.0003,-0.003,-0.0044,-0.0064,-0.0081,-0.006,0.0003,0.001,-0.0011,0.001,-0.001,-0.0031,-0.0041,0.0186,,,,,,,,0.0627
2011-09-05,55.977,160.5881,N,,0.0721,0.0617,0.0632,0.0757,0.0757,0.0618,0.0635,0.0371,0.0334,-0.013,-0.0204,-0.009,-0.0317,-0.0258,-0.0254,-0.0293,,-0.032,-0.03,-0.0266,-0.0245,-0.0175,,,,,,,
2011-09-05,55.977,160.5881,NE,0.1194,0.1218,0.1154,0.1111,0.0939,0.0821,0.0807,-0.0111,-0.0027,-0.0263,-0.0248,-0.0233,-0.0245,-0.0231,-0.0215,-0.0175,-0.0131,-0.0083,-0.0021,-0.0019,0.0077,0.0126,0.0112,0.0116,0.0097,0.019,0.0284,,,
2011-09-05,55.977,160.5881,NO,0.1248,0.1248,0.0571,,,,,,,,,,,,,,,,,,,,,,,,,0.1449,,
2011-09-05,55.977,160.5881,O,0.0298,-0.0003,,,,,,,,,,,-0.0703,-0.058,-0.0487,-0.0329,-0.0266,-0.0223,-0.0155,-0.0109,-0.0056,-0.0011,0.0032,0.009,0.0149,0.0173,0.0194,0.0173,0.0234,0.0208
2011-09-05,55.977,160.5881,S,,0.1603,0.1575,0.1302,0.1068,0.0471,0.0027,-0.0013,-0.0012,-0.001,-0.0009,-0.0005,-0.0002,-0.0,0.0003,0.0006,,0.0014,0.0015,,,,,,,,,,,
2011-09-05,55.977,160.5881,SE,0.1804,0.1715,0.1371,0.0549,0.0287,0.0244,0.0201,0.0147,0.0134,0.0073,0.0047,0.0016,-0.0042,-0.0057,-0.0082,-0.008,-0.0088,-0.0131,-0.0167,-0.0162,-0.0182,-0.0145,0.0161,-0.0036,0.016,0.0178,0.0175,0.011,0.0023,
2011-09-05,55.977,160.5881,SO,0.0236,0.0328,0.0277,,,,,,,,,,-0.0532,0.0129,0.0238,0.0306,0.0273,0.0278,-0.0104,-0.0199,-0.0291,-0.0428,-0.0166,-0.0022,0.0323,0.0358,0.0284,0.0167,0.0142,
2012-08-22,55.9762,160.5861,E,,,,,,,,,,,,0.0303,0.0114,0.0058,0.0019,1e-04,-1e-04,-0.0091,-0.0074,-0.0092,-0.0111,-0.0176,-0.0066,-0.0144,0.0073,0.0075,0.0082,0.0129,0.0205,0.0155
2012-08-22,55.9762,160.5861,N,0.0421,0.0457,-0.0227,-0.0502,-0.0691,-0.0295,-0.0182,-0.0202,-0.03,-0.034,-0.0522,-0.0899,-0.1035,-0.1104,-0.0782,-0.0739,-0.0689,-0.0756,-0.081,-0.0599,-0.0609,-0.0216,0.0207,0.0183,0.0196,0.062,0.0633,0.0568,0.0614,0.0771
2012-08-22,55.9762,160.5861,NE,0.1272,,,,,,,,,,,,-0.0408,-0.0246,-0.0091,-0.0057,-0.0078,-0.0139,-0.0176,-0.0168,-0.0112,-0.0112,-0.0066,0.0028,0.0122,0.0126,0.0129,0.0094,0.0209,0.0258
2012-08-22,55.9762,160.5861,NO,0.0291,0.0361,0.0544,-0.0102,0.0229,0.0282,0.0363,0.0298,0.0187,0.0034,-0.0157,-0.0391,-0.0604,-0.0783,-0.0955,-0.0943,-0.066,-0.024,-0.0002,-0.008,0.0021,0.0003,0.0204,0.0378,0.0448,0.0493,0.0593,0.0636,0.0607,0.0677
2012-08-22,55.9762,160.5861,O,0.024,0.0134,-0.0122,-0.0455,-0.0639,-0.0803,-0.072,-0.0658,-0.0554,-0.035,-0.0251,-0.0222,-0.0059,-0.0037,-0.0015,-0.0014,-0.0063,0.0016,0.0107,0.0201,0.0277,0.0379,0.0383,0.0412,0.0493,0.0651,,,,
2012-08-22,55.9762,160.5861,S,0.1604,0.1654,0.1527,0.1442,0.138,0.119,0.0812,0.0521,0.0059,0.0059,0.0007,-0.0015,-0.0046,-0.0072,-0.0128,-0.011,-0.0131,-0.0182,-0.0218,-0.0253,-0.0232,-0.021,-0.0145,-0.0074,-0.0025,0.0033,0.0085,0.0112,0.016,0.0158
2012-08-22,55.9762,160.5861,SE,0.2547,,0.2786,0.2799,,,,,,,,,,,0.0033,0.0005,0.0002,-0.0013,-0.0005,-0.0084,-0.0082,-0.0078,-0.0078,-0.0042,-0.0031,0.002,-0.0007,0.0023,0.0122,0.0177
2012-08-22,55.9762,160.5861,SO,,0.0907,0.0604,0.0585,0.0529,0.0575,0.0599,0.0335,0.0238,0.0211,0.0198,0.0253,0.0255,0.0016,0.0028,-0.0021,-0.0064,-0.0191,-0.0341,-0.0234,-0.0068,0.0007,0.0177,-0.0002,-0.0152,-0.0183,-0.0082,-0.0045,0.0112,0.0318
2013-03-02,55.9759,160.5876,E,,0.1609,0.1401,0.1208,0.095,0.0535,0.035,0.0162,0.0029,-0.0057,0.0024,-0.0035,-0.0031,-0.0026,-0.0015,-0.0009,-0.0002,0.0004,-0.007,,,,,,,,-0.0018,-0.0015,-0.0013,-0.001
2013-03-02,55.9759,160.5876,N,,0.0598,0.0412,0.0222,0.0104,0.0045,0.0065,-0.0031,-0.0051,-0.0031,-0.0053,-0.0172,-0.0176,-0.0216,-0.0133,-0.0032,-0.0012,-0.0087,-0.0133,-0.0254,-0.0259,-0.0187,-0.0131,-0.0079,0.0027,0.0066,0.0154,0.027,0.0245,0.0225
2013-03-02,55.9759,160.5876,NE,0.1263,0.1181,0.1056,0.1083,0.0956,0.0843,0.0911,0.0611,0.0381,0.0166,0.0117,-0.0068,-0.0067,0.0042,0.0127,0.0085,0.01,0.0086,-0.0104,-0.0196,-0.0128,-0.0228,-0.0312,-0.0345,-0.0407,-0.0404,-0.0268,-0.0223,-0.0188,-0.0159
2013-03-02,55.9759,160.5876,NO,-0.0232,-0.0421,-0.0803,-0.0876,-0.087,-0.0845,-0.0768,-0.0708,-0.0665,-0.063,-0.0662,-0.0675,-0.0631,-0.0607,-0.06,,,,,,,0.0165,-0.0068,-0.0002,0.0021,0.0081,0.0407,0.0531,0.0638,0.0673
2013-03-02,55.9759,160.5876,O,0.0029,-0.0298,-0.0604,-0.072,-0.0596,-0.0475,,-0.065,,,,,,,,,-0.0299,-0.0265,-0.0199,-0.0133,-0.0137,-0.0071,-0.0006,0.0031,0.0041,0.0046,0.004,0.0053,0.0178,0.0345
2013-03-02,55.9759,160.5876,S,,0.1226,0.119,0.1204,0.1179,0.1084,0.1053,0.1021,0.0693,0.0325,0.0329,-0.0167,-0.0234,-0.0252,-0.0223,-0.0183,-0.0156,-0.0143,-0.013,-0.0105,-0.0087,-0.0069,-0.0038,-0.0009,0.0015,0.0038,0.0059,0.008,0.0098,0.0114
2013-03-02,55.9759,160.5876,SE,0.1716,0.1429,0.1291,0.1187,0.0999,0.0614,0.0242,0.0099,0.0028,-0.0035,-0.0032,-0.0023,-0.0015,-0.0006,0.0071,0.0015,0.0014,-0.0052,-0.0046,-0.004,-0.0031,-0.0023,-0.0018,-0.0011,-0.0004,0.0002,0.0006,0.001,0.0015,0.002
2013-03-02,55.9759,160.5876,SO,0.088,0.0693,0.0568,0.047,0.0507,0.0572,0.0533,0.0502,0.0487,0.0399,,,,,,,0.0896,0.052,-0.0002,-0.0229,-0.024,-0.0102,-0.0037,0.0072,0.0081,0.0088,0.0099,0.0152,0.0163,0.0149
2013-04-10,55.9765,160.5881,E,,0.293,0.2461,,,,,0.0478,0.0119,0.008,0.0046,0.0007,-0.0022,-0.0056,-0.0084,-0.0102,-0.0098,-0.0114,-0.0149,-0.0133,-0.0171,-0.0215,-0.0223,-0.0121,0.0065,0.0103,0.0138,0.0153,0.0172,0.0202
2013-04-10,55.9765,160.5881,N,,0.1989,0.1021,0.0915,0.0457,0.0257,-0.0071,-0.0248,-0.0317,-0.0325,-0.0213,-0.0182,-0.0182,-0.0177,-0.002,-0.0144,-0.0131,-0.009,-0.0096,-0.0138,-0.0132,-0.0076,-0.0064,-0.0052,0.0046,0.0141,0.0215,0.027,0.0245,0.0273
2013-04-10,55.9765,160.5881,NE,0.2611,0.2458,0.249,0.2307,,,,0.1183,0.0442,0.0412,0.0261,-0.0337,-0.0354,-0.04,-0.0341,-0.0378,-0.0362,-0.032,-0.0249,-0.024,-0.0204,-0.0188,-0.0143,-0.0107,-0.0071,-0.0023,0.0031,0.0106,0.0203,0.0239
2013-04-10,55.9765,160.5881,NO,0.1545,0.1421,0.0799,0.0272,0.0069,-0.0062,-0.022,-0.0318,-0.0413,-0.0535,-0.0648,-0.0768,-0.0885,-0.087,-0.0613,0.0008,-0.0237,0.0264,0.0265,0.0022,0.0097,-0.0374,-0.0402,-0.0577,-0.0506,-0.0213,0.0207,0.0427,0.064,0.0823
2013-04-10,55.9765,160.5881,O,0.1179,0.0897,0.0348,-0.0232,-0.0534,-0.0579,-0.0513,-0.0444,-0.0237,-0.0212,-0.0176,-0.0243,-0.0334,-0.0434,-0.0441,-0.0405,-0.0297,-0.0239,-0.0149,-0.0114,-0.0043,0.0026,0.0131,0.0233,0.0272,0.0317,0.0378,0.0441,0.0632,0.0948
2013-04-10,55.9765,160.5881,S,,0.2603,0.2113,0.1577,0.1516,0.1281,0.1056,0.0832,0.0642,0.035,0.0013,-0.0223,-0.0228,-0.0217,-0.0213,-0.0198,-0.0194,-0.0171,-0.0159,-0.0149,-0.0144,-0.014,-0.0124,-0.0108,-0.0097,-0.0079,-0.0047,0.001,0.0053,0.0119
2013-04-10,55.9765,160.5881,SE,0.2899,0.2798,0.2613,0.2231,0.1454,0.1163,0.0694,0.0368,0.0146,0.0061,0.0049,0.0031,0.0024,0.0045,0.002,-0.0019,-0.005,-0.0078,-0.0079,-0.0048,-0.0018,-0.0059,-0.0036,-0.0093,-0.0067,-0.0084,0.0033,-0.0021,0.0138,0.0133
2013-04-10,55.9765,160.5881,SO,0.1663,0.2119,0.1466,0.112,0.0736,0.0497,0.053,0.0638,0.0401,0.0419,0.0268,0.0355,0.024,0.0273,0.025,0.0172,0.0096,0.0023,-0.0109,-0.009,-0.0239,-0.0212,-0.0429,-0.025,-0.0127,-0.0103,-0.0198,-0.0196,-0.0252,-0.0288
2013-06-06,55.9775,160.5915,E,0.2592,0.2397,0.1802,0.106,0.0329,0.0084,0.0016,0.0004,-0.0003,-0.0015,-0.0017,-0.0022,-0.0004,-0.0019,-0.0042,-0.005,-0.0064,-0.0067,-0.0086,-0.0097,-0.0105,-0.0075,-0.0037,-0.0084,0.034,0.0765,,,,
2013-06-06,55.9775,160.5915,N,,0.1483,0.1355,0.1182,0.0872,0.0643,0.0612,0.0506,0.0273,0.0233,0.0152,0.0286,0.0437,0.047,0.0096,0.0447,0.0051,-0.0099,-0.0362,-0.0344,-0.0267,-0.0173,-0.0082,-0.0349,-0.0149,-0.0071,-0.0123,-0.0484,-0.0322,-0.027
2013-06-06,55.9775,160.5915,NE,0.2473,0.2414,0.2206,0.158,0.0941,0.0549,0.0109,-0.0106,0.0016,-0.0031,-0.0034,-0.0049,-0.0081,-0.0085,-0.0114,-0.0114,-0.0084,-0.0049,0.0018,-0.0013,-0.0006,0.0032,0.0039,0.0025,0.0031,0.0047,0.0031,0.0005,-0.0012,0.0029
2013-06-06,55.9775,160.5915,NO,-0.1545,-0.1522,,-0.2131,,,,,,,,,,,-0.1551,-0.0769,-0.0326,0.0031,0.0203,-0.0329,-0.0494,-0.0862,-0.066,-0.0387,-0.0068,0.0421,0.0499,0.0632,0.063,0.0622
2013-06-06,55.9775,160.5915,O,0.0616,,,,,,,,,,-0.087,-0.106,-0.148,-0.128,-0.0772,-0.0675,-0.0459,-0.0112,-0.0124,-0.0181,-0.0246,-0.0165,-0.0069,-0.0013,0.0084,0.0227,0.0441,0.0605,0.0715,0.0809
2013-06-06,55.9775,160.5915,S,,0.2197,0.2054,,0.1601,0.1488,0.0642,0.0205,0.0102,0.0128,0.0078,0.016,0.0044,-0.0317,-0.01,-0.001,0.0005,0.0019,0.0018,-0.0003,0.0033,0.0038,0.0041,-0.0058,-0.0064,-0.0106,-0.0093,-0.0038,0.003,0.0114
2013-06-06,55.9775,160.5915,SE,0.2391,0.2273,0.2033,0.1742,0.1452,0.0889,0.0512,0.027,0.0116,-0.0097,-0.0116,-0.0123,-0.0155,-0.0168,-0.0189,-0.0194,-0.0203,-0.0073,-0.005,-0.0037,-0.0042,-0.0025,-0.0008,-0.0007,-0.0034,-0.0009,-0.0034,-0.0085,0.0055,0.0071
2013-06-06,55.9775,160.5915,SO,0.0623,,,,,,,,,,-0.0759,-0.05,-0.0302,-0.0126,-0.0036,-0.0048,-0.0011,0.0011,0.0004,0.0019,0.0018,0.0141,0.0276,0.0218,0.0025,-0.003,-0.0079,-0.0339,-0.053,-0.0651
2013-09-02,55.977,160.589,E,0.1557,0.1411,,,,0.0619,0.0308,,,,,,,0.006,0.0082,,0.0007,-0.0006,-0.0085,-0.0092,,,,,,,,,0.0086,0.0092
2013-09-02,55.977,160.589,N,,,,,,,,,,,-0.0125,-0.0083,-0.0119,-0.0012,-0.0027,0.0038,0.0044,0.0038,0.0007,-0.0045,0.0088,0.0101,0.0075,0.0063,-1e-04,-0.0002,-0.0063,-0.0066,,
2013-09-02,55.977,160.589,NE,0.1484,,,0.1151,,,0.0322,0.0197,,0.0225,,,-0.0037,-0.0028,-0.0038,-0.0057,,,-0.0095,-0.0112,-0.0089,-0.0096,-0.0091,-0.0078,-0.0039,0.002,0.0048,0.0071,0.0127,0.0171
2013-09-02,55.977,160.589,NO,,,-0.1026,-0.1125,-0.1191,-0.1321,,-0.1506,-0.1529,,,,,,,,,,-0.0057,0.0299,0.004,-0.0249,-0.0339,-0.0418,-0.0368,-0.0222,0.0024,0.0496,0.0526,0.0978
2013-09-02,55.977,160.589,O,,,,-0.0084,,-0.0129,,,-0.0216,-0.0254,-0.0218,-0.0183,-0.0091,-0.0159,-0.0114,-0.0088,-0.0029,-0.0068,-0.0095,-0.0108,-0.0111,-0.0096,0.0005,0.0034,0.003,0.0013,0.0089,0.0103,0.0111,0.0029
2013-09-02,55.977,160.589,S,,0.1471,0.1331,0.1331,0.1119,0.0611,0.0667,0.086,,,,,,,,,,,,-0.0007,-0.0006,-0.0005,-0.0006,-0.0008,-0.0011,-0.0013,-0.001,-1e-04,0.0013,0.0053
2013-09-02,55.977,160.589,SE,0.1406,0.1233,,,,,,,,,,,,,,,,,,,,,,,,,,,,-0.0006
2013-09-02,55.977,160.589,SO,,,,0.0752,0.0737,0.0612,0.0457,0.0322,0.0282,0.0256,0.0242,0.0313,0.0463,0.0409,0.0386,0.0375,,0.0324,0.0349,0.0251,0.0457,0.0445,0.0446,-0.0097,-0.0096,-0.0157,-0.0578,-0.0606,-0.0428,-0.0276
2013-10-27,55.9762,160.5881,E,,,,,0.0582,0.0341,0.0321,0.0211,0.0083,-0.001,-0.0027,-0.0025,-0.0027,-0.0027,-0.0019,-0.0042,-0.002,0.0008,0.0023,0.0029,0.0051,0.0073,0.008,0.0065,0.0008,-0.0003,-0.0019,-0.003,-0.0029,-0.0023
2013-10-27,55.9762,160.5881,N,,0.0682,0.051,0.0375,0.0375,0.0256,0.0231,0.0016,-0.0065,-0.017,-0.0209,-0.0239,-0.02,-0.0147,-0.0138,-0.0103,-0.0121,-0.0142,-0.0114,-0.0129,-0.0135,-0.0078,-0.0032,0.0074,0.0166,0.0256,0.0341,0.037,0.032,0.0314
2013-10-27,55.9762,160.5881,NE,0.1179,,0.1044,0.0994,0.0943,0.0872,0.0731,0.0549,0.0352,0.0189,0.0124,0.0028,-0.0016,-0.0046,-0.0106,-0.011,-0.0109,-0.0097,-0.0058,-0.0043,-0.0042,-0.0035,-0.001,0.001,0.0016,0.0003,0.0002,0.0006,0.0004,0.0008
2013-10-27,55.9762,160.5881,NO,0.0564,0.049,0.0096,-0.0121,-0.0285,-0.0351,-0.0381,-0.0432,-0.0453,-0.0474,-0.0503,-0.0517,-0.0454,-0.0285,-0.0232,-0.0251,-0.0178,-0.0383,0.0504,0.0509,0.0567,-0.0054,-0.0131,-0.0161,-0.0021,,0.0054,0.0908,0.1721,0.1881
2013-10-27,55.9762,160.5881,O,,0.0029,-0.0124,-0.0348,-0.0396,-0.0459,-0.05,-0.0455,-0.0349,-0.027,-0.0248,-0.0256,-0.0254,-0.0252,-0.01,0.0091,0.0224,,,0.0134,0.0367,0.0248,0.0053,0.0014,0.0024,0.0162,0.0262,0.0278,0.0304,0.0329
2013-10-27,55.9762,160.5881,S,,,,,,,,0.0317,0.0318,0.0181,0.0111,-0.0004,-0.0064,-0.0079,-0.0078,-0.0081,-0.0083,-0.0075,-0.0064,-0.0059,-0.005,-0.0046,-0.0035,-0.0028,-0.0019,-0.0011,-0.0005,-0.0,0.0005,0.0016
2013-10-27,55.9762,160.5881,SE,0.1306,,,,0.0589,0.0441,0.026,0.0083,-0.0019,-0.0036,-0.0027,-0.0019,-0.0005,0.001,0.0019,0.0024,0.0016,0.0019,0.0019,0.0014,0.0008,-1e-04,-0.0012,-0.0016,-0.0012,-0.0009,-0.0005,-0.0003,-0.0,0.0002
2013-10-27,55.9762,160.5881,SO,0.0907,,,,,,0.0416,,0.0788,0.0815,0.0828,0.084,0.062,0.0171,0.0851,0.0875,,0.0171,-0.0101,-0.0149,-0.0131,-0.0188,-0.0177,-0.0177,-0.0184,-0.0179,-0.0161,-0.017,-0.0212,-0.0196
2014-02-01,55.9764,160.5943,E,0.0149,0.0151,0.0119,0.0113,0.0119,0.0154,0.0157,,,,,,,,,0.0023,0.0018,0.0011,0.001,-0.0009,-0.002,-1e-04,0.0013,0.003,0.0024,0.0014,-0.0007,1e-04,-1e-04,-0.0002
2014-02-01,55.9764,160.5943,N,,-0.0017,-0.0063,-0.0067,-0.0041,-0.0038,-0.0006,-0.0009,-0.0011,-0.0032,-0.0034,-0.0037,0.0011,0.0006,-0.0016,-0.0019,0.0003,0.0016,0.0013,0.0014,0.0012,0.0013,0.005,0.0017,-0.0011,0.0002,-0.0053,0.0023,0.0039,0.0034
2014-02-01,55.9764,160.5943,NE,0.0073,0.0072,0.0015,0.0003,0.0005,0.0064,0.0104,0.0107,0.0102,0.0102,,,,,,-0.0034,-0.0055,-0.0024,-0.0026,-0.0032,0.0007,-0.0003,0.0006,0.001,0.001,0.0015,-0.0004,-0.0004,-0.0004,0.0007
2014-02-01,55.9764,160.5943,NO,-0.0047,-0.0089,-0.0089,-0.0078,-0.005,-0.0084,-0.0065,-0.0021,0.0022,-0.0013,-0.0017,-0.0022,-0.006,-0.006,-0.0043,-0.0013,-0.0013,-0.0013,-0.0031,-0.0031,-0.0011,-0.0006,0.0006,0.003,0.0037,0.0028,0.0021,0.0048,0.0047,0.0014
2014-02-01,55.9764,160.5943,O,,-0.0008,0.0045,0.0047,0.0092,0.0039,-0.0024,-0.0044,-0.0088,-0.0054,-0.0054,-0.0052,-0.0051,0.0002,-0.0004,-0.0003,-0.0032,-1e-04,0.0085,0.0095,0.0093,,,,,,0.0024,0.0023,0.0023,0.0008
2014-02-01,55.9764,160.5943,S,,0.0085,0.0085,0.0085,0.0041,0.0033,0.0025,0.0015,0.0015,-0.0011,-0.002,-0.002,-0.002,-0.002,0.0003,0.0003,-0.0022,-0.0022,-0.0024,-0.0005,-0.0017,0.0027,0.0018,0.0006,0.0006,-0.0004,-0.0004,-0.0003,-0.0009,-0.0006
2014-02-01,55.9764,160.5943,SE,0.0069,0.0066,0.0021,0.0021,0.0021,0.0023,0.002,0.0028,0.0013,0.0012,0.0008,0.001,0.0054,0.004,0.0016,-0.0028,-0.0032,-0.0032,-0.0,0.0016,-1e-04,-0.0035,0.0007,0.0007,0.0002,1e-04,-0.0,-0.0036,-0.0024,-0.0043
2014-02-01,55.9764,160.5943,SO,0.0089,0.0044,0.007,0.007,0.007,0.0025,0.0012,-0.0028,-0.0033,-0.0055,-0.0033,-0.001,-0.0035,-0.0051,-0.005,-0.0006,-0.0002,0.0012,0.0008,0.0008,-1e-04,1e-04,0.0047,0.0064,0.0068,0.0016,0.002,0.0037,-0.0003,0.0037
2014-02-17,55.9744,160.5856,E,,0.1015,0.0791,0.0588,,,,,,,,,,-0.0088,-0.0113,-0.0082,-0.0051,-0.0029,-0.0011,0.0048,0.0061,0.0056,0.007,0.0078,0.0047,0.0042,-0.0018,-0.0043,-0.0072,-0.0087
2014-02-17,55.9744,160.5856,N,0.1037,0.1058,0.0734,0.0418,0.021,0.0065,-0.0012,0.0078,0.0101,0.0036,-0.0164,-0.0264,-0.0328,-0.0136,0.0085,0.0098,0.0232,0.0421,0.0433,0.0333,0.0201,0.0224,-0.0141,-0.0265,-0.0265,-0.0165,-0.0091,-0.0066,0.0075,0.0226
2014-02-17,55.9744,160.5856,NE,0.1186,0.1014,0.0797,0.0596,0.0282,,,,,,,,,,0.0325,0.0212,0.0195,0.0028,-0.0028,-0.0038,-0.0036,-0.0025,-0.0048,-0.0073,-0.0028,-0.005,-0.0092,-0.0061,-0.0052,-0.0006
2014-02-17,55.9744,160.5856,NO,-0.0092,-0.0092,-0.0237,-0.0572,-0.0572,-0.0647,-0.0572,-0.0607,-0.0646,-0.0666,-0.076,-0.0682,-0.0567,-0.0453,-0.0326,-0.014,-0.0085,0.0093,0.019,0.0158,0.0125,0.0159,0.0126,0.009,0.0162,0.0264,0.0297,0.0297,0.0313,0.0264
2014-02-17,55.9744,160.5856,O,0.024,0.0303,0.0173,0.0033,-0.0044,-0.0087,-0.013,-0.0134,-0.0101,-0.0134,-0.0101,-0.01,-0.01,-0.0055,-0.0061,-0.0019,0.0037,0.0052,0.0003,0.0192,0.0224,0.0193,0.0252,,,,,,,0.0043
2014-02-17,55.9744,160.5856,S,0.0879,0.0787,0.0806,0.0625,0.0534,0.0469,0.0389,0.0304,0.0171,0.0098,0.0055,0.0002,0.0016,-0.0015,-0.0051,-0.0054,-0.0086,-0.0082,-0.0082,-0.0099,-0.0137,-0.0126,-0.0098,-0.0076,-0.0056,-0.0033,0.0002,0.0027,0.0063,0.0146
2014-02-17,55.9744,160.5856,SE,0.1262,0.092,0.0732,0.0611,0.0629,0.0639,0.0674,0.042,0.0064,-0.0106,-0.0197,-0.0202,-0.0127,-0.0138,,-0.0094,-0.0079,0.0048,0.0056,0.0081,0.0078,0.0042,-0.0018,-0.0023,-0.0032,-0.0033,-0.0014,-0.0003,0.001,0.0023
2014-02-17,55.9744,160.5856,SO,,0.064,0.0528,0.0489,0.0442,0.0412,0.0266,0.019,-0.0046,-0.0046,-0.0287,-0.0322,-0.0287,-0.0165,-0.0077,0.0028,0.0079,0.0128,0.0115,0.0178,0.011,0.0044,0.0047,0.0054,0.0023,-0.0045,-0.004,-0.0032,-0.0024,-0.0022
2014-03-12,55.976,160.5847,E,0.1625,0.1352,0.1287,0.0876,0.0505,0.0144,,,,0.011,0.0124,0.0096,0.0062,-0.0006,-0.0025,-0.0043,-0.0061,-0.0086,-0.0101,-0.0102,-0.008,-0.0052,-0.0053,0.0009,0.0012,1e-04,-0.0002,-0.0011,0.0063,0.0051
2014-03-12,55.976,160.5847,N,,0.096,0.0844,0.0721,0.0685,0.0453,0.044,0.0309,0.0115,-0.0066,-0.0133,-0.0126,-0.022,-0.0216,-0.0212,-0.0134,-0.0126,-0.0123,-0.0137,-0.0118,-0.0074,0.0015,0.0052,0.0074,-0.0021,-0.0068,-0.0092,-0.0082,-0.0086,-0.0014
2014-03-12,55.976,160.5847,NE,0.1339,0.1195,0.1215,0.12,0.113,0.118,0.1129,0.0993,,-0.0192,-0.0189,-0.0183,-0.011,-0.01,-0.0059,-0.0077,-0.0121,-0.0076,-0.0077,-0.0086,-0.0084,-0.0145,-0.014,-0.0123,-0.0107,-0.0094,0.0023,0.0013,0.0014,-0.0016
2014-03-12,55.976,160.5847,NO,0.0415,0.0397,0.0172,0.0031,-0.0031,-0.0081,-0.0071,-0.0172,-0.0313,-0.037,-0.0333,-0.0277,-0.019,-0.0208,-0.0317,-0.043,-0.0456,-0.0298,-0.0166,-0.0059,0.0029,0.0058,0.0182,0.0161,0.0247,0.0348,0.0379,0.0284,0.0286,0.0353
2014-03-12,55.976,160.5847,O,0.0479,0.0291,0.0126,1e-04,-0.0082,-0.0064,-0.0047,0.0071,0.0086,0.0077,0.0021,-0.0006,-0.0014,-0.0057,-0.0131,-0.0134,-0.0166,-0.0059,-0.0101,-0.0025,0.0051,0.0061,0.0094,0.0123,0.0147,0.0126,0.0093,0.0055,0.0103,0.0114
2014-03-12,55.976,160.5847,S,,0.1351,0.1124,0.0785,0.0592,0.0133,0.0033,0.0021,1e-04,-0.0017,-0.0021,-0.0022,-0.003,-0.0037,-0.007,-0.008,-0.0112,-0.0106,-0.0085,-0.008,-0.0041,-0.0008,0.0016,0.0014,0.0008,-0.0008,-0.0028,-0.0012,0.0019,0.005
2014-03-12,55.976,160.5847,SE,0.1651,0.1339,0.1087,0.0557,0.0412,0.0245,0.019,0.013,0.0117,0.0075,0.0051,0.0025,0.0035,0.0034,0.0015,-0.0045,-0.0064,-0.0085,-0.0101,-0.0121,-0.0137,-0.0136,-0.0134,-0.0081,-0.0048,0.0002,0.0051,0.0102,0.0147,0.0206
2014-03-12,55.976,160.5847,SO,0.0956,0.0862,0.0854,0.0667,0.0581,0.0512,0.0376,0.0383,0.0382,0.0208,0.0287,0.0191,0.0092,-0.0075,-0.0203,-0.0427,-0.044,-0.0214,-0.0255,-0.0138,-0.0081,0.0074,-0.0003,0.0033,0.0243,-0.0011,0.0119,0.0052,0.0323,0.0375
2014-03-13,55.9776,160.5876,E,0.0718,0.0431,0.0313,0.0169,0.0062,0.0003,-0.0014,-0.0016,-0.0015,-0.0016,-0.0015,-0.0012,-0.0007,-0.0,1e-04,-0.0003,-0.0013,-0.0023,-0.0023,-0.0009,0.0038,0.0115,,,,,,,,
2014-03-13,55.9776,160.5876,N,,,,,,,,0.0336,0.0282,0.0162,0.0109,0.0074,0.0004,-0.0016,-0.0025,-0.0039,-0.0022,-0.0006,1e-04,-0.0026,-0.0048,-0.0089,-0.0054,-0.006,-0.0032,0.0034,0.007,-0.0069,-0.0191,-0.0196
2014-03-13,55.9776,160.5876,NE,,0.05,0.0358,0.0304,0.0224,0.0134,0.0123,0.0087,0.0014,-0.0031,-0.0019,-0.0036,-0.0058,-0.0077,-0.0092,-0.0074,-0.0062,-0.0055,-0.0056,-0.0046,-0.0043,-0.0032,-0.0027,-0.0015,0.0003,-0.0015,0.0036,0.0083,0.0119,0.0144
2014-03-13,55.9776,160.5876,NO,,,,,,,0.0373,0.0277,0.0177,0.0112,0.0057,0.0005,-0.0041,-0.0095,-0.0118,-0.014,-0.0128,-0.0089,-0.0092,-0.0029,-0.0102,-0.0087,-0.0095,-0.0093,-0.0048,-0.0078,0.001,0.0062,0.0101,0.0186
2014-03-13,55.9776,160.5876,O,,,,,,,,,0.0112,0.0064,0.0026,-0.0014,-0.0014,-0.0031,-0.0027,-0.003,-0.0077,-0.0012,0.0082,0.0107,,,,,,,,,0.03,
2014-03-13,55.9776,160.5876,S,,0.0525,0.0492,0.035,0.0186,0.0185,0.0086,0.0078,0.0045,0.0037,0.001,-0.0009,-0.0016,-0.0028,-0.0044,-0.0052,-0.0057,-0.0059,-0.0059,-0.0056,-0.0055,-0.0042,-0.0031,-0.0014,-1e-04,0.0022,0.0036,0.0067,0.0085,0.0084
2014-03-13,55.9776,160.5876,SE,0.061,0.0396,0.0271,0.016,0.0095,0.0094,0.0067,0.0072,0.0062,0.0062,0.0045,0.0024,-1e-04,-0.0016,-0.0022,-0.0033,-0.0047,-0.0039,-0.0063,-0.0065,-0.0064,-0.0072,-0.005,-0.0034,0.0023,0.0195,0.0185,0.0176,0.0165,0.0178
2014-03-13,55.9776,160.5876,SO,,,,,,,0.033,,0.0184,0.0183,0.0132,-0.0007,0.0145,-0.0019,-0.013,-0.0027,-0.0133,-0.0148,-0.0098,-0.0114,-0.0117,-0.0059,0.0037,0.0006,0.0015,-0.0007,-0.0013,-0.0028,0.0049,0.0069
2014-03-20,55.9776,160.5872,E,0.0585,0.0392,0.0241,0.0149,0.0064,0.0036,0.0006,-0.0009,-0.0024,-0.003,-0.0041,-0.0026,-0.0019,0.0011,0.0015,0.0007,0.0003,0.001,0.0018,0.0048,0.0029,,,,,,,,,
2014-03-20,55.9776,160.5872,N,,,,,,,,,,,1e-04,-0.0056,,,,,,,0.0069,0.0025,0.001,0.0003,0.0005,-0.0027,0.0003,0.0043,0.0069,0.0099,,
2014-03-20,55.9776,160.5872,NE,0.0426,0.0298,0.0208,0.02,0.0229,0.0203,0.0047,0.0131,0.0052,0.0022,-0.0004,-0.0009,-0.0022,-0.0052,-0.0085,-0.0108,-0.0085,-0.0082,-0.008,-0.0038,-0.0034,0.0011,0.0008,0.0024,0.0042,0.0086,0.0091,0.0139,0.0163,0.0196
2014-03-20,55.9776,160.5872,O,,,,,,,,,,,,,,,,0.0642,,,,,,,,,,,,,,
2014-03-20,55.9776,160.5872,S,,0.0436,0.0329,0.0206,0.0132,0.01,0.0033,0.0054,0.0041,0.0021,0.0012,-0.0013,-0.0025,-0.003,-0.0031,-0.0031,-0.0031,-0.0031,-0.0031,-0.0031,0.0044,0.0072,-0.0032,-0.0013,-0.0002,0.0023,0.0072,0.0087,0.0095,
2014-03-20,55.9776,160.5872,SE,0.0429,0.0242,0.0142,0.0068,0.0031,0.0016,0.0011,0.001,0.0007,0.0003,0.0,0.0005,-0.0003,-1e-04,-0.0007,-0.0016,-0.0017,-0.0018,,,,,,,,,,,,
2014-03-20,55.9776,160.5872,SO,,,,,,,,,0.0102,0.0105,0.0093,0.0012,-0.0025,-0.0088,-0.015,-0.012,-0.0149,-0.0127,-0.0131,-0.0141,-0.009,-0.0096,0.0026,0.0068,0.0041,0.0008,0.0009,0.0027,-0.0011,-0.0017
2014-03-21,55.9762,160.5857,E,,0.1728,,,,,,,,,,,-0.0004,-0.0015,-0.0026,-0.0031,-0.0018,1e-04,-0.0004,-0.0007,-0.0011,-0.0025,-0.007,-0.0035,-0.0074,-0.0062,-0.0056,-0.0018,0.0048,0.0061
2014-03-21,55.9762,160.5857,N,0.1099,0.094,0.0634,0.05,0.0432,0.0077,0.004,-0.0131,-0.0142,-0.0129,-0.0128,-0.0167,-0.0049,-0.0091,-0.0164,-0.0216,-0.0304,-0.0364,-0.0247,-0.0174,-0.006,0.0049,0.0,-0.0015,-0.0041,0.0012,0.0023,0.0072,0.0154,0.0291
2014-03-21,55.9762,160.5857,NE,0.1455,0.1315,0.1115,,,,,,,,,,,-0.0105,-0.0117,-0.0115,-0.0147,-0.0131,-0.0121,-0.0119,-0.0113,-0.0084,-0.0078,-0.0054,-0.0035,-0.0029,0.0069,0.0066,0.0106,0.0172
2014-03-21,55.9762,160.5857,NO,,0.0413,0.0427,0.0179,0.0102,-0.0022,-0.012,-0.0137,-0.0209,-0.0142,-0.0044,-0.0005,-0.0069,-0.0287,-0.0395,-0.0391,-0.0264,-0.0022,0.003,0.0102,0.0138,0.0193,0.0339,0.0362,0.0283,0.0055,-0.0022,-0.006,0.0074,0.0206
2014-03-21,55.9762,160.5857,O,0.016,0.0164,-0.0005,-0.0179,-0.0171,-0.0064,0.0087,0.0076,0.0076,0.0055,0.0019,0.0023,-0.0011,0.0027,0.0028,0.0035,0.0029,0.0031,0.005,0.0105,0.0059,0.0055,0.0016,0.0045,0.0115,0.0258,,,,
2014-03-21,55.9762,160.5857,S,0.1598,0.16,0.1479,0.1305,0.1143,0.0922,0.0329,0.0075,-0.0051,-0.0063,-0.0063,-0.0062,-0.0033,-0.0031,-0.0019,-0.0034,-0.0068,-0.009,-0.0098,-0.009,-0.0075,-0.0041,-0.0003,0.0034,0.0031,0.003,0.0023,-0.001,-0.0012,0.0015
2014-03-21,55.9762,160.5857,SE,0.2261,0.2245,0.2161,0.1731,0.1367,0.0977,,0.0462,0.041,,,,,,,-0.0038,-0.0039,-0.0039,-0.0053,-0.0055,-0.0037,-0.0034,-0.0046,-0.003,0.0027,-0.0039,0.0033,0.0052,0.0044,0.0104
2014-03-21,55.9762,160.5857,SO,0.0755,0.08,0.0817,0.077,0.0718,0.0691,0.0681,0.0557,0.0408,0.0268,0.0285,0.021,0.0185,0.0124,0.0041,-0.0034,-0.0212,-0.0254,-0.0315,-0.0245,-0.0045,-0.003,-0.0009,-0.0075,-0.0104,-0.0119,-0.0041,0.0033,0.0139,0.0217
2014-04-14,55.9738,160.586,E,0.085,0.0774,0.0741,0.0675,0.0598,,,,,,0.0266,0.0185,0.0029,-0.0081,0.0306,0.0358,-0.0165,-0.0119,,,,-0.0006,1e-04,-0.0011,-0.014,-0.0045,-0.0018,0.0007,0.0051,0.0065
2014-04-14,55.9738,160.586,N,,0.033,0.0233,0.0092,0.0052,0.0004,-0.0034,-0.0036,-0.0077,-0.0065,-0.0032,,,,,,,,,,,-0.0047,0.0051,,-0.0383,-0.0315,-0.0223,-0.0144,0.0048,0.0141
2014-04-14,55.9738,160.586,NE,-0.0134,-0.0089,-0.0119,,,,,,,,,0.0012,,,0.0404,0.0905,0.0887,,,,,,,,,,,,0.012,1e-04
2014-04-14,55.9738,160.586,NO,-0.0947,-0.1015,-0.1055,-0.1104,-0.1109,-0.1108,-0.11,-0.1122,-0.0949,-0.0848,-0.0751,-0.0713,,,,-0.0485,-0.0536,-0.0384,-0.0292,-0.0236,-0.0258,-0.0305,-0.0125,0.0006,0.0459,0.0396,0.0424,0.0518,0.0465,0.0387
2014-04-14,55.9738,160.586,O,0.003,0.0019,-0.0064,-0.0034,-0.0051,-0.0077,-0.0073,0.0062,0.0063,0.0057,0.0058,0.0037,-0.006,-0.0077,-0.0134,-0.0083,-0.0022,0.003,0.0037,0.0074,0.0086,0.0095,0.0098,0.0083,0.0066,0.0077,0.0174,-0.024,-0.0056,0.0103
2014-04-14,55.9738,160.586,S,,0.079,0.0784,,,,,0.043,0.0358,,0.0159,0.0093,0.0002,-0.0035,-0.0048,-0.0072,-0.009,-0.0083,-0.0064,-0.0094,-0.0063,-0.0065,-0.0059,-0.0021,-0.0014,0.0004,-0.0003,-0.0037,0.0028,0.002
2014-04-14,55.9738,160.586,SE,0.0916,0.086,0.0807,,,,,,,0.0216,0.0141,0.0007,-0.0074,-0.0072,-0.0069,-0.0067,-0.0065,-0.0063,-0.006,-0.0057,-0.0054,-0.0052,-0.005,-0.0048,-0.0047,-0.0037,-0.002,0.0011,0.0038,0.0066
2014-04-14,55.9738,160.586,SO,0.05,0.0501,0.0525,0.0549,0.0543,0.0532,0.0384,0.0501,0.0006,0.0017,-0.0133,-0.0126,-0.0081,-0.0049,-0.011,-0.0004,-0.0065,-0.0004,0.0008,0.0037,0.0034,0.0024,0.0004,0.0032,0.0023,0.0051,0.0031,0.0008,-0.0019,-0.0059
2014-08-27,55.977,160.589,E,0.1109,,,,0.0629,0.0393,0.0219,0.0118,0.0084,0.0056,0.0042,0.0024,-0.0005,-0.0028,-0.0054,-0.0064,-0.007,-0.0066,-0.005,-0.0033,0.0003,0.0098,-0.0015,0.0019,0.0075,0.0121,0.0175,0.0226,0.0278,0.0349
2014-08-27,55.977,160.589,N,,0.0541,0.0563,0.0523,0.0426,0.0341,0.0215,0.0166,0.014,0.0048,0.0062,0.0091,0.0095,0.0033,-0.0064,-0.0049,-0.0027,-0.0097,-0.0164,-0.0223,-0.0257,-0.0298,-0.031,-0.0284,-0.0285,-0.0239,-0.0219,-0.0009,-0.0028,0.0566
2014-08-27,55.977,160.589,NE,0.0964,0.0924,0.0968,0.0857,,0.0406,0.0238,0.0077,0.009,-0.0022,-0.0021,-0.0101,-0.0124,-0.0093,-0.0139,-0.0132,-0.0079,-0.0079,0.0008,0.0027,0.0002,-0.0017,-0.002,-0.0014,-1e-04,0.0007,0.0015,0.0033,0.0044,0.0083
2014-08-27,55.977,160.589,NO,,,,,,,,,,,,-0.128,-0.1288,-0.1222,-0.1083,-0.0692,-0.0448,-0.0448,-0.0151,0.0605,-0.0331,-0.041,-0.0568,-0.0563,-0.0378,-0.0277,0.021,0.0674,0.0741,0.1175
2014-08-27,55.977,160.589,O,,,,,,,,,,,,-0.0338,-0.0333,-0.0319,-0.0462,-0.0345,-0.0384,-0.0324,-0.0111,0.0054,0.0085,0.0164,0.0275,0.09,0.0552,,0.0786,0.0962,0.1053,0.1101
2014-08-27,55.977,160.589,S,,0.1069,,,,,,,,,,,,,,,,,,,,,,,-0.0047,-0.0053,-0.0077,-0.0039,0.0024,0.0042
2014-08-27,55.977,160.589,SE,0.1083,,,0.0643,0.0638,0.0292,0.0099,0.0079,0.0055,0.0037,0.0007,-0.0019,-0.005,-0.0072,-0.0093,-0.0078,-0.0052,-0.0018,0.0014,0.0048,0.0088,0.0065,-0.0002,,,,,,,
2014-08-27,55.977,160.589,SO,0.0476,0.0499,,,,,,,,-0.0065,0.0016,0.0053,0.0209,0.0156,0.028,0.0339,0.0454,0.0504,0.055,0.0558,0.0545,0.0071,-0.0094,-0.0243,-0.0151,-0.0165,-0.0253,-0.0201,-0.0205,-0.0178
2014-08-28,55.9778,160.5939,E,,,0.0445,0.0263,0.0237,0.0206,0.0166,0.0137,0.0103,0.0057,0.0031,-0.0004,-0.0042,-0.0091,-0.0157,-0.013,-0.0088,,,,,,,,0.0064,0.0149,0.013,0.0579,0.0271,0.0195
2014-08-28,55.9778,160.5939,N,,,,0.0413,0.0291,0.011,0.0015,-0.0083,-0.0025,-0.0126,-0.0004,0.0039,0.0023,-0.003,0.0037,0.0022,0.0033,0.0017,-0.0045,0.0036,-0.0002,-0.0028,-0.0055,-0.0087,-0.0087,1e-04,0.0007,-0.0006,-0.0011,0.0028
2014-08-28,55.9778,160.5939,NE,,0.074,0.0625,0.0137,0.0119,0.011,0.0097,0.011,0.0075,0.0075,0.0039,0.0034,0.0048,0.0032,0.0003,-0.0069,-0.0131,-0.0141,-0.0187,-0.0208,-0.0217,-0.0083,-0.0018,,,0.0164,0.0159,0.0084,0.0024,-0.0045
2014-08-28,55.9778,160.5939,NO,-0.0236,,-0.1005,-0.1024,-0.1072,-0.1007,-0.0986,-0.1015,-0.1174,-0.1235,-0.1049,-0.0948,-0.0184,0.0791,0.0659,0.0633,0.0405,0.0178,-0.0028,-0.0087,0.0179,0.0498,0.0974,-0.0146,0.0223,0.0265,0.0423,0.0675,0.0919,0.1163
2014-08-28,55.9778,160.5939,O,-0.0748,,-0.1513,-0.1793,-0.1856,-0.1858,-0.1978,-0.2014,-0.1871,,,,,,,,,,-0.0172,0.0282,-0.1383,-0.1419,-0.0395,-0.0583,-0.0288,0.0114,0.047,0.0667,0.0755,0.0939
2014-08-28,55.9778,160.5939,SE,,,0.035,,,,,0.001,0.0035,0.004,0.0038,0.005,0.0045,0.0031,0.0017,-0.0009,-0.0011,-0.0026,-0.0046,-0.0031,-1e-04,0.0,0.0088,0.0149,,,,,0.0115,0.0184
2014-08-28,55.9778,160.5939,SO,,-0.0196,-0.0521,,,-0.0737,-0.0721,-0.0798,-0.0775,-0.0776,-0.068,,,,,,,,0.0217,0.0361,0.0272,0.0018,-0.0103,-0.0329,-0.0426,-0.0323,0.0229,0.0328,0.0341,0.0366
2014-10-15,55.9814,160.5844,E,-0.0756,-0.0726,-0.0823,-0.08,-0.0784,-0.0765,-0.0747,-0.0726,-0.0661,-0.054,-0.0431,-0.0254,-0.0331,-0.0023,0.0016,0.0041,0.0011,-0.005,-0.0054,0.0146,0.0216,,,,,,,,,0.067
2014-10-15,55.9814,160.5844,NE,,,,,,,,,,,,-0.0081,,,,,,,,,,,,,,,,,,-0.0063
2014-10-15,55.9814,160.5844,O,0.0126,,,,,,,,,,,,,,,,,,,,,,,,,,,,,
2014-10-15,55.9814,160.5844,S,0.0306,0.0254,0.0221,0.0189,0.0146,0.0121,0.0083,0.0012,-0.0058,-0.0045,,,,,,,,,,,,,0.0021,0.0008,,,,,,
2014-10-15,55.9814,160.5844,SE,,0.0323,0.0198,0.0132,0.0055,0.0042,0.0062,0.0051,0.009,0.0016,-0.0015,-0.0183,-0.0157,-0.0245,-0.0241,-0.0259,-0.0193,-0.0109,-0.0048,0.0105,0.0272,0.0446,0.056,,,,,,,
2014-10-15,55.9814,160.5844,SO,0.0084,0.0043,1e-04,1e-04,,,,,,,,,,,,,,,,,,,,,,,,,,
2015-02-27,55.9757,160.5847,E,0.1552,,,,,,,,,,,,,,,,,,,0.0003,-0.0011,0.0014,-0.0047,-0.0025,-0.0022,-0.0002,0.004,0.0037,0.0056,0.0077
2015-02-27,55.9757,160.5847,N,,,0.0811,,0.0283,0.0285,,0.0076,0.0031,0.0027,0.006,0.0058,0.005,0.0061,0.007,0.0046,0.0018,-0.007,-0.0117,-0.0122,-0.008,-0.0065,-0.0043,0.0021,0.0022,-0.0008,-0.0018,-0.0017,-0.0015,0.0032
2015-02-27,55.9757,160.5847,NE,,,,,,,,,,,,,,,,,,,,,,,,,,,,-0.0087,-0.0044,0.0032
2015-02-27,55.9757,160.5847,NO,0.058,0.0548,0.0396,0.027,0.0124,-0.0145,-0.0146,-0.0184,-0.0182,-0.0303,-0.0276,-0.0163,-0.0063,-0.0058,-0.0123,-0.0147,-0.0135,-0.0055,0.0026,0.0067,0.0147,0.022,0.0249,0.0373,0.0236,0.03,0.03,0.0321,0.013,0.0167
2015-02-27,55.9757,160.5847,O,0.0275,0.017,0.0175,0.0156,0.008,0.0042,-0.0014,,-0.0032,0.0055,-0.0104,-0.0124,-0.0122,-0.0164,-0.0226,-0.0198,-0.0121,-0.0121,-0.016,-0.0083,-0.0036,-1e-04,0.0036,0.0073,0.007,0.0055,0.0174,0.0143,0.0175,0.0151
2015-02-27,55.9757,160.5847,S,,,,,,,,,,0.0057,0.0051,-0.0003,-0.0003,-0.0014,-0.0026,-0.0037,-0.0053,-0.0061,-0.0067,-0.007,-0.0079,-0.0046,-0.0038,-0.0003,0.0036,0.008,0.0082,0.0116,0.0019,0.0018
2015-02-27,55.9757,160.5847,SE,,,,,,,,,,,,,,,,,,,,,,,,0.0013,-0.0014,-0.0027,0.0035,-0.0016,-0.0005,0.0086
2015-02-27,55.9757,160.5847,SO,,,,,,,,,,-0.0187,0.0235,0.0224,-0.0113,-0.0236,-0.0296,-0.0185,-0.0082,-0.0004,-0.0009,0.0224,0.0136,0.0139,-1e-04,-0.0063,,,-0.0549,0.0238,0.0183,0.0062
2015-03-08,55.9781,160.5906,E,0.0768,0.0375,0.0232,0.0126,0.0072,0.0101,0.0097,0.009,0.0078,-0.0013,-0.0012,0.0002,-0.0094,-0.006,-0.0029,0.0011,0.0,-0.0021,-0.0068,-0.0031,0.0008,0.0023,0.0099,0.0222,0.03,0.0305,0.0384,,,
2015-03-08,55.9781,160.5906,N,,0.0446,0.0302,0.0233,0.0077,-0.0005,0.0136,-0.0084,-0.0086,-0.0137,-0.018,-0.0181,-0.018,-0.018,-0.0178,-0.0169,-0.0098,-0.0159,-0.009,-0.0096,-0.0196,-0.0246,-0.0198,-0.0119,-0.0076,-0.0035,-0.0025,0.0056,0.0019,0.0024
2015-03-08,55.9781,160.5906,NE,0.0727,0.045,0.0523,0.0166,-0.0017,-0.003,-0.0042,-0.0061,-0.0055,-0.0066,-0.0072,-0.0035,0.0036,0.0072,0.0029,0.0023,0.0017,0.001,0.001,0.0003,-0.0005,0.0009,0.002,0.0021,0.0015,0.0021,-0.0025,-0.0004,0.003,0.0035
2015-03-08,55.9781,160.5906,NO,0.0259,,,-0.0345,,,,,,,,,,,-0.0937,-0.0895,-0.0749,-0.0465,-0.0155,-0.0195,0.0142,0.0069,-0.0045,-0.0158,-0.0196,-0.0119,0.0042,0.0224,0.0439,0.0492
2015-03-08,55.9781,160.5906,O,0.0595,,,,,,,,,,-0.0362,-0.0312,-0.0251,-0.0284,-0.0311,-0.0327,-0.0255,-0.0197,-0.0081,-0.0009,0.0088,0.0175,0.0105,0.0062,0.0014,0.0064,0.0137,0.0176,0.0204,0.0309
2015-03-08,55.9781,160.5906,S,,0.0761,0.076,,0.0156,0.0031,-0.0012,-0.005,-0.0047,-0.0004,0.0021,0.0048,0.0048,0.0008,0.005,0.0056,0.0058,0.0021,0.0,-0.0017,-0.0015,-0.0009,-0.0005,-0.0005,-0.0006,-0.0027,-0.0024,-0.0018,-0.0013,-0.0009
2015-03-08,55.9781,160.5906,SE,0.0873,0.1002,0.068,0.0355,0.0174,0.0189,0.0167,0.0148,0.0102,0.0054,0.0029,0.0009,-0.0009,0.0023,0.0005,-0.0059,-0.0076,-0.0086,-0.0091,-0.0102,-0.0069,-0.0057,-0.0071,-0.0101,-0.0076,0.0007,0.0102,0.0105,0.0106,0.0107
2015-03-08,55.9781,160.5906,SO,0.0516,,,,,,,,,,,-0.0376,-0.0375,-0.0253,0.0026,0.0065,0.0105,0.0105,0.0166,0.0141,0.0141,0.014,0.016,0.0139,0.0138,0.0088,0.0021,-0.0004,-0.0046,-0.0358
2015-03-23,55.9738,160.5856,E,,,,,,,,,,,0.0388,0.025,0.0145,0.0151,0.0044,-0.0059,-0.0052,-0.0073,-0.007,-0.0085,-0.0093,-0.0081,-0.0069,-0.0059,-0.0024,-0.0042,-0.0029,0.0006,0.0033,0.0071
2015-03-23,55.9738,160.5856,N,,,,0.0227,0.0211,0.023,,,,,,,,,,-0.0068,-0.0051,-0.0121,-0.012,-0.0212,-0.0132,-0.0152,-0.0153,-0.0077,-0.0173,-0.0104,-0.0062,0.0043,0.0215,0.0247
2015-03-23,55.9738,160.5856,NE,0.0605,,,,,,,,,,,,,,,0.037,0.0328,0.0228,0.0238,0.0129,0.0083,-0.0026,-0.0082,-0.0176,-0.0165,-0.0142,-0.013,-0.0122,-0.0081,-0.0057
2015-03-23,55.9738,160.5856,NO,,,,,,,,,,,,,,,,,,-0.0023,-0.0005,-0.0328,-0.0163,-0.0144,-0.0197,-0.0199,0.0081,0.0101,-0.0004,0.0127,0.0165,0.0262
2015-03-23,55.9738,160.5856,O,,,,-0.0312,,,,,,-0.0136,,,-0.0139,-0.0164,-0.0142,,,0.002,0.0113,0.0044,0.0002,0.0005,-0.0005,,,,,-0.0048,0.0018,0.0086
2015-03-23,55.9738,160.5856,S,,,,,,,,,0.0294,0.0212,0.0087,0.0055,-0.001,-0.0012,-0.0084,-0.0091,-0.011,-0.0123,-0.0109,-0.0122,-0.0097,-0.011,-0.0077,-0.0011,-0.0011,-0.0033,-0.0013,-0.0021,-0.001,-0.0026
2015-03-23,55.9738,160.5856,SE,0.0585,,,,,,,,0.0362,0.0255,0.0151,0.0034,-0.0036,-0.0069,-0.007,-0.0057,-0.0057,-0.0059,-0.0054,-0.0043,-0.0039,-0.0029,-0.0021,-0.0015,-0.0011,0.0008,0.0052,0.008,0.0085,0.0117
2015-03-23,55.9738,160.5856,SO,,,,,,,,0.0039,-0.0084,-0.0116,-0.0102,-0.0065,-0.005,0.0004,-0.0011,0.0125,0.0125,0.0137,0.0134,0.0117,0.0089,0.0032,0.0033,0.006,0.003,-0.0018,-0.0074,-0.0114,-0.0237,0.0055
2015-03-24,55.9768,160.5871,E,0.2226,0.1829,0.1367,0.0852,0.0453,0.0264,0.0135,0.0092,0.0067,0.0054,0.0008,-0.0013,-0.0031,-0.0049,-0.0059,-0.0069,-0.007,-0.0084,-0.0076,-0.0067,-0.0093,-0.0097,0.0108,0.0293,0.0449,0.0514,0.0522,,,
2015-03-24,55.9768,160.5871,N,,0.1138,0.0834,0.0705,0.067,0.0428,0.0367,0.0125,-0.0532,-0.0568,-0.0561,-0.0558,-0.0552,-0.0364,-0.0093,-0.0276,-0.0177,-0.0166,-0.0068,-0.0207,-0.0244,-0.0212,-0.0214,-0.0064,0.0022,0.017,0.0254,0.0251,0.034,0.0292
2015-03-24,55.9768,160.5871,NE,0.1527,0.1651,0.141,0.1352,0.1251,0.1129,0.0994,0.0975,0.0377,0.0044,-0.0172,-0.0215,-0.0197,-0.0251,-0.0269,-0.0257,-0.0252,-0.0236,-0.0192,-0.0158,-0.0129,-0.0054,0.0019,0.0056,0.0291,0.0271,0.011,0.0069,0.0111,0.0125
2015-03-24,55.9768,160.5871,NO,,,,,,,,,,,,,,-0.0827,-0.0817,-0.0749,-0.0391,-0.0126,0.0058,0.0119,0.009,0.0057,0.0007,-0.0211,-0.0198,-0.0394,-0.0101,0.0012,0.0274,0.0572
2015-03-24,55.9768,160.5871,O,,,,,,,,,,,-0.0183,-0.0257,-0.0221,-0.0259,-0.022,-0.0315,-0.0252,-0.0227,-0.0187,-0.0178,-0.013,-0.0042,0.0018,0.0019,0.005,0.0124,0.0199,0.0196,0.0272,0.0364
2015-03-24,55.9768,160.5871,S,,,,0.0631,0.0314,,0.0014,0.001,0.0007,-0.0043,-0.0093,-0.0099,-0.0104,-0.011,-0.0121,-0.0128,-0.0136,-0.0101,-0.0062,-0.0067,-0.0075,-0.0121,-0.0132,-0.0095,-0.0058,0.0022,0.0061,0.0139,0.0039,0.0025
2015-03-24,55.9768,160.5871,SE,,0.1614,0.1188,0.0731,0.0376,0.0271,0.0204,0.0158,0.016,0.0146,0.0096,0.0046,1e-04,-0.0049,-0.0088,-0.0118,-0.0145,-0.0167,-0.0159,-0.0106,-0.0125,-0.0109,-0.0084,-0.0059,-0.0026,0.0035,0.0066,0.0129,0.0202,0.0196
2015-03-24,55.9768,160.5871,SO,,,,,,,,,,,0.0593,0.0621,0.0643,0.05,0.0341,0.015,0.0019,-0.0099,-0.0144,-0.0159,-0.0205,-0.0482,-0.0415,-0.0293,-0.02,0.0071,0.0046,0.017,0.0218,0.0288
2015-04-16,55.978,160.5934,E,0.1505,0.1127,0.0764,0.0452,0.0275,0.0133,0.0067,0.0037,0.0012,-0.0075,-0.006,-0.0173,-0.0271,-0.0373,,,0.0013,-0.0201,-0.0217,-0.013,-0.0116,-0.0018,1e-04,-0.0,0.0049,0.0071,0.0064,0.0051,0.0135,0.0036
2015-04-16,55.978,160.5934,N,0.0711,0.0701,0.0563,0.0571,0.0583,0.0545,0.0241,0.0118,0.0012,-0.0146,-0.0129,-0.0135,-0.0078,-0.0022,-0.0069,-0.0192,0.0161,0.0178,0.0067,0.0144,0.0201,0.0034,0.0112,-0.0002,-0.0045,0.0146,0.029,0.0323,0.0205,0.0225
2015-04-16,55.978,160.5934,NE,0.0669,0.0588,0.0306,0.0083,0.0104,0.0161,0.012,0.0104,-0.0003,0.0021,0.0026,0.0053,0.0042,0.0062,0.0042,0.0012,-0.0147,-0.0119,-0.0119,-0.0023,0.0053,0.0069,0.0023,-0.0014,-0.0054,-0.0059,-0.0048,-0.0023,1e-04,0.0027
2015-04-16,55.978,160.5934,NO,0.0216,0.0115,0.0085,-0.033,-0.0757,-0.0847,-0.0836,-0.0839,-0.0831,-0.0897,-0.0872,-0.0879,-0.0891,-0.0801,-0.0581,-0.0602,-0.0453,-0.0366,-0.02,-0.0107,-0.0037,0.0044,0.0114,0.0138,0.0193,0.0383,0.0666,0.0877,0.1053,0.1168
2015-04-16,55.978,160.5934,O,,0.064,0.0188,-0.0142,-0.0267,-0.034,-0.0408,-0.0576,-0.064,-0.0689,-0.0758,-0.0796,-0.0784,,-0.0961,-0.0947,-0.0919,-0.0683,-0.0293,-0.023,-0.022,-0.0046,-0.0062,-0.0055,-0.0062,-0.0046,0.0059,0.0194,0.0343,0.049
2015-04-16,55.978,160.5934,S,,0.1179,0.0846,0.0772,0.0765,0.0531,0.039,0.0231,0.0416,0.0199,0.0197,0.0202,-0.0197,-0.0114,-0.0083,-0.0137,-0.0163,-0.017,-0.0161,-0.0081,-0.0029,-0.0075,-0.0079,-0.0113,-0.0131,-0.0113,-0.0107,-0.0083,-0.0058,-0.0022
2015-04-16,55.978,160.5934,SE,,0.1427,0.0879,0.0728,0.0465,0.0337,0.026,0.024,0.0314,0.024,0.0219,0.0177,0.0125,0.0037,-0.0016,-0.0081,-0.0154,-0.0198,-0.0214,-0.0241,-0.0274,-0.0166,-0.0124,-0.0141,-0.0154,-0.0079,-0.0027,0.0053,0.0145,0.0187
2015-04-16,55.978,160.5934,SO,0.0553,0.0408,0.0228,-0.0123,-0.021,-0.0345,-0.0342,-0.0431,-0.0448,-0.0551,-0.059,-0.0432,-0.0353,-0.0329,-0.0377,-0.0405,-0.0282,-0.0138,-0.002,0.0061,0.0019,0.0011,0.0093,0.0153,0.0315,0.0315,0.032,0.0328,0.0328,0.0096
2016-02-06,55.9757,160.5828,E,,0.0241,0.0151,0.007,-0.0019,-0.004,-0.005,-0.005,-0.0034,-0.0018,-0.0017,-0.0002,0.0005,0.0012,0.0015,0.0018,0.0019,0.0021,0.0014,0.0011,0.0007,0.0011,0.0021,0.0029,0.0027,0.0012,-1e-04,0.0003,0.0,-1e-04
2016-02-06,55.9757,160.5828,N,,,,,,,,,,,,,0.001,0.0022,0.0019,0.0019,-0.0005,0.0016,-0.0032,-0.007,-0.0089,-0.0076,-0.0066,-0.0047,-0.0043,0.0016,0.0042,0.0114,0.0153,0.0162
2016-02-06,55.9757,160.5828,NE,0.0491,,0.0419,0.0385,0.025,0.0276,0.0254,0.016,0.0097,0.0071,0.0045,0.0021,0.0018,0.0004,-0.0013,-0.0039,-0.0021,-0.0023,-0.0014,-0.0,-1e-04,0.0009,0.0012,0.0009,-0.0013,-0.0035,-0.0033,-0.0046,-0.0059,-0.0061
2016-02-06,55.9757,160.5828,NO,,,,,,,,,,,,,,0.0131,0.0111,0.0046,-0.0015,-0.006,-0.003,0.0022,0.0081,0.0126,,,,,,,,
2016-02-06,55.9757,160.5828,O,,,,,,,,,,,-0.0223,-0.0162,-0.016,-0.0047,0.0119,0.0089,,,0.0047,-0.0025,-0.0238,,,,,0.0339,0.0419,,-0.0325,0.0074
2016-02-06,55.9757,160.5828,S,0.0295,0.0061,-0.0035,-0.0082,-0.0082,-0.0077,-0.0064,-0.0044,-0.0021,-0.0015,-0.0003,0.001,0.0028,0.0042,0.0006,0.0018,0.0009,-0.002,-0.0035,-0.007,-0.0062,-0.0052,-0.0039,-0.0012,-0.0016,0.0033,0.0022,0.002,0.0071,0.0114
2016-02-06,55.9757,160.5828,SE,,0.005,-0.0023,-0.0055,-0.0065,-0.0055,-0.005,-0.0023,0.0002,0.0014,0.0026,0.0026,0.003,0.0027,0.0016,-1e-04,-0.0015,-0.0028,-0.0032,-0.0033,-0.003,-0.0019,-0.0003,0.0015,0.0032,0.0048,0.0054,0.0008,-0.0054,-0.0049
2016-02-06,55.9757,160.5828,SO,,0.0195,0.0165,0.0062,0.0003,0.0007,-0.003,-0.0025,-0.0021,0.0024,-0.0024,-0.0054,-0.0052,-0.005,-0.0075,-0.0048,-0.0055,-0.0048,-0.0072,-0.0077,-0.0043,-0.0028,0.0009,0.0038,0.0057,0.0099,0.0125,,,0.02
2016-02-22,55.9773,160.5867,E,,0.019,0.0096,0.0022,-0.0027,-0.005,-0.0058,-0.0052,-0.0035,-0.0021,0.0003,0.001,0.0014,0.002,0.0008,0.0005,0.0016,0.0008,0.0015,-0.001,-0.0019,-0.0044,-0.004,-0.0049,-0.0049,-0.0045,-0.0041,-0.0016,0.0028,0.0092
2016-02-22,55.9773,160.5867,N,,,,0.0011,-0.0007,-0.0047,-0.0113,-0.012,-0.0075,-0.0101,-0.019,-0.0148,-0.0118,-0.0102,-0.0149,-0.0105,-0.0085,-0.0066,-0.0043,-0.0032,-0.0005,0.0007,0.002,-0.003,0.0019,0.0042,0.0129,0.0198,0.0077,0.0306
2016-02-22,55.9773,160.5867,NE,0.0336,0.02,0.0162,0.0147,0.0091,0.0045,0.0073,0.0016,0.0089,-0.0004,-0.0011,-0.0015,-0.0026,-0.0037,-0.0071,-0.0065,-0.0067,-0.0061,-0.0034,-0.0016,-0.0012,-0.0019,-0.0013,-0.0012,-0.0004,0.0014,0.0018,0.0027,0.0034,0.0035
2016-02-22,55.9773,160.5867,NO,,,,0.0073,0.0004,-0.0009,-0.0016,-0.0007,0.0008,0.001,0.0028,0.0006,0.0014,0.0014,-0.002,-0.0042,-0.004,-0.0032,-0.0039,-0.0013,-0.0036,-0.0016,-0.0071,-0.0103,-0.0163,-0.0157,-0.0005,0.0011,0.0094,0.01
2016-02-22,55.9773,160.5867,O,,,,-0.0124,0.0032,,,0.0022,0.0024,0.0008,0.0044,0.004,0.0066,0.0079,0.0043,0.0028,,,,,,,,,,,,,,
2016-02-22,55.9773,160.5867,S,,0.0252,0.0215,0.0166,0.0133,0.0092,0.0056,0.0047,0.0018,0.0013,-0.0008,0.0004,0.0005,-1e-04,0.0013,0.0003,0.0,-0.0002,0.0,-0.0,0.0004,-0.0003,-0.0015,-0.0014,-0.0019,-0.0006,-0.0025,-0.0032,-0.0011,-0.0019
2016-02-22,55.9773,160.5867,SE,0.019,0.0029,-0.003,-0.0065,-0.0083,-0.0067,-0.0053,-0.004,-0.0027,-0.0008,0.0005,0.0019,0.0025,0.004,0.003,0.0022,0.0016,0.0006,-0.0006,-0.0023,-0.0031,-0.0031,-0.0027,-0.002,-0.0012,-0.0009,-0.0003,0.0005,0.001,0.0007
2016-02-22,55.9773,160.5867,SO,,,,,,,0.0144,0.0073,0.0025,0.0021,-0.0061,-0.011,-0.012,-0.0136,-0.0188,-0.0178,-0.0166,-0.013,-0.0122,0.0047,0.0032,-0.0012,-0.0025,-0.0003,-0.0013,-0.0038,-0.0007,-0.0013,-0.004,0.0003
2016-03-01,55.976,160.5852,E,,0.1465,0.1397,0.107,0.0584,0.0098,,,,0.0045,0.0031,0.0026,0.0018,0.0005,-0.001,-0.0017,-0.0022,-0.0027,-0.003,-0.0039,-0.0045,-0.0047,-0.0052,-0.0055,-0.0018,0.0013,-0.0021,-0.002,0.0008,0.0048
2016-03-01,55.976,160.5852,N,0.1047,0.0876,0.0775,0.0608,0.0379,0.023,0.0185,0.0072,-0.0017,-0.0046,-0.0068,-0.0086,-0.0053,-0.0011,-0.0011,-0.0017,-0.0013,-0.005,-0.005,0.0008,-0.0083,-0.0045,-0.0027,0.0015,-0.0005,0.0004,-0.0,-0.0012,0.0069,0.0124
2016-03-01,55.976,160.5852,NE,0.1266,0.116,0.1046,0.0952,0.0942,0.0699,0.0641,0.0506,0.0438,-0.0186,-0.0186,-0.0148,-0.006,-0.0008,-0.009,-0.0084,-0.0083,-0.0116,-0.0108,-0.0113,-0.0142,-0.0127,-0.0088,-0.0118,-0.006,-0.0009,-0.0002,0.0015,0.0042,0.0055
2016-03-01,55.976,160.5852,NO,0.0479,0.0534,0.0252,0.0116,-0.0004,-0.0085,-0.0078,-0.0144,-0.0212,-0.0204,-0.0199,-0.0126,-0.0097,-0.0138,-0.0331,-0.0394,-0.0488,-0.0238,-0.0102,0.0018,0.0142,0.0175,0.0255,0.0156,0.0223,0.0202,0.0181,0.0271,0.0274,0.038
2016-03-01,55.976,160.5852,O,0.0427,0.007,-0.009,-0.0154,-0.0189,-0.0229,-0.0261,-0.0219,-0.0208,-0.0203,-0.0161,-0.0118,-0.008,-0.0032,-0.0029,-0.0104,-0.0085,0.001,0.0003,0.0005,0.0005,0.008,0.0119,0.0155,0.0135,0.0053,0.0049,0.025,0.0327,0.0435
2016-03-01,55.976,160.5852,S,,0.1384,0.1187,0.0874,0.0565,0.0364,0.0008,-0.0013,-0.0036,-0.0058,-0.0058,-0.0059,-0.006,-0.0019,-0.002,-0.0062,-0.002,-0.0043,-0.0043,-0.0066,-0.0066,-0.0067,-0.0067,-0.0067,-0.0067,-0.0026,-0.0025,0.0017,0.0058,0.0058
2016-03-01,55.976,160.5852,SE,0.1578,0.1334,0.1153,0.0657,0.0335,0.0202,0.0111,0.0065,0.0037,0.0011,0.0006,0.0,-0.0002,0.0037,0.0033,0.0027,-0.0017,-0.0021,-0.0026,-0.003,-0.0033,-0.0036,-0.0038,-0.004,-0.0041,-0.0043,-0.0042,-0.0005,0.0039,0.0158
2016-03-01,55.976,160.5852,SO,0.0824,0.0819,0.0641,0.05,0.0316,0.0431,0.0415,0.0311,0.031,0.0244,0.021,0.0064,-0.0004,-0.0084,-0.0192,-0.0246,-0.0338,-0.0233,-0.0161,-0.0102,-0.0077,-0.005,0.0035,0.0127,0.0107,0.0105,0.0059,0.0069,0.0376,0.0386
2016-04-03,55.978,160.5929,E,0.109,0.0832,0.0531,0.0303,0.0245,0.02,0.0179,0.0163,0.0131,0.0102,0.0069,0.0044,1e-04,-0.0052,-0.0087,-0.0123,-0.0147,-0.0136,-0.0106,-0.0075,-0.0048,-0.0023,0.0004,0.003,0.0043,0.0044,0.0056,0.0061,0.0085,0.0095
2016-04-03,55.978,160.5929,N,,0.0544,0.0454,0.0382,0.0246,0.0211,0.0133,0.0065,-0.0042,-0.0044,-0.0072,-0.0037,0.0016,-0.0052,0.0054,0.0002,-0.0074,0.0077,0.0083,0.0088,0.0007,-0.0074,0.0013,-0.0071,-0.0084,-0.0061,-0.0054,0.0,0.0005,0.0025
2016-04-03,55.978,160.5929,NE,0.078,0.0636,0.0414,0.0148,0.003,0.0039,0.0033,0.0016,0.0034,0.004,0.0038,0.0035,0.0024,0.0023,0.0029,0.0023,0.0008,0.0006,0.0014,-0.0011,0.0007,0.0009,1e-04,0.0008,0.0003,-0.0,-0.001,-0.0007,-0.0005,-0.0003
2016-04-03,55.978,160.5929,NO,0.0347,0.0223,0.0224,0.0078,-0.0134,-0.0208,-0.0282,-0.036,-0.0369,-0.0429,-0.0448,-0.0473,-0.0455,-0.0502,-0.0473,-0.0453,-0.0235,-0.0279,-0.0207,-0.0151,-0.0046,0.0059,0.0027,0.0022,0.0055,0.0129,0.0234,0.03,0.0414,0.0548
2016-04-03,55.978,160.5929,O,,0.0364,0.0236,0.0107,-0.004,-0.0196,-0.0294,-0.037,-0.0433,-0.0477,-0.0495,-0.0505,-0.0522,-0.0539,-0.0491,-0.041,-0.027,-0.0272,-0.016,0.0061,0.0067,0.001,-0.0038,-0.0049,-0.0024,-0.0007,0.0045,0.0109,0.0175,0.0259
2016-04-03,55.978,160.5929,S,,0.0754,0.0607,0.0588,0.0534,0.0319,0.0322,0.0092,-0.0019,-0.0116,-0.0111,,,,0.0254,0.0425,0.0382,0.0183,0.0083,0.0062,0.0118,-0.0037,-0.0042,-0.0078,-0.0066,-0.0052,-0.0027,-0.0004,0.0019,0.0052
2016-04-03,55.978,160.5929,SE,0.0919,0.0859,0.0667,0.0421,0.0303,0.0175,0.0184,0.0125,0.0106,0.0094,0.0075,0.0043,-0.0012,-0.0026,-0.0035,-0.0048,-0.0065,-0.0107,-0.0114,-0.011,-0.0079,-0.0055,-0.0034,-0.0013,0.0004,0.002,0.0035,0.0035,0.0035,0.006
2016-04-03,55.978,160.5929,SO,0.0537,0.0244,0.0233,0.0163,0.0191,,,,,,,,,,0.0031,-0.0012,-0.0336,-0.0287,-0.0228,-0.0185,-0.009,-0.0031,0.003,0.0095,0.0115,0.0118,0.012,0.0128,0.0105,0.008
2016-09-10,55.9744,160.5832,E,,,,,,0.066,0.0461,0.0284,0.017,0.0084,0.0051,0.0036,0.0015,-0.0013,-0.0039,-0.0045,-0.0052,-0.0059,-0.0079,-0.0091,-0.0086,-0.0077,-0.0066,-0.0046,-0.0024,0.0002,0.0031,0.006,0.0092,0.0125
2016-09-10,55.9744,160.5832,NE,0.0712,,,,,,,,,,,,,,,,,,,,,,,,,,,,,
2016-09-10,55.9744,160.5832,O,-0.0087,-0.0094,-0.0099,-0.0107,-0.0055,-0.0107,-0.0087,-0.0287,-0.0282,-0.0053,-0.0015,0.0242,0.0228,0.0231,0.0142,0.0125,0.007,0.0028,0.0005,-0.0007,-0.008,-0.007,-0.009,-0.0082,-0.0046,-0.0059,,,,
2016-09-10,55.9744,160.5832,S,0.0689,0.0711,,0.0469,0.0391,0.0304,0.0296,0.0245,0.0097,0.0069,-0.0025,-0.0143,-0.0169,-0.0185,-0.0196,-0.0208,-0.0175,-0.0174,-0.0157,-0.0031,-0.0013,-0.0032,-0.0038,-0.0012,-0.0006,0.0029,0.0044,0.0064,0.0083,0.0104
2016-09-10,55.9744,160.5832,SE,0.0904,,,0.0784,0.061,0.0423,0.0287,0.0154,0.0112,0.0074,0.0049,0.0016,-0.0022,-0.0038,-0.005,-0.0058,-0.0059,-0.0058,-0.0067,-0.005,-0.0045,-0.0035,-0.002,-0.0002,0.001,0.0021,0.0033,0.0046,0.0077,0.0099
2016-09-10,55.9744,160.5832,SO,,0.0317,0.021,0.0227,0.0164,0.0124,0.0105,0.0062,-0.0008,-0.0078,-0.0009,0.0092,,,,,,,,,,,,,,,,,,
2017-02-24,55.9744,160.5827,E,,,,,0.0228,0.0239,0.0163,0.0087,0.0019,0.0014,-1e-04,-0.003,-0.0033,-0.0028,-0.0034,-0.0031,-0.0021,-0.0015,-0.0008,0.0002,0.0007,0.0006,0.0013,0.0013,0.0012,0.0004,0.0004,-0.0003,0.0003,0.0009
2017-02-24,55.9744,160.5827,N,,,,,,,,,0.0233,0.0223,0.021,0.0196,0.0167,0.0117,0.005,-0.0005,-0.0104,-0.0155,-0.0153,-0.0226,-0.0151,0.0062,0.022,0.0452,0.0421,0.0218,-0.0064,-0.0497,-0.0344,-0.007
2017-02-24,55.9744,160.5827,NE,0.0533,,,,,,,,,,0.0428,0.0375,0.0321,0.0229,0.0161,0.0153,0.0065,0.0047,0.002,0.002,-0.0051,-0.0043,-0.0055,-0.0049,-0.005,-0.0049,-0.0061,-0.0068,-0.0072,-0.0065
2017-02-24,55.9744,160.5827,NO,,,,,,,,,,0.0057,0.0046,0.0043,0.0028,0.0015,-0.0005,-0.0026,-0.007,-0.0054,0.0037,0.0037,0.006,0.0161,0.0402,0.0081,0.015,1e-04,0.0026,,,
2017-02-24,55.9744,160.5827,O,,,,,,,0.0003,-0.008,-0.0201,-0.0153,-0.0123,-0.0122,-0.0069,0.0184,,0.0164,0.0162,,,,0.0247,0.0258,0.0287,0.0185,0.0266,,,,-0.0131,-0.0154
2017-02-24,55.9744,160.5827,S,0.072,,,0.0282,0.0238,0.0101,0.0104,0.0118,0.0099,0.0072,0.0044,0.0019,-1e-04,-0.003,-0.0045,-0.0055,-0.0071,-0.0047,-0.0033,-0.0038,-0.0045,-0.0037,-0.0044,-0.004,-0.0035,-0.0038,-0.0031,-0.0017,-0.0018,-0.0024
2017-02-24,55.9744,160.5827,SE,,,0.0465,0.0352,0.0232,0.0157,0.0097,0.0058,0.0028,0.0024,0.0015,0.0006,-0.0,-0.0006,-0.001,-0.0016,-0.0018,-0.0025,-0.0025,-0.0028,-0.0031,-0.0031,-0.003,-0.0022,-0.0005,0.0053,-0.0023,0.0006,0.0036,0.0024
2017-02-24,55.9744,160.5827,SO,,,,,,0.0045,-0.0016,-0.0065,-0.0094,-0.0067,-0.0006,-0.0168,-0.0193,-0.0018,0.0023,-0.0013,0.0007,-0.0041,-0.0022,0.0055,0.0108,0.0125,0.0069,0.0296,0.0109,0.0098,,,,
2017-08-04,55.9743,160.5904,E,0.0382,0.0,0.0,0.0,,,,,0.0,,,0.0,,,0.0,0.0,0.0,0.0,,,,,,,,,,,,
2017-08-04,55.9743,160.5904,NE,0.0382,0.0118,,,,,,,,,,,,,,,,,,,,,,,,,,,,
2017-08-04,55.9743,160.5904,NO,-0.0465,-0.0441,,,,,,,,,,,,,0.0256,0.0345,0.034,0.0245,-0.011,-0.0071,-0.0251,-0.0171,-0.0431,-0.0458,-0.0322,-0.0147,-0.0016,0.0093,0.0271,0.0011
2017-08-04,55.9743,160.5904,O,0.0132,0.0276,,,,,,,,,,-0.0422,-0.0192,-0.0223,-0.0013,-0.0082,-0.0093,-0.0193,-0.0158,-0.0058,-0.0202,-0.0331,-0.0344,-0.0534,-0.0443,-0.0253,-0.0161,-0.0062,0.0048,-0.0122
2017-08-04,55.9743,160.5904,S,,0.0397,0.0397,,,,,,,,,,,,,,,,,,,,,,,,,,,
2017-08-04,55.9743,160.5904,SE,0.063,0.0301,,,,,,,,,,,,,,0.0,0.0,0.0,0.0,,,,,,,,,,,
2017-08-04,55.9743,160.5904,SO,,,,,,,,,,,,,,,,,,,,,,,,0.0092,,-0.0046,-0.003,-0.0012,0.0002,0.0072
2017-11-15,55.9743,160.5899,E,,0.079,,,,,,,,,,,,,,,,0.0024,0.0012,0.0003,0.0029,-0.0011,-0.0018,-0.0022,-0.0014,-0.0007,-0.0009,0.0023,0.0041,0.0034
2017-11-15,55.9743,160.5899,N,,,,,0.0119,0.0183,0.0211,0.0198,0.0039,-0.0032,-0.0045,-0.0059,-0.0069,-0.0102,-0.0166,-0.0261,-0.0291,-0.0272,-0.0243,-0.0165,-0.0088,-0.0005,0.0054,0.0069,0.0029,-0.0026,-0.0017,0.0079,0.0118,0.0132
2017-11-15,55.9743,160.5899,NE,0.078,,,,,,,,,,,,,,,,,0.0255,0.0191,0.0085,-0.0042,-0.0083,-0.0078,-0.0067,-0.0099,-0.006,-0.0049,-0.0041,-0.0035,-0.0004
2017-11-15,55.9743,160.5899,NO,-0.038,-0.0367,-0.0478,-0.0622,,-0.0449,-0.0235,-0.0354,-0.0457,0.027,0.0874,0.1224,0.1505,0.0922,-0.0094,-0.0259,-0.0489,-0.0492,-0.0475,-0.0409,-0.0278,-0.0107,-0.0141,-0.007,0.0018,-0.0081,0.0023,0.0129,0.0056,0.0068
2017-11-15,55.9743,160.5899,S,,0.048,0.0337,0.0312,0.0286,0.0249,0.0246,0.0282,,,,,,,,,,,,,,,,,-0.0055,-0.0059,-0.0067,,,-0.0115
2017-11-15,55.9743,160.5899,SE,0.0776,0.0565,0.0287,0.0347,,,,,,,,,,,,,,-0.0,-0.0,-0.0,-0.0,0.0,0.0,,,,,,,
2017-11-15,55.9743,160.5899,SO,0.0271,,,0.0014,-0.0034,-0.0058,-0.0047,-0.0018,-0.0002,,,,,,,,,,,,,,,,,,,,,
2018-03-24,55.974,160.5904,E,0.0455,,,,,,,,,,,,,,,0.027,0.0093,0.0112,-0.0021,-0.0091,-0.0048,-0.0047,,,,,,,-0.003,-0.0
2018-03-24,55.974,160.5904,N,,0.0318,0.0309,,,,,,,,,,0.0024,0.0021,-0.0007,-0.0028,,,,,,,,,,,,,,
2018-03-24,55.974,160.5904,NE,0.0149,0.0127,,,,,,,,,,,,,,,,,,,,,0.002,0.0027,0.0008,0.0122,0.011,0.0008,-0.0019,-0.0092
2018-03-24,55.974,160.5904,NO,0.0764,0.0779,0.0819,0.0822,,,,,,,,,,,,,,,,,,,,,,,,,,
2018-03-24,55.974,160.5904,O,0.0756,0.078,,,,,,,,,,,,,,,,,,,,,,,,,,,,
2018-03-24,55.974,160.5904,SE,,,,,,,,,,,,,,,0.041,0.0263,0.0053,-0.0094,-0.021,,,,,,,,,,0.0025,0.0042
2018-04-16,55.9749,160.5846,E,0.153,0.1477,,,,,0.0594,0.0434,0.0279,0.0127,-0.0024,-0.0042,-0.0048,-0.0047,-0.0214,-0.0198,-0.0184,-0.0177,-0.016,-0.0154,-0.014,-0.0122,-0.0086,-0.0049,-0.0029,-0.001,0.0031,0.0077,0.0127,0.0216
2018-04-16,55.9749,160.5846,N,,,,,,,,,,,,,0.0713,0.0619,0.0506,0.0413,0.0309,0.0162,-0.0013,-0.0101,-0.0172,-0.0221,-0.0203,-0.0198,-0.0223,-0.0299,-0.0317,-0.0292,-0.0212,-0.0106
2018-04-16,55.9749,160.5846,NE,,,,,,,,,,,0.0531,0.0331,-0.0004,-0.0165,0.0054,-0.0029,-0.021,0.0077,-0.008,0.0012,0.0049,0.0052,0.0014,-0.0027,0.0004,-0.0077,-0.0021,-0.0059,0.001,0.0045
2018-04-16,55.9749,160.5846,NO,,,,,,,,,0.0021,0.0032,-0.0016,-0.0028,,0.0117,0.0117,,,,,,,,,,,,,,,
2018-04-16,55.9749,160.5846,O,0.0009,,,,,,,,,,,,,-0.0322,-0.0303,-0.0209,-0.0159,0.0082,-0.0043,0.0011,0.011,0.0012,-0.0065,0.0167,0.0171,-0.0112,-0.0021,-0.0127,-0.0434,0.0442
2018-04-16,55.9749,160.5846,S,,0.1339,,,,0.0322,0.0147,-0.0016,-0.0124,-0.0146,-0.0098,-0.0131,-0.0072,-0.0061,-0.0137,-0.0099,-0.0092,-0.0095,0.0034,0.004,0.0018,0.0028,0.0015,0.0031,0.0039,,,,,
2018-04-16,55.9749,160.5846,SE,0.169,0.1682,,,,0.0573,0.0256,0.0068,-0.0026,-0.0024,-0.0023,-0.0022,-0.0009,-0.0003,0.0008,-0.0003,-0.0016,0.0014,,,,,,,,,,,,
2018-04-16,55.9749,160.5846,SO,0.1209,0.0993,,,,,,0.0522,0.0324,0.0431,0.0079,-0.0047,-0.0203,-0.0219,-0.0305,-0.0381,-0.0262,-0.0239,-0.0106,-0.0082,-0.0119,-0.0122,-0.0044,0.0221,0.104,0.1192,0.1208,,,
2018-05-10,55.9738,160.5846,E,,0.1725,0.1493,0.1071,0.0792,0.069,,,,,,,,,,,,,,,,,,,,,,,,
2018-05-10,55.9738,160.5846,N,,,,,,,,,,,,,,,,,,,,,,-0.0779,-0.052,-0.0348,-0.0207,-0.0158,-0.0017,-1e-04,0.0012,0.0467
2018-05-10,55.9738,160.5846,NE,0.0726,,,,,,,,,,,,,,,,,,,,,,,-0.0221,,-0.0175,-0.0042,0.0218,-0.01,-0.0193
2018-05-10,55.9738,160.5846,NO,,,,,,,,,,0.011,0.022,-0.0009,-0.047,-0.0498,0.0157,-0.0186,-0.0264,-0.0193,-0.0361,-0.0365,-0.016,-0.0228,-0.0404,-0.0356,-0.0159,-0.0279,-0.034,-0.0029,0.0231,0.0548
2018-05-10,55.9738,160.5846,O,0.0402,0.0479,,,,,,0.0124,0.0038,-0.0037,0.0004,0.0303,0.0139,0.0212,-0.0194,-0.0171,-0.0194,-0.0261,-0.0351,-0.0422,-0.0374,-0.0406,-0.0118,0.0253,0.0111,0.0298,0.0178,-0.0047,-0.0263,-0.0278
2018-05-10,55.9738,160.5846,S,0.1418,,0.1258,,,0.0664,0.0282,0.0232,0.0138,0.0057,0.0036,-0.0043,-0.004,-0.0071,-0.0062,-0.0136,-0.0207,-0.0179,-0.0151,-0.0141,-0.0177,-0.0169,-0.0146,-0.0094,0.0014,-0.0022,0.0066,0.0071,0.0078,0.0043
2018-05-10,55.9738,160.5846,SE,0.1743,0.1488,0.1238,0.0737,0.0565,0.065,0.066,0.0397,0.0177,0.0034,-0.0016,-0.0012,-0.0005,-0.0036,-0.0032,-0.0029,-0.0043,-0.0055,-0.0051,-0.0047,-0.004,-0.0032,-0.0028,-0.0021,-0.0016,-0.001,0.0029,0.0036,0.0041,0.0038
2018-05-10,55.9738,160.5846,SO,0.0985,0.0842,0.0864,,,,,-0.0268,-0.0477,-0.0453,-0.0252,-0.018,-0.0075,-0.0052,-0.0079,-0.0094,0.0059,-1e-04,0.0091,0.006,0.0121,0.0035,0.0069,0.0073,0.0068,0.0005,-0.0031,-0.0134,-0.0171,-0.0253
2018-05-11,55.9762,160.5866,E,0.2008,0.1927,0.1646,0.1406,0.1103,0.0591,0.036,0.0205,0.0115,0.004,0.0012,-0.0005,-0.0014,-0.003,-0.0026,-0.0015,-0.0016,-0.0034,-0.0042,-0.005,-0.0051,-0.0045,-0.0035,-0.0029,-0.0023,-0.0007,0.0012,0.0033,0.0048,0.0066
2018-05-11,55.9762,160.5866,N,,0.0923,0.0563,0.0359,0.0199,0.0009,-0.0125,-0.0197,-0.0118,-0.0096,-0.0107,0.0113,0.0266,0.0451,0.0508,0.057,0.0503,0.0278,0.018,0.011,-0.0068,-0.0182,-0.0272,-0.0277,-0.0291,-0.0183,-0.0091,-0.0142,-0.0083,0.0098
2018-05-11,55.9762,160.5866,NE,0.1321,0.1327,0.1277,0.1216,0.1188,0.1084,0.0914,0.0888,0.0651,0.0559,0.0634,0.0196,0.0282,-0.0118,-0.012,-0.0239,-0.0317,-0.0313,-0.0296,-0.031,-0.023,-0.0259,-0.0241,-0.0226,-0.0203,-0.0172,-0.0093,-0.0045,0.004,0.0125
2018-05-11,55.9762,160.5866,NO,0.0498,0.0385,0.0167,0.0028,-0.0054,-0.019,-0.0415,-0.0351,-0.0243,-0.0111,-0.0154,-0.0566,-0.039,-0.0236,-0.0183,-0.0094,-0.0262,-0.0209,0.0164,0.0335,0.0332,0.0192,0.0261,0.0023,-0.0067,0.0177,0.0102,0.041,0.0555,0.0597
2018-05-11,55.9762,160.5866,O,0.0575,0.043,0.0192,0.0234,0.0029,0.0142,0.0111,-0.0126,0.0024,-0.0019,-0.0041,-0.0037,-0.0038,-0.0027,-0.003,-0.0011,-0.0004,0.0011,0.0021,0.0089,0.0014,0.0002,-0.0017,0.0024,-0.0069,-0.0052,-0.0113,-0.0133,-0.0093,-0.0061
2018-05-11,55.9762,160.5866,S,,0.1729,0.1452,0.116,0.1079,0.0942,0.064,0.0642,0.0189,-0.0054,-0.0086,-0.0091,-0.0082,-0.0086,-0.0083,-0.0085,-0.0086,-0.0069,-0.0065,-0.0054,-0.0044,-0.0033,-0.0023,-0.0016,-0.0008,-1e-04,0.0006,0.0012,0.0022,0.0026
2018-05-11,55.9762,160.5866,SE,0.1888,0.175,0.1444,0.1118,0.0813,0.0425,0.0169,0.0094,0.0057,0.0043,0.0026,0.0022,0.0007,0.0003,0.0021,-0.0026,-0.0046,-0.0067,-0.0076,-0.0072,-0.0067,-0.0063,-0.0059,-0.005,-0.002,-0.0009,0.0004,0.0037,0.006,0.0083
2018-05-11,55.9762,160.5866,SO,0.1326,0.132,0.1237,0.0947,0.095,0.0856,0.0701,0.0482,0.0309,0.0311,0.0338,0.0151,0.0225,0.0021,-0.0049,-0.0122,-0.0225,-0.0108,-0.016,-0.0352,-0.0339,-0.0263,-0.0218,-0.0033,0.0017,-0.004,1e-04,0.015,0.0193,0.0194
2018-06-20,55.9768,160.5871,E,0.2062,0.1674,0.0357,0.0128,,,,,,,,,,,,,,,,,,,-0.0054,-0.0043,-0.0029,-0.0028,-0.0018,0.0011,0.003,0.0039
2018-06-20,55.9768,160.5871,N,,,,,,,,0.0287,-0.0107,-0.0112,-0.005,,,,,,,,,,,,-0.003,0.0016,,,,,,
2018-06-20,55.9768,160.5871,NE,,,,,,0.1652,0.0956,0.1145,,,,,,,,,,,,,-0.024,-0.0275,-0.0187,-0.013,-0.0082,-0.005,0.0025,0.0147,0.0167,0.0232
2018-06-20,55.9768,160.5871,NO,,,,,,,,,,,,,,,,,,,,,,0.0775,0.0736,,,,,,,
2018-06-20,55.9768,160.5871,O,,,,,,,,,,,,,,,,,,,,,,,,0.0556,0.0087,-0.0145,-0.0174,-0.0064,-0.0034,-0.0074
2018-06-20,55.9768,160.5871,S,,0.2453,,0.094,0.0503,0.0301,0.0088,0.0018,-0.0007,-0.0013,-0.0015,-0.0007,-0.0015,-0.0024,-0.0024,-0.0008,0.0005,0.002,0.0009,-0.0021,-0.0015,-0.0034,-0.0023,0.0008,0.0013,-0.0013,-0.0025,-0.0032,-0.0034,-0.0029
2018-06-20,55.9768,160.5871,SE,0.2513,,0.0834,0.0497,0.0287,0.0133,0.0045,0.0031,0.0021,1e-04,0.0002,-1e-04,-0.001,0.001,0.0023,-0.0002,-0.0031,0.0031,-0.0022,-0.0089,-0.0097,-0.0111,-0.0115,-0.0104,0.0037,0.0107,0.0031,0.0079,0.0049,0.003
2018-06-20,55.9768,160.5871,SO,,,,,,,,,,,,0.0471,0.0558,0.0416,0.0116,0.0034,-0.0172,-0.02,-0.0289,-0.0302,-0.029,-0.0422,-0.0472,,0.0118,0.0031,-0.0007,0.005,-0.0011,-0.0075
2018-10-10,55.9757,160.5861,E,,0.2003,0.1629,0.1421,0.1101,0.0766,0.0458,0.0098,0.0014,-0.0029,-0.0029,-0.0032,-0.0033,-0.0035,-0.0038,-0.008,-0.0082,,,,,,,,-0.0011,-0.0053,-0.0032,-0.0013,-0.0013,-0.0013
2018-10-10,55.9757,160.5861,N,0.2353,0.1976,0.0818,0.0526,0.0227,0.0183,0.0054,-0.0129,,,,,,,,,0.0944,,,,,,,,,,,,,
2018-10-10,55.9757,160.5861,NE,0.1219,0.1137,0.0734,0.0726,0.0847,0.0668,0.0591,0.0394,0.0594,0.0208,0.0295,0.0027,0.0146,-0.0021,-0.0016,0.0115,-0.0008,-0.0007,-0.0114,,,,,,,,-0.0657,-0.0632,-0.0597,-0.0565
2018-10-10,55.9757,160.5861,NO,-0.0023,-0.0222,-0.0366,-0.0551,-0.0707,-0.0835,,,,,,,,,,,,,,,,,,,0.0067,-0.0,,,,
2018-10-10,55.9757,160.5861,O,0.0698,0.0426,0.0184,0.0189,0.0234,0.0263,0.0226,0.0171,-0.0103,,,,,,,,,,0.0124,-0.0014,-0.0,-0.0011,0.0013,-0.009,-0.0075,-0.0044,-0.007,-0.0082,0.006,-0.0059
2018-10-10,55.9757,160.5861,S,,0.1472,0.1464,0.1268,0.119,0.1115,0.0808,0.0487,0.0115,-0.0002,-0.0076,-0.0111,-0.013,-0.0097,-0.0093,-0.012,-0.0142,-0.0137,-0.0129,-0.0121,-0.0116,-0.0108,-0.0103,-0.0095,-0.0015,0.0031,0.0086,0.013,0.0138,0.0183
2018-10-10,55.9757,160.5861,SE,0.2204,,0.1595,0.1421,0.1057,0.0716,0.036,0.0236,0.0109,0.0065,0.0021,-0.0023,-0.0005,-0.0028,-0.0073,-0.0076,-0.0037,-0.004,-0.0083,-0.0085,-0.0087,-0.0091,-0.0092,-0.0093,-0.0013,0.0069,0.0109,0.011,0.0147,0.0167
2018-10-10,55.9757,160.5861,SO,,0.0929,0.0626,0.053,0.0408,0.0312,0.0276,0.0153,0.0005,-0.0091,-0.0083,-0.0157,-0.018,-0.0207,-0.0197,,,,,0.0054,-0.0095,-0.0006,0.0042,0.0066,0.0032,0.0059,0.0039,0.0017,-1e-04,1e-04
2018-11-03,55.9757,160.5861,E,,,,,,0.0624,0.0414,0.0235,0.01,0.0016,-0.0026,-0.0044,-0.0053,-0.006,-0.0067,-0.0072,-0.0074,-0.0056,-0.0045,-0.0007,0.0044,0.01,0.0122,0.0126,0.0118,0.0097,0.0069,0.0022,-0.0059,-0.005
2018-11-03,55.9757,160.5861,N,0.0864,0.0902,0.0707,0.0617,0.0529,0.0503,0.0425,0.036,0.0285,0.0197,0.0149,0.0067,0.0013,-0.003,-0.0007,-0.0018,0.0026,0.0053,0.0044,0.0015,-0.0014,-0.0051,-0.0087,-0.0094,-0.0151,-0.0135,-0.0042,-0.0003,0.0052,0.0174
2018-11-03,55.9757,160.5861,NE,0.1472,0.1235,0.1147,0.1085,0.1034,0.102,0.0992,0.0903,0.0824,0.0695,0.0602,0.0434,0.0289,0.0106,0.0059,-0.0122,-0.0165,-0.0201,-0.0213,-0.0191,-0.0192,-0.0199,-0.0184,-0.0177,-0.0173,-0.0157,-0.0125,-0.0094,-0.0051,-0.0046
2018-11-03,55.9757,160.5861,NO,0.0138,0.0065,-0.0052,-0.0173,-0.0204,-0.0183,-0.0149,-0.0104,-0.0063,-0.0092,-0.0102,-0.0127,-0.0154,-0.0156,-0.0162,0.0112,0.006,0.0181,0.0293,0.0195,0.0044,-0.025,-0.0247,-0.0104,-0.0147,-0.021,-0.0502,-0.0495,,0.0631
2018-11-03,55.9757,160.5861,O,0.0411,0.0253,0.0129,0.0095,0.0062,0.002,0.0,-0.0009,-0.0019,-0.0026,-0.0011,-0.0052,-0.0094,-0.0038,0.0013,-0.0019,,,0.0065,0.0085,0.0015,0.0015,0.0022,-0.0003,-0.0003,-0.0008,-0.0141,-0.0142,0.0578,-0.0135
2018-11-03,55.9757,160.5861,S,,,,,,,0.0433,0.0335,0.0093,0.0031,0.0011,-0.0023,-0.0072,-0.0048,-0.0049,-0.0053,-0.0047,-0.0063,-0.0069,-0.0072,-0.0072,-0.007,-0.0059,-0.0046,-0.0034,-0.0018,0.001,0.0037,0.0066,0.0098
2018-11-03,55.9757,160.5861,SE,0.1803,,,,,0.0444,0.0335,0.0198,0.007,0.0019,-0.0007,-0.0024,-0.0037,-0.0039,-0.0037,-0.0031,-0.0028,-0.004,-0.0039,-0.0036,-0.0026,-0.0016,-0.001,-0.0006,-0.0004,-0.0002,1e-04,0.0004,0.0008,0.0009
2018-11-03,55.9757,160.5861,SO,,0.1115,0.1076,,,,0.0898,0.0539,0.0365,0.0225,,0.0646,,-0.0043,-0.0164,-0.0168,-0.0155,-0.0157,-0.0165,-0.0181,-0.0159,-0.0151,0.0005,-0.0107,-0.0092,-0.0052,-0.0023,0.0044,0.0133,0.0159
2018-11-11,55.974,160.5904,E,,,,,,,,,,0.0384,0.0485,0.0484,0.0474,0.0391,0.0255,0.0152,-0.0023,-0.0121,-0.0159,-0.019,-0.0151,-0.0137,-0.0162,-0.0137,-0.0117,-0.01,-0.0082,-0.0054,-0.0033,-0.0019
2018-11-11,55.974,160.5904,N,,0.0307,0.024,0.0173,0.0202,-0.0105,-0.0218,-0.0244,-0.0425,-0.0487,-0.0466,-0.0194,-0.0186,-0.0364,-0.0427,-0.0565,-0.0622,-0.0514,-0.0391,-0.005,0.0212,0.0476,-0.0112,0.0135,0.0131,-0.0159,-0.0155,-0.0012,0.0062,0.011
2018-11-11,55.974,160.5904,NE,,,,,,,,,,,0.0282,0.0357,0.0353,0.0331,0.0308,0.0264,0.021,0.0109,0.0023,-0.0015,-0.0076,-0.0233,-0.0225,-0.0283,-0.0233,-0.024,-0.0226,-0.0207,-0.0186,-0.0177
2018-11-11,55.974,160.5904,NO,-0.0738,-0.0655,-0.0531,-0.0421,-0.0367,-0.0277,-0.0215,-0.0015,0.009,0.0111,0.0053,-0.0596,-0.0625,-0.0252,-0.0046,-0.0084,-0.0025,0.0165,0.0112,0.0167,0.0221,0.0216,0.0066,-0.0021,-1e-04,0.0048,-0.0005,-0.0154,-0.0247,-0.033
2018-11-11,55.974,160.5904,O,-0.043,-0.0395,-0.0535,-0.0644,-0.0771,-0.0814,-0.0965,-0.0794,-0.073,-0.0514,-0.0088,0.004,0.009,0.0,-0.001,-0.0148,-0.0138,-0.0044,-0.0035,0.0057,-0.0051,0.0112,0.0515,0.0572,0.1004,0.1274,0.0918,0.0896,,
2018-11-11,55.974,160.5904,S,,0.0889,0.0732,0.0671,0.0509,0.0498,0.052,0.0527,0.0584,0.0631,0.0598,0.0579,0.0492,0.0442,0.0362,0.0339,0.0234,0.0093,-1e-04,-0.0116,-0.0283,-0.0284,-0.0322,-0.0264,-0.029,-0.0307,-0.0364,-0.0357,-0.0351,-0.0368
2018-11-11,55.974,160.5904,SE,0.1409,0.1417,0.1336,0.1059,,,0.0741,,,,,,,0.0812,0.0419,0.0157,0.0018,-0.0069,-0.0103,-0.0056,-0.0014,0.004,0.0018,0.0009,-0.0018,-0.0019,-0.0026,-0.001,0.0007,0.0013
2018-11-11,55.974,160.5904,SO,0.0458,0.0363,0.0244,0.0102,0.0059,0.0039,0.0082,-0.0005,-0.0108,-0.0027,-0.0056,-0.0089,-0.0078,-0.0046,-0.004,0.0026,0.0078,0.0049,-0.0079,-0.0172,-0.0056,0.0114,0.0221,0.0174,0.0158,0.016,0.0103,0.0008,-0.0151,-0.0167
2019-02-22,55.9738,160.5851,E,,0.1492,0.1343,0.133,0.1217,0.1183,0.1102,0.0877,0.085,0.0503,0.0035,-0.0164,-0.0211,-0.0212,-0.0213,-0.0203,-0.0148,-0.0169,,,,,-0.0061,-0.0031,-0.004,-0.0026,-0.0015,-0.0005,0.0016,0.0014
2019-02-22,55.9738,160.5851,N,0.1319,0.1234,0.1007,0.0861,0.0712,0.0597,0.0499,0.0319,0.0316,0.0347,0.0325,0.0103,-0.006,,,,,0.0122,0.0121,,,,,,-0.0113,-0.0155,-0.021,-0.0215,-0.014,-0.0098
2019-02-22,55.9738,160.5851,NE,0.0786,0.0547,0.039,0.0343,0.022,0.0071,0.008,0.0076,0.0008,-0.0041,-0.02,,,,,,,,,,,,,,,,,,,
2019-02-22,55.9738,160.5851,NO,,-0.0097,-0.0195,-0.0372,-0.0301,-0.0218,-0.0276,-0.0056,-0.0224,-0.0214,-0.0105,-0.0056,0.0123,0.0164,-0.0007,0.0077,-0.0054,-0.0091,-0.0237,-0.026,-0.0138,-0.0109,-0.0039,0.0072,-0.0062,-0.0054,-0.0073,-0.0068,0.0041,0.0029
2019-02-22,55.9738,160.5851,O,0.0262,0.0325,0.0452,0.0621,0.0647,0.0582,0.0499,0.0416,0.0375,0.02,-0.0007,-0.0143,0.0361,0.0634,0.0593,,,-0.0389,-0.026,-0.0127,0.0283,0.0135,0.0178,0.0119,0.0047,0.0002,0.0008,0.003,0.0088,0.0051
2019-02-22,55.9738,160.5851,S,0.1633,0.1571,0.1712,0.0995,0.0757,0.0669,0.0511,0.0385,0.0257,0.0111,0.0087,-0.0075,-0.0101,-0.0139,-0.0147,-0.0136,-0.0124,-0.011,-0.0096,-0.0087,-0.0075,-0.0062,-0.0047,-0.0036,-0.0025,-0.0008,0.0,0.005,0.006,0.01
2019-02-22,55.9738,160.5851,SE,0.1792,0.151,0.13,0.1121,0.0971,0.0802,0.081,0.045,0.0187,-0.0002,-0.0037,-0.0036,-0.0067,-0.006,-0.0056,-0.0008,-0.004,-0.0003,-0.0029,-0.0026,-0.0021,-0.0013,-0.0008,-0.0007,-0.0003,0.0,0.0006,0.0009,0.0012,0.0058
2019-02-22,55.9738,160.5851,SO,,0.1198,0.1266,0.1269,0.0942,0.0501,0.0105,0.0067,-0.0255,-0.0338,-0.0295,-0.0172,-0.0113,-0.0018,0.0017,-0.0026,-0.0192,-0.0199,0.0352,0.038,0.0306,0.0226,0.0202,0.0176,0.0095,0.001,-0.0033,-0.0105,-0.0149,-0.0168
2019-02-23,55.9757,160.5828,E,,0.0278,0.0189,0.0104,0.0013,-0.0021,-0.0037,-0.0035,-0.0029,-0.0023,-0.0018,-0.0008,0.0,0.0007,0.0013,0.0019,0.0024,0.0028,0.0025,0.002,0.0008,-0.0006,-0.0011,-0.001,-0.0011,-0.0012,-0.0011,-0.0011,-0.001,-0.0009
2019-02-23,55.9757,160.5828,NE,0.0504,,0.0427,0.041,0.0279,,,,,,,,,,,,,,,,,,,,,,,,,
2019-02-23,55.9757,160.5828,O,,,,,,,,,,,-0.02,-0.0237,-0.0139,-0.0044,0.0238,,,,,0.0055,-0.0104,,,,,,,,,0.1132
2019-02-23,55.9757,160.5828,S,0.0403,0.0146,0.0059,0.0002,-0.0014,-0.0005,-0.0015,-0.0011,-0.0028,-0.0029,-0.0019,-0.0035,-0.0033,-0.0027,-0.0033,-0.0029,-0.0024,-0.0017,-0.0014,-0.0003,0.0005,-0.0005,0.0015,0.0033,0.002,0.0044,0.0098,0.0094,0.0068,0.0082
2019-02-23,55.9757,160.5828,SE,,0.0133,0.006,0.0025,0.0015,0.0004,0.0,1e-04,-0.0004,0.0004,0.0004,0.0005,0.0004,0.0006,0.0005,0.0005,0.0004,1e-04,-0.0002,-1e-04,0.0002,0.0002,-0.0008,-0.0015,-0.0015,-0.0042,-0.0043,-0.0029,-0.0051,-0.0049
2019-02-23,55.9757,160.5828,SO,,-0.0138,-0.0047,-0.0076,-0.0135,-0.0045,-0.0155,-0.0079,-0.0078,-0.0087,0.004,-0.0023,-0.0058,-0.0059,-0.0073,-0.0061,-0.0049,-0.0065,-0.0068,-0.0064,-0.0043,-0.002,0.0008,0.0035,0.0094,0.0122,0.0173,,,
2019-03-02,55.9738,160.5851,E,,,,,,,,,,0.0192,0.0213,0.0091,0.0056,0.0067,-0.0019,-0.0063,-0.0081,-0.0085,-0.0068,-0.0048,-0.0037,-0.0021,-0.0009,0.0014,0.002,0.0026,0.0025,0.0025,0.0033,0.0041
2019-03-02,55.9738,160.5851,N,0.0612,0.0558,0.0331,0.0274,0.0177,0.0082,0.0037,0.0019,0.0011,0.0034,0.0141,0.0106,0.0091,-0.0068,-0.0224,-0.0298,-0.0385,0.0232,0.0191,0.0164,-0.0003,-0.0081,-0.0152,-0.0429,,,,,,
2019-03-02,55.9738,160.5851,NE,0.1087,0.1025,0.0812,0.0902,0.0595,0.0512,0.0506,,0.0435,0.0433,0.0412,0.0365,0.0287,0.0209,0.0146,0.0147,0.0116,0.0108,0.0071,0.0108,0.0017,-0.0007,-0.0053,-0.0125,-0.02,-0.0237,-0.0275,-0.0312,-0.0322,-0.0334
2019-03-02,55.9738,160.5851,NO,,0.0019,-0.0085,-0.0297,-0.0262,-0.0194,-0.0155,-0.0076,-0.0024,0.0028,0.0064,0.0056,0.0186,,,,0.0627,0.071,,,,,,,,,,,,
2019-03-02,55.9738,160.5851,O,-0.0076,-0.0045,-0.01,-0.0164,-0.0229,-0.0206,-0.019,-0.0173,-0.0117,-0.0098,-0.004,,-0.0449,0.0187,0.0252,-0.0248,-0.0241,0.0103,0.0143,0.0314,0.0282,0.0232,0.0402,,-0.0159,-0.0211,-0.0162,-0.0262,-0.0366,-0.024
2019-03-02,55.9738,160.5851,S,,,,,,,,,0.0162,0.0135,0.0079,0.0009,-0.0029,-0.0029,-0.0037,-0.0039,-0.0057,-0.0095,-0.0114,-0.0094,-0.0097,-0.0058,-0.004,-0.0038,-0.0024,0.0052,0.0138,0.0172,0.0029,1e-04
2019-03-02,55.9738,160.5851,SE,0.139,,,,,,,0.0273,0.0236,0.0066,-0.0056,-0.0118,-0.0154,-0.0152,-0.0139,-0.0119,-0.0101,-0.0075,,,-0.0031,-0.0038,-0.0033,-0.0028,-0.0017,-0.0003,0.0008,0.0016,0.0023,0.0027
2019-03-02,55.9738,160.5851,SO,,,,,,,0.0342,0.0138,-0.0003,-0.0075,-0.0063,-0.0197,-0.0129,-0.0103,-0.0122,0.018,0.0186,0.0179,0.0156,0.0093,0.009,0.0068,0.0034,,,,,-0.0022,,-0.0178
2019-04-12,55.9744,160.5846,E,,0.2981,0.2822,0.2542,0.2496,0.2442,,,-0.0094,-0.0107,-0.0108,-0.0127,-0.0143,-0.0189,,,-0.0141,-0.016,-0.0184,-0.0198,,-0.0241,-0.0253,-0.028,-0.0291,0.0104,0.019,0.009,0.019,0.017
2019-04-12,55.9744,160.5846,N,0.2619,0.2382,0.2145,0.1828,0.1296,0.1159,0.1029,0.0941,0.0759,0.0628,0.053,0.0524,0.0497,0.0262,0.0102,-0.002,-0.014,-0.0147,-0.022,-0.0234,-0.0243,-0.0238,-0.0277,-0.0323,-0.0343,-0.0321,-0.0283,-0.0467,-0.0488,-0.0392
2019-04-12,55.9744,160.5846,NE,0.2481,0.2104,0.1589,0.1371,0.1225,0.1054,0.1541,0.1165,0.1336,0.116,0.0923,0.0463,0.1174,0.0623,0.0639,-0.0089,-0.0234,-0.024,-0.0368,0.0163,0.0095,-0.0765,-0.0738,-0.0789,-0.08,-0.0808,-0.078,-0.0856,-0.0835,-0.0881
2019-04-12,55.9744,160.5846,NO,,0.0892,0.074,0.0824,0.0525,-0.006,-0.0269,-0.0247,-0.0264,-0.048,-0.0728,-0.073,-0.0723,-0.0627,-0.0547,-0.0023,0.0089,0.0214,0.0033,-0.014,-0.0053,-0.0436,-0.0367,0.0278,0.0365,0.0448,0.0252,0.026,0.0413,0.0397
2019-04-12,55.9744,160.5846,O,0.1045,0.1141,0.1143,0.1082,0.1082,0.1049,0.0981,0.0838,0.0825,0.0806,0.0798,0.0712,0.0501,0.0244,0.0216,0.0011,0.0265,-0.0166,-0.0309,-0.0012,-0.0417,-0.0377,-0.0295,-0.0231,-0.0129,-0.0099,-0.0261,-0.0311,-0.0117,-0.0167
2019-04-12,55.9744,160.5846,S,,0.291,0.2773,,,0.0689,0.0653,0.0604,,0.0669,0.0625,0.053,0.0151,0.0046,-0.0007,-0.0152,-0.0183,-0.0224,-0.0238,-0.0179,-0.0263,-0.0237,0.0005,0.0029,0.0032,0.0052,0.0039,0.0031,0.0092,0.0085
2019-04-12,55.9744,160.5846,SE,0.3118,0.2873,,,,,,0.0122,0.0087,0.0044,-0.0011,-0.0077,-0.0138,-0.0201,-0.0245,-0.027,,,,-0.0433,-0.0289,-0.0222,-0.009,0.0017,0.0099,0.0168,0.0131,0.0068,-0.0028,-0.0098
2019-04-12,55.9744,160.5846,SO,0.2454,0.2538,0.2556,0.2537,,0.2112,,0.0512,0.0301,0.0078,-0.0098,-0.0279,-0.0143,-0.0203,0.0072,-0.01,-0.016,-0.0203,-0.0211,-0.0075,0.0536,0.0487,0.0334,-0.0181,-0.0225,0.0474,0.0334,0.0213,0.0223,0.0155
2019-04-19,55.9741,160.5851,E,,0.2946,0.2896,0.2802,0.2624,0.238,0.2098,0.1786,0.129,0.0612,0.0149,0.0189,-0.0423,-0.0266,-0.0397,-0.0526,-0.0468,-0.056,-0.0475,-0.0365,-0.0326,-0.0244,-0.0165,-0.0105,-0.0047,0.0024,0.0075,0.0104,0.0111,0.012
2019-04-19,55.9741,160.5851,N,0.2553,0.2419,0.2091,0.1938,0.1744,0.1666,0.1564,0.1298,0.1092,0.0846,0.0608,0.0478,0.0422,0.0206,0.0084,0.0007,-0.0036,-0.0225,-0.0334,-0.0405,-0.043,-0.0508,-0.0533,-0.043,-0.0404,-0.0356,-0.0289,-0.0147,-0.019,-0.0121
2019-04-19,55.9741,160.5851,NE,0.2396,0.204,0.168,0.17,0.1322,0.1048,0.1125,0.1138,0.127,0.1388,0.1196,0.0956,0.0974,0.0575,0.0521,0.0307,0.0043,0.0005,-0.0207,-0.0284,-0.0413,-0.0486,-0.0664,-0.0849,-0.0855,-0.0836,-0.0863,-0.0981,-0.0682,-0.0717
2019-04-19,55.9741,160.5851,NO,,0.068,0.0545,0.0246,0.0197,-0.0059,-0.0222,-0.0236,-0.0331,-0.0363,-0.035,-0.0261,-0.027,-0.0176,-0.0146,-0.0045,0.0016,0.0086,0.0132,0.007,0.0045,-0.0043,-0.0124,-0.0124,-0.0099,-0.0012,0.006,0.0209,0.0177,0.0216
2019-04-19,55.9741,160.5851,O,0.1001,0.1001,0.0999,0.0978,0.0936,0.0886,0.0844,0.0773,0.0684,0.0617,0.0507,0.0491,0.0374,0.0351,0.0337,0.0256,0.0178,0.0068,0.0097,0.0053,0.0007,-0.0029,0.0003,0.0068,0.0111,0.0143,0.0085,-0.0058,-0.0079,-0.0185
2019-04-19,55.9741,160.5851,S,0.3016,0.289,0.2428,0.208,0.1783,0.1363,0.0954,0.059,0.0408,0.0325,0.0196,0.0108,0.0026,-0.003,-0.0158,-0.0244,-0.0248,-0.025,-0.0253,-0.0239,-0.0151,-0.0071,-0.0008,0.0028,0.0069,0.0083,0.0078,0.0076,0.0064,0.0084
2019-04-19,55.9741,160.5851,SE,0.3173,0.3154,0.2928,0.2745,0.2407,0.2045,0.1702,0.087,0.0108,0.0071,0.0042,0.0,-0.0058,-0.0088,,,,-0.0211,-0.0227,-0.0201,-0.0214,-0.0205,-0.0161,-0.0096,0.0049,0.008,0.0157,0.0181,0.0174,0.0068
2019-04-19,55.9741,160.5851,SO,,0.2561,0.2457,0.2331,0.1899,0.1332,0.0773,0.0585,0.0179,-0.0007,-0.0259,-0.051,-0.051,-0.0458,-0.0322,-0.0245,-0.0284,-0.0183,-0.0141,-0.0103,-0.0083,-0.0072,-0.0125,-0.0004,-0.0079,-0.0055,-0.0104,-0.019,-0.0261,-0.0384
2019-04-20,55.9749,160.5842,E,0.4557,0.4537,0.4279,0.3465,0.2977,0.2153,0.1461,0.0197,,,,,,,,,-0.0085,-0.0004,0.0075,0.0122,0.0204,0.0316,0.0344,0.0181,0.0166,0.0119,-0.0025,-0.0164,-0.0035,-0.0066
2019-04-20,55.9749,160.5842,N,,0.274,0.2092,0.1721,0.1271,0.0982,0.0872,0.0922,0.0902,0.0693,0.0512,0.0173,-0.0321,-0.0476,-0.065,-0.0567,-0.0483,-0.0429,-0.0175,-0.0138,-0.0146,-0.0152,-0.0173,-0.0269,-0.046,-0.0505,-0.0545,-0.0567,-0.0602,-0.0587
2019-04-20,55.9749,160.5842,NE,0.4273,0.4344,0.3684,0.34,0.3367,0.3053,0.3118,0.3123,0.299,0.2737,0.2257,,,,,,-0.026,-0.0259,-0.025,-0.0235,-0.0153,-0.0047,-0.0046,-0.0106,-0.0122,-0.0149,-0.0119,-0.012,-0.0101,-0.0046
2019-04-20,55.9749,160.5842,NO,0.1892,0.1641,0.1331,0.067,0.0693,0.0484,0.0021,-0.0073,-0.0171,-0.0229,-0.0217,-0.0333,-0.0353,-0.0452,-0.0424,-0.0302,-0.0098,0.0043,0.0152,0.022,0.0161,0.008,0.0007,0.002,-0.0109,-0.0107,0.0005,0.0256,0.0444,0.0647
2019-04-20,55.9749,160.5842,O,0.2099,0.1814,0.1707,0.1679,0.1599,0.1476,0.1039,0.0823,0.0813,0.0704,0.0595,0.0619,0.0272,0.0275,0.0165,-0.0036,0.0109,0.0262,0.0261,0.0374,,,,,,-0.0701,-0.0482,-0.0614,-0.0539,-0.0638
2019-04-20,55.9749,160.5842,S,0.4204,0.3682,0.2639,0.2189,0.1366,0.0985,0.0179,0.0412,0.0496,0.0035,0.0132,0.0274,0.0089,0.0142,-0.0285,-0.0336,-0.0312,-0.028,-0.0129,-0.0079,-0.0017,0.0034,0.0075,0.0063,0.0062,0.0052,0.0029,0.0123,0.0138,0.0141
2019-04-20,55.9749,160.5842,SE,,0.4494,0.3485,0.2771,0.2042,0.1171,0.0304,0.0182,0.011,0.0015,-0.0061,-0.0011,-0.0093,,-0.0166,-0.0166,-0.0094,-0.0255,-0.0013,,,,,0.0233,0.0162,-0.005,-0.0075,-0.0078,-0.0094,-0.0063
2019-04-20,55.9749,160.5842,SO,0.3485,0.2922,0.2057,0.1604,0.1141,0.0938,0.0777,0.0824,0.0626,0.0406,0.013,-0.0131,-0.0331,-0.0338,-0.0449,-0.0016,-0.013,-0.0594,-0.0699,-0.0697,-0.0694,-0.0527,-0.0311,-0.0089,-0.0042,-0.0149,0.0876,0.0844,0.0722,0.0607
2019-04-28,55.9738,160.5846,E,,0.007,0.0041,0.0094,0.0083,0.0359,0.0654,,,,0.005,-0.0076,,-0.0022,-0.0005,,,,,,,,,,,,,,,
2019-04-28,55.9738,160.5846,N,0.1707,0.1555,0.1382,0.0668,0.0572,0.0474,0.0305,0.02,0.0128,0.0077,0.0,-0.0015,-0.0032,-0.0081,-0.0095,-0.0109,-0.0118,-0.0121,-0.0119,-0.0098,-0.0078,-0.003,-0.0023,-0.0012,0.0011,-0.0081,-0.0093,-0.004,0.0026,-0.0055
2019-04-28,55.9738,160.5846,NE,0.1561,0.1429,0.116,0.0897,0.0641,0.0382,0.0201,0.0217,0.0215,0.0213,0.0233,0.0209,0.0018,-0.008,-0.0077,-0.0041,-0.0078,-0.0039,0.0017,0.0041,0.0057,0.0041,-0.0017,-0.0075,-0.0091,-0.0308,-0.0331,-0.0338,-0.0344,-0.0348
2019-04-28,55.9738,160.5846,NO,,0.1421,0.1061,0.0998,0.0549,0.036,0.0202,0.0218,,,,,-0.0107,-0.0068,,,,,,,,,,,,,,,,
2019-04-28,55.9738,160.5846,O,0.0956,0.0894,0.0826,0.0702,0.06,0.0379,0.0189,,,,-0.026,-0.0417,-0.052,-0.0526,-0.0117,0.0039,0.0063,0.0196,0.0373,0.0446,0.0453,0.0388,0.0386,0.0324,0.0239,-0.0098,-0.0103,-0.0169,-0.0111,-0.0072
2019-04-28,55.9738,160.5846,S,0.1738,,,,,,,,,,,,,,,-0.0044,-0.0052,-0.006,-0.0072,-0.0085,-0.0113,-0.0134,,0.035,,-0.0087,-0.0094,0.0144,-0.0107,-0.0178
2019-04-28,55.9738,160.5846,SE,0.2903,0.2569,0.2367,0.2033,,,-0.0018,-0.0027,0.0018,,,,,,,,,,,,,,,,,,,,,
2019-04-28,55.9738,160.5846,SO,0.1079,0.1029,0.1069,0.0936,,0.0112,0.0022,-0.0383,-0.0594,-0.0686,-0.0388,-0.0215,-0.0028,-0.0022,0.0021,0.0135,0.0122,0.0201,0.0282,0.0173,0.0196,0.0011,0.0039,-0.0004,-0.0064,-0.0145,-0.0155,-0.0238,-0.0155,-0.0235
2019-05-06,55.9744,160.5846,E,,0.2896,0.2716,0.2505,0.1939,0.1593,0.1401,0.1454,0.1197,0.0868,-0.0303,-0.0308,-0.0274,1e-04,,,,,,,,,,-0.0065,-0.0088,-0.007,-0.0062,-0.0013,0.0002,0.0032
2019-05-06,55.9744,160.5846,N,0.1977,0.1851,0.1596,0.1071,0.0667,0.0589,0.0516,0.0306,0.0126,-0.0077,-0.0236,-0.0346,-0.029,-0.0224,-0.0125,0.009,0.0241,0.0209,-0.0241,-0.0641,-0.0744,,,,,0.0048,0.0308,0.009,0.0285,0.0352
2019-05-06,55.9744,160.5846,NE,0.1569,0.1472,0.1253,0.0746,0.0402,0.0214,0.0296,0.0339,0.0434,0.039,0.016,-0.0015,-0.0604,-0.1332,,,,,,,,,,,-0.1526,-0.1439,-0.1335,-0.1251,,
2019-05-06,55.9744,160.5846,NO,,0.1111,0.077,0.0641,0.0203,-0.0038,-0.0223,-0.0186,-0.0303,-0.0162,-0.0329,-0.0356,-0.0384,-0.0334,-0.0426,-0.0328,-0.0118,-0.0018,-0.0014,0.0064,0.0204,0.017,0.0203,-0.0048,0.002,0.0152,0.0461,0.0456,0.0438,0.0347
2019-05-06,55.9744,160.5846,O,0.1123,0.115,0.1041,0.0965,0.1037,0.0969,0.0885,0.0721,0.0691,0.0424,0.0604,,,,,,,,-0.0445,-0.0348,-0.02,-0.0048,-0.002,-0.007,-0.0018,0.0235,0.0195,0.0053,0.0007,-0.0186
2019-05-06,55.9744,160.5846,S,,0.2243,0.1535,0.1285,,,,,,,,,,,,,-0.0029,-0.0027,-0.0025,0.0018,-0.0022,-0.002,-0.0017,-0.0016,,,-0.0012,-0.0011,-0.001,-0.0008
2019-05-06,55.9744,160.5846,SE,0.3154,0.2533,0.2266,0.2099,0.1558,,,,0.0,0.0,,,,,,,,,,,,,,,,,,,,
2019-05-06,55.9744,160.5846,SO,0.1988,0.1259,0.0928,0.0471,0.0358,0.0147,-0.0044,-0.0271,-0.0444,-0.0704,-0.0877,-0.1033,-0.1031,-0.1021,-0.1006,,,,,0.0506,0.0522,0.0518,0.0496,0.044,0.0388,0.0139,0.0172,0.0008,-0.0125,-0.0229
2019-05-29,55.9746,160.5842,E,0.3924,0.3899,,,,,,,,,,,,,0.0592,0.0598,0.0288,0.0148,0.0033,0.0018,-0.0028,-0.005,-0.0037,-0.0028,-0.0026,-0.0027,-0.0007,0.0016,0.0038,0.0065
2019-05-29,55.9746,160.5842,N,0.1587,0.1514,0.1272,0.111,0.0959,0.0738,0.0717,0.0734,0.0877,0.081,0.0485,0.0343,-0.0146,-0.0168,-0.039,-0.0514,-0.0497,-0.053,0.0266,-0.0261,0.012,0.0085,0.0055,-0.0131,-0.0409,-0.0491,-0.0039,0.0094,0.0033,-0.0179
2019-05-29,55.9746,160.5842,NE,,0.3032,0.2843,0.2585,0.2563,0.2554,0.2505,0.2545,0.2466,0.2432,0.24,0.2295,,-0.0218,0.0007,0.0454,0.0913,0.0888,0.0352,0.0046,-0.0067,-0.0431,-0.0462,-0.0489,-0.052,-0.0505,-0.0511,-0.045,-0.0455,-0.0449
2019-05-29,55.9746,160.5842,NO,0.1157,0.1105,0.0986,0.0825,0.0834,0.0698,0.0282,0.0566,0.0328,0.0223,-0.0041,0.007,-0.0008,-0.0066,-0.0174,-0.011,-0.0118,0.0014,0.0247,0.0419,0.029,0.0177,0.021,-0.0251,-0.015,-0.0164,-0.0118,-0.0045,0.0109,0.0099
2019-05-29,55.9746,160.5842,O,0.1837,0.1638,0.1541,0.1376,0.1458,0.1522,0.1473,0.1447,0.1386,0.1176,0.113,0.1142,0.0929,0.0895,0.0558,0.0294,-0.0103,-0.0476,-0.0599,0.0621,0.0919,0.0921,,,-0.1359,-0.1379,-0.1493,-0.1445,-0.1412,-0.1471
2019-05-29,55.9746,160.5842,S,0.2778,0.2271,0.1378,0.1091,0.0749,0.0474,0.0218,0.0079,0.005,0.0053,0.0056,0.0017,-0.0056,-0.0042,-0.0162,-0.007,-0.0177,-0.0169,-0.0139,-0.0158,-0.0152,-0.0129,-0.0081,-0.0052,-0.0017,-0.0002,0.0036,0.008,0.0091,0.0132
2019-05-29,55.9746,160.5842,SE,,0.3042,0.2178,0.1549,,,0.0151,0.0054,0.0045,0.0185,0.0109,-0.0004,-0.0015,0.0006,-0.0043,-0.0056,-0.0069,-0.008,-0.009,-0.01,-0.0103,-0.0087,-0.0088,-0.0032,0.001,0.0044,0.0046,0.0055,0.0074,0.0107
2019-05-29,55.9746,160.5842,SO,0.2383,0.1891,0.1381,0.0766,0.0766,0.059,0.0184,0.0095,0.0004,-0.0086,-0.0155,-0.016,-0.0167,-0.0056,-0.001,0.0049,-0.0007,0.0086,0.01,0.0107,0.0049,0.0031,0.0085,0.0067,0.0068,0.0043,0.0031,0.0024,0.0039,0.0052
2019-07-25,55.9765,160.5833,E,,0.6413,,0.5514,,0.4607,0.4347,,,,,,,,,,,,,,,,,,,,,-0.0292,,
2019-07-25,55.9765,160.5833,NE,0.0421,,0.0338,0.0171,,,,,,,,,,,,,,,,,,,,,,,,,,
2019-07-25,55.9765,160.5833,S,0.0363,0.0095,0.0091,0.0064,,,,,,-0.0003,,0.0007,0.0009,0.0019,0.0,,,,,,,,,,,,,,,
2019-07-25,55.9765,160.5833,SE,,0.0021,0.0,0.0043,0.0043,,0.0,,,,,,,,,,,,,,,,,,,,,,,
2019-07-25,55.9765,160.5833,SO,,0.0043,0.0254,0.0085,,,,,,,,,0.0086,,,,,,,,,,,,,,,,,
2020-02-01,55.9749,160.5861,E,0.1021,,,0.0822,0.0682,0.0536,0.0436,0.0337,0.0153,0.0058,0.0015,-0.0014,-0.0013,-0.0035,-0.0038,-0.0023,-0.0028,-0.0019,-0.0016,-0.0014,-0.0005,0.0,0.0005,0.0008,0.0009,0.0006,1e-04,-0.0006,-0.0017,-0.003
2020-02-01,55.9749,160.5861,N,,0.0768,0.0686,0.0632,0.0546,0.0453,0.0371,0.0296,0.0255,0.0208,0.0146,0.0113,0.0069,0.0055,0.0041,0.0029,0.0033,0.0042,0.0047,0.0004,-0.0019,-0.0051,-0.0104,-0.0152,-0.0171,-0.0151,-0.0127,-0.0092,-0.006,-0.0032
2020-02-01,55.9749,160.5861,NE,0.0941,0.0895,0.0792,0.0692,0.0608,0.0534,0.0496,0.044,0.0414,0.0378,0.0374,0.0285,0.018,0.01,0.0089,0.0067,0.0015,0.0028,-0.0034,-0.0064,-0.0062,-0.0093,-0.0113,-0.0105,-0.0134,-0.0131,-0.0127,-0.013,-0.0134,-0.0142
2020-02-01,55.9749,160.5861,NO,0.0642,0.0554,0.0491,0.0418,0.0339,0.0241,0.0108,0.0065,,,,-0.0059,-0.0046,-0.0018,-0.0018,-0.0019,-0.0107,-0.0153,,,,,,,,,,,,
2020-02-01,55.9749,160.5861,O,0.1056,,,,,,,,,,,,,,,,,,,,,,,,,,,,,
2020-02-01,55.9749,160.5861,S,,,,,,,,,-0.0,-0.0008,-0.0007,0.0002,0.0015,0.0027,0.0029,0.0014,0.0021,0.0018,0.0017,0.0016,0.0014,0.0008,0.0017,0.0018,0.0015,0.0004,-0.001,-0.001,-0.0007,-0.0003
2020-02-01,55.9749,160.5861,SE,,,,,,,,0.0075,0.0037,-0.0007,-0.0019,-0.0019,-0.0016,-0.001,-0.0004,0.0016,0.002,0.0019,0.0018,0.0017,0.0013,0.0007,0.0002,-0.0002,-0.001,-0.0004,0.0003,-0.0007,-0.0008,-0.0021
2020-02-01,55.9749,160.5861,SO,,,,,,,,,,,,0.0059,0.0035,-0.001,-0.0018,-0.0022,-0.0024,-0.0025,-0.0047,-0.0052,-0.0031,-0.0039,-0.002,0.0009,0.0014,0.0045,0.0068,,,
2020-02-17,55.976,160.5856,E,,0.1249,0.1066,0.0802,0.0489,0.0202,0.0032,0.0012,0.0036,0.0036,0.0038,-0.0004,-0.0002,1e-04,0.0003,-0.0038,-0.0037,-0.0014,0.0008,0.0012,0.0013,0.0014,0.0015,-0.0027,-0.0027,-0.0071,-0.0071,-0.0071,,
2020-02-17,55.976,160.5856,N,0.0864,0.0789,0.0714,0.0481,0.032,0.0203,0.0171,0.0072,0.007,0.009,0.0095,0.0092,0.0048,-0.0009,-0.0016,-0.0011,0.0018,0.0047,0.0086,0.0077,0.0069,-0.0008,-0.0048,-0.0048,-0.005,-0.0037,-0.0049,-0.0053,-0.0075,-0.006
2020-02-17,55.976,160.5856,NE,0.1241,0.1031,0.0916,0.0767,0.0615,0.0519,0.0381,0.0323,0.025,0.0255,0.0225,0.0181,0.0016,0.0005,-0.0074,-0.0081,-0.0068,-0.0097,-0.0095,-0.0147,-0.017,-0.0115,-0.014,0.0009,0.0015,0.0036,-0.0033,-0.003,-0.0053,-0.0056
2020-02-17,55.976,160.5856,NO,,,,,,,,,,,,-0.0285,-0.0258,-0.0246,-0.017,-0.0113,-0.0078,-0.0027,0.0016,0.0075,0.0237,0.0266,0.0049,-0.0086,-0.0103,-0.0078,-0.0025,-0.0038,-0.0029,0.0046
2020-02-17,55.976,160.5856,O,,,,,,,,,,0.0011,-0.0029,-0.0087,-0.0127,-0.009,-0.0046,-0.0077,-0.0042,-0.0009,0.0033,0.0032,0.0025,-0.0009,0.0059,0.0096,0.0126,0.0099,-0.0012,-1e-04,-0.0007,0.0036
2020-02-17,55.976,160.5856,S,0.1194,0.1187,0.1111,0.0671,0.0431,0.0294,0.0016,-0.0011,-0.0034,-0.0024,-0.001,-0.0035,-0.0028,0.0028,0.0042,0.0006,-0.0025,-0.0014,0.0004,0.0009,-0.0039,0.0007,0.0033,0.0007,-0.0018,-0.0012,-0.0016,-0.0005,-1e-04,0.0029
2020-02-17,55.976,160.5856,SE,0.1369,0.118,0.0881,0.0609,0.0371,0.0128,0.005,0.0017,0.002,0.0005,-0.0008,0.0035,0.0038,0.0004,0.0009,-0.0025,-0.0021,-0.0016,-0.0013,-0.0049,-0.0004,-0.0036,-0.0016,0.0009,0.0011,-0.001,0.0018,-0.0022,-0.0021,0.0025
2020-02-17,55.976,160.5856,SO,,,,,,,,,,0.0758,0.0585,0.0289,0.0035,-0.0097,-0.0189,-0.03,-0.0316,-0.0272,-0.0256,-0.0207,-0.0146,-0.0205,0.0006,0.0024,-0.0018,0.0138,0.0148,0.0247,0.0248,0.0251
2020-03-04,55.9754,160.5847,E,0.1482,0.1376,0.1162,0.0941,0.0714,0.048,0.0239,0.0115,0.0032,-0.001,-0.001,-0.0009,-0.0008,-0.0009,-0.005,-0.0092,-0.0092,,,,,,-0.0047,-0.0046,-0.0025,-0.0003,-0.0045,-0.0045,-0.0002,-0.0044
2020-03-04,55.9754,160.5847,N,0.0981,0.0959,0.0843,0.0702,0.0564,0.0469,0.0361,0.027,0.0186,0.0083,0.0033,0.0029,0.0026,0.0026,-0.0054,-0.0094,-0.011,-0.0175,-0.0089,-0.0041,-0.0019,0.0004,0.001,-0.0041,-0.0085,-0.0099,-0.0091,-0.0036,0.0032,0.0093
2020-03-04,55.9754,160.5847,NE,,0.0916,0.0731,0.0654,0.0611,0.0526,0.0444,0.0346,0.0251,0.0133,0.0112,0.0061,0.0098,0.0095,0.0073,0.0092,0.0079,0.0132,0.0106,0.0068,0.002,0.0033,,-0.0199,-0.0203,-0.0179,-0.0146,-0.0167,-0.0155,-0.0149
2020-03-04,55.9754,160.5847,NO,0.0743,0.0688,0.0571,0.0346,0.0258,0.0137,0.0076,0.0008,-0.0081,-0.0182,-0.0261,-0.026,-0.031,-0.0244,-0.0222,-0.0227,-0.0263,-0.0231,-0.0115,0.0093,0.0406,0.0378,0.01,0.0178,0.0129,0.0315,0.0299,0.0197,0.0342,0.0381
2020-03-04,55.9754,160.5847,O,0.0516,0.0485,0.0416,0.0306,0.0131,0.0095,0.006,0.0071,0.0025,-0.011,-0.0279,-0.0318,,,,,,,-0.0113,-0.003,0.003,0.0047,0.0065,0.0066,0.003,-0.0007,-0.0046,0.0011,0.005,0.0091
2020-03-04,55.9754,160.5847,S,,0.1271,0.1106,0.0725,0.0569,0.0289,0.0052,0.0006,-0.0024,-0.0014,-0.0013,-0.001,-0.0008,-0.0009,-0.0041,-0.0037,-0.0032,-0.0027,-0.0059,-0.0057,-0.0054,-0.0051,-0.0047,-0.0044,-0.004,-0.0037,-0.0034,0.001,0.0097,0.0102
2020-03-04,55.9754,160.5847,SE,0.1461,0.1357,0.1141,0.0729,0.0432,0.0205,0.0116,0.0072,0.0068,0.0066,0.0023,0.002,0.0018,0.0014,-0.0029,-0.0032,-0.0034,-0.0035,-0.0037,-0.004,-0.0043,-0.0044,-0.0045,-0.0046,-0.0047,-0.0046,-0.0006,0.0035,0.0119,0.016
2020-03-04,55.9754,160.5847,SO,0.0835,0.0788,0.0738,0.0577,0.045,0.0269,0.0223,0.0206,0.0199,-0.0004,-0.0131,-0.0259,-0.0334,-0.0364,-0.0475,-0.0502,,,,-0.0185,-0.0214,-0.0061,0.0065,0.0165,0.0069,0.0076,-0.0016,-0.0036,-0.0027,-0.0027
2020-04-05,55.9752,160.5846,E,0.1342,0.1283,0.1244,0.1201,0.1135,0.0932,0.0629,0.0424,0.0067,-0.0046,-0.0057,-0.0039,-0.0015,-0.0027,-0.0022,-0.0019,-0.0018,-0.0023,-0.0024,-0.004,-0.0045,-0.0004,-0.0032,,,,,,0.0086,0.0067
2020-04-05,55.9752,160.5846,N,0.0901,0.0799,0.0596,0.0518,0.0305,0.0293,0.026,0.0205,0.0142,0.006,0.003,0.0024,-0.0022,-0.0118,-0.0184,-0.0175,-0.0117,0.0012,-0.0034,-0.0027,-0.005,-0.0051,0.0004,-0.0038,-0.0062,-0.0045,-0.0015,-0.0032,-0.0,0.0064
2020-04-05,55.9752,160.5846,NE,,0.0875,0.0677,0.0694,0.0474,0.0474,0.0566,0.0249,0.0325,0.0211,0.0056,0.0017,0.0037,0.0017,0.0075,0.0037,0.0017,0.0017,0.0055,-0.0023,-0.0103,-0.0183,-0.0183,-0.0103,-0.0023,-0.0023,-0.0043,-0.0083,-0.0143,-0.0201
2020-04-05,55.9752,160.5846,NO,0.0413,0.0338,0.02,0.0116,0.0058,-0.0071,-0.0151,-0.0248,-0.0341,-0.0484,-0.0525,-0.0585,-0.0531,-0.0324,-0.0264,-0.0331,-0.025,-0.0,0.0125,0.0163,0.0216,-0.0011,-0.0113,-0.0101,-0.0059,-0.0039,0.0034,0.0146,0.0186,0.0224
2020-04-05,55.9752,160.5846,O,0.0554,0.0447,0.0374,0.0297,,,,,,,,,0.0144,0.0041,0.0024,0.0017,-0.0022,-0.0015,0.0023,0.0023,0.0021,0.0029,0.0013,-0.0002,-1e-04,-0.0058,-0.0085,-0.001,0.0032,0.001
2020-04-05,55.9752,160.5846,S,,0.1293,0.1224,0.1136,0.0917,0.0594,0.0297,0.007,-0.0038,-0.004,-0.0043,-0.0045,-0.0046,-0.0049,-0.0052,-0.0054,-0.0057,-0.0058,-0.0061,-0.0063,-0.0065,-0.0066,-0.0067,-0.0028,-0.0021,-0.001,-0.0011,-0.0032,0.0007,0.0007
2020-04-05,55.9752,160.5846,SE,0.1378,0.1358,0.1367,0.1238,0.0862,0.0549,0.0136,0.0079,0.0033,0.0015,0.0005,-0.0004,-0.0014,-0.0024,-0.0033,-0.0041,-0.0048,-0.0055,-0.0066,-0.0075,-0.0083,-0.0053,-0.0007,0.0019,0.0025,0.0021,0.0048,0.0048,0.0075,0.0071
2020-04-05,55.9752,160.5846,SO,0.0844,0.0764,0.0659,0.0481,0.0348,0.0241,0.0103,,,,,,,-0.0047,-0.0235,-0.0159,-0.0069,-0.0034,-0.0003,-0.0014,0.0031,0.0076,0.0046,0.0095,0.0104,0.0073,0.0082,0.0052,0.0039,0.0033
2020-04-21,55.9754,160.5852,E,,,,,,0.0264,0.0246,0.0193,0.0037,-0.0008,-0.0039,-0.0038,-0.0023,0.0008,0.0038,0.0013,-0.0025,-0.0031,-0.0019,0.0003,0.0022,0.0021,,,,,,,,
2020-04-21,55.9754,160.5852,N,0.0779,0.0781,,,,,,,,,,,,,,,,,,,-0.0213,-0.0143,-0.014,-0.0114,-0.0134,-0.017,-0.0065,0.0015,0.0058,0.0073
2020-04-21,55.9754,160.5852,NE,0.1455,,0.1117,,,,,,0.0287,0.0299,0.0124,0.001,-0.0026,-0.0168,-0.0165,-0.0165,-0.0076,-0.0062,-0.0079,-0.0014,0.0003,0.0002,-0.0008,-0.006,-0.006,-0.0002,0.0007,0.0045,0.0035,0.0114
2020-04-21,55.9754,160.5852,NO,,-0.1664,-0.1823,-0.1876,,-0.2461,-0.2449,,,,,,,,,,,,,,,,,,,-0.0451,-0.0043,-0.0172,-0.0019,-0.0016
2020-04-21,55.9754,160.5852,O,0.0155,0.0158,0.0147,0.0109,0.0041,-0.0031,-0.0017,,,,,,,,0.0059,,,,,,,,,,,,,,,
2020-04-21,55.9754,160.5852,SE,0.1638,,,,,0.0448,0.0171,0.005,-0.0007,-0.0013,-0.0019,-0.0017,1e-04,-0.0,0.0015,0.0022,,,,,,,,,,,,,,
2020-04-21,55.9754,160.5852,SO,0.1293,0.1317,0.1165,0.1195,,,,,,,,,,0.0236,0.0061,-0.0015,-0.0067,-0.0183,-0.0154,-0.0097,0.0056,0.0014,0.0085,0.0101,,,,,,
2021-03-23,55.9773,160.5876,E,0.1231,0.0885,0.0641,0.0389,0.0181,0.0115,0.0087,0.0053,0.0008,-0.0023,-0.0052,-0.0081,-0.0108,,,-0.0172,-0.0188,-0.0211,-0.0145,-0.0015,0.0053,0.013,0.0176,0.0256,0.0262,,,,,
2021-03-23,55.9773,160.5876,N,,0.0409,0.0188,0.012,-0.0077,-0.0098,-0.002,-0.0111,-0.0117,-0.0084,-0.0114,-0.0185,-0.0177,-0.0075,-0.0042,-0.0033,-0.0045,-0.0083,-0.0115,-0.0048,-0.0016,-0.0053,-0.0023,0.016,0.0118,0.0172,0.008,0.004,0.0085,0.024
2021-03-23,55.9773,160.5876,NE,0.066,0.0656,0.0728,0.058,0.0531,0.0394,0.0257,0.008,-0.0053,0.0072,-0.0139,-0.018,-0.0178,-0.0132,-0.014,-0.0102,-0.0089,-0.0063,0.0053,-0.0015,0.0383,0.0406,0.058,,0.0646,,,,,
2021-03-23,55.9773,160.5876,NO,0.0382,0.0344,0.0229,0.0201,0.0191,0.0159,0.0166,0.0041,-0.0047,-0.0083,,-0.0213,,,,,,,,,,,,,-0.0068,-0.0073,0.0006,0.0086,,0.0357
2021-03-23,55.9773,160.5876,O,0.0095,-0.0311,-0.0375,,,,,,,,,,,,,,,,,,,,,-0.0066,-0.006,-0.0005,0.0011,0.0043,0.0108,0.0161
2021-03-23,55.9773,160.5876,S,,,,,,,,,,,,,,,,,,,,,,0.0,0.0,,,,,,,
2021-03-23,55.9773,160.5876,SE,,0.0876,0.056,0.0231,0.0131,,,,0.0032,0.0009,-0.0011,-0.0035,-0.0064,-0.0091,-0.01,-0.0069,-0.006,-0.0055,-0.0031,,,,-0.0027,0.0172,0.0117,-0.0186,-0.0117,0.0052,0.0145,0.0189
2021-03-23,55.9773,160.5876,SO,-0.0144,-0.0154,,,,,,,,,,,,,,,,,,,,,,0.0122,0.0037,,,-0.0141,-0.0134,-0.0109
2021-04-17,55.9757,160.5823,E,0.0279,0.0199,0.0123,0.0055,0.0023,0.0,0.0019,0.0004,,,,,,,,,,,,,,,,,,,,,,
2021-04-17,55.9757,160.5823,N,,,,,,,,,,,,,,,,,,,,,,,,,,,,,-0.0004,-1e-04
2021-04-17,55.9757,160.5823,NE,,,0.0125,0.0137,0.0047,0.0071,0.0072,0.0048,0.0084,0.016,,,,,0.0035,-0.002,-0.0078,-0.0059,-0.003,-0.0069,-0.0035,-0.0017,,,0.003,0.0041,0.0047,0.0056,0.008,
2021-04-17,55.9757,160.5823,O,,,,,,,,,,,,,1e-04,0.0,,,,,,,,,,,,,,,,
2021-04-17,55.9757,160.5823,S,,,,,,,,,,-0.0028,-0.0046,-0.0003,0.003,0.0042,0.0025,0.003,,,,,,,,,,,,,,
2021-09-15,55.9762,160.5861,E,,,,,0.1762,,,,,,,,0.0263,0.0166,0.0075,-0.0015,-0.0073,-0.0109,-0.0113,-0.0127,-0.0113,-0.0064,-0.0038,-0.0038,-0.0006,0.0058,0.0057,0.0078,0.0095,0.0077
2021-09-15,55.9762,160.5861,N,0.0342,0.038,,0.0091,0.0095,0.0086,0.0023,0.0064,0.0025,-0.0053,-0.0175,-0.0301,-0.03,-0.0329,-0.0314,-0.0254,-0.0091,-0.0055,-0.0015,-0.0004,0.0104,0.0068,-0.0064,-0.0122,-0.0137,-0.002,0.0011,0.0125,0.0485,0.0569
2021-09-15,55.9762,160.5861,NE,0.1068,0.1033,0.0778,0.0662,,0.0324,,,,,,,,-0.0338,-0.0213,-0.0171,-0.0165,-0.0155,-0.0118,-0.0116,-0.0092,-0.01,-0.0089,-0.0064,-0.0019,0.0023,0.0111,0.0153,0.0213,0.026
2021-09-15,55.9762,160.5861,NO,,,,0.0752,0.0683,0.0587,0.053,0.0506,0.0426,0.0311,0.0128,-0.0164,-0.0417,-0.0391,-0.0289,-0.021,-0.01,-0.0281,-0.0315,0.025,0.0337,0.0016,-0.0028,0.0085,0.0217,0.0181,0.0173,0.0326,0.0776,0.0816
2021-09-15,55.9762,160.5861,O,,,,-0.0007,-0.0178,-0.0073,-0.0228,-0.0117,-0.0112,-0.0007,-0.0129,-0.0197,-0.0099,-0.0209,-0.0027,0.029,0.0385,,,,,,,,,,,,,-0.0055
2021-09-15,55.9762,160.5861,S,,,,,,,,,,,,,0.0015,0.0012,0.0052,0.0092,-0.0078,-0.0081,-0.0084,-0.0087,-0.009,-0.0093,-0.0095,-0.0096,-0.0102,-0.0106,-0.0069,0.0012,0.0052,0.0092
2021-09-15,55.9762,160.5861,SE,0.1982,,,,,,,,,,,,,,,-0.0003,-0.0036,0.0007,,,,,,,,,,,,
2021-09-15,55.9762,160.5861,SO,,0.0946,0.0897,0.0806,0.091,0.0968,0.0845,0.0783,0.0696,0.0721,0.0623,0.1049,0.0364,0.0356,0.017,0.0046,-0.0152,-0.0216,-0.035,-0.0291,-0.0213,-0.0215,-0.0118,-0.0088,-0.005,0.0212,,,,
2021-11-18,55.9761,160.5938,E,0.0481,0.0448,0.0376,0.0325,0.0264,0.0205,0.015,0.0089,0.0038,-0.0017,-0.006,-0.0085,-0.0088,-0.0081,-0.0073,-0.0064,-0.0051,-0.003,-0.0015,1e-04,0.0015,0.0034,0.0064,0.0017,0.0087,0.0033,0.0008,-0.0013,-0.002,0.0004
2021-11-18,55.9761,160.5938,N,,0.0054,0.0068,0.0059,0.005,,,,,,,,,,,,0.0185,0.0189,0.0084,0.0075,0.0078,0.0084,0.0101,-0.0107,-0.0104,-0.0104,-0.0078,-0.0036,0.0003,0.0031
2021-11-18,55.9761,160.5938,NE,0.0358,0.0358,0.0307,0.0266,0.0227,0.0198,0.0143,0.0108,0.0068,0.0031,0.0006,-0.0015,-0.003,-0.0038,-0.0034,-0.0034,-0.0031,-0.0042,-0.002,-0.0042,-0.0058,-0.0056,-0.0056,-0.0038,-0.0006,-0.0012,-0.0002,0.0014,0.0021,0.0026
2021-11-18,55.9761,160.5938,NO,-0.0061,,,,,,,,,,,,,,,,,,,-0.0,0.0051,,,,,,,,,
2021-11-18,55.9761,160.5938,O,0.0212,-0.0004,,,-0.0232,-0.0237,-0.0214,-0.0196,-0.0171,-0.0078,0.0062,0.0098,0.0152,,,0.0005,,,,,,,,,,,,,,
2021-11-18,55.9761,160.5938,S,,0.0365,0.0328,0.0265,0.0222,0.0221,0.0262,0.0214,0.0172,0.0146,0.009,0.01,0.0153,0.0067,-0.0025,-0.0006,-0.0,-0.0035,-0.0035,-0.0004,-0.0024,-0.0031,-0.0025,-0.0061,-0.0063,-0.0074,-0.0083,-0.01,-0.0118,-0.0121
2021-11-18,55.9761,160.5938,SE,0.051,0.0503,0.0442,0.0378,0.0309,0.0229,0.0144,0.01,0.0065,0.004,0.0018,0.0014,0.0016,0.0015,-0.0011,-0.0003,-0.0012,-0.0059,-0.0055,-0.0053,-0.0042,-0.003,-0.0017,1e-04,0.0006,0.0004,-0.0008,-0.0019,-0.0029,-0.0032
2021-11-18,55.9761,160.5938,SO,0.0269,0.0198,0.0135,0.0127,0.0094,0.0089,0.0121,0.0144,0.013,0.0104,0.0097,0.0079,0.0043,-0.0014,-0.0046,-0.0076,-0.0061,-0.0045,-0.0008,0.0052,,,,,,,,-0.0261,-0.0294,-0.0146
2022-03-26,55.9741,160.5841,E,0.2651,0.2644,0.2455,0.2294,0.1988,0.1855,0.1659,0.1286,0.125,0.0211,-0.0065,-0.008,-0.0064,-0.014,-0.0141,-0.0111,-0.0082,-0.0036,-0.0023,0.0048,0.004,0.0071,0.0111,0.0169,0.0225,0.0202,,,,
2022-03-26,55.9741,160.5841,N,0.1222,0.1159,0.0983,0.0867,0.0487,0.0357,0.0275,0.0252,0.0308,0.0305,0.0288,0.0238,0.0186,0.0145,0.011,0.0051,-0.0117,-0.0222,-0.0012,-0.0245,-0.025,-0.0235,-0.015,-0.0326,-0.0372,-0.04,-0.0363,-0.014,-0.0346,-0.0382
2022-03-26,55.9741,160.5841,NE,,0.1309,0.091,0.0715,0.0486,0.0474,0.0429,0.0183,0.0309,0.0207,0.0074,0.0276,0.0349,0.0309,0.0132,0.0128,0.0104,0.0045,-0.0256,-0.0243,-0.0434,-0.0348,-0.0344,-0.0177,-0.0091,0.0012,-0.0114,-0.0193,-0.0276,-0.0205
2022-03-26,55.9741,160.5841,NO,0.018,-0.0019,-0.0214,-0.0399,-0.0342,-0.0449,-0.0443,-0.0473,-0.0564,-0.0564,-0.0498,-0.0346,-0.0242,-0.0169,-0.0146,0.0083,0.0185,0.0276,0.0383,0.0457,0.0444,0.0548,0.0484,0.0105,-0.0022,-0.0442,-0.0434,-0.0253,-0.0192,-0.0154
2022-03-26,55.9741,160.5841,O,0.0693,0.059,0.0449,0.0467,,0.0183,,,,,,-0.022,0.0052,-0.0174,0.0199,0.0117,0.0587,0.1017,0.0962,0.1005,0.0298,0.0174,0.0083,0.0026,-0.0145,-0.027,-0.0203,-0.0193,-0.0198,-0.0326
2022-03-26,55.9741,160.5841,S,0.2415,0.2065,0.1543,0.1268,0.0935,,,,0.0006,1e-04,-0.0002,-0.0022,0.0004,-0.0043,-0.0083,-0.0029,-0.0,,,,,,,,,,,,,
2022-03-26,55.9741,160.5841,SE,,0.2506,0.212,0.2202,0.1671,0.1214,0.0451,0.0301,0.0105,0.0032,0.0014,-0.0006,-0.0022,-0.0029,-0.0048,-0.008,-0.0071,-0.0056,-0.0047,-0.0039,-0.0013,1e-04,0.0007,0.001,0.0007,0.0013,0.0021,0.0021,0.0022,0.0024
2022-03-26,55.9741,160.5841,SO,0.1841,0.161,0.1354,0.0871,0.0576,0.0376,,,,,,,,-0.0137,-0.0092,-0.0153,-0.0137,0.0166,-0.0038,0.0362,-0.0177,-0.0129,-0.0118,-0.0067,,,0.009,0.0099,0.0022,-0.0096
2022-03-27,55.9738,160.5856,E,,,,0.1985,0.1759,0.1709,0.1754,,,,0.0207,0.0018,-0.0049,-0.0082,-0.0139,-0.005,-0.0027,-0.0004,-0.0065,0.0025,-0.002,,,,,-0.0019,0.0028,0.007,,
2022-03-27,55.9738,160.5856,N,,-0.008,-0.0219,-0.031,-0.0263,-0.0151,-0.013,0.0186,0.0168,,,-0.0434,,,,,,,,,,,,0.0047,0.0034,-0.0097,-0.0178,-0.0275,,
2022-03-27,55.9738,160.5856,NE,0.0908,0.0839,0.0478,0.0815,0.0262,0.0255,0.015,0.0083,0.0045,0.006,0.009,0.0091,0.0166,0.0255,0.0124,0.0033,,,,0.0144,0.0041,-0.0087,-0.0325,,,-0.0374,-0.0757,-0.0818,,
2022-03-27,55.9738,160.5856,NO,-0.002,-0.0122,-0.0054,,,-0.0042,-0.0079,0.0077,0.0119,0.0157,,,,,,,,,,,,,,,,,,,,
2022-03-27,55.9738,160.5856,O,0.2438,,,,,,,,,,,,,,,,,,,,,,,,,,,,,
2022-03-27,55.9738,160.5856,S,,,,,,,,,,,,,,,,,,,,-0.0409,-0.0393,,,0.0061,0.0027,,,,,
2022-03-27,55.9738,160.5856,SE,0.2439,,,,,,,,,0.024,0.0249,0.0036,-0.0027,-0.0069,-0.0059,-0.0045,-0.0028,0.0008,0.0038,0.0074,0.0113,0.015,,,,,,,,
2022-03-27,55.9738,160.5856,SO,,,,,,,,,0.0156,0.0067,0.004,-0.0101,,,-0.0295,-0.0131,-0.0138,,,,,,,,,,,,,0.0233
2022-05-05,55.9741,160.5851,E,,0.1871,0.1821,0.1781,0.1732,0.1755,0.1773,0.0452,0.0243,0.02,0.034,0.0397,0.0629,0.0319,0.0071,-0.0121,-0.0353,-0.0327,-0.0312,-0.0287,-0.0027,-0.0051,0.0083,-0.0026,0.0003,0.0012,0.0048,-0.0007,0.0019,-0.0025
2022-05-05,55.9741,160.5851,N,0.0931,0.0873,0.0661,0.0567,0.039,0.0446,0.0295,0.0267,0.0243,0.0214,0.0212,0.0324,0.0243,-0.0015,-0.0086,-0.0087,-0.0228,-0.0684,-0.0615,-0.0554,-0.0531,-0.0409,-0.0143,-0.0007,1e-04,-0.0056,-0.0142,-0.0098,0.0028,0.0088
2022-05-05,55.9741,160.5851,NE,0.1216,0.1055,0.091,0.0928,0.0754,0.0575,0.0737,0.0753,0.0709,0.0656,0.0541,0.0514,0.0512,0.0563,0.0492,0.0486,0.0464,0.0418,0.0214,0.0203,0.0193,0.0194,0.0137,0.0109,-1e-04,-0.02,-0.0359,-0.0422,-0.0477,-0.052
2022-05-05,55.9741,160.5851,NO,,0.333,0.3495,0.3502,0.3079,0.309,,,,,,0.0582,,0.0088,-0.0027,-0.0145,0.0366,0.0496,0.016,0.0036,,,,,,,,,,
2022-05-05,55.9741,160.5851,O,,0.0987,0.1006,,0.0938,0.0959,0.0979,,,,,0.008,0.0219,0.0132,0.0171,-0.0045,-0.021,-0.0201,-0.0076,0.0059,0.0034,0.0023,-0.001,0.0036,0.008,0.0127,0.0118,-0.0018,0.0008,-0.0013
2022-05-05,55.9741,160.5851,S,,0.1593,0.1371,0.1208,0.1024,0.0624,0.0282,0.0025,0.0223,0.0118,0.0124,0.0003,-0.0026,-0.0084,0.0042,0.0048,0.0069,-0.0387,-0.0381,-0.0355,-0.0353,-0.0335,-0.0318,0.002,0.0054,0.0107,0.0071,0.0056,0.0114,0.0146
2022-05-05,55.9741,160.5851,SE,0.2104,,0.1718,0.1681,0.1438,0.1132,0.0866,0.0505,0.053,,,,,,,,,-0.008,-0.0078,-0.0087,-0.0092,-0.0095,-0.0096,-0.0095,-0.0045,0.0039,0.0074,-0.002,-0.0042,-0.0087
2022-05-05,55.9741,160.5851,SO,,,,0.11,0.0798,0.0819,0.0495,0.0415,0.024,0.0107,-0.0144,-0.0303,-0.0134,-0.0078,-0.0043,-0.0086,-0.0082,-0.0095,-0.0102,-0.0099,-0.0045,-0.0051,-0.0031,-0.0043,-0.0068,-0.0005,0.0021,0.0004,0.0034,-0.0021
2022-06-03,55.9769,160.5944,NO,,0.164,,,,,,,,,,,,,,,,,,,,,,,,,,,,
2022-06-03,55.9769,160.5944,O,-0.0682,,,,,,,,,,,,,,,-0.0965,-0.1125,-0.043,-0.0203,-0.0484,0.0925,0.0562,0.0172,0.0244,0.019,-0.009,-0.0528,-0.0529,-0.0613,-0.0585
2022-06-03,55.9769,160.5944,S,,-0.0308,-0.0449,,,,,,0.0076,,,,,,,,,,,,,,-0.0002,0.0108,-0.0049,0.0037,0.0054,,,
2022-06-03,55.9769,160.5944,SO,0.0249,,,,,,,,-0.0047,-0.0083,-0.0196,-0.0241,-0.0322,-0.0275,-0.0025,-0.0363,-0.0091,-0.0136,-0.031,-0.027,-0.0315,-0.0124,-0.0135,-0.0297,-0.0151,0.0333,0.0541,0.0483,0.0222,0.0184
2022-07-12,55.9764,160.5943,N,,0.0359,0.036,0.0367,0.0438,0.0429,0.0412,0.0369,0.0321,0.0219,0.0238,0.0181,0.0145,-0.0341,-0.0397,-0.0421,-0.0411,-0.0401,-0.051,,,,,,,,,0.0432,0.059,0.0736
2022-07-12,55.9764,160.5943,NE,,,,,0.2213,,0.2247,,,,,,,,,,,,,,,,,,,,,,,
2022-07-12,55.9764,160.5943,NO,-0.0599,-0.0536,-0.0736,-0.0939,-0.0944,-0.0951,-0.0884,-0.0962,-0.1164,-0.1224,-0.1184,-0.1159,,,,,,,,,,,,,-0.0451,-0.047,-0.0376,0.0708,0.0611,0.0794
2022-07-12,55.9764,160.5943,O,,,-0.1029,-0.1162,,,,,,,,,,,,,,,,,-0.0358,-0.0374,-0.0373,-0.0142,0.0017,-0.0032,0.0012,0.0092,-0.001,-0.0079
2022-07-12,55.9764,160.5943,S,,,,,,,,,,,,,,,,0.0995,0.0782,0.052,0.0624,0.0067,-0.0056,-0.012,-0.0134,-0.016,-0.0133,-0.0111,-0.0088,-0.0054,-0.0024,0.0003
2022-07-12,55.9764,160.5943,SE,,,,,,,,,,,,,,,,,,-0.0053,-0.0197,-0.0137,0.002,-0.0002,0.0083,0.0116,0.0038,-0.0019,-0.0038,-0.0021,0.002,-0.0032
2022-07-12,55.9764,160.5943,SO,-0.0314,,,,,,,,,,,,,,,,,,,-0.0285,-0.0339,-0.0283,-0.0375,-0.0483,-0.0365,-0.0254,-0.0076,0.0146,0.0268,0.0364
2022-09-01,55.9822,160.5845,E,,,,,,,,,,,,,,,,,,,,,,,,,,-0.0122,-0.0124,-0.0023,-0.0038,-0.0018
2022-09-01,55.9822,160.5845,N,,0.0257,0.0265,0.0146,0.015,0.0152,0.0084,0.0,-0.0026,0.0023,0.0025,-0.0009,0.0011,-0.0049,-0.009,-0.018,-0.0182,-0.0186,-0.0066,-0.0266,-0.0104,-0.0008,0.0139,0.0147,,,,,,
2022-09-01,55.9822,160.5845,NE,0.0172,,,,,,,,,,,,,,,,,,,,,,,,,,,,,
2022-09-01,55.9822,160.5845,S,-0.0054,-0.0054,,0.0068,0.0067,0.0066,0.0106,0.0105,0.0143,0.0101,0.0057,-0.003,-0.0116,-0.0077,-0.0082,-0.0043,-0.0005,-0.0024,0.0033,0.0037,0.0032,0.0026,0.0028,0.0043,0.0063,0.0064,0.0092,-0.0028,1e-04,-1e-04
2022-09-01,55.9822,160.5845,SE,-0.0941,-0.0873,-0.0868,-0.0824,,-0.0747,,,,,,,,,,,,,,,,,,-0.011,-0.0084,-0.0002,-0.0013,-0.0011,-0.0041,-0.0082
2022-09-01,55.9822,160.5845,SO,,,,,,,,,,,,,,0.0,0.0,,,,,,,,0.0,0.0,0.0,0.0,0.0,0.0,0.0042,
2023-02-01,55.9749,160.587,E,0.1259,0.1227,0.1167,0.1027,0.0927,0.0746,,,0.0393,0.0169,0.0083,0.0012,-0.0039,-0.0067,-0.0082,-0.0069,-0.0052,-0.0033,-0.001,-0.0009,-0.0009,-0.0008,-0.0011,-0.0022,-0.0023,-0.0016,-0.002,-0.0016,-0.0004,-0.0007
2023-02-01,55.9749,160.587,N,,0.0591,0.0567,0.0483,0.0333,0.0237,0.0184,0.0121,0.0093,0.0056,0.0014,0.0003,0.0023,0.0002,-0.0019,-0.0008,0.0019,0.004,0.0018,0.0016,-0.0018,-0.0073,-0.0075,-0.005,-0.0023,-0.0009,-0.0003,-0.0005,0.0004,-0.0016
2023-02-01,55.9749,160.587,NE,0.0733,0.07,0.0608,0.0506,0.0415,0.0358,0.0248,0.0153,0.0066,0.0043,0.0046,0.0107,0.0091,0.0093,0.009,0.0083,0.0078,0.01,0.007,0.0018,-0.0011,-0.0025,-0.0029,-0.0057,-0.0086,-0.0131,-0.0194,-0.0227,-0.0238,-0.0263
2023-02-01,55.9749,160.587,NO,0.0694,0.0661,0.0559,0.0458,0.0356,0.0199,0.0047,-0.0009,-0.0104,-0.0079,-0.0047,0.0013,0.004,-0.0011,-0.0129,,,,,,,,,,,,,,,
2023-02-01,55.9749,160.587,O,0.1322,0.1276,0.1198,0.112,0.1078,0.1042,,0.1015,,,,,,,,,,,,,,,,,,,,,,
2023-02-01,55.9749,160.587,S,,0.1206,0.116,,,,,,,,0.0117,0.0029,-0.0024,-0.005,-0.0067,-0.0052,,,,,,,,,-0.0041,-0.0028,-0.0021,-0.0006,0.0152,
2023-02-01,55.9749,160.587,SE,0.1294,0.1238,,,,,,,,0.0205,0.0072,0.0003,-0.0025,-0.0034,-0.0034,-0.003,-0.0021,-0.0018,-0.0003,-0.0003,0.0007,0.0008,0.0006,-0.0006,-0.0006,0.0002,0.0008,0.0015,0.0019,0.0024
2023-02-01,55.9749,160.587,SO,0.1137,0.1073,0.0995,0.0907,,,,,,,,,0.0049,-0.0003,-0.0061,-0.0026,-0.0037,-0.0044,-0.0004,-0.0019,-0.0044,-0.0004,-0.0002,-0.0035,-0.0024,-0.0008,0.0002,0.0008,,
2023-02-02,55.9749,160.5875,E,,,,,,,0.0563,0.0455,0.036,0.0216,0.0128,0.0042,-0.0032,-0.0055,-0.0069,-0.0043,-0.0035,-0.0039,-0.0042,-0.0031,-0.004,-0.0038,-0.0025,-0.0023,-0.0008,1e-04,0.0007,0.0003,0.001,0.0029
2023-02-02,55.9749,160.5875,N,,0.0294,0.0225,0.0142,0.0103,0.0068,0.0057,0.0034,0.002,0.0015,0.0012,0.0058,0.0029,-0.0009,-0.0014,-0.0007,-0.0027,-0.0037,-0.0067,-0.0096,-0.0129,-0.0157,-0.014,-0.0099,-0.0051,,0.0035,0.0054,0.0034,0.003
2023-02-02,55.9749,160.5875,NE,0.0909,0.0874,0.0805,0.0757,0.0745,0.0685,0.0613,,,,,,,,,,,,,,,,,,,,,,-0.0004,-0.0003
2023-02-02,55.9749,160.5875,NO,,0.0303,0.0201,0.0066,0.0043,-0.0064,-0.0122,-0.0152,-0.012,-0.0074,-0.0015,0.0019,0.0063,0.0072,0.0032,-0.0041,-0.0084,-0.0201,,,,,,,,,,,,
2023-02-02,55.9749,160.5875,O,0.0169,0.0142,0.0113,0.0088,0.0065,0.003,0.0009,0.0008,0.0016,,,,,,,,,,,,,,,,,,,,,
2023-02-02,55.9749,160.5875,S,,,,,0.1083,,,,,,,0.0143,0.0045,-0.0005,-0.0027,-0.0035,-0.0043,-0.0032,-0.0017,-0.0013,-0.0023,-0.0011,-0.0019,-0.0019,-0.0009,-0.0012,-0.0006,0.0012,0.002,0.0025
2023-02-02,55.9749,160.5875,SE,0.1133,,,,,,,,,0.024,0.0173,0.0064,-0.0007,-0.0035,-0.0032,-0.0027,-0.002,-0.0021,-0.0018,-0.0013,-0.0008,-0.0003,1e-04,0.0004,0.0005,0.0005,0.0002,0.0009,0.0015,0.0019
2023-02-02,55.9749,160.5875,SO,0.0992,,0.0988,0.0988,0.094,0.0893,,,,,,,,0.0137,-0.0003,-0.0069,-0.0085,-0.0078,-0.0092,-0.0106,-0.0018,-0.0053,0.003,0.0018,-0.0014,0.0035,-0.0059,-0.0019,,
2023-02-17,55.9824,160.5864,N,0.0003,0.0003,1e-04,1e-04,1e-04,0.0,0.0,,,,,,,,,,,,,,,,,,,,,,,
2023-02-17,55.9824,160.5864,NE,0.0006,,0.0003,0.0004,0.0005,0.0003,1e-04,0.0,,,,,,,,,,,,,,,,,,,,,,
2023-02-17,55.9824,160.5864,NO,0.0004,1e-04,,,0.0005,,,,,,,,,,,,,,,,,,,,,,,,,
2023-02-17,55.9824,160.5864,O,0.0004,,,,,,,,,,,,,,,,,,,,,,,,,,,,,
2023-02-17,55.9824,160.5864,SE,0.0006,,,,,,,,,,,,,,,,,,,,,,,,,,,,,
2023-02-26,55.9743,160.5914,E,0.0148,0.013,0.0116,0.0106,0.0101,0.0106,0.0108,0.0115,0.0108,0.0105,0.0116,0.012,0.0101,0.0076,0.004,0.003,0.0,-0.0044,-0.0061,-0.0063,-0.0069,-0.0067,-0.0062,-0.0052,-0.0035,-0.0024,-0.0014,-0.0005,-0.0,0.0009
2023-02-26,55.9743,160.5914,N,,-0.0041,-0.0016,-0.0018,-0.0012,-0.0014,-0.0028,-0.0034,-0.0037,-0.0031,-0.0023,-0.0016,-0.0035,-0.0015,-0.0011,-0.0016,0.0006,0.0017,0.0027,0.0032,0.0045,0.005,,,,,,,,
2023-02-26,55.9743,160.5914,NE,0.003,0.0016,0.0004,-0.0003,-0.0017,-0.001,-0.0013,-0.0005,0.0031,0.0044,0.0054,0.0056,0.0051,0.0044,0.0021,0.0011,-0.0031,-0.0054,-0.0058,-0.0053,-0.0051,-0.0042,-0.0042,-0.004,-0.0039,-0.0033,-0.0007,-0.0012,0.0003,0.0018
2023-02-26,55.9743,160.5914,NO,0.0353,0.0403,0.0454,0.0531,0.066,0.065,0.0618,,,,,,,,,,,,,,,,,,,,,,,
2023-02-26,55.9743,160.5914,O,0.0316,0.0351,0.039,0.042,0.0448,0.0472,,,,,,,,,,,,,,,,,,,,,,,,
2023-02-26,55.9743,160.5914,S,,0.0183,0.0193,0.0211,0.0221,0.0244,0.0266,,,,,,,,,,,,0.0067,0.0067,0.002,-0.0029,-0.0007,-0.0052,-0.0044,-0.0023,0.0021,-0.0021,-0.002,-0.001
2023-02-26,55.9743,160.5914,SE,0.024,0.0211,0.0185,0.0193,0.0191,0.0207,0.0227,0.0239,0.0235,,,,,,,0.014,0.0092,0.0037,0.0,-0.0023,-0.0028,-0.0035,-0.0026,-0.002,-0.0016,-0.0002,0.0006,0.0015,0.0016,0.001
2023-02-26,55.9743,160.5914,SO,-0.0045,-0.0081,-0.0075,-0.0079,-0.0072,,,,,,,,,,,,,,,,0.0048,0.002,,,,,,0.0003,-0.004,-0.0058
2023-03-05,55.9773,160.5867,E,,0.0221,0.0126,0.0046,0.0035,-0.0006,0.0009,-0.0008,,0.0015,0.0019,0.0019,0.0017,0.0029,0.004,0.0019,0.0029,0.0015,-0.0061,-0.0058,-0.0047,-0.0036,-0.002,0.0006,0.0043,0.0098,0.011,0.0109,0.0109,
2023-03-05,55.9773,160.5867,N,,,,,,,,,,,,,,,,,,,,,-0.0035,-0.0043,-0.0062,-0.0042,-0.0057,-0.0018,0.0019,0.002,0.004,0.0048
2023-03-05,55.9773,160.5867,NE,0.0479,0.0416,0.0324,0.029,0.0225,0.0161,,,,,,0.0057,0.0072,0.0026,0.0,-0.0027,-0.0071,-0.0081,-0.0072,-0.0059,0.0011,-0.0249,-0.0268,0.016,0.0173,0.0143,0.0179,0.0184,0.0188,0.0142
2023-03-05,55.9773,160.5867,NO,,,,,,,,,,,,,,,,,,,,,,,,0.0015,-0.0023,-0.003,-0.0042,-0.0046,-0.0018,0.0027
2023-03-05,55.9773,160.5867,S,,0.0271,0.0245,0.0235,0.0217,0.0151,0.012,0.0143,0.0036,0.0012,-0.0009,-0.0025,-0.0036,-0.0038,-0.0035,-0.0023,-0.0027,-0.0006,-0.0002,-0.0021,-0.0019,-0.0018,-0.0019,-0.0004,-0.0011,-0.0003,0.004,0.0092,,
2023-03-05,55.9773,160.5867,SE,0.0494,0.0365,0.0289,0.0208,0.0168,,,,,,,,,0.0016,,-0.0005,-0.001,-0.0005,0.0,1e-04,-0.0013,-0.0042,-0.0045,-0.0044,-0.0009,,0.001,0.0212,0.0205,0.0214
2023-03-05,55.9773,160.5867,SO,,,,,,,0.013,,0.0009,0.0084,0.0011,-0.0017,-0.0,-0.0054,-0.009,-0.0073,-0.0087,-0.0086,-0.0077,-0.0061,0.0017,0.0018,0.001,0.0005,-0.0011,-0.0002,0.0014,-0.0019,0.0013,0.0007
2023-03-14,55.9757,160.5847,E,0.0943,0.0903,0.0767,0.0662,0.0508,0.0345,0.0204,0.0079,0.0063,0.0047,0.0047,0.0029,0.0012,-1e-04,-0.0019,-0.0035,-0.005,-0.0067,-0.008,-0.0076,-0.0068,-0.0048,-0.0037,-0.0004,0.0011,-0.0004,0.0013,0.0031,0.0049,0.0078
2023-03-14,55.9757,160.5847,N,,0.0075,0.0168,0.0213,0.0252,0.0255,0.0234,0.02,0.0175,0.0128,0.01,0.0033,-0.0028,-0.009,-0.0122,-0.0133,-0.0126,-0.0103,-0.0083,-0.0075,-0.0047,-0.0022,0.0012,0.0023,-0.0025,-0.0041,-0.0039,-0.0035,0.0003,0.0004
2023-03-14,55.9757,160.5847,NE,0.0452,0.0438,0.0432,0.0427,0.0366,0.0303,0.0306,0.024,0.0178,0.0078,0.0114,0.0031,0.0029,0.0057,-0.0031,-0.0137,-0.0222,-0.0235,-0.0217,-0.0202,-0.0178,-0.0154,-0.0139,-0.0111,-0.0095,-0.0078,-0.003,0.0008,0.0112,0.015
2023-03-14,55.9757,160.5847,NO,-0.0634,-0.0447,-0.0193,-0.0068,-0.0039,-0.003,-0.0045,-0.0075,-0.0136,-0.0214,-0.0306,-0.0419,-0.061,-0.0521,-0.0598,-0.0428,-0.0409,-0.0288,-0.0122,0.0182,0.0349,0.0336,0.0427,0.039,0.0112,0.0097,0.0078,0.0191,0.031,0.0392
2023-03-14,55.9757,160.5847,O,-0.0074,-0.0116,-0.0155,-0.0193,-0.0222,-0.0238,-0.0268,-0.0252,-0.0253,-0.0242,-0.025,-0.024,-0.0227,-0.021,-0.0193,-0.016,-0.0127,-0.0092,-0.0058,-0.0027,0.0007,0.004,0.0085,0.0121,0.0162,0.0188,0.0206,0.0213,0.0197,0.0226
2023-03-14,55.9757,160.5847,S,,0.0726,0.0675,0.0512,0.0391,0.0144,0.0009,-0.0014,-0.0023,-0.0033,-0.0036,-0.0045,-0.0047,-0.0054,-0.0063,-0.0067,-0.0079,-0.0088,-0.0088,-0.0086,-0.0072,-0.0062,-0.0043,-0.0025,-0.0012,1e-04,0.002,0.0043,0.0052,0.0059
2023-03-14,55.9757,160.5847,SE,0.0908,0.0833,0.0712,0.0481,0.0339,0.0146,0.0097,0.0081,0.0064,0.0049,0.0035,0.0021,0.0005,-0.0007,-0.002,-0.0032,-0.0045,-0.0056,-0.0065,-0.0062,-0.0058,-0.0054,-0.0036,-0.0016,-0.0004,0.0011,0.003,0.0042,0.0063,0.0085
2023-03-14,55.9757,160.5847,SO,0.0355,0.0327,0.0329,0.0283,0.0283,0.0251,0.0187,0.0166,0.0185,0.0067,0.0006,-0.0086,-0.0177,-0.0245,-0.0282,-0.0294,-0.0287,-0.0297,-0.0286,-0.0102,-0.0111,0.0175,0.0141,0.0245,0.0249,0.0249,0.0212,0.0177,0.0148,0.0112
2023-03-29,55.9755,160.5832,E,,0.1356,0.1214,0.0979,0.0656,0.0472,0.0313,,,,,,0.0029,0.0114,0.0093,0.0033,-0.0003,-0.004,-0.0047,-0.0063,-0.0092,-0.0091,-0.0065,-0.0031,0.0037,0.0058,0.0048,0.0049,0.0093,0.0096
2023-03-29,55.9755,160.5832,N,-0.0247,-0.0245,-0.0256,-0.0314,-0.0218,-0.0021,0.0044,0.0073,0.0193,0.013,0.011,0.0077,0.0094,0.0065,0.0081,-0.0076,-0.015,-0.0204,-0.0245,-0.0243,-0.0187,-0.0033,-0.0067,-0.0044,-0.0072,-0.0065,0.0055,0.0002,-0.0053,-0.0128
2023-03-29,55.9755,160.5832,NE,0.0618,0.0585,0.0502,0.0554,0.036,0.0447,0.0476,0.0508,0.0453,0.0379,0.0301,,,-0.0543,-0.0522,-0.0399,-0.0338,-0.0196,-0.0183,-0.0075,-0.0088,-0.0056,0.0013,0.0028,0.0013,0.0032,0.006,0.0083,0.0089,0.0098
2023-03-29,55.9755,160.5832,NO,,-0.0827,-0.0761,-0.0598,-0.0436,-0.0404,-0.04,-0.0355,-0.0338,-0.0344,-0.0238,-0.0453,-0.0447,-0.0327,-0.032,-0.0353,-0.0262,-0.0431,-0.0162,-0.0003,0.0146,0.0223,0.0199,0.0236,0.0294,0.0223,0.0074,0.0088,0.0263,0.0416
2023-03-29,55.9755,160.5832,O,0.0222,0.0065,-0.0026,-0.0003,0.0029,-0.0057,0.0023,-0.0085,-0.0234,-0.0259,-0.0178,-0.0428,-0.0317,-0.0341,-0.0187,-0.009,0.008,0.0163,0.0199,0.0241,0.0301,0.0341,0.0223,0.0232,,,,0.0489,0.0518,0.0654
2023-03-29,55.9755,160.5832,S,0.0776,0.0773,0.0475,0.007,-0.0152,-0.0137,-0.0104,-0.0075,-0.0051,-0.0044,-0.0036,-0.0046,-0.005,-0.0066,-0.0054,0.0036,-0.0013,-0.0075,-0.0091,-0.0078,-0.0064,-0.005,-0.004,-0.0028,-0.0016,-0.0005,0.0007,0.0019,0.0027,0.0033
2023-03-29,55.9755,160.5832,SE,0.1109,0.0849,0.0497,0.0172,-0.0015,-0.0045,1e-04,-0.0002,0.0031,0.002,0.0008,0.0017,-0.0036,-0.0054,-0.0103,-0.0115,-0.0103,-0.0091,-0.0032,-0.0013,-0.0047,-0.0054,-0.006,-0.0056,-0.0053,-0.0044,-0.0053,-0.002,-0.0016,0.0235
2023-03-29,55.9755,160.5832,SO,,0.067,0.06,0.0479,0.0376,0.0124,0.0083,0.0053,-0.0009,0.0002,-0.0027,-0.0038,-0.0071,-0.0047,-0.0046,-0.0063,-0.0087,-0.0099,-0.0088,0.0017,0.0025,0.0046,0.0158,0.0129,0.0206,0.0227,0.025,0.0272,0.0288,
2023-03-30,55.9743,160.5914,E,0.0479,,0.0386,,,,,,,,,,,,,0.0291,0.0196,0.0101,-0.0032,-0.0079,-0.0112,-0.0105,-0.0075,-0.0063,-0.0071,-0.0069,-0.0012,0.0017,0.0054,0.0088
2023-03-30,55.9743,160.5914,N,,0.0055,0.0077,-0.006,-0.0177,-0.0174,-0.0149,,-0.0093,-0.0099,-0.0134,-0.011,-0.008,-0.0068,0.0036,0.0138,0.0221,,,,,,,,,,,,,
2023-03-30,55.9743,160.5914,NE,0.0074,0.0024,-0.0041,-0.011,-0.0118,-0.0117,-0.0075,-0.0026,0.0014,0.0025,0.0048,,,,,,,,,,,,,,,,-0.0007,-0.0041,-0.0007,0.0031
2023-03-30,55.9743,160.5914,NO,0.0977,,,0.1343,,,,,,,,,0.2474,0.2474,,,,,,,,,,,,,,,,
2023-03-30,55.9743,160.5914,O,0.0876,0.0961,,,,,,,,,,,,,,,,,,,,,,,,,,,,
2023-03-30,55.9743,160.5914,S,,,,,,,,,,,,,,,,,,,0.0291,0.0194,1e-04,-0.0143,0.0045,-0.0271,0.0032,0.0045,0.0014,-0.0052,0.0239,
2023-03-30,55.9743,160.5914,SE,0.0639,,,,,,,,,,,,,,0.0483,0.0359,0.022,0.0093,0.0016,-0.0091,-0.009,-0.0093,-0.0093,-0.0037,-0.0016,0.0041,0.0079,0.0072,0.0099,0.0119
2023-03-30,55.9743,160.5914,SO,0.0902,,,,,,,,,,,,,,,,,,,,0.0057,0.0036,,0.0101,,,,,,
2023-06-25,55.9768,160.5876,E,0.1797,,,,,,,,,,,,,,,,,,,,,,,,,,,,,
2023-06-25,55.9768,160.5876,N,,0.0329,0.0087,-0.0125,-0.018,-0.0212,,0.0049,-0.0066,-0.0041,,,,,,,,,,,,,,,,,,,,
2023-06-25,55.9768,160.5876,NO,-0.0007,0.0075,-0.0055,-0.0064,0.0014,-0.0201,-0.0577,,,,,,,,,-0.0957,-0.0686,-0.0466,-0.0076,0.0136,0.0256,0.0223,0.0169,0.0008,-0.0046,-0.0149,-0.0249,-0.0301,-0.0439,
2023-06-25,55.9768,160.5876,O,0.0253,0.0052,0.0266,0.026,,,,,,-0.0449,-0.0373,-0.0255,-0.0112,0.0026,0.0221,0.0339,0.042,,0.017,0.0274,0.0217,-0.0052,0.0262,,,,0.053,,,
2023-06-25,55.9768,160.5876,S,,0.1576,0.1382,0.125,0.0953,0.0631,0.0502,0.0231,-0.0063,0.0045,-0.0,0.0073,0.0151,,,,,,,,,,,,,,,,,
2023-06-25,55.9768,160.5876,SE,0.1797,,,,,,,,,,,,,,,,,,,,,,,,,,,,,
2023-06-25,55.9768,160.5876,SO,0.0348,0.028,0.0075,-0.0389,-0.0429,,,,,,-0.0315,-0.0071,0.0238,0.0322,0.0182,0.0158,0.0021,0.0124,-0.0252,-0.0586,-0.0702,-0.0477,-0.0465,,,,,,,
2024-03-24,55.9749,160.5827,E,,,,,,,,,,,,,,,,0.0277,0.0182,0.0086,0.0071,0.0079,0.0016,0.0031,0.0017,0.0016,-0.0017,-0.0009,-0.0064,-0.0038,-0.0022,0.0031
2024-03-24,55.9749,160.5827,N,,,,,,0.0038,0.0028,-0.0034,-0.006,-0.0056,-0.0036,-0.0025,-0.0025,-0.0035,-0.0041,-0.0042,-0.0034,-0.0059,-0.0089,-0.0093,-0.0168,-0.0131,-0.0074,-0.0041,-0.0003,0.0038,0.0083,0.0155,0.0207,0.0211
2024-03-24,55.9749,160.5827,NE,0.0691,0.07,,,,,,,,,,,,,,,,,,,,,,-0.0076,-0.0068,-0.0058,-0.0057,-0.0023,0.0018,0.005
2024-03-24,55.9749,160.5827,NO,,,,,,,-0.125,-0.1237,,,,,,,,,,,,,,,,-0.0354,-0.0366,-0.0042,0.0031,0.0093,0.0097,0.01
2024-03-24,55.9749,160.5827,O,-0.0256,-0.0248,-0.0226,,,,,-0.036,-0.0568,-0.0611,-0.0534,-0.0568,-0.013,-0.0049,-0.0141,-0.0025,-0.0013,0.0141,0.0116,0.0111,0.0118,0.0159,0.0137,0.0094,0.006,0.012,-0.0005,-0.0037,0.0009,-0.0052
2024-03-24,55.9749,160.5827,S,0.108,0.0469,0.0541,,,,,,,,,,,,,,,,,,-0.004,-0.0134,-0.0132,-0.0175,-0.0078,0.0007,0.0049,0.0078,0.0067,0.0059
2024-03-24,55.9749,160.5827,SE,,0.1529,0.1434,,,,,,,,,,,,,0.0028,-0.0056,-0.0103,-0.0088,0.001,-0.0022,-0.0053,-0.0063,0.0,0.0023,0.0041,0.0082,0.0175,0.0279,0.0198
2024-03-24,55.9749,160.5827,SO,0.0581,0.0254,0.0555,,,,,,-0.0066,-0.0312,-0.0359,-0.0388,-0.0532,-0.0656,-0.0727,-0.0643,-0.0109,-0.0499,0.0377,0.0501,0.0361,0.0271,0.008,0.0116,0.0242,0.0219,0.0181,0.0128,0.0297,0.0324
2024-03-31,55.9765,160.5866,E,0.1542,,0.1203,0.0826,0.0494,0.0308,0.0146,0.0142,0.0074,0.0031,0.0008,-0.0055,-0.01,-0.0135,-0.0176,-0.0171,,,,0.0191,0.0156,0.0216,0.0196,0.0125,0.012,-0.0034,-0.0059,-0.0068,-0.0074,-0.006
2024-03-31,55.9765,160.5866,N,,0.0479,0.0329,0.0243,0.0086,-0.0148,-0.0378,-0.0416,-0.0401,-0.0317,-0.0332,-0.0281,-0.0262,-0.0264,-0.0133,-0.0119,-0.0053,0.0017,0.0075,0.0082,0.0101,0.0091,0.0066,0.0058,0.0035,0.0043,0.0058,0.0061,0.0214,0.0336
2024-03-31,55.9765,160.5866,NE,0.1077,0.0961,0.0631,0.0511,0.0226,0.0077,0.0079,-0.0094,0.0,-0.0126,-0.0081,-0.0169,-0.0064,0.0051,-0.008,-0.014,-0.0155,-0.0194,-0.0234,-0.02,0.0015,-0.002,-0.0167,-0.0159,-0.0138,0.0005,0.0129,0.0195,0.0249,0.0249
2024-03-31,55.9765,160.5866,NO,,0.005,0.0293,0.0208,0.0052,0.002,-0.0082,-0.0311,-0.0438,-0.0571,-0.0686,-0.0811,-0.0887,-0.0843,-0.0577,-0.042,-0.0182,0.0018,,-0.0591,-0.0594,-0.0612,-0.0644,0.019,0.0051,0.008,0.0023,-0.0028,0.0037,0.0099
2024-03-31,55.9765,160.5866,O,,,,,,,,,,,-0.0818,-0.0875,,-0.0848,-0.074,-0.0644,-0.0488,-0.0377,-0.0264,-0.0063,0.006,0.0097,0.0145,0.0251,0.0477,0.057,0.0283,0.041,0.0465,0.0609
2024-03-31,55.9765,160.5866,S,,0.1225,0.1131,0.1032,0.0937,0.0837,0.084,,0.0657,,,-0.0145,-0.0156,-0.0174,,,,,,-0.0259,-0.025,-0.0186,-0.0083,-0.0011,0.0029,0.002,0.0057,0.0058,0.0051,0.0044
2024-03-31,55.9765,160.5866,SE,0.1548,,0.1202,0.1018,,0.0154,,,0.0047,0.0035,0.0004,,-0.0065,-0.0095,-0.0171,-0.0193,-0.0224,-0.0284,-0.0143,-0.0157,-0.0177,-0.0121,-0.0101,-0.0017,0.0034,0.0076,0.0119,0.0141,0.0138,0.0136
2024-03-31,55.9765,160.5866,SO,,,,,0.031,0.0315,0.0327,0.03,,0.024,0.0147,-0.0023,0.0259,-0.0284,,0.0448,0.0209,0.0145,0.0119,-0.0059,-0.0581,-0.0004,-0.0398,-0.06,-0.0072,-0.0091,-0.0054,0.0257,0.0348,0.057
2025-02-14,55.9738,160.588,E,0.0703,0.061,0.0518,0.0446,0.0385,0.0345,0.0361,0.0363,0.037,0.03,0.0236,0.0151,0.0111,0.0124,0.0045,-0.0002,-0.004,-0.0069,-0.0073,-0.0029,-0.0036,-0.0076,-0.0064,-0.0057,-0.0064,-0.0072,-0.0073,-0.0072,-0.0061,-0.0047
2025-02-14,55.9738,160.588,N,,0.0009,-0.0282,-0.0596,-0.0654,,,,,,,,,,,,,-0.08,-0.0988,-0.1125,-0.0993,-0.081,-0.0662,-0.0475,-0.0392,-0.0299,-0.0184,0.0065,0.0324,0.0355
2025-02-14,55.9738,160.588,NE,0.0603,0.0512,0.0442,0.0392,0.0283,,,,,0.0253,0.0044,0.0008,-0.0024,-0.002,-0.0017,0.0151,0.0066,0.0047,0.0061,0.0028,0.0057,0.005,0.0045,0.0025,-0.0005,-0.003,-0.0054,-0.0062,-0.0071,-0.0074
2025-02-14,55.9738,160.588,NO,-0.144,-0.1507,-0.1609,-0.1613,-0.1635,-0.1545,-0.1467,-0.1581,-0.1601,,,,,,,-0.1274,-0.1493,-0.1419,-0.1208,-0.093,-0.0595,-0.0332,-0.0409,-0.032,-0.0224,-0.008,0.0062,0.0201,0.0231,0.0346
2025-02-14,55.9738,160.588,O,-0.0332,-0.0311,-0.0303,-0.0394,-0.0407,-0.038,-0.0586,-0.0389,,,,,,,,,,,,-0.0095,-0.0134,,,0.0094,0.0218,,,0.0092,0.0256,0.0128
2025-02-14,55.9738,160.588,S,,0.0625,0.0575,0.0547,0.058,0.06,0.0623,0.0636,0.0628,0.0585,0.0551,0.0432,0.0199,0.0108,0.0032,-0.0047,-0.0096,-0.0119,-0.0117,-0.0114,-0.0109,-0.0103,-0.0091,-0.0075,-0.0056,-0.0041,-0.0025,-0.0008,0.0012,0.0027
2025-02-14,55.9738,160.588,SE,0.0687,0.0612,0.0521,0.0501,0.0512,0.0534,0.0552,0.0574,0.0635,,,,0.0325,0.0185,0.0075,-0.0021,-0.0088,-0.0086,-0.0084,-0.0063,-0.005,-0.0032,-0.0019,-0.0017,-0.0015,-0.0016,-0.001,-0.0004,1e-04,-0.0003
2025-02-14,55.9738,160.588,SO,0.0295,0.0288,0.0226,0.0092,0.012,0.0093,0.0115,0.0141,0.0198,,,0.0069,0.005,-0.0012,-0.0065,0.0019,-0.0078,-0.0041,-0.0017,-0.0046,-0.0077,-0.0082,-0.0065,-0.0061,-0.0077,-0.0102,-0.0109,-0.01,-0.0083,-0.0105
2025-03-10,55.9738,160.5889,E,0.0969,0.0906,0.0828,0.0749,0.0654,0.056,0.0479,0.035,0.0232,0.0159,0.0129,,,,0.0119,0.0054,0.0003,0.0017,0.0019,1e-04,-0.0026,-0.0014,-0.003,-0.0014,-0.0014,-0.0018,-0.002,-0.0019,-0.0002,0.0009
2025-03-10,55.9738,160.5889,N,,0.114,,,,,,,,,,,,,,,,,,,,,,,,,,,,
2025-03-10,55.9738,160.5889,NE,0.0835,0.0806,0.0749,,,,,,,,,,,,,0.0065,0.0054,0.0042,0.0023,0.0007,-0.0002,-0.0029,-0.0029,-0.0026,-0.0017,0.0009,0.0032,0.0037,0.004,0.0041
2025-03-10,55.9738,160.5889,NO,0.1145,0.1145,0.1158,0.1158,,,,,,,,,,,,,,,,,,,,,,,,,,
2025-03-10,55.9738,160.5889,O,0.1199,0.1196,,,,,,,,,,,,,,,,,,,,,,,,,,,,
2025-03-10,55.9738,160.5889,S,,0.0984,0.0988,,,,,,,,,,,,0.028,0.0167,0.0083,0.0002,-0.0076,-0.0067,0.0016,-0.0024,-0.0072,-0.0065,-0.005,-0.0036,-0.0028,-0.0017,-0.0005,0.0008
2025-03-10,55.9738,160.5889,SE,0.1063,0.1039,,0.068,0.0681,,,,,,,,,,0.0214,0.0121,0.0031,-0.0022,-0.0087,-0.0086,-0.0047,-0.0027,0.0009,0.0008,0.0021,0.0029,0.003,0.0013,0.0019,0.0003
2025-03-10,55.9738,160.5889,SO,0.0682,0.0664,,,,,,,,,,,,,,0.008,0.0012,0.0,-0.0041,,0.0042,0.0029,,-0.003,-0.0026,,,,,
2025-04-04,55.9776,160.5872,E,0.0532,0.0349,0.0185,0.0088,-0.0004,-0.0043,-0.0084,-0.0079,-0.0075,-0.0077,-0.0039,0.0085,0.0126,0.0111,0.0095,0.0063,0.0029,-0.0011,-0.0029,,,,,,,,,,,
2025-04-04,55.9776,160.5872,N,,,,,,,,,,,,,,,,,,,,,,,-0.0164,-0.0152,0.0008,0.0027,0.0064,0.0202,-0.0169,-0.0154
2025-04-04,55.9776,160.5872,NE,0.0184,0.0158,0.0032,-0.006,0.0039,0.0035,-0.0039,0.0007,-0.0049,-0.0035,-0.0002,0.0015,0.0005,0.0037,0.0058,0.003,-0.0005,1e-04,,,,,,,,,,,,
2025-04-04,55.9776,160.5872,NO,,,,,,,,,,,,,,,,,,,,,,,-0.0243,-0.0326,-0.0079,-0.02,-0.0067,0.0035,-0.0153,0.0187
2025-04-04,55.9776,160.5872,S,,0.0316,0.0315,0.0262,0.0225,0.0165,0.0081,0.0073,0.0059,0.0021,-0.0007,-0.0036,-0.0032,-0.0051,-0.0054,-0.0052,-0.0045,-0.0039,-0.004,-0.0037,-0.0033,-0.0027,-0.0022,0.0022,,0.0084,,,,
2025-04-04,55.9776,160.5872,SE,,0.0168,0.0128,0.0015,-0.0006,-0.0007,-0.0012,-0.0003,-1e-04,0.0008,0.001,0.0003,0.0006,,,,,,,,,,,,,,,,,
2025-04-04,55.9776,160.5872,SO,,,,,,,,,0.0119,0.0123,0.0026,-0.0046,-0.0007,-0.0063,-0.0078,0.0017,-0.0096,-0.0173,-0.0212,-0.0167,-0.0129,-0.0079,-0.0044,0.0105,0.0045,-0.0024,-0.0018,0.0077,0.0025,0.0034
2025-05-29,55.9769,160.5944,E,0.1286,0.1154,0.1047,0.0573,0.0574,0.0335,0.0203,0.0085,-0.0004,-0.0018,-0.0012,-0.0028,-0.0027,0.0,-0.0002,-0.005,-0.0034,-0.0067,-0.0046,-0.0042,-0.0019,0.0008,0.0019,0.0002,0.0027,0.0013,0.0024,0.0034,0.0043,0.0044
2025-05-29,55.9769,160.5944,N,,0.1045,0.0692,0.0411,0.0285,0.0142,0.0164,-0.0056,-0.0015,0.0052,0.0076,-0.005,0.0018,-0.0049,-0.0022,-0.0034,-0.0067,-0.0052,-0.0047,0.0002,0.0023,0.0038,0.0028,0.0046,0.0007,-0.0069,-0.0024,-0.0056,-0.0055,-0.0053
2025-05-29,55.9769,160.5944,NE,0.1403,0.1403,0.0774,0.0572,0.0382,0.0175,0.0078,0.0019,-0.0015,-0.0039,-0.0048,-0.0038,-0.0038,-0.0041,-0.0039,-0.0045,-0.0048,-0.0047,-0.0048,-0.0047,-0.004,-0.0035,-0.0034,-0.0038,-0.0018,-0.0009,0.0011,-0.0019,0.0026,0.0087
2025-05-29,55.9769,160.5944,NO,-0.0922,-0.0805,-0.0941,-0.1197,-0.1144,-0.1307,-0.1392,-0.1492,-0.1409,-0.1341,-0.1163,-0.0992,-0.1055,-0.1032,-0.0827,-0.0675,-0.0489,-0.031,-0.0102,0.009,0.0241,0.038,0.0567,0.0625,0.0676,0.1069,0.1085,0.1197,0.125,0.1285
2025-05-29,55.9769,160.5944,O,-0.1817,-0.2128,-0.2024,-0.1961,-0.151,-0.1769,-0.1708,-0.1668,-0.1621,-0.145,-0.127,-0.0852,-0.0776,-0.0183,-0.005,0.0155,0.0187,-0.0018,-0.0018,0.0055,0.018,0.0388,0.0457,0.0464,0.0458,0.0424,0.04,0.0356,0.0345,0.0213
2025-05-29,55.9769,160.5944,S,,0.1063,0.1048,0.0958,0.0875,0.0872,0.072,0.06,0.0411,0.0222,0.0089,0.0177,0.0188,0.0382,0.0368,0.0408,0.0439,0.0401,0.0421,0.0404,0.005,0.0052,0.0089,-0.0145,-0.0178,-0.0222,-0.0271,-0.0264,-0.0316,-0.0316
2025-05-29,55.9769,160.5944,SE,0.125,0.1313,0.1323,0.1375,0.1224,0.0856,0.0543,0.0276,0.0105,0.0036,-0.0059,-0.0119,-0.0132,-0.0113,-0.0113,-0.0077,-0.0045,-0.0045,-0.0038,-0.0071,-0.0057,-0.0059,-0.0029,-0.0023,-0.0022,-0.0021,-0.0005,-0.0012,0.001,0.0003
2025-05-29,55.9769,160.5944,SO,-0.0105,-0.0456,-0.0498,-0.0455,-0.0496,-0.0619,-0.0606,-0.0718,-0.0836,-0.0981,-0.1221,-0.1299,-0.1417,-0.1424,-0.1135,-0.0703,-0.0403,-0.0283,-0.0083,-0.009,-0.0231,-0.0116,-0.0094,-0.0142,0.0135,0.0119,0.0432,0.059,0.0785,0.0839
2025-10-05,55.9753,160.5933,E,0.0269,0.0219,0.0175,0.0138,0.0108,0.0094,0.0103,0.0113,0.0095,0.0043,-0.0018,-0.0067,-0.0089,-0.0097,-0.0097,-0.0089,-0.007,-0.0055,-0.0044,-0.0036,-0.0028,-0.0024,-0.0025,-0.0019,-0.0014,0.0008,0.0026,0.0043,0.0041,0.0002
2025-10-05,55.9753,160.5933,N,,-0.0057,-0.0012,0.0039,0.0069,1e-04,-0.0081,-0.0188,-0.0248,-0.0173,-0.0143,-0.0099,-0.0031,0.0032,0.0155,0.021,0.0246,0.0384,0.039,0.038,0.0393,0.0358,0.0398,-0.0046,-0.0037,-0.0057,-0.0012,0.0006,0.0027,0.0066
2025-10-05,55.9753,160.5933,NE,0.0397,0.0362,0.0369,0.0281,0.0206,0.0149,0.0099,0.0065,0.0048,0.0023,-0.0017,-0.005,-0.0066,-0.0068,-0.007,-0.0066,-0.0069,-0.0065,-0.0072,-0.0071,-0.0071,-0.0071,-0.0065,-0.0054,-0.0044,-0.0029,-0.0019,0.0013,0.0017,0.0031
2025-10-05,55.9753,160.5933,NO,-0.1241,-0.1148,-0.1047,-0.0921,-0.0716,-0.0511,-0.0409,-0.0524,-0.0575,-0.0625,-0.0618,-0.0504,-0.0568,-0.0089,0.0018,0.0007,0.0035,0.0115,0.0214,0.0252,0.0237,0.0347,0.0249,0.031,0.0381,0.0296,0.025,0.0228,0.0203,-0.0004
2025-10-05,55.9753,160.5933,O,-0.1439,-0.1312,-0.1204,-0.1018,-0.0846,-0.0639,-0.0505,,,,,,,,,,-0.0325,,,,-0.0108,0.0405,-0.0109,0.0198,0.0146,-0.0499,-0.0502,,,
2025-10-05,55.9753,160.5933,S,,0.028,0.0254,0.0234,,,,,,0.0017,0.0053,0.0127,0.0121,0.0147,0.0115,0.0118,0.0109,0.0122,0.0141,0.018,0.0171,0.0106,0.003,-0.0068,-0.0113,-0.0153,-0.0183,-0.0207,-0.0204,-0.0195
2025-10-05,55.9753,160.5933,SE,0.0421,0.0423,0.0354,0.0327,0.0303,0.0274,0.0271,0.0295,0.0307,0.0273,0.0283,0.0307,0.0333,,0.0335,0.0252,0.0214,0.0061,-0.0039,-0.0095,-0.01,-0.0094,-0.009,-0.0084,-0.0076,-0.0074,-0.007,-0.0063,-0.0054,-0.0055
2025-10-05,55.9753,160.5933,SO,,,,,,,,,,,,,,-0.0035,0.0007,0.0025,-0.0004,-0.0012,-0.0018,0.0003,0.0026,0.0046,,0.0058,0.0034,-0.0063,-0.005,0.0075,0.0009,0.0008
