date,center_lat,center_long,direction,15m,45m,75m,105m,135m,165m,195m,225m,255m,285m,315m,345m,375m,405m,435m,465m,495m,525m,555m,585m,615m,645m,675m,705m,735m,765m,795m,825m,855m,885m
2000-12-18,-0.6738,-78.4375,E,,,,,-0.0314,-0.0331,-0.0395,-0.0496,-0.0508,-0.0386,,0.0464,,,,,,,,,,0.0029,-0.0018,0.0043,-0.0011,0.011,0.0124,0.0058,0.0066,-0.0127
2000-12-18,-0.6733,-78.4372,E,,-0.0576,-0.0619,,,,,,,,0.0175,,,,,,,,,,,,,,,,,,,
2000-12-18,-0.6727,-78.4369,E,,,,-0.1101,,,,,,,,,0.0227,0.0533,0.0559,0.0424,0.0434,0.0287,0.0316,0.0392,-0.0059,,,,,,,,,
2000-12-18,-0.6738,-78.4375,N,,,,,,0.0072,,,,,,,,,,,,,,,,,,,,,,,,
2000-12-18,-0.6733,-78.4372,N,,0.0145,0.0127,0.0155,0.0146,,0.0022,,-0.0041,-0.0051,-0.0054,-0.0068,-0.0099,-0.0177,-0.0221,-0.0277,-0.0214,-0.0158,-0.0039,0.008,0.0126,0.0127,0.0139,0.012,,,,,,0.013
2000-12-18,-0.6727,-78.4369,N,,,,,,,,-0.0008,,,,,,,,,,,,,,,,,0.0123,0.0101,0.0098,0.0112,0.0117,
2000-12-18,-0.6738,-78.4375,NE,,,,,,,,0.0157,,,,,0.0033,,,,-0.0118,,,,-0.02,,,-0.0147,,,,,,
2000-12-18,-0.6733,-78.4372,NE,0.0373,0.0302,0.0323,0.0285,0.0231,0.0195,0.0192,,0.0136,0.0101,0.0034,,,0.0,-0.0034,,,-0.013,-0.0135,,,-0.0211,,,,,,,,
2000-12-18,-0.6727,-78.4369,NE,,,,,,,,,,,,0.0085,,,,-0.0075,,,,-0.0173,,,-0.0185,,-0.0035,0.0021,0.0069,0.0102,0.0069,0.0155
2000-12-18,-0.6738,-78.4375,NO,,,,,,,,,,,,,,-0.0115,,,,-0.0023,0.0066,1e-04,0.0035,0.0031,0.0032,0.0041,0.0082,0.0124,0.0163,0.0169,0.0198,0.0218
2000-12-18,-0.6733,-78.4372,NO,0.0244,0.0224,0.0183,0.0177,0.0143,,0.0016,-0.0028,-0.0031,-0.0033,-0.0075,-0.0065,-0.0095,,,-0.0132,-0.0115,,,,,,,,,,,,,
2000-12-18,-0.6727,-78.4369,NO,,,,,,0.0055,,,,,,,,,-0.0127,,,,,,,,,,,,,,,
2000-12-18,-0.6738,-78.4375,O,,,,,,,,,,,,,0.0003,,,,-0.0038,-0.0027,-0.0011,-0.0056,-0.0163,-0.0183,-0.0178,-0.0197,-0.0191,-0.0185,-0.0133,-0.0064,-1e-04,0.0141
2000-12-18,-0.6733,-78.4372,O,,0.023,0.019,0.0193,0.0203,0.0181,0.0131,0.0113,0.0057,0.0007,-0.0006,-0.0032,,,0.0016,-0.0026,,,,,,,,,,,,,,
2000-12-18,-0.6727,-78.4369,O,,,,,,,,,,,,,,-0.0027,,,,,,,,,,,,,,,,
2000-12-18,-0.6738,-78.4375,S,,,,,,,,0.0027,0.0052,0.0037,0.0053,0.0075,0.0057,0.0038,0.0024,-0.0024,-0.0032,-0.0038,-0.0042,-0.002,-0.0008,-1e-04,-0.0012,-0.0002,-0.0037,-0.0022,0.0005,-0.0053,-0.0046,-0.0068
2000-12-18,-0.6733,-78.4372,S,,0.0422,0.0314,0.0232,0.0103,0.0035,0.0013,,,,,,,,,,,,,,,,,,,,,,,
2000-12-18,-0.6738,-78.4375,SE,,,,0.0208,,0.002,0.0023,-0.0,,0.0028,0.0022,0.0043,-1e-04,0.0019,,1e-04,0.0007,,0.0027,0.0035,0.0035,,,,,-0.0002,-0.003,-0.0015,,
2000-12-18,-0.6733,-78.4372,SE,0.0493,0.0476,,,0.0211,,,,0.0039,,,,,,,,,0.0183,,,,,,,,,,,,
2000-12-18,-0.6727,-78.4369,SE,,,0.0553,,,,,,,,,,,,,,,,,,,0.0541,-0.0534,0.0076,-0.0104,,,,0.009,0.0202
2000-12-18,-0.6738,-78.4375,SO,,,,,,,,,,,,,,,,-0.0021,-0.0035,-0.0086,-0.0086,-0.0086,-0.0087,,,-0.0088,-0.0087,-0.0088,-0.0088,-0.0087,-0.0084,-0.0064
2000-12-18,-0.6733,-78.4372,SO,0.0526,0.0466,0.0425,0.0426,0.0442,0.0387,0.037,0.0327,0.0347,0.0308,0.0289,0.0288,0.0249,0.0126,0.0089,,,,,,,-0.0088,-0.0088,,,,,,,
2001-01-03,-0.6735,-78.4375,E,,,,0.0059,0.0061,0.0044,0.0049,,,,,0.0108,0.0094,0.0073,0.0026,0.0006,-0.0015,-0.0009,-0.001,-0.0011,-0.0032,-0.0002,-0.0018,-0.0024,-0.005,-0.0056,-0.002,0.0,0.0028,0.0077
2001-01-03,-0.6735,-78.4372,E,,,,,,,,0.0021,0.0002,-0.0026,0.009,,,,,,,,,,,,,,,,,,,
2001-01-03,-0.6735,-78.4378,N,,,,,,,,,,,,,,,,-0.0052,-0.005,-0.009,-0.0163,-0.0147,-0.0139,-0.01,-0.0065,,,,,0.0065,0.0049,0.0047
2001-01-03,-0.6735,-78.4375,N,,,,,,,,,,,,,,,,,,,,,,,,-0.0009,,,,,,
2001-01-03,-0.6735,-78.4372,N,,,,,,,,,,,,,,,,,,,,,,,,,-1e-04,0.0016,0.0016,,,
2001-01-03,-0.6735,-78.4378,NE,,,,,,,,,,,,,,,,0.0009,1e-04,-0.0004,-0.0032,-0.0023,-0.0033,-0.0021,-0.0034,-0.0011,-0.0017,,,,0.0036,0.0063
2001-01-03,-0.6735,-78.4375,NE,,,,,,,,,,,0.0,,,,0.0019,,,,,,,,,,,-0.002,0.0002,-1e-04,,
2001-01-03,-0.6735,-78.4372,NE,,,,,,,,,,,,-0.0009,0.0039,0.0033,,,,,,,,,,,,,,,,
2001-01-03,-0.6735,-78.4372,O,,0.04,,,,,,,,,,,,,,,,,,,,,,,,,,,,
2001-01-03,-0.6735,-78.4375,S,,0.0183,0.012,,,,0.0009,0.0016,0.0035,0.0008,0.0036,,,,,,,,,,,,,,,,,,,
2001-01-03,-0.6735,-78.4372,S,,,,0.0151,0.0012,0.0013,,,,,,0.0049,0.0053,0.0019,0.002,0.0003,-0.0008,-0.0009,-0.0013,-0.0025,-0.0017,-0.0014,-0.0018,-0.0015,-0.0015,-0.0012,-0.0008,-0.0019,0.0002,0.0016
2001-01-03,-0.6735,-78.4378,SE,,,,,,,,,,,,,,,,,,,,,,,,,,-0.0033,,1e-04,,
2001-01-03,-0.6735,-78.4375,SE,,0.0238,0.0136,0.0077,0.0057,0.0036,0.0056,0.0061,0.0036,0.0026,-1e-04,-0.0008,0.0003,-1e-04,-0.0016,-0.0025,1e-04,0.0013,0.0015,0.0013,-0.0014,0.0006,-0.0007,-0.0043,-0.0038,,,,0.0037,0.0075
2001-01-03,-0.6735,-78.4372,SE,,,,,,,,,,,,,,,,,,,,,,,,,,,-0.0012,,,
2001-01-03,-0.6735,-78.4375,SO,0.027,,,,,,,,,,,,,,,,,,,,,,,,,,,,,
2001-01-03,-0.6735,-78.4372,SO,,0.0328,0.0245,,,,,0.0209,0.0209,0.0253,0.0214,0.0195,0.0133,0.0134,0.0093,0.0007,-0.0034,-0.0038,-0.0041,-0.0043,-0.0042,-0.0041,-0.004,-0.0039,-0.0037,-0.0039,-0.0045,-0.0043,-0.004,-0.0044
2001-05-11,-0.679,-78.4391,E,,,,,,,,,,,,,0.0008,0.0036,0.0025,0.0036,0.0025,0.0002,0.0036,,0.0042,0.0029,-0.003,-0.0004,,,,,,
2001-05-11,-0.679,-78.4391,NO,,0.0253,0.0171,0.0171,,,,,,,,,,,,,,,,,,,,,,,,,,
2001-05-11,-0.679,-78.4391,O,,,-0.057,-0.0633,-0.0664,-0.0731,-0.076,-0.0821,-0.0839,-0.078,-0.0672,-0.0676,-0.053,-1e-04,0.0318,0.0319,0.0491,0.0955,0.0223,-0.0138,,,-0.0014,-0.0032,-0.0101,-0.0096,-0.0116,-0.0087,-0.0222,-0.0385
2001-05-11,-0.679,-78.4391,S,0.0278,0.02,0.0194,0.015,0.0137,0.0123,0.0074,0.0086,0.0063,0.0089,0.0088,0.009,0.0076,0.0077,0.007,0.0045,0.0014,0.0006,-0.0006,-0.0055,-0.007,-0.0051,-0.0053,-0.004,-0.0041,-0.0023,0.0041,0.0003,0.0037,0.0046
2001-05-11,-0.679,-78.4391,SE,,0.0298,0.0288,0.015,0.0095,0.0091,0.0078,0.0046,1e-04,-0.0011,-0.0051,-0.0012,-0.0023,-0.0007,-0.0024,-0.0002,-0.0004,-0.0,1e-04,-0.0012,-0.0014,-0.0017,-0.002,-0.0004,0.0007,0.0024,0.001,-0.0009,-0.0015,0.0014
2001-05-11,-0.679,-78.4391,SO,,0.0153,0.0153,0.008,0.0106,0.0106,0.0066,-0.001,-0.0048,-0.0021,-0.0045,-0.006,-0.0068,-0.0073,-0.0086,-0.0083,-0.0057,-0.0061,-0.0022,-0.0008,0.0009,-0.0018,-0.0044,0.0038,-0.0024,-0.0031,-0.007,-0.0024,-0.0008,0.003
2001-07-30,-0.6787,-78.4383,E,,0.0169,0.0096,0.0116,0.0089,0.006,0.0079,0.0066,0.0065,0.008,0.0078,0.006,0.0033,0.0023,0.0006,0.0004,-0.0007,-0.0019,-0.0035,-0.0034,-0.0028,-0.0042,-0.0031,-0.004,-0.0042,-0.0054,-0.0044,-0.0018,-0.0017,-0.0016
2001-07-30,-0.6787,-78.4383,N,0.0728,0.055,0.0468,0.038,0.03,0.0252,0.0196,0.0063,0.0006,-0.004,-0.0068,-0.0076,-0.0014,,,,,,,,,,,,,,,,,
2001-07-30,-0.6787,-78.4383,NE,0.0511,0.0432,0.015,0.0167,0.0164,0.0139,0.0122,,,,,,,,,0.0062,0.0019,0.0023,0.0051,0.0071,0.0041,-0.0002,-0.0002,0.001,0.0015,-0.0017,-0.0,-0.0028,-0.0037,-0.0007
2001-07-30,-0.6787,-78.4383,NO,,0.0892,0.0931,,,,,,,,,,,,,,,,,,,,,,,,,,,
2001-07-30,-0.6787,-78.4383,O,,,-0.0722,-0.099,-0.1218,,,,,-0.1467,-0.1178,-0.1039,-0.0698,-0.031,-0.0027,-0.0034,0.0303,0.015,0.0308,0.0273,0.0244,0.0487,-0.0024,-0.0036,-0.0169,-0.0058,-0.0191,-0.0285,-0.0436,-0.0899
2001-07-30,-0.6787,-78.4383,S,0.1058,0.0895,0.0706,0.0588,0.0454,0.0339,0.0185,0.0135,0.0089,0.0082,0.0073,0.0064,0.0057,0.0077,0.0063,0.0054,0.0044,0.0051,0.0083,0.0066,0.0021,0.0023,0.0014,-0.0014,-0.0037,-0.0104,-0.0059,-0.0052,-0.0016,-0.0004
2001-07-30,-0.6787,-78.4383,SE,0.0728,0.0658,0.0364,0.0338,0.0293,0.0274,0.0259,0.0221,0.0197,0.0112,0.0124,-0.0056,0.0025,-0.0032,-0.0058,-0.0095,-0.0122,-0.0131,-0.0098,-0.0077,1e-04,-0.0031,-0.0061,-0.0063,-0.0078,-0.0078,-0.0007,0.0016,0.0051,0.0035
2001-07-30,-0.6787,-78.4383,SO,,0.0796,0.0522,0.03,0.0197,0.0074,0.0032,0.0033,0.0033,-0.0009,-0.0009,-0.0056,-0.0053,-0.0056,-0.0055,-0.0055,-0.0053,-0.0052,-0.0051,-0.0051,-0.005,-0.0049,-0.0048,-0.0028,-0.0007,0.0037,-0.0005,-0.0005,-0.0004,-0.0004
2001-09-16,-0.6789,-78.4361,E,,0.0195,0.0144,0.009,0.007,0.0052,0.011,0.0095,0.0031,0.0032,-0.0002,0.001,0.0093,0.0031,0.0024,0.0044,-0.0017,-0.0009,-0.0051,-0.0012,-0.002,-0.0037,-0.0039,-0.0028,-0.0041,-0.0031,-0.0015,-0.0022,-0.0026,-0.004
2001-09-16,-0.6789,-78.4361,N,-0.0059,-0.0179,,,-0.0317,-0.0271,-0.0193,,,-0.0096,-0.0022,-0.013,-0.0024,-0.0073,-0.0037,-0.004,0.0022,-0.0008,0.0008,-0.0033,-0.0075,-0.0043,0.0021,0.0055,0.0039,0.0037,0.0017,-0.0004,-0.0013,-0.0016
2001-09-16,-0.6789,-78.4361,NE,0.0036,-0.0041,-0.0048,-0.0023,-0.0105,-0.0105,-0.0092,-0.0109,-0.0085,-0.0044,-0.0004,-0.0052,0.0012,-0.0078,-0.0006,-0.0012,0.0057,-0.0007,0.0006,0.0059,0.0053,0.0056,0.0052,0.0034,0.0067,0.008,0.0056,0.0088,0.0082,0.0073
2001-09-16,-0.6789,-78.4361,NO,,,,,,,,,,,,,,,,,,,,,,,,,0.0,0.0,0.0,,,
2001-09-16,-0.6789,-78.4361,O,,,,,,,,,,,,,,,,,,,,,,,,0.0237,-0.0123,0.0011,-0.0354,-0.0372,-0.0425,-0.0875
2001-09-16,-0.6789,-78.4361,S,0.0812,,0.0762,0.0724,0.0643,0.0558,,,,0.0401,0.0403,0.0341,0.0024,0.0011,0.0023,-0.0012,-0.0007,-0.001,-0.0025,-0.003,-0.0033,-0.0035,-0.0044,-0.0031,-0.0033,-0.002,-0.0,-0.0012,-0.0012,-0.0012
2001-09-16,-0.6789,-78.4361,SE,0.073,0.0822,0.0681,,,0.0492,0.0486,0.0501,0.0474,0.0449,0.0463,,,,,0.0293,0.0323,0.0186,0.0136,0.0032,-0.0057,-0.0034,-0.0049,-0.0033,-0.0133,-0.0093,-0.0139,-0.0076,0.001,0.0018
2001-09-16,-0.6789,-78.4361,SO,,,,,,,,,,,,,,-0.1118,-0.101,-0.0621,-0.0981,-0.093,-0.0633,-0.07,-0.0596,-0.0493,-0.0375,-0.0164,-0.0092,0.0018,0.0134,0.0199,-0.0223,0.0292
2001-10-02,-0.6727,-78.4369,E,,-0.1366,-0.1379,-0.1316,-0.0979,-0.0403,0.0106,0.0073,0.0059,0.0235,0.0456,0.0546,0.0417,0.0424,0.0337,0.0353,0.0198,0.0075,0.0061,0.0035,0.0026,0.02,0.0117,0.0144,0.0079,0.0124,0.011,0.0156,0.0142,1e-04
2001-10-02,-0.6754,-78.4383,N,,,,,,,,,,,,-0.011,,,,,,,,,,,,,,,,,,
2001-10-02,-0.6741,-78.4376,N,,0.0105,,,,,,,,,-0.0036,,,,,,,,,,,,,,,,,,,
2001-10-02,-0.6727,-78.4369,N,,,0.0093,0.0089,0.0059,0.0022,0.001,0.0002,-0.0019,-0.0013,,,,,-0.0159,-0.0144,-0.0125,-0.0051,0.0005,-0.0005,1e-04,0.0036,0.0025,0.0017,0.0025,0.0021,-0.0006,-0.0013,0.0026,0.0042
2001-10-02,-0.6727,-78.4369,NE,0.0352,0.0311,0.0284,0.0221,0.0212,0.0169,0.0158,0.0056,0.004,0.0046,-0.0014,0.0003,-0.011,-0.0105,-0.0114,-0.0159,-0.0194,-0.0206,-0.0224,-0.0223,-0.0224,-0.0211,-0.0253,-0.0212,-0.0138,-0.0009,0.007,0.0039,-0.0133,-0.0132
2001-10-02,-0.6741,-78.4376,NO,0.0208,,,,,,,,,,,,,,,,,,,,,,,,,,,,,
2001-10-02,-0.6727,-78.4369,NO,,0.0104,0.0112,0.0142,0.0172,0.0123,0.0046,-0.0007,-0.0022,-0.0052,-0.0039,-0.0009,-0.0046,-0.0069,-0.008,-0.0102,-0.0085,-0.0042,-0.0013,-0.0007,0.0007,0.0036,0.0038,0.0049,0.0039,0.0022,0.0043,0.0047,0.0081,0.0122
2001-10-02,-0.6727,-78.4369,O,,0.0101,0.0099,0.0081,0.007,0.0074,0.006,0.0063,0.0048,0.0015,0.0027,-0.0002,0.001,-0.0021,-0.003,0.0024,0.0075,0.0043,0.002,-0.0005,-0.0004,-0.0061,-0.0056,-0.0042,-0.003,-0.004,,,0.004,
2001-10-02,-0.6741,-78.4376,S,,0.026,0.0178,,,,,,,,,,,,,,,,,,,,,,,,,,,
2001-10-02,-0.6727,-78.4369,S,,,,0.0112,0.0068,0.004,0.0072,0.0088,0.0065,0.0058,0.0059,0.0051,0.0036,0.0,-0.0014,-0.0039,-0.0049,-0.0023,-0.0003,0.0024,-0.0002,-0.0014,-0.0011,-0.0046,-0.0084,-0.0074,-0.0083,-0.0093,-0.0046,-0.005
2001-10-02,-0.6727,-78.4369,SE,0.0915,0.0861,0.0742,0.0686,0.0583,0.0546,0.0471,0.0417,0.0292,0.028,0.02,0.0261,0.0009,0.0027,-0.0194,-0.0027,-0.015,-0.0241,-0.0119,-0.0115,-0.0198,-0.0265,-0.0542,-0.0439,-0.0526,-0.0367,0.0005,0.0446,0.069,0.0832
2001-10-02,-0.6741,-78.4376,SO,0.0303,,,,,,,,,,,,,,,,,,,,,,,,,,,,,
2001-10-02,-0.6727,-78.4369,SO,,0.0268,0.0248,0.0205,0.0138,0.0139,0.0128,0.0094,0.0101,0.0081,0.0045,0.0035,0.0066,0.0046,0.0014,-0.0015,-0.0065,-0.0064,-0.0065,-0.0057,-0.0054,-0.0049,-0.0043,-0.0039,-0.0039,-0.0035,-0.003,-0.0036,-0.0038,-0.0038
2001-11-03,-0.6789,-78.4367,E,,0.0556,0.0331,0.0171,0.0148,0.0081,0.0034,0.0057,0.0063,0.0029,0.0035,0.0037,0.0037,0.0004,-0.0008,0.0026,0.0011,-0.0031,-0.004,-0.0022,-0.0038,-0.0069,-0.0084,-0.0079,-0.0027,-0.0033,-0.0041,-0.0086,-0.0067,-0.0087
2001-11-03,-0.6789,-78.4367,N,0.0961,0.0767,0.0299,0.014,0.0058,-0.0,-0.002,-0.0022,-0.002,0.002,0.0019,0.0003,-0.0015,-0.0017,-0.0015,-0.0014,0.0025,0.0026,-0.0009,-0.001,-0.0009,-0.0011,-0.001,-0.0009,-0.0004,0.0,0.003,0.0032,0.0032,0.0003
2001-11-03,-0.6789,-78.4367,NE,0.0671,0.0459,0.0224,0.0106,0.0028,-0.0012,-0.0053,-0.0051,-0.0013,-0.0011,-0.0009,-0.0024,-1e-04,0.0002,-0.0004,-0.0035,0.0037,0.0003,0.0015,0.0004,0.0006,0.0018,0.0012,0.0015,0.0017,0.0056,0.0061,0.0065,0.0066,0.0034
2001-11-03,-0.6789,-78.4367,NO,,,,,,,,,,,,,,,0.0093,,,,,,,,,,,,0.0007,0.0052,0.0007,-0.0009
2001-11-03,-0.6789,-78.4367,O,,,,,,,,,,,,,,,,,,,,0.0101,-0.0026,-0.0137,,-0.047,-0.0574,-0.0146,0.0483,0.0094,-0.0942,-0.0957
2001-11-03,-0.6789,-78.4367,S,0.1343,,0.0777,0.0663,0.0677,0.0254,0.0211,0.0242,0.0199,0.0021,0.0259,0.0159,0.0032,-0.0015,-0.0056,-0.006,-0.006,-0.0064,-0.0063,-0.0062,-0.006,-0.006,-0.0063,-0.0069,-0.0049,-0.0009,-0.0009,1e-04,0.0015,0.0036
2001-11-03,-0.6789,-78.4367,SE,0.1006,0.0928,,0.0402,0.0304,0.0266,0.0185,0.015,0.0169,0.017,0.0155,0.0158,0.0154,0.015,0.0107,0.0107,0.0044,0.0068,0.0035,-0.0011,-0.0113,-0.0048,-0.0067,-0.0044,-0.002,0.0002,-0.0034,-0.0033,-0.0024,0.0016
2001-11-03,-0.6789,-78.4367,SO,,,,,,,-0.1555,-0.1584,-0.1566,,-0.1605,-0.1565,-0.1538,-0.1411,-0.1467,-0.1287,-0.1261,-0.1192,-0.1026,-0.101,-0.0794,-0.0614,-0.0378,-0.0056,0.0385,0.0388,0.0186,0.0127,0.0073,0.0094
2002-04-12,-0.6789,-78.4367,E,,0.0077,0.0061,0.0048,-0.0012,0.0005,0.0,0.001,0.0019,0.0009,0.004,0.0049,0.0077,0.006,0.0015,0.0012,0.0011,0.0003,0.0007,0.002,0.0011,0.0024,0.0027,-1e-04,0.0002,0.0007,0.0,-0.0013,-0.0049,-0.0057
2002-04-12,-0.6789,-78.4367,N,0.0496,0.0346,0.0056,-0.0062,-0.0107,-0.0114,-0.0167,-0.0141,-0.0104,-0.0006,-0.0004,-0.0019,-0.0037,-0.0036,-0.0047,-0.0053,-0.003,-0.0002,0.0042,0.0059,0.0072,0.0057,-0.0015,-0.0068,-0.0039,0.0019,0.0011,0.0031,0.0022,-0.0003
2002-04-12,-0.6789,-78.4367,NE,0.031,0.0189,0.0057,-0.0016,-0.0029,-0.0009,-0.001,-0.0014,-0.0078,-0.0077,-0.0037,-0.0004,-0.0002,0.0009,0.0031,-0.0012,0.0019,0.0005,0.003,0.0024,0.0015,0.0016,0.0016,0.0028,0.0047,0.0058,0.0067,0.0064,0.0058,0.0048
2002-04-12,-0.6789,-78.4367,NO,,,,,,,,,,,,,,,,,,,,,,,,,,,0.0008,-0.0008,0.0012,-0.0009
2002-04-12,-0.6789,-78.4367,O,,,,,,,,,,,,,,,,,0.0331,0.0119,0.0319,,,,,0.0137,-0.0349,-0.0147,0.0181,-0.0038,-0.1128,-0.1803
2002-04-12,-0.6789,-78.4367,S,0.1096,0.0983,0.0716,0.0677,0.0619,0.0636,0.0597,0.0562,0.0405,0.0126,0.0105,0.0125,0.0002,0.0,0.0018,-0.0005,-0.0048,-0.001,-0.0004,0.0029,0.0051,0.003,-0.0051,-0.0012,0.002,-0.0057,1e-04,-0.0096,-0.0081,-0.0101
2002-04-12,-0.6789,-78.4367,SE,0.0501,0.0463,0.027,0.023,0.0131,0.0151,0.0268,0.0308,0.0308,0.0306,0.0344,0.0306,0.0345,0.0307,0.0306,0.0268,0.0189,0.0111,0.011,0.005,-0.0051,-0.0011,-0.0071,-0.0052,-0.0072,-0.0053,-0.0094,-0.0095,-0.0095,-0.0136
2002-04-12,-0.6789,-78.4367,SO,,,,,,,,,,,-0.1115,-0.1185,-0.111,-0.1096,-0.1047,-0.0937,-0.0887,-0.0784,-0.0702,-0.0635,-0.0462,-0.0338,-0.0208,-0.0058,0.0032,0.007,0.0147,0.0082,0.0113,0.0329
2004-01-28,-0.6787,-78.4361,E,,0.0297,,,,,,0.0006,0.0029,0.0062,0.0057,0.0076,0.007,0.0082,0.006,0.0004,-0.0045,-0.0059,-0.0051,-0.0039,-0.0081,-0.0057,-0.0082,-0.0083,-0.0088,-0.0093,-0.0078,-0.0105,-0.0082,-0.0069
2004-01-28,-0.6787,-78.4361,N,0.0127,-0.0069,-0.0209,-0.0253,-0.0277,-0.0235,-0.0186,-0.0149,-0.0153,-0.0131,-0.0096,-0.0101,-0.0067,-0.001,-0.0009,0.0011,0.0027,0.0016,-0.0014,0.0002,-0.0002,-0.0028,-1e-04,0.0022,0.0012,0.0013,0.0032,0.0123,0.0132,0.0141
2004-01-28,-0.6787,-78.4361,NE,0.0213,0.0075,-0.0008,-0.0071,,,,,-0.0046,-0.0044,-0.0046,-0.0029,-0.0033,-0.005,-0.0073,-0.007,0.002,-0.0017,-0.0,0.0004,0.0038,0.0068,0.0096,0.007,0.0081,0.0073,0.0088,0.0094,0.0092,0.0078
2004-01-28,-0.6787,-78.4361,NO,,-0.0326,-0.0523,,,,,,-0.0443,-0.0392,-0.0326,,,,,,,,,,,,,,0.0014,0.0025,-0.0014,-1e-04,0.0004,0.0014
2004-01-28,-0.6787,-78.4361,O,,-0.2079,,,,,,,,,,0.0138,-0.0281,-0.0199,-0.0067,0.0208,-0.0079,-0.0145,-0.0021,0.0008,0.0034,-0.0051,0.0055,-0.0068,0.0161,0.0019,,,,
2004-01-28,-0.6787,-78.4361,S,0.0523,0.0347,0.0387,0.0327,0.0228,0.0087,-0.0015,-0.0014,0.0046,-0.0056,0.0087,0.0166,0.0126,0.0088,0.0047,0.0046,-0.0035,-0.0056,-0.0117,-0.0077,-0.0116,-0.0116,-0.0076,-0.0077,-0.0076,-0.0116,-0.0077,-0.0074,-0.0074,-0.0074
2004-01-28,-0.6787,-78.4361,SE,0.0342,0.0397,0.0265,0.0266,0.0225,0.0204,0.0125,0.0105,,0.0152,0.016,0.0164,0.0207,0.0245,0.0241,0.0159,0.0122,0.0039,1e-04,-0.004,-0.0037,-0.0037,-0.0037,-0.0034,-0.0039,-0.0068,-0.0108,-0.007,-0.0067,-0.0063
2004-01-28,-0.6787,-78.4361,SO,,-0.0746,-0.0765,,,,,,-0.1357,-0.1356,-0.1356,,-0.1357,-0.1228,-0.0985,-0.0955,-0.0848,-0.1109,-0.0578,-0.0824,-0.0059,-0.0137,-0.0082,0.0296,0.021,0.0226,0.023,0.0098,0.0048,-0.0074
2004-07-22,-0.679,-78.438,E,,0.0876,0.0613,0.0389,0.0349,0.0325,0.0288,0.0286,0.0234,0.016,,,,0.0082,0.0048,0.0048,0.0029,0.0008,-0.0029,-0.0033,-0.0037,-0.0052,-0.009,-0.012,-0.0114,-0.0121,-0.0121,-0.0135,-0.012,-0.0093
2004-07-22,-0.679,-78.438,N,0.09,0.0789,0.0563,0.0511,0.0444,0.0405,0.0281,0.0148,0.003,-0.0022,-0.0037,-0.0045,-0.0055,-0.0042,-0.0013,-0.0017,-0.0004,-0.0005,-0.0026,-0.0072,-0.0087,-0.0051,0.0013,0.0023,0.0047,0.0083,0.0078,0.0064,0.0052,0.0014
2004-07-22,-0.679,-78.438,NE,0.1028,0.0699,0.0531,0.0298,0.0149,0.0125,0.0075,0.007,0.0067,0.003,0.0024,0.0025,-0.0015,-0.0017,0.0023,0.0004,-0.0012,-0.0025,-0.0035,-0.002,-0.0046,-0.0059,-0.0027,-0.0003,0.0005,0.0027,0.0024,0.0027,0.0036,0.0042
2004-07-22,-0.679,-78.438,O,,,-0.1119,-0.1451,,,,,,,,-0.0928,-0.0284,0.0224,0.0369,0.069,0.0908,0.0847,0.084,0.0998,,,,,-0.0002,-0.0166,-0.0209,-0.0508,-0.0675,-0.063
2004-07-22,-0.679,-78.438,S,0.1509,0.1297,0.1179,0.1073,0.0529,0.045,0.0386,0.0292,0.0154,0.0052,0.0047,0.0088,0.0083,0.0073,0.0053,0.005,0.001,0.0023,0.0019,0.001,-0.0004,-0.0007,-0.0017,-0.0023,-0.0111,-0.0134,-0.0054,-0.0122,-0.0092,-0.0003
2004-07-22,-0.679,-78.438,SE,,0.1391,0.075,0.0552,0.0348,0.0308,0.0283,0.0236,0.0169,0.0077,0.003,-0.0049,-0.0057,-0.014,-0.0133,-0.0132,-0.0077,0.003,-0.0004,0.005,-0.0044,0.0042,-1e-04,0.0068,0.0005,0.0048,0.0066,0.0025,0.0097,0.0063
2004-07-22,-0.679,-78.438,SO,,0.0481,0.0126,-0.0216,-0.0219,-0.0343,-0.0346,-0.0346,-0.0347,-0.0348,-0.0347,-0.0346,-0.0348,-0.0349,-0.0351,-0.0351,-0.0146,-0.0108,0.0021,0.0438,0.0478,0.042,0.011,0.0129,0.0045,-0.0173,-0.0287,-0.0316,-0.0283,-0.0286
2004-09-24,-0.6733,-78.4359,E,,-0.135,-0.1344,-0.1176,-0.0892,-0.0628,-0.0317,-0.0045,,,,,,,,,,,,,,,,,,,,,,
2004-09-24,-0.6733,-78.4359,N,,0.001,0.002,0.0011,0.0031,0.0024,0.0009,-0.0008,-0.0039,-0.0056,-0.007,-0.0071,-0.0059,-0.0023,0.0003,0.0004,0.0007,0.0021,0.0027,0.0036,0.0022,0.0029,0.0025,0.0042,0.0032,0.0019,0.003,0.0021,0.0003,-0.0014
2004-09-24,-0.6733,-78.4359,NE,-0.0003,-0.0055,0.0004,0.001,0.0044,0.0034,0.0019,0.0013,-0.0006,-0.0024,-0.0016,-0.0008,,,,,,,,,,,,,,,,,,
2004-09-24,-0.6733,-78.4359,NO,0.0042,-0.0021,-0.0019,-0.0008,-0.0006,-0.001,-0.0004,-0.0012,-0.0029,-0.0005,-0.0051,-0.0039,-0.0026,-0.0022,-0.0003,0.0014,0.0014,0.0014,0.0026,0.0031,0.0009,0.0007,0.0031,0.0023,0.0058,0.0071,0.003,0.0033,0.0033,0.0009
2004-09-24,-0.6733,-78.4359,O,,-0.0004,0.0002,-0.003,-0.0042,-0.0029,0.0002,0.001,0.0005,-0.0012,-0.0022,0.0007,0.0011,-0.0013,-0.0003,-0.0002,,,,,,,,,,,,,,
2004-09-24,-0.6733,-78.4359,S,,0.0081,0.0029,0.0007,0.0008,0.0036,0.0042,0.0004,-0.0014,0.0,0.0003,0.0019,0.0022,-0.0009,-0.0006,-0.0,0.0021,-0.0006,-0.0038,-0.0034,-0.0008,-0.0017,-0.001,-0.0023,-0.0023,-0.0003,-0.0015,-0.0005,-0.0003,0.0014
2004-09-24,-0.6733,-78.4359,SE,0.0127,0.0259,0.0209,0.0199,0.0173,0.016,0.03,0.0232,0.021,0.0206,0.0136,0.0096,0.0033,0.0024,-0.006,-0.0076,-0.014,-0.0248,-0.0263,-0.024,-0.0296,-0.024,-0.009,0.028,0.0173,0.0035,-0.0201,-0.012,-0.0192,0.0176
2004-09-24,-0.6733,-78.4359,SO,-0.001,-0.0023,-0.0034,-0.0049,-0.0043,-0.0026,0.0016,-0.0007,0.0009,-0.0003,-0.0008,0.0005,0.0048,0.0035,0.0013,0.0027,0.0031,-0.001,-0.0002,-0.0002,-0.0023,-0.0034,-0.0053,-0.0064,-0.0079,,,,,
2004-11-27,-0.6752,-78.4386,E,,0.0603,0.0487,0.0308,0.0233,0.0174,0.0153,0.0174,0.0125,0.0079,0.0027,-0.0039,-0.0076,-0.0115,-0.0135,-0.0133,-0.0159,-0.0301,-0.0423,,,,-0.0049,-0.0086,-0.0149,-0.0158,-0.0222,-0.022,-0.0182,-0.0049
2004-11-27,-0.6752,-78.4386,N,,0.0175,0.0188,0.0165,0.0123,0.009,0.0111,0.0077,0.0064,-0.0012,-0.0021,-0.0058,-0.004,-0.004,-0.006,-0.0075,-0.0106,-0.0118,-0.0114,-0.0128,-0.0111,-0.0011,0.0057,0.0013,0.006,0.0079,0.01,0.0133,0.0144,0.0157
2004-11-27,-0.6752,-78.4386,NE,0.0508,0.0466,0.0429,0.0406,0.0429,0.0358,0.0291,0.0288,0.026,0.0243,0.0208,0.0067,-0.0024,-0.0075,-0.0089,-0.0126,-0.0141,-0.014,-0.0134,-0.0142,-0.0203,-0.0234,-0.0285,-0.0344,-0.0247,-0.023,-0.0233,-0.0282,-0.0195,-0.0253
2004-11-27,-0.6752,-78.4386,NO,0.0278,0.0248,0.0196,0.0153,0.0132,0.0152,0.0092,0.0006,-0.01,-0.0156,-0.011,-0.0106,-0.0014,-0.0115,-0.0085,-0.0069,-0.0025,0.001,0.0093,0.0116,0.0146,0.0064,0.0032,0.0022,0.0059,0.0089,0.013,0.0182,0.022,0.0228
2004-11-27,-0.6752,-78.4386,O,,0.0534,0.0533,0.0469,0.0448,0.0444,0.0359,0.0272,0.0228,0.018,0.0119,-0.0063,-0.0046,,,-0.0639,-0.0874,-0.0868,-0.0824,-0.0825,-0.0865,-0.0854,-0.0786,-0.0768,-0.0493,-0.0065,0.0408,0.091,0.0935,0.1373
2004-11-27,-0.6752,-78.4386,S,,0.0583,0.0465,0.0444,0.0382,0.0301,0.0225,0.0188,0.0078,0.0052,0.0033,0.0017,0.0,-0.001,0.0015,0.0026,0.0007,-0.001,-0.0044,-0.0033,-0.0022,-0.0038,-0.0064,-0.005,-0.0056,-0.0006,-0.0005,0.0021,0.0049,0.0004
2004-11-27,-0.6752,-78.4386,SE,0.0557,0.0512,0.0459,0.0343,0.023,0.0205,0.0205,0.0181,0.0188,0.0157,0.0074,0.0046,0.002,0.0012,-0.0019,-0.0024,-0.0043,-0.0055,-0.0036,-0.0045,-0.0043,-0.0051,-0.0088,-0.0075,-0.0025,-0.002,-0.0008,-0.0067,-0.002,-0.0009
2004-11-27,-0.6752,-78.4386,SO,0.0429,0.0373,0.0302,0.031,0.0291,0.0176,0.0057,-0.0099,-0.0186,-0.0222,-0.0223,-0.0239,-0.0203,-0.0189,-0.0186,-0.0154,-0.0237,-0.022,-0.0266,-0.0276,-0.0276,-0.0269,-0.0247,-0.0208,-0.0147,-0.0131,-0.0039,-0.0031,0.006,0.0118
2004-12-29,-0.6789,-78.4367,E,,0.0331,0.0356,0.0269,0.0222,0.0099,0.0044,0.0029,0.0039,1e-04,0.0026,0.0085,0.0193,,,,0.0022,-0.0013,0.0082,0.0017,-0.0064,-0.0114,-0.0113,-0.0071,-0.0054,-0.0094,-0.0109,-0.0102,-0.0075,-0.0121
2004-12-29,-0.6789,-78.4367,N,0.0256,0.0138,-0.0085,-0.0228,-0.0276,-0.0235,-0.0178,-0.0095,-0.0017,-0.0027,-0.0014,-0.0034,-0.0059,-0.0069,-0.0033,-0.0042,-0.0003,0.0025,0.0015,0.0053,0.0049,0.0023,0.0035,0.0047,0.0044,0.0006,-0.0005,-0.0015,-0.0009,-0.0003
2004-12-29,-0.6789,-78.4367,NE,0.0067,-0.001,-0.0024,-0.0077,-0.0113,-0.0109,-0.0092,-0.0075,-0.0106,-0.0122,-0.0086,-0.0058,0.0021,0.0065,0.0141,0.0114,0.0091,0.0032,-0.0019,-0.0016,-0.0077,-0.0055,0.0011,-0.0039,0.0087,0.0012,0.0025,0.0123,0.0125,0.0092
2004-12-29,-0.6789,-78.4367,NO,,,,,,,,,,,,,,,,,,,,,,,,,,,-0.0102,-0.004,-0.0002,0.0015
2004-12-29,-0.6789,-78.4367,O,,,,,,,,,,,,,,,,,,,,,,,-0.0098,-0.0316,-0.0502,-0.0222,0.0094,0.0445,-0.033,-0.0137
2004-12-29,-0.6789,-78.4367,S,0.0744,0.0706,0.0427,0.0179,0.0056,0.0047,-0.0014,-0.0008,0.0098,-0.003,0.0262,0.0119,0.0017,-0.0151,-0.0151,-0.0152,-0.0152,-0.0149,-0.0143,-0.0141,-0.0137,-0.0137,-0.0128,-0.0093,-0.0086,-0.0044,-0.0037,-0.0038,-0.0039,-0.0043
2004-12-29,-0.6789,-78.4367,SE,0.0196,0.0172,0.0121,0.0007,-0.0027,-0.0022,0.0004,0.0124,0.0179,0.0218,0.0233,0.027,0.0309,0.0309,0.0319,0.0151,-0.0153,-0.013,-0.0221,-0.0263,-0.0273,-0.025,-0.0182,-0.0095,-0.0119,0.0033,-0.0009,-0.0067,0.0004,-0.0044
2004-12-29,-0.6789,-78.4367,SO,,,,,,,-0.1614,-0.1713,-0.1715,,-0.1711,-0.1657,-0.1618,-0.1357,-0.1426,-0.1079,-0.0861,-0.1073,-0.0244,-0.0609,-0.0358,-0.0361,0.02,0.1035,0.06,0.0291,0.0136,0.013,-0.0178,-0.0376
2005-07-09,-0.6789,-78.4364,E,,0.0239,0.0059,-1e-04,-0.002,-0.0022,-1e-04,0.0018,1e-04,-0.0021,-0.002,-0.0018,0.0024,0.0025,0.0024,0.0024,0.0023,0.0022,0.0024,-0.0012,-0.0011,-0.001,-0.0011,-0.0011,-0.001,-0.0076,-0.0055,-0.0054,-0.0012,
2005-07-09,-0.6789,-78.4364,N,0.1055,0.075,0.0315,0.0117,0.0034,0.0031,-0.0013,-0.0011,0.0028,0.0023,-0.0024,0.0015,0.0014,-0.0028,-0.0029,-0.0034,-0.0053,-0.0067,-0.0042,-0.0014,0.0008,0.0008,0.0033,0.0032,0.0025,0.002,-0.0022,-0.0008,-0.0012,0.0004
2005-07-09,-0.6789,-78.4364,NE,0.0467,0.0328,0.0087,0.0005,-0.0036,-0.0035,0.0005,0.0005,0.0005,0.0005,0.0005,0.0005,0.0006,0.0006,0.0006,0.0005,0.0006,-0.0015,-0.0015,-0.0035,-0.0034,0.0004,0.0004,0.0003,0.0003,0.0002,0.0007,0.0008,0.0044,0.0008
2005-07-09,-0.6789,-78.4364,NO,,,,,,,,,,,,,,,,,,,,,,,,,,,-0.0002,-0.0008,-0.0002,0.0036
2005-07-09,-0.6789,-78.4364,O,,,,,,,,,,,,,,,,-0.0499,-0.0529,-0.033,-0.0498,-0.0347,0.0119,0.0468,0.0496,0.046,-0.0089,-0.0045,0.024,-0.0065,-0.0605,-0.1114
2005-07-09,-0.6789,-78.4364,S,0.12,0.0994,0.0856,0.0854,0.0714,0.0832,0.0473,0.0552,0.0524,0.0459,0.0227,0.0164,0.0071,-0.0052,-0.0167,-0.0157,-0.015,-0.0096,-0.0118,-0.0103,-0.0081,-0.0073,-0.0062,-0.005,-0.0002,0.0015,0.0024,-0.0031,0.0049,0.0029
2005-07-09,-0.6789,-78.4364,SE,0.0762,0.0858,0.0624,0.0513,0.0263,0.0148,0.0146,0.0146,0.0169,0.017,0.0169,0.0134,0.0134,0.0131,0.0094,0.0086,0.0034,0.0033,0.0022,0.0039,0.0005,0.0044,0.0016,-0.0013,0.0024,0.0025,0.002,0.0008,-0.0006,-0.0049
2005-07-09,-0.6789,-78.4364,SO,,,,,,,,,,,,,-0.1383,-0.1221,-0.1253,-0.1123,-0.1131,-0.1065,-0.0219,-0.0648,0.0286,-0.0257,0.036,0.073,0.0305,0.0155,0.0024,-0.0144,-0.0283,-0.0079
2005-10-13,-0.6798,-78.4326,E,,,,,0.0126,,,,,,,,,,,,,,,,,,,,,,,,,
2005-10-13,-0.6798,-78.4326,N,-0.0008,-0.0008,-0.0049,-0.0007,-0.0007,0.0036,0.0038,-0.0003,-0.0045,-0.0004,-0.0046,-1e-04,0.0041,-0.0043,-0.0041,-0.0041,0.0002,0.0024,0.0043,0.0046,0.0026,0.0006,-0.0036,-0.0014,0.0007,0.0008,0.0009,-0.0013,-0.0032,-0.0034
2005-10-13,-0.6798,-78.4326,NE,0.0211,0.0211,0.0169,0.0189,0.0211,0.021,,,,,,,,,,,,,,,,,,,,,,,,
2005-10-13,-0.6798,-78.4326,NO,,,,,,,,,,,-0.0052,-0.0,-0.092,,,,,,,,,,,,,,,,,
2005-10-13,-0.6798,-78.4326,S,0.0188,,,,0.0154,0.0156,,,,,,,,,,,,,,,,,-0.0006,-0.0008,-0.001,0.0011,0.0026,0.0025,0.0004,-0.002
2005-10-13,-0.6798,-78.4326,SE,,,,0.0169,0.0126,,,,,,,,,,,,,,,,,,,,,,,,,
2005-10-13,-0.6798,-78.4326,SO,,,,,,,,,,,,,,,,,,,,,,,,,,-0.0004,0.0222,0.0089,0.0055,-0.0265
2005-12-16,-0.6798,-78.4329,E,,,,,,,,,,,,,,,,,,,,,,,,,,,,,0.0005,-0.0005
2005-12-16,-0.6798,-78.4329,N,,,,,,,,,,,-0.006,-0.0003,1e-04,-0.0047,-0.0008,-0.0054,0.0022,0.0021,0.0015,0.0014,0.0013,0.0011,0.001,0.0006,0.0004,-0.0041,-0.0021,-0.0004,-0.0007,-0.001
2005-12-16,-0.6798,-78.4329,NO,,,,,,,,,,,,-0.0094,-0.0053,-0.005,0.0053,-0.0007,-0.0006,-0.0005,-0.0004,0.0039,0.0041,0.0041,0.0042,0.0002,0.0003,0.0005,0.0046,0.0006,-0.0034,-0.0095
2005-12-16,-0.6798,-78.4329,O,,,,,,,,,,,,,,,,,,,,,,,,,,,,,0.0916,
2005-12-16,-0.6798,-78.4329,S,0.0742,0.064,0.0537,0.0469,0.0518,,,,,,,,,,,,,,,-0.0238,-0.0359,-0.0438,-0.0383,-0.0334,0.0085,-0.014,-0.0134,-0.0105,-0.0083,-0.0064
2005-12-16,-0.6798,-78.4329,SE,,,,0.0049,,,,,,,,,,,,,,,,,,,-0.0037,-0.003,0.0005,0.0013,0.0041,0.0048,0.0007,-0.0033
2005-12-16,-0.6798,-78.4329,SO,,,,,,,,,,,,,,,,,,,,,,,,-0.0503,-0.018,0.0336,-0.0017,-0.0194,0.0349,-0.0128
2006-02-18,-0.676,-78.4318,E,,0.0569,0.0507,0.048,0.0479,0.0439,0.0356,0.0281,0.0246,0.022,0.0201,0.0124,0.0039,-0.0073,-0.0115,-0.0147,-0.0144,-0.0195,-0.0257,-0.0187,0.0032,,,-0.0089,-0.0075,-0.0078,0.0003,0.0029,0.0119,0.0165
2006-02-18,-0.676,-78.4318,N,,0.0044,0.0013,0.0076,-0.0004,-0.0018,-0.0003,0.0015,-0.0028,,0.0025,,,,,,,,,,,,,,,,,,,
2006-02-18,-0.676,-78.4318,NE,0.039,0.0377,0.0332,0.0215,0.015,0.0158,0.0126,0.0078,0.0015,-0.0006,-0.0045,-0.0109,,,,,,,,,,,,,,,,,0.0228,-0.0179
2006-02-18,-0.676,-78.4318,NO,0.0335,0.0314,0.0376,,,,,,,,,,,,,,,,,,,,,,,,,,,
2006-02-18,-0.676,-78.4318,O,,0.0335,,,,,,,,,,,,,,,,,,,,,,,,,,,,
2006-02-18,-0.676,-78.4318,S,,0.018,0.0117,0.0064,0.0023,-0.0014,-0.0054,-0.0078,-0.0053,-0.0037,-0.0027,-0.0046,-0.0069,-0.0055,-0.0014,-0.0013,0.0014,0.0041,0.0045,0.0055,0.0074,0.007,0.0079,0.0071,0.0075,0.0047,0.0013,0.0002,-0.004,-0.004
2006-02-18,-0.676,-78.4318,SE,0.0267,0.0279,0.0267,0.0205,0.0123,0.0034,-0.0046,-0.0092,-0.0138,-0.0097,-0.0031,0.0028,0.0018,-0.0027,-0.0034,-0.0094,-0.0062,-0.0051,-0.0082,-0.003,-0.0077,-0.0016,0.0046,0.0127,0.0135,0.0024,-0.0006,-0.0079,-0.0083,-0.0122
2006-02-18,-0.676,-78.4318,SO,0.0241,0.0207,0.0127,,,,0.0036,-0.0022,0.0019,0.0046,0.0005,0.001,-0.001,-0.0034,-0.0056,-0.0056,-0.0055,0.0031,,,,,,,,,,0.0003,0.0003,0.0003
2006-08-13,-0.673,-78.4361,E,,-0.135,-0.1315,-0.1097,-0.0577,0.0172,,,,0.0034,0.0371,0.0563,,,,,,,,,,,,,,,,,,
2006-08-13,-0.673,-78.4361,N,,0.0113,0.0113,0.0069,0.0006,0.0005,0.0026,0.0031,0.005,0.0065,0.003,-0.0013,-0.0048,-0.0052,-0.0028,-0.0004,0.0036,0.0032,0.0035,0.0023,-0.0054,-0.0055,-0.0051,-0.0052,,,,,,
2006-08-13,-0.673,-78.4361,NE,0.2193,0.1868,0.1814,0.1305,0.0763,0.0364,0.0238,0.0291,,,,,,,,,,,,,,,,,,,,,,
2006-08-13,-0.673,-78.4361,NO,0.0265,0.0141,0.0124,0.0105,0.0085,0.0021,0.0025,0.0027,0.0022,-0.0012,-0.001,-0.0012,-0.0013,-0.0011,-0.0009,0.0005,-0.0011,0.0029,0.0068,0.0026,0.0024,-0.0018,,,,,,,,
2006-08-13,-0.673,-78.4361,O,,-0.036,-0.04,-0.0395,-0.0392,-0.0342,-0.0291,,,,,0.0083,0.0052,0.0018,,,,,,,,,,,,,,,,
2006-08-13,-0.673,-78.4361,S,,0.0305,0.002,0.0044,0.0047,0.0024,0.0093,0.003,-0.0031,0.0063,0.0063,0.0009,-0.0025,-0.0046,0.0021,-0.0154,-0.0151,-0.0214,-0.022,-0.0256,-0.0133,-0.0031,-0.0168,-0.0159,-0.0223,-0.0182,-0.01,-0.01,0.0343,0.0119
2006-08-13,-0.673,-78.4361,SE,0.0057,0.0369,0.0132,0.0034,0.0006,0.0079,0.0107,0.0049,-0.0013,-0.0126,-0.0158,-0.0182,-0.0347,-0.04,-0.0428,-0.0444,-0.0473,-0.0532,-0.0096,-0.0168,0.0235,0.0459,0.0383,0.0469,0.0305,0.0209,0.0238,0.0397,0.0444,0.042
2006-08-13,-0.673,-78.4361,SO,0.0304,0.0237,0.0155,0.0134,0.0095,0.0036,0.0041,0.0007,-0.0032,-0.0028,-0.0025,,0.011,0.0036,0.0038,0.0007,-0.0033,-0.0031,-0.0033,,,,,,,,,,,
2006-08-29,-0.6789,-78.4364,E,,0.0915,0.0608,0.0398,0.0316,0.0221,0.0197,0.0193,0.0154,0.013,0.0089,0.0034,0.002,0.0007,-0.0015,-0.0018,-0.0071,-0.0099,-0.0122,-0.0112,-0.0044,-0.0079,-0.0165,-0.0177,,-0.0259,-0.0145,-0.033,-0.0205,-0.0274
2006-08-29,-0.6789,-78.4364,N,0.1464,0.0906,0.0401,0.0104,-0.0024,-0.0074,-0.0084,-0.0035,0.0008,0.002,0.0016,-0.0017,-0.0074,-0.0062,-0.0025,-0.0029,-0.0014,-0.0039,-0.0015,0.002,0.0013,-0.0034,-0.0043,-0.0026,0.0009,0.0032,0.0013,0.0023,0.0033,0.0017
2006-08-29,-0.6789,-78.4364,NE,0.0854,0.0645,0.0356,0.0102,-0.0013,-0.0036,-0.0075,-0.0061,0.001,0.0022,-0.0009,-0.0012,0.0033,0.0022,0.0022,0.0,0.0037,0.0006,0.0011,-0.0021,-0.0014,-0.0023,-0.0,0.0007,0.0046,0.0078,0.0027,0.0019,0.0054,0.0047
2006-08-29,-0.6789,-78.4364,NO,,,,,,,,,,,,,,,,,,,,,,,,,,0.0019,0.0094,-0.0006,-0.0007,0.0009
2006-08-29,-0.6789,-78.4364,O,,,,,,,,,,,,,,,,-0.0333,-0.0248,-0.0113,-0.018,-0.025,-0.0188,0.0144,0.0419,0.0247,-0.0275,-0.0191,0.0198,0.0148,-0.0744,-0.1252
2006-08-29,-0.6789,-78.4364,S,0.1576,0.1349,0.1159,0.1027,0.118,0.122,0.0507,0.0508,0.0467,0.0196,0.018,0.0063,0.0016,-0.0036,-0.0072,-0.0095,-0.0111,-0.0104,-0.0098,-0.0092,-0.0085,-0.0079,-0.006,-0.0065,-0.006,-0.0055,-0.0028,0.0043,-0.0017,-0.0
2006-08-29,-0.6789,-78.4364,SE,0.0971,0.1209,0.0699,0.0539,0.0319,0.0217,0.0135,0.0114,0.0134,0.0134,0.0135,0.0134,0.0133,0.0134,0.0092,0.005,-0.0012,-0.0033,-0.0054,-0.0033,-0.0075,-0.0034,-0.0055,-0.0034,-0.0055,-0.0077,-0.0077,-0.0036,-0.0036,-0.0036
2006-08-29,-0.6789,-78.4364,SO,,,,,,,,-0.1974,-0.1959,,,-0.1974,-0.1887,,,-0.0202,0.0204,0.0362,0.0246,-0.0278,-0.0098,-0.0185,-0.0041,0.0227,0.0203,0.0306,0.0074,0.0057,-0.006,0.0126
2006-11-17,-0.6735,-78.434,E,,,,,,,,,,,,0.005,0.0008,0.0013,-0.0028,0.0022,-0.0016,0.0029,0.005,0.002,0.0065,-0.0051,-0.0101,-0.0124,-0.0032,0.0013,0.0052,0.0078,0.0042,0.003
2006-11-17,-0.6735,-78.434,N,,-0.0074,-0.0074,-0.0073,-0.0072,-0.0068,-0.0073,0.0015,0.0012,-0.0028,-0.003,0.0014,0.0035,0.0034,-0.0007,0.0014,,,,,,,,,,,,,,
2006-11-17,-0.6735,-78.434,NE,,,,,,,,,,,,0.0005,0.0004,-0.0032,-0.0022,-0.0021,1e-04,0.0011,0.0008,0.0029,0.0029,-0.0009,0.0062,0.0024,0.0042,0.0022,,,,
2006-11-17,-0.6735,-78.434,NO,-0.0157,-0.0118,-0.0141,,,,,-0.0019,0.0043,0.0013,0.0011,-0.0033,-0.0,1e-04,0.0013,,,0.001,0.0077,,,,,,,,,,,
2006-11-17,-0.6735,-78.434,O,,0.0,,,,,,,,,,,,,,,,,,,,,,,,,,,,
2006-11-17,-0.6735,-78.434,S,,,,,,,,,,,,,,,,,,,,,,,,,0.0,0.0,0.0,,,
2006-11-17,-0.6735,-78.434,SE,,,,,,,,,,,,,0.0026,0.0044,0.0149,0.0232,,,0.01,0.0052,0.0068,0.0047,0.0004,0.0032,-0.0005,0.001,-0.0015,-0.0002,0.0013,0.0007
2006-11-17,-0.6735,-78.434,SO,0.0,,,,,,,,,,,,0.0,0.0,,0.0,0.0,,0.0,0.0,0.0,,,,,0.0,,,,
2007-02-05,-0.6789,-78.4369,E,,,0.0341,0.0242,0.0143,0.0091,0.0088,0.011,0.0105,0.0105,0.0099,0.0095,0.0112,0.0162,,,,0.0051,0.0076,0.0028,-0.0043,-0.0073,-0.0122,-0.0075,-0.0048,-0.0064,-0.0072,-0.0092,-0.007,-0.0079
2007-02-05,-0.6789,-78.4369,N,,,0.0433,0.0215,0.0098,0.0075,0.004,-0.0014,-0.0069,-0.0065,-0.0042,-0.0047,-0.0056,-0.0125,-0.0091,-0.0093,-0.0074,-0.0038,-0.0053,-0.0068,-0.0036,-0.0008,0.0084,0.0094,0.0043,0.0055,0.0031,0.0047,0.0052,0.0047
2007-02-05,-0.6789,-78.4369,NE,,0.0528,0.0438,0.0386,0.0319,0.0195,0.0112,0.0032,-0.0032,-0.0003,-0.0027,-0.0022,-0.0037,-0.0048,0.0016,-0.0021,0.0065,0.0052,0.0048,0.0014,0.0022,-0.0034,-0.0044,-0.002,0.005,0.0049,0.0067,0.006,0.0056,0.0063
2007-02-05,-0.6789,-78.4369,NO,,,,,,,,,,,,,-0.0108,-0.0002,0.0076,-0.0024,0.0104,,0.0067,,,,,,,,,0.0012,-0.0003,0.001
2007-02-05,-0.6789,-78.4369,O,,,,,,,,,,,,,,,,,,,,,,-0.0437,-0.0208,-0.0023,-0.0133,0.017,0.0148,0.0102,-0.0513,-0.0405
2007-02-05,-0.6789,-78.4369,S,0.065,0.0533,0.0367,0.0074,0.0031,-0.0048,-0.0049,0.005,0.0049,-0.0093,-0.0052,-0.0053,-0.0054,-0.009,-0.0094,-0.0096,-0.0096,-0.0097,-0.0098,-0.0103,-0.0104,-0.0106,-0.0106,-0.0107,-0.0072,-0.0065,-0.0068,-0.0033,-0.0034,-0.0032
2007-02-05,-0.6789,-78.4369,SE,0.0597,,,0.0148,0.0131,0.0193,0.0184,0.0173,0.0122,0.0114,0.013,0.0069,0.0106,0.0078,0.0032,-0.001,-0.0007,-0.0084,-0.0121,-0.0116,-0.0111,-0.0103,-0.0095,-0.0052,-0.0045,-0.0002,0.0004,0.0006,0.0012,0.0017
2007-02-05,-0.6789,-78.4369,SO,,,,,-0.1311,-0.1307,-0.1308,-0.1309,-0.1311,-0.1285,-0.1264,-0.1012,-0.1058,-0.0816,-0.0919,-0.0052,-0.0048,-0.0233,-0.0128,-0.019,-0.0151,0.0064,0.0321,0.0444,0.0311,0.0189,0.0155,0.0021,-0.013,-0.0202
2007-07-31,-0.6787,-78.4375,E,,0.0459,0.0195,0.0095,0.0062,0.0074,0.0063,0.0062,0.0081,0.0077,0.0026,0.0021,0.0006,0.0,-1e-04,-0.0015,-0.0034,-0.0041,-0.0013,-0.0018,-0.002,-0.0032,-0.0056,-0.0085,-0.0066,-0.0057,-0.0076,-0.0048,-0.0015,0.002
2007-07-31,-0.6787,-78.4375,N,0.1382,0.123,0.0534,0.0826,0.0332,0.021,0.0233,0.0136,0.0025,0.0007,-0.0011,0.0008,0.0002,1e-04,-0.0002,-0.0004,-0.0013,0.001,-0.0037,-0.004,-0.0042,-0.0024,-0.0018,0.0002,0.0018,0.0032,0.004,0.0039,0.0026,0.001
2007-07-31,-0.6787,-78.4375,NE,,,0.031,0.0146,0.0055,0.0015,0.005,0.0028,0.0022,0.0005,0.0007,-0.0003,-0.0013,-0.0011,-0.0004,0.0045,0.0005,0.0077,0.0043,0.0014,-0.0013,-0.0002,0.0014,0.0018,-0.0,-0.0014,0.0009,-0.0028,-0.0034,-0.0039
2007-07-31,-0.6787,-78.4375,O,,,,,,,,,,,,,,,,,-0.0416,-0.0039,-0.0009,-0.0037,-0.0109,-0.0106,,,-0.0146,-0.0038,0.0022,0.0059,-0.0341,-0.0737
2007-07-31,-0.6787,-78.4375,S,0.1606,0.1573,0.1487,0.1196,0.0903,0.0575,0.0439,0.0318,0.0196,0.0136,0.0053,-0.0008,-0.0009,-0.0009,0.0032,0.0059,0.0031,0.0071,0.0071,0.007,0.0045,0.0035,0.0057,0.0042,-0.0002,-0.0055,-0.0048,-0.0053,-0.0054,-0.0036
2007-07-31,-0.6787,-78.4375,SE,0.1415,,0.0681,0.0505,0.0282,0.0252,0.0256,0.0252,0.0208,0.0158,0.0175,0.0005,0.0088,0.001,-0.0033,-0.0023,-0.0002,0.0003,0.0006,-0.0039,-0.0043,-0.0062,-0.0046,-0.0041,-0.0051,-0.0058,-0.0055,-0.0017,0.0007,1e-04
2007-07-31,-0.6787,-78.4375,SO,,,,,,,,,-0.0498,-0.0492,-0.0461,-0.0376,-0.0371,-0.0366,-0.0353,-0.0329,-0.0117,-0.0003,0.0072,0.0308,0.0833,0.0935,0.0139,0.0158,0.0255,0.0164,-0.0064,-0.0103,-0.0131,-0.0151
2007-09-17,-0.6762,-78.4396,E,,,,,,,,,,,,,,,,,,,,,,-0.0105,,,,,0.0206,0.0152,0.0158,0.0305
2007-09-17,-0.6745,-78.438,E,,,,,,,,,,,,,,,,,,,,,,,,,0.0174,,,,,
2007-09-17,-0.6727,-78.4364,E,,-0.143,-0.1221,-0.0561,0.0158,0.0325,0.0346,0.0277,0.028,0.0138,0.0211,0.0214,0.022,0.0276,0.0156,-0.0171,-0.0215,-0.0068,-0.0456,-0.0375,-0.0336,,0.0103,0.0184,,0.0173,,,,
2007-09-17,-0.6727,-78.4364,N,,0.0153,0.0101,0.0091,0.009,0.0088,0.0074,0.0065,0.0063,0.0053,0.0025,0.0019,-0.0011,-0.002,-0.0019,0.001,0.002,0.0023,1e-04,0.0,-0.0012,-0.0014,-0.0005,-0.0017,-0.0,-0.001,-0.003,-1e-04,-0.0057,-0.0059
2007-09-17,-0.6727,-78.4364,NE,0.0699,0.0602,0.0611,0.0444,0.0428,0.0279,0.0245,0.0181,0.0147,0.0132,0.0047,-0.0003,-0.0112,-0.0154,-0.0217,-0.0275,-0.014,-0.0266,-0.0165,-0.019,-0.0146,-0.0104,0.0258,0.0269,0.0314,-0.0161,0.0045,-0.0026,0.0095,-0.0142
2007-09-17,-0.6727,-78.4364,NO,0.0297,,0.0082,,,,,0.0047,0.0016,1e-04,-0.0011,-0.0011,-0.0007,-0.0038,-0.0038,-0.0021,-0.0016,0.001,0.0056,0.0064,0.0055,0.0054,0.0046,0.0015,-0.0014,-0.0017,-0.0022,1e-04,-0.0003,0.0021
2007-09-17,-0.6762,-78.4396,O,,,,,,,,,,,,,,,,,,,,,,,,,,,,,0.0189,0.0068
2007-09-17,-0.6727,-78.4364,O,,,,,,0.0099,0.0057,0.0037,0.0037,-0.0004,0.0018,0.0019,-0.0023,-0.0022,0.0021,-0.002,-0.002,-0.0019,-0.0019,0.0003,0.0045,-0.0017,0.0232,0.0395,0.0216,-0.0098,-0.0098,-0.0098,,
2007-09-17,-0.6762,-78.4396,S,,,,0.0095,0.0043,0.0036,0.0028,0.0009,-1e-04,-0.0009,-0.0018,0.0002,-0.0036,-0.0039,0.0011,0.0031,0.0025,0.0016,-0.0027,-0.0021,-0.0003,0.0011,0.001,-0.0003,-0.001,-0.0022,-0.0027,-0.0058,-0.0044,-0.0033
2007-09-17,-0.6745,-78.438,S,,0.0229,0.0164,,,,,,,,,,,,,,,,,,,,,,,,,,,
2007-09-17,-0.6762,-78.4396,SE,,,,0.0458,,,,,0.0242,,,,,,,,,,,,,,,,,,,,,
2007-09-17,-0.6745,-78.438,SE,0.0405,0.0396,,,0.0314,0.039,0.034,,,0.0137,0.0147,,,,,,,,,,,,,,,,,,,
2007-09-17,-0.6727,-78.4364,SE,,,0.0076,,,,,0.0255,,,,0.0078,0.0014,-0.0028,-0.0224,-0.0139,-0.0179,-0.0198,-0.0089,-0.0129,-0.0081,-0.0079,-0.0089,0.0207,0.0135,0.0235,0.021,0.0183,0.0169,0.0186
2007-09-17,-0.6762,-78.4396,SO,,0.0052,0.001,-0.0031,-0.0086,,,,,,,,,,,,,,,,,,-0.0043,-0.0045,-0.0043,-0.0035,0.0008,0.0013,0.0049,0.003
2007-09-17,-0.6745,-78.438,SO,0.027,,,,,,,,,,,,,,,,,,,,,-0.0042,,,,,,,,
2007-09-17,-0.6727,-78.4364,SO,,,,,,0.0155,0.0117,0.0116,0.0099,0.004,0.0043,0.0002,0.0004,-0.0002,0.001,-0.003,-0.0027,-0.0029,-0.0032,-0.0033,-0.0038,,,,,,,,,
2007-12-06,-0.6733,-78.4369,E,,0.1367,0.1188,0.1006,0.1045,0.105,0.0866,0.0857,,,,0.0847,0.05,0.0328,0.0218,0.013,0.0089,-0.0008,-0.0095,-0.0141,-0.0126,-0.0292,-0.0344,-0.0355,-0.0463,-0.044,0.017,0.037,0.0581,0.0632
2007-12-06,-0.6733,-78.4369,N,,0.0119,0.008,0.0024,-0.0018,-0.0028,-0.0043,-0.0023,0.001,0.0026,0.0004,-0.0058,-0.0061,-0.0087,-0.012,-0.0109,-0.0075,-0.0037,-0.0004,0.0028,0.0035,0.0061,0.0056,0.0022,0.0013,0.0043,0.0036,0.0048,0.0061,0.0058
2007-12-06,-0.6733,-78.4369,NE,0.04,0.0314,0.0293,0.0131,0.0144,0.01,0.0053,0.0011,-0.0017,0.0038,0.0014,-0.0005,0.0086,-0.0105,-0.0105,-0.0067,-0.0082,-0.0108,-0.0113,-0.0109,-0.0078,-0.0066,-0.0067,-0.0012,0.0047,-0.0063,0.0015,0.0007,0.0084,-0.0033
2007-12-06,-0.6733,-78.4369,NO,0.0203,0.0029,0.0007,-0.0036,-0.0059,-0.0038,-0.0013,-0.0053,-0.0051,-0.0048,-0.0043,-0.0043,-0.0044,-0.0051,-0.0083,-0.008,-0.004,-0.0004,0.001,0.0013,0.0036,0.0014,0.0019,0.0016,0.0052,0.0053,0.0054,0.009,0.0095,0.0115
2007-12-06,-0.6733,-78.4369,O,,0.0186,0.0122,0.0079,0.008,0.0058,0.0037,0.0038,0.0038,0.0017,0.0018,-0.0003,-0.0023,-0.0023,-0.0065,-0.0064,-0.002,-0.0018,0.0025,0.0027,0.0029,0.0115,,,,,-0.0073,-0.0073,-0.005,0.0037
2007-12-06,-0.6733,-78.4369,S,,0.0272,0.0147,0.0056,-0.0025,-0.004,0.0003,0.0021,0.0009,0.0011,0.0021,0.0015,0.0017,0.0014,-0.0011,-0.001,-0.0011,-0.0004,-0.0013,-0.0006,-0.0038,-0.0032,-0.0011,-0.0009,-0.0007,0.0008,0.002,0.0003,-0.0012,-1e-04
2007-12-06,-0.6733,-78.4369,SE,0.0415,0.035,0.028,0.0168,0.0145,0.012,0.0096,0.0026,0.003,0.0058,0.0007,-0.0002,-0.0024,-0.0013,-0.0018,0.0003,-0.0005,-0.0089,-0.0019,-0.0021,-0.0056,-0.0071,-0.0046,-0.0047,0.0013,0.0015,0.0008,-0.0023,-0.0002,0.0018
2007-12-06,-0.6733,-78.4369,SO,0.0352,0.0269,0.0162,0.0163,0.0121,0.01,0.0145,0.006,0.0105,0.0063,0.0021,0.0064,0.0024,-0.0018,-0.0017,0.0003,-0.0014,-0.0022,-0.0023,-0.0023,-0.0023,-0.0024,-0.0025,-0.0025,-0.0026,-0.0026,-0.0027,-0.0027,-0.0021,-0.0022
2009-03-14,-0.6787,-78.4386,E,,0.0031,-0.0011,-0.0011,0.0009,-0.0013,-0.0034,0.0007,0.0028,,,,,,,,,,,,,,,,,,,,,
2009-03-14,-0.6787,-78.4386,N,0.0597,0.0556,0.0556,,,,,,,,,,,,,,,,,,,,,,,,,,,
2009-03-14,-0.6787,-78.4386,NE,0.0581,0.049,0.0394,0.034,0.0302,0.0222,0.0139,,0.0083,0.0095,,,,,,,,,,,,,,,,,,,,
2009-03-14,-0.6787,-78.4386,NO,,0.0517,0.0496,0.027,,,,,,,,,,,,,,,,,,,,,,,,,,
2009-03-14,-0.6787,-78.4386,O,,,-0.2164,-0.2544,-0.2753,,-0.2874,-0.299,-0.3111,-0.2993,-0.2686,,,,,0.0665,-0.0003,0.0808,0.0686,0.0687,0.0286,0.0145,0.0148,-0.0048,-0.0306,-0.0457,0.0012,-0.0004,-0.0152,0.1096
2009-03-14,-0.6787,-78.4386,S,0.0666,,,,,0.0096,0.004,0.0033,0.0028,0.0028,0.0016,0.0005,0.0019,0.0027,0.0052,0.0041,0.0024,-0.0015,-0.0039,-0.0013,-0.0004,-0.0031,-0.0049,-0.0058,-0.0024,-0.0032,-0.0005,0.003,0.0022,0.005
2009-03-14,-0.6787,-78.4386,SE,,,,,,,,,,,,,,,,,-0.0012,-0.0027,-0.0019,0.0027,0.0022,-0.0025,-0.0043,-0.0023,0.0003,0.0022,0.0038,0.0009,0.0016,-0.0042
2009-03-14,-0.6787,-78.4386,SO,,0.0278,-0.0089,-0.0201,-0.0268,-0.027,-0.0273,-0.0272,-0.0274,-0.0276,-0.0275,-0.0263,-0.0282,-0.0167,-0.0108,-0.0243,-0.0057,-0.0186,0.0182,0.0361,0.0167,0.0135,0.0076,0.0052,0.0026,-0.0067,-0.0063,-0.0103,-0.0102,-0.0045
2009-09-06,-0.6784,-78.438,E,,0.0671,0.055,0.0437,0.0376,0.0314,0.0268,0.0253,0.0225,0.0223,0.0131,0.0084,0.0039,0.0025,0.0024,0.0005,-0.0029,-0.0036,-0.0056,-0.0083,-0.009,-0.0117,-0.0126,-0.0159,-0.015,-0.0166,-0.0123,-0.0121,-0.0161,-0.0099
2009-09-06,-0.6784,-78.438,N,0.124,0.1183,,0.0468,0.0245,,,,,,,,,,,0.0025,,0.0017,0.0014,0.0014,0.0015,0.0009,0.0003,0.0,-0.0006,0.0004,0.0014,0.0002,0.0027,0.0031
2009-09-06,-0.6784,-78.438,NE,0.101,0.0911,0.0536,0.0353,0.0209,0.0213,0.0203,0.0174,0.0132,,-0.0008,-1e-04,1e-04,0.0014,0.0014,0.0009,-1e-04,-0.0009,-0.0009,0.0012,1e-04,-0.0,-0.0029,-0.0012,-0.0018,-0.0007,-0.0002,-0.0016,-0.002,-0.002
2009-09-06,-0.6784,-78.438,O,,,,,,-0.1716,,,,,,-0.0219,1e-04,0.0312,,0.0058,0.0448,-0.0073,-0.0084,-0.0063,-0.0205,,,,,,,,,
2009-09-06,-0.6784,-78.438,S,0.1121,0.0987,0.044,0.0409,0.0317,0.025,0.0169,0.0077,0.0052,0.0069,0.0053,0.0058,0.0056,0.0037,0.005,0.0046,0.0014,0.0028,1e-04,-0.0017,0.0013,0.0045,0.0006,-0.0034,-0.0064,-0.0069,0.0004,1e-04,-0.0055,-0.0046
2009-09-06,-0.6784,-78.438,SE,0.0719,0.0556,0.0379,0.0304,0.0295,0.0264,0.0207,0.0167,0.0141,0.0098,0.0049,0.0002,-0.0012,-0.0029,-0.0037,-0.0039,-0.0044,-0.0038,-0.0048,-0.0053,-0.0035,-0.0026,-0.0039,-0.0041,0.0,-0.0007,0.0018,0.0029,0.0035,0.0062
2009-09-06,-0.6784,-78.438,SO,,,,,,-0.0179,-0.0161,-0.0164,-0.0156,-0.0146,-0.0145,-0.0115,-0.0117,-0.0099,-0.0105,0.0024,0.0177,-0.0039,0.0527,0.0201,-0.0107,-0.011,-0.0114,-0.0097,-0.0049,-0.0019,0.0008,0.0043,0.0025,0.0023
2010-07-23,-0.6787,-78.4388,E,,0.0453,0.0357,0.0316,0.0332,0.0264,0.021,0.0172,0.019,0.0201,0.0115,0.008,0.0023,0.0007,-0.0037,-0.004,-0.0063,-0.0048,-0.0049,-0.0062,-0.0078,-0.0094,-0.0099,-0.0114,-0.0125,-0.0103,-0.0035,-0.002,0.0021,0.0042
2010-07-23,-0.6787,-78.4388,N,,,,,,,,,,,,,,-0.0006,-0.0032,-0.0044,-0.0017,-0.0008,0.0021,0.0005,-0.0003,1e-04,0.0,-0.0004,-0.0005,0.0004,0.002,0.0029,0.0044,0.0069
2010-07-23,-0.6787,-78.4388,NE,0.0372,,,,,,,,0.0136,0.0178,0.0138,0.0139,0.0098,0.0099,0.0016,0.0016,0.0016,0.0018,-0.0025,-0.0004,-0.0024,-0.0023,-0.0024,-0.0065,-0.0066,-0.0065,-0.0064,-0.0105,-0.0105,-0.0022
2010-07-23,-0.6787,-78.4388,O,,,,,,,,,,,,,,,-0.0629,-0.0236,-0.0002,0.0211,0.0408,0.0559,0.023,0.0027,-0.0071,-0.0228,-0.0458,-0.0315,-0.0214,-0.0197,-0.0207,-0.0464
2010-07-23,-0.6787,-78.4388,S,0.0684,,0.0247,0.0123,0.0061,0.0039,0.0018,-0.0004,-0.0005,-0.0005,0.0015,0.0056,0.0055,0.0033,0.0032,0.0031,0.0032,0.0052,0.0029,0.0029,-0.0012,-0.0014,-0.0014,-0.0015,-0.0016,-0.0017,-0.0016,-0.0018,-0.0018,0.0022
2010-07-23,-0.6787,-78.4388,SE,0.0512,0.0471,0.0387,0.0308,0.0223,0.0166,0.0122,0.0072,0.0029,0.0016,0.0008,-0.0005,0.0017,-0.0011,-0.0,-0.0002,-0.0021,-0.0029,-0.0034,-0.0019,-0.0043,-0.0024,-0.0042,-0.0017,1e-04,-0.0,0.001,-0.0002,0.0031,0.0041
2010-07-23,-0.6787,-78.4388,SO,,,,-0.0156,-0.0144,,,,,,,,,,,0.0092,0.0133,-0.013,-0.0126,-0.012,-0.0105,-0.0089,-0.0079,-0.0071,-0.0063,-0.0052,-0.003,0.0053,0.0035,0.0074
2010-09-09,-0.6727,-78.4367,E,,-0.1178,-0.0867,-0.0473,0.0236,0.0299,0.0337,0.0109,0.0191,0.0191,0.0218,0.022,0.0164,0.0216,0.0217,0.0142,0.0072,-0.0315,-0.0351,,,0.0577,0.0152,-0.0035,0.0002,-0.0031,0.0095,0.0092,0.0173,0.0004
2010-09-09,-0.6727,-78.4367,N,,0.0228,0.0221,0.0124,0.009,0.006,0.0043,0.0028,0.0012,0.0023,0.0009,-0.0005,-0.0062,-0.0096,-0.0074,-0.0031,-0.0005,0.0,0.0008,0.0013,0.0032,0.0026,0.0035,0.0036,0.0046,0.0022,-0.0003,-0.0019,-0.0034,-0.0036
2010-09-09,-0.6727,-78.4367,NE,0.1123,0.095,0.103,0.0875,0.0834,0.0704,0.039,0.0277,0.0225,0.0148,-0.0008,-0.0017,-0.0161,-0.0198,-0.03,-0.042,-0.0507,-0.0472,-0.0071,-0.0152,-0.0015,0.0154,0.0358,0.0449,0.0457,-0.0033,0.0085,0.0263,0.0488,0.056
2010-09-09,-0.6727,-78.4367,NO,0.0369,,0.0206,0.0159,0.0099,0.0099,0.0059,0.0079,0.008,0.0038,0.003,-0.0005,-0.0032,-0.0064,-0.0064,-0.007,-0.0065,-0.0045,0.0008,0.0026,0.0019,0.0003,-0.0003,0.0022,0.0015,0.0007,0.0016,0.0034,0.0061,0.0081
2010-09-09,-0.6727,-78.4367,O,,0.0305,0.0191,0.0091,0.0051,0.0059,0.0054,0.005,0.0073,0.0067,0.0027,-0.0049,-0.0082,,,-0.007,-0.0108,-0.011,-0.0071,-0.0039,0.0062,0.0163,0.0221,0.015,-0.0106,-0.0124,-0.0115,-0.0118,-0.0117,-0.0118
2010-09-09,-0.6727,-78.4367,S,,0.0505,0.0216,0.0139,0.008,0.0043,0.0049,0.0025,0.0063,0.0119,0.0123,0.0097,0.0018,-0.0044,0.0014,-0.0018,0.0016,0.0005,1e-04,0.0021,-0.0002,-0.001,-0.0045,-0.008,-0.0095,-0.0106,-0.0156,-0.0252,-0.023,-0.0256
2010-09-09,-0.6727,-78.4367,SE,0.0459,0.0591,0.0286,0.0365,0.0325,0.021,0.0061,-0.0005,-0.0018,-0.0139,-0.0173,-0.0202,-0.0279,-0.0261,-0.0398,-0.0276,-0.0335,-0.031,-0.0188,0.032,0.0485,0.0297,0.027,0.0316,0.03,0.0215,0.0076,0.0068,0.006,0.0005
2010-09-09,-0.6727,-78.4367,SO,0.0637,0.0572,0.0423,0.0329,0.0251,0.0154,0.0198,0.0142,0.0119,0.0096,0.01,0.0076,0.0036,0.0033,-0.0008,-0.001,-0.0004,0.0038,-1e-04,-0.0021,-0.0021,-0.0026,-0.0025,-0.0032,-0.0028,-0.0035,-0.0039,-0.0041,-0.0039,-0.0048
2011-01-15,-0.6784,-78.4318,E,,0.0237,0.0175,0.0171,0.0125,0.0134,,,,,0.0083,0.01,0.0051,0.0082,0.0089,0.0124,0.01,0.0058,-0.0006,-0.0034,0.0038,-0.0038,0.0013,-0.0042,-0.0029,0.0028,0.0019,0.0044,0.0051,0.0041
2011-01-15,-0.6784,-78.4318,N,0.0015,0.005,0.0084,0.0123,0.009,0.0041,-0.0037,-0.0083,-0.0057,-0.0073,-0.0062,-0.0042,-0.003,0.0003,0.0086,0.0121,0.0113,0.0106,0.0059,0.0085,0.0079,0.0063,0.0046,0.0046,-0.0,-0.0004,-0.0045,0.003,-0.0003,0.0024
2011-01-15,-0.6784,-78.4318,NE,0.0084,0.0123,0.0076,0.0116,0.0087,0.0095,0.0114,0.0153,0.0176,0.0181,,-0.006,-0.0073,-0.0055,-0.0041,-0.0014,-0.0044,-0.0004,-0.0011,-0.0016,-0.002,-0.0011,-0.0004,-0.0018,0.0019,-0.002,0.0006,0.0041,0.0041,0.0062
2011-01-15,-0.6784,-78.4318,NO,,-0.0063,-0.0049,-0.0062,-0.0104,-0.0115,-0.0136,-0.0138,-0.0098,-0.006,-0.0027,0.0016,0.0032,0.003,0.004,0.0019,-0.0034,-0.0004,-0.0003,0.0014,0.0007,0.0008,0.0008,-0.0006,0.001,0.0005,0.0008,0.0009,-0.0007,-0.0008
2011-01-15,-0.6784,-78.4318,O,,-0.0261,-0.0293,-0.0316,-0.0357,-0.0368,,,,,,,,,,,,0.0035,1e-04,0.0011,0.0046,-0.0106,-0.0085,0.004,0.0017,,,,-0.0014,0.0047
2011-01-15,-0.6784,-78.4318,S,0.0299,0.0219,0.0094,0.0055,-0.005,-0.0025,0.001,0.0017,0.0012,-0.0012,-0.0064,-0.0067,-0.0073,-0.0073,-0.0073,-0.0071,0.0014,0.0037,-0.0005,-0.0043,-0.0035,-0.0057,-0.0033,-0.0023,0.0009,0.005,0.0058,0.0032,-0.0022,-0.004
2011-01-15,-0.6784,-78.4318,SE,0.0265,0.0189,0.0098,0.0018,-0.0006,0.0012,0.004,0.0051,0.0056,0.0036,0.0008,-0.0029,-0.0077,-0.0084,-0.0089,-0.0135,-0.0148,-0.0122,-0.0117,-0.0092,-0.0072,-0.0081,-0.0033,-0.0011,0.005,0.0125,0.0133,0.0096,0.0085,0.0047
2011-01-15,-0.6784,-78.4318,SO,,0.1023,0.0883,0.078,0.0604,0.0517,0.0383,0.0222,0.007,-0.0262,,,,,,,,,,,,,,,,,,,,
2011-06-08,-0.6789,-78.4361,E,,0.0221,0.0143,0.0076,0.0079,0.0076,0.0085,0.0056,0.0019,-0.0007,-0.0017,-0.0024,-0.0005,0.0011,0.0023,0.0035,0.0013,-0.0011,-0.0011,-0.001,-0.0016,-0.002,-0.0005,-0.0043,-0.0061,-0.0069,-0.0044,-0.0054,-0.0042,-0.0067
2011-06-08,-0.6789,-78.4361,N,0.0581,0.0309,0.0131,0.0072,0.0026,0.0022,0.0024,0.0023,0.0025,0.0021,-0.0005,-0.0006,-0.0021,-0.0033,-0.0035,-0.003,0.0011,0.0031,0.0013,-0.0009,-0.0015,-0.0022,0.0015,0.0017,0.0021,-0.0003,-0.0005,-0.0005,-0.0014,-0.0021
2011-06-08,-0.6789,-78.4361,NE,0.0301,0.0144,0.0062,0.0056,0.0016,-0.0025,0.0013,0.0017,0.0015,0.0011,-0.0031,0.0005,0.0004,1e-04,0.0007,-0.0004,1e-04,-0.0007,-0.0042,-0.0014,-0.001,-0.0011,0.0018,0.0018,0.0016,0.0014,0.0012,0.0011,0.0011,0.0008
2011-06-08,-0.6789,-78.4361,NO,,,,,,,,,,,,,,,,,,,,,,,,,0.0062,0.0016,0.003,-0.0004,-0.0014,-0.0039
2011-06-08,-0.6789,-78.4361,O,,,,,,,,,,,,,,,,-0.0317,-0.009,-0.0403,-0.0316,-0.0156,,,,0.04,-0.0432,-0.0342,0.0091,0.0267,-0.0428,-0.1122
2011-06-08,-0.6789,-78.4361,S,0.1098,0.106,0.0899,0.0938,0.0896,0.0934,0.0853,0.0776,0.0701,0.0602,0.0403,0.0368,0.0313,0.0148,0.0024,0.0012,-0.0036,-0.0068,-0.0049,-0.0078,-0.0074,-0.0057,-0.002,-0.0064,-0.0044,-0.0079,-0.0041,-0.0108,-0.0116,-0.0122
2011-06-08,-0.6789,-78.4361,SE,0.06,0.0682,0.0481,0.0454,0.0266,0.019,0.0192,0.0245,0.0221,0.0201,0.0162,0.0148,0.0146,0.0128,0.0135,0.0135,0.0089,0.0089,0.006,0.0062,0.0029,0.002,-0.0006,-0.0019,0.0023,0.0069,0.0053,0.0041,-0.0006,-0.0008
2011-06-08,-0.6789,-78.4361,SO,,,,,,,,,,,,,-0.0993,-0.1067,-0.1051,-0.0891,-0.0913,-0.0843,-0.0726,-0.0637,-0.0434,-0.0432,-0.0299,-0.0132,-0.0,0.0049,0.0131,0.02,-0.0117,-0.0022
2012-12-03,-0.6727,-78.4367,E,,0.0142,,0.0495,0.0735,0.0913,,,,,,,,,,0.0198,0.0028,,,,,,,,,,,,,-0.0915
2012-12-03,-0.6727,-78.4367,N,,0.0144,0.0103,0.0125,0.0081,0.0084,0.0045,0.0015,0.0004,,-0.0072,-0.0157,-0.02,-0.0203,-0.0136,-0.0071,-0.0005,0.0037,0.0062,0.0091,0.0048,0.0032,0.0032,0.0043,0.0033,0.0033,,,,
2012-12-03,-0.6727,-78.4367,NE,0.0715,0.0595,,,,,,,,,,,,,,,,,,,,,,,,,,,,
2012-12-03,-0.6727,-78.4367,NO,0.0715,,0.0614,0.0574,,,,,,,,,,,,,,,,,,,,,,,,,,
2012-12-03,-0.6727,-78.4367,O,,0.0714,0.0654,0.0614,,,,,,,,,,,,,,,,,,,,,,,,,,
2012-12-03,-0.6727,-78.4367,S,,0.0584,0.0391,0.0281,0.0149,0.0081,0.008,0.0079,0.0139,0.0164,0.0139,0.0127,0.0039,0.0016,0.0022,0.0016,0.0013,-0.0,-0.0029,-0.0054,-0.0064,-0.0071,-0.0073,-0.0084,-0.0062,-0.0051,-0.0018,-0.0019,-0.0049,-0.0062
2012-12-03,-0.6727,-78.4367,SE,0.0524,0.0511,0.0351,0.0372,0.0297,0.0271,0.0179,0.0101,0.0076,0.0042,0.0003,-0.001,-0.0081,-0.0134,-0.0127,-0.0108,-0.0089,-0.0007,0.0013,0.0005,-0.0007,0.0019,,,,,,0.0127,,
2012-12-03,-0.6727,-78.4367,SO,0.0712,0.061,0.0578,,,,,,,,,,,,,,,,,,-0.0038,-0.0026,-0.0032,-0.0006,-0.0005,-0.0005,0.0008,0.0008,-0.0003,-0.0003
2013-04-26,-0.6787,-78.4372,E,,,,,,,,,,,,,,,,,,,,,-0.017,,-0.026,,,,,,,
2013-04-26,-0.6787,-78.4371,E,,0.086,0.0684,0.0596,0.0485,0.0426,0.0372,0.0345,0.0282,0.023,0.0163,0.012,0.0047,0.0031,-0.0018,-0.0098,-0.0123,-0.0141,-0.0161,-0.0109,,-0.0216,,-0.029,,-0.0285,,-0.0422,-0.0471,
2013-04-26,-0.6787,-78.4369,E,,,,,,,,,,,,,,,,,,,,,,,,,0.0023,,-0.0348,,,-0.054
2013-04-26,-0.6787,-78.4371,N,,,,,0.0285,0.0038,-0.001,-0.0029,-0.0015,-0.0011,,,0.0038,0.0036,0.0024,0.0025,-0.0004,-0.0032,-0.0036,-0.0012,0.0006,0.001,0.0031,0.0022,0.001,-1e-04,,,-0.0002,0.001
2013-04-26,-0.6787,-78.4369,N,,,0.0478,0.0609,,,,,,,1e-04,0.0033,,,,,,,,,,,,,,,-0.0022,-0.002,,
2013-04-26,-0.6787,-78.4372,NE,,,,,,,,,,,,,,,,,,,,,,,-0.0039,-0.0045,,,,,,
2013-04-26,-0.6787,-78.4371,NE,,0.0574,0.0246,0.0136,0.0074,0.0072,0.007,0.0048,0.0052,0.0039,0.0053,0.0045,0.0039,0.0,-0.0032,-0.0051,-0.0034,-0.0048,-0.0035,-0.0015,-0.0004,0.0002,,,-0.0003,,0.0022,0.0037,0.0042,0.0088
2013-04-26,-0.6787,-78.4369,NE,0.0609,,,,,,,,,,,,,,,,,,,,,,,,,0.0002,,,,
2013-04-26,-0.6787,-78.4371,NO,,0.1225,,,,,,,,,,,,,,,,,,,,,,,,,,,0.0164,
2013-04-26,-0.6787,-78.4369,NO,,,,,,,,,,,,,,,,,,,,,,,,,,,,-0.0041,,
2013-04-26,-0.6787,-78.4372,O,,,,,,,,,,,,,,,,,,,,,0.0124,-0.0234,-0.021,-0.0143,0.0133,-0.0252,0.0121,0.0288,-0.0715,
2013-04-26,-0.6787,-78.4371,O,,,,,,,,,,,,,,,,,,,0.0048,0.0072,,,,,,,,,,-0.137
2013-04-26,-0.6787,-78.4372,S,,,0.1035,,,,,0.0499,,,,,,,,-0.009,-0.0079,-0.0073,-0.0068,-0.0066,-0.0061,-0.0043,-0.0028,-0.0026,,,,,,
2013-04-26,-0.6787,-78.4371,S,0.1363,,,0.0723,0.0776,0.0616,0.0569,,0.0422,0.0204,0.0148,0.0009,-0.0056,-0.009,-0.0094,,,,,,,,,,-0.0014,-0.0014,0.0023,,,
2013-04-26,-0.6787,-78.4369,S,,0.1192,,,,,,,,,,,,,,,,,,,,,,,,,,0.0015,0.0026,0.003
2013-04-26,-0.6787,-78.4372,SE,,,,0.06,,,,,,,,,,,,,,,,,,,,,,,,,,
2013-04-26,-0.6787,-78.4371,SE,,,0.0727,,0.0417,0.0235,0.0195,0.02,0.0209,0.0174,0.0162,0.01,0.012,0.0079,0.0053,0.0055,0.0017,0.0087,0.009,0.0072,-0.0028,,,,,,,,,
2013-04-26,-0.6787,-78.4369,SE,,,,,,,,,,,,,,,,,,,,,,-0.0026,-0.0094,-0.0091,-0.0044,-0.0074,-0.0077,-0.0064,-0.0059,-0.0015
2013-04-26,-0.6787,-78.4372,SO,,-0.0436,,,-0.1051,-0.1329,,,,-0.1376,,,,-0.0901,-0.0298,-0.0726,-0.0123,0.0844,-0.0034,0.0861,,,,,,,,,,
2013-04-26,-0.6787,-78.4371,SO,,,-0.0611,,,,-0.1415,-0.1411,-0.1402,,-0.1396,-0.1353,-0.1246,,,,,,,,,0.0716,,,,,,0.0043,,
2013-04-26,-0.6787,-78.4369,SO,,,,,,,,,,,,,,,,,,,,,0.0874,,0.0731,0.0095,0.0143,0.002,-0.0033,,-0.0048,0.0188
2013-12-06,-0.6727,-78.4367,E,,0.0352,0.0391,0.0109,0.0557,0.0688,0.0726,0.0675,0.0471,0.0315,0.0399,0.0231,-0.0051,-0.078,,,0.0203,-0.0028,0.0175,0.0015,-0.0292,0.0217,0.0009,0.0029,0.0051,0.0121,0.0165,0.0223,0.0289,0.0129
2013-12-06,-0.6727,-78.4367,N,,0.0196,0.0173,0.0103,0.006,0.0047,0.0017,0.0034,0.0039,0.0009,-0.001,-0.0045,-0.0065,-0.0093,-0.0102,-0.0045,-0.0013,0.0022,0.0017,0.0046,0.0027,0.0036,0.004,0.0032,0.0041,0.0058,0.0068,,,
2013-12-06,-0.6727,-78.4367,NE,0.1263,0.0846,0.0944,0.0669,0.0598,0.0517,0.0336,0.026,0.0264,0.022,0.011,0.0131,-0.0029,-0.0071,-0.0104,-0.0127,-0.0175,-0.0177,-0.0194,-0.0304,-0.0366,-0.0404,-0.0329,-0.0381,-0.0341,-0.0132,0.039,0.045,0.0472,0.0557
2013-12-06,-0.6727,-78.4367,NO,0.0523,,0.0138,0.0067,0.0067,0.006,0.002,-0.0009,-0.0004,-0.0045,-0.0018,-0.0041,-0.004,-0.0052,-0.0084,-0.0087,-0.002,0.0024,0.0071,0.0078,0.0075,0.0058,0.0053,0.0065,0.0053,0.0061,0.0002,0.0005,0.0005,0.0006
2013-12-06,-0.6727,-78.4367,O,,0.0373,0.0187,0.0082,0.0044,0.0021,0.0007,0.003,0.0036,0.0023,0.0016,0.0026,0.0037,0.0023,-0.001,-0.0051,-0.0067,-0.0063,,-0.0006,-0.0054,-0.0048,-0.0045,-0.0003,,-0.004,0.0038,0.0045,0.0041,0.004
2013-12-06,-0.6727,-78.4367,S,,,0.0429,0.021,0.0045,-0.003,-0.004,-0.0019,0.0013,0.004,0.002,0.0024,0.0007,0.0005,-0.0012,-0.0034,-0.0033,-0.0041,-0.0033,-0.0014,-0.0049,-0.0059,-0.007,-0.0036,0.0004,0.0022,-0.0005,-0.0015,-0.0006,-0.0004
2013-12-06,-0.6727,-78.4367,SE,0.1394,,0.0743,0.06,0.0529,0.0432,0.0292,0.0295,0.0261,0.0199,0.0112,0.0114,0.0028,0.0006,-0.0079,-0.0088,-0.0141,-0.0125,-0.009,-0.0087,-0.0108,-0.0205,-0.0158,-0.0229,-0.0234,-0.0216,-0.019,0.0287,0.0453,0.0452
2013-12-06,-0.6727,-78.4367,SO,0.1021,,0.033,0.0206,0.013,0.0073,0.0077,0.0044,0.007,0.0077,0.0061,0.0063,0.0028,0.0014,0.0044,0.0033,0.0032,-0.0016,-0.0042,-0.0048,-0.0056,-0.0058,-0.0009,-0.0014,-0.0017,-0.0031,-0.0019,-0.0018,-0.0026,-0.0028
2014-03-28,-0.6789,-78.4367,E,,,-0.0009,-0.0029,-0.0029,-0.0044,-0.0054,-0.0035,-0.003,-0.0012,0.0014,0.0021,0.0028,0.0051,0.0024,-0.0018,-0.0045,-0.0012,-0.006,-0.0054,-0.009,-0.0083,-0.0051,,,,,,,
2014-03-28,-0.6771,-78.4344,E,,0.0066,,,,,,,,,,,,,,,,,,,,,,,,,,,,
2014-03-28,-0.6789,-78.4367,N,0.0317,,,,,,,0.0019,0.0007,0.0013,0.0016,-0.0024,-0.0026,-0.0024,0.0014,-0.0025,-0.0007,0.0012,0.0012,0.0009,0.0011,0.0011,0.0006,0.0005,0.0005,0.0003,0.0002,0.0009,-1e-04,-0.0003
2014-03-28,-0.6771,-78.4344,N,,0.0101,0.0022,,-0.0022,-0.0028,-0.0019,,,,,,,,,,,,,,,,,,,,,,,
2014-03-28,-0.6752,-78.4321,N,,,,-0.001,,,,,,,,,,,,,,,,,,,,,,,,,,
2014-03-28,-0.6789,-78.4367,NE,,,,0.0028,0.0009,0.003,0.003,-0.0011,-0.0031,-0.0006,-0.0003,-0.0004,-0.0,-0.0,-0.0003,-0.0025,-0.0023,-0.0025,0.0007,0.0008,0.0021,0.0039,0.0022,0.0047,0.0023,0.0033,-0.0004,-0.0002,0.0023,0.0004
2014-03-28,-0.6771,-78.4344,NE,0.0157,0.0116,0.0076,,,,,,,,,,,,,,,,,,,,,,,,,,,
2014-03-28,-0.6789,-78.4367,NO,,,,,,,,,,,,,,,,,,,,,,,,,,,,0.0016,-0.001,-0.0006
2014-03-28,-0.6752,-78.4321,NO,0.0174,0.0174,0.0173,,,,,,,,,,,,,,,,,,,,,,,,,,,
2014-03-28,-0.6789,-78.4367,O,,,,,,,,,,,,,,,,,0.0096,0.0137,-0.0286,-0.0341,,0.067,,0.0067,-0.013,-0.0119,0.0053,-0.0078,-0.0629,-0.0847
2014-03-28,-0.6752,-78.4321,O,,0.0174,,,,,,,,,,,,,,,,,,,,,,,,,,,,
2014-03-28,-0.6789,-78.4367,S,0.0509,,,,,0.0161,0.0096,0.0072,0.0049,0.0049,0.0041,0.0042,0.0,-0.0028,-0.0048,-0.0055,-0.0055,-0.0054,-0.0027,-0.0029,-0.0025,-0.003,0.004,-0.0,0.0,-0.0029,-0.0009,0.0007,-0.0015,-0.0019
2014-03-28,-0.6771,-78.4344,S,,0.0281,0.0154,,0.019,,,,,,,,,,,,,,,,,,,,,,,,,
2014-03-28,-0.6752,-78.4321,S,,,,0.0097,,,,,,,,,,,,,,,,,,,,,,,,,,
2014-03-28,-0.6789,-78.4367,SE,,,0.0155,0.0154,0.0153,0.0195,0.0111,0.0069,0.0067,0.0068,0.0066,0.0068,0.0066,0.0066,0.0024,0.0044,1e-04,0.0021,-0.0021,0.0021,-0.0043,-0.0067,-0.0022,-0.0045,-0.0067,-0.0024,-0.0024,-0.0025,0.0017,0.0017
2014-03-28,-0.6771,-78.4344,SE,0.0227,0.0206,,,,,,,,,,,,,,,,,,,,,,,,,,,,
2014-03-28,-0.6789,-78.4367,SO,,,,,,,-0.1057,-0.1088,-0.1072,,,-0.1124,-0.1066,-0.0988,-0.0993,-0.08,-0.0738,-0.0551,-0.0448,-0.0394,-0.0326,-0.0163,-0.0026,0.0146,0.0155,0.0034,0.0046,-0.0022,0.0003,0.019
2014-03-28,-0.6752,-78.4321,SO,0.0174,0.0131,0.0131,,,,,,,,,,,,,,,,,,,,,,,,,,,
2014-06-16,-0.673,-78.4369,E,,,,,,,,,,,,,,,,,,,,,,,,,,-0.0042,0.0078,-0.0122,-0.0106,-0.0057
2014-06-16,-0.673,-78.4369,N,,0.0235,0.0138,0.0066,0.0043,0.0069,0.0052,,,0.001,-0.0034,0.0052,0.0062,0.0033,0.0026,0.004,0.0043,-0.0014,-0.0066,,,,,,,,,,,
2014-06-16,-0.673,-78.4369,NE,,0.0058,0.0134,0.0052,0.0148,0.0067,0.0006,-0.0035,-0.0036,-0.0038,-1e-04,0.0037,,,,,,,,,,,,,,,,,,
2014-06-16,-0.673,-78.4369,NO,0.0252,0.0092,0.0046,0.0046,0.0054,0.0058,0.0007,0.0026,0.0023,0.0056,0.0028,0.0025,0.0014,-0.0008,-0.0007,-0.0035,-0.0003,0.0002,-0.0004,-0.0032,0.0019,0.0005,-0.0013,0.0008,0.0022,-0.0014,-0.0006,0.0006,0.0004,1e-04
2014-06-16,-0.673,-78.4369,O,,-0.0055,-0.0152,-0.0125,-0.0091,-0.006,-0.0015,-0.0012,-0.0019,-0.0005,0.004,0.0,0.0008,0.0017,-0.0107,-0.0106,,0.0015,-0.0007,0.0062,0.0047,0.0061,0.0094,-0.0039,-0.0056,-0.0053,-0.0064,-0.0067,-0.0053,-0.004
2014-06-16,-0.673,-78.4369,S,,,,0.0081,,,,,,0.0095,0.0035,0.0019,,,-0.0011,,-0.0006,,,0.0141,0.0129,0.0026,0.0024,0.0021,-0.0062,0.0013,-0.0014,-0.0059,-0.0065,-0.0071
2014-06-16,-0.673,-78.4369,SE,,,,,,,,,,,,,,,,,,,,,,,,,,,,-0.002,0.0009,0.0061
2014-06-16,-0.673,-78.4369,SO,0.0344,0.0152,0.0077,0.0063,0.0077,0.0069,0.0071,0.0051,0.0038,0.0023,0.0033,0.0048,0.0062,0.004,0.0006,-0.0027,-0.0031,-0.0091,-0.0094,-0.0027,-0.0029,-0.0028,-0.0025,-0.0056,-0.0036,-0.0017,0.0024,1e-04,0.0003,0.0007
2014-07-26,-0.6727,-78.4367,E,,-0.0023,0.0055,0.0071,0.0227,0.0352,0.0393,0.0268,0.028,0.0153,0.0108,0.0059,0.0045,0.0033,0.0101,0.0036,0.0071,0.0072,0.0146,0.022,-0.0068,-0.0037,0.0133,0.013,0.0163,0.0312,0.032,0.037,0.0344,0.0173
2014-07-26,-0.6727,-78.4367,N,,0.0397,0.0261,0.0131,0.0105,0.0056,0.0024,0.0034,0.001,0.0004,0.0016,0.0017,0.0023,0.0014,-0.0003,-0.0014,-0.0016,-0.0017,-0.0015,-0.0009,-0.0022,-0.0024,0.0007,0.0004,0.0031,0.0025,0.0023,0.0026,0.0035,0.0023
2014-07-26,-0.6727,-78.4367,NE,0.1399,0.087,0.1049,0.0746,0.0728,0.0547,0.0392,0.0257,0.0187,0.0099,0.0061,0.0072,-0.0059,-0.0118,-0.016,-0.0167,-0.0154,-0.0236,-0.0193,-0.0197,-0.0356,-0.0364,-0.0224,-0.0151,-0.0089,0.0012,0.0233,0.0376,0.0478,0.0591
2014-07-26,-0.6727,-78.4367,NO,0.0615,,0.0193,0.0099,0.0048,0.002,0.0022,0.0007,0.002,0.0016,-0.0005,-0.0016,-0.0023,-0.0035,-0.0042,-0.0069,-0.0081,-0.006,-0.0021,0.0003,0.0016,0.0046,0.0061,0.0066,0.0039,0.0029,0.0037,0.0043,0.0052,0.0057
2014-07-26,-0.6727,-78.4367,O,,0.0465,0.0285,0.0138,0.0057,0.0027,0.0013,0.0011,0.001,0.0002,0.0007,0.0012,-1e-04,0.0013,0.0014,0.0018,0.0013,0.0014,0.0027,0.0041,0.0066,0.0097,0.011,0.0081,-0.0052,-0.0086,-0.0104,-0.0107,-0.0113,-0.0102
2014-07-26,-0.6727,-78.4367,S,,0.0825,0.0378,0.0209,0.0108,0.001,-0.0036,-0.0115,-0.0155,-0.0155,-0.0171,-0.0162,-0.0218,-0.0234,-0.0087,-0.0117,-0.0076,-0.0037,-1e-04,0.0033,0.0013,0.0033,0.0035,-0.0003,-0.0037,-0.006,-0.0083,-0.0036,-0.0072,-0.0074
2014-07-26,-0.6727,-78.4367,SE,0.1213,0.1273,0.0878,0.0664,0.0485,0.0398,0.0255,0.0062,-0.0082,-0.0272,-0.0406,-0.0476,-0.0456,-0.0495,-0.0418,-0.0528,-0.0478,-0.0577,-0.0394,0.0122,0.0279,0.0343,0.0295,0.0176,0.0108,0.0067,0.0119,0.0104,0.0074,0.0037
2014-07-26,-0.6727,-78.4367,SO,0.1142,0.0874,0.0492,0.0368,0.0232,0.0145,0.0084,0.0049,0.0028,-0.0013,-0.0024,-0.0024,-0.0013,-0.0025,-0.0025,-0.0026,-0.0027,-0.0025,-0.0026,-0.0026,-0.0025,-0.0025,-0.0024,-0.0025,-0.0023,-0.0015,0.0004,-0.0007,-0.0025,-0.0026
2015-05-02,-0.6727,-78.4367,E,,0.0359,0.0659,0.0539,0.0844,0.075,0.0817,-0.004,-0.0008,,,0.0272,0.0276,0.0419,0.0312,0.018,0.0269,0.0138,0.0105,0.0094,-0.0072,0.0035,-0.0012,0.0068,0.0027,0.0163,0.0089,0.0073,0.0087,-0.0021
2015-05-02,-0.6727,-78.4367,N,,0.0223,0.0126,0.003,0.0039,0.0038,0.0027,0.0025,0.0024,0.0016,-0.0009,-0.0016,-0.0009,1e-04,0.0005,0.0021,0.0031,0.0027,0.0016,0.0013,-0.0002,0.0005,0.0,-0.0004,-0.002,-0.0033,-0.0027,-0.002,-0.0028,-0.005
2015-05-02,-0.6727,-78.4367,NE,0.1484,0.1134,0.1331,0.0924,0.0806,0.0585,0.0474,0.0293,0.0269,0.0253,0.0194,0.0227,0.0063,-0.0146,-0.0266,-0.0343,-0.0361,-0.0425,-0.0348,-0.0393,-0.0247,-0.0108,-0.0019,-0.0116,0.0174,-0.0104,0.0474,0.0417,0.0569,0.0622
2015-05-02,-0.6727,-78.4367,NO,0.0412,,0.0097,0.0068,0.0053,0.0036,0.0036,0.0035,0.0018,0.0017,0.0005,0.0,0.0032,0.0019,-1e-04,0.0006,0.0006,0.0003,-0.0016,-0.0012,-1e-04,0.0012,0.0003,1e-04,-0.0003,-0.0028,-0.0029,-0.0004,-0.0003,0.0003
2015-05-02,-0.6727,-78.4367,O,,0.0289,0.0116,0.0053,0.0008,0.002,-0.001,-0.0007,-0.0007,-0.0018,-1e-04,0.0005,0.0008,0.001,0.0006,1e-04,0.0,-0.0017,-0.0016,0.0012,0.0058,0.0047,-0.0027,0.0017,0.0017,-0.0031,-0.0031,-0.0033,-0.0032,-0.003
2015-05-02,-0.6727,-78.4367,S,,,0.0553,0.0142,0.0061,0.0048,0.0011,0.0005,0.0032,0.0045,0.0029,-0.0012,-0.003,-0.0015,0.0034,-0.0005,0.001,0.0011,0.0011,0.0015,0.0003,0.0014,0.001,-0.0018,-0.004,-0.0066,-0.0113,-0.0108,-0.0106,-0.0134
2015-05-02,-0.6727,-78.4367,SE,0.1171,0.176,0.1275,0.0803,0.0541,0.0434,0.037,0.0291,0.0189,0.0076,-0.0011,-0.0038,-0.0104,-0.0125,-0.018,-0.0104,-0.0209,-0.034,-0.0187,-0.0111,0.0066,-0.0339,-0.037,0.0136,0.0111,0.0117,0.0219,0.016,0.0241,0.0352
2015-05-02,-0.6727,-78.4367,SO,0.0665,0.0609,0.0335,0.0078,-0.0014,0.0005,0.0022,0.0037,0.0038,0.0012,0.0017,0.0021,0.0023,0.0025,0.0021,0.0021,-0.0008,-0.0011,-0.0014,-0.0012,-0.0011,-0.0018,-0.0021,-0.0023,-0.0031,-0.0031,-0.0026,-0.0002,1e-04,-0.0
2015-07-13,-0.6727,-78.4369,E,,0.0123,0.0189,0.0182,0.0289,0.0229,0.0266,0.0229,0.0168,0.0181,0.0126,0.011,0.0076,0.0103,0.0108,0.0075,0.0036,1e-04,-0.0006,-0.0011,-0.0052,-0.001,0.0027,0.0049,0.0052,0.0105,0.0123,0.0135,0.0141,0.0096
2015-07-13,-0.6727,-78.4369,N,,0.0354,0.028,0.0181,0.0153,0.009,0.0046,0.0035,0.0014,0.0005,0.0007,0.0011,0.0008,0.0004,-0.0002,-0.0007,0.0002,-0.0004,0.0003,0.0008,0.0009,0.0004,-0.0002,-1e-04,-0.0009,1e-04,-0.0011,-0.0025,-0.0038,-0.005
2015-07-13,-0.6727,-78.4369,NE,0.1144,,0.1099,0.0713,0.08,0.0573,0.038,0.0303,0.0217,0.0137,0.0056,0.0057,-0.0007,-0.0068,-0.0154,-0.0202,-0.0167,-0.0247,-0.0203,-0.022,-0.0156,-0.0076,-0.0017,0.0114,0.0119,-0.0015,0.0313,0.034,0.0389,0.0296
2015-07-13,-0.6727,-78.4369,NO,,0.0225,0.0137,0.0094,0.0056,0.0034,0.0031,0.0035,0.004,0.0033,0.0016,0.0032,0.003,0.0019,0.0016,0.0004,0.0,-1e-04,-0.0002,1e-04,0.0008,0.0008,0.0002,0.0004,-0.0003,0.0003,0.0003,0.0004,0.0007,-0.0003
2015-07-13,-0.6727,-78.4369,O,,0.0251,0.0159,0.0072,0.0015,-0.0006,-0.0006,-0.0003,-0.0002,1e-04,0.0005,0.0006,-1e-04,-1e-04,1e-04,-0.0003,-0.0004,0.0,0.001,0.0009,0.0023,0.0053,0.0085,0.0142,-0.003,-0.0078,-0.006,-0.0068,-0.0071,-0.006
2015-07-13,-0.6727,-78.4369,S,,0.0392,0.0213,0.014,0.008,0.0048,0.0067,0.0031,0.0019,0.004,0.0049,0.0034,0.0017,0.0005,0.0036,-0.0027,0.001,0.0056,0.0019,0.0017,0.0009,-0.0,-0.0032,-0.0063,-0.0104,-0.0144,-0.0185,-0.0212,-0.0186,-0.0226
2015-07-13,-0.6727,-78.4369,SE,0.0996,0.0604,0.0479,0.0357,0.0309,0.0267,0.0167,0.0077,0.0009,-0.003,-0.0117,-0.0097,-0.0218,-0.0218,-0.0308,-0.0213,-0.023,-0.0368,-0.0127,0.004,0.0018,0.0149,0.0063,0.0063,-0.0015,0.0135,0.0003,0.0093,0.0057,0.019
2015-07-13,-0.6727,-78.4369,SO,0.0787,0.0384,0.0286,0.0225,0.0154,0.013,0.0109,0.0112,0.0108,0.0096,0.0091,0.0079,0.0071,0.0061,0.0046,0.0023,-0.0011,-0.0015,-0.002,-0.002,-0.0019,-0.0026,-0.0025,-0.0028,-0.0022,-0.0027,-0.0034,-0.0032,-0.0028,-0.0024
2015-09-15,-0.6781,-78.4383,E,,0.1912,0.1762,0.1565,0.1345,0.1084,0.0675,0.05,0.0349,0.0233,0.0132,0.0104,0.0029,-0.0029,-0.0068,-0.0122,-0.0165,-0.0175,-0.0206,-0.0272,-0.0303,-0.0306,-0.0313,-0.0349,-0.0359,-0.032,-0.0249,-0.0331,-0.0167,-0.0027
2015-09-15,-0.6781,-78.4383,N,0.0903,0.0788,0.064,0.0497,0.0361,0.0571,0.057,0.0577,0.0526,0.0274,-0.0017,-0.0266,-0.0342,-0.0512,-0.0737,,-0.0785,,,,,,,,,,,,,
2015-09-15,-0.6781,-78.4383,NE,0.1461,0.1301,0.1229,0.1027,0.0851,0.0733,0.0344,0.0245,0.0129,0.005,-0.0018,-0.0066,-0.0075,-0.0075,-0.0075,-0.0075,-0.0074,-0.0074,-0.0074,-0.0074,-0.0074,-0.0067,-0.0073,-0.007,-0.0073,-0.0064,-0.0026,-0.0068,0.0006,0.0011
2015-09-15,-0.6781,-78.4383,NO,,0.0966,0.0621,0.0607,0.0364,0.0639,0.0677,0.0475,0.067,0.0254,0.0154,-0.0058,0.0067,0.0088,,-0.0022,-0.01,-0.0219,,,,,,,,,,,,
2015-09-15,-0.6781,-78.4383,O,,-0.3326,-0.2818,-0.0895,,,-0.0069,,,,,0.0515,,,,,,,-0.1776,,,,,,,,,,,0.0098
2015-09-15,-0.6781,-78.4383,S,0.0666,0.0668,0.0581,0.0369,0.0176,-0.0042,-0.0169,-0.0248,-0.0247,-0.0138,-0.0125,-0.0026,0.0033,0.0067,0.0102,0.0144,0.0154,0.0134,0.0126,0.0112,0.0066,0.0018,-0.0012,-0.0044,-0.0056,-0.0009,-0.0015,-0.0002,-0.0019,0.0037
2015-09-15,-0.6781,-78.4383,SE,0.1166,0.1163,0.1097,0.0968,0.0815,0.0632,0.0447,0.0329,0.0202,0.0122,0.0076,0.0026,0.002,-1e-04,0.0002,-0.002,-0.0024,-0.0011,-0.0006,0.0003,0.0022,0.0025,0.0042,0.0032,0.0053,0.0077,0.007,0.0116,0.0096,0.0127
2015-09-15,-0.6781,-78.4383,SO,,0.0647,0.047,0.0262,0.0118,0.0014,-0.0014,-0.0056,0.0004,0.0059,0.0104,,,,,,,,,,,,,,,,,-0.005,-0.0024,0.0044
2016-08-24,-0.6789,-78.4359,E,,0.1445,0.1051,0.0604,0.037,0.0276,0.0203,0.0124,0.0047,-0.0007,-0.0014,-0.0035,-0.0085,-0.0115,-0.0104,-0.0138,,,-0.029,-0.0272,-0.0249,-0.0278,-0.0254,-0.0311,-0.0308,-0.0227,-0.0218,-0.0242,-0.0166,-0.0144
2016-08-24,-0.6789,-78.4359,N,0.1668,0.0889,0.0352,0.0121,0.0018,0.0025,0.0027,0.0032,0.0008,0.0019,0.0015,0.0006,-0.0008,-0.0017,-0.0023,-0.0044,-0.0048,-0.0049,-0.0063,-0.004,-0.0016,-0.0032,-0.003,-0.0003,0.0042,0.002,0.0012,0.0041,0.0026,0.001
2016-08-24,-0.6789,-78.4359,NE,0.1548,0.0811,0.0633,0.0261,0.0103,0.0082,0.0088,0.0063,0.0043,0.0017,0.0009,0.0034,0.0002,-0.0013,0.0003,-0.0005,-0.0005,-0.001,0.0012,0.001,-0.0033,-0.0021,-0.0018,-0.0015,-0.0017,0.0017,0.0012,0.0003,0.0022,0.0029
2016-08-24,-0.6789,-78.4359,NO,,,,,,,,-0.0155,-0.0192,,,,,,,,,,,,,,,-0.0103,-0.0074,-0.0011,0.0007,0.0012,-0.0005,0.0012
2016-08-24,-0.6789,-78.4359,O,,,,,,,,,,,-0.0698,-0.0807,-0.0874,,-0.0873,,,,0.1437,0.0104,-0.0471,-0.0242,-0.0268,0.0015,-0.014,0.0141,0.0368,0.0219,-0.0175,-0.0562
2016-08-24,-0.6789,-78.4359,S,0.1346,0.1346,0.1088,0.0809,0.0594,0.0666,0.0795,0.0893,0.0455,-0.0131,0.0751,0.0369,0.0161,-0.0096,-0.0214,-0.0115,-1e-04,-0.0004,-0.0045,0.0011,0.0048,0.0084,0.0062,0.005,1e-04,-0.0028,-0.0047,-0.0069,-0.0085,-0.0122
2016-08-24,-0.6789,-78.4359,SE,0.1489,0.1449,0.1283,0.0931,0.0365,0.0103,-0.0017,0.0108,0.0174,0.0336,0.0212,0.0277,0.0143,0.0021,-0.0049,-0.0151,-0.0231,-0.0273,-0.0294,-0.0327,-0.0284,-0.0135,-0.0189,-0.0107,-0.0081,-0.0036,-0.0002,0.0024,0.0092,0.0219
2016-08-24,-0.6789,-78.4359,SO,,,,,,,,,,,,,,-0.0452,-0.0353,-0.0362,0.0183,-0.0083,0.0029,-0.0121,-0.0132,0.0143,-0.002,-0.0049,-0.0065,-0.0049,0.0027,-0.0048,-0.0093,-0.0107
2016-10-19,-0.6727,-78.4367,E,,0.0089,0.017,0.0127,0.0231,0.0307,0.0362,0.0325,0.0324,0.0165,0.0244,0.0129,0.0051,0.0052,0.0076,-0.003,0.0017,-0.0135,-0.0114,-0.004,-0.0128,0.0019,0.0094,0.0161,0.0069,-0.0004,0.0171,0.0151,0.0189,0.0166
2016-10-19,-0.6727,-78.4367,N,,0.0418,0.0292,0.0172,0.0138,0.0087,0.005,0.005,0.002,1e-04,-0.0019,-0.0046,-0.0066,-0.0076,-0.0068,-0.0053,-0.0037,-0.0014,-0.0,0.0017,0.0027,0.0026,0.0032,0.0024,0.0026,0.0019,0.0023,0.0018,0.0013,0.0027
2016-10-19,-0.6727,-78.4367,NE,0.138,0.0835,0.0996,0.0678,0.0608,0.0491,0.0285,0.0222,0.0169,0.0091,0.0061,0.0068,-0.0043,-0.0112,-0.0158,-0.0133,-0.0114,-0.0176,-0.0117,-0.0096,-0.001,-0.0035,-0.0075,0.015,0.0463,0.0415,0.0557,0.0615,0.0703,
2016-10-19,-0.6727,-78.4367,NO,0.0645,,0.0219,0.0138,0.008,0.0047,0.0019,0.0002,-0.0008,-0.0034,-0.0047,-0.0045,-0.0046,-0.0043,-0.0038,-0.0037,-0.0029,-0.0027,-0.0011,0.0012,0.0027,0.0009,0.0017,0.0004,1e-04,-1e-04,0.0003,0.0007,0.0031,0.0049
2016-10-19,-0.6727,-78.4367,O,,0.0471,0.0333,0.0218,0.0129,0.0069,0.0033,1e-04,-0.0023,-0.002,-0.0038,-0.0053,-0.0056,-0.0054,-0.0062,-0.0056,-0.0048,-0.0002,0.0047,0.0088,0.0103,0.0105,0.0084,0.0104,-0.0186,-0.0245,,,,
2016-10-19,-0.6727,-78.4367,S,,0.0811,0.0665,0.023,0.0139,0.0039,-0.0015,-0.0045,-0.0041,-0.0025,-0.0015,-0.0005,-0.0031,-0.0044,0.0007,-0.0024,-0.0021,0.0015,0.0012,-0.001,-0.005,-0.0036,-0.0028,-0.0035,-0.0046,-0.0071,-0.0109,-0.0129,-0.0159,-0.015
2016-10-19,-0.6727,-78.4367,SE,0.1155,0.115,0.1082,0.0799,0.0752,0.0615,0.0375,0.0275,0.0171,0.0052,-0.0025,-0.0049,-0.0148,-0.0205,-0.0235,-0.0238,-0.02,-0.0295,-0.0114,-0.0158,0.0091,0.0078,0.0054,0.007,0.0037,0.005,0.0067,0.0118,0.0117,0.0104
2016-10-19,-0.6727,-78.4367,SO,0.0979,0.0781,,0.0335,0.0212,0.0128,0.0089,0.0061,0.0052,0.0034,0.0027,0.0029,0.003,-0.0006,-0.0011,-0.0021,-0.0023,-0.0045,-0.0045,-0.0045,-0.0045,-0.0045,-0.0045,-0.0045,-0.0045,-0.0044,-0.0031,-0.0018,0.002,0.003
2016-10-27,-0.6789,-78.4367,E,,,,,,,,,,,,,,-0.0095,,,,,-0.0137,-0.0163,-0.0133,,-0.0295,,,,,,,
2016-10-27,-0.6788,-78.4367,E,,0.128,0.0905,0.0692,0.0596,0.0465,0.0374,0.0315,0.0233,0.0136,0.0094,0.0069,,,-0.0112,-0.0159,-0.0205,-0.017,,,,-0.0243,,,,,,-0.0559,,
2016-10-27,-0.6787,-78.4367,E,,,,,,,,,,,,,-1e-04,,,,,,,,,,,-0.0028,0.0159,-0.0415,-0.0442,,-0.0566,-0.063
2016-10-27,-0.6788,-78.4367,N,0.1096,0.0877,0.0978,,,,,,,-0.0039,-0.0034,,,,,,,,,,,,,,0.0007,0.0008,0.0012,0.0026,0.0052,0.0052
2016-10-27,-0.6787,-78.4367,N,,,,0.0913,0.0296,0.004,-1e-04,0.0005,-0.0076,,,-0.0035,-0.0031,-0.0031,-0.0,-0.0,0.0009,0.0011,-0.0027,0.0005,0.0011,0.0006,0.0015,0.0015,,,,,,
2016-10-27,-0.6789,-78.4367,NE,,,,,,,,,,,,,,,,,,-0.0072,,-0.0035,-0.0016,0.0015,0.0038,0.009,,,,,,
2016-10-27,-0.6788,-78.4367,NE,0.1181,0.0814,0.0622,0.0428,0.0301,0.0173,0.0105,0.0057,0.0015,0.0006,-0.0034,-0.0022,-0.0018,-0.0032,-0.0039,-0.006,-0.0057,,-0.0046,,,,,,,,,,0.0067,0.0061
2016-10-27,-0.6787,-78.4367,NE,,,,,,,,,,,,,,,,,,,,,,,,,0.0088,0.0067,0.0028,0.0057,,
2016-10-27,-0.6789,-78.4367,NO,,,,,,,,,,,,,,,,-0.019,-0.0192,-0.017,,,,,,,,,,,-0.0013,
2016-10-27,-0.6788,-78.4367,NO,,,,,,,,,,,-0.0148,,,,,,,,-0.0129,-0.0004,0.0154,0.0296,0.0606,,,,-0.0039,,,-0.0038
2016-10-27,-0.6787,-78.4367,NO,,0.0768,0.0859,,,,,,,,,,,,,,,,,,,,,0.0849,,,,1e-04,,
2016-10-27,-0.6789,-78.4367,O,,,,,,,,,,,,,,-0.0146,-0.0229,,-0.0163,,,,-0.0353,-0.0422,-0.041,-0.0308,,,,,,
2016-10-27,-0.6788,-78.4367,O,,,,,,,,,,,,,,,,-0.0226,,-0.0054,,-0.0346,,,,,,,0.0549,,-0.0193,
2016-10-27,-0.6787,-78.4367,O,,,,,,,,,,,,,,,,,,,0.0014,,,,,,0.0026,0.0442,,0.0366,,-0.1031
2016-10-27,-0.6789,-78.4367,S,,,,,,,,,,,,,,,,,,,,,,,,,,,,-0.0069,,
2016-10-27,-0.6788,-78.4367,S,0.1107,0.1009,0.0809,,,0.005,0.0002,0.0382,,,0.0187,-0.0031,,,,,,,,,,,,,0.0003,,,,-0.0066,-0.0057
2016-10-27,-0.6787,-78.4367,S,,,,0.0636,0.0395,,,,0.0498,0.0211,,,-0.0157,-0.0157,-0.0205,-0.0149,-0.0093,-0.0031,0.0029,0.0037,0.0062,0.0091,0.0067,0.0046,,-0.0049,-0.0075,,,
2016-10-27,-0.6789,-78.4367,SE,,0.0974,,,,,,,,,,,,,,,,,,,,,-0.0105,-0.0076,-0.0059,,-0.0019,-0.0006,,
2016-10-27,-0.6788,-78.4367,SE,0.0908,,,0.0364,,0.0188,0.0173,0.021,0.0185,0.0247,0.0237,0.0187,0.0104,0.0002,-0.0096,,-0.0104,,,,,,,,,-0.0034,,,,0.0054
2016-10-27,-0.6787,-78.4367,SE,,,0.0421,,0.0112,,,,,,,,,,,-0.0083,,-0.0104,-0.0118,-0.0121,-0.0107,-0.0112,,,,,,,0.0022,
2016-10-27,-0.6789,-78.4367,SO,,,,,,,,,,,,-0.1006,,-0.1112,,,,,-0.059,-0.0023,0.0268,0.0608,0.0527,0.062,0.0045,-0.0061,-0.0026,,,
2016-10-27,-0.6788,-78.4367,SO,,,,,,,,,,,,,,,-0.0706,-0.0859,-0.0699,-0.0571,,,,,,,,,,-0.0077,-0.0181,-0.0144
2016-10-27,-0.6787,-78.4367,SO,,0.0182,-0.0174,,,,-0.1413,-0.1409,-0.1402,-0.1391,-0.1367,,-0.1167,,,,,,,,,,,,,,,,,
2016-11-20,-0.6727,-78.4367,E,,,,0.024,0.0403,0.0511,0.0607,0.0402,0.0349,0.0233,0.0232,0.0147,0.0007,0.0087,-0.0013,-0.0027,-0.0073,-0.0131,-0.0069,-0.0039,-0.0219,0.0003,-0.0038,0.0092,0.007,0.0046,0.0187,0.0186,0.0226,0.0275
2016-11-20,-0.6727,-78.4361,E,,0.0487,0.0495,,,,,,,,,,,,,,,,,,,,,,,,,,,
2016-11-20,-0.6727,-78.4361,N,,0.0411,0.0306,0.0164,,,,,,,,,,,,,,,,,,,,,,,,,,
2016-11-20,-0.6727,-78.4356,N,,,,,0.0047,0.0012,-0.0008,-0.0025,-0.0059,-0.0085,-0.0089,-0.0042,0.0007,0.0036,0.005,0.0059,0.0062,0.0051,0.0042,0.0049,0.0036,0.0023,0.0006,0.001,-1e-04,-0.0005,-0.0008,-0.0017,-0.0024,-0.0019
2016-11-20,-0.6727,-78.4367,NE,,,,,,,,,,,0.0057,0.0098,-0.0057,-0.0182,-0.0254,-0.025,-0.0218,-0.0379,-0.0261,-0.036,-0.0145,-0.004,0.0231,0.028,0.0097,0.0077,0.0249,0.0286,0.0307,
2016-11-20,-0.6727,-78.4361,NE,0.1224,0.0932,0.0999,0.0603,0.0571,,0.029,0.0219,0.0186,0.0126,,,,,,,,,,,,,,,,,,,,0.0283
2016-11-20,-0.6727,-78.4356,NE,,,,,,0.0328,,,,,,,,,,,,,,,,,,,,,,,,
2016-11-20,-0.6727,-78.4361,NO,0.0375,,0.0138,0.0082,,,,,,,,,,,,,,,,,,,,,,,,,,
2016-11-20,-0.6727,-78.4356,NO,,,,,0.0029,0.0006,-0.0018,-0.0057,-0.0083,-0.0086,-0.0086,-0.0075,-0.0059,-0.0048,-0.0015,0.001,0.002,0.0024,0.0031,0.0031,0.0032,0.0021,0.0027,0.003,0.0031,0.0044,0.005,0.0055,0.005,0.0045
2016-11-20,-0.6727,-78.4361,O,,0.0292,0.0211,0.0156,,,,,,,,,,,,,,,,,,,,,,,,,,
2016-11-20,-0.6727,-78.4356,O,,,,,0.008,0.0065,0.0042,0.0026,0.0009,-0.0003,-0.0013,-0.0004,0.0007,0.0012,0.0021,0.002,,,,,,,,,,,,,,
2016-11-20,-0.6727,-78.4367,S,,0.094,0.0905,0.0505,0.032,0.0119,0.0083,0.0054,0.0056,0.0083,0.0088,0.0107,0.0009,-0.0113,-0.0177,-0.0222,-0.0285,-0.0196,-0.0226,-0.0277,-0.0283,-0.0247,-0.0196,-0.0085,0.0127,0.0206,0.0071,-0.002,-0.0005,-0.0064
2016-11-20,-0.6727,-78.4367,SE,,0.1244,0.1221,0.1307,0.1012,0.0799,0.0384,0.0301,0.039,0.0064,-0.0036,-0.0061,-0.0197,-0.0224,-0.0307,-0.0265,-0.0356,-0.0312,-0.013,0.005,0.0175,0.0093,-0.0012,0.0117,0.005,0.0086,0.0092,0.0085,0.0114,0.0176
2016-11-20,-0.6727,-78.4361,SE,0.0759,,,,,,,,,,,,,,,,,,,,,,,,,,,,,
2016-11-20,-0.6727,-78.4367,SO,,0.0716,0.051,0.0416,0.0247,0.0144,0.0033,0.0,0.0,0.0,0.0,,,,,,,,,,,,,,,,,,,0.0
2016-11-20,-0.6727,-78.4361,SO,0.048,,,,,,,,,,,,,,,,,,,,,,,,,,,,,
2016-11-20,-0.6727,-78.4356,SO,,,,,,,,,,,,0.0005,0.0041,,,,,,,,,,,,-0.002,0.0007,0.0,0.0,0.0,
2017-01-23,-0.6762,-78.4334,N,,,,,,,,,,,,,,-1e-04,0.0002,0.0012,0.0021,,,,,,,,,,,,,
2017-01-23,-0.6762,-78.4334,NO,,,,,,,,,,,,,,,,,,,,,,,,,,,,,,0.0
2017-01-23,-0.6762,-78.4334,S,,0.0055,,,,,,,,,,,,,,,,,,,,,,,,,,,,
2017-01-23,-0.6762,-78.4334,SE,,,,,,,0.0015,,,,,,,,,,,,,,,,,,,,,,,
2017-01-23,-0.6762,-78.4334,SO,0.0063,,,,,,,,,,,,,,,,,,,,,,,,,,,,,
2017-07-10,-0.6735,-78.4372,E,,,,-0.072,-0.0709,-0.0639,-0.0205,-0.0136,0.0213,0.0262,0.0386,0.0364,0.037,0.0267,0.0126,0.0199,0.0298,0.0308,-0.0053,0.0149,-0.0313,,0.043,0.0221,0.02,0.0108,0.0066,-0.0009,0.0003,0.0036
2017-07-10,-0.6735,-78.4372,N,,0.0756,,,,,,,,,,,,,,,,,,,,,,,,,-0.0,1e-04,-0.0004,-0.0017
2017-07-10,-0.6735,-78.4372,NE,,0.0928,,,,,,,,0.0238,0.0205,0.0157,0.0096,0.0021,-0.0052,-0.0098,-0.0062,-0.0253,-0.0294,-0.0325,-0.0354,-0.0324,-0.0161,-0.0164,-0.004,-0.009,-0.0162,-0.0096,0.0272,0.0389
2017-07-10,-0.6735,-78.4372,NO,0.021,,,,,,,,,,,,,,,,,,,,,,,,,,,,,
2017-07-10,-0.6735,-78.4372,O,,-0.0049,-0.0132,,,,,,,,,,,,,,,-0.0097,-0.0077,0.0084,,-0.0017,0.0022,-0.0013,-0.0018,-0.0012,,,,
2017-07-10,-0.6735,-78.4372,S,,0.0032,-0.0036,-0.0042,-0.0084,-0.0124,1e-04,-0.0013,0.0009,0.0017,0.0077,0.0075,0.0062,0.0052,0.0137,0.0122,0.0125,0.0075,0.0004,-0.0005,-0.0037,-0.0075,-0.0082,-0.0119,-0.0185,-0.02,-0.0268,-0.0306,-0.0334,-0.0372
2017-07-10,-0.6735,-78.4372,SE,,0.0522,0.0435,0.0354,0.022,0.0124,0.016,0.0044,-0.0008,-0.008,-0.0163,-0.0158,-0.0241,-0.0311,-0.0381,-0.0485,-0.0436,-0.0524,-0.0381,-0.0168,-0.016,-0.0034,0.0,0.0094,0.028,0.0298,0.0295,0.0192,0.0107,0.0117
2017-07-10,-0.6735,-78.4372,SO,0.0121,-0.0036,,,,,,-0.0086,-0.0082,-0.0065,-0.0059,-0.0052,-0.0019,-0.0024,-0.0055,-0.0061,-0.0019,-0.002,-0.0023,-0.0019,-0.0028,-0.0019,0.0009,0.0047,0.0035,0.0072,0.0105,0.0116,0.0066,0.0027
2017-09-20,-0.6727,-78.4372,E,,-0.0311,-0.0142,-0.0083,0.0068,0.0123,0.0185,0.0265,0.0182,0.0252,0.0293,0.0332,0.0227,0.0256,0.0283,0.0247,0.0163,0.0096,0.0081,0.0116,-0.0016,0.0142,0.0076,0.0138,0.0113,0.0091,0.0108,0.0079,0.0013,-0.0034
2017-09-20,-0.6727,-78.4372,N,,0.1419,0.1324,0.0812,0.0699,0.0383,0.0153,0.0108,0.0058,0.0031,0.0006,0.0006,-0.0026,-0.003,-0.004,-0.0054,-0.0063,-0.0024,0.0004,0.003,0.0033,0.0025,0.001,-0.0012,-0.0041,-0.0043,-0.0042,-0.0082,-0.0088,-0.0111
2017-09-20,-0.6727,-78.4372,NE,0.2252,0.195,0.2133,0.2056,0.2055,0.1981,0.1665,0.0912,0.059,0.0131,0.0008,-0.0125,-0.0318,-0.0298,-0.0532,-0.061,-0.0537,-0.0813,-0.0583,-0.0509,-0.055,-0.0405,-0.0288,0.0159,0.0305,0.0477,0.0499,0.0524,0.0629,0.0449
2017-09-20,-0.6727,-78.4372,NO,0.1409,0.0786,0.0636,0.0463,0.0328,0.0207,0.0141,0.0089,0.0069,0.0043,0.0025,0.0009,-0.0008,-0.0011,-0.0012,-0.001,-0.0008,-0.0006,-0.0008,-0.0006,-0.0005,-0.0005,-0.0005,-0.0003,-0.0002,-0.0003,-0.0005,-1e-04,-0.0003,-0.0005
2017-09-20,-0.6727,-78.4372,O,,0.1133,0.0938,0.0507,0.0354,0.0236,0.0145,0.0086,0.0038,0.0005,-0.0025,-0.0052,-0.0095,-0.0121,-0.0144,-0.0171,-0.018,-0.0162,-0.0095,0.0041,0.0188,0.0315,0.0487,0.0247,-0.0095,-0.0309,-0.0416,-0.0302,-0.038,-0.0381
2017-09-20,-0.6727,-78.4372,S,,0.0638,0.0266,0.0004,-0.0144,-0.0194,-0.0143,-0.0233,-0.0196,-0.0102,-0.0115,-0.0081,-0.0103,-0.0229,-0.0111,-0.0078,0.0059,0.0096,0.0038,0.0059,-0.0035,-1e-04,0.0057,-0.0068,-0.0163,-0.0235,-0.0424,-0.0371,-0.0419,-0.05
2017-09-20,-0.6727,-78.4372,SE,0.1531,0.0913,0.0679,0.0394,0.0288,0.0188,-0.0044,-0.0285,-0.033,-0.0422,-0.0541,-0.0518,-0.0762,-0.0632,-0.0829,-0.024,0.0165,-0.011,0.0321,0.0274,0.0371,0.0144,0.0428,0.0274,0.0228,0.0181,0.013,0.0033,0.0232,0.0323
2017-09-20,-0.6727,-78.4372,SO,0.1233,0.0625,0.0408,0.0298,0.0096,-0.001,-0.0066,-0.0079,-0.0087,-0.008,-0.0076,-0.0073,-0.007,-0.0061,-0.0063,-0.0063,-0.007,-0.0053,-0.0047,-0.0057,-0.0055,-0.005,-0.0038,-0.0005,0.0045,0.0087,0.0098,0.0067,0.0081,0.007
2018-10-17,-0.6727,-78.4369,N,,0.0535,0.0319,0.0148,0.0116,0.0095,0.0053,0.0049,0.0065,0.0045,0.0056,0.0064,0.0024,-0.0024,-0.0048,-0.0044,-0.002,0.0043,0.0022,0.0035,-0.0012,,-0.0106,,,,,,,
2018-10-17,-0.6727,-78.4369,NE,0.1223,0.0867,,,,,,,,,,,,,,,,,,,,,,,,,,,,
2018-10-17,-0.6727,-78.4369,NO,0.075,0.0351,0.0224,0.0205,0.0161,0.0139,0.01,0.0101,0.0101,0.0063,0.0065,0.0042,0.0059,0.0023,0.0024,-0.0011,-0.0017,-0.0013,-0.0011,0.0026,0.0037,0.0034,-0.0012,-0.0054,-0.0056,-0.0058,-0.0076,-0.0117,-0.0135,-0.0137
2018-10-17,-0.6727,-78.4369,O,,0.0451,0.0348,0.035,0.0252,0.0089,0.0052,0.008,0.0042,0.0025,0.0035,0.0024,0.0034,0.004,-0.001,-0.0047,-0.0037,0.0006,0.0007,-0.0036,,,,,,,,,,
2018-10-17,-0.6727,-78.4369,S,,0.0655,0.0376,0.016,0.0071,0.0028,0.0014,0.0038,0.0028,0.0067,0.0074,0.0077,0.0081,0.0065,0.0099,0.0058,0.0033,0.0014,0.0002,-0.0011,-0.0018,-0.0023,-0.0046,-0.0093,-0.0106,-0.013,-0.0145,-0.0146,-0.0139,-0.0139
2018-10-17,-0.6727,-78.4369,SE,0.1182,0.1061,,,,,,,,,,,,,,,,,,,,,,,,,,,,
2018-10-17,-0.6727,-78.4369,SO,0.1116,0.0752,0.0612,0.0629,0.0375,0.0079,0.0117,0.0109,0.0105,0.008,0.0095,0.011,0.0122,0.0043,-1e-04,-0.0012,0.001,-0.003,-0.0125,-0.0128,-0.0125,-0.0117,-0.0109,-0.0098,-0.0098,-0.0088,-0.0045,-0.0034,0.0005,0.0013
2019-08-01,-0.6789,-78.4356,E,,,,,0.0051,-0.0015,-0.0004,-0.0003,,,,,,,,,,,,,,,,,,,,,,
2019-08-01,-0.6758,-78.4363,E,,,,,,,,,,,,,0.0028,0.0014,,,,,,,,,,,,,,,,
2019-08-01,-0.6727,-78.4369,E,,-0.0337,-0.0189,-0.0227,,,,,-0.0012,0.0006,0.0017,0.0048,,,0.0013,0.0053,0.0073,0.0056,0.0045,0.0018,-0.0046,0.0093,0.0011,0.0019,-0.0029,0.0075,0.0101,0.004,-0.0011,-0.0148
2019-08-01,-0.6789,-78.4356,N,0.0168,,,,,0.0043,,,,,,,,,,,,,,,,,,,,,,,,
2019-08-01,-0.6758,-78.4363,N,,0.0334,0.0206,,,,0.0031,,,,,,,,,,,,,,,,,,,,,,,
2019-08-01,-0.6727,-78.4369,N,,,,0.02,0.0114,,,0.0031,-0.0,-0.0065,-0.0049,,,,,,,,,,,,,,,,,,,
2019-08-01,-0.6789,-78.4356,NE,,0.0162,,0.0145,,0.0075,0.0053,0.0014,0.0012,0.0043,,,,,,,,,,,,,,,,,,,,
2019-08-01,-0.6758,-78.4363,NE,,,0.102,,0.0512,,,,,,,,,,,,,,,,,,,,,,,,,
2019-08-01,-0.6727,-78.4369,NE,0.2222,,,,,,,,,,0.0221,0.015,0.006,0.0022,-0.0071,-0.0125,-0.0196,-0.0256,-0.0214,-0.0271,-0.0396,-0.0388,-0.0402,0.002,0.0186,0.0301,0.0179,0.017,0.0279,0.0252
2019-08-01,-0.6727,-78.4369,NO,,0.0308,0.0174,0.0117,0.0093,0.0045,0.0044,0.0092,0.0047,0.0023,0.0003,-0.0012,-0.0027,-0.0046,0.0002,0.0018,-0.0004,-0.0016,-0.0009,-0.0011,0.0004,-0.0002,0.0005,0.0008,0.0008,,,,,
2019-08-01,-0.6727,-78.4369,O,,0.0583,0.042,0.0358,0.0152,0.0047,0.0047,0.0047,0.0027,0.0048,0.0027,0.0007,0.0007,0.0008,0.0008,-0.0012,0.0009,-0.0032,-0.0011,0.001,0.001,0.0011,-0.0073,,,,,,,
2019-08-01,-0.6789,-78.4356,S,0.0335,,,,,,,,,,,,,,,,,,,,,,,,,,,,,
2019-08-01,-0.6727,-78.4369,S,,,0.0327,0.0175,-0.0031,-0.0111,-0.0077,-0.0077,-0.0085,-0.0087,-0.011,-0.0125,-0.0091,-0.0095,-0.0052,-0.0055,0.0033,0.0095,0.0075,0.0095,-0.0037,-0.0055,-0.0071,-0.0069,-0.0138,-0.0165,-0.0257,-0.0272,-0.0245,-0.0344
2019-08-01,-0.6727,-78.4369,SE,0.1343,0.0975,0.0647,0.0616,0.0465,0.009,-0.011,-0.0193,-0.0273,-0.0255,0.0244,0.028,-0.0067,0.0041,-0.0306,0.0017,-0.0123,-0.0134,0.0152,0.0077,0.0191,0.0178,0.0181,0.011,0.014,0.0141,0.0108,0.0019,0.0155,0.0278
2019-08-01,-0.6727,-78.4369,SO,0.1115,0.0804,0.0423,0.0306,0.0114,-0.0027,-0.001,-0.0051,-0.0005,0.0013,0.0011,-0.0003,0.0023,0.002,0.0023,-0.0007,-0.0004,0.0004,-0.0002,-0.0002,-0.0002,-0.0039,-0.0065,-0.0054,-0.006,-0.0032,-1e-04,0.0091,0.0133,0.0157
2019-09-02,-0.6727,-78.4369,E,,-0.0451,-0.0157,-0.0145,0.0052,0.0206,0.0238,0.0132,0.0252,0.0125,0.0318,0.0369,0.0314,0.0448,0.0228,0.0263,0.023,0.0063,0.0079,0.0111,-0.0044,0.0249,0.0053,0.022,-0.0057,-0.0173,-0.0474,-0.058,0.0109,0.0097
2019-09-02,-0.6727,-78.4369,N,,0.1539,0.0844,0.0369,0.0213,0.0083,0.0083,0.0067,0.0045,0.0033,-0.0014,-0.0014,-0.0055,-0.0068,-0.0067,0.0012,0.016,0.0256,0.0148,-0.003,-0.0115,-0.0069,-0.0049,0.0002,-0.0135,0.0062,-0.0065,-0.0088,0.0149,0.0298
2019-09-02,-0.6727,-78.4369,NE,0.3775,0.2873,0.3271,0.2276,0.2211,0.1669,0.0739,0.0022,0.0016,-0.0095,-0.0185,-0.0241,-0.0359,-0.0418,-0.0563,-0.0565,-0.0516,-0.0889,-0.0299,-0.0371,-0.0463,-0.0305,-0.0092,0.045,0.0437,0.0226,0.0529,0.0523,0.0468,0.0231
2019-09-02,-0.6727,-78.4369,NO,0.2754,0.0938,0.0483,0.0272,0.0109,0.0066,0.0017,0.0007,0.0006,0.0007,0.0033,0.0022,-0.0005,-0.0005,-0.0006,-0.0008,-0.0007,-0.0007,-0.0008,-0.0006,-0.0002,-0.0002,-0.0002,0.0003,0.0005,0.0007,0.0006,,,
2019-09-02,-0.6727,-78.4369,O,,0.2155,0.1276,0.0926,0.0356,,,,0.002,0.0021,-0.0003,-0.004,-0.0068,-0.0096,-0.0107,-0.0119,-0.0145,-0.015,-0.0153,-0.0157,-0.0019,0.0205,0.0373,0.0292,-0.0253,-0.0102,-0.0433,-0.0413,-0.0419,-0.0433
2019-09-02,-0.6727,-78.4369,S,,0.1871,0.0803,0.0377,0.0004,-0.0047,0.0048,-0.01,-0.0151,-0.0099,-0.0126,-0.0239,-0.0347,-0.0471,-0.045,-0.0411,-0.0355,-0.017,-0.0113,-0.0032,-0.0095,-0.0097,0.009,0.0157,0.0222,0.0113,-0.0008,-0.0078,-0.028,-0.0229
2019-09-02,-0.6727,-78.4369,SE,0.2691,0.1874,0.1766,0.1234,0.0607,-0.0055,-0.0218,-0.0445,0.0087,-0.0649,-0.0814,-0.0826,-0.1118,-0.1083,-0.1198,-0.0195,0.0165,0.0048,0.0724,0.0622,0.0597,0.0518,0.0584,0.0435,0.0282,0.0165,0.0087,0.007,0.0083,0.0246
2019-09-02,-0.6727,-78.4369,SO,0.275,,0.1156,0.1273,0.0556,0.0003,0.0008,0.0049,-0.0069,-0.0054,-0.0024,-0.0049,-0.005,-0.0048,-0.005,-0.0071,-0.0068,-0.0073,-0.0074,-0.0074,-0.0071,-0.008,-0.0081,-0.0082,-0.0052,0.0024,0.0082,0.0065,0.0015,0.0065
2020-06-08,-0.679,-78.4388,E,,0.0826,0.0568,0.0378,0.0293,0.0189,0.0097,0.0062,0.0054,0.0062,0.006,0.006,0.0064,0.005,0.0048,0.0046,0.0045,0.0036,0.0009,-0.0015,-0.0037,-0.0052,-0.007,-0.0076,-0.0073,-0.007,-0.0028,0.0101,0.0203,0.0374
2020-06-08,-0.679,-78.4388,NO,,0.0515,0.0422,0.0222,,,,,,,,,,,,,,,,,,,,,,,,,,
2020-06-08,-0.679,-78.4396,O,,,,,-0.0765,,,,,,,,,0.0129,0.0209,-0.0019,0.0019,,,,,,-0.0169,-0.0326,,,,,,
2020-06-08,-0.679,-78.4392,O,,,,,,,,,,,,,,,,,,0.0131,0.0275,,,,,,,,,,,
2020-06-08,-0.679,-78.4388,O,,,-0.0596,-0.0705,,-0.079,-0.0772,-0.0686,,-0.0265,-0.0086,-0.0033,0.0042,,,,,,,0.014,-0.0043,-0.0093,,,,,,,,
2020-06-08,-0.679,-78.4396,S,,,0.024,,,,,,-0.0049,-0.0018,,,,0.0004,0.0008,-0.0056,-0.0104,-0.0065,0.0111,0.0149,0.0113,0.0156,,,,,,,,
2020-06-08,-0.679,-78.4392,S,0.0805,,,0.0254,,,,-0.002,,,-0.0035,,-0.002,,,,,,,,,,,,,,,,,
2020-06-08,-0.679,-78.4388,S,,,,,0.0165,0.008,0.0006,,,,,-0.0038,,,,,,,,,,,,,,,,,,
2020-06-08,-0.679,-78.4396,SE,0.0517,,,,,,,,,,,,,,,,0.0141,,,,,,-0.0044,-0.0044,,-0.0024,-0.0018,-0.0002,0.004,0.0105
2020-06-08,-0.679,-78.4392,SE,,0.051,0.0427,,,,,,,,,,,,,,,-0.0022,,,,,,,,,,,,
2020-06-08,-0.679,-78.4388,SE,,,,0.0265,0.0096,-1e-04,-1e-04,,,,,,,-0.0013,,,,,-0.0025,-0.0026,-0.0029,-0.004,,,-0.0027,,,,,
2020-06-08,-0.679,-78.4396,SO,,-0.0473,,,,,,,,,,,,,,,,,,,,,,,,,,,,-0.0164
2020-06-08,-0.679,-78.4392,SO,,,-0.036,-0.044,-0.0495,,,,,,,,,,,,,,,,0.0053,,,,,,,,,
2020-06-08,-0.679,-78.4388,SO,,,,,,-0.0427,-0.0432,-0.0412,-0.04,-0.0358,-0.0285,-0.0115,0.0164,0.0241,0.0083,-0.0059,0.0022,0.0078,0.021,0.0231,,0.0121,0.0138,-0.0078,-0.0062,-0.0136,-0.0157,-0.0232,-0.0266,
2020-06-24,-0.6727,-78.4367,E,,-0.0341,,-0.0065,-0.0005,0.031,-0.0263,-0.026,0.0282,0.0172,0.0237,0.0219,0.0187,0.0202,0.0126,0.0128,0.0096,0.0041,0.0047,0.0055,-0.0054,1e-04,0.0009,0.0062,0.0078,0.007,0.0136,0.0108,0.0115,0.0063
2020-06-24,-0.6727,-78.4367,N,,0.0359,0.0294,0.0122,0.0067,0.0032,0.0005,0.0008,-0.0003,0.0017,,,,,,,,,,,,,,,,,,,,
2020-06-24,-0.6727,-78.4367,NE,0.117,0.0982,0.1103,0.0869,0.0733,0.0596,0.0345,0.0209,0.0178,0.0123,-0.0006,0.0083,-0.0157,-0.016,-0.023,-0.0262,-0.021,-0.0298,-0.0232,-0.0272,-0.0484,-0.0281,-0.0177,0.0126,0.0462,0.0278,0.0407,0.0465,0.0367,0.0306
2020-06-24,-0.6727,-78.4367,NO,0.0429,,0.0199,0.0129,0.0055,0.0023,0.0014,0.0006,0.0008,0.001,0.0009,0.0007,0.0014,0.0008,0.0002,-0.0004,-0.0006,-0.0006,-1e-04,0.0002,0.0008,0.0013,,,,,,,,
2020-06-24,-0.6727,-78.4367,O,,0.0379,0.0295,0.0221,0.0153,0.0094,0.0049,0.0025,0.0017,0.0012,0.0003,-0.0008,-0.0014,-0.0023,-0.0036,-0.0046,-0.0053,-0.0052,-0.0042,-0.0021,0.0011,0.0067,0.0097,0.01,0.0034,-0.0044,-0.0117,-0.0117,-0.0115,-0.0118
2020-06-24,-0.6727,-78.4367,S,,,,0.0379,0.0236,0.0091,0.0038,0.0017,0.0004,-0.0006,-0.0012,-0.0013,-0.0028,1e-04,0.0028,0.0059,0.0068,0.009,0.0504,0.0847,0.0914,,,,,,-0.0114,-0.0143,-0.0148,-0.0102
2020-06-24,-0.6727,-78.4367,SE,0.0355,,,0.0392,0.0619,0.0335,0.0253,0.0102,0.0312,-0.0183,-0.0172,-0.0337,-0.0329,-0.0378,-0.0369,-0.0334,-0.0162,-0.0324,0.0267,0.0393,0.0521,0.0414,0.028,0.0243,0.0143,0.0055,-0.0018,-0.0083,-0.0034,0.0008
2020-06-24,-0.6727,-78.4367,SO,0.0471,,0.0296,0.0217,0.0212,0.0134,0.0075,0.0042,0.0029,0.0025,0.002,0.0008,0.0007,0.0002,-0.0011,-0.0015,-0.0016,-0.0014,-0.001,-0.0007,-0.0004,-0.0005,-0.0003,-0.0002,0.0003,0.0,-0.0003,-1e-04,0.0002,0.0007
2020-08-27,-0.6727,-78.4367,E,,0.0008,0.0141,0.0105,0.02,0.028,0.0341,0.0225,0.0182,0.0147,0.0155,0.0172,0.0111,0.0179,0.0124,0.0079,0.0079,-0.0021,-0.0007,0.0026,-0.0118,-0.0,0.0019,0.0061,0.0065,0.0051,0.0118,0.0109,0.0133,0.008
2020-08-27,-0.6727,-78.4367,N,,0.043,0.0325,0.0175,0.0108,0.0041,0.002,0.0016,1e-04,0.0011,0.001,0.0034,0.0023,0.0006,0.0015,0.0017,0.0023,0.0028,0.0023,0.0027,0.003,0.0009,-0.0009,-0.0013,-0.0021,-0.0055,-0.0077,-0.0108,-0.0109,-0.0136
2020-08-27,-0.6727,-78.4367,NE,0.1838,0.1145,,0.0918,0.0795,0.0529,0.0382,0.0187,0.0131,0.0065,-0.0086,1e-04,-0.0201,-0.0286,-0.0343,-0.0275,-0.0142,-0.0264,-0.0139,-0.0179,-0.0033,0.0021,0.039,0.0401,0.0437,0.0279,0.0361,0.0251,0.0055,0.0082
2020-08-27,-0.6727,-78.4367,NO,0.0715,,0.0202,0.0119,0.0066,0.0036,0.0018,0.0006,-1e-04,0.0004,0.0007,-0.0003,0.0003,0.0006,0.0005,-1e-04,-0.0006,-0.0005,0.0003,0.001,0.0013,0.0012,0.0013,0.0016,0.0013,0.0011,0.0011,0.0015,0.0018,0.0018
2020-08-27,-0.6727,-78.4367,O,,0.0588,0.049,0.0332,0.0207,0.0114,0.005,0.0026,0.0013,0.0002,-0.001,-0.0024,-0.0035,-0.0042,-0.0047,-0.0045,-0.0035,-0.0017,0.0015,0.0048,0.0077,0.0127,0.0107,0.0064,-0.0107,-0.0106,-0.0122,-0.0121,-0.0119,-0.01
2020-08-27,-0.6727,-78.4367,S,,0.1076,0.0888,0.04,0.0251,0.0121,0.0022,-0.0057,-0.0094,-0.0106,-0.012,-0.0114,-0.0175,-0.021,-0.0118,-0.0183,-0.0099,0.0022,-0.004,0.0051,0.0108,1e-04,-0.0017,-0.0034,0.0024,0.015,-0.0,-0.0066,-0.0041,-0.0102
2020-08-27,-0.6727,-78.4367,SE,0.0977,0.1035,0.0894,0.0895,0.0743,0.0742,0.0603,0.0142,0.0402,-0.0049,0.0024,-0.0121,-0.0089,-0.0247,-0.0503,-0.0259,-0.001,0.0027,0.0195,0.0191,0.0212,0.0163,0.0103,0.0083,0.0038,0.0046,0.0013,0.0012,0.0012,0.0017
2020-08-27,-0.6727,-78.4367,SO,0.1056,0.0885,0.071,0.0468,0.0142,0.0027,-0.0044,-0.0101,-0.0125,-0.013,-0.0128,-0.0121,-0.0113,-0.01,-0.0085,-0.008,-0.0075,-0.007,-0.0059,-0.003,-0.0018,0.0004,0.0013,0.0022,0.0032,0.005,0.0056,0.0047,0.0037,0.0068
2021-02-11,-0.6798,-78.4326,E,,-0.0003,-0.0022,0.0022,0.0002,-0.0038,0.0007,-0.0015,0.0008,0.0008,0.0011,0.0054,0.0058,0.0061,0.0044,0.0044,0.0044,0.0003,-0.0017,0.0006,0.0008,-0.0013,-0.0054,-0.0053,,0.0084,0.0064,-0.0038,-0.0079,-0.0104
2021-02-11,-0.6798,-78.4326,N,0.0092,0.0049,0.0005,0.0004,0.0046,0.0046,0.004,0.0038,0.0036,0.0079,0.0077,0.0075,0.007,-0.0015,-0.0055,-0.0019,0.002,0.0017,-0.0025,-0.0027,0.0007,0.0005,-0.0012,0.0002,-0.0,-0.0002,0.004,0.0017,-0.0004,-0.0005
2021-02-11,-0.6798,-78.4326,NE,-0.0039,-0.0081,-0.0123,-0.0123,-0.0059,-0.0037,-0.0036,-0.0035,-0.0035,-0.0035,-0.0035,0.0009,0.0011,0.0011,0.0012,0.0014,0.0015,0.0014,0.0015,0.0015,0.0015,0.0016,0.0018,-0.0025,-0.0024,-0.0024,-0.0023,-0.0022,-0.0022,-0.0021
2021-02-11,-0.6798,-78.4326,NO,,,,,,,,,,,0.004,0.0059,0.0033,0.0038,0.0065,0.0054,0.0069,0.0078,0.0058,0.0032,0.0021,0.0021,0.0016,-0.0018,-0.0025,-0.0024,-0.0035,-0.0042,-0.0061,-0.0037
2021-02-11,-0.6798,-78.4326,O,,,,,,,,,,,,,,,,,,0.0094,0.0078,0.0033,0.0036,,,0.003,0.0012,0.0013,-0.0004,-0.0058,-0.0074,-0.0087
2021-02-11,-0.6798,-78.4326,S,0.0333,0.0292,0.023,0.0252,0.0252,0.0252,,0.0126,0.0042,-0.0012,-0.0012,-0.0013,-0.0013,-0.0014,0.0038,0.0082,0.0086,0.0043,-0.0012,-0.0014,-0.0014,-0.0007,-0.001,-0.0015,-0.0007,-0.0012,-0.0013,-0.0013,-0.0013,-0.0013
2021-02-11,-0.6798,-78.4326,SE,0.0274,0.0236,0.019,0.0191,0.0166,0.0144,0.0182,0.0199,0.0176,0.0095,0.009,0.0022,0.0063,0.0015,0.001,0.0014,0.0041,0.0002,-0.0023,-0.0032,0.0013,0.0013,0.0033,0.0011,-1e-04,-0.0011,-0.0045,-0.0048,-0.0052,-0.007
2021-02-11,-0.6798,-78.4326,SO,,,,,,,,,,,,,,,,,,,,,,,,,-0.01,-0.0164,-0.008,0.0014,0.0165,-0.0095
2021-06-03,-0.6727,-78.4367,E,,0.0574,0.072,0.0788,,,,0.113,0.0625,0.0063,0.016,0.0065,-0.0065,0.0148,0.03,0.0551,0.043,0.023,0.0022,-0.0086,-0.0151,0.0112,0.0117,0.0292,0.0251,0.0225,0.0156,0.0067,0.0028,-0.0136
2021-06-03,-0.6727,-78.4367,N,,0.0281,0.0174,0.0056,0.0052,0.0061,0.0023,-0.0012,-0.002,0.0,0.0004,0.0005,-0.0027,-0.0037,-0.0031,-0.0007,0.0009,0.0041,0.0034,0.0016,0.0023,0.0021,0.0017,0.0005,-0.0009,-1e-04,-0.0004,-0.004,-0.0033,-0.0042
2021-06-03,-0.6727,-78.4367,NE,0.1897,0.1507,0.173,0.1377,0.0957,0.0711,0.0647,,0.0332,0.0242,0.0141,-0.0022,-0.0189,-0.0169,-0.028,-0.0333,0.0112,-0.0506,-0.0213,-0.0353,-0.0173,0.0206,0.0639,0.0421,0.0332,0.0287,0.0274,0.0251,0.006,0.0062
2021-06-03,-0.6727,-78.4367,NO,0.0467,,0.0117,0.0062,0.0018,0.0002,0.0009,0.0027,0.004,0.0055,0.0031,0.0037,0.0019,0.0005,-0.0008,-0.0003,0.0008,0.0007,0.0012,0.0006,0.0003,0.0008,-0.0004,-0.0007,0.0002,-0.0014,-0.0008,0.0013,0.0012,-0.0011
2021-06-03,-0.6727,-78.4367,O,,0.0456,0.0314,0.0212,0.0167,0.0125,0.0079,0.0033,0.0033,0.0049,0.0031,-0.0002,-0.0027,-0.0056,-0.0063,-0.0078,-0.0085,-0.0016,-0.0023,-0.0028,0.021,0.0042,0.0196,0.0377,0.0155,-0.0073,,,,-0.0427
2021-06-03,-0.6727,-78.4367,S,,,0.0571,0.0235,0.0169,0.0094,0.0086,0.0099,0.0102,0.012,0.0113,0.0081,0.0085,0.008,0.0095,0.0119,0.0115,0.0115,0.0105,0.0103,0.0058,-0.0064,-0.011,-0.0124,-0.0146,-0.0168,-0.0187,-0.0202,-0.0217,-0.019
2021-06-03,-0.6727,-78.4367,SE,0.1203,0.1728,,0.0961,0.0826,0.0606,0.049,0.0436,0.0351,0.0266,0.0091,0.0024,-0.0089,-0.0186,-0.0228,-0.0302,-0.0368,-0.0375,-0.0432,-0.0472,-0.0526,-0.0378,0.0159,-0.0023,0.0302,0.0231,0.051,0.0419,0.0272,0.0308
2021-06-03,-0.6727,-78.4367,SO,0.0762,0.069,0.049,0.0369,0.021,0.0129,0.0172,0.0174,0.0176,0.0139,0.0142,0.0145,0.0139,0.0113,0.0115,0.0072,0.0078,0.004,-0.0075,-0.0087,-0.0086,-0.0092,-0.0091,-0.0092,-0.0088,-0.0093,-0.0104,-0.0088,-0.0086,0.0
2021-07-05,-0.6727,-78.4372,E,,0.0688,0.0669,0.0609,0.0775,0.0778,0.0782,0.0743,0.0606,0.0559,0.0415,0.0396,0.0247,0.0403,0.0445,0.0565,0.0388,0.0381,0.0352,0.0238,0.0069,0.013,0.0026,-0.0249,-0.009,-0.0294,0.0178,0.0043,-0.0083,-0.0164
2021-07-05,-0.6727,-78.4372,N,,0.0495,0.0473,0.0194,0.0149,0.0069,0.0051,0.002,0.0014,0.0006,-0.0003,-0.0,-0.0022,-0.0014,-0.0016,-0.0038,-0.0052,-0.0041,-0.0012,0.0009,-0.0017,-1e-04,0.0007,0.001,-0.0012,0.0,-0.003,-0.0043,-0.005,-0.0056
2021-07-05,-0.6727,-78.4372,NE,,0.1,,0.1178,0.1148,0.1304,0.0594,0.0284,0.0119,-0.0011,-0.0091,-0.0068,-0.0209,-0.019,-0.031,-0.032,-0.0291,-0.05,-0.0306,-0.025,-0.0243,-0.0216,-0.0246,-0.0081,0.0328,0.0495,0.0628,0.0348,0.0297,0.0157
2021-07-05,-0.6727,-78.4372,NO,,0.0378,0.0278,0.0237,0.0138,0.0066,0.0071,0.004,0.0004,0.0015,0.0013,0.0023,0.0045,0.001,0.0015,0.002,-0.0003,0.0023,0.0024,0.0003,0.0019,0.0004,-0.0003,0.0018,0.0024,0.0018,0.0023,0.004,0.0007,-0.0014
2021-07-05,-0.6727,-78.4372,O,,0.0332,0.0211,0.0137,0.0074,0.0115,,,,,0.003,0.0028,0.0039,0.0017,0.002,-0.0027,-0.0026,-0.0047,-0.0077,,,,-0.0048,-0.0036,,-0.001,0.0007,0.0014,0.0014,0.0
2021-07-05,-0.6727,-78.4372,S,,0.0285,0.0176,0.0145,0.0108,0.0091,0.0111,0.011,0.0115,0.0088,0.0044,0.0037,0.0044,0.0059,0.0061,0.0049,0.0069,0.0037,0.0006,0.0,0.0009,-0.0002,-0.0048,-0.0066,-0.0089,-0.0097,-0.0162,-0.0124,-0.0129,-0.0187
2021-07-05,-0.6727,-78.4372,SE,,0.0407,0.0397,0.0285,0.0245,0.0143,0.0089,0.0017,-0.0006,-0.0077,-0.0151,-0.0216,-0.0265,-0.0316,-0.0318,-0.0318,-0.0292,-0.0247,0.027,0.0362,0.0416,0.012,0.0153,-0.0184,0.0016,-0.0009,0.017,0.0032,0.02,0.0266
2021-07-05,-0.6727,-78.4372,SO,0.0564,0.027,0.0191,0.0178,0.0145,0.0106,0.0113,0.0109,0.0112,0.0119,0.0116,0.0103,0.0088,0.0051,0.002,-0.0019,-0.0018,-0.0021,-0.0038,-0.0036,-0.003,-0.0052,-0.0043,-0.0048,-0.0044,-0.0038,-0.0018,0.0023,0.0023,0.0038
2022-02-14,-0.673,-78.4369,E,,,,,,,,,,0.0103,,,-0.0122,-0.0153,-0.019,,,,,,-0.0015,-0.0032,-0.0034,-0.0043,-0.0073,-0.0043,-0.0011,-0.0016,0.001,0.0056
2022-02-14,-0.6728,-78.4369,E,,0.0192,0.0199,0.0205,0.0236,0.0281,0.0304,0.0219,0.0079,,-0.0021,-0.0037,,,,,,,,0.0028,,,,,,,,,,
2022-02-14,-0.6727,-78.4369,E,,,,,,,,,,,,,,,,,0.0026,0.0064,0.0065,,,,,,,,,,,
2022-02-14,-0.673,-78.4369,N,,,,,,,,,,,,,,,,,,,,,,0.0043,,,,0.0135,0.0131,0.0136,0.0148,0.0163
2022-02-14,-0.6728,-78.4369,N,,0.0346,0.0235,0.0187,0.0138,0.009,0.0031,,-0.0012,0.0,-0.0008,-0.0045,-0.0108,-0.0195,-0.0216,-0.021,-0.0177,-0.0141,-0.0112,-0.0011,0.0009,,0.0089,0.011,0.0127,,,,,
2022-02-14,-0.6727,-78.4369,N,,,,,,,,0.0004,,,,,,,,,,,,,,,,,,,,,,
2022-02-14,-0.673,-78.4369,NE,,,,,,,,0.0171,,,,,,-0.0049,-0.0078,-0.0147,,,,,-0.0199,-0.0174,-0.0062,0.0033,0.0073,0.006,0.0079,0.0117,0.0125,0.0217
2022-02-14,-0.6728,-78.4369,NE,0.0692,0.061,0.0558,0.0485,0.0441,0.0318,0.0278,,0.0153,0.0139,0.0087,0.0063,-0.0037,,,,-0.0158,,-0.0051,-0.0136,,,,,,,,,,
2022-02-14,-0.6727,-78.4369,NE,,,,,,,,,,,,,,,,,,-0.0077,,,,,,,,,,,,
2022-02-14,-0.673,-78.4369,NO,,,,,,,,,,,,,-0.0066,-0.0118,-0.0156,-0.0163,-0.0116,-0.0077,-0.0005,0.0044,0.0096,0.0072,0.0091,0.0075,0.0077,0.0118,0.0155,0.015,0.0186,0.0177
2022-02-14,-0.6728,-78.4369,NO,0.038,0.0274,0.0268,0.0234,0.0188,0.0071,-0.0023,-0.0024,-0.0033,-0.0029,-0.0025,-0.0056,,,,,,,,,,,,,,,,,,
2022-02-14,-0.673,-78.4369,O,,,,,,0.0094,,0.0032,,0.0013,-0.0023,0.0014,-0.0008,-0.0008,-0.0028,-0.0026,-0.0154,,,0.0063,0.0024,0.0009,0.0023,,-0.0029,-0.0006,,,,
2022-02-14,-0.6728,-78.4369,O,,0.0293,0.0241,0.0195,0.0126,,0.0055,,0.004,,,,,,,,,,,,,,,,,,,,-0.0011,-0.0002
2022-02-14,-0.6727,-78.4369,O,,,,,,,,,,,,,,,,,,,,,,,,-0.0012,,,-0.0012,-0.0017,,
2022-02-14,-0.673,-78.4369,S,,,,,,,,,,,,,,,,,,,,,-0.0034,-0.004,-0.0056,-0.0081,-0.0096,-0.0105,-0.0085,-0.0076,-0.0044,-0.0033
2022-02-14,-0.6728,-78.4369,S,,0.042,0.0307,0.0193,0.0079,0.0021,0.0018,0.0051,0.006,0.0078,0.0079,0.0081,0.0096,0.0091,0.0097,0.007,0.0045,0.0026,0.0008,-0.0018,,,,,,,,,,
2022-02-14,-0.673,-78.4369,SE,,,,,,,,,,,,,,-0.0044,,-0.0057,-0.0032,-0.0047,0.0039,,,0.0002,-0.002,-0.0013,-0.0003,0.0022,0.0094,0.0036,0.0016,0.0032
2022-02-14,-0.6728,-78.4369,SE,0.054,0.0481,0.0403,0.0345,0.0257,0.019,0.0151,0.0103,0.0099,0.0081,0.0039,0.001,-0.0003,,-0.0072,,,,,0.002,,,,,,,,,,
2022-02-14,-0.6727,-78.4369,SE,,,,,,,,,,,,,,,,,,,,,0.001,,,,,,,,,
2022-02-14,-0.673,-78.4369,SO,,,,,,,,0.0003,0.0076,,0.0084,,,0.0084,0.005,0.0034,-0.0022,-0.0092,-0.0096,-0.0105,-0.0106,-0.0117,-0.0051,-0.0065,-0.0048,-0.0062,-0.0063,-0.0047,-0.0058,-0.0056
2022-02-14,-0.6728,-78.4369,SO,0.0416,0.0326,0.0268,0.0273,0.0202,0.0036,0.0089,,,0.011,,0.0145,0.0179,,,,,,,,,,,,,,,,,
2022-04-03,-0.6762,-78.4378,E,,0.2003,0.2061,0.1916,0.1937,,,,,,,,,,,,,,,,,,0.0211,0.0089,0.0036,-0.0105,-0.0236,-0.0241,-0.0308,-0.0404
2022-04-03,-0.6762,-78.4378,NE,0.062,,,,,,,,,,,,,,,,,,,,,0.003,0.0016,0.0046,-0.0021,-0.0048,-0.0029,0.0017,0.0039,0.004
2022-04-03,-0.6762,-78.4378,O,,,,,,,,,,,,,,,,,,-0.0255,-0.0122,-0.0163,-0.0038,-0.0065,,,,,0.0149,0.0258,0.003,0.0149
2022-04-03,-0.6762,-78.4378,S,,0.0471,0.0453,0.0449,0.0447,0.045,0.0384,0.0333,0.0228,0.014,0.0025,-0.0018,-0.0033,-0.0052,-0.0077,-0.0088,-0.0086,-0.0074,-0.0047,-0.0049,-0.0033,-0.003,-0.0035,-0.002,0.0011,0.0005,-0.0002,0.002,0.0032,0.0003
2022-04-03,-0.6762,-78.4378,SE,0.0313,0.0319,0.0317,0.0336,0.0295,0.026,0.024,0.0238,0.0171,0.0142,0.0137,0.0102,0.0064,-0.0003,-0.0072,-0.0149,-0.0258,,,,-0.0249,-0.0251,-0.0164,0.0021,0.0008,0.0012,0.0014,-0.0003,0.0012,-0.0009
2022-04-03,-0.6762,-78.4378,SO,0.0568,0.0532,0.0491,,0.0448,,,0.0428,0.0348,0.0163,0.0057,0.0016,-0.0028,-0.0027,0.0009,-0.0002,0.0,0.001,-0.0008,-0.0015,-0.0017,-0.0029,-0.003,-0.0029,-0.0036,-0.0037,-0.0042,-0.0032,0.0,0.0016
2022-05-21,-0.6789,-78.4378,E,,0.0341,0.0263,0.0198,0.0166,0.014,,0.0077,,,,,,,,,,,,,0.0019,0.001,-0.0004,-0.0013,-0.0016,-0.0016,-0.002,-0.0024,-0.0014,-0.0018
2022-05-21,-0.6789,-78.4378,N,0.064,,,,,,,,,,,,,,,,,,,,,,,,,,,,,
2022-05-21,-0.6789,-78.4378,NE,0.0614,,0.0518,0.0459,,,,,,,,,,,,,,,,,,,,,,,,,,
2022-05-21,-0.6789,-78.4378,O,,,,,,,,,,,,,,,,0.0016,-0.0084,-0.0054,-0.0031,0.0025,-0.0045,-0.0054,-0.0078,-0.0101,-0.0008,0.0121,0.0167,0.0064,-0.024,
2022-05-21,-0.6789,-78.4378,S,0.0609,0.0608,0.0571,0.0517,0.0427,0.0354,0.0289,0.0203,0.0149,0.0092,0.0069,0.006,0.0048,0.0024,0.0031,0.0022,0.0015,0.0018,0.0009,0.0005,0.0014,0.0015,0.0013,0.0022,0.002,0.0011,0.0032,0.0015,0.0013,0.0032
2022-05-21,-0.6789,-78.4378,SE,0.0505,0.0472,0.038,0.0321,0.0212,0.0157,0.0134,0.0123,0.0099,0.0077,0.0082,-0.003,0.001,-0.0004,-0.005,-0.0028,-0.0072,-0.0034,-0.0033,-0.004,-0.0045,-0.0035,-0.0037,-0.0025,-0.0018,-0.0002,-0.0004,0.0005,1e-04,-0.0008
2022-05-21,-0.6789,-78.4378,SO,,0.0414,0.0311,0.0113,0.0142,0.0051,0.0014,-0.0011,-0.0023,-0.0038,-0.004,-0.0048,-0.0068,-0.0091,-0.0094,-0.009,-0.0086,-0.0081,-0.0078,-0.007,-0.0066,-0.006,-0.0053,-0.0015,-0.0027,0.0024,0.0022,0.006,0.0055,0.0069
2022-05-23,-0.6727,-78.4369,E,,0.1634,,,,,,,,,0.0395,,,,,,,,,,0.1132,0.0772,0.0228,-0.0015,-0.0152,0.0463,0.0155,-0.0017,-0.0129,-0.02
2022-05-23,-0.6727,-78.4369,N,,0.0859,0.0538,0.0279,0.022,0.014,0.0078,0.008,0.0102,0.0085,0.0082,0.0039,0.0023,0.0016,-0.0035,-0.0075,-0.0071,-0.0026,-0.0022,-0.0014,-0.0013,-0.0014,-0.0009,0.0004,0.0027,0.0028,-0.001,-0.0034,-0.0074,-0.011
2022-05-23,-0.6727,-78.4369,NE,0.2138,0.1807,0.2338,0.1168,,0.0655,0.0276,0.0186,0.0186,0.0165,-0.0016,0.0012,0.0066,-0.0162,-0.0431,,-0.0118,,,,,,,,,,,,0.0044,-0.04
2022-05-23,-0.6727,-78.4369,NO,0.1255,0.0679,0.0426,0.0282,0.0184,0.0124,0.0082,0.008,0.0076,0.0036,0.0038,-0.0006,-0.0006,-0.0048,-0.0062,-0.0099,-0.0103,-0.0107,-0.0063,-0.0026,1e-04,0.0018,0.002,0.002,0.0029,0.003,0.0043,0.0019,0.0035,0.0019
2022-05-23,-0.6727,-78.4369,O,,0.1077,0.059,0.0357,0.0201,0.0101,0.0066,0.0024,,-0.0006,-0.0025,-0.0016,-0.0046,-0.0059,-0.0028,-0.0015,-0.0006,-0.0002,-0.0026,-0.0012,0.002,0.0111,0.022,0.0239,0.0088,-0.0101,-0.0294,-0.0351,-0.0347,-0.0344
2022-05-23,-0.6727,-78.4369,S,,0.1278,0.0722,0.0181,0.0099,0.0131,0.0094,0.0056,0.0049,0.0061,0.0063,0.0055,0.004,0.0027,0.0041,-0.0014,-0.0017,-0.0009,-0.0026,-0.0065,-0.0122,-0.0168,-0.0145,-0.0118,-0.0108,0.0015,0.016,0.03,0.0867,-0.0263
2022-05-23,-0.6727,-78.4369,SE,0.2073,0.1838,0.1512,0.0554,,,0.0242,0.0137,0.0023,0.0027,0.0025,-0.0035,-0.0145,-0.0152,-0.0264,-0.028,-0.0264,-0.0223,-0.0007,0.0266,0.0215,0.0267,0.0115,0.0096,0.0118,-0.0074,0.0012,0.0045,0.0057,0.0056
2022-05-23,-0.6727,-78.4369,SO,0.1933,0.1397,0.0975,0.0782,0.0507,0.034,0.0391,0.0354,0.0313,0.0312,0.034,0.0317,0.0319,0.026,0.0213,0.0227,0.0192,0.0065,-0.0103,-0.0108,-0.0107,-0.0117,-0.0116,-0.0117,-0.0111,-0.0118,-0.0123,-0.0098,-0.0071,-0.0067
2022-07-30,-0.6787,-78.438,E,,0.0579,0.042,0.04,0.034,0.0312,0.027,0.0225,0.0168,0.0102,0.0103,0.0119,0.0042,-0.0015,-0.0074,-0.0128,-0.0178,-0.0208,,,,,,,,,0.075,0.0493,0.0459,0.0121
2022-07-30,-0.6787,-78.438,N,0.0232,0.0119,0.0009,0.0095,0.0109,0.0089,0.0039,-0.0075,-0.0165,-0.0184,-0.0129,-0.0111,-0.0056,-0.0038,-0.0013,-0.0011,-0.0005,-0.0021,-0.0008,-0.0031,-0.0027,-0.0006,-0.0,0.0028,0.0046,0.0057,0.0066,0.0069,0.0092,0.0095
2022-07-30,-0.6787,-78.438,NE,0.0297,0.014,0.0093,0.0006,0.0003,0.0065,0.0097,0.0047,0.0046,0.0015,0.0021,-1e-04,1e-04,0.0019,0.001,1e-04,0.0017,0.0013,-0.0007,-0.0011,-0.0039,-0.0052,0.0048,0.0014,0.005,0.0017,1e-04,-0.0004,0.0044,0.0018
2022-07-30,-0.6787,-78.438,NO,,0.0029,0.0002,,,-0.0039,-0.0011,0.0029,-0.0012,0.0035,,,,-0.0013,,0.0029,0.0031,0.0046,0.0036,0.0069,-0.0017,,,,,,,,-0.0077,-0.0147
2022-07-30,-0.6787,-78.438,O,,,-0.0041,-0.0122,-0.0232,,,,,,,,,,,,0.0012,0.0032,0.0072,0.0034,0.0048,0.0044,-0.0022,-0.0152,-0.0078,-0.0052,0.0063,-0.0096,-0.0088,-0.0146
2022-07-30,-0.6787,-78.438,S,0.0594,0.0585,0.0544,0.0529,0.0446,0.0296,0.0212,0.0114,0.0078,0.0081,0.0061,0.0004,-0.0027,-0.0024,-0.0018,-0.0067,-0.0046,-0.0057,-0.0072,-0.0065,-0.0055,-0.0036,-0.0008,-0.0027,-0.0042,-0.0034,0.0038,-0.0031,0.0012,0.0024
2022-07-30,-0.6787,-78.438,SE,0.0502,0.0466,0.0425,0.0418,0.0396,0.0352,0.0336,0.0286,0.0286,0.0143,0.0098,-0.0093,0.0011,-0.0082,-0.0099,-0.0082,-0.0067,-0.0072,-0.0051,-0.0083,-0.0087,-0.0094,-0.0092,-0.0102,-0.0067,-0.0047,-0.0041,-0.0035,-0.0007,-0.0035
2022-07-30,-0.6787,-78.438,SO,,0.0494,0.0352,0.021,0.0107,0.0085,0.0106,0.0064,0.0104,0.0062,0.0062,,,,,,0.0022,-0.0027,-0.0027,-0.0025,-0.0028,-0.0007,-0.0028,-0.0028,-0.0028,-0.0028,-0.0029,-0.0029,-0.001,0.0008
2022-08-16,-0.673,-78.4369,E,,-0.0178,0.0031,0.0095,0.0149,0.0248,0.0157,0.0066,0.0092,0.0059,0.018,0.0233,0.0302,0.0314,0.0238,0.018,0.0191,-0.0326,-0.0348,,-0.0547,,,,,,,,,
2022-08-16,-0.673,-78.4369,N,,0.0496,0.0189,0.0099,0.0118,0.0083,0.0046,0.0003,0.0034,0.0042,0.0046,0.0047,0.0003,-0.0036,-0.0089,-0.0071,-0.0028,-0.0,0.0006,0.002,-0.0,0.0009,0.0009,0.0017,0.0021,0.0025,0.002,-0.001,-0.002,-0.0017
2022-08-16,-0.673,-78.4369,NE,,0.0582,0.0723,0.0356,0.0275,0.0195,0.0191,0.0103,0.0056,-0.0016,-0.0013,0.0009,-0.0047,-0.001,-0.0134,-0.0172,-0.0173,-0.023,-0.0062,-0.011,-0.0108,0.012,0.0129,0.0077,0.0288,0.0382,0.0219,0.0044,,-0.0175
2022-08-16,-0.673,-78.4369,NO,0.0687,0.0325,0.0195,0.0214,0.0164,0.009,0.0059,0.0044,0.0031,0.0008,0.003,0.0027,0.0029,-0.0012,,0.0012,,,,,,,,,,,,,,
2022-08-16,-0.673,-78.4369,O,,0.056,0.0339,0.026,0.0263,,,,,,,,,,,-0.0029,-0.0022,0.0048,0.0029,0.0053,,,0.0048,-0.0012,-0.0007,-0.0007,-0.0012,-0.0014,-0.0007,-0.0017
2022-08-16,-0.673,-78.4369,S,,0.0549,0.0376,0.0178,0.007,0.0085,0.0091,0.0087,0.008,0.0084,0.0095,0.0089,0.0053,0.0061,0.0075,-0.003,-0.002,-0.0016,0.0009,-0.0003,-0.0027,-0.0051,-0.0074,-0.0095,-0.0061,0.0079,-0.013,-0.0185,-0.0232,-0.0261
2022-08-16,-0.673,-78.4369,SE,,,0.0639,0.0635,0.0591,0.0282,0.0225,0.0095,0.002,-0.0011,-0.0076,-0.0123,-0.0226,-0.0274,-0.0387,-0.0336,-0.0252,-0.0259,0.0012,0.0353,0.0243,0.0309,0.0285,0.0268,0.0179,0.0004,0.008,0.0016,-0.005,-0.0179
2022-08-16,-0.673,-78.4369,SO,0.1153,0.0564,0.0442,0.0403,0.0365,0.0282,0.0285,0.0242,0.0243,,,,,,,,0.0113,0.0097,0.0023,0.0003,0.0002,-0.0021,-0.002,-0.0028,-0.0029,-0.0032,-0.0024,-0.0014,-0.0012,-0.0007
2022-09-02,-0.6727,-78.4367,E,,0.0225,0.0343,0.0342,0.0406,0.0379,0.0284,0.0054,0.0113,0.0079,0.0113,0.0137,0.0095,0.018,-0.0044,,,,,,,,,,0.0365,0.0093,0.0086,-0.0015,-0.0088,-0.0322
2022-09-02,-0.6727,-78.4367,N,,0.0263,0.0156,0.0127,0.007,0.0025,0.0006,0.0041,0.0039,0.0002,-0.0011,-0.0035,-0.0075,-0.0144,-0.016,-0.01,-0.0026,-0.0016,-0.0005,0.0033,0.0029,0.0013,0.0018,0.0036,0.0038,0.0039,0.0053,0.0038,0.002,0.0051
2022-09-02,-0.6727,-78.4367,NE,0.1668,0.1014,0.1341,0.1007,0.0812,0.0441,0.0262,0.0171,0.0224,0.0143,0.0036,0.0066,-0.0134,-0.0203,-0.02,-0.0226,-0.006,-0.0011,0.0228,-0.0121,-0.0247,-0.0357,-0.0284,-0.017,-0.02,0.0272,0.0191,0.0221,0.0258,0.0249
2022-09-02,-0.6727,-78.4367,NO,0.0794,,0.0225,0.0167,0.0124,0.0059,0.0027,0.0025,0.0039,-0.0005,0.0008,-0.0041,-0.0041,-0.0084,-0.0084,-0.0026,0.0002,0.0041,0.0075,0.0079,0.0072,0.0027,0.0026,0.0024,-0.0015,-0.0013,0.0023,0.0019,0.0028,0.0023
2022-09-02,-0.6727,-78.4367,O,,0.0661,0.0401,0.0238,0.0178,0.0159,0.0121,0.0085,0.002,,,,,,,,,,,0.0016,0.0056,-0.0016,-0.0009,-0.001,-0.0006,-0.0004,0.0005,,,
2022-09-02,-0.6727,-78.4367,S,,0.157,0.147,0.0744,0.0289,0.0107,0.0085,0.0058,0.0019,0.0,0.0005,0.0022,-0.0049,-0.0057,0.0048,0.0006,-0.0035,-0.0031,-0.0011,0.0024,-0.0007,-0.0036,-0.0092,-0.0188,-0.0137,-0.0145,-0.0232,-0.0018,-0.0309,-0.045
2022-09-02,-0.6727,-78.4367,SE,0.1545,0.1763,0.1699,0.169,0.1281,0.1174,0.0826,0.0301,0.0483,-0.0152,-0.0007,-0.0098,-0.0298,-0.0309,-0.0372,-0.047,-0.0462,-0.052,0.022,0.0482,0.0689,0.0476,0.032,0.0226,0.0109,-0.0089,-0.0295,-0.0145,-0.0207,-0.0088
2022-09-02,-0.6727,-78.4367,SO,0.1558,0.1258,,0.0582,0.0427,0.0224,0.0148,0.0155,0.012,0.0036,-0.0008,-0.0006,-0.0027,-0.0045,-0.0042,,,,,,0.0046,0.0007,0.0014,0.0016,0.0019,-0.0025,-0.0026,-0.0022,-0.0023,-0.0028
2022-09-19,-0.6727,-78.4369,E,,0.0101,0.0307,0.0353,0.0411,0.0413,0.0349,0.0181,0.0132,0.002,0.0144,0.0104,0.0045,0.0118,-0.0013,-0.0238,-0.0483,,,,,,,,,0.0258,0.0124,-0.0013,-0.0038,-0.0186
2022-09-19,-0.6727,-78.4369,N,,0.0756,0.0453,0.014,0.008,0.0063,0.0006,0.0018,0.0002,0.0016,0.0009,0.0002,-0.0038,-0.0086,-0.0138,-0.0146,-0.0117,-0.0055,-0.0022,-0.0008,0.0009,0.0027,0.0029,0.0051,0.0017,0.0051,0.0046,0.0024,0.003,0.0006
2022-09-19,-0.6727,-78.4369,NE,0.1908,,0.1742,0.1036,0.1286,0.0589,0.0241,0.0146,0.0117,0.0049,-0.0078,0.0035,-0.0144,-0.018,-0.0233,-0.0324,-0.0294,-0.0301,0.001,0.0045,-0.0177,-0.0169,-0.0241,0.0062,0.0344,0.0475,0.0401,-0.0032,0.0145,0.0189
2022-09-19,-0.6727,-78.4369,NO,,0.0493,0.0319,0.0267,0.0171,0.0104,0.0076,0.0041,0.0036,1e-04,-1e-04,-0.0036,-0.0021,-0.0074,-0.008,-0.0078,-0.0028,0.0036,0.0096,0.0114,0.0132,0.0125,-0.0014,-0.001,-0.0007,0.0002,-0.0002,1e-04,0.0014,0.0047
2022-09-19,-0.6727,-78.4369,O,,0.0905,0.0397,0.0317,0.0238,0.0201,0.0161,0.0164,,,,,,,,,,,-0.0043,-0.0023,0.0045,0.0028,0.0076,0.0074,-0.0057,-0.0059,-0.0053,-0.0059,-0.0061,-0.0053
2022-09-19,-0.6727,-78.4369,S,,,0.0649,0.0231,0.0104,-0.0023,0.0065,0.0012,0.0003,0.0011,-0.0006,-0.0025,-0.002,-0.001,0.0096,-0.0151,-0.0157,0.0048,0.0098,0.0034,-0.0031,-0.005,-0.0212,-0.0174,-0.0153,0.0132,0.0326,-0.0249,-0.0167,-0.0368
2022-09-19,-0.6727,-78.4369,SE,0.1751,0.1552,0.1653,0.1166,0.0897,0.0813,0.0492,-0.0016,0.027,-0.0244,-0.0268,-0.0279,-0.0418,-0.0326,-0.0529,-0.0415,-0.0143,-0.0014,0.0321,0.0558,0.0482,0.0348,0.015,0.008,0.0006,-0.005,-0.0114,-0.0166,-0.0144,-0.0107
2022-09-19,-0.6727,-78.4369,SO,0.1484,,0.0571,0.0417,0.0207,0.0069,0.0077,0.0048,0.0009,-0.0032,-0.0016,-0.0031,-0.0028,-0.0031,,,,,0.0094,0.0002,-0.0008,-0.0012,-0.0009,-0.0027,-0.0021,-0.0049,-0.0026,-0.0,-0.0002,-0.0003
2022-10-06,-0.6752,-78.438,E,,,,,,,,,,0.0097,0.0082,0.0007,0.0012,-0.0006,-0.0004,-0.003,-0.005,-0.0034,-0.0011,-0.0007,-0.0002,-0.0006,-0.0028,-0.0006,-0.0022,-0.0005,-0.0004,-0.0026,-0.0061,-0.0069
2022-10-06,-0.6752,-78.438,N,,0.0127,,0.0044,-1e-04,-0.0036,-0.0081,-0.0107,-0.0123,-0.0107,-0.011,-0.0109,-0.0101,-0.0153,-0.0176,-0.0175,-0.0141,-0.0042,0.002,0.0072,0.0028,0.0007,0.0004,0.0008,0.0055,0.0084,0.0094,0.0101,0.0129,0.0129
2022-10-06,-0.6752,-78.438,NE,,,,,,,,,,,0.051,0.0429,0.0225,0.0204,0.0069,0.0038,0.0022,0.0043,0.0016,-0.0012,-0.0037,-0.0044,-0.006,-0.0129,-0.0072,-0.0059,-0.0082,-0.0031,-0.0033,-0.0039
2022-10-06,-0.6752,-78.438,NO,0.0257,0.0157,0.0113,0.0079,0.0062,0.0032,-0.0048,-0.008,-0.0067,-0.0049,-0.0077,-0.0115,-0.0153,-0.0171,-0.0124,-0.0075,-0.0096,-0.0055,-0.0034,-0.0008,-0.0003,-0.0008,0.0041,0.0086,0.0114,0.014,0.0192,0.0262,0.0277,0.0264
2022-10-06,-0.6752,-78.438,O,,-0.0015,-0.0088,-0.0116,-0.012,-0.0129,-0.0087,-0.0079,-0.0093,-0.0058,-0.0057,-0.0013,0.0091,0.0131,0.0201,-0.0041,-0.0081,-0.0078,-0.0097,-0.01,-0.0076,-0.0042,-0.0065,,,,,,,
2022-10-06,-0.6752,-78.438,S,,0.0603,0.0547,0.0509,0.0435,0.0401,0.0368,0.0326,0.0251,0.0151,-0.0006,-0.0035,-0.0049,-0.0061,-0.0076,-0.0091,-0.0076,-0.0081,-0.0093,-0.0061,-0.0033,0.0004,0.0079,0.0045,0.0025,0.0017,0.0015,0.001,0.0019,0.0036
2022-10-06,-0.6752,-78.438,SE,,,,,,,,,,,,0.0127,0.0175,0.0091,0.0054,0.0014,-0.0041,-0.0012,-0.0032,-0.0069,-0.0019,0.0013,0.0026,0.0052,0.0046,0.0031,-0.0002,-0.0002,-0.0039,-0.0055
2022-10-06,-0.6752,-78.438,SO,0.0615,0.0505,0.0491,0.0473,0.0522,0.0487,0.0503,0.0433,0.0335,0.0241,0.018,0.0003,-0.0043,-0.0051,-0.0054,-0.005,-0.0052,-0.0049,-0.0053,-0.0047,-0.004,-0.0036,-0.0037,-0.0051,-0.0046,-0.0048,-0.0007,0.003,0.0025,0.0043
2023-04-09,-0.6757,-78.4386,E,,0.0243,0.0235,0.0187,0.0169,0.0123,0.0067,0.0033,-0.0002,-0.0023,-0.001,-0.0008,-0.0019,-0.0036,-0.0038,-0.0055,,,,,,,,,,,0.0014,0.0005,0.0019,0.0009
2023-04-09,-0.6757,-78.4386,N,,0.029,,0.0245,0.0244,0.0205,0.0141,0.008,0.0138,0.0109,0.0041,0.0035,0.004,0.0039,0.0022,-0.0031,-0.0041,-0.0104,-0.013,-0.0046,-0.0171,-0.0103,-0.0062,-0.0036,-0.0022,-0.0018,0.0013,0.0031,0.0021,0.0062
2023-04-09,-0.6757,-78.4386,NE,0.0153,0.0084,0.0081,0.0056,0.0031,0.0029,0.002,0.0009,0.0011,-0.0041,,,,,,,,,,,,,,,,,,,-0.0006,
2023-04-09,-0.6757,-78.4386,NO,0.0727,0.0706,0.0665,0.0645,,,,,,,,,,,,,,,,,,,,,,,,,,
2023-04-09,-0.6757,-78.4386,O,,0.0727,0.0707,,,,,,,,,,,,,,,,,,,,,,,,,,,
2023-04-09,-0.6757,-78.4386,S,,0.0696,0.0677,0.0663,0.0581,0.0467,0.0334,0.0197,0.0085,0.0012,1e-04,-0.0008,-0.0016,-0.0023,-0.0032,-0.0036,-0.0044,-0.0047,-0.006,-0.0028,-0.0031,-0.0032,-0.0004,-0.0013,-0.0019,-0.0022,0.0002,0.0012,0.0021,0.004
2023-04-09,-0.6757,-78.4386,SE,0.041,0.0408,0.0361,0.034,0.0358,0.031,0.0264,0.0223,0.0217,0.0178,0.0169,0.0129,0.0126,0.0119,0.0015,-0.001,0.0061,0.0041,0.0056,0.0033,0.0009,-0.0074,-0.0019,-0.0121,-0.0046,-0.0111,-0.0009,-0.0012,-0.006,-0.0063
2023-04-09,-0.6757,-78.4386,SO,0.0727,0.0686,0.0666,0.0645,0.0584,,,,0.0,,,,,,,,,,,,,,,,,,,,,
2023-08-19,-0.6727,-78.4369,E,,,,,,,,,,0.0245,0.0308,0.0301,0.021,0.0254,0.0204,0.0221,0.016,0.0122,0.0102,0.0081,-0.0,0.0142,0.0034,0.0026,-0.0049,-0.0036,-0.0009,-0.0133,-0.0158,-0.0186
2023-08-19,-0.6727,-78.4369,N,,0.1006,0.038,0.0166,0.0126,0.0085,0.0199,0.0296,0.032,0.0122,0.0109,0.0083,-0.0012,-0.0088,-0.0017,-0.0128,-0.0043,-0.0024,0.0023,0.0078,0.0024,0.0002,0.0016,0.0004,-0.0053,1e-04,-0.001,-0.0042,-0.0011,-0.0044
2023-08-19,-0.6727,-78.4369,NE,,,,,,,,,,,0.0927,0.0503,-0.0085,-0.0144,-0.0227,-0.0291,-0.0324,-0.0472,-0.0225,-0.0155,-0.019,-0.021,-0.0158,0.0333,0.0309,0.0236,0.0147,0.0079,0.0053,-0.0035
2023-08-19,-0.6727,-78.4369,NO,0.1399,0.0517,0.0335,0.0255,0.0177,0.0124,0.0246,0.0087,0.0092,0.0086,0.0037,0.002,0.0027,-0.0015,-0.0025,-0.0053,-0.0066,-0.0051,-0.0042,-0.0055,-0.0008,-0.0003,-0.001,0.0004,0.0026,0.0024,0.0034,0.0024,0.0021,0.0043
2023-08-19,-0.6727,-78.4369,O,,0.1177,0.0927,0.0298,0.0136,0.0074,0.0031,-0.0002,-0.0008,-0.0027,0.0215,0.0173,-0.0087,-0.013,0.0046,0.0028,0.0004,-0.0135,-0.0245,-0.0186,0.0129,0.0305,0.0249,-0.0293,-0.0656,-0.0672,,,,
2023-08-19,-0.6727,-78.4369,S,,0.1282,0.0628,0.0372,0.0211,0.0229,0.0269,0.0448,0.0471,0.0453,0.0456,0.0306,0.0272,0.0261,0.0231,0.0167,0.0204,0.0106,0.0067,-0.0031,-0.0068,-0.0158,-0.0231,-0.0259,-0.0269,-0.029,-0.0331,-0.0325,-0.0326,-0.0338
2023-08-19,-0.6727,-78.4369,SE,,0.0569,,,,,,,,,,0.0386,0.0225,-0.0005,-0.0226,-0.0084,-0.016,-0.0204,-0.0103,0.0094,0.0056,0.0194,0.0192,0.0111,0.0178,0.0011,0.0079,-0.0009,0.0087,0.0171
2023-08-19,-0.6727,-78.4369,SO,0.1631,0.1209,0.0973,0.1017,0.0365,0.0249,0.0211,0.02,0.0238,0.0233,0.0243,0.0208,0.0228,0.0184,0.0207,0.0212,0.0174,0.001,-0.0177,-0.0177,-0.0173,-0.0184,-0.0185,-0.0187,-0.0209,-0.0208,-0.0224,-0.0045,0.0015,0.0141
2023-11-13,-0.6727,-78.4369,E,,0.0735,0.0718,0.0642,0.065,0.0653,0.0643,0.0364,0.0202,0.0244,0.0066,0.0242,0.0147,0.0236,0.025,0.0257,0.0177,0.0189,0.0167,0.0148,0.0037,0.0099,0.0023,0.0075,-0.0121,-0.0153,-0.033,-0.0423,,
2023-11-13,-0.6727,-78.4369,N,,0.0473,0.0286,0.0237,0.0193,0.0105,0.0068,0.007,,,,,,,,,-0.011,-0.0101,-0.0078,-0.0067,-0.0039,-0.0003,0.0029,0.0057,0.0034,0.0006,-0.0011,-0.0042,-0.0064,-0.0055
2023-11-13,-0.6727,-78.4369,NE,0.1204,,0.106,0.0617,0.0669,0.0311,0.0212,0.0143,0.0112,0.0091,0.0042,0.0058,-0.0024,-0.0032,-0.0087,-0.0116,-0.0117,-0.0141,-0.0087,-0.01,-0.0144,-0.0111,-0.0083,0.001,0.0085,0.0138,0.0175,0.0156,0.0021,-0.0079
2023-11-13,-0.6727,-78.4369,NO,0.1098,,,,,,,,,,,,,,,,,,,,,,,,,,,,,
2023-11-13,-0.6727,-78.4369,O,,,,,,,,,,,,,,,0.0012,0.0003,-0.0117,-0.0058,-0.0037,-0.0003,0.0057,0.0032,0.0107,0.0084,0.0062,-0.0098,-0.0107,-0.0123,-0.0111,-0.009
2023-11-13,-0.6727,-78.4369,S,,0.0848,0.0436,0.0247,0.008,0.0078,0.0031,0.0018,0.0075,0.0128,0.0071,0.0026,0.0007,-0.002,-0.0008,-0.0052,-0.0066,0.0212,0.0177,-0.0047,-0.0105,0.004,0.0009,-0.0033,-0.0089,-0.0055,-0.0134,-0.0087,-0.0122,0.0033
2023-11-13,-0.6727,-78.4369,SE,0.0978,0.0853,0.0957,0.0525,0.0221,0.0052,0.0022,-0.0005,-0.0038,-0.0059,-0.007,-0.0064,-0.0108,-0.0136,-0.0127,-0.0103,0.0059,0.0213,0.0028,-0.0068,-0.0084,-0.0087,-0.012,-0.0132,-0.0072,-0.0083,0.0062,0.0058,0.0115,0.0138
2023-11-13,-0.6727,-78.4369,SO,0.1018,,,,,,,,,0.0223,0.0224,0.0183,0.0229,0.0147,0.0169,0.0128,0.0108,0.0025,-0.006,-0.0082,-0.0101,-0.0101,-0.0083,-0.01,-0.0076,-0.01,-0.0101,-0.0096,-0.0095,-0.0089
2024-08-30,-0.6727,-78.4367,E,,-0.0203,-0.0077,0.0015,0.0152,0.021,0.0238,0.0177,0.0183,0.0011,0.0135,0.0157,0.0177,0.0203,0.0134,0.016,0.0107,0.0034,0.0018,-0.002,-0.0083,0.0036,0.0081,0.0065,0.0053,0.0019,0.0116,0.0092,0.0107,-0.0045
2024-08-30,-0.6727,-78.4367,N,,0.0678,0.05,0.0303,0.0203,0.0113,0.0075,0.0027,-0.0025,0.0005,0.0021,0.009,0.0064,0.0061,0.0064,0.0077,0.008,0.0066,0.0028,0.0045,0.0034,-0.0015,-0.0044,-0.0043,-0.007,-0.0094,-0.009,-0.0191,-0.0264,-0.0352
2024-08-30,-0.6727,-78.4367,NE,0.2153,0.1304,0.1714,0.0984,0.1005,0.0633,0.0381,0.0179,0.0074,-0.0052,-0.0183,-0.0134,-0.0419,-0.0444,-0.0397,-0.0423,-0.008,-0.0225,-0.0111,-0.0196,0.0104,0.0322,0.0618,0.0618,0.0553,0.0376,0.0229,0.0086,-0.0122,-0.0221
2024-08-30,-0.6727,-78.4367,NO,0.1339,,0.0391,0.0298,0.0218,0.0159,0.0133,0.0104,0.0093,0.0064,0.0046,0.0012,-0.0006,-0.0011,-0.0015,-0.0012,-0.0011,-0.001,-0.0008,-0.0007,-0.0004,-0.0004,-0.0003,-0.0003,-1e-04,-0.0004,-0.0005,0.0002,-0.0004,-0.0004
2024-08-30,-0.6727,-78.4367,O,,0.0995,0.0647,0.044,0.0273,0.0149,0.0072,0.0013,-0.0019,-0.0049,-0.0079,-0.0112,-0.0133,-0.0158,-0.0167,-0.0191,-0.019,-0.0162,-0.007,0.0164,0.0518,0.0581,0.0413,0.0253,-0.0424,-0.0454,-0.0554,-0.031,-0.0343,-0.0139
2024-08-30,-0.6727,-78.4367,S,,0.109,0.0866,0.0592,0.0171,-0.0004,-0.0113,-0.0212,-0.0241,-0.023,-0.023,-0.0195,-0.0252,-0.0149,-0.0077,-0.005,0.0014,0.0099,0.007,0.008,0.0138,0.0102,0.0112,0.0044,0.0013,-0.0062,-0.0128,-0.0176,-0.0277,0.0002
2024-08-30,-0.6727,-78.4367,SE,0.0981,0.1023,0.088,0.0977,0.0852,0.0866,0.0674,0.0279,0.0339,-0.0226,-0.0114,-0.0255,-0.0221,-0.0393,-0.0404,-0.0112,-0.0016,0.0017,0.0258,0.0276,0.0286,0.0258,0.0203,0.0136,0.0124,0.0083,0.004,-0.0009,-0.0013,-0.0029
2024-08-30,-0.6727,-78.4367,SO,0.1379,0.116,0.0972,0.0834,0.0555,0.0109,0.0023,-0.0054,-0.0092,-0.0124,-0.0141,-0.0162,-0.0147,-0.0172,-0.0182,-0.0173,-0.0198,-0.0168,-0.0178,-0.018,-0.0144,-0.0089,0.0005,0.0074,0.0109,0.0123,0.0093,0.0167,0.0152,0.0149
2025-12-07,-0.6814,-78.4367,E,,,,,,,,,0.0066,0.0025,-0.0004,-0.0013,-0.0022,-0.0021,-0.0014,-0.003,-0.0033,-0.0026,-0.0022,-0.0008,1e-04,0.0013,0.0027,0.0044,0.0057,0.0037,0.0019,0.0002,-0.0021,-0.0012
2025-12-07,-0.6814,-78.4367,N,,,,0.0348,,,,,,,,,,,,-0.0049,-0.0042,-0.0042,-0.0053,-0.0059,-0.0055,-0.0046,-0.0041,-0.0038,0.0005,0.0008,0.0007,0.0012,0.0012,0.0021
2025-12-07,-0.6814,-78.4367,NE,,,,,,,,,,-0.0114,-0.0108,-0.0044,0.0009,-0.0006,0.0002,0.0004,0.0008,0.0004,0.0003,0.0003,0.0003,0.0004,0.0016,0.0026,0.0037,0.0046,0.0048,0.0051,0.0056,0.006
2025-12-07,-0.6814,-78.4367,NO,,,0.0351,,0.0141,,,0.0072,0.0048,0.0043,,-0.0022,,,0.0052,,,,,,,,0.0034,0.0007,0.0003,-0.0,-0.0007,-0.0015,-0.0008,0.0002
2025-12-07,-0.6814,-78.4367,O,,,,,,,,0.0521,0.0341,0.0294,0.036,0.0245,,,-0.0163,-0.0111,-0.0033,0.0009,-0.01,0.001,0.0026,-0.0043,-0.0092,-0.0068,-0.0071,-0.005,-0.0055,-0.0069,-0.0078,-0.0075
2025-12-07,-0.6814,-78.4367,S,0.0976,0.0985,,,,,,,,0.0186,0.0086,0.0231,-0.0068,-0.0159,-0.0169,-0.0159,-0.0175,-0.0157,-0.0109,-0.0039,0.0046,0.0064,0.0086,0.0049,0.0049,0.0042,0.0027,0.003,0.0028,0.0043
2025-12-07,-0.6814,-78.4367,SE,,,,,,,,,-0.0022,-0.0024,-0.0029,-0.0031,-0.0031,-0.0025,0.0004,0.0067,0.0129,0.0128,0.0135,0.0113,-0.0038,0.002,-0.0044,-0.0044,-0.0051,-0.0053,-0.0054,-0.0057,-0.0055,-0.0042
2025-12-07,-0.6814,-78.4367,SO,,,,,,,,,,,0.0882,0.057,0.0336,0.0115,0.0205,0.0074,0.025,-0.0003,-0.0053,-0.0124,-0.0158,-0.019,-0.0175,-0.0177,-0.0176,-0.0081,-0.014,-0.0102,0.0002,-0.0009
2025-12-15,-0.677,-78.4316,E,,,,,,,,,,0.0487,0.0396,0.0321,0.0187,0.011,-0.0045,-0.0172,-0.0296,-0.0355,-0.0455,-0.054,-0.0652,-0.0625,-0.0198,-0.0345,-0.0233,0.0113,0.0379,0.018,0.0144,0.0046
2025-12-15,-0.677,-78.4316,N,,,,,,,,,,,,,,,,,,-0.0046,-0.0052,-0.0013,-1e-04,-0.0015,0.0016,0.0005,0.0017,0.0063,0.0082,0.0039,0.0003,-1e-04
2025-12-15,-0.677,-78.4316,NE,,,,,,,,,,,,,0.0037,0.001,0.0013,0.001,-1e-04,-0.0,-0.0008,-0.0013,-0.0008,-0.0025,-0.0008,-0.0007,-0.0013,-0.0053,-0.0051,0.004,-0.0016,0.0129
2025-12-15,-0.677,-78.4316,NO,,,,,,,,,,,,,,,,,,,,0.0009,-0.0004,0.0005,1e-04,-0.0005,-0.0009,0.0006,0.0015,0.0029,0.0033,0.0031
2025-12-15,-0.6776,-78.4394,O,,-0.0162,,,,,,-0.0595,-0.0712,-0.0843,-0.0901,,,-0.0808,-0.0254,0.0284,0.0575,,,,-0.0223,-0.0103,0.0207,0.0343,0.0186,-0.0121,-0.009,0.0142,0.0327,
2025-12-15,-0.6773,-78.4355,O,,,,,,,,,,,,,,,,,,0.0359,,-0.0106,,,,,,,,,,
2025-12-15,-0.677,-78.4316,O,,,,,,,,,,,,,,,,,,,0.0,,,,,,,,,,,
2025-12-15,-0.6776,-78.4394,S,0.0221,,,,,,,,,,,,,,,,-0.0018,-0.0018,-0.0012,1e-04,0.0015,0.0019,0.0028,-0.0014,-0.0003,0.0015,0.0025,0.0083,0.0113,0.0123
2025-12-15,-0.6776,-78.4394,SE,,,,,,,,,,,,,0.0102,0.0064,0.0039,-0.0006,-0.0038,-0.006,-0.0067,-0.0091,-0.0059,-0.0047,-0.003,-0.0033,-0.0032,-0.0047,-0.0034,0.0003,0.0039,0.0034
2025-12-15,-0.6776,-78.4394,SO,,-0.0442,,,,,,,,,,,,,,,,,,,,-0.0093,0.0047,-0.0086,-0.0082,-0.0038,-0.0027,-0.0019,-0.0017,0.0007
2025-12-15,-0.677,-78.4316,SO,0.0,,,,,,,,,,,,,,,,,,,,,,,,,,,,,
