date,center_lat,center_long,direction,15m,45m,75m,105m,135m,165m,195m,225m,255m,285m,315m,345m,375m,405m,435m,465m,495m,525m,555m,585m,615m,645m,675m,705m,735m,765m,795m,825m,855m,885m
2000-02-05,12.591,40.4831,E,0.0807,0.0597,0.0446,0.0356,0.0238,0.0422,0.0306,0.0262,0.0238,0.012,-0.0004,0.015,0.0258,0.024,0.0175,0.015,0.0209,0.0113,-0.0033,-0.0048,-0.0103,-0.0018,-0.0046,-0.0008,-0.0019,-0.004,-0.0112,-0.0167,-0.0254,-0.0279
2000-02-05,12.591,40.4831,N,0.0043,0.0195,0.0143,-0.0005,-0.0065,-0.0098,-0.0043,0.0032,-0.0032,0.0038,0.02,0.023,0.0148,0.0076,0.0006,-0.0066,-0.0156,-0.0132,-0.0097,-0.0102,-0.0073,-0.011,-0.0056,-0.0035,-0.0013,0.003,0.0011,0.0061,0.0122,0.0119
2000-02-05,12.591,40.4831,NE,,0.0455,0.0325,0.0305,0.0283,0.0086,0.0132,0.0109,0.0104,0.0127,0.0133,0.0128,0.012,0.0174,0.0082,0.0074,0.0037,-0.0039,-0.0031,-0.005,-0.0062,0.0067,0.0058,0.0008,-0.001,0.0012,0.0065,1e-04,-0.014,-0.0241
2000-02-05,12.591,40.4831,NO,,0.071,0.0612,0.0373,0.0344,0.0191,0.0086,0.0241,0.0141,0.0071,0.0054,0.001,0.0031,-0.0005,-0.007,-0.0038,-0.0058,-0.0058,-0.0036,-0.0071,-0.0012,0.0074,0.0154,0.0142,0.0114,-0.0043,-0.0073,-0.0086,-0.0056,-0.0133
2000-02-05,12.591,40.4831,O,,0.081,0.079,0.0645,0.0277,0.0162,0.0079,0.0012,-0.0019,-0.0027,-0.0031,-0.0106,1e-04,-0.0018,0.0008,-0.0032,-0.0016,0.0046,0.0083,0.0036,0.0147,0.0114,0.0126,0.01,-0.002,-0.0012,-0.0063,-0.0033,-0.0154,-0.0163
2000-02-05,12.591,40.4831,S,,0.0753,0.0528,0.0215,0.0102,0.0034,-0.0102,-0.0055,0.0249,0.046,0.059,0.053,0.0221,0.0107,-0.002,-0.0091,-0.0242,-0.0065,-0.0023,0.0027,-0.0096,-0.0071,-0.006,-0.0082,-0.0113,-0.0113,-0.0037,-0.0002,-0.014,-0.0081
2000-02-05,12.591,40.4831,SE,,0.034,0.0305,0.0264,0.0047,-0.0046,0.0005,0.0153,1e-04,0.0022,0.0024,0.0125,0.0252,0.026,0.0284,0.0259,0.0111,0.0073,0.0136,0.0078,-0.0064,-0.0071,-0.0214,-0.0226,-0.0249,-0.0226,-0.0116,0.0026,0.0069,-0.0017
2000-02-05,12.591,40.4831,SO,,0.0384,0.0324,0.0327,0.0177,-0.0163,-0.0355,-0.0299,-0.0421,-0.0329,-0.027,-0.0275,-0.0269,-0.0212,-0.0241,-0.0214,-0.0185,-0.0062,0.0181,0.0074,0.0264,0.0292,0.0198,0.0155,0.0141,-0.0104,1e-04,0.0196,0.0156,-0.0026
2000-05-11,12.5937,40.4821,E,0.1,0.092,0.0575,0.0705,0.0589,0.0496,0.0394,0.0327,0.0354,0.0283,0.0474,0.0558,0.0512,0.049,0.0363,0.0362,0.0195,0.0029,-0.0183,-0.0291,-0.0429,-0.029,-0.0325,-0.0342,-0.0145,-0.0058,-0.0015,0.0013,0.0074,0.0171
2000-05-11,12.5937,40.4821,N,,-0.0134,-0.0136,-0.0114,-0.021,0.0027,-0.0086,-0.0106,0.0076,-0.0053,0.0047,0.0045,0.0044,-0.0029,-0.0106,-0.0083,-0.0102,-0.0096,-0.0148,-0.014,-0.0003,0.009,0.0032,0.0075,0.0097,0.0128,0.0194,0.0036,0.0033,-0.0026
2000-05-11,12.5937,40.4821,NE,,0.0971,0.0648,0.0718,0.0808,0.0715,0.0441,0.0441,0.0434,0.0396,0.0272,0.0276,0.013,0.0089,0.0081,-0.0028,-0.0038,-0.0036,-0.0009,-0.0073,-0.0089,-0.0042,-0.006,-0.0028,-0.0106,-0.0079,0.0012,-0.0015,-0.0048,0.0043
2000-05-11,12.5937,40.4821,NO,0.0408,0.0415,0.012,0.0079,-0.0005,0.0003,0.0259,0.0226,-0.0005,0.0076,-0.0058,0.0044,0.0023,0.0093,0.0078,0.0104,0.0092,0.012,0.0143,0.0191,0.0098,0.0107,0.0034,-0.0031,-0.0037,-0.0038,-0.003,-0.0011,0.0025,0.0048
2000-05-11,12.5937,40.4821,O,,0.1328,0.0948,0.0819,0.0767,0.0754,0.0639,0.0552,0.0269,0.0071,0.0483,0.0216,0.0039,-0.0056,-0.0187,-0.0115,-0.0265,-0.0341,-0.0302,-0.0285,-0.0247,-0.0273,-0.0215,-0.0155,-0.0036,0.0017,0.0018,0.0194,0.0185,0.0384
2000-05-11,12.5937,40.4821,S,,0.1532,0.12,0.1046,0.0997,0.1118,0.1223,0.1077,0.0961,0.0749,0.0534,0.0369,0.0147,0.0035,0.0027,0.0025,-0.0044,-0.019,-0.0352,-0.0463,-0.0392,-0.0398,-0.0405,-0.0332,-0.0121,0.0194,0.035,0.0325,0.007,0.0082
2000-05-11,12.5937,40.4821,SE,,0.0955,0.0809,0.0629,0.0626,0.0452,0.0293,0.034,0.0533,0.0273,0.0187,0.0076,-0.0032,-0.003,-0.0128,-0.0071,-0.008,-0.0059,-0.0017,-0.0058,0.0031,-0.0058,-0.008,-0.008,-0.0118,-0.011,0.0165,0.0067,0.0245,0.043
2000-05-11,12.5937,40.4821,SO,,0.1199,0.1014,0.0772,0.0646,0.0518,0.027,0.0074,0.0278,0.0234,0.0465,0.0386,0.0188,-0.0357,-0.0639,-0.0626,-0.036,-0.04,-0.0326,-0.0191,0.0016,0.0169,0.0351,0.0353,0.0292,0.0274,0.0186,0.0005,-0.0163,0.0056
2000-12-05,12.5913,40.4834,E,0.0698,0.0652,0.0581,0.0378,0.0241,0.0291,0.0277,0.0215,0.0117,-0.0021,0.0153,0.0255,0.017,0.0187,0.0167,0.0236,0.0147,-0.0022,-0.0014,0.0007,-0.0004,-0.0005,0.0007,0.0028,-0.0004,-0.0067,-0.0127,-0.0209,-0.025,-0.0219
2000-12-05,12.5913,40.4834,N,0.0035,0.0041,-0.0103,-0.0132,-0.0186,-0.0079,0.0014,0.0049,0.0079,0.0218,0.0283,0.0201,0.0084,-0.0033,-0.0091,-0.0153,-0.0179,-0.0151,-0.015,-0.0114,-0.0133,-0.0121,-0.0059,-0.0071,-0.003,0.0072,0.009,0.0088,0.017,0.0188
2000-12-05,12.5913,40.4834,NE,,0.024,0.0136,0.006,-1e-04,-0.0081,-0.0026,0.0082,0.0119,0.0119,0.0064,-0.0003,0.0046,0.0042,-0.0076,-0.005,-0.0033,-1e-04,0.0006,0.0072,0.0002,0.0108,0.0025,0.0028,0.0077,0.0095,0.0113,-0.0136,-0.0163,-0.022
2000-12-05,12.5913,40.4834,NO,,0.068,0.0596,0.043,0.0395,0.0344,0.0296,0.0229,0.0123,0.0109,-0.0004,-0.0065,-0.0145,-0.0068,-0.0017,0.005,-0.0034,-0.0081,0.0006,-0.0029,-0.0047,0.004,0.0137,0.0094,0.0043,-0.0065,-0.0084,-0.0037,-0.003,-0.0097
2000-12-05,12.5913,40.4834,O,,0.0749,0.0877,0.0742,0.0473,0.023,0.012,0.0073,-0.0028,-0.005,-0.0114,-0.0084,-0.0056,-1e-04,-0.0069,-0.0003,-0.0026,-0.0002,0.0033,0.0037,0.0085,0.0087,0.0099,0.012,0.0115,0.0108,0.0033,-0.0002,-0.0066,-0.0132
2000-12-05,12.5913,40.4834,S,,0.0455,0.0405,0.0469,0.009,-0.0004,0.0041,-0.0005,-0.0051,0.0208,0.0333,0.0391,0.0352,0.0148,0.0026,-0.0014,-0.0157,-0.017,-0.0077,-0.0013,0.0091,0.0035,0.0064,-0.0021,-0.0029,-0.0107,-0.0122,-0.0125,-0.005,-0.0101
2000-12-05,12.5913,40.4834,SE,,0.0111,0.0243,0.0244,0.0194,0.0132,-0.0009,0.009,0.0083,0.0131,-0.0002,0.0029,0.0202,0.0222,0.0232,0.0236,0.0115,0.0185,0.0125,0.0044,-0.0078,-0.0105,-0.01,-0.0202,-0.0209,-0.0187,-0.0107,0.0051,-0.0051,-0.006
2000-12-05,12.5913,40.4834,SO,,0.0057,0.0121,0.0266,0.0233,0.0102,-0.0167,-0.0176,-0.0423,-0.0314,-0.023,-0.0193,-0.0192,-0.0229,-0.0194,-0.0225,-0.0144,-0.0142,0.005,0.0031,0.0138,0.0216,0.038,0.0056,0.0053,0.0014,0.0014,-0.0003,0.0078,0.0154
2001-01-22,12.5913,40.4834,E,0.0748,0.0612,0.056,0.0266,0.0309,0.0346,0.0295,0.026,0.0167,0.0031,0.0137,0.0211,0.0211,0.019,0.0138,0.0151,0.0109,-0.0028,-0.0054,0.002,0.0014,-0.0056,-0.0052,-0.002,-0.0082,-0.0107,-0.0129,-0.0191,-0.0244,-0.0223
2001-01-22,12.5913,40.4834,N,0.0131,0.0078,-0.0032,-0.0056,-0.0068,0.0011,0.0082,0.0022,0.0046,0.0129,0.0199,0.0152,0.0055,-0.0058,-0.0023,-0.0094,-0.0153,-0.0126,-0.0059,-0.0105,-0.0076,-0.0039,0.0006,-0.0024,-0.0011,0.0019,0.0041,0.0058,0.009,0.0094
2001-01-22,12.5913,40.4834,NE,,0.0226,0.0131,0.0131,0.0114,0.0083,0.0096,0.0124,0.0151,0.0153,0.0165,0.0136,0.0161,0.0173,0.007,0.0019,-0.0006,0.0014,0.001,-0.0003,-0.0019,0.004,0.0016,-0.0004,-0.0007,0.0039,0.0025,-0.0164,-0.0166,-0.0236
2001-01-22,12.5913,40.4834,NO,,0.0427,0.0412,0.0285,0.0284,0.0257,0.0226,0.016,0.0063,0.003,-0.0048,0.0014,0.0005,0.0048,0.0018,0.0051,-0.0028,-0.0052,-0.0029,0.0003,-0.002,-0.001,0.0105,0.0096,0.0006,-0.003,-0.0045,-0.0105,-0.0022,-0.0035
2001-01-22,12.5913,40.4834,O,,0.0723,0.0891,0.0746,0.0459,0.0266,0.0201,0.0109,0.0022,0.0004,-0.0074,-0.008,-0.0037,-0.0021,-0.0037,-0.0004,0.0025,0.0034,0.0032,-0.0014,0.005,0.0091,0.0099,0.0088,0.0111,0.0112,0.0031,-0.0017,-0.0063,-0.0163
2001-01-22,12.5913,40.4834,S,,0.0381,0.0369,0.0446,0.0191,0.0037,-0.0009,-0.0014,-0.0081,0.0162,0.03,0.0393,0.0402,0.0213,0.0062,0.002,-0.0049,-0.0092,-0.0011,0.0037,0.0082,0.0035,-0.0059,-0.0084,-0.0016,-0.0122,-0.0141,-0.0091,-0.0038,-0.0123
2001-01-22,12.5913,40.4834,SE,,0.0175,0.0272,0.0305,0.0249,0.0063,0.0008,0.0054,-0.0005,0.0212,0.0121,0.016,0.0238,0.0175,0.0213,0.0174,0.0064,0.0129,0.0151,0.0054,-0.0021,-0.0037,-0.0107,-0.018,-0.0227,-0.0209,-0.0093,0.0022,-0.0003,-0.0012
2001-01-22,12.5913,40.4834,SO,,0.0195,0.0227,0.0192,0.0237,0.0163,-0.0068,-0.0204,-0.0315,-0.0192,-0.0214,-0.022,-0.0206,-0.0241,-0.0147,-0.0178,-0.0194,-0.0146,-0.0005,0.004,0.0113,0.0279,0.0233,0.0129,0.0188,0.0018,-0.0056,-0.0017,0.0118,0.0166
2001-02-07,12.591,40.4834,E,0.0757,0.0673,0.0598,0.0553,0.04,0.0369,0.0313,0.031,0.0265,0.0257,0.0086,0.0161,0.022,0.0194,0.0127,0.0115,0.0082,0.0044,-0.0087,-0.0044,-0.0057,-0.0035,0.0012,-0.001,-0.0022,-0.0011,-0.0096,-0.0141,-0.0212,-0.025
2001-02-07,12.591,40.4834,N,0.0226,0.0152,0.0017,-0.0027,-0.009,-0.0054,0.0013,0.0029,0.0071,0.0166,0.0227,0.0162,0.0019,-0.0054,-0.0057,-0.0136,-0.0145,-0.0137,-0.0108,-0.0142,-0.011,-0.0122,-0.0029,-0.004,0.0015,-0.0013,0.0055,0.0109,0.011,0.0108
2001-02-07,12.591,40.4834,NE,,0.0473,0.0384,0.0318,0.0197,0.0096,0.0163,0.0198,0.0178,0.0171,0.0155,0.0082,0.0054,0.0111,0.0029,0.0034,-0.0022,-0.0024,-0.0004,-1e-04,0.0016,0.0037,-0.0012,-0.0007,0.0048,0.0039,0.0014,-0.0091,-0.0166,-0.0196
2001-02-07,12.591,40.4834,NO,,0.0727,0.0527,0.0483,0.0438,0.0251,0.0162,0.0146,0.01,0.0048,-0.0031,-0.0072,-0.0077,-1e-04,-0.0051,0.0029,0.0002,-0.0038,0.0003,0.0026,0.0035,0.0121,0.0166,0.0106,-0.0042,-0.0132,-0.0073,-0.0116,-0.0102,-0.0142
2001-02-07,12.591,40.4834,O,,0.0833,0.0731,0.0602,0.0241,0.0146,0.0156,0.0085,-1e-04,-0.0053,-0.0106,-0.0086,-0.0036,-0.0034,-0.0002,-0.001,-0.0007,-0.0018,1e-04,0.0064,0.0161,0.0134,0.0076,0.0172,0.0074,0.0079,0.0051,-0.0046,-0.0114,-0.0068
2001-02-07,12.591,40.4834,S,,0.0639,0.0569,0.0408,0.019,0.0101,-0.0111,-0.0061,-0.012,0.0239,0.0391,0.0487,0.0355,0.0086,0.0026,0.0008,-0.0142,-0.0148,-0.0062,-0.001,0.0049,0.0007,-0.0034,-0.0059,-0.0047,-0.0092,-0.0092,-0.007,-0.002,-0.0043
2001-02-07,12.591,40.4834,SE,,0.0269,0.0272,0.0261,0.0254,0.0232,0.0039,-0.002,-0.0074,0.0042,0.0054,0.0062,0.0157,0.0173,0.0221,0.0266,0.0196,0.0065,0.0168,0.0131,0.0031,-0.003,-0.0148,-0.0129,-0.0226,-0.022,-0.0194,-0.0052,0.0054,0.0064
2001-02-07,12.591,40.4834,SO,,0.0403,0.0479,0.0471,0.0217,0.0113,-0.0115,-0.0282,-0.0378,-0.029,-0.0238,-0.0275,-0.0277,-0.0228,-0.023,-0.0223,-0.0198,-0.0165,-0.0072,-0.0132,0.0289,0.0401,0.0261,0.0086,0.0204,0.0044,0.0022,0.0042,0.0053,0.0129
2001-04-12,12.5945,40.4818,E,0.0942,0.1003,0.079,0.0553,0.0416,0.0308,0.0263,0.0342,0.0353,0.0427,0.0421,0.0614,0.0556,0.0339,0.0185,-0.0019,-0.0265,-0.0338,-0.0322,-0.0421,-0.0474,-0.0277,-0.0125,-0.0106,-0.0116,-0.006,0.0016,0.0067,0.015,0.0133
2001-04-12,12.5945,40.4818,N,,0.0138,-0.0308,-0.0279,-0.0122,-0.0021,0.004,0.0146,0.0136,0.013,-0.0021,-0.002,-0.0162,-0.018,-0.0126,-0.005,-0.0056,0.0008,0.0026,0.0019,0.0078,0.0069,0.014,0.0169,0.0123,0.0156,0.0031,-0.0073,-0.0036,-0.0138
2001-04-12,12.5945,40.4818,NE,0.0734,0.0835,0.0465,0.0034,0.0167,0.006,0.0105,-0.0173,-0.0217,-0.0019,-0.0125,-0.0209,-0.0282,-0.0184,-0.0172,-0.0158,-0.0124,0.0057,0.0142,0.0106,0.0181,0.0121,0.0061,-0.0004,0.0151,-0.0019,0.0054,0.0025,0.0029,0.0072
2001-04-12,12.5945,40.4818,NO,0.0112,0.0235,-0.0135,-0.0484,-0.0237,-0.0309,-0.0169,-0.0063,-0.0074,-0.0056,-0.0117,-0.0046,-0.0031,0.0025,0.0073,0.0124,0.0189,0.0195,0.0227,0.025,0.0277,0.0243,0.0106,0.0107,0.008,-0.002,-0.0156,-0.0101,-0.0039,-0.007
2001-04-12,12.5945,40.4818,O,,0.0572,0.0661,0.0529,0.0423,0.0342,0.0315,0.0158,0.0182,-1e-04,0.0128,0.0032,0.0129,0.0414,0.0177,0.0128,-0.0044,-0.0236,-0.0255,-0.0285,-0.0258,-0.0297,-0.0245,-0.0183,-0.0196,-0.0056,-0.003,0.0091,0.0244,0.0404
2001-04-12,12.5945,40.4818,S,,0.1775,0.1569,0.1442,0.1255,0.1156,0.1099,0.1041,0.0857,0.0818,0.0868,0.0677,0.0427,0.0312,0.0057,-0.0019,-0.0364,-0.0498,-0.0542,-0.0461,-0.0433,-0.0344,-0.0307,-0.0319,-0.0127,0.0016,0.0268,0.0243,0.0169,0.0152
2001-04-12,12.5945,40.4818,SE,,0.1196,0.089,0.0717,0.0694,0.0567,0.0384,0.0219,0.0061,-0.0031,-0.0198,-0.0079,-0.0098,0.0087,0.0206,-0.0007,-0.0067,-0.0078,-0.0059,-0.0123,-0.019,-0.0105,-0.0216,-0.0089,-0.0095,-0.0042,0.0265,0.0183,0.0031,-0.0163
2001-04-12,12.5945,40.4818,SO,,0.1148,0.1003,0.0897,0.0807,0.0834,0.0752,0.0623,0.0565,0.0303,0.0284,0.0253,0.0232,0.0233,0.0021,-0.0278,-0.044,-0.045,-0.0499,-0.0403,-0.0371,-0.0351,-0.0086,-0.0091,-0.0027,0.0251,0.0374,0.0301,0.0141,0.0301
2001-09-03,12.5943,40.4798,E,0.1093,0.0926,0.0603,0.0279,0.0174,0.0195,0.0149,0.007,0.0113,0.0024,-0.0101,-0.0125,-0.0096,-0.0039,-0.0027,-0.0026,-0.0065,-0.0109,-0.0079,-0.0038,-0.0011,0.0016,-0.0026,-0.0003,0.0061,0.0048,-0.0005,0.004,0.0029,-0.0017
2001-09-03,12.5943,40.4798,N,,0.0283,0.0236,0.0192,0.0186,0.0143,0.0076,0.01,0.0011,-0.0212,-0.018,-0.0084,-0.005,0.0098,0.0075,0.0099,0.0064,0.0036,-0.0018,-0.0022,-0.0123,-0.0133,-0.0049,-0.0036,-0.0025,0.0011,0.0037,0.0067,0.0051,0.0094
2001-09-03,12.5943,40.4798,NE,,0.0133,-0.0016,0.0078,0.0139,0.0164,0.0213,0.0081,-0.0073,-0.0085,-0.01,-0.0065,-0.0041,-0.0055,-0.0031,-0.0045,-0.0048,-0.009,-0.0029,-0.0073,-0.0065,-0.0091,-0.0099,-0.0037,-0.0003,0.0058,0.0136,0.008,0.019,0.0191
2001-09-03,12.5943,40.4798,NO,,0.0464,0.0352,0.0271,0.0113,0.0093,0.0005,0.0067,0.005,-0.0022,-0.0167,-0.0157,-0.0009,0.0006,-0.0116,-0.0009,0.0144,0.0185,0.0182,0.0072,0.0121,0.0158,-0.0064,-0.0012,0.0065,-0.0065,-0.0055,-0.0145,-0.0067,0.0021
2001-09-03,12.5943,40.4798,O,,0.0707,0.0684,0.0626,0.0265,-0.0046,-0.0112,-0.0103,0.0088,0.0145,0.0184,-0.0009,-0.0083,-0.026,-0.018,-0.0128,-0.0175,-0.0173,-0.014,-0.0095,-0.0176,-0.0189,-0.0152,-0.0091,0.0014,0.0109,0.0026,0.0142,0.0049,0.0036
2001-09-03,12.5943,40.4798,S,,0.1124,0.1091,0.0915,0.0676,0.0454,0.0469,0.0392,0.0276,0.0101,-0.0005,-0.0024,-0.0048,-0.0106,-0.0104,-0.0137,-0.011,-0.001,0.0031,0.0054,-0.0014,-0.0019,-0.0043,-0.0044,-0.0045,-0.006,1e-04,0.0027,0.0067,0.0139
2001-09-03,12.5943,40.4798,SE,,0.0777,0.0593,0.0423,0.0334,0.0239,0.0259,0.025,0.0161,0.0137,-0.0,-0.0008,-0.012,-0.0034,-0.003,-0.0125,-0.0109,-0.0187,-0.0219,-0.0115,1e-04,0.0096,0.0023,-0.0003,0.0034,0.0063,0.0094,0.0079,0.0036,0.0017
2001-09-03,12.5943,40.4798,SO,,0.1164,0.1041,0.0882,0.0642,0.0544,0.0368,0.0233,0.0134,0.0047,0.004,-0.0017,-0.0092,-0.0194,-0.0269,-0.0207,-0.0157,-0.018,-0.0069,0.0136,0.0154,0.0154,0.0073,0.0185,0.005,0.0081,-0.0011,-0.0009,-0.0062,-0.0061
2002-01-25,12.594,40.4801,E,0.0774,0.0624,0.056,0.0539,0.0361,0.0234,0.0284,0.0137,0.0046,0.0009,-0.0043,-0.0081,-0.0015,1e-04,1e-04,-0.0027,-0.0025,-0.0003,-0.0019,-0.0056,-0.0065,-0.0054,-0.0062,-0.0007,-0.002,-0.0004,-0.0003,-0.001,0.0064,0.0117
2002-01-25,12.594,40.4801,N,,0.015,0.0066,0.0083,0.0026,0.0053,0.009,0.0033,-0.0164,-0.0265,-0.009,0.0143,0.0095,0.0,-0.0013,0.0043,0.0045,0.003,0.0029,0.0,-0.0026,-0.0044,-0.0047,-0.0033,0.001,0.0011,0.001,0.0031,0.007,0.0076
2002-01-25,12.594,40.4801,NE,,0.0413,0.0368,0.0384,0.0324,0.0321,0.0291,0.0198,0.0053,-0.0023,-0.0023,0.004,0.003,-0.0007,0.0094,-0.0127,-0.0077,0.0004,-0.011,-0.0125,-0.005,-0.0052,-0.0108,0.0029,-0.0055,0.0029,0.0041,0.0074,0.0194,0.0165
2002-01-25,12.594,40.4801,NO,0.0295,0.0236,0.0075,0.0061,0.0007,0.0029,0.0062,0.0155,-0.003,-0.0163,0.0008,-0.0049,-0.0015,0.0013,0.0047,0.0109,0.0105,0.0045,0.008,-0.0042,0.0114,0.0007,-0.0096,-0.0034,-0.0012,-0.0106,-0.0049,-0.0061,-0.0017,0.0083
2002-01-25,12.594,40.4801,O,,0.042,0.0139,0.0164,0.0298,0.0134,-0.0054,-0.003,-0.0021,0.0094,0.007,-0.013,-0.0156,-0.0149,-0.0139,-0.0171,-0.0088,-0.0068,-0.0088,-0.0064,-0.0072,-0.0059,-0.0056,-0.0059,-0.0061,0.0002,-1e-04,-0.0029,-0.0023,0.0037
2002-01-25,12.594,40.4801,S,,0.078,0.0729,0.0713,0.0664,0.0579,0.0493,0.0364,0.019,0.014,0.01,0.0044,-0.0092,-0.0175,-0.0153,-0.0184,-0.0223,-0.0166,0.0003,-0.0011,0.0067,0.0033,0.0002,-0.0043,-0.004,-0.0043,-0.0071,-0.0019,0.0006,0.0069
2002-01-25,12.594,40.4801,SE,,0.0591,0.0498,0.0482,0.0319,0.0323,0.0305,0.0238,0.0154,0.0124,-0.0021,-0.0047,-0.0023,-0.0099,-0.0101,-0.0066,-0.0113,-0.0057,-0.0057,-0.011,-0.0121,-0.003,-0.0037,-0.0062,-0.0012,0.0005,0.0005,0.0059,0.0073,0.006
2002-01-25,12.594,40.4801,SO,,0.079,0.0714,0.055,0.0327,0.0327,0.0105,0.0124,0.0065,0.0015,0.0038,0.0023,-0.0029,-0.0129,-0.012,-0.0091,-0.0056,0.003,0.005,0.0106,0.0101,0.0152,0.015,0.0105,0.0082,0.012,0.0012,-0.0024,-0.0012,-0.0126
2002-02-26,12.5913,40.4834,E,0.0657,0.0554,0.0451,0.0283,0.0289,0.0313,0.0296,0.0193,0.0122,0.0061,0.0066,0.0152,0.012,0.0119,0.011,0.011,0.0008,-0.007,-0.0,-0.0011,0.0058,0.0095,0.0082,0.0002,-1e-04,-0.0038,-0.0099,-0.0114,-0.0215,-0.0232
2002-02-26,12.5913,40.4834,N,0.006,0.0084,-0.0028,-0.0065,-0.0095,-0.0024,0.0095,0.003,-0.0003,0.0109,0.0257,0.0277,0.0129,0.0021,0.007,0.0007,-0.0111,-0.0119,-0.0018,-0.0006,-0.0067,-0.0027,-0.003,-0.0125,-0.0109,-0.0047,-0.0006,-0.001,-0.0003,-0.0091
2002-02-26,12.5913,40.4834,NE,,0.0241,0.0157,0.0102,0.0078,0.0042,0.0054,0.0095,0.0144,0.0132,0.0115,0.0009,0.0053,0.0048,0.005,-0.0025,-0.0002,-0.0008,0.0074,0.0075,0.001,0.0025,-0.0007,0.0049,0.0082,0.008,0.0027,-0.0139,-0.0131,-0.0167
2002-02-26,12.5913,40.4834,NO,,0.0525,0.0429,0.0351,0.0392,0.024,0.0182,0.0137,0.0006,0.0083,-0.0051,-0.0087,-0.0083,0.0003,-0.0009,0.009,-0.0043,-0.0078,0.0013,-0.0004,0.0014,0.0088,0.0154,0.0153,0.0056,-0.0103,-0.0095,-0.0072,-0.0087,-0.017
2002-02-26,12.5913,40.4834,O,,0.0831,0.0888,0.0711,0.0423,0.0077,0.0057,0.0045,-0.0023,-0.0133,-0.017,-0.0107,-0.0077,-0.006,-0.0027,-0.0016,0.0013,0.0035,0.0074,0.0101,0.0103,0.0137,0.0254,0.0218,0.0085,-1e-04,-0.0008,0.0019,-0.0085,-0.0201
2002-02-26,12.5913,40.4834,S,,0.0701,0.0629,0.075,0.0276,0.0165,0.0116,0.0154,-0.0047,0.0286,0.0399,0.0436,0.0483,0.014,0.0066,-0.0012,-0.0164,-0.0216,-0.0101,-0.0037,-0.0023,-0.0054,-0.0099,-0.0123,-0.0108,-0.0106,-0.0073,-0.0039,-0.0035,-0.0141
2002-02-26,12.5913,40.4834,SE,,0.0091,0.0333,0.0312,0.0317,-0.001,-0.0135,0.0123,0.0125,0.0254,0.0162,0.0167,0.0247,0.0168,0.0205,0.0265,0.012,0.0188,0.0205,0.0124,0.0005,-0.0043,-0.0116,-0.0194,-0.0341,-0.0256,-0.0152,0.002,-0.0004,-0.0039
2002-02-26,12.5913,40.4834,SO,,0.0406,0.0445,0.0346,0.0189,0.0127,-0.0101,-0.0196,-0.0389,-0.0377,-0.0285,-0.0264,-0.0289,-0.0266,-0.0228,-0.025,-0.0229,-0.0217,-0.003,-0.0063,0.005,0.0264,0.0279,0.0157,0.0277,0.0089,0.0012,0.0026,0.0166,0.0193
2002-04-15,12.594,40.4848,E,,0.0663,0.055,0.0342,0.0164,-0.0015,-0.0152,-0.0146,-0.0255,-0.0187,-0.0007,0.0005,0.003,-0.0053,-0.0115,-0.0159,-0.0136,-0.0136,-0.0049,0.0052,0.0018,-0.0003,0.0125,0.0196,0.0301,0.0303,0.0235,0.0114,0.0073,0.0117
2002-04-15,12.594,40.4848,N,,0.0223,0.0108,0.0091,-0.0026,0.0013,-0.0067,-0.0194,-0.0203,-0.0091,0.0005,0.0111,0.0142,0.0128,0.0171,0.0099,0.0057,-0.0026,-0.0097,-0.0215,-0.0172,-0.0051,-0.0089,-0.0031,-0.0021,0.0078,0.0115,0.0126,0.012,0.0092
2002-04-15,12.594,40.4848,NE,0.0579,0.0499,0.0378,0.0141,0.0046,-1e-04,-0.0035,-0.0029,-0.0025,0.003,0.0034,0.0013,0.0078,0.0062,0.0095,0.0099,0.0037,-0.0,-0.0003,-0.0145,-0.0057,-0.0187,-0.0142,-0.008,-0.0082,0.0012,0.0075,0.0111,0.0103,0.006
2002-04-15,12.594,40.4848,NO,0.0185,0.0236,0.019,0.0053,0.0016,-0.0013,-0.0018,-0.0045,0.0007,0.0043,0.0068,0.0078,0.0082,0.0082,0.0024,-0.0009,-0.0038,-0.0126,-0.0102,-0.0123,-0.0076,-0.001,0.0009,-0.0013,-0.0041,-0.0024,0.0036,0.0109,-0.0023,0.0071
2002-04-15,12.594,40.4848,O,,0.0455,0.0397,0.0315,0.0279,0.0219,0.0197,0.0185,0.0186,0.0194,0.0238,0.0244,0.0282,0.0279,0.0197,0.0029,-0.002,-0.0041,-0.0075,-0.0143,-0.0143,-0.013,-0.0116,-0.0149,-0.0081,0.0009,-0.0003,-0.0034,0.0021,0.0125
2002-04-15,12.594,40.4848,S,,0.0545,0.0455,0.0401,0.026,0.0234,0.058,0.0213,-0.015,0.0204,0.0301,0.0234,0.0172,0.0199,0.0162,0.0096,0.0154,0.0162,0.0185,0.0095,-0.004,-0.0121,-0.0305,-0.0143,-0.0191,-0.0233,-0.0227,-0.0075,-0.0055,0.0
2002-04-15,12.594,40.4848,SE,0.0408,0.0411,0.0371,0.0279,0.015,0.0091,-0.0099,0.0252,-0.0029,-0.0272,-0.0127,-0.0009,0.0116,0.0133,0.0101,0.0126,0.0135,0.0073,-0.0017,-0.0084,-0.0084,-0.0083,-0.0013,-0.0025,-0.0008,0.0003,-0.007,0.0004,0.0064,-0.0018
2002-04-15,12.594,40.4848,SO,0.0722,0.0439,0.0293,0.0221,0.0183,0.0146,0.026,0.0243,0.0215,0.0224,0.0234,0.0104,0.0167,0.0131,-0.006,-0.0134,0.0056,0.0063,-0.0016,-0.0099,-0.008,-0.0124,-0.0165,-0.0152,-0.0064,-0.0046,-0.0027,0.0039,-0.0041,0.0039
2002-06-02,12.5956,40.4807,E,0.0628,0.042,0.0177,-0.0143,-0.0099,-0.0103,-0.009,-0.0064,0.0014,0.0134,0.0134,0.0045,-0.0008,-0.0095,-0.0144,-0.0013,0.0025,-0.0012,-0.0038,-0.0091,-0.0167,-0.0199,-0.0128,-0.0122,-0.0114,-0.0116,0.0093,0.0207,0.0202,0.0157
2002-06-02,12.5956,40.4807,N,,0.072,0.0564,0.0566,0.0603,0.0379,0.0223,0.016,0.0194,0.0281,-0.0016,-0.005,0.0105,0.0042,-0.0025,-0.0094,-0.0112,-0.0108,-0.0126,-0.0135,-0.0012,0.0054,-0.0048,-0.0035,-0.0035,-0.002,-0.0023,0.0086,0.0081,0.009
2002-06-02,12.5956,40.4807,NE,,0.0647,0.04,0.0434,0.0373,0.035,0.0443,0.0514,0.0373,0.0263,0.0174,0.0132,0.0013,0.0035,-0.0166,-0.018,-0.018,-0.0153,-0.0073,-0.0061,-0.0078,-0.0087,-0.0118,-0.005,0.0056,0.0004,-1e-04,-0.003,0.0009,0.0075
2002-06-02,12.5956,40.4807,NO,0.0524,0.0533,0.0556,0.0529,0.0605,0.0604,0.0433,0.0474,0.0272,0.0193,0.0138,0.0034,0.0047,0.0028,-0.0038,-0.0056,-0.0043,-0.0034,0.0035,-0.0055,0.0014,-0.0053,-0.0053,-0.0006,-0.0009,0.0074,0.0034,0.0149,0.0178,0.0156
2002-06-02,12.5956,40.4807,O,,0.0574,0.0429,0.0344,0.035,0.0312,0.0327,0.0275,0.0199,0.0121,-0.0011,-0.0066,-0.0265,-0.018,-0.0048,0.0088,0.0036,0.0064,-0.0252,-0.0244,-0.0256,-0.0148,0.0015,-0.008,0.0015,-0.0045,-0.0021,0.0029,0.0047,0.0046
2002-06-02,12.5956,40.4807,S,,0.1391,0.1119,0.0914,0.0788,0.0774,0.0777,0.0749,0.0732,0.058,0.0278,0.0187,-0.0137,-0.0156,-0.0154,-0.0176,-0.0183,-0.0176,-0.0204,-0.0134,-0.0036,-0.0078,0.0061,-0.0055,-0.0045,0.0033,0.003,0.0068,-0.0038,-0.0112
2002-06-02,12.5956,40.4807,SE,,0.0434,0.0061,0.0061,-0.0015,-0.0098,-0.0094,-0.0017,0.0003,0.0022,0.0096,0.0069,0.0063,0.003,-0.0024,-0.0139,-0.0072,0.0075,-0.0093,-0.0061,0.002,0.0037,-0.0052,-0.0057,-0.0095,0.0034,-0.0044,-0.0027,0.0136,0.0033
2002-06-02,12.5956,40.4807,SO,,0.1072,0.0862,0.0713,0.0801,0.0739,0.0723,0.0671,0.0564,0.0345,0.0225,-0.001,-0.004,-0.0047,-0.0061,-0.0204,-0.023,-0.0259,-0.0183,-0.0197,-0.0318,-0.0217,-0.0165,0.0082,0.0054,0.0057,0.0141,0.0147,0.0166,0.0177
2002-08-05,12.594,40.4854,E,,0.0236,0.0171,-0.0014,-0.0069,-0.0189,-0.0187,-0.0149,-0.0137,-0.007,-0.0013,0.0022,-0.0014,-0.0052,-0.0051,-0.0036,-0.0033,-1e-04,0.0022,-0.0011,-0.0019,0.0033,0.006,0.0067,0.006,0.0079,0.0067,-1e-04,-0.0013,-0.0016
2002-08-05,12.594,40.4854,N,,0.0513,0.0516,0.0519,0.0396,0.03,0.0293,0.0247,0.0184,0.0147,0.0089,0.0083,0.0075,0.0126,0.0035,-0.0018,0.0012,-0.0017,-0.0133,-0.0104,-0.014,-0.0029,0.0026,0.0013,0.0048,0.0053,0.0011,-0.0028,-0.0047,-0.0091
2002-08-05,12.594,40.4854,NE,0.0174,0.0194,0.026,0.0165,0.0167,0.0059,-0.0089,-0.0156,-0.0136,-0.0105,-0.0069,-0.005,-0.0016,-0.0028,-0.0072,-0.0086,-0.0009,0.0011,-0.0036,-0.0027,-0.0085,-0.0092,-0.0082,-0.0073,0.0004,0.007,0.0095,0.0103,0.0174,0.0176
2002-08-05,12.594,40.4854,NO,-0.0031,-0.003,-0.0039,-0.0119,0.0023,0.0051,0.0138,0.0076,0.017,0.0146,0.0085,0.0053,-0.0013,-0.0017,-0.0033,-0.0073,-0.0062,-0.0095,-0.0092,-0.0008,-0.002,-0.0025,-0.0033,-0.0046,0.0004,0.001,-1e-04,0.0016,0.0025,0.0085
2002-08-05,12.594,40.4854,O,,0.0213,0.0127,0.0125,0.0219,0.0227,0.0162,0.0221,0.0291,0.0226,0.017,0.0097,0.0045,0.0039,0.0021,-0.0037,-0.0015,-0.0034,-0.0087,-0.0059,-0.0067,-0.0061,-0.0058,-0.0035,-0.0011,-0.0078,-0.004,-0.0033,0.0048,0.0066
2002-08-05,12.594,40.4854,S,,0.0417,0.0349,0.0217,0.0165,0.0072,-0.0036,-0.0168,-0.0052,0.0048,-0.003,0.0087,0.0062,0.0012,0.0023,0.0046,0.007,0.0049,0.0049,0.0007,0.0013,-0.0009,0.0002,0.0016,0.0008,-0.0037,-0.0025,0.0002,-0.0014,-0.007
2002-08-05,12.594,40.4854,SE,0.025,0.0277,0.0232,0.0207,0.0104,0.0033,-0.0037,-0.0071,-0.0036,0.0057,0.0032,-0.0022,0.0002,0.0063,0.0034,0.0033,-0.0002,0.0012,0.0019,-0.0012,-0.0049,-0.0053,-0.0019,-0.0029,-0.0026,0.0008,0.0006,-0.0006,-0.0,-0.0002
2002-08-05,12.594,40.4854,SO,0.0454,0.0428,0.0315,0.0232,0.0193,0.0095,0.0046,0.0026,0.0046,0.0033,0.0032,0.0004,0.0035,0.0067,0.0057,0.0048,0.0025,-0.001,-0.0014,-0.0051,-0.0072,-0.0042,-0.0016,-0.0037,-0.0024,0.0008,-0.0026,-0.0011,0.002,-0.0022
2002-08-21,12.5945,40.4854,E,,0.0304,0.0165,0.0026,-0.0049,-0.0194,-0.018,-0.0089,-0.0107,-0.0015,-0.0184,-0.0154,-0.0151,-0.0084,-0.007,-0.0081,-0.003,0.0059,0.01,0.0192,0.0155,0.0163,0.0199,0.0142,0.0094,0.0075,0.0024,-0.0114,-0.0126,-0.0102
2002-08-21,12.5945,40.4854,N,,0.0266,0.0152,0.0137,-0.0031,-0.0128,-0.0157,-0.0044,0.0039,0.0051,-0.0029,-0.0009,-0.0077,-0.0046,-0.009,-0.0134,-0.0006,-0.0051,-0.0068,-0.0068,-0.0037,0.0033,0.0051,0.009,0.0131,0.0131,0.0073,0.0011,-0.0008,0.0059
2002-08-21,12.5945,40.4854,NE,0.0109,0.0003,-0.002,-0.0126,-0.0162,-0.0197,-0.0216,0.0005,-0.001,0.0051,0.0047,0.0021,0.0073,-0.002,-0.002,-0.0024,-0.0054,0.0035,-0.0007,-0.0042,-0.0083,-0.0101,-0.0052,-0.0025,-0.0021,0.0017,0.0031,0.0052,0.008,0.0124
2002-08-21,12.5945,40.4854,NO,0.0406,0.0275,0.0219,0.0123,0.0036,0.0061,0.0153,0.0136,0.0143,0.0107,0.0091,0.0049,0.0042,-0.0037,-0.007,-0.0124,-0.0128,-0.0136,-0.004,-0.0057,-0.0065,0.0008,0.0005,0.002,-0.0025,0.0031,0.0018,0.0016,0.0063,0.0069
2002-08-21,12.5945,40.4854,O,,0.0241,0.0176,0.013,0.0013,-0.0029,0.0043,0.0123,0.0175,0.0215,0.0211,0.0185,0.0114,0.0099,0.0148,0.0168,0.0038,-0.0023,-0.0059,-0.0032,-0.0111,-0.0122,-0.0073,-0.0049,-0.0062,-0.0042,-0.0047,-0.0042,-0.0039,0.0011
2002-08-21,12.5945,40.4854,S,,0.0577,0.0462,0.0387,0.0248,0.0127,-0.0044,0.0011,0.0181,0.0086,-0.0019,0.0082,0.0069,0.011,0.0082,0.0108,0.0158,0.0128,0.0087,0.0036,-1e-04,0.004,-0.0011,-0.0039,-0.0063,-0.0082,-0.0138,-0.0141,-0.0135,-0.0165
2002-08-21,12.5945,40.4854,SE,0.0266,0.0193,0.0249,0.0217,0.0047,-1e-04,-0.0121,-0.0112,0.0107,0.0021,-0.0048,0.0097,0.0004,0.0055,0.0108,0.0081,0.009,0.0052,0.0041,0.005,-0.0023,-0.0039,-0.001,-0.005,-0.0047,-0.0042,-0.0076,-0.0008,0.0026,0.004
2002-08-21,12.5945,40.4854,SO,0.0582,0.0518,0.0456,0.0425,0.0322,0.0171,0.0058,0.0019,0.0018,-0.0014,-0.001,0.0041,-1e-04,-0.0051,0.0033,0.0078,0.0083,0.0043,-0.0012,0.0141,0.0029,-0.0043,-0.0041,-0.0026,-0.0064,-0.0037,-0.0029,-0.0055,-0.0019,-0.0005
2002-11-09,12.5907,40.4831,E,0.0686,0.0668,0.0497,0.0482,0.0288,0.0472,0.0241,0.0425,0.0421,0.0237,0.0236,0.0155,0.0243,0.0309,0.0188,0.0138,0.0208,0.0262,0.0102,-0.003,-0.0136,-0.0188,-0.0042,-0.0095,-0.0089,-0.0121,-0.0142,-0.0125,-0.0125,-0.0203
2002-11-09,12.5907,40.4831,N,-0.0209,-0.0209,-0.0205,-0.0207,-0.0218,-0.0304,-0.0203,-0.0124,-0.0035,0.0095,0.0183,0.0215,0.0185,0.0127,-0.0019,-0.0169,-0.0217,-0.0241,-0.0176,-0.0173,-0.0195,-0.0172,-0.0115,0.001,0.0043,0.0111,0.0127,0.0201,0.024,0.0214
2002-11-09,12.5907,40.4831,NE,,0.0291,0.0342,0.0292,0.0238,0.01,0.0058,0.0037,0.0082,0.0083,0.009,0.0075,0.0068,0.0023,-0.0043,-0.0079,-0.0132,-0.0141,-0.0126,-0.0021,-0.0033,-1e-04,0.0079,-0.0018,0.0008,-0.0,0.0152,0.0068,0.008,-0.0085
2002-11-09,12.5907,40.4831,NO,,0.0605,0.0571,0.0166,0.0117,-0.013,-0.0126,0.0033,0.0052,0.0047,0.0013,-0.0033,0.002,-0.0055,-0.007,-0.0005,-0.006,0.0034,0.0032,0.0018,0.0067,0.0141,0.0184,0.0151,0.0075,-0.0029,-0.0036,-0.0118,-0.0113,-0.0153
2002-11-09,12.5907,40.4831,O,,0.1025,0.0698,0.0295,0.0142,0.0113,-0.0028,-0.0135,-0.0127,-0.005,-0.0071,-0.0045,-0.006,-0.0032,-0.0015,0.0038,0.0087,0.0029,0.0114,0.0143,0.0173,0.0165,0.0168,0.0012,-0.0034,0.002,-0.0024,-0.0026,-0.0017,-0.006
2002-11-09,12.5907,40.4831,S,,0.0732,0.0525,0.0242,0.0051,-0.0121,-0.0166,-0.0124,0.0037,0.033,0.0571,0.0332,0.0082,-0.0114,-0.0043,-0.0094,-0.0259,-0.013,-0.0048,0.0019,0.0019,-0.0036,-0.0068,0.0005,-0.0081,-0.0123,-0.006,0.0015,-0.0045,-0.0061
2002-11-09,12.5907,40.4831,SE,,0.0477,0.0651,0.0545,-0.005,0.0289,0.0029,0.0096,0.0078,0.0052,0.0154,0.011,0.0161,0.0143,0.0165,0.0318,0.0209,0.0084,0.0139,0.0163,0.0072,-0.0064,-0.0128,-0.0154,-0.0322,-0.0308,-0.0229,-0.0085,0.0057,0.0083
2002-11-09,12.5907,40.4831,SO,,0.0446,0.0333,0.012,-0.0113,-0.0279,-0.04,-0.04,-0.0429,-0.0302,-0.0308,-0.0268,-0.0249,-0.0279,-0.0387,-0.0231,-0.0263,-0.0047,0.0371,-0.0041,0.0383,0.0288,0.0209,0.0103,-0.0002,-0.0056,0.0169,0.0173,0.0059,0.0064
2003-01-12,12.5913,40.4834,E,0.0768,0.054,0.0483,0.0351,0.0336,0.0325,0.0269,0.0286,0.0199,0.0018,0.0181,0.0231,0.0178,0.0148,0.0157,0.0164,0.0136,0.0037,-0.0022,0.0053,-0.0055,-0.0029,-0.0045,-0.0029,-0.0082,-0.0078,-0.0142,-0.0216,-0.0245,-0.0206
2003-01-12,12.5913,40.4834,N,0.0177,0.0078,-0.0038,-0.0034,-0.0078,-0.0048,0.0085,0.0058,0.0005,0.012,0.019,0.0167,0.0118,-0.0037,-0.0025,-0.0094,-0.0116,-0.0109,-0.0113,-0.0089,-0.0137,-0.0102,-0.0041,-0.0048,-0.0007,0.0046,0.0051,0.007,0.0071,0.0035
2003-01-12,12.5913,40.4834,NE,,0.0133,0.0058,0.0026,1e-04,-0.0089,0.0006,0.0051,0.0124,0.0147,0.0157,0.0159,0.021,0.0278,0.0051,0.0073,-0.0004,-0.0027,0.0005,-0.0023,-0.0032,0.0016,0.0009,0.0032,0.0026,0.0068,0.0059,-0.0139,-0.0122,-0.0239
2003-01-12,12.5913,40.4834,NO,,0.0572,0.0447,0.0326,0.0282,0.0169,0.0145,0.0127,0.0071,0.0109,0.0082,0.0011,-0.0058,0.0022,0.0042,0.0059,-0.001,-0.0085,-0.0031,-0.0045,-0.0008,0.0048,0.0074,0.0085,0.0043,-0.0069,-0.0046,-0.005,-0.0071,-0.005
2003-01-12,12.5913,40.4834,O,,0.0785,0.0819,0.0678,0.0448,0.0256,0.0155,0.0102,0.0021,-0.0054,-0.0048,-0.0034,-0.0048,-0.0056,-0.0051,-0.0017,-0.0023,-0.0007,0.004,0.0067,0.0087,0.0187,0.0117,0.0113,0.0116,0.0075,0.0002,0.003,-0.0036,-0.0151
2003-01-12,12.5913,40.4834,S,,0.0385,0.0449,0.053,0.0081,-0.001,-0.0007,-0.0019,-0.0065,0.0132,0.0266,0.0429,0.0495,0.0263,0.0052,0.0025,-0.0113,-0.0169,-0.0044,0.0013,0.0053,0.0026,-0.0031,-0.008,-0.004,-0.0088,-0.0113,-0.0126,-0.003,-0.0144
2003-01-12,12.5913,40.4834,SE,,0.0217,0.0363,0.0392,0.024,0.0054,-0.0024,0.0025,0.0034,0.0151,0.0021,0.0153,0.023,0.0217,0.0215,0.0211,0.0114,0.014,0.021,0.0034,-0.0084,-0.0107,-0.0173,-0.0231,-0.0217,-0.0218,-0.0113,0.0046,-0.0038,-0.0013
2003-01-12,12.5913,40.4834,SO,,0.0033,0.0132,0.0202,0.0191,0.0135,-0.0045,-0.0202,-0.0391,-0.0373,-0.0321,-0.0357,-0.0328,-0.0323,-0.0181,-0.022,-0.0228,-0.0193,0.0018,-0.0012,0.0137,0.0284,0.0397,0.0208,0.022,0.0187,0.0116,0.0069,0.0123,0.0199
2003-02-13,12.591,40.4834,E,0.0794,0.0566,0.0507,0.0475,0.0386,0.0403,0.0278,0.0229,0.0208,0.0179,0.011,0.0151,0.0252,0.0245,0.0221,0.0145,0.0178,0.0075,-0.0054,-0.0057,0.0034,-0.0026,-0.0048,-0.0051,-0.0069,-0.0095,-0.0146,-0.0169,-0.0203,-0.0187
2003-02-13,12.591,40.4834,N,0.0247,0.0126,0.0021,-0.0035,-0.008,-0.0039,0.0057,-1e-04,-0.0004,0.016,0.0257,0.0176,0.0081,0.0008,0.0038,-0.0103,-0.0159,-0.0132,-0.0093,-0.0087,-0.0058,-0.0038,0.0002,-0.0024,0.0053,0.0065,-0.0002,0.0019,0.0029,0.0009
2003-02-13,12.591,40.4834,NE,,0.0347,0.0176,0.0179,0.0119,0.0019,0.0087,0.005,0.0087,0.0108,0.0117,0.0079,0.0154,0.028,0.0083,0.0078,0.0053,-0.0005,0.0027,-0.0022,-0.0032,0.0,0.0017,-0.0066,0.0013,-0.0027,-0.0,-0.0076,-0.0161,-0.0232
2003-02-13,12.591,40.4834,NO,,0.051,0.0354,0.0313,0.0277,0.0188,0.0138,0.0097,0.0055,0.0004,0.0005,-0.0059,-0.007,-0.0018,-0.0006,-0.0017,0.0005,-0.0021,0.0002,-0.0061,0.0048,0.0106,0.0121,0.007,0.0005,-0.0097,-0.0075,-0.009,-0.0052,-0.0093
2003-02-13,12.591,40.4834,O,,0.0775,0.0579,0.0428,0.0255,0.0173,0.0054,-0.0014,-0.0098,-0.0077,-0.0042,-0.0022,0.0014,0.0004,-0.0021,-0.0006,0.0012,0.0035,0.0027,0.0047,0.0111,0.0105,0.0105,0.014,-1e-04,0.0004,0.0005,-0.0061,-0.0118,-0.0103
2003-02-13,12.591,40.4834,S,,0.0654,0.0345,0.0323,0.0235,0.0093,-0.003,0.0031,-0.001,0.0187,0.0334,0.0429,0.0261,0.0048,0.0031,0.0057,-0.0119,-0.0181,-0.0051,0.0024,0.0085,0.0012,0.0013,-0.0074,-0.0048,-0.0069,-0.0101,-0.006,0.0007,-0.0187
2003-02-13,12.591,40.4834,SE,,0.0347,0.0209,0.0208,0.0181,0.0309,0.0141,0.001,-0.0029,0.0029,0.004,0.0118,0.0191,0.022,0.0196,0.0163,0.0115,0.003,0.0098,0.0137,0.0059,0.003,-0.0045,-0.0111,-0.0196,-0.0214,-0.0158,-0.0071,0.0025,-0.0018
2003-02-13,12.591,40.4834,SO,,0.0436,0.0339,0.0202,0.0121,0.0077,-0.0124,-0.0209,-0.0332,-0.0298,-0.0207,-0.0212,-0.0233,-0.0168,-0.0144,-0.0121,-0.0129,-0.0105,0.0054,0.003,0.0127,0.0327,0.0165,0.0049,0.0165,-0.0025,-0.0048,0.0021,0.0022,0.0121
2003-05-20,12.5951,40.4818,E,0.079,0.0482,0.0311,0.0213,0.0185,0.0322,0.027,0.0289,0.037,0.0401,0.0354,0.0281,0.0139,-0.0086,-0.0342,-0.0392,-0.0258,-0.0268,-0.0203,-0.0231,-0.0066,-0.0059,-0.0106,-0.0035,0.0099,0.0122,0.0213,0.0253,0.022,0.0293
2003-05-20,12.5951,40.4818,N,,0.0419,-0.017,0.0112,0.0397,0.0219,0.0112,0.0119,0.0044,0.0131,0.0009,0.0114,-0.0117,-0.0186,-0.0215,-0.0121,-0.0076,-0.0032,0.0052,0.0054,0.0032,0.005,0.0159,0.021,0.0046,0.0008,0.0085,-0.0011,-0.001,-0.0096
2003-05-20,12.5951,40.4818,NE,0.0895,0.0652,0.0454,0.0403,0.026,0.0117,0.0007,-0.0272,-0.0166,0.0044,-0.0116,-0.0145,-0.0269,-0.0276,-0.0119,0.001,-0.0011,0.0021,0.0114,0.012,0.0062,0.0011,0.0191,0.009,0.01,-0.0011,0.009,0.0089,0.0115,0.0099
2003-05-20,12.5951,40.4818,NO,0.0402,0.0364,0.002,-0.0363,-0.0186,0.0014,-0.0098,-0.004,0.0065,0.0072,0.0014,-0.002,-0.006,-0.0008,0.0007,-0.0017,0.0035,0.0043,0.0084,0.0095,0.0204,0.025,0.0206,0.0269,0.0198,0.0162,-0.011,-0.0249,-0.0147,-0.0123
2003-05-20,12.5951,40.4818,O,,0.0591,0.0507,0.0553,0.0455,0.029,0.0145,0.0117,-0.0008,-0.016,0.006,-0.0046,0.001,0.012,0.0206,0.015,0.0209,0.0147,-0.004,-0.0191,-0.0156,-0.0276,-0.0294,-0.0292,-0.0245,-0.0069,-0.002,-0.0008,0.0128,0.0215
2003-05-20,12.5951,40.4818,S,,0.1541,0.1386,0.1305,0.1262,0.117,0.0988,0.0865,0.0698,0.0702,0.0726,0.0695,0.054,0.0317,-0.0029,-0.0096,-0.025,-0.0518,-0.0393,-0.04,-0.0444,-0.0321,-0.0269,-0.0205,-0.0088,-0.0,0.0238,0.005,0.0137,0.016
2003-05-20,12.5951,40.4818,SE,,0.08,0.0443,0.0538,0.0456,0.0346,0.0208,-0.0112,-0.0364,-0.0222,-0.0157,0.0067,0.002,-0.0027,-0.0028,-0.0008,0.0118,0.0045,-0.0024,-0.0063,-0.0101,-0.0018,-0.0039,-0.0137,0.0036,0.0101,0.0103,-0.0109,-0.0304,-0.0132
2003-05-20,12.5951,40.4818,SO,,0.1132,0.1023,0.1088,0.0725,0.0708,0.0796,0.0726,0.0594,0.0616,0.0239,0.0022,0.006,0.0015,-0.003,-0.016,-0.0177,-0.0443,-0.053,-0.0395,-0.0393,-0.0271,-0.0272,-0.0213,0.0012,0.0009,0.0152,0.0397,0.0412,0.0264
2013-04-07,12.5942,40.4851,E,,0.0249,0.0171,0.0163,0.0093,0.0046,-0.0085,-0.0067,-0.0068,-0.0074,-0.0055,-0.0063,-0.0053,-0.0057,-0.0048,-0.0076,-0.0114,-0.0004,0.0112,0.0221,0.0114,0.0043,0.0085,0.0122,0.0085,0.0087,0.0147,0.0112,0.0077,0.0135
2013-04-07,12.5942,40.4851,N,,0.0188,0.0024,-0.0056,-0.0066,1e-04,-0.0019,-0.0054,-0.0038,0.0061,0.0128,0.0174,0.0164,0.0092,0.0016,-0.0118,-0.0191,-0.0142,-0.0187,-0.0218,-0.0105,-0.0087,-0.0028,0.004,0.0083,0.0144,0.0171,0.0133,0.0058,0.0029
2013-04-07,12.5942,40.4851,NE,0.0034,-0.006,-0.0104,-0.0148,-0.0071,-0.0086,-0.0095,-0.01,-0.0036,-0.0089,-0.0058,-0.0027,-0.0054,-0.0084,-0.0136,-0.0117,-0.0089,-0.0118,-0.0097,-0.0051,-0.011,-0.0081,-0.0054,0.0003,0.0076,0.0089,0.013,0.015,0.017,0.019
2013-04-07,12.5942,40.4851,NO,-0.003,-0.0117,-0.0186,-0.0211,-0.0199,-0.0158,-0.0059,0.0013,0.0073,0.0083,0.011,0.0075,0.0101,-0.0023,-0.003,-0.0089,-0.0125,-0.0184,-0.0173,-0.0128,-0.0122,-0.0077,-0.0045,-0.0041,-0.0077,0.0094,-0.0044,0.0008,-0.0061,0.0188
2013-04-07,12.5942,40.4851,O,,0.0327,0.0313,0.0265,0.0224,0.0274,0.0308,0.0357,0.0399,0.043,0.0426,0.0417,0.0402,0.0382,0.0306,0.0203,0.0055,-0.0077,-0.0186,-0.0287,-0.0296,-0.031,-0.0308,-0.0265,-0.0252,-0.0242,-0.018,-0.0051,-0.0066,0.0006
2013-04-07,12.5942,40.4851,S,,0.0805,0.0714,0.0547,0.0391,0.0201,0.0182,0.0394,0.0309,-0.0012,-0.0048,0.0025,0.0069,0.0124,0.0171,0.0205,0.0231,0.0208,0.0118,0.0217,0.0032,0.0011,-0.0088,-0.0127,-0.0106,-0.0109,-0.0117,-0.0189,-0.0214,-0.0178
2013-04-07,12.5942,40.4851,SE,0.0683,0.0674,0.0622,0.0562,0.0568,0.0443,0.0272,0.0262,0.0294,-0.0028,0.0047,0.0057,0.027,0.0331,0.0328,0.0297,0.0256,0.0128,0.0092,0.0017,-0.0074,-0.0143,-0.0172,-0.0186,-0.0141,-0.0171,-0.0142,-0.0086,-0.0103,-0.0067
2013-04-07,12.5942,40.4851,SO,0.0823,0.0766,0.0706,0.068,0.0546,0.0528,0.0471,0.0353,0.0174,0.02,0.0213,0.0031,0.0022,0.0011,0.0014,0.0009,0.0025,0.0016,-0.0025,-0.0031,-0.0099,-0.0043,-0.0058,-0.015,-0.0041,-0.0052,-0.004,0.0016,0.0023,0.0042
2013-04-21,12.5948,40.4854,E,,0.0444,0.0419,0.0369,0.023,0.0066,-0.0025,-0.0031,-0.0046,-0.0044,-0.0072,-0.0037,-0.0015,-0.002,-0.0014,0.0038,0.0062,0.0087,0.0036,-0.0004,-0.0008,0.0007,0.0008,-0.005,-0.0014,0.001,0.0105,0.0126,0.0143,0.017
2013-04-21,12.5948,40.4854,N,,0.0494,0.0491,0.039,0.0357,0.0262,0.0086,-0.0015,-0.0031,0.0028,0.0021,0.0027,0.0025,-0.001,-0.0112,-0.01,-0.0078,-0.0118,-0.011,-0.0091,-0.001,0.0004,-0.0017,-0.0015,0.0016,0.006,0.0095,0.0079,0.0014,0.0042
2013-04-21,12.5948,40.4854,NE,0.0291,0.0287,0.0328,0.0273,0.0256,0.0242,0.0224,0.0236,0.0128,0.0156,0.0113,0.0095,0.0064,0.0051,0.0059,0.0022,0.0,-0.001,-0.0083,-0.0142,-0.0119,-0.0075,-0.0035,-0.0015,-0.0012,0.0015,0.0023,0.0016,0.0016,0.0025
2013-04-21,12.5948,40.4854,NO,0.0601,0.0518,0.0457,0.0355,0.0197,0.0123,0.0101,0.0044,0.0066,0.0101,0.0134,0.0143,0.0136,0.0102,0.0024,-0.0076,-0.0153,-0.0219,-0.0174,-0.014,-0.0113,-0.0044,-0.0037,-0.0027,-0.0016,-0.0019,0.0003,0.0056,0.0047,0.0148
2013-04-21,12.5948,40.4854,O,,0.0538,0.048,0.0395,0.0269,0.0153,0.0063,0.0045,0.0044,0.0074,0.0111,0.0144,0.0176,0.0219,0.0257,0.0287,0.0302,0.0247,0.0132,0.0044,0.001,-0.0052,-0.0107,-0.0152,-0.0146,-0.0141,-0.0138,-0.0145,-0.0134,-0.0093
2013-04-21,12.5948,40.4854,S,,0.0593,0.0546,0.0393,0.019,-0.0115,-0.0232,0.0006,0.0187,0.0098,-0.016,-0.0077,0.008,0.0251,0.027,0.0266,0.0259,0.0232,0.0145,0.0076,0.0103,-0.001,-0.0054,-0.0089,-0.0127,-0.0145,-0.0134,-0.0123,-0.0104,-0.0125
2013-04-21,12.5948,40.4854,SE,0.0534,0.0489,0.0382,0.025,0.0089,-0.0082,-0.0275,-0.0148,0.0003,-0.027,-0.0142,0.0017,0.0064,0.0154,0.013,0.0133,0.0062,0.0068,1e-04,-0.0017,-0.0107,-0.0077,-0.0042,-0.007,-0.0041,-0.0003,0.0011,0.0032,0.0105,0.0134
2013-04-21,12.5948,40.4854,SO,0.0794,0.0712,0.0616,0.0549,0.0363,0.0229,0.0138,0.0042,-0.0033,-0.0075,-0.0062,-0.007,-0.0012,0.0051,0.0095,0.01,0.016,0.0189,0.0039,0.0029,-0.0065,-0.0076,-0.0133,-0.016,-0.0129,-0.0097,-0.0132,-0.009,-0.0096,-0.0043
2013-05-23,12.5951,40.4812,E,0.0553,0.0503,0.0402,0.0275,0.0249,0.0216,0.01,0.0212,0.0228,0.0295,0.0249,0.014,0.0111,0.0004,-0.014,-0.0228,-0.025,-0.0209,-0.0197,-0.0088,-0.0025,-0.0039,-0.0057,0.0013,0.0029,0.0075,0.0104,0.0157,0.0236,0.0302
2013-05-23,12.5951,40.4812,N,,0.0473,0.0329,0.0113,-0.018,-0.0237,0.0022,0.0109,0.0025,0.0091,0.0063,0.0111,0.0186,0.0093,0.0084,-0.0011,-0.0102,-0.0128,-0.0115,-0.011,-0.0077,-0.0027,-0.0012,0.0006,0.0061,0.0104,0.0096,0.0079,0.0033,-0.0026
2013-05-23,12.5951,40.4812,NE,,0.0601,0.0495,0.036,0.0333,0.0281,0.0119,0.0079,-0.0053,0.0157,0.0021,0.0057,0.001,-0.0052,-0.0181,-0.0244,-0.0196,-0.0075,-0.0028,-0.006,0.0033,0.0044,-0.0009,0.0101,0.0173,0.0138,0.0119,0.008,0.0092,0.0177
2013-05-23,12.5951,40.4812,NO,0.0241,0.0228,0.0172,0.012,-0.0035,-0.0146,-0.0145,-0.0067,-0.0019,0.0056,0.0053,0.0057,0.0058,0.001,-0.0009,0.0043,0.0049,0.0078,0.0073,0.0079,0.0068,0.0136,0.0132,0.0186,0.0142,0.0135,0.0065,0.0028,0.001,-0.0056
2013-05-23,12.5951,40.4812,O,,0.0287,0.0344,0.0277,0.0187,0.016,0.0145,0.0097,0.0007,0.0031,-0.0054,-0.0027,0.0009,0.0048,0.0244,0.0216,-0.01,-0.0094,-0.024,-0.0189,-0.0181,-0.0156,-0.0163,-0.024,-0.0176,-0.0132,0.001,0.0034,0.0098,0.0102
2013-05-23,12.5951,40.4812,S,,0.1091,0.1006,0.0941,0.0851,0.079,0.0741,0.063,0.057,0.0483,0.0333,0.0262,0.0142,-0.0023,-0.0106,-0.03,-0.0301,-0.0297,-0.0292,-0.0278,-0.0209,-0.0175,-0.011,0.0044,0.0072,0.011,0.0071,0.0074,0.0068,0.0078
2013-05-23,12.5951,40.4812,SE,,0.0561,0.0529,0.0508,0.0344,0.0149,0.0058,-0.0023,0.0003,-0.0058,0.0047,0.0049,-1e-04,-0.0012,-0.0041,0.0034,0.004,-0.001,-0.0081,-0.0065,0.0146,0.0063,-0.0023,0.0092,-0.0038,0.0006,-0.0091,-0.0106,-0.0081,-0.015
2013-05-23,12.5951,40.4812,SO,,0.0892,0.0863,0.0784,0.0779,0.0762,0.0696,0.0607,0.0507,0.039,0.0243,0.0025,-0.0061,-0.006,-0.0079,-0.0241,-0.0276,-0.0211,-0.034,-0.034,-0.0228,-0.0171,-0.0091,0.009,0.0073,0.0277,0.0357,0.0214,0.0193,0.0113
2013-06-24,12.5951,40.4815,E,0.0719,0.0577,0.0486,0.0428,0.0412,0.0316,0.027,0.0282,0.0334,0.0357,0.0304,0.0157,0.008,-0.0002,-0.0171,-0.0205,-0.0229,-0.0218,-0.0223,-0.0131,-0.0075,-0.0028,0.0009,0.0041,0.0022,0.0061,0.0112,0.0135,0.0158,0.0154
2013-06-24,12.5951,40.4815,N,,0.0668,0.0408,0.0084,0.0167,0.046,0.0329,0.0077,-0.0114,0.0005,0.0048,0.0094,0.0062,0.0037,0.0062,0.0049,0.004,-0.0002,0.0003,-0.0007,-0.0061,-0.0057,-0.0019,0.0038,0.0066,-0.0041,0.0063,0.0085,-0.0006,0.0014
2013-06-24,12.5951,40.4815,NE,0.1203,0.1078,0.0923,0.0767,0.0683,0.0529,0.0343,0.0206,0.031,0.0276,0.0109,0.0112,0.0164,-0.0112,-0.025,-0.0291,-0.0196,-0.015,-0.0083,-0.0168,0.0039,-0.0026,0.0081,0.0145,0.0134,0.0062,0.0136,0.0089,0.0108,0.0129
2013-06-24,12.5951,40.4815,NO,0.0707,0.0737,0.0602,0.0375,0.0257,0.0218,0.029,0.0346,0.0097,0.0014,0.0059,-0.0031,-0.0113,-0.0142,-0.0116,-0.0024,-0.0047,-0.004,-0.0055,-0.0085,-0.0056,-0.0009,0.0025,0.0032,0.0048,0.0055,0.0058,0.0019,-0.0011,-0.0068
2013-06-24,12.5951,40.4815,O,,0.0704,0.0707,0.0634,0.0466,0.0437,0.035,0.0268,0.0132,0.0092,0.0057,0.0011,-0.0016,0.0038,0.0048,0.0124,-0.0032,-0.0061,-0.0123,-0.019,-0.015,-0.0139,-0.0233,-0.0225,-0.0221,-0.0095,-0.0002,0.0131,0.0157,0.015
2013-06-24,12.5951,40.4815,S,,0.1433,0.1352,0.1238,0.1133,0.101,0.0912,0.0912,0.0815,0.0681,0.0543,0.0388,0.0218,0.0061,-0.0096,-0.0171,-0.0324,-0.0333,-0.0315,-0.0343,-0.0298,-0.0207,-0.0182,-0.0081,0.0092,0.0095,0.0124,0.0068,0.0063,0.0142
2013-06-24,12.5951,40.4815,SE,,0.0806,0.0719,0.0709,0.0563,0.0413,0.0275,0.0201,0.0105,-0.0029,-0.0018,0.0106,0.0023,-0.0004,0.004,0.0012,0.0051,-0.0046,-0.0025,-0.0094,-0.0005,0.0043,-0.007,-0.0007,0.01,0.0063,-0.005,-0.0065,-0.0079,-0.0054
2013-06-24,12.5951,40.4815,SO,,0.1042,0.1053,0.0864,0.0779,0.0695,0.0658,0.0526,0.0503,0.0301,0.012,0.0096,0.0054,-0.0028,-0.0137,-0.0265,-0.0316,-0.0266,-0.0302,-0.0311,-0.0204,-0.0178,0.0018,0.0109,0.0077,0.0057,0.0201,0.0161,0.0174,-0.0055
2013-07-26,12.594,40.4848,E,,0.0523,0.0418,0.0344,0.0267,0.0179,0.0141,-0.001,-0.0151,-0.013,-0.005,-0.0072,-0.0091,-0.0084,-0.0054,-0.0103,-0.0119,-0.0084,-0.0005,0.0045,0.004,0.0064,0.0038,0.003,0.0044,0.0016,0.0066,0.011,0.009,0.0143
2013-07-26,12.594,40.4848,N,,0.0104,0.0037,-0.002,-0.0102,-0.0141,-0.0064,-0.0018,-0.0086,-0.0046,0.0075,0.0128,0.0153,0.0074,0.0106,0.0062,-0.0018,-0.0128,-0.0141,-0.0178,-0.019,-0.0142,-0.0072,-0.0043,0.0003,0.0047,0.0076,0.0133,0.0167,0.0211
2013-07-26,12.594,40.4848,NE,0.0218,0.0176,0.0078,0.0002,-0.0078,-0.004,-0.0013,-0.0028,-0.0048,-0.0039,-0.0005,0.0016,0.0079,0.0034,-0.0009,-0.0069,-0.0097,-0.0096,-0.0019,-0.0092,-0.0024,-0.0046,-0.0074,-0.0053,-0.0031,0.0035,0.0039,0.0081,0.0134,0.0138
2013-07-26,12.594,40.4848,NO,-0.0103,-0.0056,-0.0051,-0.0071,-0.0057,-0.0052,-0.0002,0.0026,0.0062,0.005,0.0037,0.0068,0.0084,0.0014,-0.0022,-0.0069,-0.0089,-0.0145,-0.0116,-0.0082,-0.0075,-0.0064,-0.0037,-0.0037,0.0003,0.0012,0.0053,0.0062,0.0069,0.0081
2013-07-26,12.594,40.4848,O,,0.0395,0.0389,0.0397,0.0422,0.0415,0.0434,0.0457,0.0465,0.0421,0.0399,0.0371,0.0357,0.0282,0.0197,0.0057,-0.0151,-0.0151,-0.0197,-0.0146,-0.0204,-0.022,-0.0208,-0.0195,-0.0142,-0.0052,-0.0041,-0.0037,0.006,0.0118
2013-07-26,12.594,40.4848,S,,0.0424,0.0329,0.0319,0.0161,0.0358,0.078,0.0552,0.0103,0.0053,0.0142,0.0208,0.0302,0.033,0.0295,0.026,0.0219,0.0175,0.0221,0.005,-0.0034,-0.0076,-0.0111,-0.0122,-0.0195,-0.022,-0.0272,-0.0254,-0.0199,-0.0145
2013-07-26,12.594,40.4848,SE,0.0473,0.0421,0.0375,0.0266,0.0146,0.0081,0.0051,0.046,0.0101,-0.0026,0.0033,0.003,0.0185,0.0264,0.0291,0.0266,0.0216,0.0184,0.0094,0.0004,-0.0063,-0.0098,-0.0108,-0.0123,-0.0131,-0.0131,-0.0153,-0.0107,-0.013,-0.0114
2013-07-26,12.594,40.4848,SO,0.063,0.054,0.0495,0.0501,0.0377,0.024,0.0172,0.0308,0.0251,0.0295,0.0255,0.0155,0.0197,0.0168,-1e-04,-0.0108,-0.0065,-0.0091,-0.0107,-0.0126,-0.0041,-0.0116,-0.0131,-0.0159,-0.01,-0.0048,0.0032,0.0075,0.0026,0.011
2013-08-11,12.5942,40.4845,E,,0.0333,0.025,0.0161,0.0059,-0.0031,-0.0121,-0.014,-0.014,-0.0125,-0.0193,-0.0135,-0.0128,-0.0051,-0.01,-0.0146,-0.0092,-0.0019,-0.0017,-0.0048,-0.0046,-0.0036,-0.0026,-0.0035,-0.0031,0.0088,0.0099,-0.0032,0.0008,0.0033
2013-08-11,12.5942,40.4845,N,,-0.0117,-0.0156,-0.019,-0.023,-0.0209,-0.0191,-0.0127,-0.0084,-0.0102,-0.0087,-0.0021,0.0027,0.005,0.0058,0.0054,0.0062,0.0009,-0.0031,-0.0049,-0.0124,-0.0147,-0.0124,-0.0054,0.0007,0.0058,0.01,0.0124,0.0126,0.0191
2013-08-11,12.5942,40.4845,NE,0.0024,0.0002,-0.0101,-0.0236,-0.0355,-0.0244,-0.0224,-0.028,-0.0315,-0.0252,-0.021,-0.0184,-0.0138,-0.0121,-0.0165,-0.0084,-0.0118,-0.0108,-0.0021,-0.009,-0.0003,-0.0021,-0.002,-0.0016,0.0052,0.015,0.0185,0.0257,0.0283,0.0258
2013-08-11,12.5942,40.4845,NO,-0.0184,-0.0157,-0.0111,-0.012,-0.0053,-0.0038,0.0014,0.0055,0.0082,0.0119,0.0112,0.0104,0.0084,0.0025,0.0054,-0.0024,-0.0071,-0.0138,-0.0179,-0.016,-0.0131,-0.0098,-0.0059,-0.006,-0.0029,-0.0005,0.0026,0.0032,0.0066,0.0061
2013-08-11,12.5942,40.4845,O,,0.0425,0.0391,0.0379,0.0393,0.0392,0.0392,0.0405,0.0414,0.0418,0.0384,0.0372,0.0365,0.0371,0.0291,0.0197,-0.0026,-0.0084,-0.0127,-0.0237,-0.0203,-0.0239,-0.0232,-0.0252,-0.0191,-0.0064,-0.0044,-0.003,0.0007,0.014
2013-08-11,12.5942,40.4845,S,,0.0591,0.0452,0.042,0.0643,0.0948,0.0693,0.0193,0.0131,0.0122,0.0177,0.021,0.0248,0.0263,0.0193,0.0149,0.012,0.0157,0.0109,-0.0025,-0.0075,-0.0107,-0.0127,-0.0175,-0.0286,-0.0199,-0.0239,-0.0146,0.0015,-0.0009
2013-08-11,12.5942,40.4845,SE,0.0546,0.0537,0.0412,0.0353,0.0307,0.0558,0.0462,0.0136,-0.0084,-0.0047,0.0088,0.018,0.0263,0.0269,0.0268,0.0244,0.02,0.0143,0.0045,-0.0041,-0.0133,-0.0135,-0.017,-0.0149,-0.0173,-0.0129,-0.0099,-0.0118,-0.0054,-0.0034
2013-08-11,12.5942,40.4845,SO,0.0718,0.0653,0.0605,0.0582,0.0362,0.0433,0.0366,0.0394,0.0351,0.0223,0.0153,0.0157,0.0147,0.0051,-0.0045,-0.0141,-0.0118,-0.0152,-0.0131,-0.0112,-0.01,-0.0179,-0.0231,-0.0198,-0.0091,-0.0042,-0.0023,0.0082,0.0097,0.0244
2013-08-27,12.5978,40.4824,E,,0.0366,0.0227,0.0125,0.0008,-0.0094,-0.0031,-0.0173,-0.0173,0.0057,-0.0037,0.0088,0.004,0.0009,-0.0077,-0.0281,-0.0135,-0.0096,-0.0014,1e-04,-0.0065,0.0066,0.0099,0.0127,0.0141,0.0137,0.0198,0.018,0.0096,0.0128
2013-08-27,12.5978,40.4824,N,,-0.0128,-0.048,-0.0495,-0.0335,-0.0155,-0.0063,-0.0187,-0.0353,-0.0126,-0.0049,0.0012,-0.0086,-0.0012,0.0131,0.0213,0.0093,0.002,-0.0063,-0.0179,-0.0177,-0.0157,-0.0053,0.0031,0.0021,0.0015,0.0039,0.0046,0.0165,0.0171
2013-08-27,12.5978,40.4824,NE,0.0162,,-0.0207,-0.0589,-0.0816,-0.0755,-0.0869,-0.013,-0.0084,-0.0117,-0.0103,-0.0027,-0.0135,-0.0052,-0.0003,-0.0085,-0.0056,-0.0101,-0.0089,-0.0157,-0.0051,-0.0004,0.0028,0.0092,0.0108,0.0165,0.0196,0.0109,0.0162,0.0131
2013-08-27,12.5978,40.4824,NO,0.0386,0.0212,-0.0045,-0.0125,-0.0299,-0.0271,-0.0218,-0.014,-0.0326,-0.0247,-0.0217,-0.0147,-0.0009,-0.0074,-0.0081,-0.0026,-0.0054,-0.0037,0.0034,0.0073,0.0093,0.0091,0.0063,0.0051,0.003,0.002,-0.004,-0.006,-0.0057,-0.0105
2013-08-27,12.5978,40.4824,O,,0.0325,0.022,0.0167,0.0067,-0.0012,-0.0089,-0.0128,-0.007,-0.0029,0.0026,0.0083,0.0128,0.0134,0.0072,0.0068,0.0055,0.0084,-0.0041,-0.0016,0.0028,-0.0012,-0.004,0.0075,0.0027,0.0154,-0.0043,-0.0113,-0.0069,-0.0281
2013-08-27,12.5978,40.4824,S,,0.0984,0.0777,0.0666,0.0531,0.0308,0.0085,0.0051,0.0044,0.009,0.0104,0.0052,0.0098,0.0119,0.0225,0.0241,0.02,0.0026,-0.022,-0.0151,-0.0148,-0.0182,-0.0237,-0.0209,-0.0135,-0.0002,0.0012,-0.0026,-0.0017,-0.0004
2013-08-27,12.5978,40.4824,SE,0.033,0.0273,0.0226,0.0124,-0.003,-0.0148,-0.0271,-0.0317,-0.0329,-0.037,-0.0258,-0.0235,-0.0085,0.0011,0.0092,0.0093,0.007,0.0125,0.0202,0.0115,0.022,0.0143,0.0181,0.0268,0.0129,0.0071,0.0003,-0.0025,-0.009,-0.0128
2013-08-27,12.5978,40.4824,SO,0.103,0.0884,0.0731,0.0581,0.0473,0.036,0.0263,0.0024,-0.0007,0.024,0.0133,0.0078,0.025,0.0154,0.0154,0.0364,0.03,0.0257,0.0033,-0.0202,0.0054,-0.0117,-0.0188,-0.0266,-0.0276,-0.0256,-0.0184,-0.0091,0.0117,0.0122
2013-10-30,12.591,40.4834,E,0.077,0.0681,0.059,0.0436,0.0308,0.0423,0.0344,0.0312,0.027,0.0204,0.0201,0.0243,0.0264,0.0292,0.0158,0.0033,-0.001,0.0009,-0.008,-0.004,-0.0,-0.0053,-0.004,-0.0074,-0.0087,-0.011,-0.0138,-0.0142,-0.0202,-0.019
2013-10-30,12.591,40.4834,N,0.0114,0.0101,0.0032,0.004,0.0023,0.0058,0.0101,0.0104,0.0125,0.0169,0.0168,0.0107,0.0024,-0.0094,-0.0114,-0.0152,-0.0178,-0.0194,-0.0164,-0.0143,-0.0122,-0.0118,-0.0076,-0.0039,0.0016,0.0069,0.0094,0.0113,0.0149,0.0129
2013-10-30,12.591,40.4834,NE,,0.0336,0.0256,0.0222,0.0205,0.0189,0.0199,0.0245,0.025,0.0277,0.0233,0.0166,0.0123,0.0092,0.0029,0.0011,-0.0,-0.0028,0.0009,-0.0002,-0.0014,0.0013,0.0036,0.0031,0.0067,0.0007,-0.0021,-0.0053,-0.0123,-0.02
2013-10-30,12.591,40.4834,NO,,0.0495,0.0352,0.0282,0.0251,0.02,0.0186,0.0151,0.0116,0.006,-0.0036,-0.0033,-0.0087,-0.0047,-0.0021,-0.003,-0.0017,-0.0013,0.0023,0.0023,0.0061,0.011,0.0162,0.0111,-0.0008,-0.0079,-0.0057,-0.0105,-0.0077,-0.0162
2013-10-30,12.591,40.4834,O,,0.0564,0.0555,0.042,0.0215,0.0158,0.0015,-0.0023,-0.0068,-0.0057,-0.0052,-0.0083,1e-04,0.0005,0.0011,0.0026,0.0053,0.0061,0.0066,0.0097,0.0162,0.0127,0.0144,0.0102,0.0012,0.0013,-0.0044,-0.004,-0.0119,-0.0109
2013-10-30,12.591,40.4834,S,,0.0438,0.0383,0.0465,0.0342,0.0192,0.0066,0.0027,0.003,0.0231,0.0261,0.0271,0.0248,0.0071,-0.0009,-0.0016,-0.0116,-0.0065,-0.0,0.0043,0.0105,0.0098,0.0093,-0.0,-0.0073,-0.0129,-0.016,-0.0153,-0.0158,-0.0273
2013-10-30,12.591,40.4834,SE,,0.0127,0.0151,0.0365,0.0356,0.0221,0.0025,-0.0055,-0.004,0.0047,0.0175,0.0164,0.0286,0.0282,0.0166,0.02,0.0164,0.0062,0.0138,0.0065,0.0012,-0.0046,-0.0123,-0.0149,-0.0217,-0.022,-0.0172,-0.009,0.0003,-0.0031
2013-10-30,12.591,40.4834,SO,,0.0216,0.0203,0.0123,0.0089,0.0049,-0.0069,-0.0186,-0.0308,-0.0283,-0.0261,-0.0271,-0.0286,-0.0247,-0.0223,-0.0208,-0.0135,-0.0067,0.0148,-0.0006,0.0296,0.0418,0.0223,0.0034,0.0143,0.0004,-0.005,0.0007,0.0043,0.0058
2013-11-15,12.5913,40.4834,E,0.0812,0.0715,0.0635,0.0554,0.0491,0.0464,0.0398,0.0371,0.023,0.0132,0.015,0.0167,0.011,0.0139,0.0088,0.0034,0.0046,-0.0079,-0.006,-0.0024,-0.002,-0.0031,-0.0003,-0.0021,-0.0036,-0.0033,-0.0137,-0.0159,-0.017,-0.0118
2013-11-15,12.5913,40.4834,N,0.0053,-0.0013,-0.0077,-0.0063,-0.009,-0.0065,-0.0042,-0.0017,0.005,0.0097,0.0061,0.0024,-0.0028,-0.0091,-0.0153,-0.0207,-0.0233,-0.0309,-0.03,-0.0282,-0.0183,-0.0159,-0.0045,0.0086,0.0081,0.0113,0.0137,0.0161,0.0212,0.0235
2013-11-15,12.5913,40.4834,NE,,0.0294,0.0228,0.0207,0.0184,0.0184,0.0192,0.019,0.0213,0.0166,0.0128,0.0039,0.0058,0.0015,-0.0066,-0.0089,-0.0106,-0.0052,0.0018,0.0085,0.0066,0.0072,0.009,0.0091,0.0113,0.0019,0.0043,-0.0069,-0.0108,-0.0174
2013-11-15,12.5913,40.4834,NO,,0.0658,0.0581,0.0447,0.0374,0.0306,0.0257,0.0195,0.0123,0.0088,0.001,-0.0031,-0.002,-0.002,-0.0015,0.0051,-0.0033,-0.0036,-0.0041,-0.0034,-0.0012,0.0012,0.012,0.0106,0.0068,-0.0031,-0.0032,-0.0093,-0.0081,-0.0068
2013-11-15,12.5913,40.4834,O,,0.0834,0.0874,0.0748,0.0637,0.0373,0.022,0.0091,-0.001,-0.0025,-0.0037,-0.0051,-0.0045,-0.0016,-0.0021,-0.0008,-0.0025,0.0026,0.0076,0.0087,0.0141,0.0098,0.0129,0.0132,0.0053,0.0044,-0.0038,-0.01,-0.0111,-0.0154
2013-11-15,12.5913,40.4834,S,,0.0721,0.0715,0.052,0.0209,0.0097,0.0015,-0.0006,-0.004,0.0291,0.0367,0.0415,0.0325,0.0183,0.0083,0.003,-0.0102,-0.0211,-0.0139,0.0037,0.0102,0.009,0.0078,-0.0023,-0.0023,-0.0116,-0.0136,-0.0141,-0.0099,-0.0153
2013-11-15,12.5913,40.4834,SE,,0.045,0.0641,0.056,0.0516,0.0214,-0.0026,0.0019,0.0116,0.0272,0.0252,0.023,0.0313,0.0216,0.0177,0.02,0.0096,0.0214,0.0306,0.0102,-0.0043,-0.0056,-0.0112,-0.0186,-0.0287,-0.0245,-0.0164,-0.0044,-0.0099,-0.0086
2013-11-15,12.5913,40.4834,SO,,0.0277,0.0253,0.0195,0.0143,-0.005,-0.0198,-0.0294,-0.0424,-0.043,-0.0396,-0.0396,-0.0371,-0.0374,-0.03,-0.0271,-0.023,-0.0153,0.0032,-0.0039,0.0113,0.0387,0.0372,0.0259,0.0276,0.0093,0.012,0.008,0.0138,0.0136
2013-12-01,12.591,40.4834,E,0.0717,0.0665,0.0593,0.0472,0.0351,0.0409,0.0332,0.0319,0.0242,0.0143,0.007,0.0101,0.0217,0.0232,0.0122,0.0068,0.0069,0.0054,-0.0015,-0.0035,-0.0025,-0.0025,-0.0038,-0.0072,-0.0074,-0.0099,-0.0132,-0.0166,-0.018,-0.0152
2013-12-01,12.591,40.4834,N,0.0271,0.0254,0.019,0.0158,0.0131,0.0136,0.0149,0.0097,0.0107,0.0126,0.013,0.0072,0.0022,-0.0032,-0.0042,-0.0073,-0.0116,-0.0136,-0.0128,-0.011,-0.0096,-0.0097,-0.0054,-0.0022,0.0005,0.0029,0.0056,0.007,0.0058,0.0054
2013-12-01,12.591,40.4834,NE,,0.0369,0.0295,0.0238,0.0197,0.014,0.0144,0.0188,0.0181,0.0201,0.0176,0.0144,0.0124,0.0115,0.0057,0.0049,0.0011,-0.0029,-0.0023,1e-04,-0.001,0.0006,0.0017,0.0007,0.0022,0.0013,0.0007,-0.0023,-0.0131,-0.0197
2013-12-01,12.591,40.4834,NO,,0.0472,0.0361,0.0311,0.028,0.0221,0.0182,0.0112,0.0061,0.0077,-0.0014,1e-04,-0.0086,-0.0021,0.0002,-0.0012,-0.0015,-0.0,-0.0009,-0.0012,0.0005,0.0087,0.0115,0.0106,0.0003,-0.0049,-0.0033,-0.0071,-0.0051,-0.0089
2013-12-01,12.591,40.4834,O,,0.0529,0.055,0.0452,0.0254,0.0174,0.0051,0.0029,-0.0008,-0.0015,-0.0019,-0.0021,0.0005,0.0005,-0.0004,-0.0008,0.0006,0.0028,0.0011,0.0043,0.0127,0.0085,0.0086,0.007,0.0022,0.0031,-0.0013,-0.0027,-0.0094,-0.0091
2013-12-01,12.591,40.4834,S,,0.0343,0.0313,0.0374,0.0309,0.014,0.0017,0.0023,0.0006,0.0179,0.0236,0.0253,0.0297,0.015,0.0058,0.0042,-0.0058,-0.0034,0.003,0.0073,0.0089,0.007,0.0049,-0.0023,-0.007,-0.0133,-0.0162,-0.0163,-0.02,-0.026
2013-12-01,12.591,40.4834,SE,,0.013,0.0188,0.0256,0.0277,0.0168,0.0006,-0.0049,-0.0024,0.0038,0.0144,0.0147,0.0236,0.0239,0.0196,0.0164,0.0109,0.0046,0.0136,0.0086,-0.0013,-0.0073,-0.0096,-0.0139,-0.0168,-0.0173,-0.0137,-0.0086,-0.002,-0.0065
2013-12-01,12.591,40.4834,SO,,0.0218,0.0248,0.0171,0.0065,-0.003,-0.014,-0.0181,-0.0284,-0.0272,-0.0251,-0.0269,-0.0252,-0.021,-0.0203,-0.0203,-0.0128,-0.0118,0.0072,-0.0041,0.0206,0.0363,0.0172,0.0003,0.0165,0.0068,-0.0013,0.0044,0.0064,0.0059
2014-01-18,12.591,40.4834,E,0.0723,0.0701,0.0626,0.0457,0.0323,0.0442,0.0353,0.0378,0.0295,0.0215,0.0176,0.0168,0.0214,0.0219,0.0102,0.0077,0.004,0.0065,-0.0029,-0.0019,0.002,-0.0029,-0.0045,-0.0088,-0.0076,-0.0118,-0.0165,-0.0174,-0.02,-0.0184
2014-01-18,12.591,40.4834,N,0.0202,0.0149,0.0039,-0.0011,-0.0026,-1e-04,0.0048,0.0029,0.004,0.0122,0.015,0.0114,0.0063,0.0012,0.0004,-0.0044,-0.0067,-0.0124,-0.0113,-0.0105,-0.0096,-0.0103,-0.0068,-0.0024,-0.0013,0.0013,0.0023,0.0057,0.003,0.0044
2014-01-18,12.591,40.4834,NE,,0.0381,0.0307,0.024,0.0184,0.0096,0.0128,0.0132,0.013,0.0134,0.0118,0.0067,0.0065,0.011,0.0039,0.0054,0.0063,0.0022,0.003,0.0037,0.0046,0.0044,0.0045,0.0031,0.0021,-0.0017,-0.0048,-0.0088,-0.0148,-0.0186
2014-01-18,12.591,40.4834,NO,,0.0538,0.0367,0.0267,0.0215,0.015,0.0101,0.0068,0.0029,0.002,-0.0019,0.0009,-0.0011,0.0006,0.0014,0.0028,0.0029,-0.0,0.0017,0.0018,0.003,0.0098,0.0129,0.0071,-0.0023,-0.0072,-0.0056,-0.0085,-0.0092,-0.0133
2014-01-18,12.591,40.4834,O,,0.0643,0.0657,0.0492,0.0259,0.0143,0.0037,-0.0009,-0.0039,-0.0041,-0.0035,-0.0045,-0.0038,-0.0022,-0.0004,0.0003,0.002,0.0058,0.005,0.0067,0.0158,0.0153,0.0123,0.0089,-0.0013,0.0038,-0.001,-0.0036,-0.0115,-0.0121
2014-01-18,12.591,40.4834,S,,0.0294,0.033,0.0482,0.0369,0.0215,0.0023,0.0035,0.0014,0.0217,0.0298,0.0308,0.0337,0.0171,0.0014,0.0016,-0.0071,-0.0034,0.003,0.0048,0.0049,0.0043,0.0018,-0.0076,-0.0089,-0.0137,-0.0161,-0.0151,-0.0171,-0.0278
2014-01-18,12.591,40.4834,SE,,-0.0087,0.0083,0.037,0.0419,0.0252,0.004,-0.0033,-0.0033,0.006,0.0108,0.0151,0.029,0.0307,0.021,0.0159,0.0063,0.0023,0.0149,0.0071,-0.0016,-0.0064,-0.0082,-0.0178,-0.0231,-0.0226,-0.0196,-0.0092,1e-04,-0.0043
2014-01-18,12.591,40.4834,SO,,0.0159,0.0195,0.0126,0.0086,-0.0013,-0.0143,-0.0218,-0.0354,-0.0318,-0.0279,-0.0294,-0.0285,-0.0256,-0.0261,-0.0219,-0.0151,-0.0056,0.0182,0.0004,0.0312,0.038,0.0227,0.0027,0.0184,0.0033,-0.0034,0.0044,0.0056,0.0083
2014-02-03,12.591,40.4834,E,0.0712,0.0667,0.0556,0.0339,0.0195,0.0315,0.0238,0.0282,0.0235,0.015,0.0096,0.0113,0.014,0.0117,0.004,0.0039,-0.0,0.0031,-0.0034,-0.005,0.0025,-0.0012,-0.0022,-0.0053,-0.0082,-0.0104,-0.0126,-0.014,-0.0161,-0.0142
2014-02-03,12.591,40.4834,N,0.0237,0.0267,0.0165,0.0098,0.0052,0.0076,0.0136,0.0075,0.0066,0.0137,0.0168,0.0145,0.0062,0.0017,0.0044,-0.0015,-0.005,-0.009,-0.0085,-0.0066,-0.0067,-0.0074,-0.0104,-0.0078,-0.0056,-0.0002,0.0041,0.0081,0.0041,0.0025
2014-02-03,12.591,40.4834,NE,,0.0408,0.034,0.0269,0.0218,0.0179,0.0176,0.0199,0.0201,0.0213,0.0202,0.0152,0.0156,0.0205,0.0089,0.0081,0.008,0.0008,0.001,-0.0033,-0.0027,0.0021,0.002,-0.0011,0.0016,-0.0031,-0.007,-0.0123,-0.0159,-0.0241
2014-02-03,12.591,40.4834,NO,,0.0428,0.0326,0.0264,0.0217,0.0142,0.0091,0.0051,0.003,0.0012,-0.0008,0.0029,-0.0041,0.0017,0.0017,0.0019,0.0009,-0.0017,-0.0005,-0.0021,0.0006,0.0069,0.0124,0.009,-0.0011,-0.0092,-0.0079,-0.0094,-0.0073,-0.0146
2014-02-03,12.591,40.4834,O,,0.0472,0.0518,0.0417,0.0233,0.0182,0.0069,0.0017,-0.0013,-0.004,-0.0027,-0.0044,-0.0025,-0.0021,-0.0002,0.0019,0.0019,0.0045,0.0062,0.0066,0.0144,0.0152,0.0124,0.0089,-0.0002,0.0046,-0.0021,-0.0024,-0.009,-0.0118
2014-02-03,12.591,40.4834,S,,0.0301,0.0383,0.0551,0.0415,0.0194,0.0065,0.0099,0.0063,0.0221,0.019,0.0241,0.0313,0.0106,0.0036,0.0015,-0.0042,-0.0054,-0.0024,-0.0009,0.004,0.0045,0.0058,-0.0035,-0.0047,-0.0092,-0.0131,-0.0109,-0.014,-0.0277
2014-02-03,12.591,40.4834,SE,,0.0134,0.02,0.0409,0.0371,0.0254,0.0038,-0.0066,-0.0053,0.0005,0.0072,0.0137,0.0234,0.0269,0.0186,0.0132,0.0073,0.0004,0.0085,0.0125,-0.0027,-0.0056,-0.0073,-0.0072,-0.0146,-0.0153,-0.0131,-0.0056,0.0012,-0.0049
2014-02-03,12.591,40.4834,SO,,0.0094,0.0159,0.0147,0.0125,0.0116,-0.007,-0.0136,-0.0282,-0.0237,-0.0212,-0.0226,-0.0234,-0.021,-0.0193,-0.0151,-0.0102,-0.0007,0.0125,0.0034,0.0207,0.0307,0.0191,0.0053,0.0119,-0.0006,-0.0037,0.0013,0.0032,0.0059
2014-03-07,12.5948,40.4818,E,0.0655,0.0631,0.0497,0.0445,0.0375,0.0366,0.0294,0.0346,0.0343,0.0291,0.0294,0.0154,0.0068,-0.005,-0.0091,-0.0142,-0.0212,-0.0229,-0.027,-0.0222,-0.0153,-0.0087,-0.0101,-0.0033,0.0039,0.0086,0.0113,0.022,0.0297,0.0245
2014-03-07,12.5948,40.4818,N,,0.0029,-0.024,0.0012,0.0153,0.0127,-0.0011,-0.0012,0.0019,0.0185,0.0168,0.0169,-0.0065,-0.0027,1e-04,-0.001,-0.003,-0.0035,-0.0027,0.0004,0.0016,0.0037,0.0083,0.0082,0.0075,0.003,-0.0012,-0.0037,-0.0045,-0.0101
2014-03-07,12.5948,40.4818,NE,0.0787,0.0854,0.0487,0.0102,0.0208,0.0165,0.0559,0.0252,0.0142,0.0142,0.0092,-0.0069,-0.0032,-0.0152,-0.0163,-0.0133,-0.0134,-0.0055,0.0034,-0.0017,0.0154,0.013,0.0155,0.0087,0.0081,-0.0004,-0.0002,0.0003,-0.0022,-0.0041
2014-03-07,12.5948,40.4818,NO,0.0119,0.0095,-0.016,-0.0382,-0.0236,-0.0164,-0.0247,-0.0204,-0.0191,-0.0142,-0.008,-0.0006,0.0043,0.0058,0.0077,0.0129,0.013,0.0111,0.0091,0.0139,0.0115,0.0115,0.0018,0.0061,0.0065,0.0037,-0.0043,-0.0054,-0.009,-0.0123
2014-03-07,12.5948,40.4818,O,,0.0198,0.0318,0.027,0.0144,0.0071,0.0029,-0.0054,-0.0096,-0.0124,-0.0013,-0.0012,-0.0002,0.0091,0.0115,0.0107,0.0114,0.0069,-0.0111,-0.0132,-0.0116,-0.0157,-0.0193,-0.0183,-0.0135,-0.0042,0.0014,0.0059,0.0094,0.0162
2014-03-07,12.5948,40.4818,S,,0.1148,0.1061,0.0942,0.0809,0.0718,0.0656,0.0678,0.0646,0.0498,0.0395,0.0305,0.0234,0.0175,0.0005,-0.0105,-0.0228,-0.025,-0.0305,-0.0294,-0.0308,-0.0282,-0.0229,-0.0214,-0.0113,-0.0037,0.0068,0.0111,0.009,0.0084
2014-03-07,12.5948,40.4818,SE,,0.0842,0.0667,0.0653,0.0593,0.0445,0.0296,0.0234,0.0087,-0.0008,-0.0069,-0.0005,0.0075,0.0129,0.0042,0.0017,0.0031,0.0078,0.0043,-0.0037,-0.0111,-0.0247,-0.0003,-0.0074,-0.0084,-0.0027,0.0074,0.0042,-0.01,-0.0025
2014-03-07,12.5948,40.4818,SO,,0.0588,0.0622,0.0577,0.0633,0.0499,0.0428,0.044,0.0368,0.0289,0.0158,0.0134,0.0153,0.0078,-0.001,-0.015,-0.025,-0.0205,-0.0208,-0.0246,-0.0219,-0.0157,0.0004,0.0076,0.0098,0.006,0.0074,0.0131,0.0133,0.0089
2014-04-08,12.5942,40.4851,E,,0.0349,0.0224,0.0112,0.003,-0.0075,-0.021,-0.0184,-0.0165,-0.0083,-0.0095,-0.0046,-0.0072,-0.0082,-0.0083,-0.0089,-0.01,-0.0046,-0.0006,0.0068,0.0075,0.0047,0.0084,0.0129,0.018,0.0184,0.0168,0.0165,0.0134,0.0111
2014-04-08,12.5942,40.4851,N,,0.0234,0.0127,0.0082,0.0005,0.0017,-0.0023,-0.0035,-0.002,0.0023,0.0078,0.0094,0.0069,0.0077,0.0033,-0.0014,-0.0062,-0.0039,-0.0041,-0.011,-0.0097,-0.0077,-0.0027,0.0013,0.0025,0.0062,0.0072,0.0049,0.0025,0.0032
2014-04-08,12.5942,40.4851,NE,0.028,0.0196,0.009,-0.0012,-0.0019,-0.0033,-0.0029,-0.0039,-0.002,0.0011,0.0013,0.0049,0.005,0.0026,0.0002,-0.0017,-0.0058,-0.0126,-0.017,-0.0143,-0.0123,-0.0102,-0.0051,0.0002,0.0016,0.0049,0.0063,0.009,0.0092,0.0048
2014-04-08,12.5942,40.4851,NO,0.0175,0.0142,0.0145,0.0132,0.0051,0.002,0.0003,0.0024,0.0042,0.0039,0.005,-0.0022,0.0005,-0.0043,-0.0026,-0.0057,-0.0051,-0.0156,-0.0141,-0.0094,-0.0071,-0.0013,0.0003,-0.0004,-0.0019,0.0048,0.0058,0.0051,0.0056,0.0026
2014-04-08,12.5942,40.4851,O,,0.0208,0.0219,0.0203,0.0186,0.0176,0.016,0.0174,0.017,0.0193,0.0192,0.0188,0.0185,0.0222,0.0211,0.0153,0.0063,-0.0042,-0.01,-0.014,-0.0128,-0.0139,-0.017,-0.0157,-0.0129,-0.0075,-0.0056,-0.0008,0.0008,0.0063
2014-04-08,12.5942,40.4851,S,,0.0591,0.0532,0.0412,0.0299,0.0265,0.0265,0.0268,0.0058,-0.0183,-0.0076,0.0035,0.0092,0.012,0.0144,0.0142,0.0155,0.0145,0.0124,0.0121,0.0051,-0.0004,-0.0032,-0.008,-0.0099,-0.0148,-0.0115,-0.0093,-0.0085,-0.0054
2014-04-08,12.5942,40.4851,SE,0.0496,0.05,0.0412,0.0299,0.0228,0.011,0.0082,0.0089,0.0039,-0.0122,-0.0091,-0.0052,0.006,0.0145,0.0138,0.0144,0.0113,0.0042,0.0002,-0.0015,-0.0016,-0.0004,-0.0024,-0.001,-0.0054,-0.0054,-0.0102,-0.007,-0.0049,-0.0028
2014-04-08,12.5942,40.4851,SO,0.0481,0.0455,0.0408,0.0392,0.0225,0.0192,0.0125,0.0026,0.0173,0.0132,0.009,0.007,0.0108,0.0135,0.0064,-0.0025,-0.0018,0.0031,1e-04,0.0036,-0.0046,-0.0055,-0.0075,-0.0135,-0.0107,-0.0091,-0.0106,0.0028,1e-04,0.0169
2014-04-24,12.594,40.4848,E,,0.0637,0.0537,0.0402,0.0241,0.0093,0.0028,-0.0076,-0.0164,-0.0116,-0.0101,-0.0118,-0.0138,-0.0145,-0.0113,-0.0127,-0.012,-0.0115,-0.0047,0.0002,0.0043,0.0083,0.0081,0.0069,0.0232,0.0292,0.0301,0.0217,0.0182,0.0142
2014-04-24,12.594,40.4848,N,,0.0407,0.0307,0.0284,0.0141,0.0013,0.0,-0.0049,-0.0094,-0.009,-0.0016,0.0044,0.0104,0.014,0.0122,0.009,0.0045,-0.0052,-0.0073,-0.0121,-0.0178,-0.0116,-0.0052,-0.0024,-0.0008,0.0031,0.008,0.015,0.0171,0.0159
2014-04-24,12.594,40.4848,NE,0.0598,0.0504,0.035,0.0222,0.0097,0.0076,0.0035,-0.0014,-0.0043,-0.0035,-0.0023,-0.0003,0.0034,0.0045,0.0016,-0.0016,-0.003,-0.0063,-0.0058,-0.0127,-0.0105,-0.0142,-0.0123,-0.0085,-0.0025,0.0024,0.0031,0.013,0.0138,0.0131
2014-04-24,12.594,40.4848,NO,0.0228,0.0237,0.0215,0.0172,0.0168,0.0117,0.0141,0.0064,0.006,0.0068,0.0079,0.0039,0.0041,0.0022,-0.002,-0.0056,-0.0048,-0.008,-0.0136,-0.0119,-0.011,-0.0061,-0.0037,-0.0058,-0.0036,-0.0026,0.0029,0.0028,-0.0038,0.0115
2014-04-24,12.594,40.4848,O,,0.041,0.0346,0.0268,0.0234,0.0183,0.0181,0.0215,0.0242,0.0221,0.0232,0.0255,0.0295,0.0288,0.0223,0.0071,-0.0026,-0.0049,-0.0108,-0.0129,-0.0164,-0.0163,-0.0144,-0.0146,-0.0143,-0.0046,-0.0017,-0.0012,0.0059,0.011
2014-04-24,12.594,40.4848,S,,0.0344,0.0254,0.0213,0.0209,0.038,0.0653,0.036,-0.0013,0.0159,0.0271,0.0276,0.0231,0.0255,0.0225,0.0134,0.0079,0.0137,0.0218,0.01,-0.0092,-0.012,-0.018,-0.0109,-0.0183,-0.0203,-0.0175,-0.0092,-0.009,-0.0057
2014-04-24,12.594,40.4848,SE,0.0402,0.0354,0.0311,0.0249,0.0216,0.0189,0.0093,0.024,0.0067,-0.0137,-0.0029,-0.0002,0.0112,0.0135,0.0143,0.0121,0.0132,0.0042,-0.0013,-0.01,-0.0071,-0.0064,-0.0035,-0.0023,-0.0052,-0.0035,-0.0068,-0.0014,0.003,0.002
2014-04-24,12.594,40.4848,SO,0.0592,0.0455,0.0367,0.0317,0.0225,0.0153,0.0099,0.0238,0.0235,0.0209,0.0199,0.0113,0.024,0.0106,-0.0037,-0.0112,-0.0045,-0.0066,-0.0112,-0.0132,-0.0067,-0.0136,-0.0176,-0.0136,-0.005,-0.0075,-0.0031,0.0083,0.0071,0.0219
2014-05-26,12.5978,40.4824,E,,0.0438,0.0374,0.0452,0.0233,0.0153,0.032,0.0124,0.004,0.0119,-0.0057,-0.0038,-0.015,-0.026,-0.0459,-0.0378,-0.0199,-0.0197,-0.0112,-0.0176,-0.0106,0.0005,0.007,0.0117,0.0155,0.016,0.0139,0.0093,0.0163,0.0117
2014-05-26,12.5978,40.4824,N,,-0.0039,-0.0194,-0.036,-0.0305,-0.0123,-0.0028,-0.0096,-0.0177,-0.0077,-0.0108,-0.0094,-0.0087,-0.0049,0.0055,0.0121,0.0095,0.0063,0.0077,-0.0026,-0.0017,-0.0022,0.003,0.0039,0.0049,0.0046,0.004,-0.0044,0.0008,0.0078
2014-05-26,12.5978,40.4824,NE,0.0116,,-0.0138,-0.034,-0.0509,-0.0592,-0.0654,-0.0055,-0.0005,-0.0032,-0.005,-0.0033,-0.0178,-0.0103,-0.0021,-0.0076,-0.0063,-0.014,-0.0045,0.0039,0.0034,0.0048,0.0048,0.0048,0.0102,0.0104,0.0087,0.0054,0.0063,0.0076
2014-05-26,12.5978,40.4824,NO,0.0275,0.0313,0.0138,-0.0002,-0.0268,-0.0279,-0.0175,-0.0105,-0.0162,-0.0121,-0.0128,0.0007,0.0061,0.005,0.0057,0.0146,0.0047,-0.0008,-0.0043,-0.0086,-0.0091,-0.0074,-0.0061,-1e-04,0.0038,0.0103,0.0053,0.0047,0.0045,-0.0033
2014-05-26,12.5978,40.4824,O,,0.0279,0.0268,0.016,0.0092,0.0028,-0.0003,-0.0012,-0.0043,0.0017,0.0004,0.0047,0.0051,0.0065,0.001,0.0013,0.0006,0.0006,-0.0023,-0.0003,-0.0016,-0.0043,-0.0021,0.0108,0.0161,0.0199,0.006,-0.0102,-0.0156,-0.0252
2014-05-26,12.5978,40.4824,S,,0.0436,0.031,0.0278,0.0249,0.0179,0.007,0.0095,0.0093,0.0135,0.0161,0.0106,0.0115,0.0203,0.0215,0.0197,0.0192,0.0004,-0.0134,-0.0046,-0.0194,-0.0276,-0.031,-0.0274,-0.0215,-0.0039,-0.0033,-0.0004,0.0006,-0.0027
2014-05-26,12.5978,40.4824,SE,0.0008,0.0062,0.0013,0.0037,0.0017,-0.0021,-0.0088,-0.0104,-0.0138,-0.0172,-0.0139,-0.0071,0.0026,0.0067,0.0072,0.0079,0.0005,-0.0003,0.0037,-0.0053,0.0132,0.0021,0.0072,0.0137,0.0112,0.0131,0.0029,-0.0036,-0.0144,-0.0262
2014-05-26,12.5978,40.4824,SO,0.0613,0.0539,0.0461,0.0359,0.0301,0.0228,0.0211,0.0119,0.0115,0.0277,0.0264,0.0205,0.017,0.0117,0.0127,0.012,0.0067,-0.0002,-0.0105,-0.0176,-0.0054,-0.0101,-0.0074,-0.0152,-0.0178,-0.0127,-0.0145,-0.0061,0.0104,0.0104
2014-06-11,12.5945,40.4854,E,,0.0486,0.0411,0.0384,0.028,0.013,0.0035,0.0026,0.0018,0.003,0.0023,0.0025,0.0031,0.0034,0.0026,0.0033,0.002,-0.0007,-0.0042,-0.0045,-0.0049,-0.0057,-0.0055,-0.0067,-0.0044,0.002,0.0064,0.0074,0.0091,0.0108
2014-06-11,12.5945,40.4854,N,,0.0633,0.0526,0.0398,0.0348,0.0277,0.0173,0.0114,0.0041,0.0045,0.0003,-0.0012,0.0007,0.002,-0.003,-0.0076,-0.0011,-0.0067,-0.0044,-0.0063,-0.0067,-0.0011,0.0027,0.0022,0.0033,0.0027,0.0017,-0.0006,-0.0019,-0.0025
2014-06-11,12.5945,40.4854,NE,0.0478,0.0432,0.0284,0.0217,0.019,0.0186,0.0122,0.0186,0.0147,0.0188,0.019,0.0167,0.0169,0.0134,0.0088,0.005,0.0004,-0.0037,-0.0078,-0.0088,-0.0089,-0.0071,-0.005,-0.0056,0.0,0.0017,0.0005,-0.003,-0.0007,-0.001
2014-06-11,12.5945,40.4854,NO,0.0601,0.0516,0.043,0.0352,0.0267,0.0199,0.0176,0.0103,0.0086,0.0121,0.0071,0.0079,0.0081,0.0009,-0.0038,-0.0081,-0.0097,-0.0116,-0.0099,-0.0092,-0.0078,-0.0068,-0.0063,-0.0042,-0.0021,0.0005,-0.0008,0.0055,0.0008,0.0128
2014-06-11,12.5945,40.4854,O,,0.0293,0.0186,0.0093,0.0047,0.0003,1e-04,0.0014,0.0069,0.0106,0.0146,0.0146,0.0151,0.0159,0.0181,0.0167,0.0125,0.0074,0.0019,0.0014,-0.005,-0.0036,-0.0062,-0.0074,-0.0088,-0.0064,-0.0027,-0.0023,-0.0004,0.0008
2014-06-11,12.5945,40.4854,S,,0.0278,0.0234,0.012,-0.011,-0.0309,-0.0348,-0.0199,0.004,0.0005,-0.0119,0.0017,0.0128,0.0223,0.0191,0.0207,0.0201,0.0159,0.0139,0.0103,0.01,0.0047,0.002,-0.0014,-0.0102,-0.0114,-0.0169,-0.0171,-0.0179,-0.0144
2014-06-11,12.5945,40.4854,SE,0.064,0.0388,0.0387,0.0257,0.005,-0.0088,-0.0312,-0.0213,-0.0032,-0.0047,-0.006,0.0009,0.0082,0.0145,0.013,0.007,0.0071,0.0026,-0.0008,-0.0021,-0.0049,-0.0051,-0.0037,-0.0013,0.001,0.0036,0.001,0.0037,0.0032,0.0026
2014-06-11,12.5945,40.4854,SO,0.0508,0.0478,0.0383,0.033,0.0195,0.0123,0.0089,-0.0019,-0.0111,-0.0129,-0.0057,-0.0036,0.0031,0.0078,0.0127,0.0105,0.0181,0.0093,0.0042,0.0063,0.0027,-0.001,-0.0079,-0.0131,-0.0134,-0.0118,-0.0134,-0.004,-0.0076,-0.0013
2014-06-27,12.5972,40.4824,E,,0.0682,0.0473,0.0509,0.0345,0.0279,0.0304,0.0019,-0.0102,0.0091,-0.0,0.0117,0.0073,-0.0017,-0.0149,-0.0288,-0.0174,-0.0228,-0.0136,-0.008,-0.001,-0.0038,0.0033,0.0125,0.0144,0.0165,0.0158,0.0148,0.0186,0.0073
2014-06-27,12.5972,40.4824,N,,0.0441,0.0166,0.0024,0.0065,0.0174,0.0163,0.0071,-0.0142,-0.0084,-0.0035,-0.0014,-0.0036,-0.0039,0.0008,0.0031,-0.0019,0.0022,-0.0041,-0.0068,-0.0074,-0.0042,0.0017,0.0038,0.0063,0.0018,-0.0002,-0.0028,0.0037,0.0119
2014-06-27,12.5972,40.4824,NE,0.0616,,0.0241,-0.0029,-0.0298,-0.0441,-0.0337,-0.0175,-0.0088,-0.0002,-0.0002,-0.0036,0.0004,-0.0063,-0.0066,0.0041,0.0044,0.0076,0.0071,-0.0066,-0.0042,-0.0006,-0.005,-0.0039,-1e-04,0.0046,0.0104,0.0109,0.0153,0.0137
2014-06-27,12.5972,40.4824,NO,0.0415,0.0301,0.0117,0.0007,-0.0102,-0.0121,-0.0027,-0.0134,-0.0076,-0.0026,-0.0018,0.0014,0.0098,0.0103,0.011,0.0061,0.0026,-0.0017,-0.0036,-0.0018,-0.006,-0.0034,-0.0024,-0.0011,0.0019,0.0038,0.002,0.0043,0.0027,0.0012
2014-06-27,12.5972,40.4824,O,,0.038,0.0305,0.0236,0.0168,0.0129,0.0083,0.0082,0.0156,0.0233,0.0149,0.0196,0.0113,0.0053,0.0013,-0.0035,-0.0094,-0.0118,-0.0103,-0.0093,-0.0085,-0.0024,0.0117,0.0101,0.0068,0.0026,1e-04,-0.004,-0.0037,-0.009
2014-06-27,12.5972,40.4824,S,,0.0673,0.0559,0.0503,0.0421,0.0254,0.0201,0.0202,0.0173,0.0257,0.0295,0.0279,0.0275,0.0289,0.0237,0.0166,0.0076,-0.0102,-0.0292,-0.0229,-0.0239,-0.0277,-0.0296,-0.026,-0.0228,-0.0082,-0.0011,0.0002,0.006,0.0109
2014-06-27,12.5972,40.4824,SE,0.0431,0.0435,0.0374,0.0332,0.0218,0.0123,0.0054,0.0028,-0.0078,-0.0188,-0.0239,-0.0259,-0.0133,-0.0044,0.0002,0.0047,0.0074,0.0042,0.0035,0.006,0.012,0.0047,0.0106,0.0106,0.0115,0.0094,0.0065,0.0012,-0.0003,-0.0055
2014-06-27,12.5972,40.4824,SO,0.0668,0.0535,0.0455,0.0394,0.0401,0.0392,0.0335,0.0354,0.0458,0.0413,0.0344,0.0255,0.0229,0.0223,0.0138,0.0033,0.0034,-0.0079,-0.0163,-0.0175,-0.0147,-0.0166,-0.0222,-0.0252,-0.0232,-0.0166,-0.0056,0.0092,0.0102,0.0111
2014-07-13,12.5945,40.4848,E,,0.0622,0.0486,0.0363,0.0325,0.0118,-0.0022,0.0014,0.0048,0.0056,0.0025,-0.0006,0.0007,0.0004,0.0002,-0.0027,-0.0003,0.0012,0.0015,0.0019,-0.0023,-0.0009,0.0028,-0.0045,-0.0052,0.0006,0.0089,0.0134,0.0182,0.021
2014-07-13,12.5945,40.4848,N,,0.0509,0.0398,0.025,0.0144,0.0056,0.0006,-0.0072,-0.0162,-0.0169,-0.0089,-0.0011,0.0032,0.0067,0.0038,0.0018,-0.0087,-0.01,-0.0053,-0.0158,-0.0156,-0.0154,-0.0108,-0.0025,-0.0009,0.0095,0.0088,0.0192,0.0214,0.023
2014-07-13,12.5945,40.4848,NE,0.0418,0.0407,0.0266,0.0156,0.0238,0.0103,-0.0015,-0.0042,-0.0019,0.0002,0.0014,-0.0005,0.0018,-0.0006,1e-04,0.001,-1e-04,0.001,-0.0049,-0.0024,-0.0033,-0.0096,-0.0104,-0.0062,-0.0019,0.0019,0.0043,0.0056,0.0061,0.0037
2014-07-13,12.5945,40.4848,NO,0.025,0.0243,0.019,0.0125,0.0082,0.002,0.0016,0.001,0.0026,0.0071,0.01,0.0044,0.0036,0.0038,0.0025,0.0011,-0.0003,-0.0041,-0.0119,-0.01,-0.0091,-0.0074,-0.0031,-0.0022,-0.0038,-0.0026,-0.0012,0.0041,0.0051,0.0112
2014-07-13,12.5945,40.4848,O,,0.0266,0.0225,0.0126,0.0049,0.0013,0.0015,0.001,0.0051,0.0138,0.0191,0.0172,0.0204,0.021,0.0274,0.026,0.0191,0.0018,-0.0092,-0.0114,-0.0142,-0.01,-0.0104,-0.0089,-0.0082,-0.006,-0.0032,-0.0009,0.0002,0.0059
2014-07-13,12.5945,40.4848,S,,0.0214,-0.0066,-0.0206,-0.0163,0.0005,0.0208,-0.0073,-0.019,0.0038,0.0171,0.0249,0.0328,0.0296,0.0334,0.0304,0.0319,0.0234,0.0304,0.0066,-0.0003,-0.0042,-0.0146,-0.0123,-0.0251,-0.0255,-0.0181,-0.0221,-0.0171,-0.0071
2014-07-13,12.5945,40.4848,SE,0.0335,0.0183,-0.0075,-0.0253,-0.0335,-0.0295,-0.0221,-0.0175,-0.0293,-0.0181,-0.0025,0.0083,0.0168,0.0156,0.0174,0.0042,0.0085,-1e-04,-0.0044,-0.0094,-0.0062,-0.0046,-0.0027,-0.0038,-0.0013,-0.0043,0.0034,0.0054,0.0074,0.0059
2014-07-13,12.5945,40.4848,SO,0.034,0.0147,0.0029,0.0072,-0.0066,-0.0093,-0.0135,0.0,0.0014,0.0073,0.0196,0.0044,0.0137,0.016,0.0138,0.0082,0.0086,-0.01,-0.0007,-0.005,-0.0112,-0.0166,-0.0133,-0.0197,-0.0175,-0.0101,-0.0075,0.0092,-0.0009,0.0155
2014-07-29,12.5942,40.4848,E,,0.0253,0.0198,0.0112,0.0051,-0.0015,-0.015,-0.018,-0.0181,-0.007,-0.0126,-0.0121,-0.0121,-0.0099,-0.0115,-0.0112,-0.0076,-0.0011,0.004,0.0082,0.0069,0.0145,0.0098,0.0111,0.0119,0.0118,0.0118,0.0106,0.0076,0.0028
2014-07-29,12.5942,40.4848,N,,0.0398,0.0259,0.0158,0.0066,-0.0015,-0.0029,-0.0088,-0.0114,-0.01,-0.0032,0.0021,0.0059,0.0085,0.0062,0.0022,-0.0045,-0.0112,-0.006,-0.0115,-0.0169,-0.0073,-0.0054,-0.0015,0.0045,0.0055,0.0096,0.0101,0.0115,0.0106
2014-07-29,12.5942,40.4848,NE,0.007,0.0057,0.0028,-0.0048,0.0011,0.0035,-0.007,-0.0083,-0.0137,-0.0041,-0.0025,-0.0018,0.0082,0.0002,-0.0047,-0.0041,-0.0014,0.0024,-0.0057,-0.0026,0.0029,-0.0024,-0.0055,-0.001,-1e-04,0.0017,0.0008,0.0029,0.0059,0.0076
2014-07-29,12.5942,40.4848,NO,0.0173,0.0145,0.0099,0.0059,0.0019,0.002,0.0034,0.0073,0.0087,0.0089,0.0076,0.0024,0.0011,-0.0021,-0.0027,-0.0055,-0.005,-0.007,-0.0094,-0.0094,-0.0089,-0.0045,-0.0025,-1e-04,0.0006,0.0017,0.0042,0.0073,0.0004,0.0111
2014-07-29,12.5942,40.4848,O,,0.022,0.0147,0.0107,0.0093,0.013,0.0137,0.015,0.0172,0.016,0.0131,0.0116,0.0123,0.0122,0.0102,0.0055,-0.0008,-0.0054,-0.0073,-0.0082,-0.0074,-0.0054,-0.0056,-0.0067,-0.0066,0.0002,0.0022,0.0021,0.0055,0.0089
2014-07-29,12.5942,40.4848,S,,0.0426,0.0301,0.0216,0.0183,0.0201,0.028,0.0153,-0.0036,0.0029,0.0067,0.0088,0.0107,0.0127,0.0125,0.0109,0.0096,0.0156,0.0107,0.0045,-0.0009,-0.0014,-0.0053,-0.0036,-0.0064,-0.0089,-0.0086,-0.0089,-0.0126,-0.0039
2014-07-29,12.5942,40.4848,SE,0.0353,0.034,0.0237,0.0175,0.0087,0.006,0.0094,0.0175,0.0016,-0.0025,0.0059,0.0081,0.0139,0.0144,0.0092,0.0072,0.0059,0.0006,-0.0011,-0.0046,-0.0043,-0.0018,1e-04,-0.0034,-0.0053,-0.0067,-0.0058,-0.0024,-0.0025,-0.0067
2014-07-29,12.5942,40.4848,SO,0.0654,0.0594,0.0521,0.0484,0.035,0.0259,0.0148,0.0107,0.0038,0.0057,0.0044,-0.0,0.0029,-0.0011,0.0026,1e-04,0.0099,0.0039,0.0006,-0.0011,-0.0016,-0.0026,-0.0046,-0.0027,-0.0023,-0.0017,-0.0005,0.0006,1e-04,-0.0021
2014-08-14,12.5951,40.4815,E,0.0488,0.0402,0.0355,0.0303,0.0254,0.0192,0.0164,0.0196,0.0197,0.0202,0.0177,0.0154,0.0074,0.0064,-0.0046,-0.012,-0.0134,-0.0154,-0.0118,-0.007,-0.0078,-0.0074,-0.0106,-0.0054,-0.0037,0.0005,0.0044,0.009,0.0114,0.0194
2014-08-14,12.5951,40.4815,N,,0.0446,0.0233,0.006,0.0062,0.0158,0.0059,0.0016,-0.0109,0.0145,0.0115,0.007,1e-04,-0.0097,-0.0084,-0.0089,-0.0085,-0.0075,-0.0099,-0.0084,-0.0075,-0.0054,-0.0006,0.0025,0.0087,0.0087,0.0061,0.0104,0.0021,-1e-04
2014-08-14,12.5951,40.4815,NE,0.067,0.0587,0.0407,0.0257,0.0219,0.0148,0.0046,-0.0062,0.0132,0.004,-0.0009,0.0004,-0.0033,-0.0139,-0.0229,-0.0155,-0.0097,-0.0062,-0.0011,-0.004,0.0047,0.0015,0.0061,0.0089,0.0109,-0.0015,0.0079,0.0058,0.0074,0.0121
2014-08-14,12.5951,40.4815,NO,0.0372,0.0352,0.0231,0.0123,0.0107,0.0091,0.008,0.0084,-0.0052,-0.0059,-0.0006,0.0002,-0.0002,0.0013,0.0022,0.0072,0.0064,0.008,0.0086,0.0087,0.0082,0.0073,0.0087,0.0093,0.0065,0.0046,0.0002,-0.0055,-0.0035,-0.0059
2014-08-14,12.5951,40.4815,O,,0.0365,0.0318,0.0314,0.0223,0.0191,0.0161,0.0121,0.0056,-0.0005,0.0018,-0.005,-0.0002,0.0014,0.0098,0.0119,0.0009,0.0008,-0.014,-0.0079,-0.0145,-0.015,-0.0178,-0.0169,-0.0132,-0.0035,-0.0005,0.0021,0.008,0.0094
2014-08-14,12.5951,40.4815,S,,0.0921,0.0838,0.0768,0.069,0.0607,0.058,0.0553,0.0553,0.0525,0.0426,0.0321,0.0244,0.0138,0.0006,-0.0142,-0.0304,-0.0205,-0.0238,-0.0281,-0.0275,-0.0195,-0.0168,-0.0097,0.0054,0.0055,0.0135,0.0084,0.0083,0.0082
2014-08-14,12.5951,40.4815,SE,,0.0443,0.041,0.0409,0.0254,0.0142,0.004,0.0004,-0.0099,-0.015,-0.0133,0.0019,0.0019,0.0041,0.0056,0.0093,0.011,0.0035,0.004,0.0,0.0031,0.0104,-0.0026,0.0005,0.0028,0.003,0.005,-0.0044,-0.0061,-0.0058
2014-08-14,12.5951,40.4815,SO,,0.0743,0.0739,0.0609,0.0608,0.0559,0.0534,0.0483,0.0454,0.031,0.0162,0.0072,0.0044,-0.0038,-0.013,-0.0263,-0.031,-0.0224,-0.0254,-0.0264,-0.0247,-0.0158,-0.0003,0.012,0.0135,0.0159,0.0269,0.0234,0.0187,0.0091
2014-10-17,12.5945,40.4815,E,0.0738,0.0721,0.0602,0.0475,0.0368,0.0249,0.0155,0.026,0.0326,0.031,0.0328,0.0306,0.0242,0.0063,0.0012,-0.009,-0.0136,-0.0182,-0.0277,-0.0293,-0.024,-0.0105,-0.0024,-0.0006,0.0018,0.006,0.0107,0.0178,0.0299,0.0299
2014-10-17,12.5945,40.4815,N,,0.024,0.0065,-0.0177,-0.0373,-0.0268,-0.0159,-0.0065,-0.0097,0.0063,0.0079,0.0192,0.0121,0.0131,0.0077,-0.0029,-0.0038,-0.0063,-0.0055,-0.0015,0.0002,0.0034,0.0071,0.012,0.0138,0.0121,0.0075,0.0003,-0.0072,-0.0101
2014-10-17,12.5945,40.4815,NE,,0.0803,0.0576,0.0434,0.0281,0.0081,0.0306,-0.0059,0.0335,0.0248,0.0086,0.0048,-0.0018,-0.0127,-0.0094,-0.0124,-0.0152,-0.0109,-0.0028,-0.007,-0.001,-0.0016,0.0105,0.0099,0.007,0.0016,0.0082,0.0021,0.0021,0.0043
2014-10-17,12.5945,40.4815,NO,-0.0095,-0.0029,0.0027,-0.0107,-0.0351,-0.038,-0.035,-0.0113,-0.0169,-0.0139,-0.0081,-0.0016,0.0015,0.0026,0.0058,0.0122,0.0145,0.0174,0.0207,0.0179,0.021,0.0249,0.0111,0.0065,0.0053,0.0031,-0.0055,-0.0112,-0.0092,-0.0112
2014-10-17,12.5945,40.4815,O,,0.0437,0.0522,0.0357,0.0311,0.0167,0.0011,-0.0038,-0.0059,-0.0087,0.0044,-0.0019,0.0071,0.0291,0.0213,0.0066,0.0022,-0.0041,-0.0184,-0.0164,-0.0187,-0.0243,-0.0209,-0.0163,-0.0122,-0.0081,-0.0059,0.0047,0.0116,0.02
2014-10-17,12.5945,40.4815,S,,0.1057,0.0924,0.0791,0.0707,0.0696,0.0836,0.0723,0.0525,0.0393,0.0353,0.0307,0.0204,0.01,0.0036,0.006,-0.0213,-0.0114,-0.0351,-0.0374,-0.0368,-0.0273,-0.0237,-0.0195,-0.0009,0.009,0.0064,0.006,0.0048,0.0051
2014-10-17,12.5945,40.4815,SE,,0.1027,0.0822,0.068,0.0641,0.0504,0.038,0.0282,0.0225,0.01,0.0088,0.015,-0.0025,1e-04,-0.0036,-0.0073,-0.0073,-0.0102,0.0049,-0.0135,-0.0239,-0.0246,-0.0242,-0.0136,-0.0113,-0.0077,-0.0038,-0.0049,0.0003,0.0057
2014-10-17,12.5945,40.4815,SO,,0.0786,0.0784,0.0705,0.0642,0.0588,0.0566,0.0409,0.0339,0.0191,0.0148,0.0152,-0.0003,-1e-04,-0.0133,-0.0163,-0.0164,-0.0188,-0.0215,-0.0112,-0.0037,0.0082,0.0149,0.0151,0.0127,0.0036,0.0025,0.0004,-0.0031,-0.0047
2014-12-04,12.591,40.4834,E,0.07,0.0621,0.0523,0.0367,0.0258,0.0323,0.0231,0.0257,0.0206,0.0128,0.0071,0.0094,0.012,0.0094,0.0018,0.0057,0.0011,0.0029,-0.0041,-0.0038,0.001,-0.0026,-0.0047,-0.0051,-0.0062,-0.0063,-0.0102,-0.0113,-0.0117,-0.0107
2014-12-04,12.591,40.4834,N,0.0162,0.0159,0.0082,0.0054,0.0026,0.0044,0.0078,0.0064,0.0065,0.0137,0.0158,0.0121,0.0039,-0.0037,-0.0056,-0.009,-0.0095,-0.0102,-0.0091,-0.008,-0.0075,-0.0079,-0.0059,-0.0017,-0.0003,0.0039,0.0056,0.0063,0.0058,0.0036
2014-12-04,12.591,40.4834,NE,,0.0391,0.03,0.023,0.0205,0.0171,0.0158,0.0178,0.0168,0.0183,0.0158,0.0106,0.0095,0.0091,0.0005,-0.0005,0.0004,-0.0024,0.0002,-0.0006,-0.0012,0.001,0.0005,0.0039,0.0056,0.0007,-0.0015,-0.0057,-0.0106,-0.0155
2014-12-04,12.591,40.4834,NO,,0.0411,0.0298,0.0244,0.0186,0.015,0.0165,0.0076,0.0026,0.0055,-0.0005,0.0034,-0.007,0.0009,0.0009,-0.0033,0.0002,-0.0002,0.0009,-0.0011,0.0025,0.0064,0.0104,0.0099,-0.0009,-0.007,-0.005,-0.0072,-0.0067,-0.0142
2014-12-04,12.591,40.4834,O,,0.0385,0.044,0.0386,0.0228,0.0176,0.0025,0.001,-0.0024,-0.0028,-0.0031,-0.0058,-0.0029,-0.0027,0.0008,0.0008,0.0014,0.0031,0.0026,0.003,0.0077,0.0115,0.0076,0.0102,0.0044,0.0026,-0.0039,-0.004,-0.0077,-0.0061
2014-12-04,12.591,40.4834,S,,0.0254,0.0285,0.0411,0.0361,0.017,0.0063,0.0091,0.0082,0.019,0.0205,0.0246,0.0212,0.0109,0.0023,-0.0012,-0.0069,-0.0073,-0.0003,0.0053,0.0119,0.0144,0.0131,0.0,-0.0026,-0.0094,-0.0163,-0.0201,-0.0181,-0.0246
2014-12-04,12.591,40.4834,SE,,0.0161,0.0191,0.0357,0.0325,0.026,0.0087,-0.0007,-0.0003,0.0009,0.0061,0.0109,0.0198,0.0167,0.0132,0.0127,0.0066,0.0012,0.007,0.0077,-0.0015,-0.0052,-0.0066,-0.0112,-0.0137,-0.0131,-0.0104,-0.0062,-0.0008,-0.0052
2014-12-04,12.591,40.4834,SO,,0.0047,0.0144,0.0179,0.016,0.0078,-0.0048,-0.0127,-0.0224,-0.0208,-0.0212,-0.0209,-0.0194,-0.0136,-0.015,-0.0125,-0.0065,0.001,0.0129,0.0034,0.0222,0.0303,0.0127,0.0039,0.0102,0.003,-0.0009,-0.0023,-0.003,0.0017
2014-12-20,12.591,40.4834,E,0.0679,0.0607,0.0519,0.0413,0.0306,0.0325,0.0313,0.0266,0.0187,0.0087,0.0009,0.009,0.0198,0.023,0.0168,0.0091,0.0099,0.0071,-0.0013,0.0013,-0.0004,-0.0031,-0.0045,-0.0078,-0.0076,-0.0099,-0.0145,-0.0165,-0.0175,-0.0152
2014-12-20,12.591,40.4834,N,0.0179,0.0157,0.009,0.0064,0.0032,0.0034,0.0063,0.0044,0.0056,0.012,0.0152,0.0113,0.0075,0.0024,0.0024,-0.0043,-0.0087,-0.0108,-0.0076,-0.0053,-0.0045,-0.0058,-0.0058,-0.0021,0.0016,0.0043,0.0039,0.0018,-0.0009,0.0012
2014-12-20,12.591,40.4834,NE,,0.0344,0.0247,0.0176,0.014,0.0095,0.0083,0.0155,0.0172,0.0197,0.0191,0.0163,0.0171,0.0203,0.0096,0.0067,0.0062,0.0042,-0.0003,0.0002,-1e-04,-0.001,-0.0007,-0.0019,-0.0005,-0.0024,-0.0029,-0.0046,-0.0125,-0.0199
2014-12-20,12.591,40.4834,NO,,0.0353,0.0237,0.0208,0.0191,0.0154,0.014,0.0067,0.0019,0.0033,-0.0017,0.0019,-0.0048,0.0007,0.0025,0.0019,0.0002,0.0012,0.0009,-0.001,-0.0009,0.0067,0.0092,0.0088,-0.0,-0.0044,-0.005,-0.0079,-0.0075,-0.0098
2014-12-20,12.591,40.4834,O,,0.0439,0.0437,0.0367,0.0208,0.0148,0.0046,0.0033,0.0006,0.0,-0.001,-0.0031,-1e-04,0.0009,-1e-04,-0.001,1e-04,-1e-04,0.0017,0.0024,0.0087,0.0072,0.0039,0.007,0.0043,0.003,-0.0002,-0.0044,-0.0063,-0.0075
2014-12-20,12.591,40.4834,S,,0.0294,0.0254,0.0269,0.0227,0.0105,0.0056,0.0075,0.005,0.0167,0.0248,0.0246,0.0201,0.0101,0.0056,0.0053,-0.0039,-0.0036,0.0034,0.0061,0.0114,0.0103,0.0098,-0.0008,-0.008,-0.0148,-0.0166,-0.0175,-0.0185,-0.0253
2014-12-20,12.591,40.4834,SE,,0.0157,0.0199,0.0173,0.0202,0.0105,0.0015,-0.0047,0.003,0.007,0.0107,0.0148,0.0243,0.0186,0.0147,0.0116,0.0041,0.0027,0.0134,0.0096,-0.0026,-0.0085,-0.0086,-0.011,-0.0124,-0.0123,-0.0109,-0.0067,-0.0015,-0.0072
2014-12-20,12.591,40.4834,SO,,0.0132,0.0173,0.0152,0.0078,-0.0002,-0.0112,-0.0179,-0.025,-0.0214,-0.0192,-0.0192,-0.018,-0.0127,-0.0127,-0.0123,-0.005,-0.0051,0.0097,0.0,0.0161,0.0271,0.0121,0.0027,0.0103,0.0006,-0.0054,-0.001,-0.0003,0.0021
2015-02-06,12.5945,40.4812,E,0.0579,0.0545,0.0504,0.0454,0.0376,0.0225,0.0147,0.0188,0.0213,0.0151,0.0231,0.0196,0.0134,0.0066,0.0004,-0.0047,-0.0086,-0.0077,-0.0121,-0.0171,-0.0132,-0.0056,-0.0022,-0.0049,-0.0039,-0.0045,0.0035,0.0075,0.0162,0.0264
2015-02-06,12.5945,40.4812,N,,0.023,0.0134,-0.005,-0.0283,-0.0148,0.0026,0.0015,-0.0133,-0.0065,-0.0022,0.0113,0.016,0.008,0.0166,0.0073,0.0036,0.0,-0.0027,-0.0027,-0.0014,-0.0002,0.001,0.001,0.0047,0.0047,0.0037,0.002,-0.0023,-0.0044
2015-02-06,12.5945,40.4812,NE,,0.0809,0.0795,0.0665,0.0487,0.037,0.0052,0.0327,0.0448,0.0336,0.0101,0.0057,0.0093,-0.0054,-0.0072,-0.0115,-0.0132,-0.0143,-0.0132,-0.0064,-0.0061,-0.0037,0.0008,0.0136,0.0091,0.0077,0.0031,-0.0003,-0.0006,-0.0018
2015-02-06,12.5945,40.4812,NO,0.0034,0.0056,-0.0008,-0.0082,-0.0317,-0.0428,-0.0325,-0.0149,-0.0128,-0.0084,-0.0114,-0.0034,0.0014,0.0072,0.0067,0.008,0.0096,0.012,0.0109,0.0121,0.0115,0.0148,0.0122,0.0085,0.0047,0.0075,0.0008,-0.0071,-0.0075,-0.0127
2015-02-06,12.5945,40.4812,O,,0.0431,0.0486,0.0377,0.0276,0.0218,0.0063,-0.0021,-0.0081,-0.0047,-0.0013,0.0091,0.0017,0.0155,0.0186,0.0064,-0.0027,-0.0027,-0.0117,-0.0152,-0.0119,-0.0144,-0.0116,-0.0106,-0.0082,-0.0041,-0.0015,0.0059,0.0087,0.0117
2015-02-06,12.5945,40.4812,S,,0.0974,0.0792,0.0662,0.0671,0.0735,0.073,0.0591,0.0464,0.0367,0.0301,0.0256,0.0052,-0.003,-0.0036,-0.0211,-0.0222,-0.0229,-0.0275,-0.025,-0.0198,-0.0146,-0.0145,0.0071,-0.0013,-0.0,-0.0044,-0.0033,0.0016,0.0092
2015-02-06,12.5945,40.4812,SE,,0.0619,0.0567,0.0573,0.0507,0.036,0.0266,0.0211,0.0142,0.0105,0.0076,0.0074,0.0085,0.0094,0.0004,-0.0018,-0.0006,0.0046,0.0042,-0.0158,-0.0191,-0.0165,-0.0082,-0.0056,-0.0068,0.0055,0.0059,0.0019,0.0075,0.0188
2015-02-06,12.5945,40.4812,SO,,0.0659,0.063,0.051,0.0476,0.0404,0.0414,0.0328,0.0215,0.0197,0.0162,0.0095,0.0013,-0.0028,-0.0145,-0.0111,-0.0109,-0.0086,-0.0113,-0.0016,0.0033,0.0081,0.0136,0.0059,0.0015,0.0044,0.0007,-0.0191,-0.0101,-0.0054
2015-03-10,12.591,40.4834,E,0.0696,0.0621,0.0499,0.0327,0.0199,0.0251,0.0195,0.0137,0.006,-0.0012,-0.0058,0.0025,0.0159,0.0245,0.0178,0.0067,0.0065,0.0012,-0.0061,0.0025,0.0048,0.0016,-0.0022,-0.0018,-0.0024,-0.0097,-0.0111,-0.0115,-0.0126,-0.0098
2015-03-10,12.591,40.4834,N,0.0182,0.0199,0.0104,0.0061,0.0007,0.0025,0.0095,0.0059,0.0064,0.0171,0.0255,0.0211,0.0127,0.006,0.0101,-0.0029,-0.0119,-0.0166,-0.0126,-0.0089,-0.007,-0.0095,-0.0082,-0.0096,-0.0026,-0.0007,0.003,0.0015,0.0,-0.0004
2015-03-10,12.591,40.4834,NE,,0.039,0.0317,0.0246,0.0177,0.0163,0.017,0.0211,0.0237,0.0258,0.026,0.0213,0.0186,0.0237,0.0094,0.007,0.0007,-0.004,-0.0067,-0.0046,-0.001,0.0024,0.0013,-0.0037,0.0073,0.0018,-0.0013,-0.0096,-0.0165,-0.0211
2015-03-10,12.591,40.4834,NO,,0.0412,0.0304,0.0246,0.0214,0.0125,0.007,0.002,-0.0015,-0.0041,-0.0043,0.0022,0.0008,0.0031,0.0026,0.0031,0.0024,0.0027,0.0024,0.0034,0.0058,0.0127,0.0139,0.0061,-0.006,-0.0083,-0.0077,-0.0129,-0.0108,-0.0157
2015-03-10,12.591,40.4834,O,,0.0558,0.0556,0.0423,0.0217,0.0124,0.0055,0.0013,-0.002,-0.0029,-0.0,-0.0044,0.0022,0.0038,0.0044,0.0049,0.0028,0.0064,0.0078,0.0078,0.0134,0.0138,0.0119,0.0065,0.0008,-1e-04,-0.0003,-0.0045,-0.0088,-0.0076
2015-03-10,12.591,40.4834,S,,0.0474,0.0401,0.0408,0.0275,0.0125,0.0013,0.0017,0.0018,0.019,0.0246,0.0232,0.0205,0.0041,0.0071,-1e-04,-0.0123,-0.0101,-0.001,-0.0002,0.0036,0.0072,0.0077,-0.0055,-0.0052,-0.0077,-0.0063,-0.0064,-0.0135,-0.0236
2015-03-10,12.591,40.4834,SE,,0.0225,0.0201,0.0248,0.0158,0.0064,-0.0068,-0.0078,-0.0032,0.005,0.0037,0.013,0.0216,0.0187,0.0139,0.0128,0.0076,0.0026,0.0101,0.0193,0.0029,-0.0032,-0.0026,-0.0048,-0.0129,-0.0184,-0.0129,-0.0056,-0.001,-0.0058
2015-03-10,12.591,40.4834,SO,,0.0276,0.0235,0.015,0.0048,0.0008,-0.0095,-0.0218,-0.0371,-0.031,-0.027,-0.0265,-0.0251,-0.0242,-0.0181,-0.0063,-0.0024,0.004,0.0226,0.0051,0.0184,0.0302,0.0133,0.002,0.003,-0.007,-0.0063,0.0009,0.0008,0.0072
2015-03-26,12.5942,40.4851,E,,0.0454,0.0322,0.0218,0.0129,0.0024,-0.0122,-0.0123,-0.0119,-0.0052,-0.005,-0.0032,-0.0061,-0.0076,-0.0066,-0.0072,-0.0083,-0.004,-1e-04,0.0057,0.0059,0.0027,0.0024,0.0061,0.0046,0.0074,0.0107,0.0123,0.0105,0.0107
2015-03-26,12.5942,40.4851,N,,0.025,0.0141,0.008,0.0002,0.0015,-0.0029,-0.0033,-0.0043,0.0021,0.0096,0.0112,0.0108,0.0107,0.0029,-0.0027,-0.0076,-0.0105,-0.0159,-0.0195,-0.0156,-0.0089,-0.0044,0.0023,0.0051,0.0091,0.0114,0.0086,0.0078,0.0067
2015-03-26,12.5942,40.4851,NE,0.0276,0.0174,0.0078,-0.0033,-0.0018,-0.0021,-0.0011,-0.0011,0.0009,0.0048,0.0057,0.0096,0.0131,0.0101,0.0053,-0.0004,-0.008,-0.0126,-0.0153,-0.0139,-0.0124,-0.0097,-0.0054,-0.0026,0.0013,0.006,0.0065,0.0072,0.0053,0.0032
2015-03-26,12.5942,40.4851,NO,0.0134,0.011,0.0131,0.0109,0.0034,0.0022,0.0032,0.0064,0.0083,0.0078,0.0037,0.0013,0.0022,-0.0031,-0.0038,-0.0056,-0.0046,-0.0159,-0.0148,-0.0089,-0.0069,-0.0037,-0.0024,-0.0008,0.0009,0.0051,0.006,0.0078,0.0057,0.0075
2015-03-26,12.5942,40.4851,O,,0.0121,0.0165,0.0139,0.0114,0.0098,0.0095,0.0098,0.0118,0.0136,0.0147,0.0154,0.0147,0.0163,0.0152,0.0129,0.0036,-0.0042,-0.0073,-0.0103,-0.0088,-0.0073,-0.0083,-0.0097,-0.0083,-0.0061,-0.0017,-0.0003,0.0019,0.0055
2015-03-26,12.5942,40.4851,S,,0.0812,0.0696,0.0503,0.0311,0.0171,0.0086,0.0136,0.0059,-0.0125,-0.0179,-0.0122,-0.0011,0.0049,0.012,0.0135,0.0177,0.0167,0.0139,0.0122,0.0052,0.0002,-0.0051,-0.0082,-0.0098,-0.0103,-0.0097,-0.008,-0.0064,-0.0027
2015-03-26,12.5942,40.4851,SE,0.0625,0.0628,0.0513,0.0394,0.0295,0.0169,0.0082,0.0049,-0.0007,-0.0129,-0.0116,-0.0087,0.0044,0.0078,0.01,0.0046,0.0036,0.0022,-0.0008,-0.0021,-0.0084,-0.0056,-0.0021,-0.0014,-0.0017,-0.003,0.0009,0.0049,0.0046,0.0044
2015-03-26,12.5942,40.4851,SO,0.0625,0.0598,0.0571,0.0557,0.0393,0.0303,0.019,-1e-04,0.0066,0.0026,-0.0078,-0.0046,-0.0019,0.0036,0.0027,0.0026,0.0105,0.0132,0.0087,0.0078,0.0025,-0.0016,-0.0059,-0.0141,-0.0082,-0.0086,-0.0089,-0.0006,-0.0009,0.0016
2015-04-11,12.5937,40.4848,E,,0.0538,0.045,0.0361,0.0243,0.0122,-0.0026,-0.0103,-0.0111,-0.0081,-0.0049,-0.0046,-0.0038,-0.0034,-0.003,-0.0043,-0.0039,-0.0039,-0.0029,-0.0036,0.0009,0.0044,0.0051,0.0021,0.006,0.0103,0.0095,0.0157,0.014,0.01
2015-04-11,12.5937,40.4848,N,,0.0361,0.0286,0.0231,0.0147,0.0045,-0.0059,-0.0051,-0.0079,-0.0067,0.001,0.003,0.0022,0.0024,0.0028,0.0009,-0.0032,-0.0076,-0.0127,-0.0137,-0.0114,-0.0079,-0.0052,0.0015,0.0029,0.0044,0.0058,0.0056,0.0142,0.0176
2015-04-11,12.5937,40.4848,NE,0.0494,0.0404,0.0365,0.0188,0.0064,-0.0012,-0.0019,-0.0018,-0.0008,0.001,0.0046,0.0079,0.01,0.0167,0.0157,0.0118,0.0061,-0.0002,-0.0024,-0.0033,-0.0087,-0.0069,-0.0057,-0.0077,-0.0034,-0.0038,-0.003,-0.0015,-0.0006,-0.002
2015-04-11,12.5937,40.4848,NO,0.0083,0.0083,0.007,0.0072,0.0073,0.0069,0.0081,0.0075,0.0097,0.0094,0.0078,-0.0024,-0.0022,-0.0044,-0.0029,-0.009,-0.0041,-0.0056,-0.0105,-0.0106,-0.0108,-0.0092,-0.0043,-0.0019,0.0,0.0045,0.0086,0.0059,0.0037,-0.0004
2015-04-11,12.5937,40.4848,O,,0.0193,0.0173,0.0149,0.0122,0.0138,0.016,0.0183,0.0192,0.019,0.0192,0.0194,0.0181,0.014,0.0028,0.0,-0.0051,-0.009,-0.0093,-0.0116,-0.0115,-0.0118,-0.0099,-0.0081,-0.0049,-0.0019,-0.0012,0.0033,0.0058,0.0112
2015-04-11,12.5937,40.4848,S,,0.037,0.0301,0.0235,0.0104,0.0099,0.0244,0.0197,-0.0053,-0.0015,0.0045,0.0086,0.0137,0.0177,0.0164,0.011,0.0102,0.0076,0.0057,0.0028,-0.0065,-0.0101,-0.0098,-0.0084,-0.0076,-0.0094,-0.0091,-0.0023,-0.0026,-0.0
2015-04-11,12.5937,40.4848,SE,0.0343,0.0311,0.0247,0.0185,0.0116,0.006,-0.004,0.0046,0.0035,-0.0086,-0.0105,-0.0032,0.006,0.0109,0.0103,0.0072,0.0078,0.0065,-0.0004,-0.0053,-0.0091,-0.0076,-0.0028,-0.0016,-0.0019,0.0015,0.0011,0.0003,0.0027,0.0019
2015-04-11,12.5937,40.4848,SO,0.0315,0.0256,0.0232,0.026,0.0143,0.0114,0.0056,0.0137,0.0235,0.007,0.001,0.0038,0.0219,0.009,-0.0106,-0.0041,0.0022,-0.0009,-0.0032,-0.0007,-0.007,-0.0113,-0.0097,-0.0128,-0.0108,-0.0054,-0.0014,0.004,0.0063,0.0195
2015-04-27,12.594,40.4851,E,,0.0452,0.0306,0.0185,0.0073,-0.0007,-0.0085,-0.0247,-0.0274,-0.0213,-0.0161,-0.0102,-0.0124,-0.014,-0.0091,-0.0099,-0.0099,-0.0072,-0.0011,0.008,0.0114,0.0123,0.01,0.0115,0.018,0.022,0.0216,0.0166,0.0143,0.0118
2015-04-27,12.594,40.4851,N,,0.0307,0.0229,0.0147,-0.0004,0.0012,-0.004,-0.0085,-0.0095,0.001,0.0105,0.01,0.0065,0.0066,-0.0009,-0.0046,-0.0108,-0.0109,-0.0128,-0.0166,-0.0116,-0.0143,-0.0066,-0.0017,0.0017,0.0105,0.0226,0.0246,0.017,0.015
2015-04-27,12.594,40.4851,NE,0.0477,0.0299,0.014,-0.0032,-0.0116,-0.0095,-0.0094,-0.0109,-0.0117,-0.0034,0.0017,0.0058,0.0156,0.0106,0.0054,0.0022,-0.0051,-0.0065,-0.0129,-0.0109,-0.0051,-0.0066,-0.0059,-0.0029,0.0003,0.002,0.0032,0.0068,0.0055,0.0002
2015-04-27,12.594,40.4851,NO,0.0203,0.0218,0.019,0.0158,0.0102,0.0042,0.0031,0.0045,0.0071,0.0063,0.0041,0.0034,0.0038,0.0031,0.0021,-0.0033,-0.0036,-0.0101,-0.0123,-0.0112,-0.0095,-0.004,-0.0018,-0.005,-0.0042,0.0016,0.0035,0.0023,-0.0039,0.0083
2015-04-27,12.594,40.4851,O,,0.0342,0.0308,0.0268,0.0216,0.0155,0.0143,0.0167,0.0206,0.0209,0.0171,0.0175,0.0231,0.0237,0.0161,0.0051,-0.0012,-0.0027,-0.0049,-0.0046,-0.0058,-0.0071,-0.0088,-0.0096,-0.0054,-0.0034,-0.0041,-0.0055,-0.0008,0.0011
2015-04-27,12.594,40.4851,S,,0.0589,0.0458,0.0292,0.0233,0.0183,0.0234,0.0565,0.0322,-0.0105,0.0057,0.0246,0.028,0.0281,0.0265,0.0258,0.0113,0.004,0.0053,0.0065,-0.0024,-0.015,-0.0248,-0.0232,-0.0146,-0.0169,-0.0187,-0.0199,-0.0103,-0.0135
2015-04-27,12.594,40.4851,SE,0.0394,0.0322,0.0247,0.015,0.0054,-0.0008,-0.0031,-0.0047,-0.0037,-0.0126,-0.0258,-0.0163,-0.0079,-0.0009,0.0066,0.0043,0.0033,0.0054,-0.0023,-0.0062,-0.0099,-0.0099,-0.0055,0.0004,0.0045,0.005,0.0058,0.0039,0.0089,0.009
2015-04-27,12.594,40.4851,SO,0.0733,0.0653,0.0569,0.051,0.0361,0.0255,0.0162,0.008,0.0191,0.019,0.0113,0.0157,0.0162,0.02,0.022,-0.0059,-0.0027,-0.0012,-0.004,-0.0012,-0.0093,-0.0057,-0.0143,-0.0157,-0.0074,-0.0125,-0.0108,0.0051,0.0006,0.0085
2015-05-13,12.5945,40.4818,E,0.0752,0.0723,0.0589,0.0489,0.0436,0.0432,0.0382,0.032,0.0303,0.0337,0.0379,0.0362,0.0277,0.0134,0.008,0.0016,-0.0102,-0.02,-0.0234,-0.0248,-0.0227,-0.0184,-0.0099,-0.0084,-0.0058,-0.0025,-0.0022,0.0135,0.0165,0.0251
2015-05-13,12.5945,40.4818,N,,-0.0025,-0.0144,0.0195,0.0358,0.0227,0.0054,0.0075,0.01,0.0163,0.0127,0.0116,0.0013,-0.0072,-0.01,-0.0155,-0.0178,-0.0146,-0.0138,-0.0085,-0.0022,0.0051,0.0094,0.0109,0.0113,0.0119,0.0068,1e-04,-0.0038,-0.0071
2015-05-13,12.5945,40.4818,NE,0.0465,0.0475,0.0182,-0.0186,-0.0025,-0.0048,-0.0023,-0.013,-0.0245,-0.0092,0.0054,-0.0016,0.0003,-0.005,-0.0219,-0.0171,-0.0165,-0.011,-0.0014,-0.0007,0.002,0.0059,-0.0007,-0.0023,0.012,0.004,0.018,0.0112,0.0134,0.0131
2015-05-13,12.5945,40.4818,NO,0.0208,0.0205,-0.001,-0.0048,0.0203,0.0222,0.0126,0.0048,0.008,-0.0015,-0.0016,0.0003,0.0017,0.0023,0.002,1e-04,-0.0008,0.0121,0.0106,0.0099,0.014,0.0129,0.0126,0.0128,0.0129,0.0081,0.0011,-0.004,-0.0034,-0.0053
2015-05-13,12.5945,40.4818,O,,0.0546,0.0433,0.0362,0.0257,0.0223,0.0104,0.01,0.0084,0.0008,0.0045,0.0043,0.0024,0.0121,-0.0058,0.0094,-0.0007,-0.0164,-0.0207,-0.0262,-0.0233,-0.0261,-0.0215,-0.0195,-0.0042,0.008,0.0163,0.0177,0.0234,0.0277
2015-05-13,12.5945,40.4818,S,,0.1409,0.1315,0.12,0.105,0.0902,0.0792,0.0761,0.0728,0.0669,0.052,0.0398,0.0301,0.0194,-0.0008,-0.0125,-0.0242,-0.0288,-0.0345,-0.0309,-0.0295,-0.0236,-0.0185,-0.0176,-0.0086,0.0029,0.016,0.0166,0.0134,0.0135
2015-05-13,12.5945,40.4818,SE,,0.0975,0.0877,0.0763,0.0721,0.0639,0.0476,0.0308,0.0171,0.0022,-0.0085,-0.017,-0.0105,-0.0043,0.0095,0.0044,-0.003,-0.0033,0.0059,0.0069,0.0027,-0.0065,-0.0004,0.007,0.002,-0.0015,0.0145,0.0127,-0.0012,-0.0084
2015-05-13,12.5945,40.4818,SO,,0.0942,0.0877,0.0825,0.0751,0.0687,0.0615,0.0516,0.0415,0.0199,0.0196,0.022,0.0056,-0.0,-0.0193,-0.038,-0.0413,-0.0352,-0.0365,-0.0246,-0.0195,-0.0096,0.0013,0.0045,-0.0051,0.0093,0.0198,0.0132,0.0015,1e-04
2015-06-14,12.5953,40.4815,E,0.037,0.0327,0.0277,0.0235,0.0204,0.0188,0.0151,0.0189,0.0197,0.0149,0.0086,0.0018,-1e-04,-0.0086,-0.0131,-0.0127,-0.0098,-0.0121,-0.0065,-0.0046,-0.0059,-0.0049,-0.0043,-0.0041,0.0014,0.0044,0.0068,0.0138,0.0186,0.0258
2015-06-14,12.5953,40.4815,N,,0.0427,0.0258,0.0109,0.0065,0.0137,0.0105,-0.0069,-0.0123,0.0003,0.0092,0.0096,0.0057,0.0034,0.0067,0.0039,0.0004,-0.0015,-0.0045,-0.0027,-0.0019,-0.0021,-0.0034,-0.0006,0.0016,0.0027,0.0018,0.0004,-0.0003,-0.0033
2015-06-14,12.5953,40.4815,NE,0.0685,0.0649,0.0508,0.0398,0.036,0.0285,0.0181,0.0104,0.0078,0.0099,0.0008,0.0045,-0.004,-0.018,-0.0146,-0.0072,-0.0062,-0.0016,-0.0036,0.0014,0.0024,-0.0021,0.008,0.0107,0.0084,0.0031,0.0066,0.0055,0.0091,0.0127
2015-06-14,12.5953,40.4815,NO,0.0418,0.0423,0.0305,0.0174,0.0094,0.0129,0.0154,0.0194,0.0037,-0.0009,0.0095,0.012,0.0068,0.0064,0.0022,0.0023,0.0014,0.0007,0.0026,-0.0023,-0.0005,-0.0011,-0.0053,-0.0002,0.0045,0.0075,0.0016,0.0011,0.0023,-0.0007
2015-06-14,12.5953,40.4815,O,,0.045,0.0395,0.0345,0.0279,0.0208,0.0184,0.0171,0.0149,0.0067,0.006,0.0016,-0.0029,-0.006,-0.0017,-0.0,0.0083,0.0041,-0.0082,-0.009,-0.0129,-0.0102,-0.0098,-0.01,-0.0124,-0.0051,-0.0006,0.0036,0.0069,0.0174
2015-06-14,12.5953,40.4815,S,,0.0882,0.0862,0.083,0.0784,0.0728,0.0633,0.0597,0.0548,0.0475,0.0397,0.0293,0.0164,0.003,-0.0081,-0.0185,-0.0248,-0.0248,-0.0237,-0.0227,-0.0218,-0.0139,-0.0108,-0.0028,0.0068,0.0061,0.0073,0.0048,0.0035,0.007
2015-06-14,12.5953,40.4815,SE,,0.0357,0.0279,0.0273,0.018,0.0119,0.0019,0.0019,-0.0102,-0.0067,0.0012,0.0068,0.0033,0.0027,0.0026,0.0055,0.002,0.0016,0.0036,0.0035,0.0043,-0.0025,-0.0028,-0.0014,-0.0003,-0.001,-0.0065,-0.0064,-0.0088,-0.0091
2015-06-14,12.5953,40.4815,SO,,0.0681,0.0642,0.0572,0.051,0.0455,0.0459,0.0426,0.0346,0.0281,0.0162,0.0069,0.0013,1e-04,-0.0057,-0.0212,-0.0225,-0.0225,-0.0215,-0.0212,-0.0181,-0.0105,-0.0097,-0.0027,0.0013,0.0033,0.0061,0.0116,0.0197,0.0053
2015-06-30,12.5945,40.4815,E,0.0924,0.0941,0.0823,0.068,0.0559,0.0493,0.0426,0.0407,0.04,0.0386,0.0389,0.0314,0.0188,0.0041,-0.0026,-0.0051,-0.0121,-0.0199,-0.0206,-0.0178,-0.02,-0.0145,-0.0065,-0.008,-0.0024,0.0009,0.0048,0.0171,0.0297,0.0341
2015-06-30,12.5945,40.4815,N,,0.0556,0.0161,-0.0056,0.0242,0.0568,0.0384,0.0126,-0.0005,0.0184,0.0271,0.0221,0.0161,0.0129,0.0047,-0.0048,-0.0059,-0.014,-0.013,-0.0189,-0.0141,-0.0094,0.0061,0.0065,0.0095,0.0098,0.0098,0.0059,-0.0003,-0.0039
2015-06-30,12.5945,40.4815,NE,,0.1613,0.1452,0.1038,0.0672,0.0518,0.0632,0.0301,0.0416,0.019,0.0252,0.0164,0.0023,-0.0048,-0.0108,-0.0294,-0.0339,-0.0185,-0.0063,-0.0117,0.0054,-0.0,0.0069,0.0056,0.008,0.0024,0.01,0.0076,0.0027,0.0056
2015-06-30,12.5945,40.4815,NO,0.0567,0.0524,0.0321,0.0058,-0.0078,0.001,0.0217,0.0387,0.006,0.0036,0.005,-0.0063,-0.0031,-0.0003,0.001,0.0005,-0.0033,-0.0039,0.0071,0.0008,0.0105,0.0179,0.0097,0.0083,0.0146,0.014,0.0026,0.0015,0.0027,-0.003
2015-06-30,12.5945,40.4815,O,,0.0799,0.0707,0.0654,0.0621,0.0521,0.0332,0.0285,0.0211,0.0104,0.0047,-0.0066,0.0037,0.0139,-0.0086,-0.0067,-0.0186,-0.0127,-0.0166,-0.0197,-0.0186,-0.0236,-0.0214,-0.0148,-0.0084,0.0004,0.0074,0.008,0.0106,0.0179
2015-06-30,12.5945,40.4815,S,,0.1478,0.1371,0.1219,0.1083,0.1011,0.1037,0.0993,0.0878,0.0693,0.0506,0.0387,0.0342,0.0132,-0.0021,-0.009,-0.0236,-0.0336,-0.0395,-0.0415,-0.0353,-0.03,-0.0293,-0.0148,0.0036,0.0143,0.0037,0.0073,0.0139,0.0262
2015-06-30,12.5945,40.4815,SE,,0.0874,0.0811,0.0647,0.0744,0.0636,0.0483,0.0378,0.0231,0.0101,0.0102,0.0081,0.0014,0.0052,0.0002,-0.0063,-0.0099,-0.0153,0.0028,-0.0013,-0.0101,-0.0067,0.0024,-0.0056,-0.0031,0.0082,0.0196,0.0066,0.0037,0.0107
2015-06-30,12.5945,40.4815,SO,,0.1254,0.1156,0.1114,0.1025,0.0933,0.0892,0.0615,0.036,0.03,0.0188,0.0141,-0.0047,-0.0168,-0.0343,-0.0414,-0.0393,-0.0329,-0.0323,-0.0217,-0.0066,0.0029,0.0151,0.0135,0.0169,0.0258,0.019,0.0056,-0.0067,-0.0007
2015-08-01,12.5942,40.4848,E,,0.0591,0.0475,0.0372,0.024,0.0135,-0.0054,-0.0114,-0.0121,-0.0058,-0.0067,-0.0089,-0.0086,-0.0059,-0.0072,-0.0083,-0.011,-0.0041,0.0007,0.0034,0.0051,0.0123,0.0047,0.0117,0.0191,0.0176,0.021,0.0186,0.016,0.0134
2015-08-01,12.5942,40.4848,N,,0.0431,0.0307,0.0232,0.0148,0.0073,0.0089,0.0019,-0.0046,-0.0075,-0.0018,0.0058,0.009,0.0154,0.0126,0.0071,-1e-04,-0.0094,-0.006,-0.0093,-0.0165,-0.0104,-0.0124,-0.0061,-0.0062,0.0014,0.0069,0.0162,0.021,0.0197
2015-08-01,12.5942,40.4848,NE,0.0591,0.0454,0.0335,0.0151,0.018,0.0151,0.0065,1e-04,-0.0019,-0.0003,0.0014,0.0014,0.0067,-0.0019,-0.0065,-0.0026,-0.001,-0.0021,-0.0093,-0.0106,-0.006,-0.0091,-0.0052,-0.0061,-0.002,0.0025,0.0034,0.0083,0.0094,0.0087
2015-08-01,12.5942,40.4848,NO,-0.0048,0.001,-0.001,-0.0078,-0.0048,-0.0065,-0.0049,-0.0028,-0.002,0.0017,0.0047,0.0068,0.0074,0.0102,0.0094,0.0058,0.0041,0.0007,-0.0055,-0.0079,-0.0082,-0.0069,-0.0046,-0.0034,-0.0045,-0.0043,0.0017,0.0035,0.0028,0.0009
2015-08-01,12.5942,40.4848,O,,0.0441,0.0347,0.0284,0.0235,0.021,0.0166,0.0159,0.0189,0.0213,0.02,0.0185,0.0224,0.0258,0.0201,0.0119,-0.0,-0.0076,-0.0092,-0.0127,-0.0089,-0.0107,-0.0118,-0.0119,-0.0122,-0.0091,-0.0073,-0.0061,-0.0037,0.0011
2015-08-01,12.5942,40.4848,S,,0.0278,0.0146,0.0112,0.014,0.0311,0.0563,0.0242,-0.0112,0.0054,0.0186,0.0221,0.0231,0.0227,0.0183,0.0109,0.0053,0.0188,0.0188,0.0123,0.0032,-0.0021,-0.0068,-0.0028,-0.0155,-0.0183,-0.0207,-0.0157,-0.0135,-0.0051
2015-08-01,12.5942,40.4848,SE,0.0481,0.0405,0.0256,0.0113,0.0049,-0.0017,-0.0041,0.0065,-0.0076,-0.0139,-0.0024,0.0035,0.0116,0.0131,0.0108,0.0088,0.0063,1e-04,-0.0055,-0.0101,-0.0084,-0.0023,0.0007,-0.0003,-0.0022,-0.0029,-0.0019,0.0013,0.0066,0.0013
2015-08-01,12.5942,40.4848,SO,0.0592,0.0455,0.0359,0.0331,0.023,0.0184,0.0129,0.0219,0.0193,0.0207,0.0199,0.0126,0.0101,0.0036,-0.004,-0.0113,-0.0096,0.0014,-0.0017,-0.0048,-0.0113,-0.0052,-0.017,-0.015,-0.0098,-0.0061,-0.007,0.0061,0.0047,0.0126
2015-08-17,12.5951,40.4815,E,0.0539,0.0468,0.0383,0.0275,0.0226,0.0226,0.0233,0.0246,0.0257,0.0292,0.0217,0.0141,0.0054,0.0026,-0.0041,-0.0079,-0.0092,-0.0115,-0.0108,-0.008,-0.0055,-0.0054,-0.0042,-0.0047,-0.0017,0.0031,0.004,0.0051,0.0062,0.0124
2015-08-17,12.5951,40.4815,N,,0.0362,0.0183,-0.0107,-0.0079,0.0204,0.0213,0.0111,0.004,0.0074,0.0088,0.0157,0.007,0.0045,0.002,-0.0021,0.0003,-0.0099,-0.0099,-0.0074,-0.0098,-0.0059,-0.0007,0.0032,0.0054,0.0036,0.0038,0.002,1e-04,-0.0025
2015-08-17,12.5951,40.4815,NE,0.0788,0.0716,0.0603,0.0466,0.0354,0.0286,0.01,0.0055,0.0153,0.0168,0.003,0.0004,-0.0047,-0.0179,-0.0178,-0.0158,-0.0139,-0.0118,-0.0077,-0.0075,0.0008,0.0024,0.0073,0.0082,0.0109,0.0054,0.0107,0.0068,0.0085,0.009
2015-08-17,12.5951,40.4815,NO,0.0373,0.0364,0.0308,0.0112,-0.0023,-0.0079,0.0007,0.004,0.0024,0.0016,0.0062,0.0023,-0.0027,-0.0053,-0.0057,-0.0048,-0.0025,-0.0004,0.0006,-0.0013,0.0016,0.0005,0.0034,0.0029,0.0028,0.0054,0.0026,-0.0002,-0.0005,-0.0024
2015-08-17,12.5951,40.4815,O,,0.0326,0.0304,0.031,0.0257,0.0206,0.0178,0.0081,-0.0007,-0.003,-0.0039,-0.0031,-0.0033,-0.0025,0.0128,0.0142,0.001,-0.0011,-0.0081,-0.0064,-0.0072,-0.0096,-0.0083,-0.0119,-0.0091,-0.0069,0.0022,0.0038,0.0086,0.0132
2015-08-17,12.5951,40.4815,S,,0.0959,0.0876,0.0789,0.0705,0.0625,0.057,0.0511,0.0411,0.0356,0.0279,0.0202,0.0101,0.0007,-0.0091,-0.0153,-0.0205,-0.017,-0.0163,-0.0171,-0.0155,-0.0103,-0.0095,-0.0044,0.0046,0.0044,0.0065,0.0034,0.003,0.0057
2015-08-17,12.5951,40.4815,SE,,0.0571,0.0549,0.0499,0.0338,0.0232,0.0163,0.0132,0.0071,0.0062,0.0078,0.0149,0.01,0.005,-0.0004,-0.0002,0.0055,0.0009,-0.0034,-0.0066,-0.0074,-0.0053,-0.0098,-0.0065,0.0049,0.0045,0.0009,-0.0018,0.0042,0.0049
2015-08-17,12.5951,40.4815,SO,,0.0636,0.0623,0.0465,0.0463,0.0401,0.0393,0.0343,0.0321,0.0221,0.012,0.0105,0.0077,0.0005,-0.006,-0.0161,-0.0191,-0.0168,-0.02,-0.0232,-0.0146,-0.0083,0.0012,0.0037,0.0047,0.0044,0.016,0.0075,0.0101,-0.0035
2015-09-02,12.5945,40.4851,E,,0.0494,0.0376,0.0295,0.0205,0.001,-0.0141,-0.0175,-0.0135,0.002,-0.0063,-0.0062,-0.0097,-0.0106,-0.0084,-0.0034,0.0041,0.0116,0.0128,0.0202,0.0065,0.0054,0.0103,0.0063,0.0038,0.0025,0.0005,0.0038,0.0043,0.0185
2015-09-02,12.5945,40.4851,N,,0.033,0.0104,-0.0033,-0.0076,-0.0024,-0.0055,-0.0219,-0.0226,-0.0164,-0.0036,0.0051,0.0106,0.007,0.004,-0.0096,-0.0232,-0.0157,-0.0176,-0.023,-0.0173,-0.0106,-0.0067,-0.0007,0.0047,0.0076,0.0193,0.0272,0.0221,0.0173
2015-09-02,12.5945,40.4851,NE,0.0337,0.0224,0.0036,0.0061,-0.0028,-0.0069,-0.0094,-0.0049,-0.0025,-0.0021,-0.0014,0.0007,-1e-04,-0.0018,-0.0048,-0.0025,-0.007,-0.0101,-0.0094,-0.0118,-0.0155,-0.0168,-0.0047,-0.0011,0.0011,0.007,0.0092,0.0126,0.0113,0.0132
2015-09-02,12.5945,40.4851,NO,0.0109,0.0043,-0.0038,-0.0157,-0.0155,-0.0132,-0.0031,-0.0037,0.0035,0.0034,0.0068,0.0043,0.0072,0.0046,-0.002,-0.0056,-0.0034,-0.0097,-0.0108,-0.0094,-0.0102,-0.0049,-0.0015,-0.0016,-0.0086,0.0046,-0.0055,0.0037,-0.0046,0.0205
2015-09-02,12.5945,40.4851,O,,0.0523,0.0403,0.0328,0.0252,0.0203,0.0195,0.0183,0.0224,0.0254,0.0298,0.03,0.0356,0.0403,0.0382,0.0329,0.0243,0.004,-0.0117,-0.0192,-0.0255,-0.0224,-0.025,-0.0257,-0.0251,-0.0249,-0.024,-0.0147,-0.0106,-0.0042
2015-09-02,12.5945,40.4851,S,,0.0557,0.0359,0.0175,0.0018,-0.0005,0.0143,0.0394,0.027,-0.0076,0.0053,0.0164,0.0253,0.0255,0.0283,0.0253,0.0157,0.0126,0.017,0.0192,0.0031,-0.0009,-0.0067,-0.0127,-0.0145,-0.0279,-0.0289,-0.0245,-0.0236,-0.0197
2015-09-02,12.5945,40.4851,SE,0.0749,0.069,0.0501,0.0339,0.0252,0.0068,-0.011,0.0028,0.0117,-0.0356,-0.0089,-0.0027,0.0189,0.0281,0.0315,0.0295,0.0218,0.0096,-0.0003,-0.0039,-0.0099,-0.0033,-0.0031,-0.0053,-0.0087,-0.0086,-0.0081,-0.0029,0.0028,0.0005
2015-09-02,12.5945,40.4851,SO,0.0672,0.0465,0.0376,0.032,0.0113,0.0082,0.0098,0.0117,0.0186,0.0317,0.0333,0.0296,0.0278,0.0166,0.022,-0.0055,-0.0079,-0.0019,-0.0132,-0.0095,-0.0233,-0.0179,-0.0157,-0.0148,-0.0157,-0.0134,-0.0134,-0.0036,-0.0035,0.0074
2015-10-20,12.591,40.4834,E,0.0815,0.0713,0.0578,0.0438,0.0295,0.0297,0.0252,0.0241,0.0158,0.0052,-0.0038,0.0017,0.0128,0.0178,0.0154,0.0089,0.0088,0.0043,-0.0062,0.0083,0.0058,0.0039,0.0016,-0.0003,-0.0021,-0.0052,-0.0138,-0.0165,-0.0245,-0.0231
2015-10-20,12.591,40.4834,N,0.0114,0.0025,-0.0033,-0.0026,-0.0055,-0.0046,-0.0029,-0.001,0.0043,0.0098,0.01,0.0078,0.0046,-0.0007,-0.0039,-0.0093,-0.0108,-0.0119,-0.0107,-0.0083,-0.0068,-0.0087,-0.0042,0.0008,0.0043,0.002,0.0047,0.0063,0.0082,0.0095
2015-10-20,12.591,40.4834,NE,,0.0392,0.0272,0.0186,0.0102,0.0041,0.0033,0.0099,0.0095,0.0117,0.0113,0.0068,0.0065,0.014,-0.0033,-0.0024,-0.0026,-0.0069,-0.005,-0.0022,0.0052,0.0077,0.0079,0.0025,0.0081,0.0037,0.0034,-0.0027,-0.009,-0.0155
2015-10-20,12.591,40.4834,NO,,0.0516,0.033,0.0269,0.0244,0.0156,0.0078,0.0027,-0.0022,-0.003,-0.0069,-0.0014,-0.0029,0.0009,0.0039,0.0047,0.0007,-0.0015,0.0002,0.0027,0.0055,0.0128,0.0152,0.0117,-0.0009,-0.0061,-0.0109,-0.018,-0.0145,-0.0181
2015-10-20,12.591,40.4834,O,,0.0756,0.0719,0.056,0.0284,0.0165,0.0057,0.0013,-0.0022,-0.0034,-0.0038,-0.0034,0.0044,0.0057,0.002,0.0031,0.0034,0.0068,0.0061,0.0098,0.0163,0.0149,0.0127,0.0062,-0.001,-0.0032,-0.0024,-0.005,-0.0061,-0.0077
2015-10-20,12.591,40.4834,S,,0.0681,0.0594,0.0538,0.0319,0.0173,0.0017,-0.0014,-0.0024,0.0206,0.0387,0.0397,0.0331,0.0088,-0.003,0.0015,-0.0163,-0.0218,-0.0108,-0.0071,0.0022,0.0053,0.0095,-0.003,-0.0047,-0.0105,-0.0116,-0.0098,-0.0096,-0.0201
2015-10-20,12.591,40.4834,SE,,0.0367,0.0354,0.041,0.035,0.0179,-0.0027,-0.0106,-0.0085,0.0006,0.0104,0.013,0.0266,0.0218,0.0192,0.0183,0.0086,0.0057,0.0252,0.0218,0.0029,-0.0004,-0.0033,-0.0051,-0.0186,-0.0327,-0.0267,-0.0136,0.0029,-0.0042
2015-10-20,12.591,40.4834,SO,,0.0465,0.0439,0.0277,0.0102,-0.0,-0.0122,-0.0278,-0.0351,-0.0301,-0.0257,-0.0256,-0.0278,-0.0288,-0.0303,-0.0198,-0.014,-0.0062,0.0121,0.0015,0.0205,0.0352,0.0214,0.0069,0.0153,-0.0007,-0.0097,0.0017,0.0103,0.0133
2015-11-05,12.5913,40.4837,E,,0.0496,0.0446,0.0348,0.0271,0.0327,0.0175,0.0204,0.0167,0.0125,0.0117,0.0139,0.0155,0.0117,0.0066,0.0031,0.0009,-0.0039,-0.0032,1e-04,0.0023,-0.0015,-0.0011,-0.004,-0.0066,-0.0085,-0.0105,-0.0121,-0.0119,-0.0098
2015-11-05,12.5913,40.4837,N,-0.0324,-0.037,-0.0447,-0.0381,-0.0313,-0.0169,-0.0149,-0.0051,0.0072,0.0163,0.013,0.0121,0.0096,0.0127,0.0074,0.0055,0.0026,0.0013,0.005,0.0029,0.0018,-0.0025,-0.0037,-0.0027,0.0004,-0.0002,-0.0013,-0.0075,-0.0061,-0.0122
2015-11-05,12.5913,40.4837,NE,,0.0204,0.0134,0.0118,0.0099,0.0089,0.0107,0.0142,0.0139,0.014,0.0136,0.0163,0.014,0.0107,0.0092,0.0082,0.0047,0.0097,0.0085,0.0114,0.008,0.0056,0.0076,0.0033,0.0017,-0.0138,-0.0105,-0.015,-0.0164,-0.0223
2015-11-05,12.5913,40.4837,NO,,0.0166,0.0021,0.0016,0.0016,0.0026,0.0024,-0.0011,-0.0032,0.0041,0.0098,0.0064,0.006,0.0083,0.013,0.0093,0.0059,-0.0006,-0.0002,-0.0045,-0.0018,0.0034,0.0132,0.0021,-0.0051,-0.0057,-0.0052,-0.0105,-0.0091,-0.0166
2015-11-05,12.5913,40.4837,O,,0.0553,0.055,0.0459,0.0344,0.019,0.0117,0.006,-0.0002,0.0011,0.0014,-0.003,0.0009,0.0019,0.0003,0.0,0.0002,-0.0,-0.0004,0.0004,0.0022,0.0076,0.0092,0.0098,0.0098,0.0094,0.0061,0.0028,-0.0032,-0.0086
2015-11-05,12.5913,40.4837,S,,0.0261,0.0139,0.0166,0.0222,0.011,0.0004,-0.0057,-0.0147,0.0003,0.0136,0.0154,0.0207,0.0243,0.0101,-0.0008,0.0009,-0.0048,-0.0024,-0.0043,-0.0005,0.0007,0.0023,0.002,-0.0033,-0.0051,-0.0041,-0.0086,-0.0109,-0.0053
2015-11-05,12.5913,40.4837,SE,0.0266,0.0155,0.0049,0.0003,0.0287,0.0207,0.0072,-0.0043,-0.0046,0.0012,0.0051,0.0158,0.0205,0.0205,0.019,0.0108,0.0072,0.0072,0.0129,0.0083,0.0015,-0.0038,-0.0032,-0.0113,-0.0165,-0.0181,-0.0149,-0.0085,-0.0016,-0.0056
2015-11-05,12.5913,40.4837,SO,,0.011,0.0079,0.001,0.005,-0.001,-0.0088,-0.0182,-0.0224,-0.0302,-0.0314,-0.0242,-0.0219,-0.0209,-0.0161,-0.0165,-0.0107,-0.0021,-0.0,0.0017,0.0137,0.0155,0.0178,0.0112,0.0156,0.0044,0.0022,0.0009,0.0074,0.012
2015-11-21,12.5913,40.4837,E,,0.0622,0.0552,0.0408,0.0312,0.0395,0.0257,0.0286,0.023,0.015,0.0129,0.0151,0.0149,0.0081,0.0082,0.0006,-0.0072,-0.0073,-0.0067,0.0008,0.0071,0.005,0.0003,-0.0021,-0.0072,-0.0058,-0.0105,-0.0149,-0.0185,-0.0127
2015-11-21,12.5913,40.4837,N,0.0153,0.0084,-0.0007,0.0012,0.0042,0.0101,0.0081,0.0109,0.0171,0.0181,0.0116,0.0055,-0.0034,-0.0062,-0.0063,-0.0125,-0.0153,-0.019,-0.0175,-0.0188,-0.01,-0.0122,-0.0076,-0.0018,0.0019,0.0045,0.0077,0.0084,0.0116,0.0116
2015-11-21,12.5913,40.4837,NE,,0.026,0.0138,0.01,0.0095,0.0094,0.0088,0.0129,0.0136,0.0111,0.0077,0.0094,0.0081,0.0043,0.0055,0.0035,-0.0003,-0.0016,0.0026,0.0051,0.0043,0.0047,0.0038,0.0022,0.0031,-0.0025,-0.0016,-0.0075,-0.01,-0.0157
2015-11-21,12.5913,40.4837,NO,,0.0588,0.0335,0.0298,0.0257,0.0236,0.0191,0.0091,0.0059,0.009,0.0072,-0.0006,-0.0025,0.0009,0.0048,0.0032,-0.0031,-0.0047,0.0002,-0.0038,0.001,0.0067,0.0183,0.0009,-0.0035,-0.0088,-0.0078,-0.0124,-0.0124,-0.0192
2015-11-21,12.5913,40.4837,O,,0.0796,0.0779,0.0617,0.0465,0.0248,0.0139,0.005,-0.0025,-0.0054,-0.0061,-0.0074,-0.0047,-0.0027,-0.0032,-0.0038,0.002,0.0013,0.0063,0.0083,0.0113,0.0193,0.0134,0.0151,0.0053,0.0108,0.0007,-0.0009,-0.0101,-0.0203
2015-11-21,12.5913,40.4837,S,,0.0439,0.0268,0.0324,0.0467,0.0292,0.0195,0.0026,-0.0063,0.0053,0.0226,0.0229,0.0256,0.0329,0.0144,0.0035,-0.002,-0.0092,-0.0056,-0.0041,0.0007,0.0044,0.0056,0.0012,-0.0112,-0.0124,-0.0147,-0.0149,-0.0162,-0.0122
2015-11-21,12.5913,40.4837,SE,0.0326,0.0177,0.0057,-0.0011,0.0467,0.0387,0.0128,-0.0041,-0.0059,0.004,0.0098,0.018,0.0259,0.0268,0.0273,0.0196,0.0138,0.0225,0.0233,0.0171,0.0025,-0.0063,-0.0065,-0.0134,-0.0252,-0.0281,-0.0227,-0.014,-0.0036,-0.0105
2015-11-21,12.5913,40.4837,SO,,0.0273,0.0224,0.0108,0.0262,0.0092,-0.0041,-0.0199,-0.0257,-0.0361,-0.036,-0.0334,-0.033,-0.0319,-0.0288,-0.0283,-0.0244,-0.0158,-0.0082,-0.0075,0.0145,0.0207,0.0307,0.0183,0.028,0.0121,0.0117,0.0034,0.0058,0.011
2015-12-23,12.591,40.4834,E,0.0662,0.0614,0.0528,0.039,0.0273,0.0342,0.0262,0.0239,0.0166,0.0075,0.006,0.0111,0.0162,0.0178,0.009,0.0061,0.0037,0.0055,-0.0024,0.0014,0.002,-0.0025,-0.0032,-0.0064,-0.0065,-0.009,-0.0114,-0.0135,-0.0144,-0.0125
2015-12-23,12.591,40.4834,N,0.0182,0.0174,0.0108,0.0073,0.005,0.006,0.0092,0.0055,0.0065,0.0123,0.0148,0.0095,0.0056,0.001,0.0016,-0.0025,-0.0047,-0.0059,-0.0057,-0.0028,-0.0026,-0.0038,-0.0051,-0.0034,-0.004,-0.0005,0.0015,0.0025,-0.0006,0.0002
2015-12-23,12.591,40.4834,NE,,0.0389,0.0311,0.0239,0.02,0.0151,0.0128,0.0165,0.0146,0.0163,0.0162,0.014,0.0155,0.017,0.0103,0.0089,0.0059,0.0028,1e-04,0.0008,-0.0004,-0.0013,-0.0018,-0.0024,-0.0006,-0.0035,-0.0033,-0.0057,-0.0124,-0.0183
2015-12-23,12.591,40.4834,NO,,0.0331,0.0246,0.0209,0.0175,0.0132,0.0117,0.0055,0.0014,0.0038,-0.0005,0.0012,-0.0053,0.0015,0.0025,0.0013,0.0016,0.0007,0.0005,-0.0022,-0.0003,0.0075,0.0113,0.0103,0.0016,-0.0058,-0.0044,-0.0086,-0.0086,-0.012
2015-12-23,12.591,40.4834,O,,0.0371,0.0412,0.0349,0.018,0.0123,0.0018,0.0009,-0.0025,-0.0021,-0.0023,-0.0037,-0.0006,-0.0,1e-04,0.0014,0.0014,0.0041,0.0031,0.0044,0.0104,0.0078,0.0073,0.0064,0.0047,0.0022,-0.0008,-0.0017,-0.0067,-0.0071
2015-12-23,12.591,40.4834,S,,0.022,0.0254,0.0382,0.0347,0.0152,0.0043,0.0059,0.0028,0.0164,0.0222,0.0238,0.0232,0.0116,0.0096,0.0039,-0.0041,-0.0011,0.0046,0.0075,0.008,0.0062,0.004,-0.0041,-0.0075,-0.0135,-0.0153,-0.0173,-0.0164,-0.026
2015-12-23,12.591,40.4834,SE,,0.0115,0.0175,0.0285,0.0276,0.0187,0.003,-0.0043,-0.0017,0.0025,0.0106,0.0142,0.0203,0.0203,0.0153,0.0117,0.006,0.0024,0.0087,0.0093,-0.0008,-0.0053,-0.0062,-0.0124,-0.0145,-0.014,-0.0117,-0.007,-0.0014,-0.0059
2015-12-23,12.591,40.4834,SO,,0.0061,0.0126,0.011,0.0112,0.0007,-0.0083,-0.0143,-0.0242,-0.0225,-0.019,-0.0211,-0.0219,-0.0173,-0.0179,-0.0135,-0.0063,-0.0009,0.0155,0.0026,0.0199,0.0257,0.012,0.0026,0.01,0.002,-0.0058,-0.001,0.0018,0.0055
2016-01-24,12.591,40.4831,E,0.0649,0.06,0.0538,0.0469,0.0406,0.0391,0.0275,0.0241,0.0191,0.0064,0.0054,0.0089,0.0138,0.0144,0.0098,0.0062,0.0111,0.0091,0.0057,0.0035,-0.0016,1e-04,-0.0023,-0.0038,-0.0059,-0.0087,-0.0126,-0.0151,-0.0187,-0.0156
2016-01-24,12.591,40.4831,N,0.0012,0.006,0.0042,0.0005,-0.003,-0.005,-0.0031,0.0012,1e-04,0.0032,0.0123,0.0162,0.0129,0.0095,0.0075,0.0051,-0.0004,-0.0049,-0.0064,-0.0067,-0.0048,-0.0041,-0.0046,-0.0047,-0.0018,1e-04,0.0016,-0.0002,0.0008,1e-04
2016-01-24,12.591,40.4831,NE,,0.0256,0.0206,0.0165,0.0139,0.0115,0.0096,0.0105,0.0105,0.0138,0.0149,0.0154,0.0151,0.0178,0.0184,0.0131,0.0076,0.006,0.0039,0.0016,0.0008,0.0024,0.0003,-0.0023,-0.002,-0.0067,-0.0054,-0.009,-0.0093,-0.0132
2016-01-24,12.591,40.4831,NO,,0.0305,0.0316,0.0241,0.0208,0.0136,0.0102,0.0082,0.0033,0.0008,-0.0023,-0.0045,0.0023,-0.0005,-0.0002,0.0011,-0.0007,0.001,0.0004,-0.0019,-0.0027,0.0044,0.0043,0.0092,0.0065,-0.0035,-0.0057,-0.0086,-0.0098,-0.0088
2016-01-24,12.591,40.4831,O,,0.0391,0.0451,0.0385,0.0191,0.0123,0.0083,0.0035,0.0022,-1e-04,-0.0019,-0.0058,1e-04,-0.0003,-0.0009,-0.0002,0.0015,0.0037,0.0041,0.0042,0.0099,0.0082,0.0072,0.0058,0.0007,0.0005,-0.0005,-0.001,-0.005,-0.0062
2016-01-24,12.591,40.4831,S,,0.0385,0.0423,0.0274,0.0165,0.0056,0.0066,0.0038,0.0164,0.0246,0.0292,0.0269,0.0135,0.0069,0.0091,0.0043,-0.0033,0.0039,0.0057,0.0086,0.005,0.0067,-0.0014,-0.0078,-0.0097,-0.0151,-0.0138,-0.0135,-0.0262,-0.0197
2016-01-24,12.591,40.4831,SE,,0.0315,0.0363,0.0341,0.0091,-0.0005,-0.0081,-0.0052,0.0041,0.0112,0.0116,0.018,0.0229,0.0203,0.0123,0.0085,0.0032,0.0068,0.0144,0.0031,-0.0029,-0.0047,-0.0128,-0.0151,-0.0161,-0.0169,-0.0099,-0.0012,-0.001,-0.005
2016-01-24,12.591,40.4831,SO,,0.0183,0.0213,0.0167,0.0057,-0.0028,-0.0162,-0.0155,-0.0298,-0.0216,-0.017,-0.0217,-0.016,-0.0114,-0.0079,1e-04,0.0003,0.0072,0.0119,0.0107,0.0189,0.016,0.0049,0.0029,0.0021,-0.0069,-0.0041,0.0038,0.0009,-0.0002
2016-03-12,12.5942,40.4851,E,,0.0926,0.0757,0.0595,0.0438,0.0295,0.0086,-0.001,-0.0014,0.0017,0.0006,0.0021,0.0003,-0.0008,-0.0,-0.0009,-0.0004,-0.0004,-0.0029,-0.0044,-0.0035,-0.002,-0.001,0.0007,0.0018,0.0012,0.0038,0.0013,0.0017,0.0009
2016-03-12,12.5942,40.4851,N,,0.0667,0.0535,0.045,0.0272,0.019,0.0059,0.0017,-0.0018,0.0039,0.013,0.015,0.0163,0.016,0.0103,0.0022,0.0023,-0.0015,-0.007,-0.0108,-0.0097,-0.0092,-0.0079,-0.0072,-0.0051,0.0022,0.0098,0.0104,0.0078,0.0041
2016-03-12,12.5942,40.4851,NE,0.0881,0.0734,0.0571,0.04,0.0335,0.0266,0.0188,0.0127,0.0124,0.016,0.0182,0.0188,0.0189,0.0166,0.0102,0.0076,0.0012,-0.0052,-0.0124,-0.0117,-0.0142,-0.0128,-0.0117,-0.0072,-0.0039,-0.0017,-0.0027,0.0006,1e-04,0.0013
2016-03-12,12.5942,40.4851,NO,0.0436,0.0436,0.0459,0.0367,0.019,0.007,0.0015,1e-04,0.0027,0.0057,0.0011,-0.0014,0.0053,0.0084,0.0057,0.0028,-0.0005,-0.0088,-0.0121,-0.0095,-0.0049,-0.0029,-0.0023,-0.0054,-0.0034,-0.0011,0.0014,0.0038,0.005,0.0039
2016-03-12,12.5942,40.4851,O,,0.0324,0.0346,0.0273,0.0182,0.0111,0.0034,0.0005,-0.0023,-0.001,0.0035,0.0058,0.0082,0.014,0.0148,0.0167,0.0086,0.001,-0.0017,-0.0057,-0.0054,-0.0094,-0.008,-0.0075,-0.0056,-0.0054,-0.004,0.0004,0.0015,0.0011
2016-03-12,12.5942,40.4851,S,,0.051,0.0428,0.0289,0.0144,0.0152,0.0273,0.0357,0.0123,-0.0299,-0.0117,0.013,0.0234,0.0255,0.0273,0.0264,0.0207,0.014,0.0078,0.0131,0.0058,-0.0015,-0.0052,-0.0161,-0.0118,-0.0164,-0.0148,-0.01,-0.0112,-0.0124
2016-03-12,12.5942,40.4851,SE,0.0904,0.0841,0.0687,0.0506,0.0366,0.0211,0.0072,0.0026,0.0061,-0.0134,-0.0068,0.0041,0.0214,0.0246,0.0211,0.0189,0.015,0.0049,-0.0034,-0.0074,-0.0079,-0.0066,-0.0023,-0.0026,-0.0024,-0.0043,-0.0049,-0.0044,-0.0035,-0.0042
2016-03-12,12.5942,40.4851,SO,0.0532,0.0429,0.0366,0.0331,0.0085,0.0007,-0.0074,-0.0101,0.0033,0.0129,0.0097,0.0138,0.0176,0.0269,0.0083,0.0004,0.0062,0.0145,0.0079,0.0073,-0.003,-0.0047,-0.0114,-0.0165,-0.0166,-0.0142,-0.0182,0.0003,-0.0013,0.0073
2016-03-28,12.5942,40.4851,E,,0.0875,0.071,0.0537,0.0358,0.0215,-0.0003,-0.0038,-0.004,-0.0006,-0.0018,-0.0004,-0.0018,-0.0024,-0.0018,-0.0018,-0.0022,-0.0024,-0.0039,-0.0052,-0.003,-0.0006,-0.0012,0.0009,0.0032,0.0068,0.0075,0.0038,0.0008,-0.0007
2016-03-28,12.5942,40.4851,N,,0.0677,0.0547,0.0467,0.0328,0.0285,0.0193,0.0127,0.0066,0.0093,0.0144,0.0132,0.0116,0.0135,0.0073,0.0027,0.0015,-0.0,-0.0067,-0.012,-0.0091,-0.0095,-0.0031,-0.0022,-0.0018,0.002,0.0047,0.0029,0.002,-0.0002
2016-03-28,12.5942,40.4851,NE,0.0799,0.0679,0.0533,0.038,0.0359,0.0276,0.0225,0.0172,0.0198,0.022,0.022,0.026,0.0228,0.0171,0.0123,0.0042,-0.0024,-0.0078,-0.0138,-0.0158,-0.0176,-0.0158,-0.0128,-0.01,-0.0059,-0.004,-0.0028,0.0028,0.0037,0.0027
2016-03-28,12.5942,40.4851,NO,0.0274,0.0289,0.0289,0.0211,0.0108,0.0054,0.0046,0.0067,0.009,0.0083,0.005,0.0032,0.0061,0.0049,0.0022,0.0003,-0.0014,-0.0119,-0.015,-0.0096,-0.0074,-0.0046,-0.0017,-0.0041,-0.0022,-0.0011,-1e-04,0.0015,-0.0003,0.0035
2016-03-28,12.5942,40.4851,O,,0.0311,0.0321,0.0252,0.0151,0.0092,0.0061,0.0068,0.0072,0.0075,0.0108,0.0121,0.013,0.0172,0.0187,0.0146,0.0068,0.0003,-0.0029,-0.0053,-0.0041,-0.007,-0.0085,-0.0081,-0.0075,-0.0059,-0.0052,-0.0007,0.0003,0.0015
2016-03-28,12.5942,40.4851,S,,0.0417,0.0338,0.0197,0.0051,0.0083,0.0273,0.0469,0.0255,-0.0236,-0.0107,0.0128,0.0199,0.0197,0.0168,0.0206,0.0204,0.0117,0.0136,0.0183,0.0083,0.0038,-0.0019,-0.0094,-0.0126,-0.0185,-0.0197,-0.0184,-0.0167,-0.0138
2016-03-28,12.5942,40.4851,SE,0.0857,0.0765,0.0629,0.046,0.0326,0.0171,0.005,0.0033,0.0073,-0.0052,-0.0009,0.007,0.0218,0.0207,0.0171,0.0134,0.0112,0.0046,-0.0027,-0.0071,-0.0076,-0.0053,-0.0022,-0.0023,-0.0002,-0.0031,-0.0011,-0.004,-0.0095,-0.0088
2016-03-28,12.5942,40.4851,SO,0.0511,0.0445,0.0386,0.0348,0.016,0.0078,0.0012,-0.0017,0.0097,0.0172,0.0114,0.0153,0.0181,0.0246,0.01,-0.0012,0.0021,0.0071,0.0032,0.0073,-0.0048,-0.0092,-0.0103,-0.0195,-0.02,-0.0144,-0.0171,0.007,0.0016,0.0085
2016-04-21,12.5921,40.4837,E,,0.0287,0.0242,0.0209,0.0185,0.0246,0.0211,0.0196,0.0139,0.0136,0.0012,-0.0137,0.0013,-0.0316,-0.021,-0.0096,-0.0122,-1e-04,-0.0002,-0.0047,-0.0055,-0.0027,0.0067,0.0043,-0.014,-0.0067,-0.0014,,,
2016-04-21,12.5921,40.4837,N,0.0511,0.0434,0.0276,0.0274,0.0234,0.0222,0.021,0.02,0.0179,0.0092,0.0043,-0.0053,-0.0048,-0.004,-0.0051,-0.0058,0.0005,0.0034,0.0018,-0.0005,-1e-04,-0.0035,-0.0065,-0.0049,-0.0015,0.001,-0.0039,0.0002,0.0036,0.0035
2016-04-21,12.5921,40.4837,NE,-0.0129,-0.0188,-0.0265,-0.0288,-0.0282,-0.0231,-0.013,-0.0091,-0.006,0.0009,-0.0032,-0.0007,-0.0,-0.0077,-0.0044,-0.0041,-0.002,-0.0132,-0.0223,-0.0205,-0.0186,-0.0102,0.0021,0.0136,0.0222,0.0194,0.0214,0.0213,0.0147,0.0108
2016-04-21,12.5921,40.4837,NO,,-0.0112,-0.0118,-0.0103,-0.0071,-0.0108,,,,,,0.0104,-0.0051,-0.0065,-0.0064,-0.0041,-0.0029,-0.0022,0.0019,-0.0005,-0.0067,-0.0056,-0.0056,-0.0013,0.0026,0.0022,0.0007,-0.0025,-0.0047,0.0031
2016-04-21,12.5921,40.4837,O,,0.0353,,,,,,,,0.0177,0.0181,0.0103,0.0098,-0.0009,-0.0043,-0.0031,0.0036,-0.004,-0.0036,-0.0055,-0.0041,0.0045,0.0082,0.0076,0.0015,0.0015,0.007,0.0014,0.0013,-0.0008
2016-04-21,12.5921,40.4837,S,,0.0866,0.0608,0.041,0.0427,0.0455,0.0323,0.0106,-0.0135,-0.0182,-0.0127,0.0039,0.0075,0.0084,0.0079,0.007,0.0048,0.0032,-0.0058,-0.0089,-0.0082,-0.0096,-0.0025,-0.0027,-0.0007,0.0011,0.0004,0.0034,0.0031,0.009
2016-04-21,12.5921,40.4837,SE,0.0521,0.0525,0.0377,0.0285,0.0197,0.0224,0.0235,0.0244,0.0094,-0.0017,-0.0116,-0.0158,-0.0104,-0.0024,0.0037,0.005,0.0161,0.019,0.0131,0.0195,0.0142,-0.0032,0.0028,-0.0085,-0.0059,-0.0123,0.0003,-0.0068,-0.0069,-0.0083
2016-04-21,12.5921,40.4837,SO,,0.0813,0.0697,,,,,,,0.01,0.0249,0.0205,0.0191,0.0178,0.0094,0.0015,0.0043,-0.006,-0.0023,0.0002,0.0008,-0.0012,-0.0017,-0.0058,-0.0032,-0.0116,-0.0125,-0.0118,-0.0086,-0.0147
2016-05-15,12.5934,40.4845,E,,0.0547,0.0462,0.0437,0.0374,0.0266,0.0123,-0.0004,-0.0089,-0.0157,-0.0199,-0.0204,-0.015,-0.0089,-0.004,-0.0112,-0.0009,-0.0085,-0.0143,-0.0134,-0.0029,0.0024,-0.008,-0.0061,-0.0027,0.0041,-0.0016,0.0103,0.0191,0.0257
2016-05-15,12.5934,40.4845,N,,-0.0711,-0.0623,-0.0577,-0.0535,-0.0489,-0.0398,-0.0265,-0.0124,-0.0096,-0.0076,0.0011,0.0037,0.0046,-0.0055,-0.0096,-0.022,-0.0184,-0.0047,-0.0095,-0.0146,-0.0122,-0.0011,0.0005,0.0012,0.0112,0.0172,0.0247,0.0215,0.0342
2016-05-15,12.5934,40.4845,NE,0.0076,-0.0037,-0.0011,-0.0162,-0.0322,-0.0434,-0.0424,-0.0289,-0.0159,-0.0207,-0.0183,-0.0149,-0.0082,-0.004,0.0017,1e-04,-0.0007,0.0017,-0.0089,-0.0099,0.0029,-0.0067,0.0018,0.004,0.0015,0.0026,0.0068,0.0111,0.0138,0.0133
2016-05-15,12.5934,40.4845,NO,-0.0025,-0.0024,-0.0009,-1e-04,0.0056,0.0099,0.0165,0.0259,0.0262,0.0293,0.0227,0.0154,-0.0016,-0.0188,-0.0273,-0.0328,-0.0296,-0.0256,-0.0189,-0.0145,-0.0088,-0.0082,0.0014,0.0031,0.0041,0.007,0.0069,0.0101,0.01,0.0124
2016-05-15,12.5934,40.4845,O,,0.1243,0.1203,0.1108,0.1126,0.1112,0.1019,0.0926,0.0819,0.0815,0.0776,0.0662,0.0457,0.0138,-0.0044,-0.0097,-0.0236,-0.029,-0.0368,-0.0411,-0.032,-0.0278,-0.0236,-0.0179,-0.022,-0.0108,0.008,0.0217,0.0241,0.0292
2016-05-15,12.5934,40.4845,S,,0.0871,0.0811,0.0588,0.0586,0.1131,0.1068,0.054,0.0356,0.0301,0.0305,0.023,0.0249,0.0295,0.0235,0.0137,0.0131,0.0274,0.0071,0.0049,0.0005,-0.0029,-0.0202,-0.0072,-0.0166,-0.0254,-0.0237,-0.0219,-0.0182,-0.0123
2016-05-15,12.5934,40.4845,SE,0.0852,0.0917,0.0883,0.0748,0.0662,0.0758,0.0882,0.0806,0.0518,0.0265,0.0208,0.0268,0.0346,0.0439,0.035,0.0343,0.0294,0.0203,0.0055,0.001,-0.009,-0.0184,-0.017,-0.027,-0.041,-0.0385,-0.0351,-0.0316,-0.0248,-0.0216
2016-05-15,12.5934,40.4845,SO,0.088,0.0939,0.0871,0.0845,0.0689,0.0618,0.0462,0.0525,0.0374,0.0212,0.0197,0.0219,-0.0176,-0.0372,-0.0285,-0.0233,-0.0219,-0.0178,-0.0033,-0.0111,-0.0114,-0.0229,-0.0173,-0.0061,0.0004,0.0036,0.0068,0.0251,0.0184,0.0542
2016-05-23,12.594,40.4823,E,,,,,,,0.0633,0.0294,0.0088,0.0113,0.029,0.0162,0.0109,0.0268,0.0327,0.0406,0.0314,0.0234,0.0063,-0.0213,-0.0259,-0.0241,-0.0127,-0.0059,-0.0046,-0.0081,-0.0051,-0.0057,0.0033,0.0063
2016-05-23,12.594,40.4823,N,,,,-0.1497,-0.0817,-0.0392,-0.0272,-0.0192,-0.0247,-0.0341,-0.0342,-0.0265,-0.0172,-0.0026,0.011,0.0252,0.026,0.0063,-0.0004,-0.0014,-0.0099,-0.0194,-0.0054,-0.0095,-0.008,0.0348,0.037,0.0291,0.0312,0.0253
2016-05-23,12.594,40.4823,NE,,,,,,,,0.0361,0.0099,0.0132,0.0403,0.0304,0.0226,0.0055,-0.0209,-0.0306,-0.0215,-0.0027,0.0044,0.0174,0.0055,-0.0021,0.0016,0.0029,0.0119,0.0192,0.0148,0.0151,0.0063,0.0035
2016-05-23,12.594,40.4823,NO,0.0573,0.0423,-0.0076,-0.0373,-0.0666,-0.0444,0.0125,0.0368,0.025,0.0026,-0.0066,-0.0075,-0.0015,-0.0002,0.0059,0.0093,0.0073,0.0248,0.0271,0.0282,0.0245,0.0081,-0.0143,-0.02,-0.0275,-0.0217,-0.0102,0.0006,0.0075,0.0089
2016-05-23,12.594,40.4823,O,,0.1506,0.1416,0.1306,0.1152,0.0795,0.0508,0.0436,0.0106,0.0048,0.0511,0.0069,0.0062,-0.0205,-0.017,-0.0225,-0.0217,-0.0195,-0.0203,-0.0191,-0.0274,-0.0275,-0.0218,-0.0143,-0.0076,-0.0009,0.0172,0.0433,0.0606,0.0639
2016-05-23,12.594,40.4823,S,,0.1389,0.092,0.0658,0.0556,0.0473,0.0513,0.0501,0.0334,0.0189,0.0261,-0.004,-0.0114,0.0073,0.0241,0.0298,0.0098,-0.027,0.0009,-0.0104,-0.0373,-0.0345,-0.0355,-0.0368,-0.0317,-0.013,0.01,0.0239,0.0193,0.003
2016-05-23,12.594,40.4823,SE,,,,,,,,,0.0354,-0.0041,0.0254,0.0042,-0.0104,0.0075,-0.0184,-0.0027,-0.0061,-0.0286,-0.0117,-0.025,-0.0161,-0.0108,-0.001,-0.0021,-0.0005,-0.0271,0.0002,-0.0098,0.0075,0.0319
2016-05-23,12.594,40.4823,SO,,0.1157,0.0834,0.0473,0.0432,0.0178,0.0202,0.0306,0.0531,0.0424,0.0303,0.004,-0.0143,-0.0225,-0.0522,-0.0582,-0.0522,-0.0212,0.0041,0.0234,0.0361,0.0313,0.0313,0.0303,0.0319,0.0022,0.0021,0.0012,0.0022,-0.0142
2016-05-31,12.5943,40.4818,E,0.0774,0.0791,0.069,0.0589,0.0372,0.0278,0.0263,0.0202,0.0169,0.0177,0.0244,0.0327,0.0293,0.0183,0.0092,0.0032,-0.0054,-0.0221,-0.029,-0.0296,-0.0254,-0.024,-0.0108,-0.0023,0.0017,0.0082,0.0163,0.0228,0.0244,0.042
2016-05-31,12.5943,40.4818,N,,0.015,-0.0015,0.0252,0.0405,0.0307,0.018,0.0163,0.0098,0.0136,0.0059,0.0017,-0.0017,-0.0095,-0.0101,-0.0091,-0.0081,-0.0059,-0.0042,0.0013,0.0028,0.0044,0.0108,0.0114,0.0013,0.0066,0.0056,0.0047,-0.0042,0.0052
2016-05-31,12.5943,40.4818,NE,,0.0874,0.0524,0.0228,0.0393,0.0065,0.0179,0.0306,-0.0116,-0.0132,-0.0007,0.0033,-0.0106,0.005,-0.0079,-0.0141,-0.008,-0.0029,0.0035,0.0053,0.01,0.0135,0.0097,-0.0011,0.0094,-1e-04,0.0079,0.0042,0.0078,0.0089
2016-05-31,12.5943,40.4818,NO,0.0247,0.0201,-0.0024,-0.007,0.0211,0.0342,0.0149,0.0112,0.0051,0.0012,-0.0034,-0.0038,-0.002,0.001,-0.001,-0.0008,-0.0008,0.0088,0.0117,0.0211,0.0205,0.0175,0.0088,0.0132,-0.0048,-0.0097,-0.0132,-0.007,-0.0009,0.0054
2016-05-31,12.5943,40.4818,O,,0.0632,0.055,0.0521,0.0407,0.0279,0.0298,0.0277,0.0091,0.0033,0.0053,0.0029,0.0037,-0.0043,-0.0076,0.0052,-0.016,-0.019,-0.0197,-0.0197,-0.0192,-0.0206,-0.0173,-0.0111,-0.0033,0.0094,0.0142,0.0094,0.0195,0.0265
2016-05-31,12.5943,40.4818,S,,0.1306,0.1244,0.1135,0.0992,0.0904,0.0838,0.0853,0.0787,0.0657,0.0514,0.0334,0.022,0.0116,0.0058,-0.0008,-0.0097,-0.0214,-0.0328,-0.0331,-0.0396,-0.0369,-0.0286,-0.0244,-0.0143,-0.0015,0.0154,0.0232,0.0194,0.0201
2016-05-31,12.5943,40.4818,SE,,0.0817,0.082,0.0669,0.0518,0.044,0.033,0.0136,0.012,0.007,0.004,0.0051,-0.0041,0.0051,0.0023,-0.0056,-0.0066,-0.0073,-0.0063,0.0006,0.0049,-0.0052,-0.004,0.0,0.014,0.0054,0.0112,0.0158,0.0071,0.0043
2016-05-31,12.5943,40.4818,SO,,0.1099,0.1088,0.1044,0.0945,0.0834,0.0692,0.0504,0.0367,0.041,0.0254,0.0321,0.0026,-0.0181,-0.0257,-0.0458,-0.0463,-0.0381,-0.0358,-0.0207,-0.0238,-0.0062,0.013,0.0205,0.0178,0.0248,0.0132,0.0083,-0.0043,0.0033
2016-06-16,12.5945,40.4812,E,0.0282,0.027,0.025,0.0214,0.0176,0.0119,0.0079,0.0079,0.0074,0.0063,0.0102,0.0078,0.0062,0.0037,-0.0003,-0.0034,-0.0088,-0.0107,-0.0109,-0.0104,-0.0086,-0.0049,-0.0028,-0.0015,1e-04,0.0012,0.0013,0.0042,0.0088,0.0122
2016-06-16,12.5945,40.4812,N,,0.0248,0.0182,0.0088,0.0029,0.0046,0.0058,0.0057,-0.0005,0.0051,0.0041,0.0056,0.0036,0.0018,-0.0004,-0.0032,-0.0035,-0.0056,-0.0052,-0.0043,-0.003,-0.0028,-0.0009,0.0013,0.0027,0.0036,0.0049,0.0056,0.0051,0.0004
2016-06-16,12.5945,40.4812,NE,,0.0349,0.0342,0.0267,0.0175,0.0095,0.005,0.0053,0.0057,0.0012,-0.0026,0.0028,0.0007,-0.001,-0.0022,-0.0054,-0.0083,-0.0049,-0.0012,0.0022,0.0021,0.0036,0.0039,0.003,0.0022,0.0038,0.0067,0.0058,0.0045,0.0059
2016-06-16,12.5945,40.4812,NO,0.0188,0.0179,0.0143,0.0102,0.0071,0.0071,0.0059,0.004,0.0015,-0.0007,-0.0017,-0.0003,0.0014,0.0011,0.0003,0.0,0.001,0.0012,0.0013,0.0029,0.0023,0.0037,0.0059,0.0037,0.0033,0.0019,0.0002,-0.0031,-0.0006,-0.0007
2016-06-16,12.5945,40.4812,O,,0.02,0.0142,0.0144,0.0126,0.0113,0.0069,0.0053,0.0008,0.002,0.0009,0.0022,0.0018,0.0086,-0.001,-0.0064,-0.0102,-0.008,-0.0092,-0.0067,-0.0065,-0.007,-0.0066,-0.0067,-0.0034,-0.0018,0.0012,0.0022,0.0046,0.0052
2016-06-16,12.5945,40.4812,S,,0.0456,0.0405,0.0347,0.0316,0.0328,0.0306,0.0264,0.0203,0.016,0.014,0.01,0.0057,0.0006,0.0008,-0.0057,-0.0077,-0.0097,-0.0109,-0.0097,-0.0077,-0.006,-0.0048,0.0009,0.0048,0.0034,0.0021,0.0023,0.0022,0.0025
2016-06-16,12.5945,40.4812,SE,,0.0239,0.0188,0.0162,0.0181,0.0144,0.0096,0.006,0.0029,0.0015,-0.0006,0.0008,0.0008,0.0023,-0.0017,-0.0004,-0.0018,-0.0015,0.0012,-0.0008,-0.0012,-0.0022,-0.001,-0.0034,-0.0011,0.0046,0.0013,0.0012,-0.0022,-1e-04
2016-06-16,12.5945,40.4812,SO,,0.0427,0.0437,0.0425,0.039,0.0375,0.0369,0.0218,0.0167,0.014,0.0051,0.0006,-0.0063,-0.0071,-0.01,-0.0079,-0.0093,-0.013,-0.013,-0.0076,-0.0073,-0.003,0.0027,0.0058,0.0097,0.0084,0.0035,0.0016,-0.0005,-0.0014
2016-07-02,12.5945,40.4818,E,0.0732,0.0673,0.0465,0.0318,0.0298,0.0315,0.0271,0.014,0.0166,0.0195,0.0263,0.0231,0.0181,0.0089,0.0049,-0.0074,-0.0215,-0.032,-0.0249,-0.0227,-0.0209,-0.0132,-0.0028,0.0026,0.0059,0.0106,0.0167,0.0208,0.0326,0.0386
2016-07-02,12.5945,40.4818,N,,0.0004,-0.0207,0.0086,0.0245,0.0068,-0.0126,-0.006,0.0031,0.0188,0.0129,0.0146,0.0043,-0.0028,-0.0006,-0.0039,-0.0086,-0.0109,-0.0088,-0.0059,0.0007,0.0072,0.0157,0.014,0.0107,0.0075,0.001,-0.0041,-0.0107,-0.0081
2016-07-02,12.5945,40.4818,NE,0.1015,0.1043,0.0662,0.0172,0.0374,0.0399,0.0406,0.014,-0.0091,0.0052,0.0051,0.0002,0.0046,-0.0018,-0.021,-0.0236,-0.0177,-0.0025,0.0105,0.0047,0.0205,0.0117,0.0023,0.0038,0.0111,-0.0007,0.013,0.007,0.0098,0.0049
2016-07-02,12.5945,40.4818,NO,0.0218,0.02,-0.0059,-0.0109,0.0191,0.0251,0.0017,-0.0162,-0.0043,-0.0091,-0.0086,-0.0032,-0.0004,0.0056,0.0066,0.0046,0.009,0.0205,0.0166,0.0158,0.0191,0.0153,0.0074,0.0073,0.0034,1e-04,-0.0123,-0.0094,-0.0092,-0.008
2016-07-02,12.5945,40.4818,O,,0.0631,0.0505,0.0475,0.0372,0.0317,0.0264,0.026,0.0251,0.0094,0.0072,0.0052,-0.0017,0.0142,-0.0139,-0.0069,-0.0091,-0.018,-0.0179,-0.0231,-0.025,-0.0237,-0.0213,-0.0185,-0.0057,0.006,0.0144,0.0158,0.0184,0.0245
2016-07-02,12.5945,40.4818,S,,0.1441,0.1338,0.1217,0.1055,0.0894,0.0779,0.0758,0.0761,0.0699,0.0615,0.0379,0.027,0.0133,0.002,-0.0146,-0.0236,-0.0309,-0.0335,-0.0339,-0.0302,-0.0258,-0.0204,-0.0191,-0.0098,0.0025,0.0162,0.0177,0.0138,0.014
2016-07-02,12.5945,40.4818,SE,,0.0765,0.0609,0.0512,0.0444,0.0388,0.0271,0.0127,0.0037,0.0076,-0.0033,0.0013,-0.0017,0.0028,-0.001,0.0016,-0.0014,0.0011,0.0032,0.0006,-0.003,-0.0083,1e-04,0.0101,0.002,-0.0064,0.018,0.0136,0.0023,0.0003
2016-07-02,12.5945,40.4818,SO,,0.1123,0.1058,0.0975,0.0924,0.0756,0.067,0.0637,0.0477,0.0286,0.0166,0.0185,0.001,0.0007,-0.0218,-0.0383,-0.038,-0.0364,-0.0251,-0.0218,-0.0159,-0.0106,0.0036,0.0109,0.0072,0.018,0.015,0.0052,-0.0029,-0.0185
2016-07-18,12.5948,40.4815,E,0.0687,0.0583,0.0413,0.0326,0.0283,0.0269,0.0233,0.0238,0.0238,0.0306,0.0256,0.0132,0.0052,0.0014,-0.0033,-0.0123,-0.018,-0.0199,-0.0172,-0.015,-0.0109,-0.0073,-0.0054,-0.0044,-0.0017,0.0043,0.0108,0.0168,0.024,0.0307
2016-07-18,12.5948,40.4815,N,,0.0474,0.0313,0.0115,0.0106,0.0175,0.0079,0.0108,-0.0037,0.0076,0.0059,0.0108,0.0018,0.0023,0.0017,-0.0046,-0.0042,-0.0107,-0.0076,-0.0083,-0.0048,1e-04,0.0024,0.0079,0.0091,0.0072,0.0031,-1e-04,-0.0082,-0.0053
2016-07-18,12.5948,40.4815,NE,0.0976,0.0874,0.0705,0.0545,0.0407,0.034,0.0169,0.0093,0.0101,-0.0005,0.0012,0.0016,-0.0009,-0.0076,-0.0143,-0.014,-0.0127,-0.0013,0.0036,0.0016,0.0077,0.0063,0.0069,0.0083,0.0092,0.0054,0.0056,0.0054,0.0044,0.0138
2016-07-18,12.5948,40.4815,NO,0.0196,0.0165,0.0104,0.0037,-0.0083,-0.0096,-0.0079,-0.0019,-0.0048,-0.0014,0.0045,0.0043,0.0013,0.0012,0.0006,0.004,0.0031,0.0038,0.0091,0.0073,0.0074,0.0124,0.0125,0.0123,0.0088,0.0076,1e-04,-0.0054,-0.0047,-0.0109
2016-07-18,12.5948,40.4815,O,,0.0348,0.0317,0.02,0.022,0.0196,0.0255,0.0106,0.002,0.0037,0.0045,-0.0008,0.0039,0.0151,0.0124,-0.0033,-0.0037,-0.0043,-0.0147,-0.0132,-0.0158,-0.016,-0.0197,-0.0116,-0.0087,0.0049,0.0048,0.0119,0.0125,0.0157
2016-07-18,12.5948,40.4815,S,,0.1019,0.0918,0.0816,0.0731,0.0659,0.0712,0.0612,0.0514,0.0457,0.0363,0.0211,0.014,0.0042,-0.001,-0.0069,-0.0219,-0.0185,-0.0247,-0.0236,-0.0211,-0.0159,-0.0144,-0.0077,0.0035,0.0096,0.0088,0.0061,0.0056,0.0104
2016-07-18,12.5948,40.4815,SE,,0.0592,0.0466,0.047,0.0386,0.0249,0.0212,0.0155,0.0143,0.0038,0.0022,0.0015,-1e-04,-0.0027,-0.0022,0.0013,-0.0009,0.0012,-0.0041,-0.0052,-0.0018,0.0052,0.0057,-1e-04,0.004,0.0048,0.0033,-0.0062,-0.0032,-0.0004
2016-07-18,12.5948,40.4815,SO,,0.0835,0.0756,0.0667,0.0623,0.0569,0.0525,0.0468,0.0438,0.0283,0.0146,0.012,0.0036,-0.0071,-0.0135,-0.0294,-0.029,-0.0239,-0.0295,-0.0245,-0.018,-0.0111,0.0013,0.0082,0.0035,0.0159,0.0223,0.0165,0.0097,-0.0043
2016-08-19,12.5942,40.4843,E,,0.0391,0.0351,0.0269,0.0212,0.0118,-0.0004,-0.0005,-0.0009,-0.0056,-0.0073,-0.0067,-0.0077,-0.0073,-0.0065,-0.012,-0.0072,-0.0027,-0.0033,-0.0083,-0.0034,-0.0009,-0.0029,0.0009,0.0054,0.0116,0.0132,0.0109,0.0096,0.012
2016-08-19,12.5942,40.4843,N,,0.056,0.0476,0.0372,0.0239,0.0163,0.0139,0.0078,0.0058,0.0048,-0.0011,-0.0028,0.0014,0.0033,0.002,0.0007,-0.0019,-0.0062,-0.0117,-0.0084,-0.0099,-0.0098,-0.0119,-0.0027,-1e-04,0.0067,0.0106,0.0106,0.0092,0.009
2016-08-19,12.5942,40.4843,NE,0.0142,0.0095,0.0063,0.005,-0.0027,-0.0085,-0.0051,-0.0088,-0.0181,-0.0061,-0.0039,0.0023,0.0064,0.0078,0.0095,0.004,0.0037,0.0025,0.0005,0.0026,-0.0014,-0.0002,0.0021,-0.0041,-0.0059,-0.0041,-0.002,0.0008,0.0002,0.0011
2016-08-19,12.5942,40.4843,NO,0.0057,0.0046,0.0046,0.0047,0.0054,0.006,0.0077,0.0116,0.0139,0.0108,0.0098,0.0048,0.0024,-0.002,-0.0043,-0.0143,-0.0126,-0.0165,-0.0177,-0.0147,-0.0119,-0.009,-0.0046,-0.0017,0.0008,0.0025,0.0051,0.0082,0.0095,0.0153
2016-08-19,12.5942,40.4843,O,,0.0242,0.0234,0.0232,0.0269,0.0279,0.0285,0.0279,0.0307,0.0295,0.0296,0.0279,0.0268,0.0244,0.021,0.0124,0.0,-0.0047,-0.0112,-0.0177,-0.0133,-0.0178,-0.016,-0.0152,-0.01,-0.0096,0.0046,0.004,0.0053,0.0131
2016-08-19,12.5942,40.4843,S,,0.0236,0.0209,0.0369,0.0686,0.0539,0.0192,0.0104,0.0164,0.0144,0.0154,0.017,0.0185,0.0168,0.0108,0.0108,0.0176,0.0084,0.0005,-0.0078,-0.0096,-0.0077,-0.0149,-0.0213,-0.0138,-0.0183,-0.0147,-0.0028,0.0071,0.0031
2016-08-19,12.5942,40.4843,SE,0.0449,0.0398,0.0401,0.037,0.0532,0.0579,0.037,-0.0023,-0.0002,0.0049,0.0103,0.0137,0.0157,0.0155,0.015,0.0082,0.0042,0.0047,-0.0057,0.0004,-0.0043,-0.0108,-0.0098,-0.0104,-0.0101,-0.0067,-0.0107,0.0003,0.0038,0.0085
2016-08-19,12.5942,40.4843,SO,0.0378,0.0304,0.0239,0.0244,0.018,0.0258,0.0317,0.0178,0.0164,0.0142,0.0095,0.0083,0.0071,0.0009,-0.0024,-0.0079,-0.0032,-0.0008,-0.0097,-0.0057,-0.0096,-0.0131,-0.0106,-0.0064,-0.0031,-0.0016,-0.0012,0.0031,0.0029,0.0122
2016-09-04,12.5945,40.4812,E,0.0415,0.0349,0.0294,0.019,0.0078,-0.0026,-0.0021,0.0004,0.0021,-0.0019,0.0149,0.0136,0.0131,0.0047,-0.0063,-0.0106,-0.0154,-0.0142,-0.0149,-0.0147,-0.0087,-0.0024,0.0057,0.0064,0.008,0.0111,0.0087,0.0206,0.0322,0.0367
2016-09-04,12.5945,40.4812,N,,0.0226,0.0108,0.004,-0.0106,-0.0117,-0.0112,-0.0009,0.0009,0.0175,0.0091,0.0094,0.0063,0.0012,0.0008,-0.0038,-0.006,-0.0054,-0.0033,-0.0002,0.0009,0.0014,0.0029,0.0074,0.0102,0.0094,0.0075,0.004,0.0011,-0.0033
2016-09-04,12.5945,40.4812,NE,,0.0612,0.0525,0.0318,0.0201,0.0062,-0.0045,1e-04,0.0024,0.0043,-0.0106,-0.0003,0.0034,-0.0024,-0.0092,-0.0131,-0.0173,-0.0073,-0.0056,0.0052,0.0045,0.0071,0.0107,0.013,0.0121,0.0088,0.0126,0.0063,0.0107,0.0102
2016-09-04,12.5945,40.4812,NO,0.0037,0.0045,-0.0023,-0.0035,-0.0101,-0.0234,-0.0235,-0.0181,-0.011,-0.0045,-0.0013,0.0011,0.0017,0.0041,0.0037,0.0003,0.005,0.0072,0.0086,0.0125,0.0145,0.0159,0.0046,0.0072,-0.007,-0.0091,-0.0099,-0.0093,-0.0056,-0.0011
2016-09-04,12.5945,40.4812,O,,0.0284,0.0196,0.0134,0.0095,0.0105,-0.0018,0.0007,-0.0068,-0.0004,0.0028,0.0067,0.0047,0.0329,0.0059,-0.0014,-0.0102,-0.0074,-0.0197,-0.0209,-0.0219,-0.0246,-0.0183,-0.0173,-0.0149,-0.0071,0.0065,0.0041,0.0151,0.0216
2016-09-04,12.5945,40.4812,S,,0.0956,0.0834,0.0754,0.0695,0.0727,0.0653,0.047,0.0425,0.0381,0.0316,0.0188,0.002,-0.0036,-1e-04,-0.0102,-0.0087,-0.0091,-0.0269,-0.025,-0.019,-0.0141,-0.0103,0.008,0.0117,0.0087,0.0048,0.0039,0.0039,0.0044
2016-09-04,12.5945,40.4812,SE,,0.0484,0.0364,0.0358,0.0292,0.0204,0.0131,0.008,0.0054,0.0056,0.0082,0.0053,-0.0019,0.0031,-0.0046,0.001,-0.0011,-0.0053,-0.0094,-0.0149,-0.0098,-0.009,-0.0097,-0.0161,-0.0122,0.0035,0.0069,0.0031,0.0033,0.0054
2016-09-04,12.5945,40.4812,SO,,0.0692,0.0707,0.0731,0.0696,0.075,0.0781,0.0393,0.0263,0.0254,0.0136,0.0087,-0.0114,-0.0165,-0.0188,-0.0104,-0.0186,-0.0181,-0.0191,-0.0042,-0.0024,0.0024,0.0079,0.0101,0.0109,0.0112,0.0018,-0.0078,0.0003,0.0063
2016-10-06,12.5945,40.4815,E,0.0692,0.0655,0.0497,0.0321,0.0218,0.0108,0.0021,0.0117,0.0197,0.0231,0.0236,0.0208,0.0152,0.0044,-0.002,-0.0114,-0.0183,-0.0219,-0.0259,-0.0251,-0.0199,-0.0042,0.0029,0.0072,0.0094,0.0129,0.0216,0.0261,0.0386,0.0402
2016-10-06,12.5945,40.4815,N,,0.0285,-0.0008,-0.0324,-0.0507,-0.0331,-0.0173,-0.0018,-0.008,0.0088,0.0072,0.0194,0.0025,0.0012,-0.0102,-0.0205,-0.0133,-0.0088,-0.0063,-0.0011,0.0007,0.0046,0.0097,0.013,0.015,0.0151,0.012,0.0074,-0.006,-0.0104
2016-10-06,12.5945,40.4815,NE,,0.0828,0.0576,0.0326,0.0122,-0.0132,0.0265,-0.0312,0.0155,-0.0004,-0.0037,-0.0055,-0.0088,-0.0168,-0.0181,-0.0158,-0.0147,-0.0068,0.0024,0.0022,0.0085,0.0112,0.0217,0.0234,0.017,0.0068,0.011,0.0012,0.0016,0.0018
2016-10-06,12.5945,40.4815,NO,-0.0124,-0.0053,-0.0008,-0.0206,-0.0427,-0.0461,-0.035,-0.0055,-0.016,-0.0156,-0.0091,-0.0022,0.0022,0.0051,0.0059,0.0169,0.0117,0.0122,0.0196,0.017,0.023,0.0258,0.0112,0.0069,0.0058,-0.0007,-0.0075,-0.0107,-0.009,-0.0066
2016-10-06,12.5945,40.4815,O,,0.0556,0.0625,0.0477,0.043,0.025,0.0085,0.0002,-0.0062,-0.0103,0.0029,-0.0022,0.0069,0.0262,0.0086,0.0,-0.0103,-0.0039,-0.0198,-0.0209,-0.0157,-0.0173,-0.0134,-0.0107,-0.0102,-0.0021,0.005,0.0077,0.0179,0.027
2016-10-06,12.5945,40.4815,S,,0.1265,0.1113,0.094,0.0804,0.0746,0.091,0.0786,0.0576,0.0394,0.0281,0.0237,0.0138,0.0011,-0.0043,-0.004,-0.0231,-0.0165,-0.0317,-0.0325,-0.0297,-0.0237,-0.0225,-0.0146,0.0021,0.0081,0.0085,0.0059,0.0055,0.0054
2016-10-06,12.5945,40.4815,SE,,0.1018,0.0806,0.0651,0.0529,0.035,0.0186,0.0103,0.0063,0.0006,0.0026,0.0097,1e-04,0.0041,-0.001,-0.0068,-0.0045,-0.0045,0.0072,-0.0065,-0.027,-0.0192,-0.0163,1e-04,-0.0033,-0.0033,0.0078,-0.0005,-0.0074,0.0035
2016-10-06,12.5945,40.4815,SO,,0.0981,0.0952,0.0823,0.0715,0.0645,0.0653,0.048,0.0403,0.0225,0.0163,0.0138,-0.0002,-0.0061,-0.0171,-0.0251,-0.0231,-0.0233,-0.0249,-0.0168,-0.006,0.0081,0.0117,0.0116,0.0099,1e-04,0.0008,0.0033,-0.0035,-0.0066
2016-11-07,12.5915,40.4834,E,0.0755,0.0658,0.0553,0.0521,0.0446,0.0441,0.0389,0.0313,0.0168,0.0138,0.0163,0.0175,0.0133,0.0108,0.0135,0.0074,-0.0014,-0.0023,-0.001,0.0017,-0.0025,0.0024,-0.0014,-0.0004,-0.0008,-0.0104,-0.0172,-0.0187,-0.0178,-0.0194
2016-11-07,12.5915,40.4834,N,0.008,-0.0007,-0.0091,-0.0047,-0.0035,0.0021,0.0046,0.0031,0.0089,0.0112,0.0032,-0.004,-0.0095,-0.0158,-0.0243,-0.0294,-0.0303,-0.0297,-0.0275,-0.0232,-0.0183,-0.0127,-0.0034,0.0054,0.0092,0.0147,0.0173,0.0202,0.0258,0.0276
2016-11-07,12.5915,40.4834,NE,,0.0226,0.0208,0.0158,0.0115,0.008,0.0047,0.0067,0.0051,-0.0003,-0.0038,0.0006,-0.0049,-0.0102,-0.0087,-0.0084,-0.0035,0.0011,0.006,0.0047,0.0085,0.0077,0.0082,0.0109,0.0122,0.0116,0.0,-0.0103,-0.0127,-0.0163
2016-11-07,12.5915,40.4834,NO,,0.0492,0.0573,0.0458,0.0342,0.0296,0.025,0.0252,0.0136,0.0101,0.0076,-0.0008,-0.0034,-0.0095,-0.006,-0.0033,-0.0029,-0.0081,-0.0052,-0.0032,-0.0012,-0.0002,0.006,0.0038,0.0061,1e-04,0.0006,-0.0053,-0.006,-0.0066
2016-11-07,12.5915,40.4834,O,,0.0902,0.0881,0.0771,0.0709,0.0593,0.0248,0.014,-0.0009,-0.0053,-0.0095,-0.0087,-0.0069,-0.006,-0.0007,-0.0015,-0.001,-0.001,0.005,0.0098,0.0131,0.0139,0.0191,0.0162,0.0054,0.0148,0.0117,-0.0016,-0.0155,-0.0244
2016-11-07,12.5915,40.4834,S,,0.065,0.0785,0.0592,0.0283,0.0234,0.0055,0.0121,0.0161,0.0347,0.0395,0.0428,0.043,0.0318,0.0173,0.0023,-0.0156,-0.0179,-0.0111,-0.0005,0.0003,0.001,-0.0063,-0.009,-0.013,-0.0142,-0.0106,-0.012,-0.0049,-0.009
2016-11-07,12.5915,40.4834,SE,,0.0389,0.0633,0.0592,0.0423,0.0005,0.0049,0.0166,0.0283,0.0358,0.0366,0.0279,0.0206,0.0249,0.0238,0.0202,0.0275,0.031,0.0092,-0.009,-0.0108,-0.0131,-0.0213,-0.0267,-0.0349,-0.0221,-0.002,-0.007,-0.0133,-0.0167
2016-11-07,12.5915,40.4834,SO,,0.0169,0.0159,0.0096,0.0034,-0.0086,-0.0136,-0.0305,-0.0506,-0.0487,-0.0513,-0.0526,-0.0455,-0.0439,-0.0403,-0.0372,-0.0338,-0.0237,-0.0144,-0.0079,0.0113,0.0338,0.0452,0.0384,0.0453,0.0281,0.0253,0.008,0.0258,0.0213
2016-11-23,12.5913,40.4831,E,0.0821,0.0753,0.068,0.0615,0.0634,0.0574,0.0448,0.04,0.0283,0.0179,0.0195,0.0196,0.0205,0.0175,0.0148,0.0144,0.0084,0.0025,-0.0025,-0.0074,-0.004,-0.001,-0.0057,-0.0012,-0.003,-0.0109,-0.0146,-0.0159,-0.0208,-0.0192
2016-11-23,12.5913,40.4831,N,0.0174,0.0184,0.0128,0.0147,0.0073,0.0054,0.0077,0.0091,0.0063,0.0122,0.0158,0.0147,0.0068,-0.0014,-0.0115,-0.0173,-0.0203,-0.0241,-0.0245,-0.019,-0.0129,-0.0102,-0.0053,-0.002,0.0031,0.0057,0.01,0.0111,0.0143,0.0168
2016-11-23,12.5913,40.4831,NE,,0.0355,0.0301,0.0291,0.0261,0.0219,0.0179,0.0168,0.0168,0.0144,0.0099,0.0041,0.0043,-0.0022,-0.007,-0.0089,-0.0071,-0.0051,0.0025,0.0029,0.0057,0.006,0.0064,0.0082,0.005,0.0018,0.0065,0.0011,-0.0072,-0.0132
2016-11-23,12.5913,40.4831,NO,,0.042,0.0583,0.0454,0.0371,0.031,0.0193,0.0248,0.0181,0.0089,0.0062,-0.0041,-0.0032,-0.0047,-0.009,0.0007,-0.0031,-0.004,-0.0039,-0.0024,-0.0019,-0.0003,0.0064,0.0089,0.0075,0.0036,-0.003,-0.0048,-0.0052,-0.0052
2016-11-23,12.5913,40.4831,O,,0.0619,0.0576,0.055,0.0449,0.0214,0.006,0.0,-0.0059,-0.0048,-0.0046,-0.0079,-0.0068,-0.0005,-0.0019,0.0014,-0.0014,0.0048,0.0101,0.0124,0.0153,0.0146,0.0159,0.0104,0.0079,-0.0,-0.0066,-0.0141,-0.0148,-0.0179
2016-11-23,12.5913,40.4831,S,,0.0569,0.0492,0.0168,0.0072,-0.0013,-0.0019,0.0129,0.0368,0.0429,0.0557,0.0406,0.0294,0.0151,0.0091,0.0024,-0.0123,-0.0036,0.0019,0.0105,0.0082,0.005,-0.007,-0.0132,-0.02,-0.0163,-0.0184,-0.0175,-0.0249,-0.0114
2016-11-23,12.5913,40.4831,SE,,0.0573,0.069,0.0543,0.0194,-0.0036,0.0048,0.014,0.0182,0.018,0.022,0.0243,0.0234,0.0251,0.0228,0.0178,0.0199,0.0309,0.0192,-0.0023,-0.0119,-0.0123,-0.0242,-0.0272,-0.0311,-0.0201,-0.0033,-0.0037,-0.0058,-0.0143
2016-11-23,12.5913,40.4831,SO,,0.0239,0.0215,0.0088,-0.0005,-0.0142,-0.0193,-0.0306,-0.0474,-0.0428,-0.0405,-0.042,-0.0367,-0.0349,-0.0321,-0.0295,-0.024,-0.0091,0.019,-0.003,0.0411,0.0465,0.0392,0.0209,0.0229,0.012,0.0107,0.0071,0.0126,0.0108
2016-12-09,12.5913,40.4837,E,,0.0799,0.0752,0.0641,0.0548,0.0547,0.048,0.0456,0.0371,0.0337,0.0359,0.0258,0.0149,0.0064,0.0057,0.0027,0.0017,-0.0031,-0.0088,-0.006,-0.0085,-0.0088,-0.0059,-0.0072,-0.0097,-0.0124,-0.0162,-0.0187,-0.0189,-0.0139
2016-12-09,12.5913,40.4837,N,0.0451,0.0398,0.0291,0.0235,0.0201,0.0237,0.0208,0.0183,0.0208,0.021,0.0113,0.0027,-0.0082,-0.0122,-0.018,-0.0211,-0.0209,-0.0201,-0.015,-0.0138,-0.0079,-0.0027,-0.003,0.0016,0.0021,0.0054,0.0091,0.0115,0.0145,0.0149
2016-12-09,12.5913,40.4837,NE,,0.0497,0.0417,0.0355,0.0366,0.0287,0.026,0.025,0.0205,0.015,0.0094,0.0076,0.0022,-0.0018,-0.0023,0.0009,0.0016,0.0093,0.011,0.0095,0.0064,0.0042,0.006,0.0041,0.0048,0.0029,-0.0056,-0.0156,-0.0179,-0.0214
2016-12-09,12.5913,40.4837,NO,,0.0564,0.0335,0.0286,0.0227,0.021,0.0181,0.0098,0.0057,0.0093,0.0069,-0.0014,-0.0031,-0.0008,-0.0019,-0.0063,-0.0073,-0.0048,-0.0012,-0.0017,0.0009,0.0038,0.0132,0.0012,-0.0009,-0.005,-0.0065,-0.008,-0.0061,-0.0063
2016-12-09,12.5913,40.4837,O,,0.073,0.0667,0.0519,0.0424,0.0259,0.0115,0.0009,-0.0043,-0.0058,-0.0053,-0.0072,-0.0053,-0.0002,-0.0008,-0.0003,0.0032,0.0047,0.006,0.0097,0.0143,0.0135,0.0108,0.0132,0.0095,0.0094,-0.0055,-0.0049,-0.0134,-0.0151
2016-12-09,12.5913,40.4837,S,,0.0491,0.052,0.0649,0.0681,0.032,0.0134,0.0109,0.0037,0.011,0.0298,0.0325,0.0362,0.032,0.01,0.0054,-0.0002,-0.0076,-0.0077,-0.0064,0.0021,0.0077,0.0064,-0.0015,-0.0121,-0.011,-0.0132,-0.0177,-0.0157,-0.015
2016-12-09,12.5913,40.4837,SE,0.0234,0.0205,0.0256,0.0354,0.0723,0.0618,0.0215,-0.0036,0.0011,0.012,0.0126,0.0239,0.0321,0.0187,0.0215,0.0177,0.0071,0.0121,0.0192,0.0104,-0.0039,-0.0126,-0.0105,-0.0163,-0.0218,-0.0197,-0.018,-0.0073,-0.0017,-0.0091
2016-12-09,12.5913,40.4837,SO,,0.0195,0.017,0.0116,0.0254,0.0141,-0.0007,-0.0214,-0.0258,-0.0286,-0.0312,-0.0271,-0.032,-0.0268,-0.0251,-0.0303,-0.0254,-0.022,-0.0119,-0.01,0.0071,0.0128,0.0277,0.0229,0.0342,0.0157,0.0237,0.0119,0.0125,0.0236
2016-12-25,12.5913,40.4801,E,0.0523,0.0302,0.0219,0.02,0.0304,0.0321,0.0107,-0.0024,0.0028,0.017,0.0189,0.0121,0.0158,0.0169,0.0291,0.0107,-0.0054,-0.0132,-0.0144,-0.0129,-0.0076,-0.0051,0.0062,-0.0027,-0.0077,-0.0052,-0.0036,-0.0062,-0.006,-0.0055
2016-12-25,12.5913,40.4801,N,,0.0052,-0.0085,-0.0314,-0.0378,-0.0416,-0.0333,-0.0154,0.0111,0.0026,-0.005,-0.0042,0.0023,0.0125,0.0116,0.0045,-0.0023,0.0012,0.007,0.0049,0.0044,0.0105,0.0088,0.007,-0.0027,-0.0028,-0.0038,-0.0094,-0.0087,-0.007
2016-12-25,12.5913,40.4801,NE,,0.0211,0.0121,0.0113,0.0101,0.013,0.0145,0.0212,0.02,0.034,0.0302,0.0412,0.0417,0.0248,0.0111,0.0083,0.0127,0.0108,0.0167,0.0075,0.0076,0.0118,-0.0086,-0.0151,-0.0282,-0.0289,-0.0195,-0.0083,-0.0217,-0.0134
2016-12-25,12.5913,40.4801,NO,,0.0703,0.0497,0.0209,0.0135,0.0225,0.0036,-0.0097,0.0019,-0.0044,-0.0006,-0.0007,-0.0061,-0.0037,-0.0101,-0.0051,-0.0065,0.0004,0.0018,0.0033,0.0007,-0.0029,0.0023,0.002,-0.0016,0.0037,0.0039,0.0049,0.0032,-0.0019
2016-12-25,12.5913,40.4801,O,,0.054,0.0309,0.01,-0.0072,-0.0114,-0.0087,-0.007,-0.0069,-0.0045,-0.0046,-0.0074,-0.0157,-0.0222,-0.0179,-0.0119,-0.0051,-0.0106,-0.0111,-0.0062,-0.0056,-0.0094,-0.0081,-0.0009,-0.007,-0.0055,-0.0023,-0.0033,-0.0069,-0.0069
2016-12-25,12.5913,40.4801,S,,0.0683,0.0467,0.0212,0.0165,0.0113,0.0057,0.0019,0.0071,0.0204,0.0194,0.0182,0.0056,0.0096,0.0214,0.0035,-0.002,-0.0119,-0.014,0.0064,0.02,0.0089,0.0128,0.0004,-0.0096,-0.0175,-0.0234,-0.0263,-0.0239,-0.0209
2016-12-25,12.5913,40.4801,SE,,0.0865,0.0608,0.0416,0.0328,0.0322,0.0283,0.0372,0.0308,0.0395,0.038,0.0286,0.0216,0.0127,0.0019,-0.008,-0.0177,-0.0189,-0.0138,-0.0089,-0.0075,-0.0046,-0.0064,-0.0035,-0.0094,-0.0095,-0.004,-0.0062,-0.0058,-0.0101
2016-12-25,12.5913,40.4801,SO,,0.0242,0.0093,-0.0071,-0.0098,-0.0155,-0.0082,0.0065,-0.007,0.0162,0.0207,0.0127,0.0158,0.0066,0.0104,-0.0138,-0.0115,-0.011,-0.0063,-0.01,-0.0118,-0.0091,-0.0035,-0.0051,-0.0048,0.0039,0.0038,0.0051,0.0022,0.0007
2017-01-10,12.5913,40.4834,E,0.0819,0.0798,0.0741,0.0571,0.059,0.0578,0.0497,0.0425,0.0285,0.0118,0.0134,0.0186,0.0189,0.0147,0.0086,0.0063,0.0089,0.0004,-0.003,0.0015,-0.0057,-0.004,-0.0063,-0.001,-0.006,-0.0105,-0.0174,-0.0151,-0.0221,-0.0198
2017-01-10,12.5913,40.4834,N,0.0178,0.0182,0.0118,0.0111,0.0089,0.0103,0.0121,0.0107,0.0102,0.0143,0.0134,0.008,0.0024,-0.0071,-0.0107,-0.014,-0.0183,-0.0209,-0.0188,-0.0148,-0.0111,-0.0088,-0.0032,-0.0011,0.004,0.0049,0.008,0.0098,0.0116,0.012
2017-01-10,12.5913,40.4834,NE,,0.0319,0.0307,0.0284,0.0243,0.0234,0.0216,0.0187,0.0199,0.015,0.0089,0.0012,0.0051,1e-04,-0.0012,-0.0003,0.0021,0.0013,0.005,0.0097,0.0086,0.0101,0.0064,0.0045,0.0035,-0.0006,0.0006,-0.0101,-0.0146,-0.0226
2017-01-10,12.5913,40.4834,NO,,0.0564,0.0522,0.0413,0.0369,0.0293,0.0223,0.0161,0.0086,0.0057,-0.001,-0.0044,-0.006,-0.0071,-0.0038,0.0015,-0.0037,-0.0052,-0.0017,0.0006,0.0015,0.0049,0.0139,0.0082,0.0052,-0.0055,-0.0024,-0.0058,-0.0069,-0.0071
2017-01-10,12.5913,40.4834,O,,0.0568,0.0675,0.0555,0.0403,0.0122,0.0039,-0.0033,-0.0102,-0.01,-0.0096,-0.0047,-0.0032,-0.0,0.0009,0.0025,0.0029,0.0072,0.0112,0.0115,0.0159,0.0158,0.0169,0.0153,0.0047,0.0028,-0.0019,-0.0099,-0.0137,-0.0186
2017-01-10,12.5913,40.4834,S,,0.0519,0.0583,0.0519,0.029,0.0198,0.015,0.0112,0.0073,0.0358,0.0336,0.0336,0.0392,0.0212,0.0097,0.0073,-0.0064,-0.0104,-0.0076,0.0003,0.0022,0.0006,-0.004,-0.0088,-0.0125,-0.0154,-0.019,-0.0147,-0.0097,-0.0185
2017-01-10,12.5913,40.4834,SE,,0.0212,0.0515,0.0469,0.0404,0.0173,-0.0053,0.0045,0.0099,0.0289,0.0185,0.0244,0.0304,0.0261,0.0186,0.02,0.0126,0.0182,0.0262,0.0033,-0.0114,-0.0133,-0.0134,-0.0221,-0.0229,-0.0253,-0.013,0.0017,-0.0075,-0.0077
2017-01-10,12.5913,40.4834,SO,,0.0272,0.0268,0.0196,0.0113,0.0016,-0.0077,-0.0168,-0.0282,-0.0304,-0.0295,-0.0309,-0.0266,-0.0231,-0.0217,-0.0245,-0.0185,-0.0169,0.0029,-0.0022,0.0097,0.0331,0.0319,0.0176,0.0211,0.0004,0.0037,-0.0016,0.0071,0.0113
2017-01-26,12.591,40.4831,E,0.0656,0.0586,0.0523,0.0461,0.0395,0.0387,0.0277,0.0272,0.0226,0.0125,0.0125,0.014,0.019,0.0211,0.0162,0.0094,0.0088,0.0082,0.0022,-0.0033,-0.0079,-0.0072,-0.0049,-0.0059,-0.0066,-0.0088,-0.0121,-0.0131,-0.017,-0.0149
2017-01-26,12.591,40.4831,N,0.009,0.0152,0.0134,0.0117,0.0062,0.0037,0.0045,0.0087,0.0074,0.0076,0.0134,0.0139,0.0097,0.0035,-0.0002,-0.003,-0.0079,-0.0108,-0.011,-0.0094,-0.0076,-0.0062,-0.0051,-0.0034,-0.0016,0.0022,0.0053,0.0058,0.0066,0.0052
2017-01-26,12.591,40.4831,NE,,0.0293,0.024,0.0224,0.0212,0.0191,0.0185,0.0181,0.0177,0.0186,0.0177,0.0153,0.0128,0.0147,0.0105,0.0061,0.0043,0.0019,-0.0002,-0.0018,-0.0034,-0.0017,-0.0006,-0.0039,1e-04,-0.0018,-0.0009,-0.0023,-0.0057,-0.0104
2017-01-26,12.591,40.4831,NO,,0.0264,0.0329,0.0246,0.0219,0.0132,0.0101,0.0092,0.0051,0.0014,-0.0013,-0.0041,0.0012,-0.0021,-0.0016,0.0009,-0.0014,-0.0008,0.0012,0.0006,0.0003,0.0045,0.0045,0.0058,0.0021,-0.0035,-0.0022,-0.005,-0.0068,-0.0041
2017-01-26,12.591,40.4831,O,,0.0333,0.0389,0.0287,0.0144,0.0074,0.0028,0.0006,-0.002,-0.001,-0.0022,-0.0067,0.0002,-0.0015,0.0002,0.0004,0.003,0.0062,0.0069,0.0074,0.0121,0.0114,0.0067,0.0082,0.0034,0.0018,-0.0024,-0.0034,-0.0065,-0.0076
2017-01-26,12.591,40.4831,S,,0.0417,0.0405,0.02,0.0093,0.0029,0.0032,0.0031,0.0147,0.0227,0.0251,0.0219,0.0071,0.0035,0.0063,0.0009,-0.0052,0.002,0.0055,0.0093,0.0108,0.0108,0.0051,-0.0027,-0.0077,-0.0143,-0.0116,-0.0133,-0.0219,-0.0199
2017-01-26,12.591,40.4831,SE,,0.0333,0.0371,0.0343,0.0063,-0.0026,-0.0091,-0.0043,0.0048,0.0063,0.0115,0.0166,0.0246,0.0164,0.0124,0.0095,0.0017,0.0098,0.0139,0.0037,-0.0068,-0.0078,-0.0129,-0.0148,-0.0146,-0.0148,-0.0087,-0.0003,-0.0003,-0.0043
2017-01-26,12.591,40.4831,SO,,0.0199,0.0183,0.0126,0.0025,-0.0073,-0.0161,-0.0159,-0.0294,-0.0181,-0.0169,-0.0153,-0.0149,-0.0125,-0.0115,-0.009,-0.0052,-0.0014,0.0139,0.0049,0.0227,0.0216,0.0118,0.0013,-0.0008,-0.0047,-0.0006,0.004,0.0051,0.003
2017-02-11,12.5948,40.4815,E,0.0731,0.0589,0.0513,0.0446,0.0298,0.022,0.0209,0.031,0.0284,0.0245,0.0234,0.0193,0.0086,0.0044,-0.0025,-0.0107,-0.0123,-0.0164,-0.023,-0.0166,-0.0109,-0.009,-0.0072,-0.006,0.0004,0.0057,0.0017,0.0075,0.0111,0.0223
2017-02-11,12.5948,40.4815,N,,0.0197,-0.0133,-0.0226,-0.014,-0.0034,-0.0074,-0.0081,-0.0137,0.006,0.0115,0.0124,-0.0034,-0.0073,-0.0025,-0.0048,-0.0005,-0.0003,-0.0,0.0025,0.0061,0.0085,0.0088,0.0088,0.0082,0.0069,0.0027,-0.003,-0.0073,-0.0111
2017-02-11,12.5948,40.4815,NE,0.0741,0.0723,0.05,0.0197,0.005,-0.0145,0.0198,-0.0005,0.0132,-0.0074,-0.0088,-0.0007,-0.011,-0.0128,-0.012,-0.0094,-0.0151,-0.005,0.0039,0.0038,0.0146,0.0128,0.0193,0.0169,0.0075,0.005,0.0047,0.0017,0.0008,-0.0018
2017-02-11,12.5948,40.4815,NO,0.0075,0.0078,-0.0049,-0.0204,-0.028,-0.0232,-0.0195,-0.0073,-0.0113,-0.0179,-0.0078,-0.0046,0.0014,0.002,0.002,0.0065,0.0088,0.0102,0.0106,0.0108,0.0132,0.0144,0.0102,0.0097,0.0058,0.0038,-0.004,-0.0101,-0.0098,-0.0108
2017-02-11,12.5948,40.4815,O,,0.0286,0.0345,0.0323,0.0222,0.017,0.0092,0.0002,-0.0036,-0.0109,-0.016,-0.0105,-0.0018,0.0113,0.0109,0.0102,-0.0012,0.0031,-0.0073,-0.0129,-0.012,-0.0157,-0.019,-0.0125,-0.0107,-0.0065,-0.002,0.003,0.0085,0.0159
2017-02-11,12.5948,40.4815,S,,0.1148,0.0997,0.0865,0.0782,0.0662,0.0649,0.059,0.0543,0.0445,0.035,0.027,0.0166,-0.0016,-0.0168,-0.0234,-0.0247,-0.0219,-0.0219,-0.0249,-0.0218,-0.0158,-0.0163,-0.0103,-0.0028,-0.0003,0.0046,0.0022,0.0026,0.0083
2017-02-11,12.5948,40.4815,SE,,0.0806,0.0663,0.067,0.0491,0.0351,0.0211,0.0198,0.0085,0.0038,0.0033,0.0077,0.0112,0.0112,0.0046,0.0005,0.0016,-0.0025,-0.0051,-0.0136,-0.0182,-0.0007,-0.0099,-0.0125,-0.0099,-0.0033,0.0047,-0.0074,-0.0081,0.0002
2017-02-11,12.5948,40.4815,SO,,0.073,0.0722,0.0644,0.0652,0.0519,0.0498,0.047,0.0438,0.0317,0.0203,0.0072,0.0035,-0.001,-0.008,-0.018,-0.0207,-0.0176,-0.0257,-0.0215,-0.0177,-0.0088,0.0003,0.0062,0.0071,0.0064,0.0065,0.0026,0.0052,0.0073
2017-03-15,12.5948,40.4815,E,0.0714,0.0599,0.0448,0.0368,0.0223,0.0204,0.0178,0.0209,0.0166,0.02,0.0183,0.0115,0.0006,-0.0035,-0.0105,-0.0228,-0.0192,-0.0238,-0.0271,-0.0179,-0.0085,-0.0034,-0.0003,0.0015,0.0059,0.0067,0.0147,0.025,0.0235,0.0289
2017-03-15,12.5948,40.4815,N,,0.0249,0.0079,-0.0006,-0.012,-0.018,-0.0225,1e-04,0.0003,0.0123,0.0079,0.0116,-0.0062,-0.0088,-0.0072,-0.0113,-0.0054,-0.0059,-0.0052,-0.0026,-0.0049,-0.0016,0.0032,0.0075,0.0108,0.0116,0.0108,0.0029,-0.0014,-0.0047
2017-03-15,12.5948,40.4815,NE,0.0722,0.0702,0.0426,0.0163,0.0067,-0.0095,0.0056,-0.0178,-0.0067,-0.007,-0.008,0.0113,0.0026,-0.0161,-0.0155,-0.0066,-0.0136,0.0019,0.008,0.0069,0.0174,0.0114,0.0149,0.0141,0.0091,0.0062,0.0087,0.0056,0.0057,0.0042
2017-03-15,12.5948,40.4815,NO,0.0043,0.0024,0.0076,0.0125,-0.0012,-0.0151,-0.0173,-0.0144,-0.0075,-0.0017,-0.001,0.0013,0.008,0.0073,0.0058,0.0123,0.0112,0.0096,0.0126,0.0132,0.014,0.0143,0.0117,0.0122,0.0089,0.0081,-0.0007,-0.0054,-0.0051,-0.0068
2017-03-15,12.5948,40.4815,O,,0.0313,0.0399,0.0397,0.0353,0.0219,0.0281,0.0074,-0.0038,0.0038,-0.0062,-0.0078,0.0006,0.0126,0.018,0.0112,0.001,-0.0044,-0.0119,-0.0212,-0.0175,-0.0176,-0.0199,-0.0148,-0.0096,-0.0068,-0.0025,0.0048,0.0106,0.018
2017-03-15,12.5948,40.4815,S,,0.1207,0.109,0.0989,0.0922,0.0856,0.0898,0.0735,0.0632,0.056,0.0482,0.0353,0.0159,-0.0015,-0.0118,-0.0236,-0.0315,-0.0285,-0.0265,-0.0277,-0.0263,-0.021,-0.0195,-0.0084,0.0071,0.0055,0.0106,0.0066,0.0059,0.0064
2017-03-15,12.5948,40.4815,SE,,0.0848,0.0749,0.0764,0.059,0.0427,0.0306,0.0182,0.0125,-0.0005,-0.0017,0.0026,0.0071,0.0037,0.0035,0.0022,0.0015,-0.0019,-0.0051,-0.0211,-0.0239,-0.0015,-0.0096,-0.0084,-0.0096,-0.0052,0.0042,-0.0056,-0.0071,-0.004
2017-03-15,12.5948,40.4815,SO,,0.0874,0.0855,0.0808,0.0848,0.0821,0.0805,0.0669,0.0574,0.0283,0.0159,0.0158,0.0016,-0.0061,-0.0138,-0.0285,-0.0261,-0.0247,-0.0304,-0.0283,-0.0239,-0.0073,0.0063,0.0122,0.0103,0.0203,0.0179,0.0119,0.0103,0.0086
2017-03-31,12.5937,40.4848,E,,0.0737,0.069,0.0614,0.048,0.034,0.0187,0.0135,0.0015,-0.0061,-0.0025,0.0003,1e-04,0.0008,-0.0017,-0.0041,-0.0065,-0.0065,-0.0074,-0.0036,-0.002,-0.0006,-0.0026,-0.0021,0.0042,0.0108,0.0154,0.0138,0.0105,0.0095
2017-03-31,12.5937,40.4848,N,,0.0323,0.028,0.025,0.0176,0.0064,0.0008,0.0031,0.0003,0.0005,0.0039,0.0075,0.0109,0.0119,0.014,0.0091,0.0029,-0.0007,-0.0068,-0.0077,-0.0104,-0.0067,-0.0073,-0.0061,-0.0054,-0.0006,0.004,0.0073,0.0159,0.017
2017-03-31,12.5937,40.4848,NE,0.058,0.0514,0.0474,0.0282,0.0154,0.0047,0.0065,0.0029,0.004,0.0051,0.0094,0.0113,0.0097,0.0133,0.0116,0.0115,0.0072,-0.0005,-0.0036,-0.0077,-0.0158,-0.015,-0.0139,-0.0132,-0.0098,-0.0056,-0.0013,0.001,0.0016,0.0031
2017-03-31,12.5937,40.4848,NO,-0.0111,-0.0088,-0.0054,-0.0047,-0.0019,-0.001,0.0019,0.0018,0.0074,0.0122,0.0119,0.0044,0.0031,-0.0016,-0.0032,-0.0082,-0.0064,-0.0085,-0.0116,-0.0084,-0.004,0.0007,0.001,-0.0008,0.0008,0.0039,0.006,0.0043,0.0027,0.0004
2017-03-31,12.5937,40.4848,O,,0.018,0.0146,0.012,0.0133,0.015,0.0174,0.0194,0.0253,0.0238,0.0254,0.0279,0.0293,0.0218,0.0075,-0.0002,-0.0065,-0.0099,-0.0093,-0.0144,-0.0106,-0.0091,-0.009,-0.0107,-0.0055,1e-04,-0.0061,-0.0015,0.0013,0.0059
2017-03-31,12.5937,40.4848,S,,0.0378,0.0296,0.0265,0.021,0.033,0.0718,0.0486,0.0105,0.0165,0.0285,0.0297,0.0229,0.0255,0.0201,0.011,0.006,0.0091,0.0143,-0.0002,-0.0103,-0.0197,-0.0243,-0.0183,-0.0166,-0.0214,-0.0237,-0.0084,-0.0063,-0.0006
2017-03-31,12.5937,40.4848,SE,0.0657,0.0569,0.0487,0.0418,0.034,0.0246,0.0204,0.0094,0.0122,0.0038,-0.0028,-0.0116,0.0015,0.0066,0.0089,0.0079,0.0104,0.0096,-1e-04,-0.0039,-0.0075,-0.0052,-0.0027,-0.0021,-0.0055,-0.0047,-0.0078,-0.0038,0.0008,0.0006
2017-03-31,12.5937,40.4848,SO,0.0383,0.0263,0.0217,0.0277,0.0157,0.0173,0.0136,0.0313,0.0399,0.0269,0.0199,0.023,0.0378,0.0176,-0.0057,-0.01,-0.0058,-0.0088,-0.0098,-0.0058,-0.0101,-0.0132,-0.0211,-0.0175,-0.0125,-0.0082,-0.0012,0.0047,0.0128,0.0278
2017-04-24,12.6,40.4782,E,,-0.0374,-0.0804,-0.0632,-0.0602,-0.0478,,,,,,,-0.0148,-0.0092,-0.0146,-0.0157,-0.0296,-0.0149,-0.0151,-0.0056,0.0083,0.0106,0.0133,0.0077,0.0126,-0.003,0.0071,0.0151,0.0151,0.021
2017-04-24,12.6,40.4782,N,,0.0255,0.0212,0.029,0.0232,0.0191,0.0115,0.0146,0.0151,0.0209,0.0331,0.0454,0.0499,0.0467,0.0302,-0.007,-0.0375,-0.0817,-0.0853,-0.0679,-0.054,-0.0146,0.0139,0.0249,0.0046,0.0066,0.0099,0.0088,-0.005,0.0072
2017-04-24,12.6,40.4782,NE,,0.0037,-0.0148,-0.0108,-0.0113,0.0009,-0.0102,-0.0144,-0.0086,,,,,0.028,0.0361,0.0369,0.0207,0.0178,0.0126,0.006,0.0079,0.007,0.0055,-0.0,-0.0029,-0.003,-0.0043,-0.0064,-0.0065,-0.0059
2017-04-24,12.6,40.4782,NO,,0.054,0.0224,0.0402,0.025,0.0269,0.0372,0.0301,0.031,0.034,0.0232,0.014,0.0111,0.0202,0.0122,0.0091,-0.0111,-0.0106,-0.0019,-0.0032,-0.0066,-0.0063,-0.0063,0.0072,0.0002,-0.0144,-0.0214,-0.0156,-0.0093,0.0055
2017-04-24,12.6,40.4782,O,0.1157,0.0819,0.0357,0.0129,0.0058,0.0235,0.0539,0.0555,0.0288,0.0185,0.0172,0.0097,0.0069,0.0037,-0.0018,-0.0043,-0.0095,-0.0147,-0.0079,-0.0041,-0.0085,-0.0159,0.0097,0.0066,0.0166,,,,-0.0156,-0.0153
2017-04-24,12.6,40.4782,S,,,0.0621,0.0344,0.0255,0.0111,0.0155,0.0326,0.0409,0.0272,0.0022,-0.0191,-0.0341,-0.0178,-0.0175,-0.0203,-0.029,-0.013,0.0061,0.0046,-0.0021,0.0035,0.0054,-0.0047,0.0058,0.0084,0.008,0.0138,0.0093,-0.0043
2017-04-24,12.6,40.4782,SE,,0.0414,0.0217,0.0065,-0.0008,-0.0175,-0.0189,-0.0426,-0.027,-0.0115,-0.0045,-0.013,-0.0441,-0.0601,-0.0034,-0.0109,-0.0105,-0.0054,-0.0058,-0.0044,0.0041,0.011,0.0101,0.0187,0.013,0.0218,0.0067,0.008,0.008,0.0116
2017-04-24,12.6,40.4782,SO,,0.099,0.0928,0.0802,0.0567,0.0863,0.0475,0.0352,0.0387,0.0279,0.0221,0.0259,0.0173,-0.0002,-0.0069,-0.0102,-0.0053,-0.0301,-0.0236,-0.018,-0.0157,-0.0025,0.0037,-0.0036,-0.0077,-0.0158,-0.0132,0.0027,0.0103,0.0081
2017-05-02,12.5929,40.4848,E,,0.0665,0.0577,0.0562,0.0464,0.0356,0.025,0.0205,0.0169,0.0152,0.0096,-0.0037,-0.0135,-0.0067,-0.0005,-0.0033,-0.0032,-0.0028,-0.0044,-0.0045,-0.0047,-0.0009,1e-04,-0.0009,0.0053,0.0009,-0.0015,0.0047,0.0072,0.0093
2017-05-02,12.5929,40.4848,N,,0.0614,0.0538,0.0439,0.0313,0.0204,0.0132,0.0026,-0.0008,0.0005,0.0048,0.001,-0.0107,-0.0087,-0.017,-0.0297,-0.0493,-0.0455,-0.0367,-0.0272,-0.0188,-0.004,-0.0034,0.0064,0.0145,0.0245,0.0255,0.03,0.0392,0.0517
2017-05-02,12.5929,40.4848,NE,0.0381,0.0258,0.0217,0.0086,-0.0039,-0.0128,-0.0203,-0.0204,-0.0153,-0.0084,-0.011,-0.0112,-0.018,-0.018,-0.0292,-0.0224,-0.0203,-0.0181,-0.0259,-0.0217,-0.0099,-0.0053,-0.0014,0.0066,0.005,0.0089,0.0155,0.0223,0.032,0.0355
2017-05-02,12.5929,40.4848,NO,0.0454,0.0428,0.0406,0.0449,0.0415,0.0393,0.0378,0.0384,0.0357,0.0274,0.0208,0.0064,-0.0096,-0.0125,-0.0226,-0.025,-0.0211,-0.0159,-0.0109,-0.0047,-0.0183,-0.0107,-0.002,-0.0021,0.0046,0.0103,0.0054,0.0084,-0.0109,0.0113
2017-05-02,12.5929,40.4848,O,,0.0507,0.0475,0.0503,0.0484,0.0463,0.0448,0.0401,0.0269,0.0159,0.0045,-0.0083,-0.0086,-0.0139,-0.0211,-0.0244,-0.0184,-0.0212,-0.013,-0.0084,0.0,0.0072,0.0119,0.013,0.0143,0.0133,0.0075,0.003,0.0027,0.0008
2017-05-02,12.5929,40.4848,S,,0.1048,0.0912,0.0737,0.0526,0.0295,0.0072,0.0016,-0.0195,-0.0183,-0.0217,-0.0208,-0.0228,0.0029,-0.0145,-0.019,-0.0138,-0.0096,-0.0132,-0.0215,-0.0255,-0.0136,-0.0069,-0.0006,0.0052,0.0095,0.0143,0.0139,0.0099,0.0126
2017-05-02,12.5929,40.4848,SE,0.0987,0.0907,0.0764,0.0629,0.0496,0.0211,0.0009,-0.0097,-0.0184,0.0031,0.0067,0.007,0.003,0.0006,-0.0009,-0.0013,-0.0066,-0.0074,-0.0046,-0.0074,0.0043,-0.0093,0.0058,0.0101,0.0081,0.0035,0.0014,0.0046,-0.0043,-0.0056
2017-05-02,12.5929,40.4848,SO,0.0935,0.0868,0.0781,0.0744,0.0495,0.0396,0.0304,0.0116,-0.0005,0.0023,0.0036,-0.0073,0.0144,0.0021,-0.006,0.0003,-0.0142,-0.0126,-0.0091,-0.011,-0.0115,-0.0141,-0.0135,-0.0093,-0.0086,-0.0076,-0.0076,-0.0072,0.0009,0.0019
2017-06-03,12.5945,40.4854,E,,0.0112,0.0136,0.0171,0.0185,0.0114,0.0042,-1e-04,-0.0008,-0.001,-0.0041,-0.0,0.0006,1e-04,0.0,0.003,0.0033,0.0029,0.0068,0.0038,0.0005,-0.0038,-0.0034,-0.0068,-0.0077,-0.0012,0.0054,0.0057,0.0135,0.0177
2017-06-03,12.5945,40.4854,N,,0.0074,0.0034,-0.0053,-0.0051,-0.0085,-0.014,-0.0143,-0.0102,-0.0048,-0.0024,-0.0029,-0.0032,-0.0038,-0.0089,-0.009,-0.006,-0.0113,-0.0049,-0.0087,-0.004,0.0017,0.0053,0.0087,0.0125,0.0148,0.0139,0.0131,0.0103,0.0122
2017-06-03,12.5945,40.4854,NE,0.0055,-0.0007,0.0019,0.0086,0.0028,-0.0025,-0.0006,-1e-04,0.0005,0.0023,0.0007,0.0002,-0.004,-0.0053,-0.0057,-0.001,-0.0036,-0.0014,-0.0029,-0.0058,-0.0063,-0.0062,-0.0016,0.0015,0.0038,0.0055,0.0059,0.0044,0.0059,0.0056
2017-06-03,12.5945,40.4854,NO,0.04,0.0339,0.0283,0.0264,0.0166,0.0126,0.0089,0.0027,0.0027,0.0048,0.0051,0.0061,0.0044,0.0031,-0.0017,-0.0066,-0.0093,-0.0111,-0.0068,-0.0052,-0.0048,0.0005,0.0017,0.0012,0.0022,0.0017,0.0012,0.0024,0.0005,0.0072
2017-06-03,12.5945,40.4854,O,,0.0245,0.0188,0.0144,0.0109,0.0066,0.0043,0.0031,0.0033,0.005,0.0071,0.0085,0.0094,0.0104,0.0135,0.0165,0.0159,0.0082,0.0013,-0.0035,-0.0071,-0.0048,-0.0068,-0.0056,-0.0067,-0.006,-0.0046,-0.0032,-0.0012,0.0006
2017-06-03,12.5945,40.4854,S,,0.0236,0.0215,0.0157,0.002,-0.0107,-0.0125,-0.004,0.0131,0.0031,-0.0111,0.0005,0.0131,0.0204,0.0174,0.0182,0.0144,0.0096,0.0058,0.0056,0.0058,0.0038,0.0004,-0.0014,-0.0093,-0.007,-0.0086,-0.0098,-0.0105,-0.0105
2017-06-03,12.5945,40.4854,SE,0.0319,0.0198,0.0235,0.0159,0.0056,0.001,-0.0187,-0.0197,-0.0071,-0.0137,-0.0178,-0.0148,-0.0104,-0.0035,0.0024,0.0037,0.0072,-1e-04,-0.0054,-0.0063,-0.0081,-0.0037,-0.0,0.001,0.0053,0.0074,0.006,0.0104,0.0096,0.0115
2017-06-03,12.5945,40.4854,SO,0.0405,0.0348,0.0302,0.0274,0.0197,0.0135,0.0102,0.0032,-0.002,-0.0028,0.0003,0.0037,0.0092,0.0095,0.0128,0.0049,0.0122,0.0054,-0.0039,-0.0037,-0.0069,-0.0091,-0.0111,-0.0096,-0.0071,-0.0068,-0.0062,-0.0029,-0.0058,-0.0041
2017-07-05,12.5953,40.481,E,0.0588,0.0489,0.0268,0.0154,0.0126,0.0078,0.0052,0.0041,0.0058,0.0167,0.0172,0.0057,0.0028,-0.008,-0.0135,-0.0122,-0.0078,-0.0109,-0.0074,-0.0024,0.0003,-0.0014,0.0006,0.0008,0.0021,0.0042,0.0066,0.0075,0.0079,-0.0005
2017-07-05,12.5953,40.481,N,,0.0655,0.0566,0.0408,0.0229,0.0104,0.0073,0.0233,0.0272,0.0083,-0.003,-0.0005,0.0088,0.0016,0.0085,-0.0078,-0.0033,-0.0106,-0.0069,-0.0052,-0.0072,-0.0063,-0.0053,-0.0045,-0.0029,-0.0009,0.0026,0.0034,0.0041,0.0049
2017-07-05,12.5953,40.481,NE,,0.084,0.0706,0.0629,0.0486,0.0382,0.029,0.0259,0.0219,0.0149,-0.001,-0.0042,-0.0002,-0.0032,-0.0132,-0.0212,-0.0153,-0.0107,-0.0092,-0.0111,-0.0081,1e-04,-0.0014,0.0078,0.0117,0.0087,0.0159,0.0056,0.0117,0.0129
2017-07-05,12.5953,40.481,NO,0.0428,0.0391,0.0358,0.0293,0.0239,0.0144,0.0099,0.0089,0.0154,0.0141,0.0003,0.002,-0.0037,0.0066,0.001,0.0009,0.0006,0.0027,-0.0004,0.0007,-0.0003,0.0034,0.0014,0.0007,0.0049,0.0033,-0.0014,0.0035,-0.0016,-0.0046
2017-07-05,12.5953,40.481,O,,0.0629,0.0623,0.0644,0.0515,0.0453,0.0367,0.0309,0.0222,0.0089,0.0019,-0.011,-0.0106,-0.0138,-0.0149,-0.0023,-0.0021,-0.0076,-0.0121,-0.0124,-0.0102,-0.0077,-0.0043,-0.0111,-0.0079,-0.004,-0.0007,0.0046,0.0094,0.0087
2017-07-05,12.5953,40.481,S,,0.0951,0.0912,0.0809,0.0765,0.0737,0.0708,0.0648,0.0529,0.0396,0.0199,0.0119,0.002,-0.0062,-0.0125,-0.0117,-0.0163,-0.0222,-0.0246,-0.0169,-0.0131,-0.0043,0.0066,0.0041,-0.0081,-0.0044,-0.0039,0.0,0.0104,0.0132
2017-07-05,12.5953,40.481,SE,,0.0486,0.0332,0.0292,0.0098,-0.0032,-0.0055,-0.0034,-0.0024,0.003,0.0023,0.0008,-0.0004,-0.0014,-0.0009,0.0025,0.0016,0.0062,-0.001,0.0104,0.0013,-0.0092,0.0078,0.0032,0.0002,-0.0072,-0.0032,-0.0069,0.0017,-1e-04
2017-07-05,12.5953,40.481,SO,,0.0897,0.0857,0.0773,0.0833,0.0888,0.0706,0.0582,0.0485,0.0331,0.015,-0.0042,-0.0065,-0.0115,-0.0276,-0.0314,-0.0242,-0.0207,-0.0218,-0.0191,-0.0217,-0.0156,-0.0042,0.0076,0.0085,0.0141,0.0255,0.0132,0.0139,0.0105
2017-07-21,12.5948,40.4815,E,0.0544,0.0434,0.0338,0.0282,0.023,0.0162,0.0087,0.0113,0.0119,0.0154,0.0178,0.013,0.0057,0.0042,-0.0027,-0.0112,-0.0172,-0.0147,-0.0107,-0.0128,-0.0069,-0.0017,-0.0011,0.0027,0.0061,0.0071,0.0089,0.0148,0.0151,0.0132
2017-07-21,12.5948,40.4815,N,,0.0291,0.0137,0.0081,0.0221,0.0337,0.0125,-0.007,-0.0098,0.0133,0.0157,0.0094,0.0111,0.0066,0.0041,0.0018,0.0026,-0.0026,-0.0053,-0.0074,-0.006,-0.0038,-0.0005,-0.0005,0.0008,0.0024,0.002,0.0021,-0.0006,-0.0004
2017-07-21,12.5948,40.4815,NE,0.0751,0.0668,0.053,0.0323,0.0229,0.0222,0.0213,0.0107,0.013,0.0068,0.0062,0.0099,0.005,0.0011,-0.0121,-0.0134,-0.0122,-0.0052,-0.0007,-0.0084,0.0008,0.003,0.0049,0.0052,0.0084,0.0015,0.0057,0.0046,0.0068,0.007
2017-07-21,12.5948,40.4815,NO,0.0444,0.0424,0.0354,0.0315,0.0292,0.0314,0.0286,0.0223,0.0027,-0.0022,0.0043,-0.0065,-0.0082,-0.0053,-0.0046,-0.0013,-0.0009,0.0052,0.0046,0.0066,0.0056,0.0094,0.0081,0.0089,0.0097,0.0027,-0.0038,-0.0059,-0.0039,-0.0053
2017-07-21,12.5948,40.4815,O,,0.0528,0.0522,0.0432,0.0437,0.0381,0.0309,0.02,0.0116,0.0027,-0.0036,-0.0078,-0.0072,0.0078,0.0095,-0.0013,-0.0048,-0.0059,-0.0114,-0.0093,-0.0114,-0.0106,-0.0133,-0.0088,-0.0071,-0.0012,0.0017,0.0073,0.0063,0.0097
2017-07-21,12.5948,40.4815,S,,0.1034,0.0914,0.0802,0.0709,0.0629,0.0612,0.0576,0.0566,0.0491,0.0364,0.0213,0.0185,0.0085,-0.0079,-0.0146,-0.0237,-0.0225,-0.0203,-0.0204,-0.0185,-0.0127,-0.0117,-0.0047,0.0049,0.01,0.0049,0.0047,0.0031,0.0133
2017-07-21,12.5948,40.4815,SE,,0.0502,0.04,0.0437,0.038,0.0233,0.0203,0.015,0.0121,0.0024,-0.0009,-1e-04,0.0022,0.0031,0.0017,0.0013,-0.0043,-0.0101,-0.0045,-0.0071,-0.0008,0.008,0.0021,-0.003,0.0087,0.0113,0.0115,-0.0014,-0.0085,-0.0026
2017-07-21,12.5948,40.4815,SO,,0.0904,0.0813,0.0696,0.0651,0.058,0.048,0.0456,0.0379,0.0216,0.0106,0.0061,-0.0034,-0.008,-0.014,-0.0273,-0.0225,-0.0211,-0.0244,-0.0158,-0.0111,-0.0074,0.0005,0.0083,0.0048,0.0156,0.0206,0.0041,0.0023,-0.0044
2017-09-23,12.5913,40.4837,E,,0.0952,0.0903,0.0788,0.0708,0.0761,0.0695,0.0636,0.0549,0.0534,0.0466,0.035,0.0214,0.0091,0.0028,-0.0065,-0.0097,-0.011,-0.0157,-0.0087,-0.0112,-0.0093,-0.0067,-0.0073,-0.0114,-0.0098,-0.0157,-0.0187,-0.0178,-0.021
2017-09-23,12.5913,40.4837,N,0.0694,0.0621,0.0513,0.0425,0.039,0.0393,0.0312,0.0297,0.0252,0.025,0.0183,0.008,-0.0125,-0.0233,-0.0313,-0.0292,-0.0227,-0.02,-0.0148,-0.0102,-0.0054,-0.0044,-0.0014,0.0,0.0063,0.0097,0.0125,0.0123,0.0124,0.0148
2017-09-23,12.5913,40.4837,NE,,0.0547,0.0541,0.0442,0.0475,0.0383,0.0362,0.0321,0.0272,0.0223,0.0136,0.0109,0.0058,-0.0004,0.0076,0.005,0.0014,0.0044,0.0033,-0.0025,-0.0022,0.0009,0.001,0.0025,-0.0036,-0.0049,-0.0113,-0.0124,-0.0113,-0.0153
2017-09-23,12.5913,40.4837,NO,,0.086,0.0654,0.0549,0.0464,0.0352,0.0228,0.0127,0.0065,0.0074,0.0075,-0.0035,-0.0094,-0.0131,-0.0088,-0.0073,-0.0015,0.0025,0.008,0.0119,0.0142,0.0171,0.0165,0.002,-0.0054,-0.0058,-0.0047,-0.0039,-0.0033,-0.012
2017-09-23,12.5913,40.4837,O,,0.0798,0.0721,0.0473,0.0273,0.0045,-0.0108,-0.0173,-0.0234,-0.0241,-0.0191,-0.0171,-0.0052,-0.0,0.0018,0.0038,0.0062,0.0108,0.0162,0.0202,0.0236,0.0281,0.0288,0.0257,0.0163,0.0155,-0.0027,-0.0058,-0.0188,-0.0288
2017-09-23,12.5913,40.4837,S,,0.0549,0.0569,0.0683,0.0684,0.032,-0.0147,-0.0164,-0.02,-0.0007,0.0238,0.0363,0.0417,0.0519,0.0216,0.0099,-0.0006,-0.0111,-0.0163,-0.0081,-0.0077,-0.0085,-0.0041,-0.0093,-0.0154,-0.0126,-0.0097,-0.0074,-0.0058,-0.0044
2017-09-23,12.5913,40.4837,SE,0.0566,0.0429,0.0405,0.0545,0.102,0.088,0.0451,0.0115,0.01,0.0169,0.0185,0.0228,0.0309,0.0314,0.0297,0.0281,0.019,0.0145,0.0308,0.0246,-0.0118,-0.0216,-0.0113,-0.0249,-0.0342,-0.0307,-0.0269,-0.0124,-0.009,-0.0091
2017-09-23,12.5913,40.4837,SO,,0.0354,0.0292,0.0086,-0.0108,-0.0137,-0.0278,-0.0478,-0.0586,-0.0712,-0.0733,-0.0708,-0.0684,-0.0649,-0.0646,-0.0609,-0.0496,-0.0453,-0.041,-0.0326,0.007,0.0223,0.0394,0.0491,0.0633,0.0462,0.065,0.0332,0.0421,0.0508
2017-10-25,12.5913,40.4837,E,,0.0682,0.0662,0.0567,0.0484,0.055,0.049,0.0463,0.0422,0.0424,0.0395,0.0361,0.0265,0.0161,0.0121,0.0026,0.0005,-0.0077,-0.0131,-0.0124,-0.0111,-0.0114,-0.0076,-0.0061,-0.0068,-0.007,-0.0137,-0.0165,-0.0138,-0.0152
2017-10-25,12.5913,40.4837,N,0.0377,0.0345,0.029,0.0267,0.0252,0.0251,0.0234,0.0212,0.0171,0.0133,0.0088,-0.0005,-0.0148,-0.0239,-0.0293,-0.028,-0.0217,-0.0206,-0.0173,-0.0129,-0.0005,-0.001,-0.002,0.0033,0.0056,0.0091,0.0129,0.016,0.0183,0.0212
2017-10-25,12.5913,40.4837,NE,,0.0347,0.0343,0.0315,0.0362,0.0324,0.0298,0.0276,0.0241,0.0172,0.0113,0.0039,-0.0015,-0.0069,-0.0028,-0.0009,-0.0012,0.0061,0.0085,0.0065,0.0034,0.0066,0.0003,0.0075,0.0076,0.0012,-0.0043,-0.012,-0.0117,-0.0218
2017-10-25,12.5913,40.4837,NO,,0.0629,0.043,0.036,0.0309,0.0241,0.0142,0.0079,0.0026,0.0047,0.0045,-0.003,-0.0093,-0.0066,-0.0059,-0.0045,-0.0021,-0.0016,0.0062,0.0081,0.0085,0.0138,0.0172,0.0052,-0.0044,-0.0089,-0.0046,-0.007,-0.0043,-0.0113
2017-10-25,12.5913,40.4837,O,,0.07,0.065,0.0468,0.0292,0.0106,-0.0022,-0.0094,-0.0161,-0.0135,-0.0084,-0.0075,-0.0059,-0.0034,-0.0003,0.0006,0.0048,0.0068,0.0106,0.0156,0.0176,0.022,0.0218,0.0194,0.0101,0.009,-0.0044,-0.0093,-0.0146,-0.0207
2017-10-25,12.5913,40.4837,S,,0.0507,0.0466,0.0486,0.0512,0.0275,-0.0025,-0.0094,-0.0144,0.0015,0.0201,0.0234,0.0272,0.0299,0.0069,0.0,-0.005,-0.0049,-0.0057,-0.0078,-0.0059,0.002,0.004,-0.0006,-0.0101,-0.0075,-0.0056,-0.0069,-0.0087,-0.0111
2017-10-25,12.5913,40.4837,SE,0.0283,0.0188,0.0179,0.0236,0.0582,0.0516,0.0245,0.0098,0.0101,0.0177,0.0248,0.0203,0.0213,0.0139,0.0176,0.0142,0.01,0.0118,0.0157,0.0092,-0.0037,-0.0085,-0.0088,-0.0169,-0.0212,-0.0182,-0.0169,-0.0083,-0.0025,-0.0068
2017-10-25,12.5913,40.4837,SO,,0.0242,0.0189,0.0071,0.0026,-0.0025,-0.0138,-0.0278,-0.0351,-0.0414,-0.0444,-0.0426,-0.0421,-0.0414,-0.0408,-0.0435,-0.0373,-0.0363,-0.0269,-0.0238,0.005,0.0162,0.0296,0.0293,0.0519,0.0293,0.0368,0.0217,0.0199,0.0301
2017-11-10,12.5913,40.4834,E,0.085,0.0805,0.075,0.0571,0.0554,0.0594,0.0557,0.0488,0.0381,0.0327,0.0376,0.0414,0.0356,0.0245,0.0074,0.0065,0.0037,-0.0063,-0.0121,-0.0159,-0.0137,-0.0137,-0.0097,-0.0038,-0.0052,-0.01,-0.0193,-0.0165,-0.0171,-0.0184
2017-11-10,12.5913,40.4834,N,0.0338,0.0259,0.0193,0.0176,0.0164,0.0165,0.0173,0.0143,0.0143,0.0125,0.0069,0.001,-0.007,-0.0186,-0.0232,-0.0266,-0.0262,-0.0277,-0.0253,-0.022,-0.0131,-0.0082,-0.0018,0.0005,0.0066,0.011,0.0155,0.0196,0.027,0.0309
2017-11-10,12.5913,40.4834,NE,,0.0385,0.0352,0.0303,0.0258,0.0226,0.0216,0.019,0.0175,0.0138,0.0058,-0.0005,-0.0011,-0.0086,-0.0107,-0.0105,-0.0085,-0.0023,0.0035,0.0054,0.0031,0.0048,0.0068,0.0071,0.0078,0.0058,0.0013,-0.0087,-0.0124,-0.0192
2017-11-10,12.5913,40.4834,NO,,0.0587,0.0476,0.0337,0.0303,0.0264,0.022,0.0182,0.0105,0.0088,-0.0017,-0.0068,-0.0075,-0.0088,-0.005,0.0002,-0.0013,-0.0019,0.0015,0.0028,0.0031,0.0083,0.0131,0.0114,0.0057,-0.0049,-0.0041,-0.0117,-0.0054,-0.0044
2017-11-10,12.5913,40.4834,O,,0.0672,0.0698,0.053,0.0441,0.0168,0.0035,-0.0064,-0.0128,-0.0113,-0.0086,-0.01,-0.0038,-0.0003,0.0004,0.0038,0.008,0.0146,0.0156,0.0176,0.0188,0.0193,0.0215,0.0184,0.0109,0.0024,-0.0076,-0.0145,-0.0149,-0.022
2017-11-10,12.5913,40.4834,S,,0.0614,0.0613,0.0587,0.0333,0.0165,-0.0023,-0.0005,-0.0029,0.0318,0.0351,0.0388,0.0383,0.0269,0.0075,0.0008,-0.011,-0.0134,-0.006,-0.0019,0.0015,0.0011,0.0032,-0.0056,-0.0091,-0.0126,-0.0116,-0.0105,-0.0082,-0.0131
2017-11-10,12.5913,40.4834,SE,,0.0165,0.0454,0.0541,0.0506,0.0297,0.0055,0.0102,0.0075,0.0348,0.0224,0.0234,0.0273,0.027,0.0235,0.0241,0.016,0.0236,0.0294,0.0051,-0.016,-0.0159,-0.0152,-0.0235,-0.0267,-0.0289,-0.0154,-0.0002,-0.009,-0.0078
2017-11-10,12.5913,40.4834,SO,,0.0213,0.0157,0.0051,-0.0006,-0.007,-0.0224,-0.0404,-0.051,-0.0511,-0.048,-0.0481,-0.0482,-0.0447,-0.0449,-0.0443,-0.0366,-0.0298,-0.0011,-0.011,0.0098,0.0558,0.0477,0.0347,0.0437,0.0171,0.0215,0.0118,0.0252,0.0204
2017-11-26,12.591,40.4831,E,0.0843,0.0777,0.0729,0.0696,0.0642,0.0617,0.0478,0.0485,0.0384,0.026,0.0236,0.0232,0.0236,0.0214,0.0125,0.0056,0.0088,0.0085,0.0011,-0.0032,-0.0133,-0.0136,-0.0112,-0.0111,-0.0063,-0.0087,-0.0146,-0.0145,-0.0201,-0.0211
2017-11-26,12.591,40.4831,N,0.0166,0.0171,0.0124,0.0119,0.0067,0.0044,0.005,0.0042,0.0041,0.0067,0.0091,0.0075,0.0033,-0.001,-0.0097,-0.0131,-0.0207,-0.0246,-0.0217,-0.0185,-0.014,-0.0107,-0.0045,0.0039,0.0065,0.0076,0.0121,0.0138,0.0162,0.0168
2017-11-26,12.591,40.4831,NE,,0.034,0.028,0.0275,0.0266,0.023,0.0208,0.021,0.02,0.0172,0.0155,0.0112,0.0052,0.0034,-0.0027,-0.0083,-0.0073,-0.0078,-0.0015,-1e-04,-0.0005,0.0031,0.0029,0.0012,0.0011,0.0027,0.0043,0.0017,-0.0081,-0.015
2017-11-26,12.591,40.4831,NO,,0.0548,0.0589,0.0359,0.0337,0.0146,0.012,0.0165,0.007,0.0025,-0.0008,-0.0055,-0.0016,0.0005,-0.0034,-0.0026,-0.0042,-0.0027,-0.0008,0.0014,0.0016,0.0064,0.0101,0.0101,0.0053,-0.0041,-0.0039,-0.0085,-0.0084,-0.0073
2017-11-26,12.591,40.4831,O,,0.0503,0.0528,0.0326,0.0115,-0.0002,-0.0077,-0.0125,-0.0108,-0.0096,-0.0078,-0.012,-0.0045,-0.0047,0.0006,0.0024,0.0064,0.0089,0.0138,0.0134,0.0166,0.0156,0.0098,0.0107,0.0043,0.0014,-0.0036,-0.0056,-0.0124,-0.0118
2017-11-26,12.591,40.4831,S,,0.0614,0.058,0.0223,0.0061,-0.004,-0.0078,-0.0032,0.0083,0.0297,0.0403,0.0286,0.0122,0.0068,0.0025,0.0076,-0.0026,-0.0023,0.0033,0.0065,0.007,0.0066,-0.0016,-0.0077,-0.0089,-0.0088,-0.011,-0.0137,-0.0186,-0.0126
2017-11-26,12.591,40.4831,SE,,0.048,0.0574,0.0597,0.0216,0.0033,-0.0053,0.0042,0.0123,0.0162,0.0208,0.0191,0.0288,0.0142,0.0183,0.0144,0.0042,0.0154,0.0279,0.0096,-0.008,-0.0116,-0.0225,-0.02,-0.024,-0.0242,-0.0157,-0.0036,-0.001,-0.0085
2017-11-26,12.591,40.4831,SO,,0.0239,0.0206,0.002,-0.0125,-0.0245,-0.038,-0.0377,-0.0551,-0.0398,-0.0447,-0.0399,-0.0403,-0.0376,-0.0346,-0.0323,-0.0221,-0.0148,0.018,-0.0008,0.0424,0.0494,0.0348,0.0201,0.0224,0.0114,0.0179,0.0152,0.0164,0.0147
2017-12-12,12.5913,40.4834,E,0.0787,0.0739,0.0687,0.0543,0.0531,0.0536,0.046,0.0396,0.0284,0.0203,0.0224,0.027,0.0258,0.0185,0.0092,0.0091,0.006,-0.0026,-0.0044,-0.0029,-0.0055,-0.0068,-0.006,-0.0073,-0.01,-0.0142,-0.0175,-0.0179,-0.0204,-0.0158
2017-12-12,12.5913,40.4834,N,0.0248,0.0214,0.0133,0.0114,0.0087,0.0078,0.0088,0.008,0.009,0.0123,0.0125,0.0094,0.0033,-0.0058,-0.0082,-0.01,-0.0134,-0.0181,-0.0172,-0.014,-0.0061,-0.0083,-0.0042,-0.0017,0.001,0.0029,0.006,0.0075,0.0085,0.0086
2017-12-12,12.5913,40.4834,NE,,0.0333,0.0289,0.025,0.0211,0.0176,0.0172,0.0155,0.0177,0.0156,0.0106,0.006,0.0085,0.004,0.0035,0.0032,0.0035,0.0061,0.0046,0.0072,0.0072,0.0069,0.0046,0.0029,0.0051,-0.0009,-0.0005,-0.0132,-0.0176,-0.0243
2017-12-12,12.5913,40.4834,NO,,0.0474,0.0384,0.0302,0.0267,0.0233,0.019,0.0142,0.0063,0.0045,-0.0022,-0.0042,-0.0045,-0.0044,-0.0022,0.0016,-0.0009,-0.0018,0.0015,0.0037,0.0033,0.0064,0.0125,0.0085,0.0043,-0.0059,-0.0061,-0.0102,-0.0085,-0.0063
2017-12-12,12.5913,40.4834,O,,0.0543,0.0584,0.0497,0.0424,0.0194,0.0085,-0.0025,-0.0109,-0.01,-0.0095,-0.0075,-0.0047,-0.0011,0.0003,0.0007,-0.0009,0.0055,0.0081,0.0126,0.0144,0.0166,0.0142,0.0125,0.0066,-0.0002,-0.007,-0.0115,-0.0137,-0.0184
2017-12-12,12.5913,40.4834,S,,0.042,0.0466,0.0447,0.0245,0.015,0.0092,0.0057,0.0017,0.0299,0.0311,0.0326,0.0335,0.0219,0.0108,0.0092,-0.0053,-0.0055,0.0006,0.0053,0.0092,0.0061,0.0003,-0.0127,-0.0141,-0.0168,-0.0143,-0.0173,-0.0149,-0.0222
2017-12-12,12.5913,40.4834,SE,,0.023,0.0465,0.0486,0.043,0.0251,0.0031,0.0094,0.011,0.026,0.0206,0.0257,0.0245,0.0185,0.0164,0.0148,0.0087,0.0187,0.0255,0.0071,-0.0105,-0.0102,-0.0127,-0.0213,-0.0244,-0.026,-0.0149,-0.0003,-0.0065,-0.0093
2017-12-12,12.5913,40.4834,SO,,0.0101,0.0092,0.0075,0.0052,-0.0029,-0.0132,-0.0277,-0.0367,-0.0376,-0.0382,-0.0392,-0.035,-0.0289,-0.0282,-0.0312,-0.0244,-0.0185,0.0036,-0.0047,0.0094,0.0344,0.038,0.0228,0.0268,0.0097,0.0172,0.0069,0.0156,0.0163
2017-12-28,12.591,40.4834,E,0.058,0.0538,0.0479,0.0337,0.0225,0.0314,0.0261,0.029,0.0247,0.0182,0.0176,0.0196,0.0228,0.022,0.0101,0.0062,0.006,0.0055,-0.0033,-0.0044,-0.0034,-0.007,-0.0069,-0.0097,-0.0081,-0.0085,-0.0138,-0.0147,-0.0155,-0.0145
2017-12-28,12.591,40.4834,N,0.022,0.0212,0.0133,0.0102,0.0067,0.0079,0.0116,0.0083,0.008,0.012,0.0133,0.0096,0.0032,-0.0053,-0.0062,-0.0091,-0.0112,-0.0109,-0.0088,-0.0069,-0.0054,-0.0041,-0.0029,-0.0018,0.0003,0.0045,0.0061,0.0062,0.0062,0.0042
2017-12-28,12.591,40.4834,NE,,0.0307,0.0235,0.0199,0.0165,0.0117,0.0116,0.0138,0.0137,0.0134,0.0112,0.0103,0.0097,0.0083,0.0028,0.0026,0.0019,-0.0019,-0.0017,-0.0002,-0.0,0.0013,0.0022,0.0025,0.0017,0.0015,-0.0003,-0.0045,-0.0105,-0.0161
2017-12-28,12.591,40.4834,NO,,0.0389,0.0277,0.0221,0.0193,0.0135,0.0108,0.0073,0.0042,0.004,1e-04,0.0015,-0.0052,-0.0004,-0.0012,-0.0032,-0.0015,0.0011,0.0003,-0.001,0.0015,0.005,0.0089,0.0059,0.0007,-0.0048,-0.0031,-0.0046,-0.0054,-0.0105
2017-12-28,12.591,40.4834,O,,0.04,0.0399,0.0291,0.0124,0.0081,-0.0018,-0.0031,-0.006,-0.0049,-0.0041,-0.0062,-0.0021,-0.0002,0.0016,0.0019,0.0042,0.0044,0.0047,0.0057,0.0084,0.0108,0.0064,0.0083,0.0027,0.0013,-0.0042,-0.004,-0.0094,-0.0075
2017-12-28,12.591,40.4834,S,,0.0275,0.0265,0.0339,0.0265,0.0154,0.0015,0.0026,0.0011,0.0157,0.0205,0.0216,0.0221,0.0082,0.003,0.0011,-0.0036,-1e-04,0.0019,0.0026,0.0065,0.007,0.0062,-0.0019,-0.0044,-0.0075,-0.0087,-0.0133,-0.0114,-0.0205
2017-12-28,12.591,40.4834,SE,,0.004,0.0097,0.0232,0.0242,0.0162,0.0028,-0.0014,-0.0009,0.0057,0.015,0.0153,0.0241,0.0198,0.0109,0.014,0.0056,0.0008,0.0111,0.009,-0.0039,-0.0073,-0.0096,-0.0113,-0.0124,-0.0117,-0.0103,-0.0058,-0.0007,-0.0058
2017-12-28,12.591,40.4834,SO,,0.0134,0.0158,0.0108,0.0076,0.0021,-0.011,-0.0141,-0.0226,-0.022,-0.0222,-0.0219,-0.0215,-0.0189,-0.0202,-0.0182,-0.0132,-0.0117,0.0092,-0.0031,0.0231,0.0337,0.019,0.0039,0.0157,0.0045,-0.0003,0.0028,0.003,0.0069
2018-01-13,12.5915,40.484,E,,0.0369,0.0345,0.0293,0.023,0.027,0.018,0.0201,0.019,0.0227,0.025,0.0196,0.0169,0.0143,0.0064,0.0044,-0.0055,-0.0049,-0.0016,-0.0043,-0.0023,-0.0068,-0.0037,-0.0063,-0.0074,-0.0111,-0.0141,-0.0127,-0.0091,-0.0098
2018-01-13,12.5915,40.484,N,0.0255,0.0236,0.0204,0.0203,0.0242,0.0235,0.0173,0.0154,0.0165,0.0135,0.0064,-0.0036,-0.0095,-0.0103,-0.0143,-0.0118,-0.0162,-0.0147,-0.0093,-0.0035,-0.0012,-0.0046,-0.0052,-0.0008,0.0008,0.0055,0.0098,0.0073,0.0106,0.012
2018-01-13,12.5915,40.484,NE,0.0063,0.0044,0.0036,0.0055,0.0077,0.0069,0.0093,0.0093,0.0058,0.0082,0.0085,0.0051,0.0037,0.0017,0.003,0.0016,0.0015,0.0042,0.0037,0.0041,0.0042,0.0038,0.0072,0.0049,0.004,0.0002,-0.0041,-0.0087,-0.0089,-0.0111
2018-01-13,12.5915,40.484,NO,,0.0252,0.0147,0.0123,0.0125,0.0162,0.0124,0.0066,0.01,0.0134,0.009,-0.0018,-0.004,-0.0022,-0.0055,-0.007,-0.0068,-0.0044,-0.0012,-0.0024,-0.0008,0.0045,0.0088,0.0022,0.0008,-0.0042,-0.0029,-0.0023,-0.003,-0.0049
2018-01-13,12.5915,40.484,O,,0.0518,0.0468,0.0416,0.0306,0.0235,0.0149,0.0067,-0.0031,-0.0061,-0.0073,-0.0055,-0.0031,-0.0026,-0.0027,-0.0006,-0.0012,0.0017,0.0062,0.0067,0.0085,0.0103,0.011,0.0074,0.0066,0.0059,0.001,-0.0039,-0.0081,-0.0162
2018-01-13,12.5915,40.484,S,,0.028,0.0169,0.0172,0.0458,0.047,0.028,0.0107,0.0015,0.0049,0.0092,0.0147,0.0166,0.0207,0.0198,0.0109,0.0049,1e-04,-0.0032,-0.0056,-0.0061,-0.0049,0.0006,-0.0007,-0.0042,-0.0073,-0.0105,-0.01,-0.0074,-0.0058
2018-01-13,12.5915,40.484,SE,0.0307,0.0208,0.0115,0.0109,0.015,0.042,0.0367,0.0142,-0.0032,0.001,0.0115,0.0119,0.0168,0.0213,0.0169,0.0152,0.0117,0.0145,0.0202,0.0129,0.0006,-0.0022,-0.0078,-0.0138,-0.0162,-0.0162,-0.0153,-0.008,-0.0051,-0.0075
2018-01-13,12.5915,40.484,SO,,0.0335,0.0296,0.0216,0.0243,0.0167,0.0239,0.0113,0.0051,-0.0064,-0.0085,-0.0129,-0.0099,-0.0135,-0.0107,-0.0123,-0.0162,-0.0161,-0.0128,-0.0126,-0.0067,-0.0004,0.0053,0.0074,0.0107,0.0068,0.0112,0.0074,0.006,0.0032
2018-02-14,12.5913,40.4837,E,,0.0644,0.0573,0.0427,0.0332,0.0429,0.0366,0.0368,0.0327,0.0257,0.0262,0.0253,0.0227,0.0165,0.0109,0.0059,0.0012,-0.0024,-0.0104,-0.0027,-0.0026,-0.0058,-0.0044,-0.0075,-0.0108,-0.0093,-0.0157,-0.0169,-0.0203,-0.0182
2018-02-14,12.5913,40.4837,N,0.0269,0.0189,0.0074,0.0041,0.0062,0.0136,0.0103,0.0068,0.0138,0.0198,0.016,0.0084,-0.0018,0.0005,-0.0033,-0.007,-0.01,-0.011,-0.0075,-0.0073,-0.0016,-0.0055,-0.0072,-0.0052,-0.0023,0.0014,0.0043,0.002,0.0034,0.0055
2018-02-14,12.5913,40.4837,NE,,0.0372,0.0277,0.0213,0.0259,0.0209,0.0229,0.0248,0.0237,0.0235,0.0201,0.0185,0.015,0.0109,0.0091,0.0027,-0.0023,0.0032,0.0048,0.0063,0.0023,0.0037,0.0047,0.0049,0.004,-0.0039,-0.0096,-0.0186,-0.0213,-0.0244
2018-02-14,12.5913,40.4837,NO,,0.0457,0.0268,0.0222,0.019,0.0186,0.0136,0.0073,0.0028,0.0072,0.0093,0.0032,-0.0005,-0.002,-0.0005,0.0013,-0.0009,-0.0018,-0.0004,-0.0012,0.0012,0.0053,0.0103,0.0028,-0.0037,-0.0084,-0.0051,-0.0075,-0.0048,-0.0071
2018-02-14,12.5913,40.4837,O,,0.0696,0.067,0.0541,0.0449,0.027,0.0134,0.0025,-0.0041,-0.0061,-0.0059,-0.0068,-0.0034,-0.0003,-0.0011,1e-04,0.0022,0.0062,0.0087,0.0118,0.0149,0.0198,0.0162,0.0157,0.0063,0.006,-0.0044,-0.0046,-0.0104,-0.0135
2018-02-14,12.5913,40.4837,S,,0.0443,0.0357,0.0479,0.0566,0.0399,0.018,0.0086,0.0064,0.0091,0.0258,0.027,0.029,0.0321,0.0112,-0.0034,-0.0097,-0.0102,-0.0097,-0.0083,-0.0081,-0.0034,0.0016,-0.0092,-0.0097,-0.0055,-0.004,-0.009,-0.0047,-0.0069
2018-02-14,12.5913,40.4837,SE,0.0254,0.0098,0.0052,0.0079,0.0494,0.0408,0.0162,1e-04,-0.0009,0.0061,0.0071,0.0171,0.0248,0.0184,0.0235,0.0144,0.0082,0.0126,0.0208,0.0137,0.004,-0.0035,-0.0074,-0.0133,-0.0194,-0.02,-0.0164,-0.0069,-0.0039,-0.0059
2018-02-14,12.5913,40.4837,SO,,0.0233,0.0235,0.0166,0.0227,0.019,0.0037,-0.0079,-0.0186,-0.0245,-0.0292,-0.0284,-0.0271,-0.0242,-0.0237,-0.0264,-0.0231,-0.0156,-0.0118,-0.0123,0.0122,0.0179,0.0327,0.0221,0.0293,0.012,0.0155,0.0036,0.0069,0.0143
2018-03-18,12.5926,40.4848,E,,0.0298,0.0284,0.0254,0.0256,0.0252,0.0271,0.0229,0.0188,0.0121,0.0115,0.004,-0.0006,-0.0063,-0.0006,-0.0037,-0.0042,-0.0005,-0.0011,-0.0039,-0.0026,-0.0028,-0.0005,0.0038,0.0026,0.0041,-0.004,-0.0061,-0.0033,-0.0089
2018-03-18,12.5926,40.4848,N,,0.0176,0.0138,0.014,0.0088,0.004,0.0032,0.001,-0.0017,0.0023,0.0014,0.005,0.003,0.0049,0.0044,0.0038,-0.0025,-0.004,-0.0049,-0.0071,-0.0048,-0.0023,-0.0021,0.0011,0.0028,0.0045,0.0039,0.0042,0.0052,0.0054
2018-03-18,12.5926,40.4848,NE,0.0087,0.0109,0.0052,0.0024,0.001,0.002,-0.0054,-0.005,-0.0044,0.0024,-1e-04,0.0026,-0.0003,-0.0026,-0.0016,0.0015,0.0035,0.0064,0.0045,-0.0027,-0.0081,-0.0087,-0.0079,-0.0054,-0.0029,-0.0017,-0.0017,0.0032,0.0048,0.0089
2018-03-18,12.5926,40.4848,NO,0.0086,0.01,0.0125,0.014,0.0156,0.0148,0.0153,0.014,0.0109,0.0092,0.0051,-0.0018,-0.007,-0.0082,-0.0085,-0.0064,-0.0065,-0.0042,-0.0044,-0.0029,-0.0044,-0.0016,0.0,0.0021,0.0034,1e-04,0.0013,-0.0003,-0.0026,-0.0039
2018-03-18,12.5926,40.4848,O,,0.047,0.0432,0.0401,0.0395,0.0359,0.0329,0.0285,0.0247,0.0186,0.0088,0.0014,-0.0046,-0.0058,-0.0055,-0.0106,-0.008,-0.0091,-0.0068,-0.0047,-0.005,-0.0015,-0.0013,0.0007,0.004,0.0082,0.0077,0.0058,0.0021,-0.009
2018-03-18,12.5926,40.4848,S,,0.0477,0.0432,0.0382,0.0162,0.0017,0.0162,0.037,0.0187,-0.0026,0.0037,0.0049,0.0127,0.0159,0.0167,0.0116,0.0132,0.0127,0.0008,-0.0066,-0.0123,-0.0119,-0.0179,-0.0156,-0.0085,-0.003,-0.0141,-0.0101,-0.003,-0.0003
2018-03-18,12.5926,40.4848,SE,0.0454,0.0449,0.0394,0.033,0.0296,0.0165,0.0194,0.0158,0.0157,0.0199,0.0053,0.0102,-0.0019,0.0059,0.0114,0.0181,0.0191,0.0183,0.0143,0.0149,0.0073,0.0006,0.0005,-0.004,-0.0067,-0.011,-0.0134,-0.0225,-0.0191,-0.0194
2018-03-18,12.5926,40.4848,SO,0.0496,0.0504,0.047,0.0444,0.0439,0.037,0.0309,0.0347,0.0222,0.0248,0.0158,0.0093,-0.0016,-0.0035,-0.008,-0.0105,-0.0079,-0.0084,-0.0064,-0.0082,-0.0122,-0.0155,-0.0128,-0.0115,-0.0092,-0.0035,0.0019,0.0101,0.0149,0.0147
2018-04-03,12.5948,40.4815,E,0.057,0.0452,0.032,0.0255,0.0195,0.0208,0.0192,0.0276,0.0283,0.0313,0.0268,0.017,0.0027,-0.0054,-0.0101,-0.0232,-0.0228,-0.0264,-0.0235,-0.0205,-0.0096,-0.0013,-1e-04,0.0004,0.0074,0.0099,0.0172,0.0288,0.0332,0.037
2018-04-03,12.5948,40.4815,N,,0.0521,0.0345,0.0107,-0.0064,-0.0061,-0.0022,0.0137,0.0033,0.0121,0.0085,0.016,-0.0061,-0.0066,-0.0029,-0.0115,-0.0069,-0.0087,-0.0069,-0.0037,-0.0003,0.0051,0.0083,0.0135,0.0154,0.0071,0.0036,-0.0035,-0.0087,-0.0147
2018-04-03,12.5948,40.4815,NE,0.0997,0.0952,0.0706,0.0478,0.033,0.0228,0.0336,0.0188,0.0308,0.0045,0.0052,-1e-04,0.0013,-0.0093,-0.021,-0.015,-0.0167,-0.0043,-0.0006,-0.003,0.0061,0.0033,0.0097,0.01,0.0077,0.0068,0.0067,0.0042,0.0058,0.0085
2018-04-03,12.5948,40.4815,NO,0.0274,0.0268,0.0252,0.0167,-0.0053,-0.0168,-0.0246,-0.0141,-0.0146,-0.0137,-0.0045,-0.0003,0.0008,0.0046,0.0064,0.0148,0.0147,0.0154,0.0146,0.0164,0.0168,0.019,0.01,0.0129,0.012,0.01,-0.0015,-0.0107,-0.006,-0.0086
2018-04-03,12.5948,40.4815,O,,0.0389,0.0435,0.0421,0.0345,0.0301,0.0189,0.0008,-0.0064,-0.0143,-0.0075,0.0015,0.0026,0.0277,0.0328,0.0126,0.0113,0.006,-0.0124,-0.0189,-0.0184,-0.0203,-0.0278,-0.0213,-0.0185,-0.0016,0.0035,0.0039,0.0076,0.0159
2018-04-03,12.5948,40.4815,S,,0.1375,0.1207,0.105,0.0983,0.0921,0.0965,0.0856,0.0701,0.0612,0.0476,0.0349,0.0243,0.0088,-1e-04,-0.01,-0.039,-0.0306,-0.0331,-0.0339,-0.0303,-0.0235,-0.0225,-0.0074,0.008,0.0089,0.0145,0.0099,0.0085,0.0088
2018-04-03,12.5948,40.4815,SE,,0.0712,0.0597,0.0652,0.0509,0.0363,0.0273,0.0195,0.0121,0.0012,-0.0015,0.0024,0.0045,0.003,0.0031,0.0043,0.0099,0.0102,0.0018,-0.022,-0.0192,0.0061,-0.0008,-0.0076,-0.0085,-0.0018,0.0054,-0.0061,0.0016,0.0092
2018-04-03,12.5948,40.4815,SO,,0.0983,0.0927,0.0823,0.0828,0.076,0.0708,0.0659,0.0528,0.0362,0.0171,0.0159,0.0107,-0.0044,-0.013,-0.0319,-0.0315,-0.0265,-0.0391,-0.0281,-0.022,-0.0017,0.0169,0.0218,0.0127,0.0229,0.0312,0.0103,0.0059,0.0037
2018-05-05,12.5943,40.4812,E,0.0333,0.0249,0.0203,0.0186,0.0127,0.0098,0.0093,0.0055,0.0017,0.0006,-0.0003,-0.0005,0.0012,-0.0022,-0.001,-0.0039,-0.0044,-0.0096,-0.012,-0.0105,-0.0088,-0.0072,1e-04,0.0054,0.0059,0.0048,0.0076,0.0089,0.0179,0.0285
2018-05-05,12.5943,40.4812,N,,0.0125,0.0058,-0.0015,-0.0028,0.0117,0.0208,0.004,0.0021,0.0006,0.0047,0.0042,0.0089,0.0077,0.0071,0.0037,0.0018,-0.0019,-0.0046,-0.0088,-0.009,-0.0094,-0.0056,-0.0018,0.0004,-0.0041,-0.0005,0.0025,0.0026,0.0029
2018-05-05,12.5943,40.4812,NE,,0.062,0.0538,0.0423,0.0322,0.0215,0.0249,0.0297,0.0291,0.0299,0.0093,0.0051,0.0042,-0.0075,-0.0061,-0.0131,-0.023,-0.0238,-0.0184,-0.0126,-0.0099,-0.011,-0.0056,-0.0009,-0.0002,0.0008,0.0086,0.0084,0.0158,0.0093
2018-05-05,12.5943,40.4812,NO,0.0412,0.0364,0.0289,0.0214,0.0138,0.0053,-0.0017,0.0034,-0.0051,-0.0113,-0.0079,-0.005,0.003,0.0059,0.0056,0.0055,0.0045,0.0061,0.0067,0.0068,0.0026,0.0046,0.0015,0.0002,-0.0003,0.0022,-0.0016,-0.0053,-0.0029,-0.004
2018-05-05,12.5943,40.4812,O,,0.0463,0.0399,0.0381,0.0305,0.0178,0.0083,0.0038,0.0042,-0.001,0.0005,0.0088,0.0121,0.0009,-0.0033,-0.01,-0.0141,-0.01,-0.009,-0.0082,-0.0097,-0.0106,-0.0081,-1e-04,-0.001,0.0016,0.0011,0.0029,0.0063,0.0116
2018-05-05,12.5943,40.4812,S,,0.0653,0.0585,0.0508,0.044,0.0425,0.0267,0.0276,0.0142,0.0103,0.0095,0.015,0.0106,0.0068,0.0005,-0.0048,-0.0109,-0.0139,-0.0145,-0.0133,-0.0123,-0.005,-0.0027,0.0042,0.0023,-0.0059,-0.0038,0.0006,0.0039,0.0093
2018-05-05,12.5943,40.4812,SE,,0.0271,0.0178,0.0108,0.0236,0.0291,0.026,0.0194,0.0142,0.0095,-0.0006,0.0011,-0.0045,1e-04,0.0015,0.0002,-0.0081,-0.0058,-0.0076,-0.0082,-0.0047,-0.003,-0.0077,-0.0027,-0.0045,0.002,0.0066,0.0139,0.0132,0.0172
2018-05-05,12.5943,40.4812,SO,,0.0547,0.0482,0.0394,0.0345,0.0318,0.0239,0.0119,0.0076,0.0083,0.0024,-0.0013,-0.0102,-0.0098,-0.0155,-0.0127,-0.013,-0.0103,-0.0037,0.0093,0.0136,0.0199,0.0133,0.0161,0.0121,0.0023,-0.0043,-0.0051,-0.0104,-0.0048
2018-05-21,12.5942,40.4848,E,,0.042,0.035,0.0296,0.0208,0.0137,-0.0006,-0.0054,-0.0055,1e-04,-0.003,-0.0025,0.0003,-0.0031,-0.0028,-0.0092,-0.0138,1e-04,-0.0022,-0.0017,-0.004,0.0096,-0.0004,0.0067,0.0139,0.0185,0.0196,0.0146,0.016,0.0162
2018-05-21,12.5942,40.4848,N,,0.0209,0.0094,0.0063,0.0002,-0.0044,0.001,-0.0025,-0.0076,-0.0065,0.0013,0.0098,0.0138,0.0119,0.0029,0.0059,-0.0015,-0.0103,-0.0117,-0.0156,-0.0222,-0.0148,-0.0087,-1e-04,0.0037,0.005,0.012,0.0206,0.025,0.0221
2018-05-21,12.5942,40.4848,NE,0.0404,0.0246,0.0125,-0.0029,0.004,0.0071,-0.0033,-0.0099,-0.0078,-0.0046,-0.0017,0.0006,0.0059,0.001,-0.0054,0.0016,0.0004,0.0002,-0.0064,-0.0099,-0.0053,-0.0083,-0.0072,-0.0064,-0.0028,0.0006,0.0034,0.0129,0.0128,0.0123
2018-05-21,12.5942,40.4848,NO,0.0068,0.0135,0.0124,0.0069,0.0106,0.0064,0.0044,0.0025,0.0029,0.0048,0.0068,0.0065,0.0064,0.0052,0.0026,-0.0033,0.0009,-0.0037,-0.0102,-0.0099,-0.0118,-0.0091,-0.0028,-0.0005,0.0003,-0.0019,0.0007,0.0039,0.0015,0.0043
2018-05-21,12.5942,40.4848,O,,0.0565,0.0459,0.0384,0.0337,0.0306,0.0247,0.0231,0.0289,0.0324,0.0318,0.027,0.0283,0.0311,0.0237,0.0176,0.0061,-0.0038,-0.007,-0.0149,-0.01,-0.0117,-0.0133,-0.0128,-0.0138,-0.0076,-0.0066,-0.0071,-0.0067,-0.0013
2018-05-21,12.5942,40.4848,S,,0.0404,0.0285,0.0273,0.0298,0.0471,0.0805,0.0422,-0.0009,0.0178,0.0322,0.0337,0.0317,0.0319,0.0263,0.0154,0.0128,0.0222,0.0211,0.0107,-0.0004,-0.0021,-0.0134,-0.0105,-0.0221,-0.0258,-0.0208,-0.0232,-0.0211,-0.0072
2018-05-21,12.5942,40.4848,SE,0.0456,0.0425,0.0312,0.0234,0.0171,0.0069,0.0038,0.0073,-0.0112,-0.0165,-0.0048,0.0,0.0126,0.0172,0.0175,0.0153,0.0112,0.0031,-0.0053,-0.0112,-0.0104,-0.0079,-0.0035,-0.0057,-0.0051,-0.0056,-0.0012,0.0049,0.0103,0.0111
2018-05-21,12.5942,40.4848,SO,0.0884,0.0766,0.0664,0.0613,0.0467,0.0381,0.0315,0.0405,0.034,0.0359,0.0333,0.0236,0.0243,0.0116,0.0034,-0.0116,-0.0139,-0.0098,-0.0128,-0.0091,-0.0123,-0.006,-0.0172,-0.0131,-0.0137,-0.0117,-0.0029,0.006,0.0062,0.0119
2018-06-22,12.5951,40.481,E,0.0491,0.0447,0.0371,0.0272,0.0213,0.0137,0.0094,0.0071,0.0057,0.0085,0.0057,0.0013,0.0003,1e-04,-0.0051,-0.0074,-0.0106,-0.0098,-0.0048,-0.0027,-1e-04,-0.0033,-0.0009,-0.0028,-0.0007,0.0004,0.0032,0.0063,0.0166,0.0139
2018-06-22,12.5951,40.481,N,,0.0644,0.0593,0.0485,0.0246,0.0037,0.0034,0.0126,0.0128,0.0061,0.0018,0.0041,0.0087,0.0046,0.0074,-0.0068,-0.0071,-0.0118,-0.0118,-0.0103,-0.0084,-0.007,-0.0083,-0.0023,0.001,0.005,0.0042,0.006,0.0047,0.0022
2018-06-22,12.5951,40.481,NE,,0.0616,0.0521,0.0472,0.0388,0.0323,0.0251,0.0183,0.0088,0.0061,0.008,0.0066,-0.002,1e-04,-0.0072,-0.0123,-0.0175,-0.0089,-0.0051,-0.0041,-0.0065,-0.0002,-0.0003,0.0004,0.0059,0.0071,0.0091,0.0083,0.0081,0.012
2018-06-22,12.5951,40.481,NO,0.0425,0.0422,0.042,0.0396,0.0326,0.0242,0.0181,0.0121,0.012,0.0126,0.0048,0.0031,0.0003,-0.0024,-0.0041,-0.0023,-0.0029,-0.0011,-0.0025,-0.0025,-0.0029,0.0026,0.0017,0.0041,0.0085,0.0098,-0.0006,0.005,0.0055,0.0055
2018-06-22,12.5951,40.481,O,,0.0291,0.0335,0.0226,0.0213,0.0207,0.0206,0.0162,0.0085,0.0018,-0.0057,-0.0027,-0.0006,0.0005,0.003,0.0089,-0.0064,-0.0069,-0.0104,-0.0088,-0.0073,-0.0063,-0.0066,-0.0107,-0.0055,-0.0041,0.0006,0.0038,0.0112,0.006
2018-06-22,12.5951,40.481,S,,0.0699,0.0666,0.0618,0.0603,0.0602,0.0559,0.0478,0.041,0.0324,0.0256,0.0151,0.002,-0.0056,-0.0104,-0.011,-0.015,-0.0179,-0.0164,-0.0129,-0.0101,-0.005,0.0039,0.0059,-1e-04,-0.0034,-0.0017,0.0014,0.0021,0.0022
2018-06-22,12.5951,40.481,SE,,0.0391,0.0369,0.0333,0.0256,0.0179,0.013,0.0073,0.0031,0.0035,0.0052,0.0056,0.0031,0.0009,-0.003,-0.0016,-0.0009,-0.0036,-0.0044,-0.0014,0.0009,-0.0087,0.0059,0.0066,0.0011,0.0014,-0.0043,-0.0015,-0.0058,-0.0019
2018-06-22,12.5951,40.481,SO,,0.0564,0.0514,0.0495,0.0482,0.0475,0.0398,0.0381,0.0293,0.0196,0.013,0.0018,-0.0033,-0.0079,-0.0134,-0.0177,-0.0186,-0.0157,-0.0184,-0.0123,-0.0121,-0.0081,0.0029,0.0073,0.0076,0.0062,0.0079,0.0031,1e-04,0.0048
2018-07-08,12.5948,40.4812,E,0.0564,0.053,0.0452,0.0385,0.0288,0.0227,0.0146,0.0159,0.0164,0.0218,0.0199,0.0105,-0.0002,0.0003,-0.0034,-0.0108,-0.0135,-0.0153,-0.0127,-0.0115,-0.0068,-0.0028,-0.0002,1e-04,0.0029,0.0049,0.0079,0.0103,0.014,0.0296
2018-07-08,12.5948,40.4812,N,,0.0572,0.0443,0.0125,-0.0159,-0.0092,0.0066,0.0071,-0.0064,-0.0021,0.0016,0.0091,0.0089,0.0066,0.006,0.0016,0.0016,-0.0009,-0.0025,-0.0023,-0.0019,-0.0032,-0.0008,0.003,0.0056,0.0012,0.0018,0.0011,-0.0003,-0.0053
2018-07-08,12.5948,40.4812,NE,,0.0871,0.0761,0.0624,0.0448,0.0416,0.0215,0.0116,0.0124,0.0084,-0.0011,0.0058,0.0008,-0.0036,-0.0058,-0.0162,-0.0212,-0.0119,-0.0064,-0.0037,-1e-04,0.0035,0.0032,0.0034,0.0094,0.012,0.0107,0.0071,0.0033,0.0094
2018-07-08,12.5948,40.4812,NO,0.0466,0.0452,0.0412,0.0294,0.0091,-0.007,-0.0029,0.0041,-0.0023,-0.001,0.0021,0.0014,-0.0035,0.0006,0.0008,0.0031,0.0049,0.0077,0.0061,0.0065,0.005,0.0078,0.0083,0.0081,0.0089,0.0073,-0.0009,-0.0,0.0006,-0.0016
2018-07-08,12.5948,40.4812,O,,0.0453,0.0368,0.0268,0.0249,0.0225,0.021,0.0101,0.0057,-0.0034,-0.0009,0.0028,0.0031,0.0185,0.0156,-0.003,-0.012,-0.0066,-0.0159,-0.0153,-0.0131,-0.0116,-0.0154,-0.0151,-0.0113,-0.0046,0.001,0.0091,0.0135,0.019
2018-07-08,12.5948,40.4812,S,,0.1006,0.0899,0.0788,0.0736,0.0769,0.0728,0.0627,0.0527,0.0408,0.0313,0.0283,0.0106,-0.0002,-0.0011,-0.0203,-0.0218,-0.0224,-0.0247,-0.0206,-0.0154,-0.0122,-0.0067,0.0057,0.0081,0.0003,-0.0027,0.0048,0.0072,0.0132
2018-07-08,12.5948,40.4812,SE,,0.0502,0.0531,0.0499,0.048,0.0339,0.0214,0.0138,0.0068,0.0043,0.0003,0.0064,0.0085,0.0005,-0.0073,-0.007,-0.0049,-0.0029,-0.0039,-0.0119,-0.0017,0.003,0.0036,-0.0049,0.0098,0.0061,-0.0051,-0.0055,-0.004,-0.0022
2018-07-08,12.5948,40.4812,SO,,0.0815,0.0709,0.0647,0.0619,0.0545,0.0538,0.05,0.0359,0.0258,0.0092,0.0037,-0.0039,-0.0049,-0.014,-0.0227,-0.026,-0.0207,-0.0188,-0.0151,-0.0058,-0.0023,0.0131,0.0132,0.0148,0.0115,0.0071,0.0019,-0.0055,-0.0055
2018-07-24,12.5945,40.4851,E,,0.0535,0.0416,0.0323,0.018,-0.0033,-0.0153,-0.0125,-0.0124,-0.0111,-0.0092,-0.0076,-0.0047,-0.0027,-0.0036,-0.0041,-0.0068,-0.0069,0.005,0.0096,0.0095,0.0113,0.0186,0.0156,0.0077,0.0031,-0.0022,-0.0071,-0.0143,-0.0159
2018-07-24,12.5945,40.4851,N,,0.0919,0.0706,0.0542,0.0337,0.0183,0.0088,0.0003,-0.0016,0.0002,0.0015,0.0046,0.0072,0.0052,0.0039,-0.0007,-0.0025,0.0016,-0.0036,-0.0053,-0.0023,-0.0037,0.0004,0.0016,0.0034,0.0028,0.0025,0.0027,0.0022,0.0054
2018-07-24,12.5945,40.4851,NE,0.0568,0.0538,0.0407,0.0359,0.0205,0.0081,-0.0027,0.0019,-0.0004,0.0089,0.0127,0.0111,0.0107,0.0016,-0.0041,0.0016,0.0037,0.0027,0.0014,0.0006,-0.0061,-0.0107,-0.0097,-0.0105,-0.011,-0.0076,-0.0046,-0.0005,0.001,0.0035
2018-07-24,12.5945,40.4851,NO,0.0636,0.0509,0.038,0.0327,0.022,0.016,0.0145,0.0108,0.0146,0.011,0.0085,0.0019,-0.0013,-0.005,-0.0062,-0.007,-0.0077,-0.0082,-0.0076,-0.0071,-0.0068,-0.0044,-0.0032,-0.0004,0.0002,0.0032,0.0037,0.0034,0.0047,0.0074
2018-07-24,12.5945,40.4851,O,,0.0439,0.0302,0.0189,0.0132,0.0091,0.0078,0.0059,0.0047,0.0048,0.0059,0.0004,-0.0036,-0.0051,-0.0006,0.0012,-0.0012,-0.0077,-0.0068,-0.0075,-0.0043,-0.005,-0.0019,-0.0018,-0.0002,-1e-04,0.007,0.0046,0.0083,0.0078
2018-07-24,12.5945,40.4851,S,,0.0622,0.0451,0.0241,0.0093,0.0039,0.0037,0.0057,-0.0098,-0.0188,-0.0055,0.005,0.0045,0.0124,0.0123,0.0125,0.0095,0.0081,0.0088,0.0096,0.008,0.004,0.0021,0.0,-0.0017,-0.0071,-0.011,-0.009,-0.007,-0.0079
2018-07-24,12.5945,40.4851,SE,0.0309,0.0307,0.0184,0.0106,0.0058,-0.0029,-0.0045,0.0063,0.0008,-0.0179,-0.004,-0.005,0.0082,0.0123,0.0056,0.0011,-0.0036,-1e-04,0.0011,-0.0012,-0.0031,0.0002,0.0017,0.0024,0.0022,0.0007,0.0002,-0.0034,-0.0047,-0.0083
2018-07-24,12.5945,40.4851,SO,0.0655,0.0641,0.0528,0.0452,0.0299,0.015,0.0007,-0.009,-0.0095,-0.0113,-0.0199,-0.0164,-0.014,-0.0141,-0.0047,0.0025,0.0058,0.0052,0.007,0.0098,0.005,0.0017,0.0024,-0.0036,-0.0035,-0.0008,0.0026,0.0066,0.0008,0.0033
2018-08-09,12.5942,40.484,E,,0.0446,0.0383,0.0281,0.0205,0.0176,0.0108,0.0046,0.0005,-0.0024,-0.0036,-0.0017,-0.0042,-0.0045,-0.0024,-0.0048,-0.0059,-0.0132,-0.0127,-0.0094,-0.0125,-0.0107,-0.0045,-0.0011,0.0042,0.0081,0.0101,0.0083,0.0097,0.0161
2018-08-09,12.5942,40.484,N,,0.0244,0.02,0.0169,0.0101,0.0031,-0.0014,-0.007,-0.0066,-0.0066,-0.0044,-0.0051,-0.0032,0.0003,0.0031,0.0068,0.0085,0.0069,0.0032,-1e-04,-0.0046,-0.0035,-0.0053,-0.0076,-0.0037,-0.0019,0.0021,0.0032,0.0051,0.0056
2018-08-09,12.5942,40.484,NE,0.0235,0.0207,0.0158,0.0078,0.0023,-0.0064,-0.01,-0.0119,-0.0192,-0.0161,-0.0142,-0.012,-0.0076,-0.0061,0.001,-0.0,-0.0006,-0.0011,-0.0035,-0.0017,-0.0017,-0.0023,0.0042,0.0012,-0.0014,-0.0007,0.0017,0.0052,0.0075,0.0091
2018-08-09,12.5942,40.484,NO,-0.011,-0.0103,-0.0065,-0.0048,-0.0021,0.0015,0.0055,0.0078,0.0088,0.0065,0.0055,0.0053,0.0018,0.001,0.0009,-1e-04,-0.0014,-0.0037,-0.0067,-0.008,-0.0084,-0.0073,-0.0064,-0.004,-0.0013,0.0006,-0.0004,0.001,0.0028,0.0027
2018-08-09,12.5942,40.484,O,,0.0346,0.0332,0.0349,0.036,0.0348,0.032,0.0338,0.0344,0.0332,0.0305,0.026,0.025,0.0228,0.0186,0.0043,-0.006,-0.0098,-0.014,-0.0223,-0.0191,-0.0241,-0.0199,-0.0157,-0.0104,-0.0096,-0.0026,-0.0029,0.0036,0.0141
2018-08-09,12.5942,40.484,S,,0.0379,0.0519,0.0735,0.0598,0.0318,0.0258,0.0291,0.0266,0.0225,0.0199,0.0198,0.0178,0.0168,0.0174,0.023,0.0147,0.0032,-0.0077,-0.0122,-0.0124,-0.0139,-0.0232,-0.0179,-0.0168,-0.0166,-0.0094,0.0007,0.0011,-0.0007
2018-08-09,12.5942,40.484,SE,0.0465,0.054,0.0603,0.0506,0.0541,0.038,0.0105,0.0085,0.0118,0.0126,0.012,0.0155,0.0158,0.0198,0.013,0.0088,-0.0019,-0.0034,-0.0049,-0.0094,-0.0103,-0.0149,-0.0136,-0.0122,-0.0092,-0.0066,-0.0051,0.005,0.0109,0.0115
2018-08-09,12.5942,40.484,SO,0.046,0.046,0.0442,0.0457,0.045,0.0401,0.0473,0.0332,0.0286,0.0282,0.0233,0.0139,0.0073,1e-04,-0.0029,-0.0075,-0.0068,-0.0071,-0.0076,-0.0051,-0.0118,-0.0191,-0.0147,-0.0047,-0.0015,-0.0039,-0.0025,0.008,0.0064,0.0136
2018-08-25,12.5948,40.4815,E,0.0751,0.0674,0.0552,0.0429,0.0318,0.0299,0.0252,0.032,0.0308,0.034,0.0338,0.031,0.0164,0.0036,-0.0057,-0.0197,-0.0203,-0.0229,-0.023,-0.0184,-0.0115,-0.0035,-0.0002,0.0014,0.005,0.0024,0.0041,0.0083,0.0131,0.0157
2018-08-25,12.5948,40.4815,N,,0.0494,0.0351,0.0188,0.008,0.0054,0.0033,0.018,0.0068,0.0119,0.0031,0.0037,-0.0105,-0.0131,-0.0098,-0.0147,-0.0099,-0.0107,-0.0073,-0.0077,-0.006,-0.0026,0.001,0.0052,0.0098,0.007,0.0076,0.0074,0.0032,-0.0056
2018-08-25,12.5948,40.4815,NE,0.0832,0.0801,0.0608,0.0422,0.0273,0.0198,0.0177,-0.0048,-0.0012,-0.0017,-0.0057,-0.0006,-0.0046,-0.0116,-0.0209,-0.015,-0.015,-0.0036,0.0014,0.0029,0.0077,0.0072,0.0068,0.0116,0.0101,0.0065,0.006,0.0059,0.0062,0.0069
2018-08-25,12.5948,40.4815,NO,0.0122,0.0096,0.0088,0.005,-0.0071,-0.0176,-0.0141,-0.0123,-0.0067,-0.0027,-0.0006,0.0014,0.0024,0.0009,0.0027,0.0071,0.0085,0.0091,0.008,0.006,0.0076,0.0104,0.0079,0.0072,0.0013,0.0023,-0.0021,-0.0082,-0.0015,0.0021
2018-08-25,12.5948,40.4815,O,,0.0243,0.0265,0.0143,0.0175,0.0082,0.0166,0.0047,-0.0016,0.0036,-0.002,-0.012,-0.0101,0.0131,0.022,0.0077,0.0045,-0.0096,-0.0183,-0.0209,-0.0207,-0.0199,-0.0184,-0.0124,-0.0108,-0.0048,0.0018,0.0099,0.0107,0.0154
2018-08-25,12.5948,40.4815,S,,0.1183,0.1046,0.0926,0.0831,0.0751,0.0813,0.0679,0.0553,0.0504,0.0472,0.0324,0.0181,0.002,-0.0069,-0.0114,-0.0292,-0.0286,-0.0305,-0.0319,-0.0279,-0.0202,-0.0197,-0.0079,0.0052,0.0108,0.0148,0.0097,0.0095,0.0097
2018-08-25,12.5948,40.4815,SE,,0.0801,0.0683,0.0645,0.0492,0.0345,0.024,0.0115,0.0024,0.0006,0.0013,0.0021,0.0052,0.0009,-1e-04,-0.0037,-0.0034,-0.0082,-0.0072,-0.0162,-0.0116,0.0105,-0.0008,-0.003,0.0024,-0.0006,0.0043,-0.0087,-0.0092,-0.0078
2018-08-25,12.5948,40.4815,SO,,0.0901,0.0839,0.0753,0.0755,0.0738,0.076,0.0588,0.0548,0.0302,0.0173,0.0186,0.0077,-0.0075,-0.0127,-0.0273,-0.0292,-0.0242,-0.0368,-0.0325,-0.022,-0.0137,-0.0036,0.0077,0.0072,0.0236,0.0247,0.0166,0.0144,0.0102
2018-09-10,12.5926,40.4848,E,,0.0309,0.0301,0.0279,0.0282,0.0265,0.0274,0.0249,0.0208,0.0139,0.011,0.0045,-0.0015,-0.005,-0.0033,-0.0049,-0.0062,-0.0044,-0.0013,-0.005,-0.0049,-0.0039,-0.0011,0.009,0.0103,0.0053,0.0053,-0.0022,0.0018,-0.0076
2018-09-10,12.5926,40.4848,N,,0.0169,0.0128,0.011,0.0062,0.0007,-0.0023,-0.0048,-0.0075,-0.0035,0.0004,0.0022,-0.0027,1e-04,-0.001,0.0007,0.0021,0.0025,0.0009,-0.0028,-0.0018,-0.0014,0.0004,0.0011,0.001,0.0025,0.0006,0.0013,0.0052,0.0066
2018-09-10,12.5926,40.4848,NE,0.0159,0.0157,0.0123,0.0094,0.0062,0.0025,-0.0024,-0.0058,-0.0059,-0.0031,-0.006,-0.0027,-0.0057,-0.0011,0.0005,0.0065,0.0058,0.0041,0.0071,-0.007,-0.0057,-0.0092,-0.0088,-0.0055,-0.004,-0.0036,-0.0039,0.0004,-0.0014,0.0003
2018-09-10,12.5926,40.4848,NO,0.0095,0.0106,0.0104,0.0102,0.0103,0.0088,0.0085,0.0083,0.007,0.0076,0.0021,-0.0042,-0.0071,-0.0066,-0.0049,-0.0027,-0.0026,-0.0018,-0.0021,-0.0021,-0.0011,0.0026,0.0035,0.0031,0.0028,-0.0006,0.0015,-1e-04,-0.0043,-0.003
2018-09-10,12.5926,40.4848,O,,0.0517,0.0482,0.0442,0.0421,0.041,0.0396,0.0367,0.0316,0.0192,0.0074,0.0011,-0.0045,-0.0055,-0.0105,-0.0142,-0.0099,-0.0075,-0.0068,-0.0049,-0.0042,-0.0014,0.0007,0.0042,0.0063,0.0091,0.0066,0.0047,-1e-04,-0.0094
2018-09-10,12.5926,40.4848,S,,0.0402,0.0384,0.0376,0.0226,0.0106,0.0226,0.04,0.0179,-0.0038,0.001,0.0013,0.0047,0.0078,0.0141,0.0122,0.0142,0.0155,0.0141,0.0028,-0.0051,-0.0091,-0.0125,-0.0109,-0.0066,-0.0046,-0.0038,-0.0122,-0.0106,-0.0137
2018-09-10,12.5926,40.4848,SE,0.0528,0.0536,0.0504,0.0467,0.0461,0.0387,0.039,0.0318,0.028,0.0236,0.0107,0.0158,0.0082,0.0065,0.013,0.0173,0.0203,0.0183,0.0131,0.0138,0.0056,-0.0018,-0.0045,-0.0115,-0.0149,-0.0164,-0.0175,-0.0189,-0.0192,-0.0181
2018-09-10,12.5926,40.4848,SO,0.0272,0.0325,0.0322,0.0319,0.0347,0.0323,0.028,0.0291,0.0184,0.0217,0.0104,-1e-04,-0.0113,-0.0066,-0.0141,-0.0177,-0.0161,-0.014,-0.0093,-0.0113,-0.0139,-0.0193,-0.0138,-0.0115,-0.0088,0.0007,0.0055,0.0151,0.0297,0.0293
2018-09-26,12.594,40.4798,E,0.1013,0.0944,0.08,0.0755,0.0571,0.0426,0.032,0.0209,0.0182,0.0151,0.0118,0.0048,-0.0007,-0.0044,-0.0025,-0.0087,-0.01,-0.0091,-0.0109,-0.0116,-0.0122,-0.0062,-0.0051,-0.0046,-0.0006,0.0044,0.0068,0.0069,0.0081,0.0091
2018-09-26,12.594,40.4798,N,,0.0316,0.0253,0.0232,0.0211,0.0152,0.0107,0.0012,-0.015,-0.0251,-0.0168,0.009,0.0138,0.0119,0.0124,0.0122,0.014,0.0056,0.0024,-0.0021,-0.0077,-0.0061,-0.0015,-0.0033,-0.0009,0.0025,0.0016,0.002,0.0048,0.0088
2018-09-26,12.594,40.4798,NE,,0.0207,0.0097,0.0045,0.0153,0.0169,0.0107,0.0069,0.003,-0.0108,-0.0068,-0.0135,-0.009,-0.0114,-0.0045,-0.006,0.0013,-0.0071,-1e-04,-0.011,-0.0135,-0.0102,-0.0048,-0.0049,-0.0007,0.0114,0.0073,0.0106,0.0173,0.0321
2018-09-26,12.594,40.4798,NO,,0.03,0.0225,0.0176,0.0194,0.0163,0.0069,0.0083,-0.0014,-0.015,-0.0205,-0.0104,-0.0014,0.0131,0.0077,0.004,-0.0002,0.0002,0.0205,0.0008,0.0064,-0.0034,-0.0124,-0.0056,-0.004,-0.0108,-0.0045,-0.0101,1e-04,0.0123
2018-09-26,12.594,40.4798,O,,0.0603,0.0491,0.0351,0.0291,0.0266,0.0176,0.0191,0.012,0.0091,0.0076,-0.0052,-0.0198,-0.0238,-0.0262,-0.0245,-0.0301,-0.0253,-0.0277,-0.0257,-0.0227,-0.0166,-0.0106,-0.0042,0.0002,0.0048,0.0031,0.0072,0.0081,0.0142
2018-09-26,12.594,40.4798,S,,0.0938,0.0837,0.063,0.0544,0.0455,0.0376,0.0335,0.0281,0.0242,0.0153,0.0071,-0.0011,-0.0087,-0.0171,-0.0209,-0.0159,-0.0042,0.0022,0.002,-0.0005,-0.0021,-0.0018,-0.0024,-0.0022,-0.0018,-0.0016,-0.001,-0.0003,0.0051
2018-09-26,12.594,40.4798,SE,,0.079,0.0633,0.0536,0.0385,0.0317,0.0246,0.0238,0.0185,0.0128,0.0004,-0.0,-0.0025,-0.014,-0.0026,-0.0116,-0.0115,-0.0047,-0.0108,-0.011,-0.0052,0.0023,-0.0031,-0.0014,0.0008,0.0004,0.0016,0.0059,0.0057,0.0072
2018-09-26,12.594,40.4798,SO,,0.0909,0.0802,0.0668,0.0518,0.039,0.0244,0.0142,0.0083,0.0047,0.001,-0.0025,-0.0092,-0.012,-0.0108,-0.0097,-0.0007,0.0015,0.002,0.0072,0.0062,0.0039,0.0051,0.0038,0.0002,0.0014,-0.0032,0.0028,0.0025,-0.0031
2022-05-14,12.594,40.4854,E,,0.0371,0.0209,0.0004,0.0084,0.0034,0.0035,-0.0042,-0.0092,-0.0065,-0.0056,-0.0046,0.0014,0.0005,-0.0059,-0.0045,-0.0036,0.0008,0.0011,0.0111,0.0193,0.0238,0.0136,0.0097,0.0077,0.005,0.0047,0.0002,0.0069,0.0102
2022-05-14,12.594,40.4854,N,,-0.0072,-0.0135,-0.0102,0.0055,0.0002,-0.0103,-0.0095,0.0026,0.0038,-0.0026,0.0009,0.0088,0.0017,-0.0026,-0.0172,-0.0131,-0.0197,-0.0162,-0.0049,0.0008,0.0004,0.0008,0.0056,0.0081,0.0173,0.0118,-0.0016,0.003,-0.0038
2022-05-14,12.594,40.4854,NE,0.0128,-0.0047,-0.0109,-0.027,-0.0153,-0.0138,-0.0135,-0.01,-0.0128,-0.0091,-0.0049,-0.0008,0.0031,0.0107,-0.0032,-0.0047,-0.0029,-0.0126,-0.0083,0.0024,-0.0049,0.004,0.0056,0.0047,0.0029,0.0029,0.0058,0.0062,0.0033,0.0046
2022-05-14,12.594,40.4854,NO,0.0214,0.0022,-0.0063,-0.0094,0.003,0.0089,0.0087,0.0054,0.001,-0.0018,0.001,-0.0012,-0.0002,-0.0051,-0.0028,-0.0124,-0.0107,-0.0116,-0.0028,0.0027,-0.0016,0.001,0.0028,-0.0041,-0.0024,0.0028,0.0089,0.0114,0.0028,0.004
2022-05-14,12.594,40.4854,O,,0.0541,0.0414,0.0405,0.0431,0.041,0.0334,0.0337,0.0378,0.0323,0.0239,0.0188,0.0291,0.0294,0.017,0.0058,0.0054,-0.0063,-0.0136,-0.0212,-0.0178,-0.0163,-0.0192,-0.0207,-0.0184,-0.0173,-0.0166,-0.0146,-0.0106,-0.0052
2022-05-14,12.594,40.4854,S,,0.0537,0.0264,0.0056,0.0098,0.0152,0.0248,0.0401,0.046,0.0136,-0.0175,0.0066,0.023,0.0309,0.028,0.0147,0.007,0.0046,0.003,0.0188,0.0113,0.0026,-0.0036,-0.0166,-0.0228,-0.01,-0.0107,-0.0262,-0.028,-0.0299
2022-05-14,12.594,40.4854,SE,0.0517,0.0475,0.0387,0.0377,0.0237,0.0195,0.0238,0.0196,0.0174,0.0183,0.0033,-0.0314,-0.0146,0.0025,0.0108,0.0168,0.0179,0.0278,0.0242,0.021,-0.0052,-0.021,-0.0133,-0.0087,-0.0082,-0.019,-0.0139,-0.011,-0.0046,0.0002
2022-05-14,12.594,40.4854,SO,0.075,0.0679,0.0431,0.0412,0.0239,0.0253,0.0171,0.025,0.0299,0.0366,0.032,0.0238,0.0152,0.0135,0.0194,0.0045,-0.019,-0.0118,-0.0085,-0.0105,-0.0165,-0.0091,0.0022,-0.0087,-0.011,-0.004,-0.0029,-0.0,0.0061,0.0009
