date,center_lat,center_long,direction,15m,45m,75m,105m,135m,165m,195m,225m,255m,285m,315m,345m,375m,405m,435m,465m,495m,525m,555m,585m,615m,645m,675m,705m,735m,765m,795m,825m,855m,885m
2000-03-28,50.6888,156.0183,E,0.006,0.0021,-0.0026,0.0032,0.009,0.0096,0.0073,0.0224,,,,,,,,,,,,,,,,,,,-0.0008,-0.0009,1e-04,0.0012
2000-03-28,50.6888,156.0183,N,0.0096,0.0032,,-0.0057,-0.0058,-0.0059,-0.006,-0.0041,-0.0004,0.0015,-0.0006,0.0011,-0.0013,0.0026,-0.0013,-0.0032,0.0063,0.0062,0.0073,0.0035,0.0025,0.0015,0.0016,0.0018,0.0028,0.0027,0.0025,-0.0005,0.0007,0.0006
2000-03-28,50.6888,156.0183,NE,,0.0124,0.0123,0.0163,0.0309,0.0405,0.0317,0.0086,0.0038,0.0049,0.0062,0.0067,0.0049,0.0017,-0.0013,-0.0006,0.0002,-0.0035,-0.0022,-0.0024,-0.0055,-0.0055,0.0,,-0.0048,-0.0048,-0.0048,,,
2000-03-28,50.6888,156.0183,NO,,,,0.0087,0.0086,0.0088,,,,-0.0006,-0.0004,-0.0004,,,0.0032,-0.001,0.0065,0.0064,0.0062,0.0058,0.0017,-0.0025,-0.0021,-0.0018,-0.0056,-0.0055,,,-0.0005,-0.0007
2000-03-28,50.6888,156.0183,O,,0.0291,,0.0126,0.0042,0.0084,0.0084,,,,,,,,,,,,,,,,,,,,,,,
2000-03-28,50.6888,156.0183,S,0.0229,0.0168,0.0066,0.0045,0.0023,-0.0019,-0.0021,-0.0022,-0.0022,-0.0022,-0.0022,-0.0021,-0.0018,-0.0016,0.0021,0.0019,-0.0017,-0.0018,,,-0.0025,-0.0026,-0.0025,0.0014,0.0013,0.0012,0.0012,0.0011,0.0009,0.0009
2000-03-28,50.6888,156.0183,SE,,0.0284,0.021,,0.0177,0.0128,0.0079,,,,,,,,,,,,,,,,1e-04,-0.0009,-0.0017,-0.0019,1e-04,-0.0002,-0.0003,0.0023
2000-03-28,50.6888,156.0183,SO,,0.0172,0.0091,,,-0.0033,-0.0032,-0.003,-0.0032,-0.0031,0.0012,0.0052,0.0054,0.0054,0.0034,0.0013,-0.0027,-0.0028,-0.0029,-0.0028,-0.0031,-0.0034,-0.0036,-0.0037,-0.0039,-0.0003,-0.0004,-0.0005,0.0035,0.0035
2000-09-20,50.6897,156.018,E,0.0577,0.0517,0.0309,0.0057,0.0127,0.0167,0.0266,0.022,0.0243,0.0158,-0.003,-0.0124,-0.0142,-0.0134,-0.0141,-0.005,0.0069,0.0139,0.0093,0.0035,0.0083,0.0049,0.0021,-0.0013,0.0027,0.0109,0.0089,-0.0124,-0.0264,-0.0049
2000-09-20,50.6897,156.018,N,0.0163,0.0171,0.0203,0.0078,0.0238,0.0346,0.0251,0.0226,-0.0245,-0.015,-0.007,-0.0069,-0.0098,-0.0468,-0.0335,-0.0203,-0.0117,-0.0103,-0.0058,0.0009,0.0099,0.016,0.0212,0.0165,0.0182,0.0232,0.023,0.0058,-0.0084,-0.0289
2000-09-20,50.6897,156.018,NE,,0.0702,0.0722,0.0722,0.0584,0.0376,0.0396,0.0415,0.0527,0.0612,0.0619,0.061,0.0508,0.0437,0.0157,0.0187,0.0164,0.0091,-0.0175,-0.0347,-0.0231,-0.0303,-0.0316,-0.0261,-0.0317,-0.0431,-0.0223,-0.0122,0.0036,0.0002
2000-09-20,50.6897,156.018,NO,,0.0192,-0.0002,0.0007,0.0168,0.0197,0.0061,0.0074,0.0169,0.0196,0.0171,-0.0105,-0.0152,-0.0053,0.02,0.0383,0.0356,0.0415,0.0271,0.0196,0.0084,-0.0025,-0.0024,-0.0141,-0.0269,-0.0295,-0.0289,-0.0156,0.0032,0.0177
2000-09-20,50.6897,156.018,O,,0.0234,-0.0022,0.0085,0.025,0.0235,0.0124,0.0089,-0.0041,-0.0041,-0.0013,-0.0019,0.0073,0.0184,0.0253,0.0339,0.0306,0.022,0.0128,0.0082,0.013,0.01,0.0106,0.007,-0.0012,0.0044,0.0083,0.0044,-0.0073,-0.0066
2000-09-20,50.6897,156.018,S,0.0787,0.0504,0.0365,0.011,-0.0135,0.004,0.0356,0.0478,0.0438,0.0389,0.0329,0.0167,0.0089,-0.0139,-0.0262,-0.0194,-0.0184,-0.0138,-0.0204,-0.0233,-0.0217,-0.0166,-0.0023,-0.0009,0.0089,0.0023,0.0095,0.0082,0.0065,0.0111
2000-09-20,50.6897,156.018,SE,,0.0604,0.0311,0.0109,0.014,0.0121,0.0181,0.0413,0.0522,0.0475,0.0344,-0.0188,-0.022,-0.0335,-0.0319,-0.0299,-0.0203,-0.006,-0.0066,-0.0113,-0.007,-0.01,-0.0136,-0.0054,-0.011,-0.0083,-0.0047,-0.0002,-0.0029,-0.0028
2000-09-20,50.6897,156.018,SO,,0.0376,0.0164,0.0114,-0.0169,-0.0336,-0.0412,-0.0239,-0.0122,-0.0086,-0.0312,-0.0251,-0.0325,-0.0395,-0.025,-0.0175,-0.0149,-0.0024,-0.0025,-0.0047,-0.016,-0.0089,-0.0063,0.0065,0.0097,0.0218,0.0162,0.0193,0.018,0.0236
2001-11-10,50.6828,156.0099,E,,0.0301,0.0297,0.0153,0.0144,0.0132,0.0108,0.0079,0.0111,0.0069,0.0058,0.0014,-0.0029,-0.0044,-0.002,-0.0018,-0.0016,-0.0049,-0.0052,,,,,,,,,,,
2001-11-10,50.6828,156.0099,N,0.0203,-0.0052,0.0048,0.011,-0.0022,-0.0013,0.0051,0.0043,0.0014,-0.0013,-0.0068,-0.0026,-0.0024,-0.0009,0.0009,0.0031,0.0037,0.0054,0.0051,0.0031,-0.0006,-0.0006,-0.0034,-0.0067,-0.0087,0.0016,0.0031,0.0023,-0.0026,-0.0034
2001-11-10,50.6828,156.0099,NE,0.0413,0.0124,0.0123,0.0206,0.0202,0.0043,0.0092,0.0091,-0.0021,-0.0026,0.0038,0.0051,-0.0024,-0.0024,-0.0025,-0.0028,1e-04,1e-04,0.0005,0.0007,0.0011,0.0013,-0.0022,-0.0002,-0.0019,-0.0018,1e-04,-0.0014,-0.0012,-0.001
2001-11-10,50.6828,156.0099,NO,,-0.0034,-0.0123,0.0012,0.0008,0.0026,0.0023,-0.0,-0.0023,-0.0011,-0.002,-0.0008,0.0003,-0.0002,-0.0018,0.0022,0.0024,0.0022,0.0003,-0.0081,0.0009,,,-0.0048,-0.003,-0.0013,0.0006,0.0022,0.0034,0.0052
2001-11-10,50.6828,156.0099,O,0.0047,0.0043,0.0007,0.0006,-0.011,-0.0038,-0.0047,-0.0053,-0.0059,-0.0056,-0.0026,-0.0037,-0.0047,-0.0048,-0.0048,-0.0084,-0.0067,-0.0052,-0.0067,,,,,,,,0.0278,0.0273,0.0278,0.0295
2001-11-10,50.6828,156.0099,S,0.0219,0.0175,0.0157,0.014,0.0139,0.0136,0.0092,0.007,0.008,0.0108,0.0104,-0.0079,-0.0118,-0.0082,-0.0079,0.0054,0.0022,0.0021,-0.0004,-0.0028,-0.0029,0.0011,0.0011,0.001,-0.0115,,,,-0.0003,0.0044
2001-11-10,50.6828,156.0099,SE,0.0311,0.0207,0.0168,0.0165,0.0209,0.015,0.0127,0.0084,0.004,0.004,0.0042,0.0021,-0.0038,-0.0042,-0.0042,-0.0082,0.0014,-0.0027,-0.0072,-0.0027,0.0018,0.0042,0.0037,0.0007,-0.0006,0.0008,0.001,-0.0008,,
2001-11-10,50.6828,156.0099,SO,0.0317,0.0276,0.0248,0.017,0.0174,0.0176,0.0107,0.0132,0.0067,0.005,0.0013,-0.0049,-0.0062,-0.0086,-0.0118,-0.0097,-0.0125,-0.0122,-0.014,-0.0176,-0.0171,-0.0154,-0.0064,-0.0073,0.0027,0.0242,0.017,0.0197,0.021,0.0221
2001-12-12,50.6903,156.015,E,,,,,,,,,,,0.0009,0.0006,0.0003,0.0003,1e-04,-0.0,-1e-04,-0.0003,-0.0006,,,,,,,,,,0.0026,0.0028
2001-12-12,50.6903,156.015,N,,,,,,,,,,,,,,,,,,,,,,0.0011,0.0055,0.0011,-0.0044,-0.0042,-0.003,0.0017,0.0017,-0.001
2001-12-12,50.6903,156.015,NO,0.0043,,,,,,,,,,,,,,,,,,,,,,,,,,,,,
2001-12-12,50.6903,156.015,O,,0.0043,,,,,,,,,,,,,,,,,,,,,,,,,,,,
2001-12-12,50.6903,156.015,S,,,,,,,,,,,,,,,,,,,-0.0,,,,,,,-0.0016,0.0006,-0.0016,,0.0027
2001-12-12,50.6903,156.015,SE,,,,,,,,,,,,,,,,,0.0029,-0.0013,0.0027,,,,,,,,,,,
2001-12-12,50.6903,156.015,SO,0.0043,,,,,,,,,,,,,,,,,,,,,,,,,,,,,
2002-05-21,50.6862,156.0178,E,0.054,0.0235,-0.0057,-0.0242,-0.09,-0.0981,-0.0901,-0.0274,-0.0618,-0.004,0.028,-0.0026,-0.0385,-0.0503,-0.0414,0.0109,0.038,0.025,0.0356,0.0479,0.0488,0.0493,0.0591,0.027,-0.0058,-0.0419,-0.0967,-0.114,-0.1029,-0.087
2002-05-21,50.6862,156.0178,N,0.1957,0.2018,0.1688,0.1625,0.1529,0.1448,0.0681,0.0678,0.0314,0.0276,0.0284,0.0075,-0.0345,-0.0561,-0.053,-0.0543,-0.0581,-0.0541,-0.0469,-0.0452,-0.0407,-0.0447,-0.0243,-0.0133,-0.0009,0.0004,0.0259,0.0146,0.0186,0.0265
2002-05-21,50.6862,156.0178,NE,,0.0644,0.0547,0.0397,0.0375,0.0123,0.0083,0.0133,0.0095,-0.0106,-0.0058,-0.0098,-0.0013,0.0453,0.0447,0.0811,0.0545,0.0596,0.0802,0.0479,0.0093,0.0011,-0.0215,-0.0149,-0.0309,-0.0487,-0.0561,-0.0269,-0.046,-0.0563
2002-05-21,50.6862,156.0178,NO,,0.2549,0.1772,0.125,0.0605,0.0255,-0.0258,-0.0218,-0.024,-0.0145,-0.0109,-0.0259,-0.0341,-0.0341,-0.0257,-0.0171,-0.0196,-0.0156,-0.0072,-0.0014,-0.0074,-0.004,-0.0051,-0.0056,-0.0089,-0.0028,0.0193,0.0035,-0.0111,-0.0101
2002-05-21,50.6862,156.0178,O,,0.2687,0.2141,0.1668,0.0816,0.0293,0.0015,-0.0087,-0.0194,-0.0259,-0.0182,-0.0181,-0.017,-0.0137,-0.0159,-0.0093,-0.0076,-0.0071,-0.0061,-0.0011,0.005,0.0105,0.0116,0.0072,0.0006,-0.0072,-0.0127,-0.0198,-0.0005,0.0046
2002-05-21,50.6862,156.0178,S,0.2181,0.1613,0.1271,0.0579,0.0468,0.0295,0.0316,0.0564,0.0665,0.0571,0.0233,-0.0091,-0.0124,0.006,0.0267,0.0463,0.0252,-0.0184,-0.0315,-0.063,-0.053,-0.0477,-0.0383,-0.0283,-0.019,-0.0139,0.0028,0.016,0.02,0.0257
2002-05-21,50.6862,156.0178,SE,,0.1883,0.1602,0.1263,0.1049,0.0913,0.0234,-0.0328,-0.0747,-0.0683,-0.0703,-0.0654,-0.0494,-0.0369,0.0105,0.0414,0.065,0.0653,0.0297,0.0171,-0.0055,-0.0177,0.0006,0.0007,-0.0063,0.0007,0.0087,0.0077,-0.0042,-0.0024
2002-05-21,50.6862,156.0178,SO,,0.1382,0.1124,0.1161,0.1029,0.0949,0.0929,0.0693,0.0375,0.0497,0.0879,0.0882,0.0368,-0.0274,-0.006,-0.0317,-0.019,-0.0416,-0.0577,-0.0501,-0.0449,-0.0389,-0.0332,-0.0184,-0.0073,0.0041,0.0119,0.02,0.0348,0.0537
2003-04-22,50.6867,156.0178,E,,,,,0.0098,0.0057,,,0.0064,-0.0005,-0.0046,0.0011,0.0112,0.0076,,0.0022,-0.0087,-0.002,,,,,,,,,,,,
2003-04-22,50.6867,156.0178,N,,,,,,,,,,-0.0013,-0.0036,0.0004,0.0004,0.0045,0.0044,0.0083,0.0042,,,,,-0.0062,-0.0063,-0.0062,-0.0055,0.0007,-0.0026,-0.0013,0.0,0.0004
2003-04-22,50.6867,156.0178,NE,,,,-0.0065,-0.0064,-0.0021,,,,,,0.0067,0.0007,-0.0011,0.0007,-0.0051,-0.005,-0.0047,-0.0047,-0.0048,,,,0.0038,0.0038,,0.0041,0.0063,,
2003-04-22,50.6867,156.0178,NO,0.0179,0.0179,0.0179,,,,,,,0.0017,0.0016,-0.0005,-0.0027,0.0017,0.0017,,,,,,,,,0.0019,0.0019,-0.0024,-0.0024,-0.0005,0.0014,0.0011
2003-04-22,50.6867,156.0178,O,,0.0211,0.0211,,,,,,,,,,,,,,,,,,,,,,,,,,,
2003-04-22,50.6867,156.0178,S,0.0169,0.0127,0.0085,,,,,,,,,,,,,,,,,,,,,,,,,,0.0,0.0
2003-04-22,50.6867,156.0178,SE,,0.0085,,,,,,,,,,,,,,,0.0,,,,,,,,,,,,,0.0
2003-04-22,50.6867,156.0178,SO,,0.0169,0.0043,,,,,,,,,,,,,,,,,,,,,,,,,,,
2003-05-24,50.6864,156.0178,E,0.0464,0.0298,0.0298,,,,,,,,,,,,,,,,,,,,,,,,,,,
2003-05-24,50.6864,156.0178,N,0.0364,0.0366,0.0222,0.014,0.0121,0.0081,0.004,0.0041,-0.0041,0.0002,0.0004,0.0089,0.0047,0.0132,0.005,0.0094,-0.0009,0.0015,0.0013,-0.0028,-0.0026,-0.0026,-0.0023,-0.002,-0.0018,-0.0064,-0.0048,-0.0023,0.0009,0.0016
2003-05-24,50.6864,156.0178,NE,,0.0312,0.0186,,,,,,,-0.0082,-0.0083,-0.0084,0.0,-1e-04,0.0041,0.0083,0.0037,-0.0024,-0.0004,-0.0008,-0.0051,-0.0049,-0.0014,-0.0006,-0.0003,-0.001,-0.0013,-0.0016,-0.0014,-0.0007
2003-05-24,50.6864,156.0178,NO,0.0324,0.03,0.0356,0.0275,0.028,0.0168,0.0076,-0.0028,,,,,,,,,,,,,0.0021,,,-0.0002,-0.0009,-0.0015,-0.0031,,,
2003-05-24,50.6864,156.0178,O,,0.0505,0.0381,0.0214,,,,,,,,,,,,,,,,,,,,,,,,,,
2003-05-24,50.6864,156.0178,S,0.0546,0.0423,,,,,,,,,,,,,,,,,,,,,,,,,,,,
2003-05-24,50.6864,156.0178,SE,,0.034,,,,,,,,,,,,,,,,,,,,,,,,,,,,
2003-05-24,50.6864,156.0178,SO,,0.0422,0.0172,0.0087,,,,,,,,,,,,,,,,,,,,,,,,,,
2003-09-29,50.6846,156.0164,E,0.0975,0.1056,0.1036,0.0939,0.0813,0.0482,0.0557,0.0412,0.0249,-0.008,-0.0204,-0.0104,-0.0541,-0.0615,-0.0519,0.0194,,,,-0.0004,,0.0403,0.0467,0.0351,0.0102,-0.0016,0.0072,0.0146,0.0138,-0.0077
2003-09-29,50.6846,156.0164,N,0.0768,0.0722,0.0715,0.071,0.0567,0.0487,0.0364,0.0291,0.0134,-0.0075,-0.0148,-0.0333,-0.0235,-0.0118,-0.0036,-0.0004,0.0153,0.0471,,,,,,,,,,,,
2003-09-29,50.6846,156.0164,NE,,0.0371,0.0344,0.0314,0.0311,0.0303,0.0316,0.0297,0.0235,0.0164,0.0051,-0.0046,-0.0069,-0.0099,-0.0012,-0.0064,-0.0111,-0.0125,-0.0154,-0.0031,0.0228,0.0368,0.0229,0.0125,0.0006,-0.0034,0.0238,0.0157,0.0108,0.008
2003-09-29,50.6846,156.0164,NO,0.0713,0.0672,0.0643,0.0539,0.0501,0.0414,0.0258,0.0211,0.0144,-0.0009,-0.0151,-0.0313,-0.0304,-0.0275,-0.0214,-0.0143,0.0218,0.0309,0.0439,0.0166,-0.0025,-0.0134,-0.0189,-0.0219,-0.0163,-0.0072,0.0069,0.0048,0.0031,0.004
2003-09-29,50.6846,156.0164,O,,0.0991,0.0933,0.0852,0.0755,0.0737,0.0665,0.0568,0.0476,0.0357,0.0282,0.0095,0.0052,-0.0051,-0.0028,0.0087,0.0142,0.0143,-0.0019,-0.0064,-0.0146,-0.0135,-0.0155,-0.0143,-0.0087,-0.0091,-0.0104,,,
2003-09-29,50.6846,156.0164,S,,0.0666,0.0623,0.0581,0.0586,0.05,0.0313,0.0269,0.026,0.0264,-0.0003,0.0121,0.0078,-0.0044,0.0061,0.0012,-0.0014,0.0045,0.0016,0.0016,0.0022,0.002,-0.0005,-0.0004,0.0014,0.0017,-0.0117,-0.001,0.0036,0.0037
2003-09-29,50.6846,156.0164,SE,0.1042,0.1008,0.0861,0.0608,0.0234,-0.0011,0.0053,0.016,0.0246,0.0204,0.0202,0.0069,0.0084,-0.0066,-0.0126,-0.0127,-0.0126,-0.0126,-0.0126,-0.0126,-0.0126,-0.0088,-0.0088,0.0006,0.0056,0.0085,0.0047,0.01,0.0055,0.0071
2003-09-29,50.6846,156.0164,SO,0.0317,0.0252,0.0242,0.0203,0.0203,0.0185,0.0055,0.0189,0.0175,0.0173,0.0171,0.0207,0.0172,0.0146,0.0131,0.0108,0.0115,0.0034,0.0029,0.0044,-0.0073,-0.0117,-0.0187,-0.0228,-0.0218,-0.011,-0.0068,0.0021,0.008,0.0072
2004-08-30,50.6849,156.016,E,0.0887,0.0845,0.0658,0.0289,0.0027,-0.0013,0.0151,0.0113,-0.006,-0.0051,-0.0175,-0.0194,-0.0357,-0.0393,-0.0341,-0.0073,0.0013,0.0197,0.0235,0.0271,0.0304,0.0299,0.0085,0.0115,0.0242,0.0317,0.0253,0.0102,-0.0028,-0.0305
2004-08-30,50.6849,156.016,N,0.0366,0.0345,0.0278,0.0296,0.0293,0.023,0.0223,0.0132,0.0151,0.0133,0.0005,-0.0039,-0.0242,-0.0405,-0.0147,-0.0064,-0.0165,-0.0134,-0.0152,-0.0054,0.0005,0.003,-0.0055,0.0027,-0.0101,0.0034,0.0023,-0.0038,-0.0028,0.0022
2004-08-30,50.6849,156.016,NE,0.0247,0.0253,0.0167,0.0094,0.0098,0.0072,-0.0034,-0.0156,-0.0139,-0.0185,-0.0145,-0.0082,-0.0066,-0.0094,-0.0037,-0.0008,0.0036,0.0023,0.0041,0.0062,0.0048,1e-04,-0.0028,0.0045,0.0097,0.0105,0.0165,0.0095,0.0018,-0.0007
2004-08-30,50.6849,156.016,NO,,0.0729,0.0683,0.0639,0.0639,0.0465,0.0346,0.0275,0.0197,0.0147,0.0067,-0.0031,-0.0184,-0.0239,-0.0209,-0.0179,-0.0012,0.0175,0.0377,0.0531,0.0534,0.0487,0.037,0.0178,0.0134,0.0092,-0.0223,-0.0297,-0.0122,-0.0163
2004-08-30,50.6849,156.016,O,0.0878,0.0813,0.0793,0.0721,0.0574,0.0409,0.0107,-0.0244,-0.0374,-0.0373,-0.0349,-0.0329,0.0031,-0.0315,-0.0023,-0.0035,-0.029,-0.0281,0.0114,0.0143,0.0165,0.0179,0.0153,0.0087,0.0036,0.0017,0.0083,-0.0008,0.0019,0.0009
2004-08-30,50.6849,156.016,S,0.0527,0.0495,0.0263,0.0251,0.0251,0.0019,0.0021,0.0121,0.01,0.008,-0.0077,0.0085,-0.0085,-0.0077,0.0018,0.0061,0.0127,0.0155,0.0144,0.0166,0.0141,0.0137,0.0101,0.0128,0.014,0.0034,0.0074,-0.0031,-0.0045,-0.0174
2004-08-30,50.6849,156.016,SE,,0.0927,0.0603,0.0273,0.0094,0.0149,0.016,0.014,0.0238,0.0199,0.0247,0.0143,-0.0104,-0.0288,-0.033,-0.0217,-0.0171,-0.0122,-0.0035,-0.0017,0.0015,0.0059,0.015,0.0073,0.0088,0.0156,0.0167,0.0051,0.0077,0.0047
2004-08-30,50.6849,156.016,SO,,-0.0071,-0.0133,-0.0086,-0.0031,-0.0111,-0.0046,-0.0019,0.0066,0.0153,0.0217,0.0293,0.031,0.0289,0.0294,0.0278,0.0203,0.0134,-0.0049,0.001,-0.0114,-0.0115,-0.0132,-0.0278,-0.0257,-0.0102,-0.0095,-0.0004,-0.0034,0.0024
2004-09-15,50.6854,156.0164,E,0.0503,0.0125,0.0064,-0.0056,0.0172,0.0082,-0.013,-0.0017,,,,0.02,0.0217,0.0238,0.0199,0.0373,0.0413,0.0339,0.0189,0.0181,-0.0236,-0.0326,-0.0222,-0.0186,-0.0183,-0.0168,-0.0269,-0.0257,,
2004-09-15,50.6854,156.0164,N,0.0199,0.0223,0.025,0.0237,0.0232,0.0241,0.0259,0.0322,0.0171,0.0053,0.0082,-0.0085,-0.0008,0.0149,-0.0122,-0.0073,-0.0145,-0.0051,-0.0159,-0.0225,-0.0123,-0.018,-0.0171,-0.0219,-0.0148,-0.0111,0.0053,-0.0068,-0.004,-0.0015
2004-09-15,50.6854,156.0164,NE,,0.0253,0.0193,0.0196,0.0218,0.0072,-0.0044,-0.0036,0.0077,0.0105,0.0083,0.0048,0.0089,0.0065,0.0087,-0.0108,-0.0189,-0.006,-0.0028,-0.0018,-0.0062,-0.0059,0.0046,0.0066,0.0181,0.007,-0.0105,-0.0065,0.0056,0.0195
2004-09-15,50.6854,156.0164,NO,0.0566,0.0456,0.0401,,,,,,,,,,,,,-0.0161,0.002,0.0158,0.0087,0.0195,0.0201,0.0165,0.0106,0.0072,0.0062,-0.0041,0.0015,-0.0066,-0.007,-0.0098
2004-09-15,50.6854,156.0164,O,,0.0883,0.0792,,,,,,,,,,,,,0.0226,0.0372,0.0103,-0.0004,-0.0228,-0.0231,-0.0191,0.0119,0.0069,-0.0021,-0.0064,-0.0061,-0.0051,0.0061,0.0066
2004-09-15,50.6854,156.0164,S,0.0619,0.0472,0.0199,-0.0028,0.0009,0.0256,0.0249,0.0065,0.0181,0.0201,-0.0035,-0.012,-0.0053,-0.0042,0.0007,-0.004,-0.006,-0.0008,0.0022,0.0148,0.0036,0.0015,0.0094,0.0095,0.0053,0.0079,0.0039,-0.0098,-0.0361,-0.0356
2004-09-15,50.6854,156.0164,SE,0.046,0.0341,0.0042,-0.014,-0.0034,0.0187,-0.0022,-0.0311,0.022,0.0216,,,,,,,,-0.0217,-0.0165,-0.0078,-0.021,-0.0026,-0.0004,0.0093,0.0071,0.016,0.0095,0.0047,0.0021,0.0087
2004-09-15,50.6854,156.0164,SO,,-0.0277,-0.0298,-0.0249,-0.0269,-0.0252,-0.0248,-0.0246,-0.0296,-0.0093,-0.0021,0.0097,0.017,0.0225,0.0225,0.0186,0.0186,0.018,0.0211,0.0185,0.0175,0.0086,0.0048,-0.0006,-0.0108,-0.0202,-0.0163,-0.0107,-0.0044,-0.0018
2004-11-02,50.6839,156.0125,E,0.0126,,,,,,,,,,,,,,,,,,,,,,,,,,,,,
2004-11-02,50.6839,156.0125,N,,0.0105,0.0084,,,,,,,,,,,,,,,,,,,,,,,,,,,
2004-11-02,50.6839,156.0125,NE,0.0127,,,,,,,,,,,,,,,,,,,,,,,,,,,-0.0,-0.0,-0.0
2004-11-02,50.6839,156.0125,NO,0.0126,0.0126,0.0126,0.0126,,,,,,,,,,,,,,,,,,,,,,,,,,
2004-11-02,50.6839,156.0125,O,0.0123,0.0123,0.0083,0.0041,0.0041,,,,,,,,,,,-0.0,,-0.0,,,,,,,,,,,,
2004-11-02,50.6839,156.0125,S,,0.0105,0.0084,0.0043,,,,,,,,,,,,,,,,,,,,,,,,,,
2004-11-02,50.6839,156.0125,SE,0.0084,,,,,,,,,,,,,,,,,,,,,,,,,,,,,
2004-11-02,50.6839,156.0125,SO,0.0126,0.0125,0.0125,0.0043,,,,,,,,,,,,,,,,,,,,,,,,,,
2005-05-29,50.6862,156.0178,E,0.0734,0.078,0.0205,0.0067,-0.0159,-0.0183,-0.0272,-0.002,-0.0339,-0.0189,-0.0276,-0.0317,-0.0534,-0.055,-0.0481,-0.0373,-0.0111,-0.0051,0.0141,0.0238,0.0367,0.0423,0.0384,0.0017,-0.0245,-0.0291,-0.0258,-0.0235,-0.02,-0.0191
2005-05-29,50.6862,156.0178,N,0.1635,0.1625,0.1185,0.1039,0.0672,0.0438,0.0158,0.0078,0.0037,0.0024,0.0011,-0.0009,-0.0015,0.0024,-0.0007,-0.0012,-0.0013,-0.0011,-0.0007,-0.0,0.0,-0.0012,-0.0017,-0.0016,-0.0018,-0.0007,-0.0008,-0.0004,-0.0024,-0.0007
2005-05-29,50.6862,156.0178,NE,,0.1188,0.1002,0.0662,0.0587,0.0829,0.0606,0.03,0.017,0.0024,-0.0052,-0.0047,-0.002,0.0004,0.0059,0.0104,0.0103,0.0053,0.0044,-0.0003,1e-04,-0.0033,-0.0059,-0.005,-0.0052,-0.0054,-0.0059,-0.0075,-0.008,-0.0094
2005-05-29,50.6862,156.0178,NO,,0.1568,0.1161,0.0862,0.0568,0.0197,0.007,0.003,0.0028,-0.0013,-0.0014,-0.0015,-0.0012,0.0029,0.0025,-0.0015,-0.0013,0.0005,-0.001,-0.0011,-0.0012,-0.0013,-0.0013,-0.0012,-0.0011,-0.0011,-0.0012,-0.0012,-0.0012,-0.0012
2005-05-29,50.6862,156.0178,O,,0.1359,0.0934,0.0411,0.0161,0.0119,0.0034,-0.0009,-0.0009,0.0033,0.0033,-0.001,-0.0011,-0.0011,-0.0011,-0.0009,-0.0009,0.0031,0.003,-0.001,-0.0011,-0.0011,-0.0012,-0.0012,-0.0012,-0.0012,-0.0012,-0.0011,-0.0011,-0.0011
2005-05-29,50.6862,156.0178,S,0.1559,0.1031,0.0706,0.0157,0.0015,0.0061,0.016,0.0347,0.0506,0.0372,0.0176,0.006,-0.0179,-0.0182,-0.0111,-0.0149,-0.0126,-0.0115,-0.0104,-0.0088,-0.0058,-0.0046,-0.0035,-0.0018,0.0,0.0014,0.0033,0.0033,0.0042,0.0052
2005-05-29,50.6862,156.0178,SE,,0.1382,0.1103,0.0468,0.0133,0.0175,0.0052,-0.006,-0.004,-0.0004,-0.0019,-0.0024,-0.0023,-0.0025,-0.0049,-0.002,-0.0046,-0.006,-0.0016,-0.0024,-0.0017,-0.0027,-0.003,-0.0025,-0.0006,-0.0023,0.0011,0.0011,0.0032,0.0045
2005-05-29,50.6862,156.0178,SO,,0.1003,0.0477,0.0113,0.0088,0.0025,0.0298,0.0116,-0.007,0.0038,-0.0074,-0.0101,-0.0098,-0.0082,-0.0074,-0.0079,-0.0072,-0.0058,-0.0043,-0.0035,-0.0027,-0.0018,-0.0002,0.0005,0.0018,0.0021,0.0028,0.0033,0.0055,0.006
2005-10-04,50.6898,156.0108,E,,-0.0129,-0.0088,,,-0.0088,-0.0022,-1e-04,-1e-04,0.0,0.0,-0.0,-1e-04,-1e-04,0.0021,,,,,,,,,,,,,,,
2005-10-04,50.6898,156.0108,N,,,,,,,,,0.0,0.0,,,0.0,0.0,0.0,0.0,,,,,,,,,,,,,,
2005-10-04,50.6898,156.0108,NE,-0.0209,,,,,,,,-0.0121,-0.0071,-0.0036,0.0022,0.0022,0.0018,0.0055,0.0038,0.0038,0.0041,,0.0046,0.0077,0.0062,0.0069,,,,,,,
2005-10-04,50.6898,156.0108,SE,,,,,,0.0126,0.0104,,,,,,,,,,,,,,,,,,,,,,,
2005-10-20,50.6862,156.0178,E,0.0174,0.0053,-0.0055,-0.0076,-0.01,0.0028,,,,,,,,,,,,,,,,,,,,,-0.0075,-0.0029,0.0018,-0.0083
2005-10-20,50.6862,156.0178,N,-0.0717,,,,,,,,,,,,,,,,,,,,,,,,,,,,0.0003,0.0009
2005-10-20,50.6862,156.0178,NE,,-0.0224,-0.034,-0.0412,,,,,,,,,,,,,,,,,,,,,,,,,-0.0017,-0.0003
2005-10-20,50.6862,156.0178,NO,,,,0.0353,,,,,,,,0.0062,,0.0009,-0.0004,0.0079,,,,,,,,,,,,,,
2005-10-20,50.6862,156.0178,O,,0.0406,,0.0195,0.0153,0.0152,0.0067,0.0064,0.0064,0.0062,0.006,0.0059,-0.0064,-0.0006,-0.0127,0.0009,-0.0036,-0.0079,,,,,,,,,,,,
2005-10-20,50.6862,156.0178,S,0.0525,0.041,0.0166,0.0029,-0.0007,-0.0012,-0.0004,-0.0013,0.0033,0.0045,0.0065,0.0037,0.0032,-0.0051,-0.0041,-0.0033,-0.0041,-0.0053,-0.0043,0.0007,0.0058,0.0069,0.0022,0.0016,0.0012,0.0005,0.0024,0.0037,0.0037,0.0029
2005-10-20,50.6862,156.0178,SE,,0.0448,0.0319,0.0235,0.0148,0.0066,0.0022,,,,,,,,,,,0.0003,1e-04,-0.0002,-0.0006,-0.0009,-0.0014,-0.0018,-0.0021,0.0046,-0.0024,,,
2005-10-20,50.6862,156.0178,SO,,0.0244,,,-0.0115,-0.0005,0.0102,0.0023,0.0063,0.0061,0.0019,-0.002,-0.0013,0.0003,0.0025,-0.0015,-0.0011,-0.0011,-0.0009,0.0031,-0.0007,-0.0007,-0.0006,-0.0047,-0.0045,0.004,0.0062,0.0084,0.0085,
2006-02-09,50.6888,156.0192,E,,-0.0135,-0.0124,-0.013,-0.0148,-0.0201,0.0051,,0.0145,0.0191,0.015,0.0192,0.0106,0.0271,0.0224,0.0102,-0.0036,-0.0072,-0.0083,-0.0099,-0.0105,-0.0077,-0.0048,-0.0042,-0.0041,-0.003,-0.0011,0.0029,0.0032,0.0037
2006-02-09,50.6888,156.0192,N,0.0237,0.0094,-0.0049,-0.005,-0.0135,,,-0.0053,-0.0055,-0.0011,-0.0015,-0.0014,-0.0012,0.0024,0.0026,0.0024,0.0024,0.0021,0.0021,-0.0021,-0.0023,-0.0025,-0.0017,0.0018,0.0016,-0.0014,-0.0016,-0.0019,-0.0017,-0.0015
2006-02-09,50.6888,156.0192,NE,,-0.0073,-0.0038,-0.0039,-0.004,-0.0038,-0.0042,-0.0089,-0.0035,0.0024,-0.0019,0.0142,0.0104,0.0009,0.0114,0.0002,0.0016,0.0011,0.0004,0.0006,0.001,0.0012,-0.0019,-0.0009,-0.0021,-0.0029,-0.0026,-0.0028,-0.0037,-0.0032
2006-02-09,50.6888,156.0192,NO,,,,,,,-0.0084,-0.0064,-0.0036,-0.0003,-0.0028,0.0003,-0.0041,-0.0015,-0.0021,-0.0022,0.0007,0.0029,0.002,0.0013,0.0008,0.0015,-0.0005,-0.0033,-0.0015,-0.0011,-0.0011,-0.0003,-0.0002,-0.0004
2006-02-09,50.6888,156.0192,O,,,0.0142,,,,0.0165,0.0129,,0.0131,-0.0059,-0.0017,-0.0049,-0.0051,-0.0011,-0.0012,-0.0014,-0.0059,-0.0064,-0.0068,0.0111,-0.007,0.0056,0.0048,-0.0036,-0.0012,-1e-04,0.0005,0.0013,0.0003
2006-02-09,50.6888,156.0192,S,0.0216,0.0137,0.0017,0.0017,0.0018,0.0018,0.0018,-0.0025,-0.0025,-0.0026,-0.0026,-0.0026,,-0.0026,-0.0026,-0.0026,-0.0026,0.0055,0.0054,0.0013,0.0011,0.0009,0.0009,0.0008,0.0007,0.0007,0.0005,-0.0033,-0.0035,-0.0035
2006-02-09,50.6888,156.0192,SE,0.0284,0.0002,-0.0041,-0.0042,-0.005,-0.0096,-0.0096,-0.0089,0.0082,0.0167,-0.0022,0.0084,0.0042,0.0041,-0.0044,-0.0046,-0.0045,-0.0043,-0.0039,-0.0062,-0.0061,-0.0036,-0.0012,-0.0007,-0.0004,0.0002,0.0005,0.0006,0.0012,0.0022
2006-02-09,50.6888,156.0192,SO,,0.0002,0.0052,0.0038,-0.0059,,,,,,,,-0.001,-0.0007,0.0008,-0.0018,-0.0023,-0.0033,,,,,,,,,,,,0.004
2006-10-07,50.6859,156.0173,N,-0.0289,-0.0245,,,,,,,-0.0217,-0.0417,-0.0324,-0.0294,-0.0094,-0.002,0.0029,0.0141,0.017,0.0229,0.0186,-0.0008,0.0012,-0.0235,-0.0177,0.0042,0.0037,0.0031,,,,
2006-10-07,50.6859,156.0173,NE,,,,,,,,,,,,,,,,0.0042,-1e-04,-1e-04,,,0.0019,,,,,,,,,
2006-10-07,50.6859,156.0173,NO,,,,,,0.0128,0.0027,,-0.0147,-0.0294,-0.0232,-0.002,0.0004,-0.0,-0.0075,-0.0033,-0.0033,-0.0027,0.0079,0.0091,0.0137,0.0108,0.0028,0.0051,0.0019,0.0024,-0.0071,-0.0128,-0.0095,-0.0063
2006-10-07,50.6859,156.0173,O,0.0381,,,,,,0.0073,,0.0025,-0.002,0.0069,0.0032,0.0115,0.0124,-0.0031,-0.0005,-0.0026,-0.0045,-0.0052,0.0057,,,,,,,,-0.0157,,
2006-10-07,50.6859,156.0173,S,0.0191,0.0128,0.002,0.002,,,,,,,0.0056,,-0.0057,,,,,,,,,,,-0.0053,0.0081,-0.0035,0.0009,-0.0028,-0.002,
2006-10-07,50.6859,156.0173,SE,,0.0434,0.0302,,,,,,,,,,,,,,,,,,,,,,,,,,,
2006-10-07,50.6859,156.0173,SO,,,,,,,,,-0.0034,-0.0032,0.0032,0.0037,,-0.0041,0.01,0.0053,,,,,,0.0026,,,-0.0036,-0.0025,-0.0012,-0.0006,0.0002,0.0011
2006-10-23,50.6862,156.016,E,0.0213,0.0164,1e-04,-0.0007,0.0064,0.0078,0.0071,0.0061,0.0051,0.0035,0.0003,-0.0024,-0.0019,-0.0061,-0.0063,-0.0051,-0.002,0.002,-0.0004,-0.0024,0.0019,0.0022,0.0043,0.001,0.0007,-0.0014,0.0034,0.0045,0.0038,0.006
2006-10-23,50.6862,156.016,N,,-0.0031,-0.0029,-0.0028,-0.0026,-0.0043,0.0145,0.0155,0.0065,0.0003,0.0005,0.0068,0.0069,0.0029,0.0029,-0.0012,-0.0051,-0.0051,-0.0049,-0.005,-0.0048,-0.0048,-0.0048,-0.0004,-0.0008,-0.0006,-0.0008,-0.0008,-0.0009,0.0017
2006-10-23,50.6862,156.016,NE,0.0213,0.0028,0.001,-0.002,-0.0008,0.0015,0.0014,0.0017,-0.0008,-1e-04,-0.0036,-0.006,-0.0071,-0.0042,-0.0031,-0.0031,-0.0033,-0.0007,0.0035,0.0033,-0.0008,-0.0031,0.0004,0.0,0.0029,0.004,0.0048,0.0051,0.0059,0.0067
2006-10-23,50.6862,156.016,NO,0.0315,0.0074,0.0074,0.0033,0.0075,0.0117,0.02,0.02,0.018,0.02,0.02,0.0159,0.0159,0.0159,0.0076,0.0034,-0.0008,-0.0008,-0.0008,-0.0008,-0.0008,-0.005,-0.0071,-0.0093,-0.005,-0.005,-0.0092,-0.0092,-0.0092,-0.0092
2006-10-23,50.6862,156.016,O,,-0.0004,-0.0041,-0.0025,-0.0008,0.005,0.0069,0.0104,0.0138,0.0151,0.0122,0.0094,0.0101,0.0106,0.0112,0.0059,0.0058,1e-04,0.0019,0.0,-0.0006,-0.0021,-0.0022,-0.0022,-0.0019,-0.0021,-0.0018,-0.0025,-0.004,-0.0047
2006-10-23,50.6862,156.016,S,0.0107,0.007,0.0073,0.0071,-0.0066,-0.0065,-0.0071,-0.0072,-0.0036,-0.003,-0.0022,0.0006,-0.0004,0.0006,0.001,0.0018,0.0023,0.0035,0.0039,0.0049,0.005,0.005,0.0012,-0.0025,-0.0023,-0.0061,-0.0059,-0.0054,-0.0011,-0.001
2006-10-23,50.6862,156.016,SE,,0.0146,0.0184,-0.0006,-0.0014,-0.001,0.0034,0.0039,0.0029,0.0028,-1e-04,-0.0027,-0.0015,-0.0035,-0.002,-0.0005,-0.0017,-0.002,0.0013,0.0038,0.0038,0.0008,-0.0028,0.0014,-0.0026,0.0003,-0.0038,0.001,0.0018,0.0012
2006-10-23,50.6862,156.016,SO,0.0215,0.0157,0.0025,-0.0068,-0.0026,-0.0024,-0.0025,0.0019,0.0024,-0.0016,-0.0014,-0.0013,-0.001,-0.0007,-0.0005,-0.0004,-0.0002,0.002,0.004,0.0043,0.0043,0.0007,0.0006,-0.0015,-0.0033,-0.0032,-0.003,-0.0011,-0.0029,-0.0027
2007-01-27,50.6867,156.0178,E,0.0057,-0.0023,-0.0063,-0.0064,-0.0029,-0.0047,-0.0062,0.0027,-0.0035,-0.0079,-0.0079,-0.0065,-0.0027,0.001,0.0026,-0.0031,-0.0075,0.0018,0.008,0.0069,-0.0053,-0.0034,-0.0036,-0.0042,-0.0044,-0.0049,0.0002,-0.0045,-0.0063,-0.0061
2007-01-27,50.6867,156.0178,N,0.0499,0.049,0.0386,0.0358,0.031,0.0278,0.0246,0.0176,0.0172,0.0142,0.0144,0.0127,0.0102,0.0079,0.0076,0.0046,0.0027,0.0014,-0.0029,-0.0036,-0.004,-0.0067,-0.0081,-0.0072,-0.006,-0.0049,-0.0015,0.0008,1e-04,-0.0049
2007-01-27,50.6867,156.0178,NE,,0.0071,-0.0007,-0.0047,-0.0067,-0.0067,-0.0088,-0.0048,-0.0049,-0.001,-0.0049,-0.005,-0.0051,-0.0051,-0.0051,-0.0051,-0.001,0.0045,0.0106,0.0066,0.0246,0.0064,0.0045,0.0029,0.0029,-0.0009,-0.0012,-0.0051,-0.0087,-0.0127
2007-01-27,50.6867,156.0178,NO,0.0681,0.0605,0.0567,0.0531,0.0494,0.0418,0.0382,0.0364,0.0204,0.0122,0.0101,-0.0005,0.0056,0.003,0.0053,0.0011,0.004,0.0042,0.0019,0.0013,0.0016,0.0005,-0.0009,-0.0023,-0.0046,-0.0064,-0.0067,-0.0101,-0.0103,-0.0101
2007-01-27,50.6867,156.0178,O,,0.0725,0.0669,0.056,0.0495,0.0391,0.0307,0.0269,0.0242,0.0244,0.0177,0.0143,0.0111,0.0077,-0.0047,-0.0039,-0.0039,-0.0032,-0.0059,-0.0062,-0.0059,-0.0046,-0.0046,-0.0035,-0.0094,-0.0069,-0.0064,-0.005,-0.0045,-0.005
2007-01-27,50.6867,156.0178,S,0.0282,0.0233,0.0161,0.0058,0.004,0.0033,0.0036,0.0043,0.006,0.0081,0.0045,0.0009,-0.0072,0.0008,-0.0028,0.0011,-0.0003,-0.0003,0.0,0.0007,0.0016,0.001,0.0006,0.0036,-0.0028,-0.0032,-0.0031,-0.0032,-0.0043,-0.0036
2007-01-27,50.6867,156.0178,SE,,0.0113,0.0034,-0.0043,-0.0041,-0.0006,-0.0008,-0.0051,-0.0055,-0.0016,0.0023,0.0023,0.0024,0.0028,-0.0016,0.0025,,0.0022,0.0019,0.0023,0.0024,0.0023,0.0004,0.0002,1e-04,0.0,-1e-04,-0.0022,-0.0006,-0.0005
2007-01-27,50.6867,156.0178,SO,,0.0352,0.0204,0.0053,-0.0061,-0.001,-0.0077,-0.0005,0.0011,0.0006,-0.0024,0.0,-0.0012,0.002,0.003,0.0054,0.0059,0.006,0.0016,0.0076,0.0097,-0.0146,-0.0143,-0.0163,-0.0167,-0.0121,-0.007,-0.0006,-0.0094,-0.0049
2007-06-04,50.6862,156.0178,E,,,,,,,,,,,,,,,,,,,,,-0.0095,0.0111,,,,,,,,-0.06
2007-06-04,50.6862,156.0178,N,0.1552,0.1567,0.1523,0.1502,0.1086,0.0641,0.0378,0.0266,0.0147,0.003,0.0039,-0.0017,-0.0069,-0.0066,-0.0052,-0.0076,-0.0083,-0.0073,-0.0064,-0.0052,-0.005,-0.0065,-0.0019,-0.0061,-0.0027,-0.0022,0.0017,0.0064,0.0039,0.0054
2007-06-04,50.6862,156.0178,NE,,,,,0.0472,0.0305,0.0406,0.0357,0.018,0.0257,0.0203,0.011,-0.002,0.0074,0.0155,0.0158,0.0087,0.0071,0.0075,0.0091,0.0009,-0.0053,-0.0086,-0.0057,-0.0099,-0.015,-0.0197,-0.0184,-0.018,-0.0232
2007-06-04,50.6862,156.0178,NO,,0.1629,0.1027,0.094,0.0576,0.03,0.0023,0.0022,0.0021,0.0021,0.002,0.0021,-0.0018,-0.0017,-0.0016,-0.0015,-0.0016,-0.0017,-0.0015,0.0023,0.0018,-0.0023,-0.0024,-0.0026,-0.0026,-0.0019,0.0017,-0.0,-0.0026,-0.0062
2007-06-04,50.6862,156.0178,O,,0.1682,0.1121,0.0553,0.0257,0.0173,0.0088,0.0045,0.0046,0.0025,0.0005,0.0005,0.0006,0.0006,0.0007,0.0003,-0.0032,0.0011,0.0012,0.0008,-0.0031,0.001,0.0009,-0.003,-0.0034,-0.0034,-0.0034,-0.0035,-0.0033,-0.0034
2007-06-04,50.6862,156.0178,S,0.1884,0.1584,0.1186,0.0882,0.0742,,,,,,,,,,,,0.0216,0.002,-0.0037,-0.0081,0.0,-0.0044,-0.0035,-0.0053,-0.0068,-0.0035,0.0031,0.0026,-0.0032,-0.0069
2007-06-04,50.6862,156.0178,SE,,,,,,,,,0.0143,0.0058,-0.0133,-0.0154,-0.0111,-0.0024,0.0018,0.0017,-0.0026,-0.0025,0.002,0.0064,-0.0019,-0.002,-0.0016,-0.0015,-0.001,-0.0009,0.0054,0.0015,-0.0006,-0.0044
2007-06-04,50.6862,156.0178,SO,,0.1378,0.0945,0.073,0.0746,0.0454,0.0138,0.0067,-0.005,0.0115,0.0035,0.0104,-0.0004,-0.005,-0.0021,-0.0061,-0.0086,-0.0114,-0.0111,-0.0105,-0.0096,-0.0052,-0.0031,-0.0016,-0.0011,-0.0004,0.001,0.006,0.0085,0.0119
2007-09-08,50.6851,156.0164,E,0.0702,0.053,0.0307,-0.0002,-0.0098,-0.001,-0.0128,-0.0203,-0.0183,-0.0154,-0.0134,-0.0228,-0.0263,-0.0197,-0.0125,-0.0003,0.0164,0.0195,0.0198,0.0288,0.0262,0.0198,0.0212,0.0234,0.0278,0.0145,-0.0218,-0.03,-0.0171,-0.0142
2007-09-08,50.6851,156.0164,N,0.0412,0.0429,0.0394,0.0368,0.0308,0.0316,0.0136,0.0164,0.0188,-0.0031,-0.0017,-0.0306,-0.0395,-0.0212,-0.0203,-0.0015,-0.0038,-0.0036,-0.0053,0.0027,-0.0008,0.0049,0.0071,-0.0106,-0.0008,-0.0054,-0.0062,-0.0142,0.0045,-0.005
2007-09-08,50.6851,156.0164,NE,,0.0283,0.0237,0.0116,0.0113,0.0047,0.0011,-0.0046,-0.0068,-0.0098,-0.0134,-0.0099,-0.0033,0.0044,0.0032,-0.0087,-0.0146,-0.0033,0.0022,-0.0005,0.0021,-0.0,0.0003,0.0019,0.0062,0.0124,0.0087,0.0033,0.0037,0.0051
2007-09-08,50.6851,156.0164,NO,0.0889,0.0791,0.0617,0.0545,0.0478,0.0338,0.027,0.0191,0.0067,-0.0032,-0.0086,-0.02,-0.0301,-0.0338,-0.0277,-0.0209,0.0007,0.0259,0.036,0.0402,0.0402,0.0277,0.0133,-0.0017,-0.0063,-0.0231,-0.0196,-0.0092,-0.0108,-0.0122
2007-09-08,50.6851,156.0164,O,,0.1018,0.096,0.0905,0.0807,0.0725,0.0674,0.071,0.0587,0.0464,0.0486,0.0225,0.0336,0.025,0.0066,-0.0023,-0.0002,0.0052,0.0139,0.0076,0.006,-0.0008,-0.0046,-0.0072,-0.0134,-0.0154,-0.0166,-0.0092,-0.0022,0.002
2007-09-08,50.6851,156.0164,S,0.0845,0.0792,0.064,0.0443,0.0086,0.012,0.012,-0.0026,0.0215,0.0189,-0.01,1e-04,-0.0091,-0.0094,-0.0084,-0.0028,-0.0032,0.0028,0.0065,0.0082,0.0079,0.0055,0.0059,0.007,0.0061,0.0069,-0.0019,0.005,-0.0098,0.0007
2007-09-08,50.6851,156.0164,SE,0.1041,0.0879,0.0457,0.0126,-0.0013,0.007,0.0188,0.01,0.014,0.0101,-0.0045,0.0052,0.005,-0.0153,-0.0161,-0.0173,0.0006,-0.0047,-0.0049,-0.0095,-0.0158,-0.006,-0.0044,0.0005,0.0022,0.0038,0.0068,0.0126,0.0031,0.0009
2007-09-08,50.6851,156.0164,SO,,0.0071,0.0042,0.0057,0.0076,0.0062,0.0039,-0.0071,0.0041,0.0087,0.0079,0.0164,0.0137,0.0154,0.0144,0.0132,0.0117,0.0083,0.0105,0.0089,0.0098,-0.0014,0.0012,-0.0028,-0.0111,-0.0133,-0.0075,-0.0049,0.0006,0.0003
2008-04-03,50.6867,156.0178,E,0.015,0.0003,-0.0116,-0.0111,0.0017,0.0075,-0.0019,-0.003,-0.0075,-0.006,0.0005,0.0013,-0.0162,0.0002,-0.0016,0.0005,0.0084,0.0131,0.0167,0.0166,0.0112,-0.0037,0.0007,0.0025,-0.0018,-0.0088,-0.0117,-0.0084,-0.0061,-0.0013
2008-04-03,50.6867,156.0178,N,0.036,0.0358,0.0219,0.0197,0.0115,0.0091,0.0069,0.0047,0.0084,0.006,0.0021,-0.0002,0.0133,0.0073,0.0094,0.005,0.0089,0.0042,0.0046,0.008,0.0118,-0.0091,-0.0153,-0.011,-0.011,-0.0068,-0.0069,0.0015,0.0085,0.0081
2008-04-03,50.6867,156.0178,NE,,0.0307,0.0184,0.0164,0.0133,0.0126,0.0099,0.0048,0.0006,0.0002,-0.0021,-0.0029,-0.0077,-0.0003,-0.005,-0.0066,-0.003,0.0031,0.0052,0.0057,0.0012,-0.0023,0.0002,0.0051,0.002,0.0011,0.0004,-0.0019,-0.0038,-0.0016
2008-04-03,50.6867,156.0178,NO,0.0464,0.0428,0.043,0.0354,0.0316,0.0284,0.0243,0.0174,0.009,0.0046,-0.003,-0.008,-0.0164,-0.0188,-0.0035,0.0003,-0.0026,-0.0011,1e-04,0.0043,0.0088,0.0052,0.0073,0.0104,0.0156,-0.0002,-0.009,-0.0092,-0.0111,-0.0136
2008-04-03,50.6867,156.0178,O,,0.0283,0.0276,0.0189,0.017,0.0131,0.0099,0.008,0.0054,0.0044,0.0045,0.0012,-0.0055,0.0118,0.0112,0.0146,0.0108,0.0068,0.0063,0.0068,0.0072,0.0041,0.0041,0.0023,-0.0002,-0.0038,-0.0036,-0.0061,-0.0083,-0.0132
2008-04-03,50.6867,156.0178,S,0.0454,0.0333,0.0172,0.0089,0.0086,-0.0056,-0.0074,0.0049,0.0172,0.0192,0.017,0.0127,0.0005,-0.0036,-0.0035,-0.0073,-0.0067,-0.0096,-0.0092,-0.007,-0.0068,-0.0041,-0.0037,0.0,0.0003,0.0009,0.0049,0.0052,0.0054,0.0018
2008-04-03,50.6867,156.0178,SE,,0.028,0.0031,1e-04,-0.0015,-0.0073,-0.0181,-0.0157,-0.0101,0.0023,0.0167,0.0145,0.0098,0.006,0.0044,-0.0008,-0.0068,-0.0089,-0.0102,-0.0078,-0.006,-0.0055,-0.0046,-0.003,-0.0012,-0.0007,-0.0014,0.0003,0.0021,0.0037
2008-04-03,50.6867,156.0178,SO,,0.0287,0.0059,0.0128,-0.002,0.0063,-0.0056,0.0122,0.0133,0.0069,0.0057,0.0061,0.0051,0.0087,0.0082,0.0013,0.0009,0.0027,0.0006,-0.0029,-0.0025,-0.0021,-0.0019,-0.0012,-0.0007,-0.0009,0.0008,0.001,0.0005,-0.0028
2009-05-24,50.6861,156.0182,E,0.0529,0.0407,0.028,-0.0012,-0.0175,-0.0093,0.0132,0.0271,0.0011,0.0105,0.0066,0.0015,-0.0348,-0.0662,-0.0146,0.0387,0.0344,0.0204,0.0248,0.0347,0.0367,0.0405,0.0366,0.0064,-0.0057,-0.0359,-0.0724,-0.0754,-0.0583,-0.0617
2009-05-24,50.6861,156.0182,N,0.1752,0.1632,0.134,0.1255,0.124,0.0665,0.0599,0.0574,-0.0012,-0.0027,-0.025,-0.0264,-0.0511,-0.0471,-0.0484,-0.0583,-0.0517,-0.0517,-0.0537,-0.0557,-0.052,-0.0313,-0.0259,-0.0166,0.0049,0.0557,0.0521,0.05,0.0363,-0.0057
2009-05-24,50.6861,156.0182,NE,,0.0793,0.049,0.0237,-0.0453,0.025,0.0349,0.0399,0.0419,0.0212,0.0021,-0.0066,0.0272,0.0525,0.0523,0.0533,0.0359,0.0228,0.0125,-0.0091,-0.0079,-0.0136,-0.0147,0.0112,-0.0212,-0.0077,-0.0148,-0.0289,-0.0182,-0.0385
2009-05-24,50.6861,156.0182,NO,,0.2249,0.1964,0.1286,0.0565,-0.0093,-0.0227,-0.0321,-0.0279,-0.0192,-0.03,-0.0372,-0.0348,-0.0278,-0.0188,-0.0187,-0.0151,0.0024,0.0266,0.0151,-0.0022,-0.0046,-0.0151,-0.0135,-0.0083,0.0037,0.0126,-0.0056,-0.013,-0.0122
2009-05-24,50.6861,156.0182,O,,0.2169,0.1698,0.1043,0.0434,0.0136,0.0011,0.0084,-0.0128,-0.0292,-0.0335,-0.0307,-0.0274,-0.0225,-0.0205,-0.0115,-0.009,-0.011,-0.0027,0.0011,0.0131,0.0219,0.0214,0.0113,-0.0094,-0.0072,-0.0072,1e-04,0.0158,0.0203
2009-05-24,50.6861,156.0182,S,0.1765,0.1611,0.0814,0.0567,0.0317,0.0193,0.0154,0.0252,0.0235,0.077,0.0425,-0.0011,-0.024,-0.0096,0.0148,0.0278,0.0319,0.0273,-0.0143,-0.0359,-0.0587,-0.0474,-0.0412,-0.0327,-0.0222,-0.0073,0.0049,0.0313,0.0255,0.0271
2009-05-24,50.6861,156.0182,SE,,0.1671,0.1036,0.0663,0.05,0.0511,0.0448,-0.0225,-0.0515,-0.0694,-0.0752,-0.0804,-0.0716,-0.0615,-0.0321,0.0145,0.0455,0.0525,0.0559,0.0367,0.0114,0.0044,-0.0019,0.0075,0.0108,-0.0041,-0.0022,0.0057,-0.0011,-0.0163
2009-05-24,50.6861,156.0182,SO,,0.1352,0.1029,0.0895,0.1017,0.0968,0.0931,0.0895,0.0397,0.0506,0.0944,0.0506,0.0295,0.0112,-0.0261,-0.0346,-0.044,-0.0557,-0.0509,-0.0425,-0.0397,-0.0318,-0.0242,-0.0204,-0.0104,-0.0007,0.0049,0.009,0.0191,0.0258
2009-07-27,50.6817,156.0124,E,0.0619,0.0565,0.0401,0.0401,0.04,,,,,,,,,,,,,,,,,,,,,,,,,
2009-07-27,50.6817,156.0124,N,,0.0511,0.0402,,,,,,,,,,,,,,,,,,,,,,,,,,,
2009-07-27,50.6817,156.0124,NE,-0.0179,-0.0192,-0.0192,-0.022,-0.022,,,,-0.0155,-0.0073,,,,,,,,,,,,,,,,,,,,
2009-07-27,50.6817,156.0124,NO,0.0567,0.0408,0.0462,0.0135,,,,,,,,,-0.0004,0.0032,0.0018,-0.0032,0.0014,-0.0046,,,,,,,,,,,,
2009-07-27,50.6817,156.0124,O,0.057,0.0533,0.0271,0.0055,,,,,,,,,,,-0.0119,0.0022,0.0022,-0.004,-0.0074,,,,,,,,,,,
2009-07-27,50.6817,156.0124,S,,0.0501,0.0501,0.0393,,,,,,,,,,,,,,,,,,,,,,,,,,
2009-07-27,50.6817,156.0124,SE,0.0619,,,,,,,,,,,,,,,,,,,,,,,,,,,,,
2009-07-27,50.6817,156.0124,SO,0.0566,0.0528,0.0274,,,,,,,,,,,,,,,,,,,,,,,,,,,
2010-08-15,50.6835,156.015,E,0.0754,0.0789,0.0698,0.0751,0.0754,0.0455,0.0176,-0.0058,-0.0062,0.0008,0.001,-0.0131,0.0092,1e-04,-0.004,-0.0245,-0.0309,-0.0373,-0.0376,-0.0174,0.0021,0.0116,0.0266,0.0334,0.0255,0.0238,0.0159,0.0056,-0.0007,0.0093
2010-08-15,50.6835,156.015,N,0.0619,0.0537,0.0574,0.0579,0.0473,0.0462,0.0332,0.0376,0.0377,0.0128,0.0061,-0.0159,-0.0279,-0.0464,-0.0447,-0.0358,-0.0141,0.0012,-0.0028,-0.0052,0.0109,-0.0024,0.0178,0.0231,0.0206,0.0195,0.0217,0.0126,0.0067,-0.0035
2010-08-15,50.6835,156.015,NE,,0.0321,0.033,0.0334,0.0337,0.0263,0.0199,0.0173,0.0136,0.0105,0.006,-0.0101,-0.014,-0.016,-0.0213,-0.0074,-0.0025,-0.0003,0.0004,0.0031,0.0061,0.0043,0.0096,0.0095,0.0117,0.0055,0.0068,-0.0069,-0.0073,-0.0063
2010-08-15,50.6835,156.015,NO,0.0769,0.0647,0.0559,0.024,0.006,-0.0367,-0.0314,0.0189,0.0257,0.0216,0.0085,-0.0108,-0.0189,-0.0105,-0.0004,0.0078,0.0151,0.0357,0.0342,0.0213,-0.0025,-0.0217,-0.0383,-0.0415,-0.0099,-0.0318,-0.0211,-0.0209,-0.007,0.0104
2010-08-15,50.6835,156.015,O,,0.084,0.0455,-0.0224,-0.0296,-0.0274,-0.0257,-0.0252,-0.0245,-0.0238,-0.0233,-0.0233,-0.0213,0.0063,0.0239,0.0242,0.0159,0.0088,0.001,-0.0093,-0.0004,-0.0027,-0.0214,-0.0179,-0.0242,-0.0152,-0.002,0.0278,0.0306,0.0368
2010-08-15,50.6835,156.015,S,,0.0593,0.0519,0.0411,0.0372,0.0377,0.0414,0.0414,0.0349,0.0245,0.0049,-0.0052,-0.0238,-0.0187,-0.0128,0.0063,0.0073,-0.0149,-0.0005,-0.0056,0.0003,-0.0114,-0.0062,-0.0031,-0.0002,0.0025,-0.0158,,,
2010-08-15,50.6835,156.015,SE,0.0897,0.0826,0.0816,0.0671,0.0622,0.0566,0.0631,0.0344,0.028,0.0093,0.0011,-0.0005,0.0083,0.0116,-0.0022,-0.0172,-0.017,-0.0165,-0.0112,-0.009,-0.0021,0.0033,0.0054,0.026,0.0264,0.0289,0.0242,0.0126,0.0015,0.0018
2010-08-15,50.6835,156.015,SO,0.1018,0.0891,0.0729,0.074,0.0686,0.0691,0.0732,,,,,,,,,0.0064,0.002,,,-0.0132,-0.0003,0.0128,-0.0099,,,,,,,
2011-03-27,50.6862,156.0178,E,0.029,0.0249,0.0188,0.0167,,,,,,,,,,,,,,,,,,,,,,,,,,
2011-03-27,50.6862,156.0178,N,0.029,,,,,,,,,,0.0002,0.0024,0.0046,0.0011,0.0058,0.0069,0.0077,0.0071,0.0101,-0.0073,-0.0008,-0.0081,-0.0028,-0.0028,-0.0022,-0.0024,0.0015,0.0016,0.003,0.0036
2011-03-27,50.6862,156.0178,NE,,,,,,,,,,,,,-0.0002,-0.0033,-0.0051,-0.0015,0.0021,0.0016,0.0016,0.0025,0.0016,-0.0017,-0.0033,-0.0048,-0.0039,0.0007,0.0026,0.0072,0.0057,0.0062
2011-03-27,50.6862,156.0178,NO,,,,,,,,,-0.0023,-0.0044,-0.0067,-0.0071,-0.0075,-0.0079,-0.0079,-0.0039,-0.0021,0.0008,0.0037,0.008,0.0063,0.0029,0.0039,0.0007,-0.0003,-0.001,-0.0009,-0.0015,-0.0032,-0.0038
2011-03-27,50.6862,156.0178,O,,0.0286,0.0286,,,,,,,,-0.0047,0.0026,0.0044,0.0005,-0.001,-0.0021,-0.0015,0.0019,-0.0011,0.0004,0.0021,0.005,0.0045,0.003,0.0003,-0.0029,-0.0023,-0.0029,-0.0056,-0.0032
2011-03-27,50.6862,156.0178,S,0.0296,0.0183,0.0145,0.0061,,0.0016,0.0017,0.0032,0.0016,-1e-04,,,,,,,,,,,,-0.0023,-0.003,-0.0035,-0.0042,-0.0047,,,0.0058,0.0091
2011-03-27,50.6862,156.0178,SE,,0.0294,0.0221,0.0199,,0.0042,0.0019,-0.0013,,,,,,,,,,,,,,,,,,,,,,
2011-03-27,50.6862,156.0178,SO,,0.0389,0.0384,,,,,,,,,,,,,,,,,,,,,0.0041,0.0075,0.0044,0.0047,-0.0003,-0.004,-0.0068
2011-08-02,50.6859,156.0177,E,0.0159,0.0027,-0.011,-0.0168,-0.0262,-0.0344,-0.0325,-0.0356,-0.0323,-0.0207,-0.0103,0.0081,0.0224,0.0429,0.0617,0.0631,0.0654,0.0456,0.0419,0.0445,0.0132,0.0042,-0.0101,0.0003,0.0103,-0.0205,-0.0313,-0.0296,-0.0234,-0.0163
2011-08-02,50.6859,156.0177,N,0.1075,0.0958,0.0901,0.0893,0.0797,0.0763,0.0639,0.0672,0.0707,-0.0345,0.0422,-0.021,-0.0064,-0.0621,-0.0891,-0.0864,-0.117,-0.1038,-0.1082,-0.1083,-0.1077,-0.0686,-0.0322,0.0216,0.0286,0.0514,0.0648,0.0738,0.0957,0.1128
2011-08-02,50.6859,156.0177,NE,,0.0032,-0.006,-0.0103,-0.0136,-0.0166,-0.0164,-0.0138,-0.0123,-0.013,-0.016,-0.0203,-0.0207,-0.0213,-0.0144,-0.0055,-0.0071,0.0106,0.0376,0.0311,0.0352,0.0285,0.0288,0.0276,0.017,0.0124,0.0212,0.0219,-0.002,-0.0076
2011-08-02,50.6859,156.0177,NO,,0.093,0.0724,0.0323,-0.0116,-0.0342,-0.0046,-0.0746,-0.0195,-0.0047,0.0049,-0.003,-0.0064,0.0053,0.0183,0.0344,0.0597,0.0726,0.0611,0.0555,0.022,0.0031,0.0201,-0.0728,-0.0406,-0.0588,-0.0686,-0.0215,-0.0197,-0.0013
2011-08-02,50.6859,156.0177,O,,0.057,0.0572,0.0497,0.0448,0.0524,0.0616,0.0596,0.0619,0.0496,0.0373,0.0261,0.036,0.02,0.0448,0.0594,0.0076,-0.0356,-0.0349,-0.0198,-0.0252,-0.0325,-0.04,-0.0374,-0.0496,-0.0349,-0.041,-0.052,-0.0312,0.0269
2011-08-02,50.6859,156.0177,S,0.0986,0.0885,0.0695,0.0298,-0.0005,-0.0223,-0.0322,-0.0188,0.001,-0.0024,0.0022,0.0023,0.0062,-0.0095,-0.0045,-0.0108,0.0039,-0.0005,0.0004,-0.0082,0.0047,0.0139,0.0319,0.0185,0.0213,0.0251,0.0133,0.0077,0.0107,-0.0119
2011-08-02,50.6859,156.0177,SE,,0.0954,0.069,0.0416,0.0153,-0.0007,-0.0332,-0.0289,-0.0164,-0.01,-0.0104,-0.0046,-0.0012,-0.0234,-0.0287,-0.0181,0.0014,0.0011,0.0116,0.0137,0.0076,0.0114,0.0132,0.0231,0.0155,0.0227,0.0235,0.0229,0.0278,-0.0206
2011-08-02,50.6859,156.0177,SO,,0.0276,0.0278,0.0156,0.0033,0.0204,0.016,0.0155,0.0226,0.0132,0.0246,0.0122,0.0128,0.0308,0.029,0.0028,0.0167,0.0301,-0.0308,-0.0292,-0.0235,0.0275,-0.0507,-0.0451,-0.0445,-0.0294,-0.0149,-0.0013,0.0437,0.0378
2011-10-21,50.6864,156.0169,E,,,,,,,0.0041,0.0029,0.0017,0.0009,0.0023,,,,,,,,,,,0.0017,0.0011,-1e-04,-0.0018,-0.0027,0.0028,0.0022,0.0052,0.0093
2011-10-21,50.6864,156.0169,N,,,,,,,,,,,,,,,,0.0094,0.0033,-0.0022,-0.0043,-0.0038,-0.0004,-0.0009,-0.0049,-0.004,-0.004,-0.0051,-0.0047,0.0032,0.0079,0.0129
2011-10-21,50.6864,156.0169,NO,0.0347,,,0.0321,0.0239,0.0148,0.0114,0.0068,0.0019,0.0007,-0.0034,-0.0075,-0.0071,-0.0098,-0.0067,-0.0066,-0.0062,-0.0039,-0.0013,0.002,0.0043,0.0046,0.0089,0.0078,0.0061,0.0021,-0.0012,-0.0047,-0.0052,-0.0004
2011-10-21,50.6864,156.0169,O,,0.0284,0.0122,0.0113,0.0145,0.0145,0.0083,0.0053,0.0045,0.0057,0.0049,0.0084,0.0078,0.0051,0.0023,0.0049,0.0096,0.0047,0.0044,0.0014,-0.0012,-0.0011,0.0017,-1e-04,-0.0003,-0.0024,-0.0063,-0.0077,-0.0098,-0.01
2011-10-21,50.6864,156.0169,S,0.0386,0.0094,0.0003,-1e-04,0.0014,0.0087,0.0194,0.0117,0.0072,0.0053,0.0014,0.0002,-0.0019,-0.003,-0.0044,-0.0066,-0.0088,-0.0099,-0.0091,-0.0097,-0.0094,-0.0079,-0.0027,-0.0012,0.0058,0.0027,0.004,0.0032,0.004,0.0005
2011-10-21,50.6864,156.0169,SE,,-1e-04,0.004,0.0037,-0.0006,-0.0015,-0.0019,-0.0024,-0.0026,-0.0014,0.0016,0.006,0.0021,0.0021,-0.0025,-0.0025,-0.0032,-0.0036,-0.0039,-0.0042,-0.0045,-0.0045,-0.0047,-0.0007,-0.001,0.0053,0.0004,-0.0022,-0.0006,0.0013
2011-10-21,50.6864,156.0169,SO,,0.0034,-0.0024,0.0021,-0.0004,0.0045,-0.0009,0.0045,0.0013,-0.0005,-0.0011,0.0013,0.0015,0.0014,-0.0004,0.0008,0.0006,0.0005,-1e-04,-0.0008,-0.0016,-0.0014,-0.0015,-0.0009,0.0016,0.0007,-0.0005,-0.0038,-0.0053,-0.0089
2011-11-06,50.6854,156.0071,E,0.0306,0.0229,0.0187,0.0198,,,,,,,,,,,,,,,-0.0085,-0.0042,0.0026,,,,,,,,,0.002
2011-11-06,50.6854,156.0071,N,0.0074,0.0063,0.0055,0.0022,0.0034,0.0008,-0.0028,-0.0068,0.0022,0.0032,0.0037,0.0062,-0.0007,,,,,,,,,-1e-04,0.0002,-0.003,-0.0022,,,,,
2011-11-06,50.6854,156.0071,NE,,0.0116,0.0075,0.0055,0.0076,0.0056,,,,,,,,,,,,,,-0.007,-0.0007,0.0035,-0.0005,-0.0026,-0.0048,,,,,
2011-11-06,50.6854,156.0071,NO,,0.0235,0.0168,0.0106,0.0103,0.0098,0.0056,0.0081,0.0084,0.0073,0.0113,0.0069,0.0134,0.0112,0.0058,0.0055,0.0054,-0.0023,-0.0025,-0.0023,-0.0024,-0.0026,-0.005,-0.0052,-0.0041,-0.0043,-0.006,-0.0065,-0.0074,-0.0079
2011-11-06,50.6854,156.0071,O,,0.0151,0.0152,0.0065,0.0024,0.0032,0.0078,0.0083,0.0103,0.0112,0.0069,0.0028,-0.0034,-0.0129,-0.0097,0.0016,-0.0112,-0.0047,0.0064,0.0112,0.0051,0.016,0.007,-0.001,-0.0086,-0.0079,,,-0.0192,-0.0193
2011-11-06,50.6854,156.0071,S,0.0156,0.0171,0.0189,0.0186,0.0142,0.0097,0.0016,0.0007,0.0003,-0.0044,-0.0045,,,,,,,,,,,,,-0.0094,-0.0053,-0.0034,0.0026,0.0041,0.006,0.0099
2011-11-06,50.6854,156.0071,SE,,0.0434,0.0351,0.0302,0.0298,,,,,,,,,,,,,,,0.0015,0.0043,0.0043,0.0013,-0.0056,-0.0045,-0.0045,-0.0006,-0.0003,-0.0003,-0.0006
2011-11-06,50.6854,156.0071,SO,0.009,0.0137,0.012,0.0059,0.006,0.0021,0.002,-0.0016,0.0028,-0.0008,-0.0028,-0.0087,-0.0085,-0.0077,-0.0075,0.005,0.0049,0.0097,0.018,0.0182,0.0145,0.0106,0.0024,-0.0059,-0.01,-0.0142,-0.0098,-0.0055,-0.0011,-0.0009
2012-09-05,50.683,156.015,E,,0.103,0.091,0.0854,0.0771,0.0742,0.0708,0.0518,0.0118,-0.0203,-0.0216,-0.0113,-0.0151,-0.0176,-0.0175,-0.0073,-0.0136,-0.0187,-0.0112,-0.0071,-0.002,0.0018,0.0052,0.0069,0.0104,,,0.0294,0.0315,0.0337
2012-09-05,50.683,156.015,N,,0.0709,0.0614,0.0533,0.0523,0.0344,0.0391,0.0299,0.0166,0.0075,-0.009,-0.0242,-0.0258,-0.0431,-0.0398,-0.0362,-0.006,0.0074,0.0154,0.0298,0.0343,0.0345,0.0187,0.0145,0.0142,0.0085,0.0038,-0.0054,-0.0127,-0.0257
2012-09-05,50.683,156.015,NE,0.0461,0.0429,0.035,0.0343,0.0308,0.0235,0.0201,0.0143,0.0085,0.0054,0.0053,0.0012,0.0011,-0.0088,-0.0167,-0.0014,-0.0134,-0.0079,-0.0131,-0.0088,-0.0008,0.0002,-0.0008,0.0039,0.0037,-0.0075,-0.0032,-0.0022,-0.0067,-0.006
2012-09-05,50.683,156.015,NO,0.0677,0.0401,0.0445,0.0312,0.044,0.0345,0.0276,0.0228,0.0121,-0.0107,-0.0145,-0.0171,-0.0097,-0.0084,-0.0015,-0.0066,-0.0149,-0.0255,-0.0287,-0.0307,-0.0234,-0.0272,-0.0261,-0.0051,-0.0014,-0.0005,0.0096,0.0227,0.0366,0.0371
2012-09-05,50.683,156.015,O,,0.072,0.034,-0.0364,-0.036,-0.0153,-0.0224,0.0012,0.0128,0.0191,0.0189,0.0211,0.011,0.0063,-0.0027,-0.0107,-0.0165,-0.019,-0.0169,-0.0152,-0.0233,-0.0282,-0.031,-0.0368,-0.0307,-0.0061,0.0246,0.04,0.0431,0.0408
2012-09-05,50.683,156.015,S,0.0561,0.0409,0.0406,0.0479,0.0353,0.0345,0.0299,0.0245,0.0194,0.0139,0.0016,0.0039,-0.001,-0.0012,-0.0058,-0.0114,-0.003,-0.0142,-0.0089,-0.0103,-0.0059,-0.0061,-0.0037,0.0004,0.0,0.0011,-0.0024,-0.0068,-0.0012,1e-04
2012-09-05,50.683,156.015,SE,0.092,0.0764,0.0589,0.0525,0.057,0.0526,0.0593,0.0591,0.0561,0.0384,0.0118,0.0027,0.0028,0.0029,0.0042,0.0017,-0.0147,-0.0209,-0.0211,-0.0203,-0.0201,-0.0112,-0.006,-0.0037,-0.0012,-0.0016,0.0005,-0.0041,-0.0065,-0.0093
2012-09-05,50.683,156.015,SO,0.0606,0.0496,0.0537,0.0405,0.0446,0.0337,0.0309,0.0317,0.0292,0.0312,0.0194,0.02,0.028,0.0195,0.0087,-0.0072,-0.0125,-0.0103,-0.0074,-0.0066,-0.004,-0.0031,-0.0013,0.0018,-0.0042,-0.0152,-0.0132,-0.0074,0.0026,0.0151
2012-11-08,50.6867,156.0178,E,0.0043,0.0005,0.0005,0.0012,-0.0032,-0.0033,0.0003,0.0071,0.0071,0.0061,0.0032,0.0023,-0.0016,-0.0051,-0.0048,-0.0093,-0.0091,,,,,,,-0.0068,-0.006,-0.0053,-0.0046,-0.0035,0.0009,0.0049
2012-11-08,50.6867,156.0178,N,0.0241,0.0232,,0.0089,0.0084,0.007,0.0061,0.0053,0.0075,0.0075,0.0086,0.0034,,0.0046,0.004,1e-04,-0.005,-0.0063,-0.0076,-0.007,-0.0039,-0.0048,-0.0058,-0.0053,-0.0047,-0.0046,-0.0029,-0.0007,0.0084,0.0081
2012-11-08,50.6867,156.0178,NE,,0.0079,0.0073,0.0023,-0.0013,1e-04,-0.0045,1e-04,0.0036,0.0025,0.0019,0.001,0.0055,0.0031,0.0017,-0.0051,,0.0039,-0.0008,0.0002,-0.0047,-0.0056,-0.0041,-0.0002,0.0022,0.0005,0.0042,0.0036,0.0023,0.0012
2012-11-08,50.6867,156.0178,NO,0.0166,0.0125,0.0105,0.0065,0.0047,0.0048,0.0092,0.0054,0.0013,-0.001,-0.0028,-0.0032,0.001,-0.008,-0.0036,-0.0037,-0.0037,-0.0026,0.0007,0.0049,0.0052,0.0037,0.0026,0.0043,0.0033,-0.0019,-0.0029,-0.0068,-0.0068,-0.0028
2012-11-08,50.6867,156.0178,O,,0.0164,0.0159,0.0116,0.0076,0.0045,0.0044,0.005,0.0087,0.0111,0.0094,0.0116,0.0057,0.0059,0.0018,0.002,0.0062,0.0064,0.0027,0.0022,-0.002,-0.0015,-0.0011,-0.0009,0.0016,-0.0009,-0.0051,-0.0059,-0.0059,-0.0062
2012-11-08,50.6867,156.0178,S,0.0198,0.014,0.0059,1e-04,0.0002,0.0003,-0.0003,0.0029,0.0039,-1e-04,0.0039,0.0003,0.0006,0.0003,-0.0005,-0.0012,-0.002,-0.0028,-0.0036,-0.0041,-0.0009,-0.0014,-0.003,-0.0028,0.0004,0.0004,-0.0002,-0.0002,0.003,0.0034
2012-11-08,50.6867,156.0178,SE,,0.0089,0.0005,0.0005,0.0005,0.0047,0.0004,0.0003,0.0002,0.0002,0.0002,0.0003,0.0003,0.0003,0.0002,-0.004,-0.004,0.0002,0.0002,0.0002,-0.002,-0.0043,-0.0043,-0.0043,,0.0038,0.0017,0.0037,0.0036,-0.0026
2012-11-08,50.6867,156.0178,SO,,0.008,-0.0029,-0.0013,-0.0058,-0.0057,-0.0098,0.0032,0.0037,0.0015,0.004,0.0026,0.0013,0.0048,0.0057,0.0062,0.0063,0.0026,0.0031,-0.0005,-0.0004,-0.0005,-0.0038,-0.0039,0.0002,0.0003,0.0025,0.0008,-0.0028,-0.0024
2013-08-23,50.6835,156.015,E,0.0952,0.0929,0.0886,0.0856,0.0836,0.0608,0.0161,0.0043,-0.0008,-0.0059,-0.0116,-0.0062,-0.0083,-0.0135,-0.0175,-0.0374,-0.0417,-0.0337,-0.0372,-0.0223,0.0026,0.0067,0.0307,0.0308,0.0166,0.029,0.022,0.0162,0.005,-0.0025
2013-08-23,50.6835,156.015,N,0.0783,0.0705,0.07,0.0729,0.0516,0.0433,0.0363,0.032,0.0274,0.0155,0.0002,-0.0158,-0.0262,-0.0448,-0.0455,-0.0346,-0.0089,0.0015,0.0072,0.0111,0.0101,0.0101,0.0212,0.0383,0.0212,0.0176,-0.0154,-0.0232,-0.0199,0.006
2013-08-23,50.6835,156.015,NE,,0.0327,0.0349,0.0276,0.0238,0.0139,0.0087,0.0031,0.0012,-0.0007,0.0041,0.0031,0.0018,0.0013,-0.0036,-0.0024,-0.0064,0.0025,-0.0048,-0.008,-0.0048,0.0016,-0.0054,0.0043,0.0047,-0.0064,0.0121,-0.0027,0.0144,0.0204
2013-08-23,50.6835,156.015,NO,0.0783,0.0665,0.0628,0.0614,0.0478,0.0455,0.0443,0.037,0.0345,0.0233,0.0018,-0.0069,-0.0093,-0.0126,-0.0028,-0.0092,-0.0015,0.0111,0.0102,-0.0071,-0.0195,-0.0298,-0.0345,-0.0246,-0.0102,0.0089,0.0165,0.0248,0.0326,0.0483
2013-08-23,50.6835,156.015,O,,0.0677,0.0745,0.0395,-0.0002,-0.0743,-0.0698,-0.042,-0.015,0.0035,0.0058,0.0032,0.0095,0.0195,0.0248,0.0251,0.0146,0.0036,-0.0031,-0.0102,-0.0072,-0.0072,-0.0097,-0.0174,-0.0285,-0.0193,-0.0163,-0.0052,0.0281,0.054
2013-08-23,50.6835,156.015,S,,0.0525,0.0476,0.0359,0.0268,0.0262,0.0253,0.025,0.0212,0.0168,0.0066,0.0106,0.0081,0.0045,-0.0031,-0.0011,0.0019,-0.0019,0.0012,-0.0019,0.0003,-0.0031,0.0011,0.0023,0.0102,0.0128,0.014,0.0209,0.029,0.0296
2013-08-23,50.6835,156.015,SE,0.1059,0.0982,0.0905,0.071,0.0648,0.0603,0.0588,0.044,0.033,0.0188,0.0124,0.0098,0.0098,0.0155,-0.003,-0.0254,-0.0257,-0.013,-0.0143,-0.0083,-0.0038,0.001,0.008,0.0142,0.011,0.0046,-0.0144,-0.0234,-0.0223,-0.0185
2013-08-23,50.6835,156.015,SO,0.0183,0.0196,0.0181,0.0208,0.0302,0.0228,0.0264,0.024,0.0253,0.0301,0.0264,0.0229,0.024,0.0277,0.0146,0.0077,0.0033,0.0024,-0.0149,-0.0207,-0.0197,-0.0079,-0.0177,-0.0068,0.0159,0.0099,-0.0009,0.0039,0.0069,0.0077
2013-11-03,50.6846,156.0155,E,0.0205,0.0147,0.0069,0.0004,-0.0033,-0.0053,-0.0057,-0.0069,-0.0075,-0.0077,-0.0115,-0.0112,-0.0098,-0.0077,-0.0052,-0.0017,0.0002,0.0005,-1e-04,-0.0016,-0.002,-0.0006,0.0017,0.0036,0.0055,0.0073,0.0006,-0.0031,-0.0061,-0.0102
2013-11-03,50.6846,156.0155,N,,0.0306,0.0287,0.0243,0.0226,0.0221,0.0152,0.0123,0.0051,0.0019,0.0007,-0.0077,-0.0068,-0.0072,-0.0053,-0.0045,-0.002,-0.0019,-0.0026,0.0026,-0.0007,-0.0016,-0.0007,-0.0037,-0.0024,-0.0041,-0.0036,-0.0037,-0.0034,-0.0018
2013-11-03,50.6846,156.0155,NE,0.0137,0.0124,0.0109,0.0098,0.0085,0.0061,0.0056,0.0035,0.0025,0.0027,0.0013,-0.0,-0.0007,-0.0014,-0.002,-0.0026,-0.0018,-0.0011,-0.0033,-0.0021,-0.0025,-0.002,-0.0016,-0.0012,-0.0013,0.0014,0.0003,0.0039,0.0074,0.0098
2013-11-03,50.6846,156.0155,NO,0.0287,0.0285,0.0273,0.0271,0.0217,0.0197,0.0169,0.012,0.0092,0.0038,-0.0006,-0.0025,-0.0058,-0.0059,-0.0051,-0.003,-0.0002,0.0036,0.0075,0.0082,0.0051,0.0015,-0.0022,-0.0077,-0.0084,-0.005,-0.001,0.0007,-0.0011,0.0023
2013-11-03,50.6846,156.0155,O,,0.0382,0.0368,0.0361,0.0359,0.0356,0.0338,0.0309,0.027,0.023,0.0189,0.0156,0.0084,0.0059,0.0023,0.0012,0.0017,0.0009,-0.0024,-0.0057,-0.0082,-0.0083,-0.0084,-0.0085,-0.0086,-0.0074,-0.0029,-0.0009,-0.0013,-0.0012
2013-11-03,50.6846,156.0155,S,0.0215,0.0192,0.0163,0.0172,0.0155,0.0085,0.0178,0.0142,0.0116,0.0114,0.0121,0.0074,0.0043,0.0016,0.004,-0.0011,0.0014,1e-04,-0.0033,-0.0033,-0.0037,-0.0049,-0.0054,-0.0054,-0.0053,-0.0052,-0.0046,-0.0043,-0.0045,-0.0035
2013-11-03,50.6846,156.0155,SE,,0.0332,0.028,0.0214,0.0166,0.0127,0.0116,0.0116,0.0108,0.0087,0.0054,0.0041,0.0009,-0.0017,-0.0049,-0.0062,-0.0055,-0.0048,-0.0043,-0.0035,-0.0033,-0.0026,-0.0021,-0.0013,-0.0002,-0.0004,0.0011,0.0012,0.002,0.002
2013-11-03,50.6846,156.0155,SO,0.0102,0.0101,0.0092,0.0108,0.0131,0.0147,0.0148,0.014,0.0128,0.0116,0.0104,0.006,0.0044,0.0036,0.0021,0.0021,0.0012,-0.0019,-0.0014,-0.0031,-0.0026,-0.0038,-0.0047,-0.0044,-0.003,-0.0027,0.0009,0.0012,0.0,-0.0045
2014-01-22,50.6891,156.0188,E,,0.0152,0.0183,0.0128,0.0053,0.0068,0.0038,0.002,0.0014,-0.0,-0.0013,-0.0008,0.0027,0.0111,0.0069,0.0024,-0.0043,-0.0062,-0.0105,-0.0096,-0.0087,,,,,,,,,
2014-01-22,50.6891,156.0188,N,0.0005,0.0003,-0.0006,0.0025,-0.0012,-0.0011,-0.0028,-0.0017,-0.0026,-0.0028,-0.003,-0.0037,-0.0041,-0.0009,0.0006,0.0012,0.0027,0.0024,0.0057,0.0041,0.0036,0.0036,0.0015,0.0014,1e-04,-0.0004,-0.0009,-0.0021,-0.0026,-0.0015
2014-01-22,50.6891,156.0188,NE,,0.0083,0.0132,,,0.0137,0.006,-0.0012,-0.0014,-0.0029,-0.0044,-0.0026,0.0004,0.0016,0.0044,0.005,,,,,,,,,,,,,,
2014-01-22,50.6891,156.0188,NO,,0.0176,0.0153,0.0105,0.0067,0.0041,0.0026,0.0012,0.0003,0.004,0.0049,0.0064,0.0087,0.0061,0.0068,0.0059,0.0008,-0.0032,0.0006,0.0005,-0.0007,-0.0035,-0.0036,-0.0043,-0.0039,-0.0039,-0.0028,-0.0019,1e-04,-0.0008
2014-01-22,50.6891,156.0188,O,,0.0243,0.0228,0.0196,,,,,,,,,,,,,,,0.0007,-0.0021,-0.0023,-0.0023,-0.0022,-0.0022,-0.0021,-0.0019,-0.0007,-0.0015,-0.0003,-0.0013
2014-01-22,50.6891,156.0188,S,0.0246,0.0227,0.0216,0.0187,0.0154,0.0115,0.006,0.0059,0.0003,-0.0004,-0.0025,0.0013,0.002,0.0003,-0.0008,-0.0018,-0.0029,-0.0034,,,,,0.0002,-0.0002,-0.0007,,,-0.0004,-0.0005,
2014-01-22,50.6891,156.0188,SE,,0.0113,0.0114,0.0106,0.0054,0.0011,-0.0019,-0.004,-0.0003,0.0017,0.0079,0.0,0.0013,0.0005,-0.0024,-0.0042,-0.0042,-0.0047,,,,,,,,,0.0106,0.0118,,
2014-01-22,50.6891,156.0188,SO,,0.0151,0.0146,0.011,0.0067,0.0025,-0.0016,-0.0043,-0.0059,-0.0091,-0.0105,-0.0102,-0.0091,-0.0075,,,-0.0056,-0.0039,-0.0036,-0.0014,0.0025,0.0044,0.0016,0.0029,0.0034,0.0036,0.003,0.0007,-0.0019,-0.0047
2014-03-03,50.6854,156.0177,E,,,0.0098,0.0092,0.0125,0.0095,0.0098,0.0074,,,,,,,,,-0.0056,-0.0101,-0.0063,-0.0063,-0.0056,0.0015,0.0048,0.0081,0.0039,0.0075,0.0079,-0.0157,-0.0206,1e-04
2014-03-03,50.6854,156.0177,N,0.0097,,,,,,,,,,,,,,-0.0148,-0.0072,-0.0068,-0.0112,-0.0062,-0.0063,-0.0067,-0.0029,-0.0029,0.0013,-0.0029,0.0041,0.0043,0.0086,0.0088,0.0052
2014-03-03,50.6854,156.0177,NE,,,,0.0031,,0.0065,0.0018,0.0012,-0.0038,-0.0047,-0.0052,-0.0101,-0.0063,-0.0042,-0.0027,-0.0011,0.0005,1e-04,0.0016,-0.0006,0.0007,-0.0015,-0.0019,-0.0072,-0.0079,-0.0012,0.0014,0.0022,0.0056,0.0067
2014-03-03,50.6854,156.0177,NO,,0.0214,0.0173,,0.009,0.0089,,,0.0048,0.0028,-0.0033,0.0007,-0.0032,-0.003,0.0028,-0.0036,0.0006,-0.0059,-0.0039,0.0044,0.0043,1e-04,1e-04,1e-04,0.0043,0.0002,-0.0019,0.0002,-0.0038,1e-04
2014-03-03,50.6854,156.0177,O,,0.0185,0.0146,0.0106,0.0067,0.0068,0.0069,0.007,0.0071,0.0072,0.0031,0.0031,-0.0009,-0.0007,-0.0091,-0.0048,-0.0089,-0.0002,-0.0002,0.0019,-0.0002,-1e-04,-0.0002,,,,,,0.002,0.0042
2014-03-03,50.6854,156.0177,S,0.026,,,,,,,,,,,,,,,,,,,,,0.0023,-0.0019,0.0025,-0.0015,-0.0014,-0.0055,-0.0013,-0.0011,-0.001
2014-03-03,50.6854,156.0177,SE,,,,,,,,,,,,,,,,,,0.0046,0.0067,0.0025,-0.0015,-0.004,-0.0036,-0.003,-0.0022,-0.0011,-0.0002,-0.0002,0.0003,0.0004
2014-03-03,50.6854,156.0177,SO,,,-0.0123,-0.0136,-0.0113,-0.0054,,,,,,,0.0017,0.0047,0.0013,-0.0008,-0.0007,0.0015,0.0019,-0.0006,-0.0003,-0.0007,-0.0018,-0.0028,-0.002,-0.0023,-0.0032,-0.0006,0.0027,0.0057
2014-09-11,50.6833,156.015,E,0.1165,0.0993,0.0968,0.0866,0.0792,0.0738,0.0495,0.0189,0.0003,-0.0068,-0.0064,-0.0037,-0.0072,-0.008,0.0038,-0.0297,-0.0321,-0.0312,-0.0315,-0.0129,0.0031,0.0077,0.0079,-0.0101,-0.0228,-0.0244,-0.0132,-0.0008,0.0259,0.0168
2014-09-11,50.6833,156.015,N,0.0851,0.0733,0.0713,0.0694,0.0627,0.0516,0.0441,0.0393,0.0296,0.0191,0.0113,-0.0125,-0.0226,-0.0375,-0.0401,-0.038,-0.0191,-0.0012,0.0062,0.0174,0.0228,0.0117,0.0167,0.0193,0.019,0.0107,-0.0084,-0.031,-0.0252,-0.0251
2014-09-11,50.6833,156.015,NE,,0.0346,0.0315,0.0291,0.0252,0.0236,0.0175,0.0183,0.0155,0.0096,0.0088,0.0004,-0.001,-0.0066,-0.0135,-0.0002,0.0057,-0.0055,-0.015,-0.0043,-0.0082,-0.0042,-0.0109,0.0044,0.0077,0.0034,0.0081,-0.0004,0.0089,0.0095
2014-09-11,50.6833,156.015,NO,0.0941,0.0801,0.0762,0.0637,0.0567,0.0512,0.0511,0.0475,0.0346,0.0093,-0.0123,-0.02,-0.0148,-0.0067,-0.0167,-0.005,0.0203,0.0364,0.026,0.0065,-0.0164,-0.0591,-0.0485,-0.0321,-0.0065,-0.0138,-0.0038,0.0039,0.0134,0.0392
2014-09-11,50.6833,156.015,O,,0.0898,0.0748,0.0237,-0.0174,-0.0415,-0.0369,0.0201,0.0267,-0.009,-0.0085,0.0177,0.0173,0.0164,0.0149,0.0074,-0.001,-0.0111,-0.0112,-0.0081,-0.008,-0.015,-0.0202,-0.0292,-0.0296,-0.0309,-0.0063,0.0192,0.0361,0.0631
2014-09-11,50.6833,156.015,S,,0.0496,0.0449,0.0402,0.0366,0.0358,0.0311,0.0319,0.0284,0.023,0.0112,0.0085,0.0038,0.0044,-0.0007,-0.0123,-0.003,-0.0115,-0.0016,-0.0099,-0.0025,-0.0097,-0.0111,-0.0062,-0.004,0.0035,0.0096,0.017,0.0215,0.0264
2014-09-11,50.6833,156.015,SE,0.1141,0.0954,0.0825,0.0851,0.0678,0.0637,0.0678,0.0585,0.048,0.0205,0.003,0.0003,0.002,0.0064,0.002,-0.0118,-0.0252,-0.026,-0.0189,-0.0157,-0.014,0.0011,0.0014,0.0089,0.009,0.0098,0.0032,-0.0125,-0.0189,-0.0281
2014-09-11,50.6833,156.015,SO,0.0617,0.0671,0.0515,0.0529,0.0492,0.0486,0.0444,0.0437,0.0376,0.0369,0.0262,0.0205,0.0213,0.0247,0.0105,0.0013,-0.0056,-0.0109,-0.0216,-0.0174,-0.0127,-0.0056,-0.0029,-0.0005,0.0079,-0.0096,-0.0189,-0.0168,-0.0122,0.0082
2014-12-08,50.6883,156.0081,E,,-0.0013,-0.0021,-0.0028,-0.0028,,,,,,,,,,,,,,,,-0.0028,-0.0027,-0.0029,-0.0031,-0.0035,1e-04,-0.0002,0.001,0.0015,0.0019
2014-12-08,50.6883,156.0081,N,-0.008,,,,,,,,,,,,,,-0.0022,,,,,,,,,,,,,,,0.0014
2014-12-08,50.6883,156.0081,NE,,,-0.0004,-0.0007,-0.0007,-0.0006,,,,,,,,,,,-0.0005,-0.0007,-0.0008,-0.0011,-0.001,,,,,,,,,0.0044
2014-12-08,50.6883,156.0081,NO,,,,,,,,,,,,,,,0.0,0.0,,,,,,,,,0.0,0.0,,,,
2014-12-08,50.6883,156.0081,O,,,,,,,,,,,,,,,,,,,,,-0.0026,-0.0033,-0.0022,-0.0013,-1e-04,0.0009,0.0007,1e-04,,
2014-12-08,50.6883,156.0081,S,0.0028,0.003,0.0024,0.0013,1e-04,-0.0015,-0.002,,-0.0029,-0.0034,-0.0045,,,,-0.0059,-0.006,-0.0023,0.0002,-0.0009,-0.0007,-0.0009,-0.0004,1e-04,-1e-04,0.0002,0.0004,-0.0005,-0.0003,0.0004,0.0
2014-12-08,50.6883,156.0081,SE,,-0.0056,-0.0071,-0.0077,-0.0076,,,,,,,,,,,-0.005,-0.004,-0.0016,-0.0,0.0018,0.0026,0.0025,0.0013,0.0008,-0.0003,-0.0003,0.0004,0.0004,0.0011,0.0029
2014-12-08,50.6883,156.0081,SO,,,,,,,,,-0.0053,-0.0052,-0.0049,-0.0044,-0.0033,-0.0027,-0.0017,-0.0007,-0.0007,-0.0012,-0.0009,-0.0012,0.0004,0.0004,0.0018,0.0018,0.0026,0.0024,0.0006,-0.0006,-0.0015,-0.0041
2014-12-16,50.6837,156.0197,E,0.0148,0.0101,0.0057,0.0044,0.0036,0.0047,0.0056,0.006,0.0007,0.0049,0.0059,0.006,0.0054,0.0047,0.0035,0.001,-0.0017,-0.0008,0.0009,-0.0002,-0.0047,-0.0041,-0.0032,-0.0029,-0.001,-0.0004,0.0003,0.0,-0.0012,-0.0024
2014-12-16,50.6837,156.0197,N,-0.0228,-0.0254,-0.0304,-0.0283,-0.0277,-0.0191,-0.0129,-0.0244,-0.0211,-0.0082,-0.0063,-0.0044,-0.0003,0.002,0.0069,0.0079,0.0107,0.0122,0.0129,0.0111,0.01,0.0095,0.0073,-0.0003,-0.0018,-0.0015,-0.003,-0.0031,-0.0058,-0.0064
2014-12-16,50.6837,156.0197,NE,,-0.0163,-0.0165,-0.0202,-0.0183,-0.014,-0.0168,-0.0025,-0.0019,0.0053,0.0064,0.0066,0.0062,0.0004,0.0049,0.0082,0.0073,0.0076,0.0058,0.0021,0.0024,0.0022,1e-04,-0.0019,-0.0065,-0.0059,-0.0067,-0.008,-0.0098,-0.0097
2014-12-16,50.6837,156.0197,NO,,-0.0097,-0.0132,-0.0156,-0.0098,-0.0013,-0.0023,-0.0082,-0.0027,-0.0043,-0.0031,-0.0049,-0.0045,-0.0031,-0.0039,-0.0056,-0.0049,0.0009,0.0003,0.0008,0.001,0.0002,0.0029,0.0026,0.0035,0.0024,0.0027,0.0011,-0.0015,-0.0021
2014-12-16,50.6837,156.0197,O,0.005,0.005,0.0024,0.0029,0.0029,0.0067,0.0029,0.0029,0.0029,0.0016,-0.0005,-0.0027,-0.0028,-0.0041,-0.003,-0.003,-0.0074,-0.0074,-0.0048,-0.0047,-0.0014,-0.0003,-0.0045,-0.0002,-0.0002,-0.0002,-0.0006,-0.0002,0.0088,0.0108
2014-12-16,50.6837,156.0197,S,0.0123,0.0098,0.0073,0.0073,0.0073,0.0034,0.0053,0.0096,0.0089,0.0077,0.0065,0.0059,0.003,0.0015,0.0021,0.0027,0.0021,0.0022,0.0035,-0.0002,-0.0029,-0.0025,-0.002,-0.0014,-0.0037,-0.0032,-0.0025,-0.0021,-0.002,-0.0019
2014-12-16,50.6837,156.0197,SE,,0.0115,0.0068,0.0113,0.0151,0.0149,0.0136,0.0087,0.0073,0.0067,0.0064,0.0062,0.005,0.0027,0.0023,0.0012,-0.0016,-0.0045,-0.0046,-0.0044,-0.0037,-0.0037,-0.0029,-0.0028,-0.0023,-0.0019,-0.001,-0.0004,0.0002,0.0007
2014-12-16,50.6837,156.0197,SO,,-0.0006,-0.0048,-0.0023,0.0035,0.0005,0.0046,0.0015,0.0062,0.0015,0.0023,0.0024,0.0012,0.0017,0.0017,0.002,-0.001,0.0016,-0.0017,-0.0036,-0.0027,-0.0018,0.0012,0.002,0.0022,0.0014,-0.0,-0.0039,-0.0054,-0.0032
2014-12-24,50.6839,156.0202,E,,0.0062,0.0056,,,,,,,,,,,,,,,,,,0.0009,,0.0009,0.0006,0.0003,-1e-04,-0.0006,-1e-04,0.0,1e-04
2014-12-24,50.6839,156.0202,N,0.0059,0.0059,0.0059,0.005,0.0012,0.0,0.0,,,,,,,,,,,,,,,,,,,,,,,
2014-12-24,50.6839,156.0202,NE,0.0065,0.0067,0.0063,0.0055,0.0045,0.0026,0.0011,0.0004,-0.0004,,,,0.0042,0.0022,0.0033,0.0022,-0.0008,-0.0013,,,,-0.0016,-0.0014,-0.0017,-0.0021,-0.0021,-0.0002,0.0018,0.0044,0.0047
2014-12-24,50.6839,156.0202,NO,,-0.004,-0.0027,-0.0019,-0.0029,-0.0029,,,,,,,,,,,-0.0047,-0.0042,-0.0039,-0.0015,0.0002,0.0013,-0.0006,-0.0011,-0.0002,0.0004,0.0011,0.0014,0.0005,-0.0003
2014-12-24,50.6839,156.0202,O,-0.0034,-0.0035,-0.0043,-0.0027,-0.0003,-0.0011,-0.0024,,,,,,,,,,,,,,,0.0045,,,0.0021,0.0006,0.0011,-0.0011,-0.0023,-0.0028
2014-12-24,50.6839,156.0202,S,,0.0034,0.0024,0.0007,0.0,,,,,,,,,,,,,,,,,,,,,,,,,
2014-12-24,50.6839,156.0202,SE,0.0051,0.0038,0.0027,0.0018,0.0,,,,,,,,,,,,,,,,,,,,,,,,,
2014-12-24,50.6839,156.0202,SO,0.0051,0.0031,0.0013,,,,,,,,,,,,,,,,,,,,,,,,,,,
2015-06-10,50.6867,156.0178,E,0.067,0.0365,0.0038,-0.0113,0.0156,0.0091,-0.0033,0.0266,0.015,-0.0138,-0.0182,-0.0215,-0.0167,-0.0234,-0.0252,-0.0224,-0.014,-0.0072,0.0098,0.0222,0.0251,0.0186,0.0027,-0.0091,-0.0143,-0.0126,-0.0099,-0.0076,-0.006,-0.006
2015-06-10,50.6867,156.0178,N,0.1083,0.1089,0.0777,0.0718,0.0293,0.0152,0.0136,0.0016,0.0018,0.0028,0.0054,0.0034,0.0058,0.0084,1e-04,-0.0072,-0.0069,-0.0061,-0.0063,-0.0061,-0.0056,-0.0085,-0.0058,-0.0032,-0.0037,-0.0019,0.0006,0.0051,0.0063,0.003
2015-06-10,50.6867,156.0178,NE,,0.0932,0.0864,0.0678,0.0519,0.0434,0.0328,0.0162,0.0101,0.0026,0.0003,-0.001,0.0089,0.0309,0.0273,0.0201,0.0187,0.0144,0.0009,-0.0054,-0.012,-0.0066,-0.0103,-0.0105,-0.0123,-0.0132,-0.0123,-0.0135,-0.0129,-0.0141
2015-06-10,50.6867,156.0178,NO,0.1588,0.1255,0.102,0.088,0.0782,0.0538,0.0306,0.014,0.0028,-0.001,-0.0014,-0.0014,-0.001,0.0026,0.002,-0.0009,-0.0013,-0.0024,-0.0023,-0.0018,-1e-04,-0.001,-0.0016,-0.0046,-0.0014,-0.0009,-0.001,-0.0009,-0.0009,-0.001
2015-06-10,50.6867,156.0178,O,,0.1389,0.1525,0.0914,0.0507,0.0337,0.0212,0.0085,0.0041,-0.0002,-0.0,1e-04,-0.0,-0.004,-0.0003,-0.0003,-0.0004,0.0006,0.0006,0.0006,0.0008,-0.0033,-0.0017,0.0003,0.0004,-1e-04,0.0011,-0.0,-0.0003,0.0006
2015-06-10,50.6867,156.0178,S,0.0873,0.0597,0.024,0.0066,0.0042,0.0005,0.0027,0.0153,0.0342,0.0277,0.0045,-0.0032,-0.0042,0.0005,0.0011,0.0008,-0.0065,-0.0086,-0.0064,-0.0071,-0.0059,-0.0048,-0.0048,-0.0013,-0.0013,0.0007,0.0005,0.0027,0.0031,0.0048
2015-06-10,50.6867,156.0178,SE,,0.0674,0.0255,0.0213,0.021,0.0155,0.0049,0.001,-0.003,-0.0067,-0.0048,-0.0027,-0.0027,-0.0025,-0.0025,0.0038,0.0062,0.0023,-0.0014,-0.0053,-0.0056,-0.0051,-0.0035,-0.0011,0.0013,0.0017,0.001,0.001,0.0012,0.0018
2015-06-10,50.6867,156.0178,SO,,0.1149,0.0423,0.0269,0.0049,0.0153,0.021,0.0049,0.0088,0.0061,0.0102,0.0099,0.0061,-0.0022,-0.0048,-0.0067,-0.007,-0.0085,-0.0075,-0.0059,-0.004,-0.0054,-0.0044,-0.0005,0.0003,0.0006,0.0027,0.0048,0.0082,0.0103
2015-11-09,50.6821,156.0175,E,0.0206,0.0143,0.0078,0.0076,0.0014,0.0113,0.0068,0.0046,0.003,0.0003,-0.0008,-0.0013,-0.0019,-0.0015,,0.0021,0.0023,0.0012,0.0034,0.0024,-0.0005,-0.0028,,,,,,,,
2015-11-09,50.6821,156.0175,N,0.0101,0.0104,0.0085,0.0077,0.0051,0.0039,0.0016,0.0016,0.0002,-0.002,-0.0034,-0.0075,-0.0093,-0.0112,-0.0103,-0.0087,-0.007,-0.0066,-0.0059,-0.005,-0.0036,-0.0032,-0.002,-0.0006,0.0014,0.0097,0.0131,0.0145,0.019,0.0196
2015-11-09,50.6821,156.0175,NE,,0.0066,0.0004,-0.0009,-0.0026,,,,,,,,,,,,,0.0065,0.0072,0.0009,-0.0094,0.0078,-0.0067,,-0.0046,,,,,
2015-11-09,50.6821,156.0175,NO,0.0162,0.0188,0.0174,0.0161,0.0136,0.0082,0.0062,-0.0006,-0.0031,-0.0039,-0.0064,-0.0081,-0.0081,-0.0057,-0.0033,-0.0039,0.0036,0.006,0.007,0.006,0.0029,-0.0051,0.0064,,,,0.0024,0.0047,0.0004,0.001
2015-11-09,50.6821,156.0175,O,,0.0172,0.0179,,0.0144,0.0142,,,0.0035,0.0032,,,,,-0.003,-0.0036,,,,,-0.002,,,,,0.0008,,,,
2015-11-09,50.6821,156.0175,S,0.0368,,,,,,,,,,,,,,,,,,,,0.0045,0.0014,-0.0004,0.0006,-0.0006,-0.0019,-0.0006,0.0005,0.0005,-0.0017
2015-11-09,50.6821,156.0175,SE,,0.0209,0.0147,0.011,0.0024,0.0064,-0.0025,-0.0016,0.0018,0.0019,0.0028,0.0032,0.0034,,,,0.0002,0.001,0.0012,0.0025,,,-0.003,0.0009,0.0011,0.0013,,,0.0012,0.002
2015-11-09,50.6821,156.0175,SO,,0.0347,,,,,,,,,,,,,,,,,,,,,,,,,,,0.0038,-0.0007
2015-12-11,50.6888,156.0086,E,,0.0351,0.0351,0.0346,0.0336,,,,,,,,,,,,,,,,,,,,,,,,,
2015-12-11,50.6888,156.0086,N,0.0361,0.0347,0.0293,0.0275,,,,,,0.0103,0.01,0.0082,0.0077,0.0074,0.0074,0.0088,0.0086,0.0073,0.0045,0.0051,-0.0006,-0.0005,-0.0008,-0.0021,-0.0031,-0.0042,-0.0035,-0.003,-0.0008,-0.0
2015-12-11,50.6888,156.0086,NE,,0.0212,0.02,0.0199,,,,,,,0.0057,0.0058,0.0051,0.0045,0.0038,0.0034,0.003,0.0021,0.0019,0.0003,-0.0005,-0.0008,-0.0011,-0.0014,-0.0019,-0.0016,-0.0007,-0.0006,-1e-04,0.0006
2015-12-11,50.6888,156.0086,NO,,0.0316,0.0294,,,,,,,,,,,,,,,,,,,,,,,,,,,
2015-12-11,50.6888,156.0086,O,,,,,,,,,,,,,,,,,0.0011,0.0012,0.002,0.001,,,0.0003,0.0011,0.0009,0.001,0.0004,-0.0007,-0.0008,-0.0012
2015-12-11,50.6888,156.0086,S,0.035,,,,,,,,,,,,,,,,,,,,,-0.0003,0.0007,0.0006,0.0008,0.001,0.0003,0.0002,-0.0003,-0.0004
2015-12-11,50.6888,156.0086,SE,,,,,,,,,,,,,,,,,,,,,,,,-0.0005,-0.0007,-0.0002,-0.0003,0.0002,0.0003,0.0005
2015-12-19,50.6849,156.0151,E,0.0128,0.0074,-0.0078,0.0043,0.0053,0.0096,0.0096,0.0059,0.003,0.0045,0.0084,0.0061,0.0046,0.0033,0.0041,0.0058,0.0053,0.0027,0.004,-0.0002,-0.0006,-0.0063,-0.002,-0.0073,-0.0076,-0.0076,-0.0068,-0.0074,-0.006,-0.0018
2015-12-19,50.6849,156.0151,N,,-0.0012,0.004,0.0018,0.0045,0.0033,0.0072,0.0031,0.0014,0.0016,1e-04,0.0008,0.0016,0.0005,-0.0014,-0.0008,0.001,0.002,0.0013,0.0026,0.0007,0.003,0.003,-0.0034,-0.0043,-0.0034,-0.0039,-0.0036,-0.0037,0.0013
2015-12-19,50.6849,156.0151,NE,0.0082,0.0085,0.0065,0.005,0.0005,-0.0011,-0.0018,0.0028,0.0048,0.006,0.0032,0.005,0.0059,0.0044,0.0021,0.002,0.0037,0.0033,0.0022,-0.0006,-0.0035,-0.0032,-0.0023,-0.0013,-0.001,-0.0005,0.0003,0.0012,0.001,0.0005
2015-12-19,50.6849,156.0151,NO,-0.0107,0.008,0.004,0.0032,0.0041,0.0063,-0.0,0.0,1e-04,-0.004,0.0004,0.0035,0.0038,0.0033,0.0009,0.0006,-0.0016,-0.0032,-0.0012,-0.0006,-0.0018,-0.0008,0.0005,0.0041,0.0014,0.0033,0.0012,-0.0007,-1e-04,0.0019
2015-12-19,50.6849,156.0151,O,0.0066,-0.0147,-0.0141,-0.0177,-0.0172,-0.0125,-0.0119,-0.0112,-0.0107,-0.0064,-0.006,-0.0054,-0.0053,-0.0012,-0.0016,-0.001,-0.0006,-0.0,0.0033,0.0036,0.0029,-0.0,-0.0003,0.0025,0.0024,0.002,-0.0003,0.0011,0.0006,0.0002
2015-12-19,50.6849,156.0151,S,,0.0007,-0.0033,-0.0036,-0.0032,-0.0067,-0.0065,-0.0027,-0.0023,-0.0017,-0.0011,-0.0006,0.0004,0.0014,0.006,0.0025,0.0027,0.0028,0.003,-0.0007,-0.0003,-0.0023,-0.0021,0.0005,-0.0037,0.0016,-0.0032,-0.0025,-0.0025,-0.0014
2015-12-19,50.6849,156.0151,SE,-0.0042,-0.0044,-0.0047,-0.0044,-0.0035,-0.0036,-0.0019,-0.0042,-0.0037,-0.0,0.0013,0.0016,-0.0017,-0.0011,-1e-04,0.0004,-0.0028,-0.0025,-0.0021,-0.0022,0.0006,0.0062,0.0055,0.0015,0.0003,-0.0034,-0.0037,-0.0065,-0.0052,-0.0017
2015-12-19,50.6849,156.0151,SO,-0.003,-0.007,-0.007,-0.0109,-0.0107,-0.0084,-0.0062,-0.0063,-0.0058,-0.0055,-0.0013,-0.0011,-0.0031,-0.0009,-0.0008,-0.0005,-0.0004,-0.0002,-0.0003,0.0,-1e-04,0.0039,0.004,0.0041,0.0034,0.0004,-0.0007,0.0006,0.0006,0.0007
2016-01-12,50.6883,156.0187,E,,,0.0161,0.0153,0.0135,,,,,,,,,,,,,,,,,,,,,,,,,
2016-01-12,50.6883,156.0187,N,0.0338,0.0159,0.014,0.0109,0.0105,0.0088,,,,,,,,,,,,,,,,,0.0,0.0,0.0,,,,,
2016-01-12,50.6883,156.0187,NE,,0.0131,0.0123,0.0105,,,0.0051,0.0029,0.0019,,,,,,,,,,-0.001,-0.0008,-0.0007,,,,,,-0.0003,-1e-04,0.0,-1e-04
2016-01-12,50.6883,156.0187,NO,,0.0093,0.0088,,,,,,,,0.0031,0.0033,0.0035,0.0036,0.0028,0.0027,0.0013,0.0007,1e-04,-0.001,-0.0019,-0.0023,-0.0022,-0.0018,-0.0009,-1e-04,0.0005,0.0012,0.001,0.0022
2016-01-12,50.6883,156.0187,O,,0.0122,,0.0088,,0.0076,0.0076,,,,,0.0029,0.0021,0.0007,-0.0007,-0.0014,-0.0014,-0.0012,-0.001,-0.0009,-0.0004,-0.0,0.0004,0.0009,0.0014,,,0.0002,0.0037,0.0027
2016-01-12,50.6883,156.0187,S,0.0326,,,,,0.005,0.0024,0.0025,0.0012,-0.0002,0.0,-0.0008,-0.0008,-0.0016,-0.0015,-0.0018,,,-0.0017,-0.0015,-0.0011,-0.0008,,,,,,,,
2016-01-12,50.6883,156.0187,SE,,,0.013,0.0102,0.009,-0.0007,0.0004,,-0.0002,,,,,,,,,,,,,,,,,,,,,
2016-01-12,50.6883,156.0187,SO,,0.0149,0.0128,0.0101,0.0078,0.0075,0.0087,0.0032,0.0016,0.0003,1e-04,0.0002,0.0004,0.0005,-0.0005,-0.0018,-0.0019,-0.0031,-0.0038,-0.0044,-0.0039,,,0.0036,,,,,,0.0064
2016-02-05,50.6847,156.0117,NE,0.0128,,,,,,,,,,,,,,,,,,,,,,,,,,,,,
2016-02-05,50.6847,156.0117,NO,0.01,,,,,0.0024,0.0026,0.0027,-0.0014,-0.0014,,,,,,,,,,,,,,,,,,,,
2016-02-05,50.6847,156.0117,O,0.0026,0.004,0.0017,0.0028,0.0024,0.0057,0.0019,-0.0018,-0.0016,0.0025,-0.0013,-0.0013,-0.0008,,,,,,,,,,,,,,,,,
2016-02-05,50.6847,156.0117,SE,0.0128,,,,,,,,,,,,,,,,,,,,,,,,,,,,,
2016-02-05,50.6847,156.0117,SO,,0.0128,0.0107,0.0085,0.0043,0.0085,0.0085,,,,,,,,,,,,,,,,,,,,,,,
2016-05-11,50.6864,156.0178,E,0.0253,0.0255,0.0219,0.0154,0.0104,0.0056,0.0057,0.0143,-0.0027,-0.0018,-0.0011,-0.0022,-1e-04,0.0047,-0.0003,-0.0048,-0.0019,-0.0017,0.0035,0.0033,0.0026,0.0026,-0.0014,-0.0037,-0.0016,-0.001,-0.0009,-0.0037,-0.003,-0.0025
2016-05-11,50.6864,156.0178,N,0.0324,0.0324,0.0197,0.0197,0.0111,0.0068,0.0025,-0.0019,-0.0019,0.0024,-0.0019,-0.002,-0.002,-0.002,-0.002,-0.002,-0.002,-0.0021,-0.0021,-0.0021,-0.0021,-0.0022,-0.0022,-0.002,-0.002,0.0023,0.0023,0.0064,0.002,0.002
2016-05-11,50.6864,156.0178,NE,,0.029,0.0207,0.0166,0.0124,0.0126,0.0042,-1e-04,-0.0043,-0.0042,-0.0042,0.0002,0.0046,0.009,0.0092,0.0049,0.0007,0.0004,0.0003,0.0003,-0.0032,-0.0032,-0.003,-0.003,-0.0033,-1e-04,-0.0003,-0.0032,-0.0028,-0.0028
2016-05-11,50.6864,156.0178,NO,0.0392,0.0348,0.0263,0.0176,0.0089,0.0023,1e-04,-1e-04,-1e-04,-1e-04,-0.0044,0.0,0.0004,-0.0036,-0.0021,0.0007,-0.0005,0.0006,0.0004,0.0003,1e-04,-0.0002,-0.0007,-1e-04,-1e-04,-0.0006,-0.0,0.0008,-0.0005,-0.0005
2016-05-11,50.6864,156.0178,O,,0.0367,0.0325,0.024,0.0151,0.0059,0.0019,0.0016,0.0014,0.001,0.001,0.0007,0.0005,0.0003,1e-04,-0.0,-0.0004,0.0005,0.0009,0.0002,-0.0011,-0.0008,0.0004,0.0003,0.0008,-0.0005,-0.001,-0.0011,-0.001,-0.0009
2016-05-11,50.6864,156.0178,S,0.0371,0.0222,0.0158,0.0007,-0.0014,-0.0014,-0.0012,0.0074,0.0074,0.0074,0.0009,-0.0013,-0.0014,-0.0014,-0.0033,-0.0051,-0.001,-0.0009,-0.0008,-0.0006,-0.0006,-0.0004,-0.0003,-0.0002,-1e-04,-1e-04,-0.0,0.0002,0.0044,0.0003
2016-05-11,50.6864,156.0178,SE,,0.0292,0.0249,0.01,-0.0007,-0.005,-0.005,-0.0049,-0.0047,-0.0003,0.004,0.0018,0.004,-0.0004,-0.0004,0.0039,-0.0003,-0.0003,-0.0002,-1e-04,-1e-04,-0.0,-0.0003,0.0002,0.0003,0.0004,0.0005,0.0004,0.0005,0.0003
2016-05-11,50.6864,156.0178,SO,,0.0211,0.0033,0.0031,-0.0058,-0.0051,-0.0014,0.0017,0.0053,0.0076,0.0013,-0.001,-0.001,-0.002,-0.0013,-0.0008,1e-04,-0.0036,-0.0012,0.0008,0.0016,0.0017,-0.0017,-0.0012,-0.0009,-0.0005,-0.0004,0.0,0.0008,-1e-04
2016-06-20,50.6859,156.016,E,,,,,,,,0.0047,-0.0126,-0.0216,-0.0182,-0.0144,-0.0043,0.0077,0.0195,0.0251,0.0247,,0.0252,0.0134,,,,,,,,,,0.0113
2016-06-20,50.6859,156.016,N,,,,,,,,,,,-0.0104,-0.0126,-0.0049,-0.0114,-0.0199,-0.01,0.0026,-0.0109,-0.0058,-0.0011,-0.0015,0.0019,-0.0087,-0.0122,-0.0055,,,,,
2016-06-20,50.6859,156.016,NE,,,,,,,,,,,,,-0.0043,-0.0023,-0.0086,0.0095,0.0165,0.0229,0.0284,0.0241,0.0273,0.0185,0.0242,0.0121,0.0072,0.007,-0.0061,-0.0141,-0.0257,-0.0342
2016-06-20,50.6859,156.016,NO,0.0894,,,,,,,,,,,-0.008,-0.0083,-0.0121,-0.0114,-0.0109,-0.0086,-0.0087,-0.0072,-0.0042,-0.0009,1e-04,0.008,0.0012,0.0029,0.0023,0.0004,0.0014,0.0081,0.0075
2016-06-20,50.6859,156.016,O,,,0.1313,0.1315,,0.0802,0.0585,0.0493,0.0119,0.0027,-0.0019,-0.008,-0.0077,-0.0091,-0.0074,-0.0066,-0.006,-0.0051,-0.0042,-0.0028,-0.0026,-0.001,-0.0,-0.0002,0.0028,0.007,0.0037,0.0017,0.0039,0.0069
2016-06-20,50.6859,156.016,S,0.1004,0.1007,0.0878,0.0918,0.0886,0.0877,0.0838,0.0821,0.0769,,,,,,,,-0.0117,-0.012,-0.0119,-0.0103,-0.0019,0.0048,0.0035,0.0035,-0.0003,-0.0003,-0.0002,-0.0005,0.0015,0.0038
2016-06-20,50.6859,156.016,SE,,0.0361,,0.0384,,0.0358,0.03,0.0223,0.0088,-0.0087,0.0005,-0.0018,-0.0041,-0.0011,0.0029,0.0005,-0.0071,-0.0134,-0.0069,-0.008,-0.0091,-0.0004,0.0056,,0.0139,0.015,,0.0042,0.0052,0.0117
2016-06-20,50.6859,156.016,SO,0.1448,,0.1168,0.1008,0.1087,0.1147,0.1348,0.1244,,,,,,,-0.009,-0.0092,-0.0093,-0.0085,-0.0072,-0.0059,-0.0045,-0.0016,-0.0006,0.0019,1e-04,0.0052,0.0028,0.0011,0.0015,0.0035
2016-07-06,50.6856,156.0173,N,0.1184,0.1132,,0.0346,0.0374,0.0292,0.0082,0.0097,0.0277,0.044,0.0299,0.0216,0.0115,0.0143,-0.0104,-0.0208,-0.0361,-0.0313,-0.03,-0.0266,-0.0236,-0.0152,0.0154,-0.0013,0.0147,0.0215,0.023,0.0327,0.0608,0.073
2016-07-06,50.6856,156.0173,NE,,,,,,,,,,,-0.0164,-0.0057,-0.0101,-0.0056,0.0096,0.017,0.0201,0.0423,0.0379,0.0336,,0.0157,-0.0039,-0.0127,-0.0153,0.001,0.0044,-0.0147,-0.027,-0.0259
2016-07-06,50.6856,156.0173,NO,,0.1013,0.0503,0.0111,-0.0151,-0.0225,-0.0398,-0.03,-0.027,,,,,,,,,,0.0293,0.0082,0.0061,0.0052,-0.0128,-0.0166,,,,,,
2016-07-06,50.6856,156.0173,O,0.2084,0.1956,0.1714,0.1424,0.0794,,,,0.0186,-0.0014,,-0.0085,-0.0085,-0.0073,,,,,,,,-0.0043,-0.0045,0.0011,0.0181,,,,,
2016-07-06,50.6856,156.0173,S,0.0927,0.0852,0.063,0.0664,0.0632,0.0316,0.0529,0.0386,0.0386,0.0224,-0.0015,-0.0128,0.0064,0.0179,-0.0094,0.0069,0.0085,-0.0817,-0.0774,-0.0719,-0.0685,-0.0295,-0.014,0.0009,0.0086,0.0257,0.0309,0.0341,0.0165,0.0022
2016-07-06,50.6856,156.0173,SE,,,0.0906,,,,,,,,,-0.0018,0.023,0.0227,0.0143,0.0157,,,,,,-0.0455,-0.0382,0.0065,-0.019,-0.0131,0.0323,0.0263,0.0243,0.0058
2016-07-06,50.6856,156.0173,SO,,0.1036,0.0979,0.0968,0.0909,0.0782,0.0382,0.0667,0.0578,0.0433,-0.0011,-0.0236,-0.0295,,,,,,-0.0543,-0.0493,-0.0461,-0.039,-0.033,-0.0224,0.0015,-0.0035,0.0404,0.033,0.0213,0.0226
2016-08-31,50.6825,156.0137,E,0.0572,0.0541,0.0518,0.0454,0.0425,0.0353,0.0303,0.0223,0.0128,0.0041,-0.0014,-0.0014,0.0024,-0.0031,-0.0038,-0.0043,-0.0072,-0.008,-0.0041,-0.0008,0.002,0.0062,,,,,,,,
2016-08-31,50.6825,156.0137,N,,0.0083,0.0058,0.0057,0.0053,0.004,0.0051,0.0072,0.0061,0.0029,0.0009,-0.0005,-0.0088,-0.0085,-0.0112,-0.0103,-0.0127,-0.011,-0.0045,0.0044,0.0067,0.0091,0.0054,0.0072,0.0033,0.0034,0.0014,0.0037,0.0019,-0.003
2016-08-31,50.6825,156.0137,NE,,0.0166,0.0132,0.0132,0.0103,0.0101,0.0105,0.0119,0.0114,0.0089,0.0054,0.0049,0.0021,0.0002,-0.0046,-0.0045,-0.0058,-0.0031,-0.0107,-0.002,-0.0062,-0.0031,-0.003,0.0,0.0046,0.0012,0.0002,0.0026,0.0057,1e-04
2016-08-31,50.6825,156.0137,NO,0.0271,0.0141,0.0046,-0.0005,-0.0166,0.0053,0.0079,0.0163,0.0136,0.0056,0.0087,0.0044,0.0053,0.0026,0.0012,0.0007,0.0018,0.0019,0.0034,0.0004,-0.0008,-0.0011,-0.0045,-0.0042,-0.0045,-0.0007,-0.0,0.0008,-0.0057,-0.0041
2016-08-31,50.6825,156.0137,O,,0.0373,0.0357,0.0301,0.0245,0.0185,0.0085,0.0097,0.0132,0.0136,0.0105,0.0079,0.0036,0.0035,0.0054,0.0055,0.0046,0.0023,0.0035,-1e-04,-0.0022,-0.0011,-0.0013,-0.0015,-0.0004,-0.0024,-0.0079,-0.0126,-0.0188,-0.0243
2016-08-31,50.6825,156.0137,S,,0.0157,0.018,0.0175,0.0176,0.0133,0.0104,0.0105,0.0099,0.01,0.0057,0.0029,0.0009,-0.0035,-0.0036,-0.003,-0.0028,-0.0123,-0.0166,-0.0163,-0.0115,-0.0066,-0.006,-0.0102,-0.0055,-0.0006,0.0043,0.0044,0.0044,0.0026
2016-08-31,50.6825,156.0137,SE,0.034,0.0333,0.0291,0.028,0.0279,0.0271,0.0265,0.0201,0.01,0.0013,-0.0042,-0.0048,-0.0077,-0.0045,-0.002,-0.0011,-0.0005,-0.0006,-0.0007,,,,,,,,,,,
2016-08-31,50.6825,156.0137,SO,0.0198,0.0162,0.0173,0.0155,0.0139,0.0141,0.0157,0.0163,0.0121,0.0132,0.0145,0.0095,0.0058,0.0022,-0.0008,-0.0036,0.0003,-0.0014,-0.0036,-0.0075,-0.0064,-0.0124,-0.0108,-0.011,-0.0084,-0.008,0.0047,0.006,0.0002,0.0024
2017-04-04,50.6875,156.0182,N,0.0,,,,,,,,,,,,,,,,,,,,,,,,,,,,,
2017-04-04,50.6875,156.0182,S,0.0,,,,,,,,,,,,,,,,,,,,,,,,,,,,,
2017-05-14,50.6883,156.017,E,0.0698,0.0342,0.0193,0.0067,0.0008,-0.0029,0.0037,0.0043,0.0061,0.0012,0.0193,0.0277,0.0453,0.0212,-0.0024,-0.0203,-0.0246,-0.0239,-0.0212,-0.0179,-0.014,-0.0113,-0.009,-0.006,-0.0042,-0.0018,-0.0,0.0035,0.0077,0.0107
2017-05-14,50.6883,156.017,N,0.0678,0.0553,0.0182,0.003,-0.0044,,,-0.0016,0.0078,0.0173,0.0165,0.0146,0.017,0.0203,0.0223,0.0208,0.0094,0.0124,0.0032,0.0073,0.0063,0.0044,0.008,-0.0006,0.0074,-0.0223,-0.0245,-0.0243,-0.0277,-0.0128
2017-05-14,50.6883,156.017,NE,,0.1058,0.0756,0.0474,,,,,,0.044,0.0378,0.0391,0.0372,0.0298,0.0093,0.0019,0.0003,-0.0045,-0.0072,-0.0097,-0.0118,-0.0082,-0.0123,-0.0127,-0.0135,-0.0146,-0.0164,-0.0164,-0.0166,-0.0182
2017-05-14,50.6883,156.017,NO,,0.0765,0.048,0.0298,0.0288,0.0371,0.0164,0.0085,-0.0036,-0.0008,0.0028,-0.0052,0.0047,0.0042,-0.0045,1e-04,,0.0031,-0.0082,0.015,0.0169,0.0003,-0.004,-0.0049,-0.0062,0.0076,-0.0033,0.0017,-0.0011,-0.016
2017-05-14,50.6883,156.017,O,0.114,0.1145,0.0963,0.0845,0.068,0.0614,0.0702,0.0656,0.042,0.0131,-0.0108,-0.0072,-0.0037,-0.0041,-0.0019,0.0133,-0.0039,-0.026,-0.0217,0.0004,0.0054,-0.0161,0.0144,0.0137,-0.0098,0.0011,0.0011,0.0041,0.0007,-0.002
2017-05-14,50.6883,156.017,S,0.101,0.0888,0.0494,0.0547,0.0499,0.0676,0.0594,0.0363,0.0248,0.0127,0.0195,0.0145,0.0111,0.0122,-0.0045,-0.0058,-0.0069,-0.0077,-0.0102,-0.0097,-0.0062,-0.0032,-0.0022,-0.0017,-0.0063,-0.0012,0.001,0.0017,0.0061,0.0075
2017-05-14,50.6883,156.017,SE,,0.0809,0.0501,0.0492,0.0593,0.0455,0.0385,0.0323,0.0291,0.0318,0.0229,0.0074,0.0047,-0.0063,-0.0114,-0.0123,-0.012,-0.0113,-0.0132,-0.011,-0.0101,-0.0086,-0.0046,-0.0005,0.0013,0.002,0.0052,0.0057,0.0079,0.0077
2017-05-14,50.6883,156.017,SO,,0.102,0.0739,0.0619,0.0336,0.018,0.0152,0.0192,0.0187,0.0153,0.0064,-0.0056,-0.0052,0.003,0.0087,0.0004,-0.0005,-0.0273,0.0012,0.0031,-0.0126,-0.0131,-0.0132,-0.0086,-0.0074,-0.0022,-0.0003,0.0018,0.004,0.0071
2017-06-07,50.6864,156.0182,E,0.0583,,0.0407,0.0379,0.0349,0.0301,0.0285,0.0224,0.0179,0.0119,0.0058,0.0036,0.0002,-0.0015,-0.0043,-0.0085,-0.0084,-0.0099,-0.0083,-0.0068,-0.0033,0.0061,0.0125,-0.0006,,0.0124,,,-0.0257,-0.0393
2017-06-07,50.6864,156.0182,N,0.0548,0.0512,0.0429,0.0301,0.0269,0.0165,0.0082,0.0066,-0.002,-0.0035,-0.0068,0.001,0.0091,0.0083,0.0104,0.011,0.0059,0.0064,0.0075,0.0067,,,,,,,,,,-0.0078
2017-06-07,50.6864,156.0182,NE,,0.0667,0.0648,0.0595,0.045,0.0398,0.0298,0.0274,0.0257,0.0246,0.0221,0.0201,0.0153,0.0146,0.0126,0.0101,0.0087,0.0079,0.0055,0.0029,-0.0021,-0.004,-0.0043,-0.0069,-0.009,-0.0114,-0.014,-0.0175,-0.0222,-0.0249
2017-06-07,50.6864,156.0182,NO,,0.0945,0.083,0.0664,0.053,0.0381,0.0278,0.0183,0.0084,0.0053,0.0043,0.005,0.0048,-0.01,0.0042,0.004,0.0051,0.0011,0.003,0.0035,-0.0031,-0.0067,-0.0155,-0.0279,-0.0276,-0.0078,0.004,-0.0179,-0.0164,
2017-06-07,50.6864,156.0182,O,,0.1034,,0.0795,0.0674,0.0531,0.0416,0.0321,0.0249,0.0182,0.0132,0.0128,0.0147,0.0154,0.0033,-0.0038,-0.004,-0.0028,-0.0022,-0.0027,-0.0034,-0.0012,0.0002,-0.0013,-0.0079,-0.007,-0.0041,-0.0041,-0.0075,-0.009
2017-06-07,50.6864,156.0182,S,0.0899,0.084,,,,,,,,,0.0215,0.0134,0.0116,0.0096,0.0077,0.0051,0.0049,0.0053,0.0043,0.0036,1e-04,0.002,0.0036,0.0031,0.0044,0.0051,0.0052,-0.0017,0.0002,-1e-04
2017-06-07,50.6864,156.0182,SE,,0.0405,0.0367,0.0286,0.0279,0.0256,0.0125,0.0073,0.01,0.0093,0.0106,0.0116,0.0066,0.0041,0.0007,-0.0018,-0.0043,-0.0065,-0.0066,-0.0072,-0.0065,-0.0053,-0.0066,-0.0055,-0.0026,-0.0012,0.0002,0.0017,0.004,0.0061
2017-06-07,50.6864,156.0182,SO,,0.0917,0.0812,0.0743,0.0652,0.0554,0.0552,0.0508,0.0429,0.0341,0.0272,0.0191,0.0164,0.0164,-0.0029,-0.0026,-0.0043,-0.009,-0.0108,-0.0106,-0.0092,-0.0076,-0.0061,-0.0044,-0.0019,-1e-04,0.002,0.0029,0.005,0.0068
2017-08-02,50.687,156.0182,E,,-0.0217,-0.0205,-0.022,-0.009,-0.0096,-0.0033,-0.0002,-0.0053,0.0138,0.0262,0.0338,0.043,0.0157,-0.0071,0.0015,0.0205,0.0367,0.0344,0.0345,0.0418,0.0313,0.0211,-0.0209,-0.0446,-0.0382,-0.035,-0.0227,-0.0036,-0.0021
2017-08-02,50.687,156.0182,N,0.0436,0.0353,0.0303,0.014,0.0002,0.0029,0.0046,0.0113,0.0014,1e-04,-0.0183,-0.0178,-0.0233,-0.0262,-0.0198,-0.0158,-0.0183,-0.0208,-0.0314,-0.0303,-0.0279,-0.0249,-0.0171,-0.0108,0.002,0.0133,0.0261,0.0369,0.0399,0.0315
2017-08-02,50.687,156.0182,NE,,0.0085,0.0077,-0.0015,0.0022,0.0044,0.0055,0.0069,-0.0031,0.0089,-0.0048,-0.002,-0.0132,-0.013,-0.0064,-0.0202,-0.0117,-0.0094,0.0129,0.0196,0.0193,0.0179,0.0233,0.024,0.0222,0.0057,-0.0098,-0.0339,-0.0437,-0.046
2017-08-02,50.687,156.0182,NO,,0.0365,0.0289,0.0196,0.0179,0.0236,0.0026,-0.0101,-0.0431,-0.062,-0.0626,-0.0517,-0.0421,-0.0392,-0.0413,-0.0357,-0.018,-0.0158,-0.0119,0.0069,0.0202,0.0329,0.0333,0.0309,0.0272,0.0254,0.0176,0.0125,0.0159,0.0122
2017-08-02,50.687,156.0182,O,,0.0502,0.0429,0.0268,0.0206,0.0224,0.0072,-0.0033,-0.0085,-0.019,-0.026,-0.0238,-0.0276,-0.0358,-0.0338,-0.0392,-0.04,-0.0397,-0.0373,-0.0341,-0.0232,-0.0014,0.0222,0.0392,0.0266,0.0305,0.0241,0.0145,0.0059,-0.001
2017-08-02,50.687,156.0182,S,0.1118,0.0892,0.0599,0.0622,0.0321,,,,,,,,,,,,,,,,,,,,,,,,,
2017-08-02,50.687,156.0182,SE,,0.0315,0.0175,0.0152,0.0186,-0.0077,0.0033,,,,,,,,,,,,,,,,,,,,,,,-0.0119
2017-08-02,50.687,156.0182,SO,,0.0251,0.0265,0.02,0.0027,-0.0009,0.0031,0.0039,-0.0,,,,,,,,,,,,,,,,,,,,,
2017-10-21,50.6883,156.02,E,0.0154,0.0213,0.0273,0.0304,0.0283,0.0232,0.0231,0.0127,0.0008,,,,,,,,,,,,,,,,,,,,,0.0017
2017-10-21,50.6883,156.02,N,-0.0002,0.0019,0.0061,0.0042,0.0042,0.0044,0.0045,0.0024,0.0003,0.0003,-0.0037,-0.0034,0.005,0.001,0.0011,0.0012,0.0014,,-0.0072,,,,-0.0032,0.0086,,,-0.0029,,,
2017-10-21,50.6883,156.02,NE,,0.0399,0.0415,0.0436,0.0448,0.0472,,,,,,,,,,,,,,,,,,,-0.0114,-0.0175,-0.0091,-0.0073,-0.0,0.0024
2017-10-21,50.6883,156.02,NO,,0.0199,0.0213,0.0123,0.0089,0.0089,0.0121,0.0172,0.0131,0.0092,0.0051,-1e-04,-0.0006,-0.0048,-0.0094,-0.0055,-0.0083,-0.0069,-0.0043,-0.0028,0.0028,0.0038,0.0066,0.0061,0.0052,0.0049,0.0054,0.0044,0.0096,0.0047
2017-10-21,50.6883,156.02,O,0.0266,0.0225,0.0205,0.0165,0.0105,0.0041,0.0063,0.0105,0.0144,0.0186,0.0183,0.0102,0.0021,-0.0023,-0.0062,-0.0104,-0.0146,-0.0104,-0.0063,-0.0056,-0.0055,-0.0013,0.0003,0.0058,0.0017,0.0015,0.0014,-0.0017,-0.0019,-0.0043
2017-10-21,50.6883,156.02,S,0.0399,0.0394,,0.0371,0.0337,0.0257,0.023,0.016,0.0153,0.0077,0.0007,0.0086,0.0116,0.0088,0.0095,0.0082,0.0077,0.0028,-0.0006,-0.007,-0.0067,-0.0075,-0.0084,-0.0069,-0.0061,-0.0036,-0.0002,0.0006,0.0033,0.0041
2017-10-21,50.6883,156.02,SE,,0.0288,0.0229,0.0256,0.0236,0.0191,0.0197,0.0166,0.0113,0.0052,-0.0033,-0.0049,-0.0039,0.0048,0.0082,0.0105,0.0047,-0.0,-0.0071,-0.0129,-0.0142,-0.0169,-0.0151,-0.0117,-0.0103,-0.0072,-0.0025,0.0016,0.0034,0.0066
2017-10-21,50.6883,156.02,SO,,0.0114,0.0074,0.0074,0.0057,0.0039,0.0039,0.0039,1e-04,0.0043,0.0088,-0.0116,0.0009,-0.0038,0.0086,0.0044,0.0064,0.0048,0.008,0.0075,0.0079,0.0079,0.0038,0.0037,0.007,0.0032,0.0028,-0.0015,-0.0055,-0.0056
2017-12-08,50.6861,156.019,E,,,,,,,,0.0,,,,,,,,,,,,,,,,,,,,,,0.0
2017-12-08,50.6861,156.019,N,-0.0008,-0.0014,-0.0022,-0.0117,,-0.0179,-0.0164,-0.0169,-0.0146,-0.0175,-0.0111,-0.0157,-0.011,-0.0113,-0.0085,-0.0101,-0.0115,-0.0008,0.0042,0.0084,0.0095,0.0115,0.0096,0.0073,0.0046,0.001,-0.0041,-0.007,-0.0067,-0.0054
2017-12-08,50.6861,156.019,NO,,-0.0162,-0.0181,-0.0202,-0.0136,-0.016,-0.0185,-0.0186,-0.0053,,-0.0095,-0.0091,-0.0053,-0.0053,-0.0052,-0.001,1e-04,0.0037,0.0043,0.0038,0.0041,0.003,-0.0002,-0.0066,-0.001,-0.0008,0.0031,0.0037,0.0029,0.0027
2017-12-08,50.6861,156.019,O,-0.0117,-0.0077,-0.0075,-0.0134,-0.0112,-0.0127,-0.0113,-0.0113,,,,-0.009,-0.0058,-0.0002,0.0016,-0.0003,0.0009,0.0024,0.0013,0.002,0.0022,0.0026,0.0028,-0.0008,-0.0016,-0.0019,-0.0018,-0.0012,-0.0016,-0.0017
2017-12-08,50.6861,156.019,S,0.0147,0.0117,0.0106,0.0066,0.0034,0.003,-0.0017,-0.002,-0.0014,-0.0009,-0.0011,-0.0018,-0.0027,-0.0029,-0.0022,0.0089,-0.0017,-0.001,0.0002,0.0008,0.0008,0.0013,0.0016,0.0022,0.0029,,,,,
2017-12-08,50.6861,156.019,SE,,,,,,0.0076,0.0033,0.002,0.002,-0.0009,-0.0007,-0.0005,-0.0004,-0.0005,-1e-04,-0.0006,-0.0004,-0.0006,-0.0004,-0.0003,0.0003,,,,,,,,,0.001
2017-12-08,50.6861,156.019,SO,,0.0002,-0.0019,-0.0041,-0.0041,-0.0041,-0.004,-0.0034,-0.0003,0.0025,,,,,,-0.0044,-0.0002,-0.0002,-0.0,-1e-04,0.0021,0.0042,-0.0,-0.0,-0.0041,1e-04,-0.004,-0.0082,,
2018-01-09,50.6865,156.0144,E,0.0254,0.017,0.0135,0.0147,0.0202,0.0177,0.0179,0.0147,0.0138,0.0135,0.0113,0.0094,0.0032,0.0015,-0.0007,-0.0019,-0.006,-0.0061,-0.0061,-0.0062,-0.0065,-0.0062,-0.0053,-0.0045,-0.0035,-0.0015,-0.0009,0.0005,-0.0003,0.0
2018-01-09,50.6865,156.0144,N,,-0.0004,-0.0002,0.0002,0.0003,0.0004,-0.0,0.0057,0.0012,-0.0012,0.0003,-0.0022,-0.0025,-0.005,-0.0034,-0.0077,-0.0039,-0.0039,-0.0036,-0.0003,-0.0043,-0.0026,-0.0036,0.004,0.0026,-0.0025,-0.0006,-0.001,0.0015,0.0004
2018-01-09,50.6865,156.0144,NE,0.028,0.0177,0.0239,0.0145,0.0165,0.0177,0.0185,0.0121,0.0212,0.0155,0.011,0.0089,0.0076,0.0042,-0.0011,-0.0035,-0.0062,-0.0057,-0.0002,-0.0024,-0.0078,-0.0031,-0.0028,-0.0015,-0.0019,-0.0034,-0.0061,-0.0078,-0.0039,-0.0
2018-01-09,50.6865,156.0144,NO,0.0076,0.0202,0.0043,0.0048,0.0034,0.0002,-0.0037,-0.0046,-0.006,-0.0062,-0.0066,-0.0072,-0.0074,-0.0079,-0.0078,-0.0038,-0.0038,1e-04,-0.0022,-0.0018,0.0022,0.0028,0.0023,-0.0003,-0.0004,0.0008,0.0013,0.0022,0.0023,0.0025
2018-01-09,50.6865,156.0144,O,0.0252,0.0236,0.0253,0.0224,0.0061,0.0183,0.0013,-0.0025,-0.0014,-0.003,-0.0068,-0.0061,-0.0031,-0.0087,0.0059,-0.0063,-0.0061,-0.0073,0.0029,0.0036,0.0015,0.0037,0.0035,0.0029,0.002,-0.0029,-0.0023,-0.0019,0.0006,0.0036
2018-01-09,50.6865,156.0144,S,,0.0152,0.0111,0.0028,-0.0078,-0.0099,0.0051,0.0038,0.0014,0.0048,0.001,0.0003,-0.0025,0.0009,-0.0004,0.0002,1e-04,-0.0003,-0.0018,-0.0023,-0.0039,-0.0002,0.0003,0.0008,1e-04,0.0004,0.0004,-0.0014,0.0012,0.0011
2018-01-09,50.6865,156.0144,SE,-0.0015,-0.0036,-0.0061,-0.0066,-0.0091,-0.0105,-0.0095,-0.0058,-0.0006,0.0031,0.0012,0.0042,0.001,0.0021,0.0019,0.0026,0.0035,0.0005,0.0009,0.0019,0.0024,0.0031,0.0016,-0.0026,-0.0059,-0.0023,-0.0003,0.0022,-0.0005,0.0025
2018-01-09,50.6865,156.0144,SO,0.0086,0.0087,0.0064,-0.0085,-0.0125,0.0024,-0.0011,-0.0013,0.0033,0.0032,0.0065,0.0028,-0.0007,-1e-04,-0.0029,-0.0039,-0.004,-0.0002,0.0017,1e-04,-0.0004,-0.0027,-0.0023,-0.0021,-0.0003,-0.0003,0.0013,0.0037,0.0036,0.0036
2018-09-14,50.6902,156.0163,E,0.2286,0.3724,0.527,0.6229,0.6105,0.4854,0.333,0.1863,0.0748,0.0007,-0.0497,-0.0839,-0.0716,-0.0563,-0.0544,-0.0549,-0.0504,-0.0446,-0.0391,-0.0333,-0.0285,-0.0141,-0.0027,0.0007,0.0033,0.0134,0.0324,0.0597,0.0641,0.0548
2018-09-14,50.6902,156.0163,N,,0.1373,0.1078,0.0567,0.0419,0.0493,0.0278,0.0229,0.0301,0.0423,0.0414,0.0436,0.0383,0.0389,0.0244,0.0211,0.014,0.0021,0.0009,-0.0089,-0.006,-0.0123,-0.0128,-0.0087,-0.0063,-0.0062,-0.01,-0.0081,-0.0098,-0.0134
2018-09-14,50.6902,156.0163,NE,0.3429,0.2786,0.3694,0.374,0.3646,0.3755,0.1547,0.1282,0.089,0.075,0.0629,0.0443,0.0474,0.0279,0.028,0.0049,0.0009,-0.0074,-0.0184,-0.0212,-0.0345,-0.036,-0.0362,-0.0344,-0.0314,-0.0274,-0.0226,-0.0212,-0.006,0.0
2018-09-14,50.6902,156.0163,NO,0.2559,0.1451,0.1122,0.09,0.0711,0.0513,0.049,0.0426,0.035,0.0419,0.0379,0.0194,0.0199,0.0172,0.0133,0.0124,0.0139,0.0128,0.0146,0.0152,0.011,-1e-04,-0.0156,-0.0262,-0.0311,-0.0171,-0.0305,-0.0355,-0.0373,-0.0341
2018-09-14,50.6902,156.0163,O,,0.1687,0.0861,0.0435,0.0308,-0.0095,-0.0129,0.0118,0.0021,-0.0015,-0.0068,-0.0045,-0.0019,0.0031,0.0163,0.0149,0.0029,0.0136,0.011,0.0121,0.0104,0.0079,0.0046,0.0044,0.0058,0.0077,0.0075,0.0058,0.0003,-0.0056
2018-09-14,50.6902,156.0163,S,0.3062,0.3062,0.3222,0.2517,0.1727,0.1434,0.0544,0.03,0.0152,0.0018,-0.0031,-0.0123,-0.0115,-0.0107,-0.0101,-0.0094,-0.009,-0.0085,-0.0073,-0.0036,-0.0046,-0.002,-0.0008,-0.0035,-0.0014,-0.0002,1e-04,0.0012,0.0029,0.0049
2018-09-14,50.6902,156.0163,SE,,0.29,0.3863,0.4373,0.3282,0.4113,0.3318,0.2134,0.1453,0.1075,0.0044,-0.0319,-0.0597,-0.0628,-0.0614,-0.0578,-0.0588,-0.0532,-0.0498,-0.0426,-0.0355,-0.0269,-0.02,-0.0106,-0.0046,0.0075,0.0186,0.0322,0.0477,0.0574
2018-09-14,50.6902,156.0163,SO,0.3028,0.1944,0.1364,0.0834,0.0341,0.0135,0.0047,-0.0157,-0.01,-0.0105,-0.0139,-0.019,-0.0234,-0.0236,-0.0209,-0.0225,-0.0236,-0.0231,-0.0219,-0.0154,-0.0119,-0.0061,-0.0102,-0.0027,0.0051,0.0118,0.0151,0.017,0.0198,0.0203
2018-09-30,50.6902,156.0163,E,0.0988,0.3156,0.5742,0.6651,0.6681,0.5703,0.4048,0.243,0.0929,-0.0127,-0.0813,-0.1372,-0.1477,-0.1405,-0.1446,-0.1318,-0.1325,-0.1063,-0.086,-0.0632,-0.0388,-0.0216,-0.0021,0.0072,0.0172,0.0441,0.0642,0.0808,0.0755,0.0216
2018-09-30,50.6902,156.0163,N,,0.1206,0.0989,0.0882,0.0555,0.0728,0.0366,0.0345,0.0252,0.0283,0.0239,0.0362,0.0398,0.0269,0.0242,0.0142,0.0104,-0.0026,0.003,-0.0056,-0.0073,-0.0161,-0.0069,-0.005,-0.0024,0.0038,-0.0006,0.0082,0.0093,0.0124
2018-09-30,50.6902,156.0163,NE,0.2823,0.2269,0.4031,0.429,0.4369,0.464,0.1924,0.1605,0.0782,0.0664,0.0385,0.023,0.0098,-0.0184,-0.0444,-0.0462,-0.1102,-0.1204,-0.1274,-0.1314,-0.1204,-0.1156,-0.1131,,,,,,,
2018-09-30,50.6902,156.0163,NO,0.2546,0.1481,0.1228,0.0996,0.07,0.0477,0.0476,0.0401,0.0207,0.0186,0.0122,0.0147,0.0161,0.0182,0.0153,0.0122,0.0159,0.015,0.0184,0.0139,0.0079,-0.0005,-0.0107,-0.0247,-0.0245,-0.0271,-0.0277,-0.0267,-0.0209,-0.0143
2018-09-30,50.6902,156.0163,O,,0.1335,0.0635,,0.0053,-0.009,-0.0364,-0.0305,-0.0311,-0.0259,-0.0321,-0.0244,-0.0251,-0.0215,-0.0215,-0.0069,-0.006,-0.0004,0.0161,0.0158,0.0154,0.0146,0.0136,0.0128,0.0126,0.0124,0.0104,0.0067,0.0012,-0.0007
2018-09-30,50.6902,156.0163,S,0.2566,0.2566,0.2543,0.1806,0.1234,0.1029,0.0359,0.0163,0.0075,-0.0018,-0.0061,-0.0123,-0.0143,-0.01,-0.0121,-0.0125,-0.0124,-0.0116,-0.0095,-0.0044,-0.0054,-0.0047,-0.0049,-0.0052,0.0013,-0.0021,0.0004,0.0021,0.0045,0.009
2018-09-30,50.6902,156.0163,SE,,0.1122,0.217,0.3291,0.2325,0.4025,0.4048,0.308,0.2632,0.2263,0.1055,0.0182,0.0163,-0.0604,-0.0773,-0.117,-0.1137,-0.123,-0.1049,-0.0881,-0.0695,-0.0528,-0.0356,-0.0146,0.0013,0.021,0.0401,0.0573,0.079,0.0904
2018-09-30,50.6902,156.0163,SO,0.2759,0.1551,0.1032,0.0544,0.0128,0.0075,0.0036,-0.0191,-0.0264,-0.0196,-0.0148,-0.0232,-0.0227,-0.0237,-0.0184,-0.0187,-0.0173,-0.0154,-0.0157,-0.0128,-0.012,-0.0054,-0.0042,0.0059,0.0124,0.0179,0.019,0.019,0.0206,0.0203
2018-11-09,50.6829,156.0188,E,,0.0087,-0.0,-1e-04,-0.0003,0.0062,0.0058,0.0033,1e-04,-0.0,-0.0011,-0.0008,,,,,,,,,,,,,,,,,,
2018-11-09,50.6829,156.0188,N,0.0181,0.0155,0.0108,0.0107,0.0056,0.0017,-0.0028,-0.0006,0.0012,-0.0028,-0.0026,-0.0022,-0.0007,-0.0023,1e-04,-0.001,,,,,,,,,,,,,,
2018-11-09,50.6829,156.0188,NE,,0.0173,0.0087,0.0071,0.0097,0.0054,-0.0023,-0.0022,-0.002,-1e-04,0.002,-0.001,0.0038,,,,,,,,,,,,,,,,,
2018-11-09,50.6829,156.0188,NO,,,,,,,,,,,,,,,,,,,,,,,,,-0.0011,-0.0016,-0.0015,-0.0016,0.0004,0.0012
2018-11-09,50.6829,156.0188,O,,,,,,,,,,-0.0086,-0.0043,-0.0026,-0.0026,-0.0025,-0.0034,-0.0016,-0.0016,,,,,,,0.0032,0.0109,0.0058,0.0058,0.0106,0.0111,0.0111
2018-11-09,50.6829,156.0188,S,0.0269,0.0225,,,,,,,,,,,,,,,,,,,,,,,,,,,,
2018-11-09,50.6829,156.0188,SE,,-0.0011,-0.0033,-0.0011,-0.0033,0.0023,0.0013,-0.0009,-1e-04,-0.0048,-0.0034,-0.0034,0.0003,0.0085,,,,,0.0093,0.0093,,,,,,,,,0.007,-0.0034
2018-11-09,50.6829,156.0188,SO,,,,,,,,,,,0.0033,0.0039,-0.0015,-0.0037,-0.0059,-0.0057,-0.0039,0.0006,0.0038,0.0059,0.0058,0.0053,,-0.0074,-0.0069,,-0.0089,-0.0066,-0.003,-0.0014
2018-12-03,50.6855,156.0109,E,,0.0153,0.012,-0.0029,-0.0027,-0.002,-0.0017,-0.002,-0.0027,-0.0016,-0.0008,-1e-04,0.0009,0.0021,0.0023,0.0023,0.0019,0.0005,-0.0015,-0.0047,-0.0078,0.0054,0.0041,-0.0003,-0.0046,-0.0035,-0.0048,-0.0052,-0.0057,0.006
2018-12-03,50.6855,156.0109,N,,0.0152,0.0132,0.0037,-0.0058,-0.0053,0.0119,0.0098,0.0109,0.0048,0.0031,0.0017,0.0028,0.0029,0.0066,-0.0013,-0.0036,-0.006,-0.0056,-0.0042,-0.0038,-0.004,-0.004,1e-04,-0.0006,0.0019,0.0023,0.0043,0.0048,0.0057
2018-12-03,50.6855,156.0109,NE,0.0216,0.0183,0.0155,0.0067,-0.0006,1e-04,0.0015,0.0026,0.0028,0.0046,0.0039,0.0054,0.0042,0.003,0.0013,-1e-04,-0.0023,-0.0031,-0.0031,-0.0024,-0.002,-0.0026,-0.0034,-0.0035,-0.0044,-0.0039,-0.0038,,,
2018-12-03,50.6855,156.0109,NO,0.0008,0.0104,0.0025,0.003,0.0008,0.0017,0.0023,0.0011,0.0029,0.0031,0.0058,0.0038,0.0036,0.0018,1e-04,-0.0005,-0.0005,-0.0002,1e-04,1e-04,0.0004,0.0007,0.0011,0.0009,0.0012,0.0012,0.0008,0.0009,0.0022,0.0025
2018-12-03,50.6855,156.0109,O,-0.0072,-0.0069,-0.0067,-0.0062,-0.0063,-0.0079,-0.0076,-0.0067,-0.0004,-0.0068,-0.0071,0.0082,-0.005,-0.0043,-0.0034,-0.0025,-0.0019,-0.0015,-0.0006,-0.0011,-0.0006,-0.0006,-0.0004,-0.0002,0.0002,0.0004,0.0009,0.0013,0.0014,0.0015
2018-12-03,50.6855,156.0109,S,0.0107,0.0098,0.0091,0.0077,0.0046,0.0038,0.0012,-0.0004,-0.0017,-0.0034,-0.0056,-0.0063,0.0033,,,-0.0004,,,,,,,,,,,,,,
2018-12-03,50.6855,156.0109,SE,0.0105,-0.0067,-0.0062,-0.0063,-0.0059,-0.006,-0.0067,-0.0075,0.0067,-0.001,-0.0076,0.0056,0.0068,0.0068,,,,,,,0.0026,0.0034,0.0029,0.0043,-0.0073,-0.0053,-0.0044,,,
2018-12-03,50.6855,156.0109,SO,,0.0026,0.0027,0.0022,0.0017,0.0009,0.0,-0.0007,-0.0016,-0.0027,-0.0043,-0.0052,0.0052,0.0066,0.0063,0.0058,0.005,0.0046,-0.0071,-0.0032,-0.0025,0.0003,0.0015,0.0039,-0.0018,0.0034,0.0034,0.0027,0.009,-0.0033
2019-01-28,50.6897,156.018,E,0.0209,0.0146,0.0105,0.0209,0.0091,,,,,,,-0.0016,-0.0007,-0.0092,-0.0084,-0.0042,-0.0003,0.0021,0.0036,,,,,,,,,,,
2019-01-28,50.6897,156.018,N,-0.002,0.0094,0.0089,0.0013,0.0094,0.0092,-0.0028,-0.0161,-0.0234,-0.0222,-0.0048,-0.0035,-0.0023,0.009,0.0072,0.0063,0.0092,0.0172,0.0021,0.0164,0.0042,0.007,0.0056,-0.0,0.0037,-0.0013,-0.0027,-0.0062,-0.0121,-0.0075
2019-01-28,50.6897,156.018,NE,,0.0077,0.0043,0.0025,-0.0027,-0.0038,-0.0014,,,,,,,,,-0.0321,-0.0433,-0.0376,-0.0308,-0.0178,-0.0098,1e-04,0.0024,0.001,-0.0067,-0.0033,-0.0051,-0.001,-0.0008,0.0006
2019-01-28,50.6897,156.018,NO,,0.0236,0.0146,0.0006,0.0155,0.0149,0.0125,0.0105,0.01,0.0161,0.0091,0.0078,0.0041,0.0108,0.0136,0.0116,0.0086,0.002,-0.0051,-0.0111,-0.0088,-0.0104,-0.0088,-0.013,-0.012,-0.0102,-0.004,-0.0024,-0.0049,-0.009
2019-01-28,50.6897,156.018,O,,0.0345,0.0118,0.0274,0.0313,0.0296,0.017,0.0117,0.009,0.0131,0.0149,0.011,0.0182,0.0233,0.0169,0.004,-0.0123,-0.001,-0.0035,-0.0063,-0.0059,-0.0056,-0.0011,-0.0046,-0.0042,0.0019,0.0008,0.0008,-0.0032,-0.0066
2019-01-28,50.6897,156.018,S,0.0383,0.0316,0.0268,0.0174,0.01,0.0119,-0.0015,-0.0015,-0.0017,-0.0019,0.0016,-0.0025,0.0053,0.0145,,,,-0.0046,-0.0039,0.0004,-0.0007,-0.0018,-0.0012,0.0,0.0,-0.0046,-0.0042,0.0014,0.0016,0.0046
2019-01-28,50.6897,156.018,SE,,0.0229,0.0208,,,,,0.008,0.0285,0.0271,0.0293,0.0112,-0.0014,-0.0042,-0.007,-0.0098,-0.0092,-0.0104,-0.0098,-0.0081,-0.0061,-0.0045,-0.0031,-0.0017,-0.0005,0.0004,0.0027,0.0026,0.0039,0.0055
2019-01-28,50.6897,156.018,SO,,0.0291,0.0233,0.019,0.0114,0.0088,0.0081,0.0155,0.0138,0.0112,0.0106,0.0017,,,,,,,0.0116,0.0105,-0.007,-0.0069,-0.0014,0.0026,0.0003,0.0004,-0.0024,-0.0012,0.0033,-0.0
2019-03-17,50.69,156.0171,E,0.102,0.1347,0.172,0.1531,0.1639,,,,,,,,,,,,,0.0216,0.0114,-0.0027,-0.0027,-0.0027,-0.0026,-0.0004,0.0018,0.0017,-0.0109,-0.0105,-0.0068,-0.0026
2019-03-17,50.69,156.0171,N,0.028,0.0335,0.0335,0.0037,-1e-04,0.0037,0.0075,0.0076,0.0057,-0.0077,,-0.0,0.0,-0.0076,0.0039,,0.0,,,,,-0.0037,-0.0036,-0.0019,-0.0094,-0.002,0.0054,-0.0035,0.0034,0.0042
2019-03-17,50.69,156.0171,NE,,0.0094,0.0036,0.0325,,,,,,,,,,,,,-0.0248,-0.0229,-0.0199,-0.0162,-0.0075,-0.0063,0.0062,0.0119,0.0237,0.0207,0.0259,0.0281,0.027,0.0273
2019-03-17,50.69,156.0171,NO,,0.0206,0.0041,-1e-04,0.0094,0.0084,0.011,0.0105,0.0061,0.0024,0.0026,0.0076,-0.0021,-0.0058,-0.0032,0.001,0.0121,0.0164,0.0242,0.0191,0.019,0.0267,0.0238,0.0162,-0.0026,-0.0153,-0.0263,-0.0327,-0.0285,-0.0273
2019-03-17,50.69,156.0171,O,,0.0497,0.027,0.0039,-0.0005,0.0068,0.0128,0.0028,0.0149,0.0007,-0.0017,0.0136,0.0167,0.0135,0.0091,0.0064,0.0084,0.0137,0.0098,0.0078,0.006,0.0024,0.0005,,-0.0225,-0.0167,-0.0262,-0.0314,-0.0324,-0.032
2019-03-17,50.69,156.0171,S,0.1383,,,,,,,0.1158,,,,,,,,0.0015,,,,,,,,,,,,,,
2019-03-17,50.69,156.0171,SE,,0.038,0.066,0.1119,0.1059,0.0929,0.0827,0.088,0.073,0.0414,0.0096,-0.0041,-0.0239,-0.0301,-0.0383,-0.0386,-0.0361,-0.0329,-0.0292,-0.0261,-0.0226,-0.0193,-0.0149,-0.0109,-0.0065,-0.0004,0.003,0.0051,0.0078,0.0186
2019-03-17,50.69,156.0171,SO,0.0703,0.055,0.0358,0.0164,,,-0.0198,-0.0217,-0.016,,,,,0.0074,0.0212,0.0113,-0.0007,-0.0131,-0.0154,-0.0095,0.0028,0.0033,-0.0045,0.0079,0.0125,0.0089,0.0093,0.0094,0.0059,-0.0017
2019-05-28,50.6875,156.0187,E,,-0.0124,-0.0127,-0.0117,-0.0082,-0.0019,-0.001,0.0051,0.0021,-0.0039,-0.0112,-0.0123,-0.0086,-0.0033,0.0085,0.0057,0.0068,0.0042,-0.0039,-0.0133,-0.0219,-0.0415,-0.0457,-0.0282,-0.0173,-0.0037,0.0123,0.0214,0.0193,0.0282
2019-05-28,50.6875,156.0187,N,,,,,,,,,,,-0.0008,0.0088,0.0074,0.0057,-0.003,-0.0023,-0.0113,-0.0043,0.005,,,,,,,,,,,
2019-05-28,50.6875,156.0187,NE,,0.0194,0.0131,0.0043,-0.0066,-0.012,-0.0079,0.0102,0.0131,0.002,0.0172,0.0182,0.0221,0.0196,0.0101,-0.0071,-0.0151,-0.0144,-0.0228,-0.0372,-0.0436,,,,,,,,,
2019-05-28,50.6875,156.0187,O,,,,,,,,,,,,,,,,,,,,,,,,,,,0.0,0.0,0.0,0.0
2019-05-28,50.6875,156.0187,S,0.0969,0.0918,0.0518,0.0515,0.0272,0.0047,0.0033,-0.0128,,,,-0.0122,-0.0094,-0.0057,0.0071,0.0084,0.0017,,,,,,,,-0.0015,0.0003,-0.0007,-0.0003,0.0,0.0006
2019-05-28,50.6875,156.0187,SE,,-0.0921,-0.1182,-0.1263,-0.1447,-0.1513,-0.1596,-0.1572,-0.1412,-0.1163,-0.0882,,-0.0441,-0.004,0.0589,0.0979,0.1134,0.1036,0.0602,0.0202,-0.0243,-0.0429,-0.0471,-0.0336,-0.0237,-0.0104,0.0002,0.0112,0.0033,0.0074
2019-10-11,50.6856,156.0181,E,0.0137,0.0083,0.004,0.0014,-0.0052,-0.0191,-0.0286,-0.0243,-0.0176,-0.0131,-0.0193,-0.0159,-0.0232,-0.0201,-0.0101,0.0044,0.0096,0.0038,-0.0051,0.0015,0.0196,0.0263,0.025,0.0296,0.034,-0.0014,-0.0104,-0.0331,-0.0397,-0.0591
2019-10-11,50.6856,156.0181,N,0.0373,0.0384,0.0318,0.0256,0.0266,0.0224,0.0189,0.0109,0.0069,0.0031,-0.0034,0.0019,0.0128,0.0142,0.0157,0.0079,0.0083,-0.0004,-0.0031,-0.0079,-0.0111,-0.009,-0.0125,-0.0125,-0.0068,-0.0132,-0.0026,0.0004,0.0084,0.0214
2019-10-11,50.6856,156.0181,NE,,0.0059,-0.0022,-0.0018,-0.0011,-0.0056,-0.0087,-0.004,-0.008,-0.0115,-0.012,-0.0134,-0.0259,-0.0123,-0.0109,-0.0192,-0.0203,-0.0152,-0.0165,-0.0081,-0.006,-0.0056,0.0233,0.0183,0.0091,0.014,0.0168,0.0206,0.0201,0.0157
2019-10-11,50.6856,156.0181,NO,,0.043,0.0348,0.0124,0.0069,0.0006,-0.0142,-0.0209,-0.0307,-0.0318,-0.0287,-0.0154,-0.0134,-0.0048,0.007,0.0032,0.0207,0.0276,0.0276,0.0278,0.025,0.0134,0.0039,0.0004,-0.0021,-0.0048,-0.0136,-0.0112,-0.0076,-0.0031
2019-10-11,50.6856,156.0181,O,,0.0609,0.0512,0.0355,0.0286,0.0275,0.0153,0.0122,0.011,0.0059,0.0207,0.0243,0.0243,0.0155,0.0168,0.0013,-0.0006,-0.0041,0.0057,0.0113,0.0109,0.002,-0.008,-0.0128,-0.0125,-0.011,-0.0105,-0.0091,-0.0065,-0.0064
2019-10-11,50.6856,156.0181,S,0.0528,0.0521,0.044,0.0388,0.0198,0.0079,-0.0086,-0.0152,-0.0118,0.0018,0.0062,0.0131,0.0121,0.0163,0.0073,-0.0026,-0.0061,-0.0004,0.0014,0.0009,-0.0003,-1e-04,0.0034,0.0012,0.0004,-0.0003,0.0013,0.0005,-0.0043,-0.003
2019-10-11,50.6856,156.0181,SE,,0.0638,0.058,0.0288,-0.0035,-0.0032,0.0065,0.0064,1e-04,-0.0119,-0.0118,-0.0108,-0.0107,-0.0107,-0.0106,-0.0107,0.0053,0.0056,0.0093,-0.0003,-0.008,-0.0095,-0.0047,-0.0036,-0.0038,-0.0061,-0.0049,-0.0023,-0.0009,-0.0055
2019-10-11,50.6856,156.0181,SO,,0.0099,-0.0017,-0.0078,-0.0083,-0.0056,-0.004,-0.0037,0.0005,-0.0002,-0.0047,0.0052,-0.0006,0.0057,0.0,0.0054,0.0087,0.0086,0.0077,0.0076,0.0091,0.0072,0.0096,0.0031,0.003,-0.0012,-0.0101,-0.0145,-0.0172,-0.017
2019-11-04,50.6827,156.0167,E,0.0028,0.0024,0.0017,0.0009,0.0,0.0,,,,,,,,,,,,,,,,,,,,,,,,
2019-11-04,50.6827,156.0167,N,0.0026,0.0026,,,,,,,,,,,,,,,,,,,,,,,,,,,,
2019-11-04,50.6827,156.0167,NO,0.003,0.0018,,,,,,,,,,,,,,,,,,,,,,,,,,,,
2019-11-04,50.6827,156.0167,O,,0.0026,0.0019,0.0007,0.0,,,,,,,,,,,,,,,,,,,,,,,,,
2019-11-04,50.6827,156.0167,S,0.003,0.0024,0.0019,0.0012,,,,,,,,,,,,,,,,,,,,,,,,,,
2019-11-04,50.6827,156.0167,SE,0.0028,0.0022,0.002,0.0013,0.0005,,,,,,,,,,,,,,,,,,,,,,,,,
2019-11-04,50.6827,156.0167,SO,,0.0029,0.002,0.0017,,,,,,,,,,,,,,,,,,,,,,,,,,
2019-11-28,50.6866,156.0199,E,,0.0048,0.0017,-0.0032,-0.0038,0.0007,0.0003,0.0027,0.0028,-0.0032,-0.0025,-0.0031,-0.0025,-0.0024,-0.0046,-0.0025,-0.0014,0.0031,0.0031,0.001,0.003,0.0031,0.0008,-0.001,-0.0029,-0.002,-0.0019,-0.0034,-0.0007,-0.0007
2019-11-28,50.6866,156.0199,N,0.002,0.0015,0.0024,0.0033,-0.0025,-0.0078,-0.0081,-0.0089,-0.0068,-0.0082,-0.0042,-0.0044,-0.0046,-0.0065,-0.006,-0.0031,-0.002,-0.0008,0.0019,0.0022,0.0023,0.0023,-0.0011,0.0006,0.0026,0.0004,0.0035,0.0043,0.0067,0.0091
2019-11-28,50.6866,156.0199,NE,0.0086,0.0003,1e-04,-0.001,0.0022,0.002,1e-04,-0.0006,-0.0035,-0.0037,-0.0039,-0.004,-0.0041,-0.0065,-0.0068,-0.0056,-0.0032,-0.0024,-0.0026,-0.0025,-0.0023,-0.0022,-0.0014,0.0033,0.0046,0.0042,0.0023,0.0031,0.0051,0.0041
2019-11-28,50.6866,156.0199,NO,,-0.0048,-0.0093,-0.0102,-0.0131,-0.0133,-0.0109,-0.0099,-0.0093,-0.0048,-0.0003,0.0,-0.0009,-0.005,-0.0034,-0.0025,0.0007,0.0009,-0.0007,-0.001,-0.0018,0.003,0.0012,0.0026,0.0032,0.002,0.0004,-0.0017,-0.0005,0.0041
2019-11-28,50.6866,156.0199,O,0.0006,1e-04,-0.0095,-0.0093,-0.0091,-0.0038,-0.004,-0.0052,-0.0061,-0.0064,-0.004,-0.0028,-0.003,-0.0057,-0.0048,-0.0006,-0.0003,0.001,1e-04,0.0008,0.002,0.0021,0.0005,-0.0006,0.0007,0.0018,0.002,0.0016,0.0023,0.0041
2019-11-28,50.6866,156.0199,S,0.0216,0.0165,0.0149,0.0106,0.0091,0.0086,0.0076,0.0058,0.0058,0.0053,0.0047,0.005,0.0034,0.0023,0.0023,0.0017,0.0014,0.0007,-0.003,-0.0036,-0.007,-0.0059,-0.0054,-0.0035,-0.002,-0.0009,0.002,0.0015,0.002,0.0022
2019-11-28,50.6866,156.0199,SE,,0.0124,0.0075,0.001,0.0023,0.0056,0.006,0.0044,-0.0011,-0.001,-0.0004,0.0,0.0003,0.002,0.0021,0.0018,0.0025,0.0009,0.0032,-0.0012,0.0007,0.0028,0.0003,-0.0035,-0.0033,-0.0024,-0.0017,-0.0008,0.0003,0.0003
2019-11-28,50.6866,156.0199,SO,0.0111,0.0082,0.006,0.0002,0.0041,0.0066,0.0019,0.0014,0.0025,0.0007,-0.0005,0.0028,0.0039,0.0045,0.0044,0.0043,0.0024,0.0028,-0.0015,-0.0006,0.0029,0.0014,-0.0028,-0.0072,-0.007,-0.0069,-0.0065,-0.006,-0.0053,-0.0051
2020-01-23,50.6897,156.0146,N,,0.0016,0.0005,0.0005,,,,,,,,,,,,,,,,,,,,,,,,,,
2020-01-23,50.6897,156.0146,NO,0.0019,,,,,,,,,,,,,,,,,,,,,,,,,,,,,
2020-01-23,50.6897,156.0146,O,0.0019,,,,,,,,,,,,,,,,,,,,,,,,,,,,,
2020-01-23,50.6897,156.0146,S,,0.0005,0.0,,,,,,,,,,,,,,,,,,,,,,,,,,,
2020-01-23,50.6897,156.0146,SO,0.001,,,,,,,,,,,,,,,,,,,,,,,,,,,,,
2020-01-31,50.6828,156.012,E,,0.1064,0.1011,0.0961,0.0906,0.0784,0.0695,0.038,0.0249,0.0138,0.0023,-0.0048,-0.0054,-0.0055,-0.0027,-0.0098,-0.0099,-0.013,-0.0135,-0.0118,-0.0105,-0.0086,-0.005,-0.0006,0.0028,-0.0002,-0.0021,0.0021,0.0083,0.0163
2020-01-31,50.6828,156.012,N,,0.083,0.0788,0.0776,0.078,0.0744,0.0768,0.0766,0.0723,0.0684,0.0577,0.0551,0.049,0.0347,0.0181,-0.0024,-0.0065,-0.013,-0.0148,-0.0138,-0.0094,-0.0059,-0.0029,-0.0017,-0.0065,-0.0101,-0.0149,-0.0221,-0.025,-0.029
2020-01-31,50.6828,156.012,NE,0.0876,0.0778,0.0743,0.0671,0.0576,0.0526,0.0524,0.0565,0.0573,0.0401,0.0518,0.0468,0.0216,0.0138,-0.0136,-0.0022,0.0006,-0.0059,-0.0052,-0.0033,-0.0113,-0.0024,-0.0099,-0.0115,-0.0124,-0.0105,-0.0121,-0.0066,0.0033,0.0157
2020-01-31,50.6828,156.012,NO,0.0784,0.0746,0.0662,0.0631,0.0643,0.0576,0.0567,0.0539,0.0499,0.0458,0.0355,0.0295,0.0141,-0.0029,-0.0071,-0.0086,-0.0085,-0.0126,-0.0194,-0.0238,-0.0245,-0.0242,-0.0197,-0.0145,-0.0082,-0.0019,0.0044,0.0076,0.0097,0.0093
2020-01-31,50.6828,156.012,O,,0.0841,0.0742,0.0699,0.067,0.0633,0.0602,0.0596,0.0583,0.0495,0.0378,0.0091,-0.0024,-0.0051,-0.0023,-0.009,-0.01,-0.0071,-0.0069,-0.0092,-0.0097,-0.0166,-0.0195,-0.0127,-0.006,-0.001,0.0009,0.0046,0.0038,-0.0006
2020-01-31,50.6828,156.012,S,,0.0552,0.0538,0.0524,0.0475,0.0481,0.0423,0.0391,0.0387,0.0373,0.0131,0.0137,0.0039,0.0021,0.0029,-0.0008,0.0013,0.0006,1e-04,-0.0022,0.0009,-0.0,-0.0032,-0.0063,-0.0016,-0.003,-0.0021,0.0008,0.0019,0.0032
2020-01-31,50.6828,156.012,SE,0.1045,0.0946,0.0911,0.0778,0.0683,0.066,0.07,0.0674,0.0568,0.0395,0.0166,0.0114,0.0007,-0.0039,-0.0058,-0.0109,-0.0107,-0.0111,-0.009,-0.0112,-0.0103,-0.009,-0.0066,-0.0037,-0.0021,0.0007,0.002,0.0037,0.0048,0.0048
2020-01-31,50.6828,156.012,SO,0.0936,0.0839,0.0764,0.0683,0.061,0.0571,0.0486,0.0331,0.0277,0.0186,0.0182,0.0102,0.0065,-0.0008,-0.0003,-0.0017,0.0007,-0.0032,-0.0033,-0.0071,-0.0075,-0.0117,-0.0066,-0.0113,-0.0038,-0.0055,-0.0028,-0.001,-0.0009,0.0034
2020-04-20,50.6869,156.0186,E,,0.0121,0.0014,-0.0042,0.0034,0.0106,0.0008,-0.0047,-0.0063,-0.0023,0.0043,-0.0003,0.0035,0.0075,0.0103,0.0055,0.0005,-0.0067,-0.0115,-0.013,-0.0086,0.0133,0.0312,0.0096,,,,,,
2020-04-20,50.6869,156.0186,N,0.0341,0.0276,0.0129,0.0059,-0.0009,-0.0032,-0.002,0.0025,0.0025,0.0022,0.0052,0.004,0.0042,0.0031,0.0074,0.0104,0.0105,0.0069,0.0089,0.0057,0.0073,0.0069,0.0044,0.0012,-0.001,-0.001,-0.0013,0.0006,0.0,-0.0029
2020-04-20,50.6869,156.0186,NE,,0.0091,0.0014,-0.0025,-0.0044,-0.0021,-0.0022,-0.002,0.0022,0.0025,0.0028,0.003,0.0073,0.0076,0.0073,0.0071,0.0068,0.0034,-0.0015,-0.0051,-0.0058,-0.0094,-0.0094,-0.0126,-0.0122,-0.0121,-0.0077,-0.0119,,
2020-04-20,50.6869,156.0186,NO,,0.0346,0.0221,0.0178,0.0174,0.0211,0.013,0.0122,0.0034,-0.004,-0.0127,-0.0161,-0.0151,-0.0081,-0.0002,-0.0044,-0.0113,-0.0073,-0.0033,0.0047,0.0073,0.0168,0.0171,0.0166,0.0127,0.0075,-0.0024,-0.0091,-0.0096,-0.0121
2020-04-20,50.6869,156.0186,O,0.0436,0.0392,0.0351,0.0353,0.0322,0.0291,0.019,0.0088,0.0107,0.011,0.0116,0.0121,0.0088,-0.0002,-0.0007,0.01,0.0058,-0.004,,-0.013,-0.0114,-0.0112,-0.007,-0.0067,-0.0023,-0.0025,-0.0084,-0.0124,-0.0119,-0.0117
2020-04-20,50.6869,156.0186,S,0.0352,0.0289,0.0123,0.0061,-0.0025,,,-0.0148,-0.0145,-0.0024,0.0084,0.0101,0.0059,0.0015,-0.0106,-0.0143,-0.0143,-0.0141,-0.0141,-0.0098,-0.0096,-0.0053,-0.001,0.0034,-0.0007,-0.001,-0.0004,0.0076,0.0036,0.0017
2020-04-20,50.6869,156.0186,SE,0.048,0.0235,0.0131,0.0155,0.0133,0.0069,0.0109,-0.01,-0.0095,0.0018,0.0124,0.0125,0.0123,0.0101,0.0038,-0.0091,-0.0088,-0.0085,-0.0079,-0.0075,-0.007,-0.0064,-0.0014,0.0003,-0.0009,-0.0009,-0.0028,0.0015,0.0002,0.001
2020-04-20,50.6869,156.0186,SO,,0.0418,0.0378,0.0297,0.0092,0.0051,-0.0054,-0.0075,0.0008,-0.0033,-0.0117,-0.0159,-0.0033,0.005,0.0008,-0.0013,-0.0013,0.0008,0.0049,0.0049,0.0049,0.0007,0.0007,0.0027,0.0048,0.0006,-0.0036,-0.0036,-0.0036,-0.0036
2020-07-01,50.6903,156.0155,E,0.1051,0.1584,0.2089,0.2529,0.2914,0.2759,0.2056,0.1107,0.0194,-0.017,-0.0289,-0.0277,-0.0284,-0.0282,-0.0317,-0.0293,-0.0298,-0.0168,-0.021,-0.0046,-0.0034,-0.0207,-0.0006,0.0004,-0.0045,-0.0045,-0.0061,0.0053,0.013,0.0177
2020-07-01,50.6903,156.0155,N,,0.0947,0.0975,0.0586,0.0586,0.0568,0.0553,0.0629,0.0572,0.0481,0.0536,0.0542,0.0445,0.0465,0.0378,0.0344,0.0288,0.0193,0.0059,-0.0056,-0.0165,-0.0155,-0.0188,-0.0281,-0.0242,-0.0239,-0.025,-0.0259,-0.0327,-0.0285
2020-07-01,50.6903,156.0155,NE,0.187,0.1792,0.2102,0.2431,0.1963,0.149,0.1215,0.1052,0.0853,0.0646,0.0572,0.0509,0.0371,0.0236,0.015,-0.0017,0.0,0.0014,-0.0059,-0.0042,-0.0189,-0.0294,-0.0233,-0.022,-0.0197,-0.026,-0.0277,-0.0259,-0.0212,-0.0137
2020-07-01,50.6903,156.0155,NO,0.1202,0.0743,0.0474,0.0242,0.0081,0.0104,0.0073,0.0253,0.0224,0.0317,0.0416,0.0437,0.0417,0.0455,0.0421,0.0421,0.0373,0.0337,0.0264,0.0227,0.0132,0.0087,-0.008,-0.0156,-0.0414,-0.0446,-0.0419,-0.0488,-0.0517,-0.043
2020-07-01,50.6903,156.0155,O,,0.1329,0.0929,0.0603,0.034,-0.0116,-0.0128,-0.0236,-0.0247,-0.0182,-0.0168,-0.0157,-0.0105,0.0007,-0.0036,-0.0048,-0.0063,-0.0092,-0.0129,0.0011,0.0132,0.016,0.0142,0.0109,-0.0099,-0.0153,-0.0112,-0.0058,0.0002,-0.0021
2020-07-01,50.6903,156.0155,S,0.132,0.132,0.131,0.0876,0.0633,0.034,0.0207,0.0134,0.0124,-0.0016,0.0035,-0.0067,-0.0071,-0.0071,-0.0095,-0.0008,0.0018,0.0024,0.0095,0.0075,0.0092,0.0045,0.0014,-0.0052,-0.0063,-0.0108,-0.0082,-0.0049,0.0005,0.008
2020-07-01,50.6903,156.0155,SE,,0.1454,0.1921,0.1969,0.215,0.1467,0.1101,0.0642,0.0254,0.002,-0.0101,-0.0087,-0.0071,-0.0048,-0.0049,-0.0012,0.0,0.0036,0.0058,0.0033,0.0035,0.0021,0.0004,0.0012,-0.0029,0.004,0.0012,0.0055,0.0092,0.0094
2020-07-01,50.6903,156.0155,SO,0.1656,0.108,0.087,0.0479,0.0367,0.0225,0.0012,-0.003,-0.0111,-0.0112,-0.0097,0.0006,0.0009,0.0065,0.005,0.001,-0.0044,-0.0025,-0.001,0.0024,0.0073,0.0082,0.0092,0.0054,-0.0036,0.0025,-0.0159,-0.0111,-0.0233,-0.0064
2020-10-05,50.6903,156.0158,E,,,,,,,,,,,,,,,,,,,,,,,,,,,,,-0.0102,
2020-10-05,50.6903,156.0158,N,0.0136,0.0092,0.0092,0.0019,-0.0245,,,,,,,,,,,,,,,,,,,,,,,,,
2020-10-05,50.6903,156.0158,NE,,0.0537,0.0665,0.0695,,,,,,,,,,,,,,,,,,,,,,,,,,
2020-10-05,50.6903,156.0158,NO,0.0325,0.0067,0.0097,,,,0.0046,0.004,,,,,,,,,,,,,,,-0.0005,0.0018,0.0029,-0.0038,,,,
2020-10-05,50.6903,156.0158,O,,0.0134,,,,0.0,0.0,,,,,,,,,,,,,,,,,,,,,,,
2020-10-05,50.6903,156.0158,S,,0.0238,,0.0008,0.0008,,,,,,,,,,,,,,,,,,,,,,,,,
2020-10-05,50.6903,156.0158,SO,0.0368,0.009,0.0067,0.0049,,,,,,,,,,,,,,,,,,,,,,,,,,
2020-11-29,50.6821,156.0162,E,0.0282,0.0282,0.0236,0.0247,0.0243,0.0207,0.0206,0.0259,0.0219,0.0105,0.0035,0.0065,0.0016,0.0016,0.0005,-0.0017,-0.0054,-0.0007,-0.0019,-0.0031,-0.004,-0.0034,-0.0031,-0.0031,-0.003,-0.0031,-0.0029,-0.0028,-0.0021,-0.0028
2020-11-29,50.6821,156.0162,N,0.0091,0.008,0.0072,0.0075,0.0076,0.0122,0.0166,0.0135,0.0101,0.0103,0.0068,0.0073,0.0024,0.006,0.0062,0.0053,0.0004,-0.0007,-0.0057,-0.0047,-0.0071,0.0077,0.0117,0.0031,0.0017,0.0002,-0.0057,-0.0059,-0.0039,-0.0039
2020-11-29,50.6821,156.0162,NE,,0.012,0.01,0.0102,0.0053,0.0064,0.0037,0.003,0.0092,0.005,0.005,0.004,0.0019,-0.0006,-0.0007,0.0,-1e-04,-0.001,-0.0024,-0.0005,-0.0013,-0.0035,-0.001,0.0002,-0.0005,0.0037,0.0009,0.0018,0.0012,0.0005
2020-11-29,50.6821,156.0162,NO,,0.0098,0.0114,0.0114,0.0154,0.0164,0.0173,0.0033,0.005,0.0048,0.0135,0.0091,0.0069,0.0046,0.0043,0.0081,0.0034,0.003,-0.0023,-0.004,-0.004,-0.004,-0.0052,-0.005,-0.004,-0.0004,-0.0031,-0.0063,-0.0072,-0.0098
2020-11-29,50.6821,156.0162,O,0.0192,0.0147,0.0083,0.0126,0.0146,0.0177,0.0151,0.0177,0.0176,0.0144,0.0098,0.0098,0.0074,-0.001,-0.0036,-0.0032,-0.0097,-0.0072,-0.0092,-0.0044,-0.0041,-0.0059,-0.0024,-0.0057,-0.0019,0.0095,0.0074,0.0005,-0.0078,-0.0059
2020-11-29,50.6821,156.0162,S,0.008,0.0058,0.0041,0.004,0.0,0.0044,0.0047,0.0007,0.0004,0.0008,0.0039,0.0039,0.0037,0.0027,0.0033,-0.0011,-0.0017,-0.007,-0.0055,-0.0056,-0.0055,-0.0051,-0.0041,-0.0029,-0.0042,0.0002,0.0009,0.0025,0.0075,0.0039
2020-11-29,50.6821,156.0162,SE,,0.0176,0.0132,0.0143,0.0122,0.0053,0.0103,0.011,0.0117,0.0073,0.0028,0.0032,0.003,0.0041,0.0071,0.0067,0.0071,0.0054,0.002,-0.0039,-0.0046,-0.0059,-0.0063,-0.0076,-0.0085,-0.0093,-0.01,-0.0093,-0.005,-0.0092
2020-11-29,50.6821,156.0162,SO,,0.0115,0.0071,0.0073,0.0072,0.0073,0.0084,0.0084,0.0046,0.0046,0.0002,-0.0,-0.0024,-0.0048,-0.0032,-0.0002,0.0012,0.0024,0.0012,-0.0029,0.0007,-0.0031,-0.0034,-0.0035,0.0007,0.0009,-0.0009,-0.0029,-0.0022,-0.0022
2021-02-17,50.6877,156.0102,N,0.0,0.0,,,,,,,,,,,,,,,,,,,,0.0,0.0,,,,,,,
2021-02-17,50.6877,156.0102,NE,0.0,,,,,,,,,,,,,,,,,,,,0.0,,0.0,,,,,,,
2021-02-17,50.6877,156.0102,S,,,,,,-0.0014,0.0002,0.0019,0.0015,0.0012,0.0008,0.0005,,,,,,,,-0.0069,-0.0051,-0.0052,-0.0071,-0.0031,0.0007,0.0005,-0.0019,0.0039,0.0037,0.0034
2021-02-17,50.6877,156.0102,SE,-0.0042,,,,,,,,,,,,,,,-0.0,,,,-0.0,-0.0,0.0,0.0,,,,,,,
2021-04-06,50.6897,156.018,E,0.0591,0.0615,0.0652,0.0707,0.0844,0.094,0.0952,0.1017,0.0869,0.0579,0.0114,-0.0203,-0.0359,-0.0417,-0.047,-0.0435,-0.0393,-0.0336,-0.0304,-0.0252,-0.0172,-0.0195,-0.0144,-0.0081,-0.003,-0.0104,0.0102,0.0211,0.0262,0.0313
2021-04-06,50.6897,156.018,N,0.0589,0.0651,0.0587,0.0421,0.048,0.0427,0.036,0.0307,0.0029,0.0089,0.0144,0.002,0.0026,-0.0094,0.0028,0.0005,0.0029,0.0035,-0.0033,-1e-04,-0.0035,-0.0021,-0.0028,1e-04,0.0008,-0.0013,-0.0073,-0.0062,-0.0057,-0.0079
2021-04-06,50.6897,156.018,NE,,0.1017,0.1011,0.0949,0.0853,0.0741,0.073,0.084,0.1128,0.1077,0.1054,0.0806,0.0738,0.0663,0.0397,0.0182,-0.0032,-0.0181,-0.0353,-0.0386,-0.0335,-0.0268,-0.0268,-0.0425,-0.0369,-0.0315,-0.0288,-0.0224,-0.0237,-0.0312
2021-04-06,50.6897,156.018,NO,,0.0639,0.0636,0.0522,0.0573,0.0533,0.0142,0.0273,0.0268,0.0181,0.0024,-0.0036,-0.0016,-0.0016,-0.0016,0.0063,0.0063,0.0063,-0.0017,-0.0017,0.0099,0.014,-0.0017,-0.0097,-0.0097,-0.0096,-0.0096,-0.0056,-0.0056,-0.0056
2021-04-06,50.6897,156.018,O,,0.0659,0.0654,0.0432,0.0356,0.0394,0.0277,0.016,0.0122,0.022,0.0203,0.0203,0.0181,,0.0049,0.0043,0.0005,0.0,-0.0,-0.0035,-0.0037,0.0002,-0.0038,-0.0039,-0.0039,-1e-04,-1e-04,-0.0036,-0.0035,-0.0033
2021-04-06,50.6897,156.018,S,0.0912,0.0578,0.0457,0.0272,0.0219,0.0439,0.0272,0.0301,0.0257,0.0052,-0.0037,-0.0056,-0.0098,-0.0163,-0.0086,-0.0065,-0.0039,-0.0018,-0.0016,-0.004,0.0002,-1e-04,0.0014,-0.0018,-0.0022,1e-04,0.003,0.0003,0.0057,0.0082
2021-04-06,50.6897,156.018,SE,,-0.0257,-0.0089,0.0146,0.0262,0.0431,0.0246,0.0561,0.1068,0.1629,0.0904,0.0063,-0.0714,-0.1149,-0.1114,-0.0965,-0.0875,-0.0698,-0.065,-0.0486,-0.0276,-0.0276,-0.0089,0.0008,0.0158,0.0262,0.0577,0.0592,0.0816,0.0502
2021-04-06,50.6897,156.018,SO,,0.0746,0.0471,0.0262,0.0121,0.0072,0.0047,0.0034,0.0046,0.0004,0.002,0.0038,0.0023,0.0024,-0.004,-0.0024,0.0023,0.0011,0.0006,-0.0027,-0.0066,-0.0057,-0.005,-0.0013,0.0011,0.0006,-0.0008,-1e-04,0.0004,0.0
2021-04-22,50.6883,156.0183,E,0.0377,0.0253,0.0161,0.008,0.004,0.0035,-0.0002,-0.0007,-0.0002,0.0026,0.003,0.0004,-0.0004,0.0073,,-0.0032,0.0008,-0.0023,-0.0027,-0.0022,-0.0015,-0.001,-0.0047,-0.0031,0.0002,0.0007,0.0009,0.0007,-0.0004,-0.0014
2021-04-22,50.6883,156.0183,N,0.0477,0.0433,0.0107,0.0084,0.0038,0.0036,0.0035,0.0034,-0.0009,-0.001,-0.0014,-0.0011,-0.0013,-0.0013,-0.0014,0.0028,0.0027,0.0025,0.0023,0.0021,0.0018,0.0017,0.0016,0.0014,0.0013,0.0018,0.0015,0.0016,0.0015,0.0017
2021-04-22,50.6883,156.0183,NE,,0.0325,0.0192,0.0058,0.0011,0.0053,0.0049,0.001,0.0014,0.0014,0.0025,0.0041,0.0015,0.0003,-0.0004,-0.0003,0.0002,0.0095,0.0055,0.0019,0.0013,-0.0024,-0.0025,-0.0027,-0.0028,-0.0031,-0.0058,-0.0046,-0.004,-0.0013
2021-04-22,50.6883,156.0183,NO,,0.0377,0.0161,0.0073,0.0073,0.003,0.0073,0.003,0.0029,0.0029,0.003,0.003,0.0008,-0.0014,-0.0013,-0.0013,-0.0013,0.003,0.003,-0.0013,0.0029,0.0028,-0.0013,-0.0015,-0.0015,-0.0014,-0.0014,-0.0014,-0.0014,-0.0013
2021-04-22,50.6883,156.0183,O,,0.0437,0.0137,0.0007,0.018,0.0268,0.0273,0.0226,0.014,0.0056,0.0048,0.0044,0.001,0.0006,0.0003,0.0004,0.0004,0.0002,-0.0038,-0.008,1e-04,-1e-04,-0.0003,-0.0006,-0.003,-0.0034,-0.0007,-0.0008,-0.0007,0.0
2021-04-22,50.6883,156.0183,S,0.0506,0.0229,0.0145,0.008,0.0036,0.0038,,,,,,,,0.0026,-0.002,-0.0025,-0.0031,-0.0022,-0.0022,-0.0,-0.003,0.0022,0.0008,-1e-04,-0.0014,-0.0009,-0.0006,-0.002,-0.0013,-0.0009
2021-04-22,50.6883,156.0183,SE,,-0.002,-0.0154,-0.0215,-0.0247,-0.0246,-0.0238,-0.0225,,,,-0.0104,0.0117,0.0119,0.0114,0.0112,0.0139,-0.0026,-0.0078,-0.0133,-0.0103,-0.0081,-0.0062,-0.0048,-0.0006,0.0008,0.0009,0.0029,0.0038,0.0032
2021-04-22,50.6883,156.0183,SO,,0.0342,0.006,0.0038,0.0015,-0.0008,-0.0009,-0.0009,0.0031,0.003,-0.0014,0.003,0.003,0.0009,-0.0012,-0.0013,-0.0013,-0.0008,-0.0006,-0.0009,-0.0002,-0.0003,-1e-04,0.0,1e-04,0.0002,0.0003,0.0003,0.0004,0.0005
2021-05-24,50.6872,156.0191,E,,0.0469,0.0323,0.0299,0.0277,0.0216,0.0204,0.0137,0.0146,0.0204,0.0178,0.0111,0.007,0.0113,0.0215,0.0234,0.0185,0.014,0.014,0.0098,0.0016,0.0004,-0.0171,-0.0297,-0.0211,-0.0179,-0.0092,-0.0153,-0.0074,-0.0024
2021-05-24,50.6872,156.0191,N,0.1472,0.1351,0.0959,0.0885,,,,,,,,,,,,,,,,,,,,,0.0192,0.0055,0.0004,0.0036,-0.009,0.0097
2021-05-24,50.6872,156.0191,NE,,0.074,0.0571,0.0301,0.0132,0.0135,0.0216,0.0328,0.0452,,,,,,,,,0.0091,0.0051,0.0053,0.006,0.0023,0.0022,0.003,0.0035,-0.0003,0.0012,-0.0017,-0.0076,-0.0158
2021-05-24,50.6872,156.0191,NO,,,,,,,,,,,,,,,,,,,,,,,,-0.0283,-0.0273,-0.0181,-0.007,0.0063,0.0262,0.0337
2021-05-24,50.6872,156.0191,S,0.136,0.1105,0.0982,0.0542,0.0435,,,,,,,,,,,,,,1e-04,1e-04,0.0,-1e-04,-1e-04,-1e-04,-0.0002,-0.0002,-0.0003,-0.0004,-0.0004,-0.0005
2021-05-24,50.6872,156.0191,SE,,0.072,0.0507,0.0541,0.0206,0.0216,0.0202,-0.0039,-0.0195,-0.0158,-0.014,-0.0077,0.0089,0.0072,0.0239,0.0082,0.0467,-0.0196,-0.0207,-0.0224,-0.0202,-0.0155,-0.0107,-0.0094,-0.0067,-1e-04,0.0023,0.0051,0.0085,0.0074
2021-08-12,50.6872,156.0195,E,,0.0499,0.0409,0.0407,0.0383,0.0405,0.0599,0.0564,0.0829,0.098,0.0801,0.0802,0.0543,0.0279,0.0256,0.0345,0.019,0.0103,0.0061,-0.0066,-0.0213,-0.0217,-0.0533,-0.0674,-0.0647,-0.0412,-0.029,-0.0531,-0.0091,0.0142
2021-08-12,50.6872,156.0195,N,0.0571,0.0298,0.0061,0.0064,0.0116,0.0228,0.0016,0.0057,0.0492,0.0488,0.0354,0.0314,0.0314,0.0309,0.0198,-0.0204,-0.0279,-0.0495,-0.0524,-0.0434,-0.0459,-0.0214,-0.0097,0.0039,0.02,0.0244,0.0214,0.0142,0.0236,0.0313
2021-08-12,50.6872,156.0195,NE,,0.0782,0.0685,0.0776,0.078,0.0734,0.0608,0.0429,0.0628,0.0481,0.0445,0.024,0.0161,0.0072,0.0072,0.0125,0.0137,-0.0141,-0.0088,0.0008,0.0114,0.0132,0.0127,0.0101,0.0045,-0.0099,-0.0282,-0.0548,-0.0637,-0.0706
2021-08-12,50.6872,156.0195,NO,,0.0852,0.0565,0.0566,0.0768,0.0729,0.0428,0.0047,-0.0234,-0.0374,-0.0326,-0.0242,-0.0197,-0.0155,-0.0117,-0.0009,0.0024,0.006,0.0179,0.0295,0.0244,0.0246,0.02,0.0168,0.0136,0.0052,0.0054,-0.0002,-0.0236,-0.0285
2021-08-12,50.6872,156.0195,O,0.1422,0.1174,0.1196,0.1285,0.1207,0.1182,0.0987,,0.0408,0.0218,0.0123,0.0072,-0.0032,-0.007,-0.012,-0.0116,0.0045,0.0095,0.0128,0.0138,0.0142,0.0174,0.0103,-0.003,-0.0014,-0.0038,-0.008,-0.0088,-0.0173,-0.0182
2021-08-12,50.6872,156.0195,S,0.1769,0.1768,0.1457,0.139,0.1044,0.0928,0.0717,0.0483,0.0344,-0.0044,-0.015,0.0066,0.0123,0.004,-0.0026,0.0024,0.0066,-0.0074,-0.0189,-0.0222,-0.0203,-0.0137,-0.0147,-0.0186,-0.0137,0.0005,0.0082,0.013,0.0123,0.0137
2021-08-12,50.6872,156.0195,SE,0.1285,0.1177,0.0955,0.0776,0.0691,0.064,0.0556,0.0188,-0.0041,-0.0078,0.0061,-0.0302,-0.0191,-0.0048,0.0068,0.0187,0.0115,0.0114,0.0258,0.0451,-0.0111,-0.026,-0.03,-0.024,-0.027,-0.0191,-0.0106,-0.0053,0.0064,0.0213
2021-08-12,50.6872,156.0195,SO,,0.1297,0.1156,0.1081,0.1053,0.101,0.0884,0.0381,0.0286,0.0392,0.0367,0.0332,0.0302,0.0265,0.0201,0.0208,0.0145,-0.0026,-0.0039,-0.0037,-0.0081,-0.0077,-0.0029,-0.0068,-0.0036,-0.0029,0.0057,0.005,0.0069,0.0078
2021-10-31,50.6875,156.0174,N,0.0275,,,,,,,,,,,,,,,,,,,,,,,,,,,,,
2021-10-31,50.6875,156.0174,NO,,0.0063,0.0042,0.0,0.0,0.0,,-0.0,-0.0,,,,,,,,,,,,,,,,,,,,,
2021-10-31,50.6875,156.0174,O,,0.0255,0.0213,0.0171,0.0129,,,,,,,,,,,,,,,,,,,,,,,,,
2021-10-31,50.6875,156.0174,S,0.0275,0.0213,0.0192,0.0108,,,,,,,,,,,0.0,0.0,,,,,,,,,,,,,,
2021-10-31,50.6875,156.0174,SE,,0.0255,,,,,,,,,,,,,,,,,,,,,,,,,,,,
2021-10-31,50.6875,156.0174,SO,,0.0234,0.0171,0.0087,,,,,,,,0.0,,,0.0,0.0,,,,,,,,,,,,,,
2022-03-25,50.688,156.0183,E,,,0.0123,0.0118,0.0142,,,,,,,0.0322,0.0256,,,-0.0005,-0.0008,-0.0022,-0.0053,-0.009,0.0005,-0.0006,-0.0012,-0.0037,-0.0025,-0.001,0.0008,0.0009,0.0011,0.0015
2022-03-25,50.688,156.0183,N,0.0118,0.0112,,,,,,0.0004,0.0018,0.0007,-0.0,-0.0017,-0.0033,-0.0022,0.001,0.0034,0.0055,0.0058,0.0046,0.0039,-0.0017,-0.0024,-0.0115,,,,,,,-0.0055
2022-03-25,50.688,156.0183,NE,,,,,0.0154,,0.0137,0.0074,0.0062,0.006,0.007,0.009,0.0081,0.0,0.0028,0.0035,,,,,,,0.0089,0.0053,0.0017,-0.0015,-0.0017,-0.0016,-0.0045,-0.0025
2022-03-25,50.688,156.0183,NO,,,,,,,-1e-04,0.0004,,,,,,,,,,,,0.0035,-0.0009,-0.0036,,,,,,,,
2022-03-25,50.688,156.0183,O,,,,,,0.0205,,,,,,,,,,,,,,,,,,,,,,,,
2022-03-25,50.688,156.0183,S,0.0252,,,,,,,,,,,,,0.0065,0.0037,-0.0002,-0.0009,-0.0012,-0.0015,-0.0016,-0.001,-0.0011,-0.001,-0.0013,-0.0011,-0.0003,-0.0002,0.0002,0.0006,1e-04
2022-03-25,50.688,156.0183,SE,,,,0.0031,0.0023,,,-0.0004,0.0021,0.0017,,0.0312,0.0501,-0.0067,-0.0092,-0.0126,,-0.0057,-0.0064,-0.0137,-0.0145,-0.0126,-0.0112,,-0.006,-0.0042,-0.0023,-0.0006,0.0009,0.0024
2022-03-25,50.688,156.0183,SO,,,,0.0084,0.0087,0.0075,0.0053,0.003,0.0009,-0.0014,0.0004,,,,,,,,,,,,,,,,,,,
2022-05-05,50.6868,156.0178,E,-0.0146,,,,,,,,,,,,,,-0.033,-0.0201,-0.0166,-0.0163,-0.0115,-0.0144,-0.0152,-0.0176,-0.0158,-0.0115,-0.0125,-0.0108,-0.0065,-0.002,0.0029,0.0066
2022-05-05,50.6868,156.0178,N,,0.0816,0.0588,0.0496,0.0241,0.0134,0.0119,0.0068,0.0076,0.008,,-0.0019,-0.0013,,0.0037,0.0084,0.0074,0.0058,0.0027,-0.0015,-0.0019,-0.0058,-0.0065,-0.0077,-0.0085,-0.0044,-0.0039,0.0044,0.005,0.0121
2022-05-05,50.6868,156.0178,NE,0.0833,,0.0791,,,,,,,,,,,,,0.0095,0.0052,0.005,0.0054,0.001,0.0005,0.0002,1e-04,0.0013,0.0002,-0.0044,-0.0014,-0.0044,-0.0059,-0.006
2022-05-05,50.6868,156.0178,NO,0.0965,0.0887,0.0615,0.0457,0.0277,0.0216,0.0136,0.0075,0.0014,-0.0008,-0.003,-0.0072,-0.0073,-0.0074,-0.0033,-0.0034,0.0048,0.0055,0.0056,0.0047,0.0047,0.0054,0.0056,0.0055,0.0055,-0.0025,-0.0065,-0.0067,-0.0067,-0.0047
2022-05-05,50.6868,156.0178,O,0.0945,0.0843,0.0711,0.0429,0.0225,0.0147,0.0089,0.0042,0.0077,0.0077,0.0081,0.0046,0.0029,0.0032,-0.0031,-0.0073,-0.0073,-0.0073,-0.0083,-0.0096,,,,,,,,,,
2022-05-05,50.6868,156.0178,S,,0.0296,0.0294,0.0068,0.0062,0.0071,0.0152,0.0219,0.0318,0.0315,0.0111,0.0042,-0.0021,-0.0095,-0.0098,-0.0134,-0.0121,-0.0134,-0.0171,-0.0123,-0.0155,-0.0109,-0.0079,-0.0054,-0.0038,-0.0006,0.0072,0.0076,0.0092,0.0083
2022-05-05,50.6868,156.0178,SE,-0.0076,-0.0293,-0.0653,-0.0815,,,,,,,,,,,,,,,0.109,0.0877,-0.0019,-0.0144,-0.0248,-0.0244,-0.0255,-0.0132,-0.0066,-0.0023,0.003,0.011
2022-05-05,50.6868,156.0178,SO,0.0776,0.064,0.0345,0.0104,-0.0019,-0.006,-0.0039,-0.0019,0.0022,0.0064,0.0023,0.0022,-0.0017,-0.0017,-0.0016,-0.0016,0.0004,-0.0015,0.0025,0.0006,0.0027,0.0027,-0.0013,-0.0013,-0.0013,0.0028,-0.0013,-0.0012,0.0029,0.0029
2022-06-30,50.6854,156.016,E,0.1015,0.0828,,,,,,,,,,,,,,,,,,,,,,,,,,,,
2022-06-30,50.6854,156.016,N,,-0.035,-0.0233,-0.0232,-0.012,,0.0236,0.0323,0.0313,-0.0189,-0.0073,0.0049,0.0023,-0.0012,-0.021,,,-0.0053,,,,,,,,,,,,
2022-06-30,50.6854,156.016,NE,0.1015,0.1061,0.0968,,,,,,,,,,,,,,,,,,,,,,,,,,,
2022-06-30,50.6854,156.016,NO,0.2754,0.2177,,,,,,,,,,0.002,0.0057,-0.0003,,,,,,,,,,,,,,,,
2022-06-30,50.6854,156.016,O,,0.101,,,,,,,,,,,,,,,,,,,,,,,,,,,,0.0
2022-06-30,50.6854,156.016,S,0.062,0.062,0.0269,0.0325,0.0359,0.0359,,,,,0.0065,0.0104,0.004,-0.0003,-0.01,-0.0099,-0.0105,-0.0082,,,,,,,0.012,0.0124,0.0136,,,
2022-06-30,50.6854,156.016,SE,,0.0132,-0.0126,-0.0154,0.0139,,0.0192,0.0172,0.0066,-0.0077,-1e-04,-0.0083,-0.0107,-0.003,-0.0059,-0.0017,-0.0019,0.0048,,,,0.0317,0.0341,,,,,,,
2022-06-30,50.6854,156.016,SO,0.1099,0.1099,0.0984,,,,,,,,,,,,,,,,,,,,,,,,,,,
2022-11-08,50.69,156.0154,E,0.0016,0.0021,0.0019,,,0.0017,0.0017,0.0026,0.003,0.0018,,,,,,,,,,,,,,,,-0.0025,0.0024,0.0017,-0.0007,-0.0028
2022-11-08,50.69,156.0154,N,,,,,,,,,,,,,,,,,,,0.0123,0.0023,0.0014,1e-04,0.0084,-0.0005,-0.0079,-0.0036,-0.0032,-0.0077,,
2022-11-08,50.69,156.0154,NE,0.0025,0.0025,-0.0018,-0.0018,-0.0017,,,0.0016,0.0015,0.0012,-0.0022,-0.0011,-0.0029,0.0011,0.001,0.0009,,,,,,,,,,,,,,
2022-11-08,50.69,156.0154,NO,,,,,,,,,,,,,,,,,,,,,0.0043,0.0004,-0.0002,-0.0009,-0.0011,,,0.0003,-0.0002,
2022-11-08,50.69,156.0154,O,0.0163,0.0163,,,,,,,,,,,,,,,,,,,,,,,,,,,,
2022-11-08,50.69,156.0154,S,0.0082,0.0069,0.0058,0.001,0.0008,0.0051,0.0008,0.0007,0.0029,-0.0015,-0.0015,0.0029,0.0029,-0.0,-0.0019,-0.002,0.0003,-0.0018,-0.0036,-0.0036,0.0009,0.0008,0.0,0.0014,0.0035,0.002,-0.0024,0.0037,0.0081,0.0081
2022-11-08,50.69,156.0154,SE,,0.0038,0.0039,0.0039,0.0005,-0.0012,-0.0012,0.0002,-0.0012,-0.001,-0.0007,-0.0014,0.0009,-1e-04,0.0002,0.0003,-0.0017,-0.0032,-0.003,-0.0006,0.0016,0.0017,-0.0025,,,,,,,
2022-11-08,50.69,156.0154,SO,,0.0075,,,,,,,,,,,,,,,,,,,,,,,,,,,,
2023-01-07,50.6878,156.0077,E,0.0178,0.0168,0.0169,0.016,0.015,,,,,,,,,,,,,0.0145,0.0077,0.0006,0.0005,0.0005,-0.0008,-0.0015,-0.0013,0.0002,-0.0007,-0.0018,-0.001,-0.0005
2023-01-07,50.6878,156.0077,N,0.0042,0.0035,0.0031,0.0023,0.0019,0.0002,0.0,0.0,0.0,0.0,,,,,,,,,,,,,,,,,,,,
2023-01-07,50.6878,156.0077,NE,,0.0035,0.0024,0.0019,0.001,1e-04,,,,,,,,,,,,,,,,,,,,,,0.0,0.0,0.0
2023-01-07,50.6878,156.0077,NO,,0.0035,0.003,0.0023,0.0019,0.0008,0.0,0.0,0.0,0.0,,,,,,,,,,,,,,,,,,,,
2023-01-07,50.6878,156.0077,O,,0.0036,0.0026,0.0018,0.0012,0.0011,0.0006,1e-04,0.0,0.0,,,,,,,,,,,,,,,,,,,,
2023-01-07,50.6878,156.0077,S,0.0029,0.0025,0.0021,0.0018,0.0022,0.0028,0.0032,0.0025,0.0016,0.0003,0.0005,-0.0016,-0.0013,-0.0012,-0.001,-0.0,-0.0003,0.0006,0.0015,-0.0002,0.0007,0.0002,0.0017,0.0013,0.0022,0.0025,0.0005,0.0023,0.0014,0.0019
2023-01-07,50.6878,156.0077,SE,,-0.0056,-0.0061,-0.0064,-0.0066,-0.0061,-0.0041,-0.0031,-0.0023,-0.0025,-0.0007,-0.0013,-0.0006,-0.0015,-0.0005,0.0006,0.0005,0.0009,0.0011,0.0018,0.0012,0.0025,0.0011,0.0007,0.0009,-0.0007,-0.0009,-0.0004,0.0005,0.002
2023-01-07,50.6878,156.0077,SO,,0.0037,0.0028,0.0025,0.0023,0.0018,0.0011,0.0006,-1e-04,-1e-04,-0.0002,-0.0002,-0.0003,,,,,,,,,,,,,,,,,
2023-03-17,50.6882,156.0181,E,,,,,,,,,,,,,,,,,,,,,,,,,,,-0.003,0.0017,0.0038,-0.0004
2023-03-17,50.6882,156.0181,N,,-0.0005,0.0006,1e-04,,,,,,,,,-0.005,-0.0058,-0.0027,-0.0053,-0.0045,-0.0074,-0.0084,-0.0038,-0.0045,-0.0067,-0.0037,-0.001,-1e-04,0.0021,0.0027,0.005,0.0099,0.0084
2023-03-17,50.6882,156.0181,NE,,,,,,,,,,,,,-0.0082,-0.0019,-0.0046,-0.0013,-0.0031,-0.0071,-0.0084,0.0004,0.0191,,,-0.0078,0.0011,0.0014,0.0078,0.0114,0.0146,-0.0058
2023-03-17,50.6882,156.0181,NO,1e-04,,,,,,,,,,,,,,,,0.0,,,,,,,,,,,,,
2023-03-17,50.6882,156.0181,O,0.0042,1e-04,,,,,,,,,,,,,,,,,,,,,,,,,,,,
2023-03-17,50.6882,156.0181,S,,,,,,,,,,,0.0,0.0,,,,,,,,,,,,,,,,,,
2023-05-15,50.6885,156.0196,E,,0.0068,-0.0092,-0.0091,-0.0084,-0.0085,-0.0068,-0.0061,-0.0055,-0.004,-0.0004,-0.0006,-0.0005,-0.0005,0.0006,0.0011,0.0017,-0.0012,-0.0026,-0.0041,-0.0037,-0.0014,-0.0013,-0.0011,0.0011,0.0009,-0.0003,1e-04,0.0013,0.0016
2023-05-15,50.6885,156.0196,N,0.0057,0.0022,0.0023,0.0027,0.0025,0.0024,-0.0024,-0.0018,-0.0024,-0.0022,-0.002,-0.0007,0.0,-0.0,0.0002,-0.0002,-0.0017,0.0023,0.0032,0.0034,0.0034,0.0035,0.0035,0.0004,0.0003,0.0015,0.0004,0.0014,-0.0028,-0.0012
2023-05-15,50.6885,156.0196,NE,,0.0009,0.0024,0.0029,0.0028,-0.0048,-0.0049,-0.0041,0.004,0.0042,0.004,0.0035,0.0031,-0.0009,-0.0011,-0.0009,-0.0005,-0.0002,0.0003,0.001,0.0003,-0.0006,-0.0003,-0.0018,-0.0025,-0.0038,-0.0039,-0.0036,-0.0023,-0.0006
2023-05-15,50.6885,156.0196,NO,,0.0105,0.0095,0.0081,0.0065,0.0055,0.003,0.0004,-0.0005,-0.0012,-0.0014,-0.0018,-0.0007,0.0007,0.001,0.0015,0.0023,0.0027,0.003,0.0035,0.0021,0.0025,0.0024,0.0018,0.0014,-0.0021,-0.0027,-0.0032,-0.0052,-0.0048
2023-05-15,50.6885,156.0196,O,0.0211,0.0111,0.0106,0.0104,0.0102,0.0097,0.0089,0.0064,0.0068,0.0027,0.0013,0.0014,0.0014,0.0026,0.0027,0.0013,0.0008,-0.0031,-0.003,-0.0025,-0.0021,-0.0013,-0.0013,-0.0012,-0.0015,-0.0014,-0.001,-0.0003,0.0017,0.0022
2023-05-15,50.6885,156.0196,S,0.0231,0.0164,0.0112,0.0092,0.0066,0.0059,0.0025,0.0007,0.0022,0.003,0.0041,0.0036,0.0026,0.0013,0.0011,-0.0008,-0.0015,-0.0022,-0.0023,-0.0023,-0.0018,0.0,-0.0006,-0.0012,-0.0008,-0.0006,-0.0002,-0.0002,0.0006,0.0013
2023-05-15,50.6885,156.0196,SE,,0.0109,0.0032,0.0032,-0.0012,-0.0007,-0.0016,-0.0007,0.0008,-0.0003,-0.0006,-0.0012,-0.002,-0.0024,-0.0009,0.0024,0.0026,-0.0022,-0.0027,-0.0026,-0.0015,0.0003,0.0029,0.0034,0.0031,0.001,-0.0031,-0.003,-0.0023,-0.0018
2023-05-15,50.6885,156.0196,SO,,0.0122,0.0074,0.0076,0.0066,0.0062,0.005,0.0049,0.0054,0.0054,0.0037,0.0012,1e-04,-0.0013,-0.0023,-0.0019,0.0007,0.002,0.0024,0.0023,0.0004,-0.0011,-0.0005,-1e-04,-0.0002,-0.001,-0.0005,-0.0017,-0.0003,-0.0014
2023-06-08,50.6857,156.017,E,-0.264,-0.2784,,,,,,,,,,,,,,,,0.0026,0.0074,0.0057,0.0129,0.0197,0.0063,-0.0107,-0.0393,-0.0353,-0.0373,,-0.0284,
2023-06-08,50.6863,156.0182,E,,,,,,,,,,,,,,,,,,,,,,,,,,,,,,-0.0199
2023-06-08,50.6869,156.0195,E,,,,-0.0287,-0.0254,-0.0266,-0.0165,1e-04,0.0286,0.0423,0.0487,0.062,0.0447,0.0618,0.0604,0.0604,0.0461,,,,,,,,,,,-0.029,,
2023-06-08,50.6857,156.017,N,,,0.0997,,,,,,-0.0022,-0.0074,-0.0052,-0.003,-0.003,-0.0031,-0.0031,-0.0032,-0.0034,,,,,,,,,,,,,
2023-06-08,50.6869,156.0195,N,0.0521,0.0518,,0.0235,0.0199,0.0128,0.0096,0.0061,,,,,,,,,,-0.0076,-0.0089,-0.008,-0.0064,0.0018,0.0045,0.0042,0.0039,0.0005,-0.0035,-0.003,0.0032,-0.001
2023-06-08,50.6857,156.017,NE,0.0047,,,,,,,,,,,,,,,,,,,,,,,,,,-0.021,,-0.0227,
2023-06-08,50.6869,156.0195,NE,,0.0247,0.0098,0.0106,0.0033,0.0034,0.0033,0.0077,0.0111,0.0236,0.0506,0.0514,0.073,0.0791,0.0789,0.0647,0.023,0.0106,0.0055,0.0139,0.0017,-0.0052,-0.0049,-0.0094,-0.0191,-0.019,,-0.0183,,-0.0236
2023-06-08,50.6857,156.017,NO,0.1122,,0.0514,,,,,,,-0.002,,-0.0039,,-0.0043,,,,,,,,,,,,,,,,
2023-06-08,50.6863,156.0182,NO,,,,,,,,,,,,,-0.0058,,-0.0021,,-0.0044,,,,,,,,,,,,,
2023-06-08,50.6869,156.0195,NO,,0.0574,,0.0318,0.0239,0.0143,0.0043,0.0008,-0.0011,,-0.0032,,,,,-0.0018,,-0.0003,-0.0017,-0.0012,-0.0011,-0.0029,-0.0023,-0.002,-0.0031,-0.0015,-0.0004,-0.0011,-0.0021,-0.002
2023-06-08,50.6857,156.017,O,,,0.0823,0.0527,,,,,,,0.0006,0.0006,0.0006,0.0006,-0.0009,-0.0003,-0.0037,,,,,,,,,,,,,
2023-06-08,50.6863,156.0182,O,0.1,0.0791,,,0.024,0.0156,0.012,,,,,,,,,,,,,,,,,,,,,,,
2023-06-08,50.6869,156.0195,O,,,,,,,,0.0081,0.0049,0.0005,,,,,,,,-0.0035,-0.0014,-1e-04,0.0025,0.0019,0.0045,0.0008,-0.0016,-0.0012,-0.0011,-0.0024,-0.0023,-0.0014
2023-06-08,50.6857,156.017,S,,0.0851,0.0709,0.041,0.041,0.028,0.0504,0.0415,0.0369,0.023,0.0076,0.0007,-0.001,-0.0084,-0.0087,-0.0084,-0.0078,-0.0066,-0.0066,-0.0052,-0.0042,0.0008,0.0018,0.0023,-0.0003,0.0,0.0007,0.0014,,0.0035
2023-06-08,50.6869,156.0195,S,0.0759,,,,,,,,,,,,,,,,,,,,,,,,,,,,0.0019,
2023-06-08,50.6857,156.017,SE,,0.0241,-0.009,,,,,,,,,,,,,,,,,,0.0222,0.0021,,,,,,,,
2023-06-08,50.6863,156.0182,SE,0.0486,,,,,,,,,,,,,,,,,,,,,,-0.0029,,,,,,,
2023-06-08,50.6869,156.0195,SE,,,,,,,,,,,,,,,,,,,,,,,,-0.0042,-0.0053,-0.0048,-0.0012,0.0021,0.0011,0.0007
2023-06-08,50.6857,156.017,SO,0.0993,0.0964,0.074,0.0459,0.0426,0.0132,0.0214,0.0188,0.017,0.0075,0.0016,-0.0049,-0.003,-0.0032,-0.0057,-0.0057,-0.0032,-0.0004,0.0004,-0.0014,0.0009,0.0022,0.0035,0.0058,0.0071,0.0083,0.0129,,,
2023-06-08,50.6869,156.0195,SO,,,,,,,,,,,,,,,,,,,,,,,,,,,,0.0,0.0,0.0
2023-06-24,50.69,156.0154,E,,,,,,,,,,,,,,,,0.0154,0.0092,0.006,0.0064,0.0065,0.006,0.0027,-0.0046,-0.0051,-0.0054,-0.0092,-0.0134,-0.02,-0.0213,-0.0218
2023-06-24,50.69,156.0154,N,,,,,,,,,,,0.0237,0.0298,0.026,0.0291,0.0344,0.0209,0.0141,0.0124,0.0092,0.0079,0.0049,0.0048,-0.0006,-1e-04,0.0,1e-04,-0.0026,-0.005,-0.0116,-0.0134
2023-06-24,50.69,156.0154,NE,,,,,,,,,,,,,0.0507,0.0475,0.0483,0.0501,0.0505,0.0477,0.0364,0.0195,0.0069,0.0062,0.0168,-0.0008,-0.0009,-0.0074,-0.0121,-0.0145,-0.017,-0.014
2023-06-24,50.69,156.0154,NO,,,,,,,,,,,,,,,,,,,,0.0297,0.0233,0.0124,0.0069,0.0132,0.0123,0.0086,1e-04,-0.0074,-0.0002,-0.0153
2023-06-24,50.69,156.0154,O,0.093,0.0764,0.055,0.0149,1e-04,-0.0122,-0.0156,-0.0198,-0.0004,,,,,,,,,,,,,,,,,,,,,0.0004
2023-06-24,50.69,156.0154,S,,0.0602,0.0513,0.0403,0.033,0.0244,0.0205,0.0107,0.0047,-0.0019,-0.0108,-0.0149,,,,,,,,,,,,,,,,,,
2023-06-24,50.69,156.0154,SE,,,,,,,,,-0.0129,-0.0052,0.0018,0.004,-0.0049,0.0023,0.0056,0.0044,0.0005,-0.0,-0.0105,-0.0125,-0.0152,-0.0119,-0.0071,0.0006,0.0017,0.002,-0.0005,-0.0008,-0.0016,0.0184
2023-06-24,50.69,156.0154,SO,0.0588,0.0483,0.0344,0.0205,0.0074,0.0047,-0.0031,-0.001,-0.0027,,,,,,,,,,,,,,,,,,,,,
2023-09-28,50.6897,156.018,E,0.057,0.0513,0.0442,0.0394,0.0386,0.0362,0.0339,0.0286,0.0237,0.0207,0.0113,-0.0115,-0.0224,-0.0215,-0.0177,-0.0281,-0.0157,-0.0062,-0.0027,-0.0003,0.003,0.0023,0.0034,0.0031,0.0048,0.0065,0.0014,0.0004,-0.005,0.0225
2023-09-28,50.6897,156.018,N,0.0325,0.0322,0.0238,0.0216,0.0212,0.0279,0.02,0.0122,-0.0025,-0.0092,-0.0112,-0.0151,-0.0159,-0.029,-0.013,-0.0119,-0.0081,-0.0034,0.0078,0.0106,0.0081,0.0091,0.0084,0.0124,0.0055,0.0088,0.0029,0.0038,0.0004,-0.0047
2023-09-28,50.6897,156.018,NE,,0.0624,0.0593,0.0531,0.0485,0.0423,0.0421,0.0428,0.0399,0.0457,0.0476,0.045,0.0425,0.0399,0.0335,0.033,0.0318,0.0118,-0.0072,-0.019,-0.0262,-0.0275,-0.0248,-0.0228,-0.0209,-0.022,-0.0094,-0.0115,-0.0082,-0.0165
2023-09-28,50.6897,156.018,NO,,0.0504,0.0387,0.0311,0.0307,0.0297,0.0203,0.0116,0.012,0.0111,0.0093,0.0064,0.0038,0.0052,0.0107,0.0203,0.024,0.0275,0.0251,0.0199,0.0171,0.0027,-0.0058,-0.013,-0.0196,-0.0187,-0.0153,-0.0098,-0.0006,0.0083
2023-09-28,50.6897,156.018,O,,0.0452,0.0316,0.0255,0.0219,0.0191,0.0151,0.011,0.0088,0.0076,0.0076,0.0083,0.0111,0.0143,0.014,0.0134,0.0136,0.0155,0.0141,0.0141,0.0106,-0.0009,-0.0026,-0.0045,-0.0062,0.0011,1e-04,1e-04,-0.0015,-0.0038
2023-09-28,50.6897,156.018,S,0.0955,0.0742,0.0651,0.0507,0.0477,0.0504,0.0387,0.0347,0.0232,0.0215,0.0184,0.0107,0.005,-0.006,-0.008,-0.0118,-0.0108,-0.0073,-0.0105,-0.0134,-0.0112,-0.01,-0.0052,-0.0013,0.0046,-0.001,0.0065,0.0052,0.0061,0.0082
2023-09-28,50.6897,156.018,SE,,0.0466,0.0407,0.0405,0.0409,0.0604,0.0765,0.1255,0.1439,0.1066,0.0617,0.0174,-0.0296,-0.0517,-0.0474,-0.0451,-0.0419,-0.036,-0.0332,-0.03,-0.0261,-0.0225,-0.0183,-0.0125,-0.0082,-0.0042,0.0039,0.0132,0.0167,0.0189
2023-09-28,50.6897,156.018,SO,,0.0578,0.051,0.0406,0.0234,0.0182,0.001,-0.0104,-0.0217,-0.0169,-0.0192,-0.0179,-0.0171,-0.0134,-0.009,-0.0106,-0.0047,0.0045,-0.0041,0.0024,-0.0056,-0.0052,-0.0019,0.0033,0.0033,0.0119,0.0085,0.0124,0.013,0.0153
2023-11-15,50.6839,156.0117,E,0.0116,0.011,0.0098,0.0083,0.0071,0.0059,0.0049,0.004,0.0027,0.0012,0.0002,1e-04,0.0007,0.0011,0.0014,0.0009,-0.0011,-0.0012,-0.0013,-0.0012,-0.0011,-0.001,-0.001,-0.0009,-0.0008,-0.0006,-0.0002,0.0004,0.001,0.0019
2023-11-15,50.6839,156.0117,N,,0.0084,0.0078,0.0067,0.0066,0.0062,0.0057,0.0045,0.0038,0.0025,0.0011,-0.0003,-0.0019,-0.0031,-0.0034,-0.0034,-0.0034,-0.0033,-0.0028,-0.0019,-0.0016,-0.001,-0.0006,0.0,0.0006,0.0012,0.0002,0.0007,-0.0013,-0.0028
2023-11-15,50.6839,156.0117,NE,0.0066,0.0075,0.0071,0.0071,0.0072,0.0058,0.0051,0.0044,0.0022,0.0029,0.0017,0.0012,0.0005,0.0005,0.0,-0.0008,-0.0011,-0.0016,-0.0022,-0.0022,-0.0023,-0.0023,-0.0024,-0.0024,-0.0018,-0.0006,0.0004,0.0021,0.0029,0.0019
2023-11-15,50.6839,156.0117,NO,0.0,-0.0003,-0.0005,-0.0021,-0.0023,-0.0027,-0.0039,-0.0043,-0.0047,-0.0006,0.0018,-0.0003,-0.0003,-0.0002,-0.0017,-0.0009,-0.0,0.0027,-0.003,-0.0026,-0.0023,-0.0028,-0.003,,,,,0.0089,0.0109,0.0119
2023-11-15,50.6839,156.0117,O,-0.0207,-0.018,-0.0153,-0.0151,-0.0151,-0.0154,-0.0147,-0.0146,-0.0139,-0.0128,-0.012,-0.0101,-0.0077,-0.0053,-0.0041,-0.004,-0.0058,-0.0095,-0.003,-0.0021,-1e-04,0.0021,0.0069,0.0061,0.0083,0.0099,0.0081,0.0088,0.0096,0.0158
2023-11-15,50.6839,156.0117,S,,0.04,0.0351,0.0297,0.0261,0.0218,0.0212,0.0188,0.0161,0.0098,0.0072,0.0025,0.0004,-1e-04,0.0008,-0.0005,-0.0013,-0.002,-0.0023,-0.0021,-0.0025,-0.0011,1e-04,0.0019,0.0022,0.0036,0.0054,0.0047,0.0048,0.0042
2023-11-15,50.6839,156.0117,SE,0.017,0.0171,0.0156,0.0138,0.0124,0.009,0.0065,0.0049,0.0036,0.0026,0.0019,0.0011,0.0005,-0.0,-0.0006,-0.0009,-0.0011,-0.0011,-0.0013,-0.001,1e-04,-0.0005,-0.0,0.0005,0.0005,0.0004,1e-04,-1e-04,0.0006,0.0022
2023-11-15,50.6839,156.0117,SO,0.0081,0.0062,0.003,0.0009,-0.0011,-0.0028,-0.0034,-0.0056,-0.0055,-0.0055,-0.0058,-0.0054,-0.0056,-0.005,-0.0056,-0.0043,-0.0065,-0.0068,-0.0061,-0.0061,-0.0042,-0.0041,-0.0041,-0.0029,-0.0014,-0.0004,0.0025,0.0043,0.0081,0.0112
2024-01-10,50.6864,156.0203,E,,,,,,,,,,,,-0.0146,-0.0125,-0.0067,-0.0009,0.0011,0.0038,0.0052,0.0044,0.0037,0.0038,0.0037,0.0033,0.0029,0.0017,0.0034,0.0022,0.0043,0.0053,0.0055
2024-01-10,50.6864,156.0203,N,0.0,0.0,,,,,,,,,,,,,,,,,,,,,,,,,,,,
2024-01-10,50.6864,156.0203,NE,,,,,,,,,,,,0.0,0.0,0.0,0.0,,,,,,,,,,,,,,,
2024-01-10,50.6864,156.0203,NO,0.0,0.0,,,,,,,,,,,,,,,,,,,,,,,,,,,,
2024-01-10,50.6864,156.0203,O,,,,,,,,,,,,,,,,,,,,,,,-0.003,-0.003,-0.002,0.0,0.0016,0.0004,0.0014,
2024-01-10,50.6864,156.0203,SE,-0.0125,,,,,,,,,,,,,,,-0.0015,-0.0005,0.0005,0.0006,0.0018,0.0018,0.0031,0.0009,0.0018,,,0.0011,-0.0018,1e-04,-0.0011
2024-04-23,50.685,156.0206,E,,0.016,0.0147,0.0119,0.0138,0.0102,,,,,,,,,,,,,,,,,,,,,,,,
2024-04-23,50.685,156.0206,N,,0.0051,0.0048,0.0056,0.0055,0.0049,0.0045,0.0041,0.0031,0.0023,0.0018,0.002,0.0022,0.0019,0.0027,0.0031,0.0029,0.002,0.0021,-0.0005,0.0011,-0.001,-0.002,-0.0029,-0.0041,-0.0042,-0.0042,0.0002,0.0015,0.0024
2024-04-23,50.685,156.0206,NE,-0.0059,-0.0042,-0.0027,-0.0016,-0.0003,-0.0008,1e-04,0.0003,0.0013,0.0004,-0.0009,,,,,,,,,,,,,,,,,,,
2024-04-23,50.685,156.0206,NO,0.0108,0.0106,0.0091,0.0084,0.008,0.0075,0.0078,0.0075,0.0073,0.007,0.0061,0.0059,0.005,0.0071,0.0073,0.0055,0.0052,0.0047,0.0038,0.0026,0.0014,-1e-04,-0.0028,-0.0042,-0.0045,-0.0045,-0.0045,-0.0043,-0.0027,-0.0004
2024-04-23,50.685,156.0206,O,0.0075,0.0074,0.0059,0.0038,0.0018,0.0004,-0.0014,-0.0028,-0.0008,0.0008,0.0027,0.0019,0.0044,0.0043,0.0034,0.002,0.0014,0.0007,-0.001,-0.0035,-0.0034,-0.0062,,,,-0.004,-0.0041,-0.0004,0.0021,0.0034
2024-04-23,50.685,156.0206,S,0.0158,0.0126,0.0127,,,,,,,,,,,,,,,,,,,,,,,,,,,
2024-04-23,50.685,156.0206,SE,0.0164,0.0125,0.011,,,,,,,,,,,,,,,,,,,,,,,,,,,
2024-04-23,50.685,156.0206,SO,,0.0217,0.0235,0.0229,0.0202,0.0183,,,,,,,,,,,-0.0002,-0.0006,,,,,,,,,,,,
2024-08-05,50.6902,156.0159,E,0.1387,0.2713,0.4725,0.6284,0.6405,0.4848,0.3006,0.1369,0.0513,-0.0115,-0.0497,-0.0674,-0.061,-0.048,-0.0469,-0.0442,-0.0434,-0.0332,-0.0295,-0.0195,-0.0149,-0.0115,-0.0073,-0.0045,0.0006,0.0067,0.0266,0.0426,0.0469,0.05
2024-08-05,50.6902,156.0159,N,0.075,0.0727,0.0653,0.0523,0.0677,0.0643,0.064,0.0463,0.0343,0.0219,0.0224,0.0102,0.0071,0.0106,0.0056,0.002,-0.0002,-0.0031,-0.01,-0.0083,-0.0046,-0.0067,-0.0049,-0.0034,0.002,0.0031,0.0046,0.0003,-0.0061,-0.0062
2024-08-05,50.6902,156.0159,NE,,0.1493,0.2446,0.1701,0.1896,0.1494,0.1287,0.0927,0.0736,0.0528,0.0432,0.0314,0.0196,0.023,-0.006,-0.0051,0.01,0.0063,-0.0044,-0.0086,-0.0158,-0.0211,-0.0118,-0.0138,-0.0168,-0.0142,-0.0203,-0.0149,-0.0068,0.0006
2024-08-05,50.6902,156.0159,NO,0.1031,0.0495,0.043,0.0085,0.0199,0.0328,0.0346,0.0349,0.0289,0.0279,0.0275,0.0247,0.0188,0.0186,0.02,0.0192,0.0176,0.0175,0.0137,0.0104,0.0084,0.0049,-0.0056,-0.019,-0.0142,-0.0136,-0.0167,-0.0191,-0.0242,-0.0262
2024-08-05,50.6902,156.0159,O,,0.0822,0.0444,0.0119,-0.0128,-0.0624,-0.0677,-0.0678,-0.0441,-0.0333,-0.0283,-0.022,-0.0206,-0.0149,-0.0082,-0.005,-0.0054,0.0024,0.0149,0.0118,0.0225,0.0174,0.0164,0.0158,0.0064,0.004,-0.0007,-0.0032,-0.0055,-0.0058
2024-08-05,50.6902,156.0159,S,,0.1617,0.1875,0.1379,0.117,0.0838,0.0365,0.0243,0.0091,0.0004,-0.0069,-0.0094,-0.0169,-0.0167,-0.0165,-0.0162,-0.0156,-0.0129,-0.0068,0.0013,0.0039,0.0066,0.0088,0.0061,0.0068,0.0079,0.0046,0.0094,0.0057,0.0139
2024-08-05,50.6902,156.0159,SE,0.227,0.2139,0.3167,0.3396,0.3855,0.3254,0.2335,0.1463,0.0721,0.0029,-0.0218,-0.0316,-0.0233,-0.0278,-0.026,-0.0243,-0.0227,-0.0212,-0.0195,-0.0177,-0.016,-0.0137,-0.0122,-0.0112,-0.0094,-0.0056,0.0027,0.0161,0.028,0.0367
2024-08-05,50.6902,156.0159,SO,0.166,0.1162,0.0876,0.0563,0.0283,0.029,-0.0152,-0.0068,0.007,0.0003,-0.0057,-0.009,-0.0175,-0.0125,-0.0081,-0.0198,-0.0174,-0.0133,-0.0105,-0.0081,-0.0049,-0.0033,-0.0031,-1e-04,0.0049,0.0083,0.0096,0.0131,0.0155,0.0158
2024-08-29,50.6856,156.0186,E,,0.0048,0.0049,-0.0049,-0.0032,-0.011,-0.0124,-0.007,-0.0086,-0.0082,-0.0073,-0.0116,-0.0098,-0.0092,0.0025,0.0098,0.0117,0.0134,0.0159,0.017,0.0242,0.0211,0.0177,0.0165,0.0107,-0.002,-0.0197,-0.0266,-0.0379,-0.042
2024-08-29,50.6856,156.0186,N,0.055,0.0551,0.0406,0.0389,0.0307,0.0249,0.0123,0.0083,0.004,-0.0005,0.0008,0.0134,0.015,0.015,0.0047,0.0046,-0.002,-0.0054,-0.0109,-0.0154,-0.0146,-0.0148,-0.0148,-0.0111,-0.0108,-0.0071,-1e-04,0.009,0.012,0.0149
2024-08-29,50.6856,156.0186,NE,,0.0303,0.03,0.0271,0.022,0.0176,0.014,0.0117,0.0091,0.0041,0.0014,0.0034,0.0022,-0.003,-0.0072,-0.0088,-0.0077,-0.0113,-0.0054,-0.0057,-0.0076,-0.004,0.0004,0.004,0.0076,0.0086,0.0086,0.008,0.0085,0.0025
2024-08-29,50.6856,156.0186,NO,,0.051,0.0381,0.0307,0.0207,-0.0,-0.0137,-0.0167,-0.0259,-0.0263,-0.0252,-0.0185,-0.0018,0.0052,0.0037,0.0146,0.0239,0.0243,0.0294,0.0266,0.0236,0.0112,0.0148,0.0011,-0.0075,-0.0144,-0.0123,-0.0155,-0.0244,-0.0211
2024-08-29,50.6856,156.0186,O,0.0623,0.0574,0.0542,0.051,0.0417,0.0359,0.025,0.0192,0.0158,0.0184,0.0157,0.0133,0.0095,0.0012,-0.0028,0.0014,0.0016,0.0008,0.0042,0.005,0.0033,0.0033,-0.0031,-0.008,-0.0096,-0.011,-0.0133,-0.0037,-0.0054,1e-04
2024-08-29,50.6856,156.0186,S,0.0592,0.0569,0.0531,0.0458,0.0459,0.0254,0.0159,0.0058,0.0033,0.0097,0.0134,0.0132,0.0075,0.0076,0.0045,0.001,-0.0043,-0.0044,-0.0046,-0.0055,-0.0094,-0.0142,-0.0067,-0.0003,0.0018,0.0022,0.0027,0.0032,0.0035,0.0034
2024-08-29,50.6856,156.0186,SE,,0.0706,0.0615,0.0487,0.0367,0.0263,0.0097,0.0047,-0.0061,-0.0095,-0.0128,-0.0135,-0.0136,-0.0135,-0.0133,-0.0134,-0.0101,-0.004,-0.0048,-0.0067,-0.0102,-0.0077,-0.0096,-0.0087,-0.0073,-0.0062,-0.0055,-0.0054,-0.0051,-0.0048
2024-08-29,50.6856,156.0186,SO,,0.0115,0.0073,0.006,0.0059,0.0066,0.0059,0.0036,0.009,0.0081,0.0064,0.0051,0.0023,0.0003,0.0006,1e-04,0.0016,0.0003,0.0024,0.0031,0.0039,0.007,0.0049,0.0071,0.0038,0.0028,0.0004,-0.0056,-0.0106,-0.0159
2024-11-01,50.6883,156.0081,E,,0.0067,0.0051,0.0029,,,,,,,,,,,,,,,,,,,,,,,,,,
2024-11-01,50.6883,156.0081,N,0.0026,0.0025,0.0008,0.0006,0.0004,-0.0008,-0.0006,-0.0006,-0.0007,-0.0004,,,,0.0018,0.0023,0.0017,0.0005,-0.0007,-0.0014,-0.0006,-1e-04,-0.0003,,,,,,,,
2024-11-01,50.6883,156.0081,NE,,0.0067,0.0047,0.0021,0.0007,,,,,,,,0.0011,0.001,0.0013,0.0007,-0.0008,-0.0018,-0.0027,,,,,,,,,,,
2024-11-01,50.6883,156.0081,NO,,0.0073,0.0058,,,,,,,,,,,,,,,,,,,,,,,,,,,
2024-11-01,50.6883,156.0081,O,0.0079,0.0061,0.0061,0.0054,,0.004,0.0025,,,,,,,,,,,,,,,,,,,,,,,
2024-11-01,50.6883,156.0081,S,-0.0037,-0.0036,-0.0035,-0.0034,-0.0032,-0.0005,0.0015,0.0005,0.0024,-0.0002,-0.0015,-0.0016,-0.0018,-0.0008,0.0,-0.0008,-0.0008,-0.0009,-0.0015,-0.0011,-0.0003,-0.0003,0.0,0.0013,0.001,0.0013,0.0013,0.0011,0.001,
2024-11-01,50.6883,156.0081,SE,,0.0075,0.0055,,,,,,,,,,,,,,,,,,,,,,,,,,,
2024-11-01,50.6883,156.0081,SO,,-0.0009,-0.001,-0.0016,0.0003,0.0002,0.0007,-0.0002,0.0026,0.0024,0.0029,0.001,-0.0006,-0.0016,-0.0029,-0.0035,,,,,,,,,,,,,,
2025-03-01,50.6838,156.0138,E,,,,,0.0269,0.018,0.0093,0.0086,0.0075,0.013,0.0094,0.0027,-0.0126,-0.0183,-0.0233,-0.0202,-0.0271,-0.0224,-0.0129,-0.023,-0.0177,-0.0144,-0.0127,-0.0065,0.0039,0.0106,0.0093,0.0073,0.0159,0.0146
2025-03-01,50.6838,156.0138,N,,0.0255,,,,,,,0.0116,0.0069,0.0079,0.0093,-0.0016,-0.004,-0.0128,-0.0127,-0.0111,-0.0059,-0.0049,0.0024,0.0041,0.0135,,,0.0128,0.009,0.0044,0.0022,-0.0018,-0.008
2025-03-01,50.6838,156.0138,NE,,,,,,,0.0091,0.0079,-0.0004,-0.0009,-0.0036,0.0065,0.0064,0.0083,0.0029,0.0005,-0.0016,-0.0022,0.0021,0.0065,0.0101,0.0051,0.0057,0.0004,0.001,-0.003,,0.0004,-0.0025,-0.0074
2025-03-01,50.6838,156.0138,NO,0.0297,0.03,,,,,,0.0147,0.0114,0.0063,0.0024,-0.0046,,,,-0.014,-0.0099,-0.0027,-0.0006,0.0054,-0.0005,-0.0029,-0.0057,-0.008,-0.0107,-0.0065,-0.0016,0.0061,0.0091,0.0187
2025-03-01,50.6838,156.0138,O,0.033,0.0327,0.0307,,0.0248,0.0234,0.0201,0.0174,0.0151,0.0131,0.0107,0.0098,0.0059,0.0049,0.0,-0.0042,-0.0065,-0.0087,-0.0097,-0.01,-0.0103,-0.0103,-0.0061,-0.0106,-0.0108,-0.0108,-0.01,-0.0085,-1e-04,0.0067
2025-03-01,50.6838,156.0138,S,,,,,,0.0164,0.013,0.0095,0.0068,0.0059,0.0037,0.0044,0.0004,0.0008,0.002,0.0018,0.004,0.0002,0.0012,-0.0032,-0.0032,-0.0038,-0.0039,-0.0027,-0.0014,0.0015,0.0009,0.0013,0.0059,0.0052
2025-03-01,50.6838,156.0138,SE,,,,,,0.0297,0.0149,0.0067,0.0017,-0.0017,,,,,,,,,,,,,,,,,,,,
2025-03-01,50.6838,156.0138,SO,,0.0382,0.0337,0.0293,0.0253,0.0218,0.0175,0.0132,0.0106,0.008,0.0061,0.0069,0.0025,0.0015,0.001,0.0007,-0.0014,-0.0017,-0.0032,-0.0037,-0.0029,-0.0016,-0.0003,-0.0017,-0.0004,-0.0037,-0.003,-0.0017,0.0024,0.0044
2025-03-17,50.6823,156.0111,E,0.0022,,,,,,,,,,,,,0.0,0.0007,,,,,,,,,,,,,,,
2025-03-17,50.6823,156.0111,NO,,,,,,,,,,,,,,,-0.0013,,,0.0004,0.0005,0.0005,1e-04,-0.0002,-0.0003,-0.0,0.0002,,,,,
2025-03-17,50.6823,156.0111,O,0.0003,-0.0011,,,,,,-0.0009,-0.0004,-0.0006,0.0007,0.0011,-0.0005,-0.0012,-0.001,1e-04,,,,,,,,,,-0.002,,,,
2025-03-17,50.6823,156.0111,S,,0.0814,0.0752,0.0728,,,,,,,,,,,,,,,,,,,,,,,,0.0008,0.0003,0.0017
2025-03-17,50.6823,156.0111,SE,0.0089,,,,,,,,,,,,,0.0008,0.0016,,,,,,,,,,,,,,,
2025-03-17,50.6823,156.0111,SO,-0.0023,-0.0028,-0.0034,,,,,,0.0006,0.0009,0.0008,-0.0002,-0.001,-0.0013,0.0018,-0.0012,-0.0019,0.0023,-0.0022,-0.0005,0.0009,0.001,-1e-04,1e-04,0.0004,0.0002,-0.0007,-0.0006,-0.0007,0.003
2025-05-20,50.687,156.0182,E,,0.0325,0.0092,0.0063,0.0005,0.0053,-0.0023,-0.0028,-0.01,-0.0176,-0.0243,-0.0149,-0.0088,-0.0039,0.0041,0.0107,0.0088,0.0057,0.003,0.0017,0.0028,0.0011,-0.0032,-0.0103,-0.0128,-0.0107,-0.0089,-0.0049,0.0015,0.0029
2025-05-20,50.687,156.0182,N,0.1015,0.0647,0.0589,0.0469,0.0317,0.0269,0.0114,0.0078,0.0087,0.011,0.0139,0.0081,0.0015,0.0044,0.0021,-0.0026,-0.0049,-0.0048,-0.0058,-0.005,-0.0037,-0.0025,-0.002,-0.0028,-0.003,-0.0016,-0.0007,0.0002,0.0008,-0.0023
2025-05-20,50.687,156.0182,NE,,0.0725,0.0532,0.051,0.0371,0.0238,0.0155,0.0088,0.0119,0.0126,0.0188,0.0175,0.0158,0.0156,0.0125,0.0101,0.0059,0.0012,-0.0022,-0.0053,-0.0048,-0.0067,-0.0082,-0.0084,-0.0085,-0.0081,-0.0096,-0.0113,-0.0121,-0.0141
2025-05-20,50.687,156.0182,NO,,0.1006,0.0846,0.0823,0.058,0.0531,0.0323,0.0222,0.0118,0.0031,0.0008,-0.0004,-0.0005,-0.0003,-0.0007,-0.0012,-0.0014,-0.0019,-0.0017,-0.0017,-0.0019,-0.0021,-0.0023,-0.0024,-0.0023,-0.0024,-0.0023,-0.0009,-0.0015,-0.0021
2025-05-20,50.687,156.0182,O,,0.1213,0.094,0.0872,0.0754,0.0587,0.037,0.0194,0.0089,0.0033,0.0011,-0.0008,-0.0012,-0.0011,-0.0011,-0.0015,-0.0014,-0.0013,-0.001,-0.001,-0.0008,-0.0003,0.0003,0.0005,0.0007,0.0006,0.0002,-0.0002,-0.0006,-0.001
2025-05-20,50.687,156.0182,S,0.0943,0.0457,0.0207,0.0196,0.0072,0.0036,0.0025,0.0056,0.0215,0.0024,-0.0007,0.0106,0.0065,0.0011,0.0011,-0.0031,-0.0013,-0.0016,-0.0038,-0.0042,-0.0076,-0.0079,-0.0081,-0.007,-0.0055,-0.0018,0.0006,0.0033,0.0061,0.0076
2025-05-20,50.687,156.0182,SE,,0.039,0.0235,0.006,-0.0067,-0.0159,-0.0189,-0.0224,-0.0227,-0.0244,-0.0261,-0.0211,-0.0195,-0.0117,-0.0091,-0.0036,-0.0036,-0.0064,-0.0094,-0.0099,-0.0101,-0.0118,-0.0111,-0.0082,-0.0041,0.0002,0.0004,-0.0002,0.0023,0.0056
2025-05-20,50.687,156.0182,SO,,0.0729,0.0863,0.04,0.0224,0.0132,0.0128,0.0163,0.0178,0.0151,0.0137,0.016,0.0111,0.0097,-1e-04,-0.0076,-0.0081,-0.0079,-0.009,-0.0082,-0.0069,-0.0052,-0.0032,-0.0019,-0.0002,0.0019,0.0039,0.0059,0.0087,0.011
2025-06-13,50.6903,156.015,E,0.0228,0.0338,0.0405,0.0499,0.0424,0.0276,0.0098,-0.0028,-0.0068,-0.0106,-0.011,-0.0097,-0.0015,-0.0034,0.0013,-0.0201,-0.0149,0.0072,0.01,0.0031,-0.0167,-0.0086,,,,,,,,
2025-06-13,50.6903,156.015,N,0.1145,0.1069,0.1081,0.0993,0.1046,,,,,,,,,,,,,,,,,,,,,,,,,
2025-06-13,50.6903,156.015,NE,,0.0319,0.0429,0.0438,0.0498,0.0474,0.0232,0.0063,-0.0123,-0.0138,-0.0082,-0.0176,-0.0165,-0.0081,-0.0057,-0.0063,0.0146,,,,,,,,,,,,,
2025-06-13,50.6903,156.015,NO,0.1146,0.0835,0.0765,0.0635,0.0635,0.0528,,,,,,,,,,,,,,,,,,,,,,,,
2025-06-13,50.6903,156.015,O,,0.0765,0.0623,0.0684,0.0609,,,,,,,,,,,,0.0472,0.0422,-0.0076,0.0008,-0.0041,0.0005,-0.0078,-0.0105,-0.0097,-0.007,-0.0029,0.0012,0.0071,0.0078
2025-06-13,50.6903,156.015,S,,0.0741,0.0675,0.0574,0.0507,0.0364,0.0252,0.0238,0.0225,0.0221,0.0212,0.0179,0.0187,0.0098,0.0139,0.0015,-0.0016,0.0047,-0.0051,0.0103,-0.0047,-0.0004,-0.0045,-0.0091,-0.012,-0.0119,-0.0054,-0.0081,-0.011,-0.0085
2025-06-13,50.6903,156.015,SE,0.0488,0.048,0.0424,0.0349,0.0347,0.0222,0.0104,0.0006,-0.0124,-0.0112,0.0066,0.0085,0.0079,0.0097,-0.0065,-0.0029,0.0004,0.0004,0.0009,-0.001,-0.0015,-0.0003,0.0003,-0.0013,-0.0027,-0.0007,0.0017,0.0012,0.0022,0.002
2025-06-13,50.6903,156.015,SO,0.1029,0.087,0.0704,0.0692,0.0661,0.0623,0.0641,0.0643,0.0545,0.042,,,,,,,,,,0.0228,0.0153,0.0055,-0.0013,-0.0046,-0.0068,-0.0077,-0.0075,-0.0072,-0.0059,-0.0027
2025-11-04,50.6855,156.0207,E,,,,,,0.0021,0.0009,,,,,0.0017,0.0025,0.0018,0.0014,0.0013,0.0017,0.0012,0.0008,0.0005,-0.0018,-0.0036,-0.0061,-0.0053,-0.005,-0.0043,,,,
2025-11-04,50.6855,156.0207,N,-0.0044,-0.0033,-0.0041,-0.003,-0.0027,-0.0039,-0.0027,-0.0017,-0.0002,-0.0002,0.0,0.0028,,,,,,,,0.0019,0.0015,0.0013,0.0008,1e-04,-0.0015,-0.0025,-0.0033,,,
2025-11-04,50.6855,156.0207,NE,-0.0033,,-0.0012,0.0005,0.0018,0.0022,0.0019,0.0016,0.0003,0.0005,0.0009,0.0009,0.0009,0.0017,0.0024,0.0028,0.0027,0.0017,0.0005,0.0002,-0.0,0.0002,-0.0002,0.0002,-0.0013,-0.0005,-0.002,-0.0026,-0.0022,-0.0014
2025-11-04,50.6855,156.0207,NO,,-0.0057,-0.0057,,,,,,,,,,-0.0052,-0.0037,-0.0012,-0.0009,0.0021,0.0015,0.003,0.0011,0.002,0.0005,-0.0007,-1e-04,-0.0,-0.0017,-0.0032,-0.002,-0.0009,0.0006
2025-11-04,50.6855,156.0207,O,0.0,0.0,0.0,,,,,0.0,0.0,,,,,,,,,,,,,,,,,,,,,
2025-11-04,50.6855,156.0207,SE,0.0,,,,,,,,,,,,,,,,,,0.0,0.0,0.0,0.0,,,,,,,,
2025-11-04,50.6855,156.0207,SO,0.0,0.0,0.0,0.0,0.0,0.0,,,,,,,,,,,,,,,,,,,,,,,,
2025-11-28,50.6886,156.0188,E,,,0.0148,0.0117,0.0112,0.0108,0.0105,0.0084,0.0058,0.0046,0.0031,0.0012,0.0002,-0.0021,-0.0056,-0.0073,0.0015,-0.0,-0.0067,-0.0069,-0.0086,-0.0091,-0.0079,-0.0071,-0.0054,-0.0029,0.0,0.0015,0.0032,0.0046
2025-11-28,50.6886,156.0188,N,0.0279,0.0161,0.0111,0.0059,0.0003,-0.0019,-0.0052,-0.0064,-0.0085,-0.0094,-0.0088,-0.007,-0.0056,0.0002,0.001,0.0011,0.0007,-0.0029,-0.0073,-0.0072,-0.0043,-0.0032,-0.0026,-0.0022,-0.0018,0.0005,0.0011,0.0036,0.0045,0.0086
2025-11-28,50.6886,156.0188,NE,,0.0132,0.0065,0.0029,1e-04,0.0019,0.0029,0.0002,0.002,-0.0003,0.0005,-0.0011,-0.0004,0.002,0.0064,0.0081,0.0109,0.0129,0.0126,0.01,0.0084,0.0028,-0.0003,-0.0113,-0.0186,-0.0185,-0.017,-0.0218,-0.0229,-0.0242
2025-11-28,50.6886,156.0188,NO,,0.0197,0.0155,0.0096,0.0048,0.0031,0.0011,0.0014,0.0036,0.0068,0.0083,0.009,0.0093,0.0085,0.0079,0.0038,0.0033,-0.0011,-0.0025,-0.0043,-0.005,-0.0066,-0.0045,-0.0032,-0.0029,-0.0,0.0006,0.002,-0.0007,-0.0013
2025-11-28,50.6886,156.0188,O,,0.0235,0.0146,0.0095,0.0066,0.0082,0.0095,0.0103,0.0096,0.0085,0.0075,0.0063,0.006,0.003,0.0033,0.0023,0.001,0.0032,-0.0003,-0.0009,-0.0012,-0.001,-0.0025,-0.0013,0.0003,-0.0004,-0.0021,-0.0027,-0.0033,-0.0043
2025-11-28,50.6886,156.0188,S,0.0287,0.0208,0.0142,0.0139,0.0078,0.0053,0.0008,1e-04,-0.0006,-0.0004,-0.0,0.0004,-0.0003,0.0013,1e-04,-1e-04,-0.0005,-0.0017,-0.0032,-0.0032,-0.0031,-0.0021,-0.0013,-0.0005,0.0002,0.0015,0.0019,0.003,0.0034,0.0032
2025-11-28,50.6886,156.0188,SE,,-0.0037,-0.0072,-0.0105,-0.0138,-0.0165,-0.0136,-0.0119,-0.0058,1e-04,0.0101,0.0183,0.0147,0.0218,0.0125,0.0077,-0.003,-0.0095,-0.0107,-0.0124,-0.0125,-0.0137,-0.0117,-0.0095,-0.0075,-0.004,-0.0014,0.0039,0.0075,0.011
2025-11-28,50.6886,156.0188,SO,,,0.0078,0.0014,-0.0012,-0.005,-0.009,-0.011,-0.01,-0.0094,-0.0063,-0.0027,-0.0011,-0.0005,-0.002,-0.0026,-0.0056,-0.0021,0.005,0.0075,0.007,0.0076,0.0072,0.0063,0.0056,0.0022,0.0,-0.001,-0.0018,-0.0013
