date,center_lat,center_long,direction,15m,45m,75m,105m,135m,165m,195m,225m,255m,285m,315m,345m,375m,405m,435m,465m,495m,525m,555m,585m,615m,645m,675m,705m,735m,765m,795m,825m,855m,885m
2000-04-05,13.8132,-89.6291,E,0.0918,0.071,0.0495,0.0312,0.0377,0.052,0.0469,0.027,0.0176,0.0009,-0.0118,-0.0044,-0.0056,-0.0114,-0.0085,0.009,0.0282,0.0128,0.0136,-0.0002,-0.0013,0.0299,0.047,-0.0011,0.0411,-0.0239,0.0071,-0.037,-0.041,-0.0747
2000-04-05,13.8132,-89.6291,N,0.1467,0.1211,0.0994,0.0926,0.0652,0.0473,0.0493,0.0381,0.0293,0.0212,0.0269,0.007,-0.0005,-0.0136,-0.0158,-0.0142,-0.0198,-0.0165,-0.0117,-0.0103,-0.0068,-0.0041,-0.0038,-0.0041,-0.001,-0.0034,-0.0007,0.0059,-0.003,-0.0024
2000-04-05,13.8132,-89.6291,NE,,0.1588,0.1252,0.1069,0.0866,0.0629,0.0573,0.0475,0.0335,0.0342,0.0213,0.0106,0.0099,0.0033,-0.0028,0.0002,0.0071,0.009,0.0104,0.0138,0.0074,0.0133,0.0012,-0.0227,-0.023,-0.0191,-0.0347,-0.0223,-0.0048,-0.0237
2000-04-05,13.8132,-89.6291,NO,,0.0921,0.0884,0.0819,0.0779,0.0655,0.0575,0.0443,0.0258,0.0143,0.0059,0.0111,0.0086,0.0073,-0.001,-0.0079,-0.0094,-0.0147,-0.0033,-0.0051,-0.0126,-0.011,-0.0112,-0.0068,0.0034,0.0065,0.0086,0.0125,0.0174,0.0117
2000-04-05,13.8132,-89.6291,O,,0.0524,0.0436,0.0459,0.0485,0.0394,0.0231,0.0006,-0.0113,-0.009,-0.0133,0.0046,0.0107,0.0113,0.012,0.0056,0.0041,-0.0049,0.0054,0.0078,0.0045,0.0086,0.0125,0.0107,0.0148,0.0129,0.0076,0.0232,0.0221,0.0053
2000-04-05,13.8132,-89.6291,S,,0.0658,0.0583,0.057,0.0608,0.065,0.0539,0.0397,0.0186,-0.0004,0.0139,0.0039,-0.0203,-0.0236,0.0181,0.0082,0.0228,0.0173,0.0086,0.0162,0.0075,0.0014,-0.0022,-0.0014,-0.0032,-0.009,-0.0166,-0.0052,-0.012,-0.0136
2000-04-05,13.8132,-89.6291,SE,,0.1115,0.1051,0.1038,0.0996,0.0743,0.0683,0.0567,0.0553,0.0326,0.0135,-0.0065,-0.0152,-0.0071,-0.011,-0.0152,-0.0255,-0.0222,-0.0088,-0.0045,-0.0048,-0.0009,-0.0032,-0.0046,-0.0026,0.0032,0.003,-0.0093,-0.0053,-0.0085
2000-04-05,13.8132,-89.6291,SO,,-0.0054,-0.0098,-0.0055,0.0063,0.0123,-0.0059,-0.0102,0.0076,-0.0021,-0.0022,0.0021,0.0068,0.0161,0.0134,-0.0009,0.0037,0.0018,-0.0004,-0.0039,-0.0038,-0.002,-0.0032,0.0015,-0.0019,-0.0057,-0.0037,0.001,0.0065,0.0071
2000-11-15,13.8088,-89.6335,E,0.0607,0.0657,0.0547,0.0492,0.0341,0.0252,0.0365,0.0332,0.0323,0.0357,0.0272,0.0183,0.0157,0.0143,0.0209,0.0206,0.0108,-0.0118,-0.028,-0.0115,0.0109,0.002,0.0032,0.021,0.022,0.0042,0.0053,-0.0078,-0.0239,-0.0253
2000-11-15,13.8088,-89.6335,N,,0.1219,0.1173,0.1084,0.0921,0.069,0.0375,0.0358,0.0347,0.0233,0.0126,0.0059,0.0132,0.0281,0.0433,0.0469,0.0568,0.0482,0.0264,0.0075,-0.0115,-0.0347,-0.0411,-0.0359,-0.0199,-0.0202,-0.0153,-0.0149,-0.0229,-0.0243
2000-11-15,13.8088,-89.6335,NE,,0.1328,0.1199,0.1088,0.0991,0.0905,0.0787,0.0719,0.0604,0.0494,0.0369,0.0207,0.017,0.0045,-0.0115,-0.0154,-0.0116,-0.014,-0.0159,-0.0131,-0.0035,0.0098,0.0084,0.0121,0.0068,0.0048,1e-04,-0.0101,-0.0251,-0.022
2000-11-15,13.8088,-89.6335,NO,,-0.0269,-0.0233,-0.025,-0.0238,-0.0174,-0.0124,-0.0101,0.0153,0.0129,0.0143,0.017,0.0483,0.0316,0.0369,0.0604,0.0633,0.0371,0.02,0.0031,0.0008,-0.0119,-0.0186,-0.0176,-0.013,-0.0169,-0.0101,-0.0152,-0.0182,-0.0172
2000-11-15,13.8088,-89.6335,O,,-0.1582,-0.1462,-0.1295,-0.1133,-0.0967,-0.0838,-0.0647,-0.0448,-0.024,-0.0058,0.0113,0.0291,0.0393,0.0405,0.0501,0.0559,0.0444,0.0056,-0.0195,-0.0289,-0.0401,-0.0279,-0.026,-0.018,-0.0084,0.002,1e-04,0.0039,0.0077
2000-11-15,13.8088,-89.6335,S,-0.0456,-0.0494,-0.0642,-0.0421,-0.0015,0.0068,-0.0017,-0.0148,-0.005,-0.004,-0.0013,0.0044,0.0016,0.0006,0.0064,0.0104,0.0069,0.004,0.004,0.0103,0.0052,-0.0003,-0.0002,0.0062,0.0101,0.0091,0.0064,0.0003,0.0105,-0.0052
2000-11-15,13.8088,-89.6335,SE,,0.0421,0.0314,0.0046,0.0073,0.0789,0.0652,0.0529,0.0232,0.005,0.0088,0.0422,0.0374,0.0191,0.006,-0.0036,-0.0095,-0.0033,-0.028,-0.0192,-0.0133,-0.0192,-0.0099,-0.0015,-0.0052,0.0073,0.0004,-0.0072,-0.0045,-0.0018
2000-11-15,13.8088,-89.6335,SO,,-0.118,-0.1093,-0.1002,-0.0902,-0.0817,-0.0564,-0.0444,-0.0283,-0.0148,-0.0016,0.0121,0.0124,0.0297,0.027,0.0346,0.0457,0.0488,0.0382,0.0199,0.0037,-0.0117,-0.0353,-0.0276,-0.0369,-0.0208,-0.0197,-0.0086,-0.0033,0.0012
2001-02-19,13.8088,-89.6338,E,,0.0825,0.0653,0.0541,0.0373,0.021,0.0252,0.0317,0.0333,0.0358,0.0217,0.022,0.0169,0.013,0.0098,0.0018,-0.0098,-0.0191,-0.0127,0.0055,0.0135,0.0073,0.0014,0.0074,0.0039,-0.0025,-0.0069,-0.0116,-0.0173,-0.0211
2001-02-19,13.8088,-89.6338,N,,0.0493,0.0433,0.0348,0.029,0.0304,0.0297,0.0206,0.0166,0.0133,0.0097,0.014,0.0102,0.0124,0.0252,0.0309,0.0384,0.0414,0.0369,0.0129,-0.024,-0.0365,-0.0324,-0.0271,-0.0219,-0.0167,-0.0081,-0.0025,-0.0006,-0.0101
2001-02-19,13.8088,-89.6338,NE,,0.0705,0.0642,0.0511,0.0403,0.034,0.037,0.0361,0.04,0.032,0.0264,0.0262,0.0157,0.0183,0.0156,0.0017,-0.0051,-0.006,-0.0048,-0.012,-0.01,0.0026,-0.0035,0.0084,0.0022,0.0014,-0.0017,-0.0072,-0.0155,-0.017
2001-02-19,13.8088,-89.6338,NO,,-0.0463,-0.033,-0.0267,-0.0208,-0.0081,-0.0058,-0.003,-0.0016,0.0068,0.0112,0.0126,0.0337,0.0251,0.0282,0.0389,0.0467,0.0505,0.024,0.019,0.0044,-0.0109,-0.019,-0.0239,-0.0252,-0.019,-0.0066,-0.0037,-0.0034,-0.0097
2001-02-19,13.8088,-89.6338,O,,-0.1837,-0.1653,-0.1387,-0.1155,-0.0998,-0.0796,-0.062,-0.0503,-0.0332,-0.0182,0.0037,0.0212,0.0382,0.0445,0.0597,0.0621,0.049,0.0117,-0.0107,-0.0235,-0.0188,-0.011,-0.0174,-0.0205,-0.0218,-0.0172,-0.0213,0.0029,-0.0065
2001-02-19,13.8088,-89.6338,S,-0.0046,-0.0147,-0.003,0.0116,0.0054,-0.0066,-0.0174,-0.0142,-0.0239,-0.0152,0.0038,0.0039,-0.0006,-1e-04,-0.0003,-0.001,-0.0088,-0.0098,-0.0085,-0.0043,-0.0032,0.0019,0.0095,0.0186,0.0202,0.0154,0.0079,0.0119,0.0114,0.0068
2001-02-19,13.8088,-89.6338,SE,,0.031,0.0075,0.003,0.0278,0.0204,0.0112,-0.0034,-0.0154,-0.0087,0.017,0.0202,0.0091,0.0088,-0.0055,-0.007,-0.0043,-0.0123,-0.0106,0.022,0.0154,0.0148,0.0045,0.0067,0.0112,0.005,-0.0011,-0.0108,-0.014,-0.0097
2001-02-19,13.8088,-89.6338,SO,,-0.1,-0.0959,-0.0744,-0.0567,-0.0485,-0.0365,-0.0255,-0.0138,-0.0176,-0.0161,0.0065,-0.0156,0.0073,0.0208,0.0292,0.0348,0.0285,0.0157,0.0115,-0.0088,-0.0218,-0.0318,-0.0226,-0.0177,-0.0122,0.0009,-0.0084,-0.0035,0.0044
2001-03-07,13.8131,-89.6311,E,0.102,0.1001,0.074,0.0387,0.0237,0.0386,0.0275,0.0139,-0.0047,0.0016,-0.0179,-0.0141,-0.0211,-0.0103,-0.0089,-0.0041,0.0004,0.0147,0.0069,0.0007,0.0028,0.0108,0.0205,0.0315,0.0384,0.0272,0.0268,-0.0032,-0.0628,-0.1058
2001-03-07,13.8131,-89.6311,N,,0.0006,-0.0002,-0.0019,0.0107,0.0187,0.025,0.0198,0.0159,0.0249,0.0139,0.0125,0.0096,0.0168,0.011,0.0124,0.0076,0.0022,-0.0052,-0.0023,-0.0054,-0.0032,0.0024,-0.0079,-0.0115,-0.0041,0.0004,0.0082,0.003,-0.0013
2001-03-07,13.8131,-89.6311,NE,,-0.0647,-0.0338,-0.016,-0.0201,-0.0395,-0.0117,0.0041,0.0358,0.0278,0.0293,0.0178,0.0225,0.0103,0.0085,-0.0053,0.0042,0.0021,-0.0052,0.0157,0.0061,0.0115,-0.003,0.015,0.0135,0.0023,-0.0198,-0.015,-0.0385,-0.0284
2001-03-07,13.8131,-89.6311,NO,,-0.0137,-0.0119,-0.0177,-0.0188,-0.0109,-0.0071,0.0064,0.0114,0.0032,-0.0016,-0.0015,-0.0004,0.0036,-0.0069,-0.0055,-0.0063,-0.0018,-0.0033,-0.0015,-0.0064,-0.0076,-0.0054,-0.0006,0.0012,0.0025,-0.0004,-0.0078,-0.0065,0.0006
2001-03-07,13.8131,-89.6311,O,,0.0302,0.0183,-0.0054,-0.0177,-0.0189,-0.0231,-0.018,-0.0099,-0.0029,0.0046,0.0114,0.0074,-0.0,0.002,-0.0008,0.0008,0.0024,-0.0015,0.0033,0.0043,0.005,0.0038,-0.0004,0.0026,0.0058,0.0073,0.012,0.0113,0.0193
2001-03-07,13.8131,-89.6311,S,0.0559,0.0215,-0.0085,0.0142,0.0234,0.0085,0.0093,0.0191,0.0095,0.0011,0.0037,-0.0016,0.0021,-0.0043,0.0028,-0.0022,0.0084,0.0025,-0.0059,-0.0046,-0.0051,0.0002,0.0014,-0.0019,0.004,0.0047,-0.0003,-0.0059,-0.0121,-0.0029
2001-03-07,13.8131,-89.6311,SE,,0.1553,0.1076,0.0888,0.0768,0.0697,0.0451,0.0355,0.0256,0.0115,-0.0162,-0.014,-0.0117,-0.0097,-0.0077,-0.0074,-0.0063,-0.0051,-0.0028,-0.0012,-0.0008,0.0032,0.0042,0.0043,0.007,0.0085,0.0092,0.0057,0.0022,0.0023
2001-03-07,13.8131,-89.6311,SO,,0.0328,0.0163,0.0293,0.0303,0.0175,0.0129,0.0117,0.0203,0.0186,0.0171,0.0062,0.0088,0.0075,0.0023,-0.0076,-0.0125,-0.0063,-0.0012,-0.0002,-0.0025,-0.0039,-0.0051,-0.0035,-0.0028,0.0005,-0.0007,0.0085,0.0022,0.0069
2001-08-14,13.8132,-89.6286,E,0.1005,0.0872,0.0741,0.0413,0.0382,0.0509,0.0574,0.0558,0.0471,0.0274,0.0164,-0.0029,-0.0074,-0.0167,-0.0107,-0.0,0.0062,0.0103,0.0171,0.0106,0.0169,0.003,-0.0191,-0.0382,-0.0126,0.0069,-0.0048,-0.0105,-0.0168,-0.0454
2001-08-14,13.8132,-89.6286,N,0.0574,0.0545,0.0476,0.0478,0.0444,0.0413,0.039,0.0334,0.0154,0.0098,0.0052,0.0064,-0.0013,-1e-04,0.0006,-0.0117,-0.016,-0.0133,-0.008,1e-04,0.0033,-0.0006,-0.0049,-0.0076,-0.0017,0.0029,-0.0035,-0.0015,0.0055,0.0168
2001-08-14,13.8132,-89.6286,NE,,0.1357,0.127,0.1133,0.092,0.0706,0.0567,0.0482,0.0454,0.0293,0.0179,0.0177,0.0031,-0.0002,0.0074,0.0055,0.0077,0.0192,0.0137,0.0094,0.0056,-0.0089,-0.0486,-0.0319,-0.0299,-0.017,-0.0088,-0.0142,0.0037,0.0062
2001-08-14,13.8132,-89.6286,NO,,0.0081,0.0127,0.0271,0.0292,0.0298,0.0217,0.0126,0.0023,-0.0037,0.0087,0.0131,0.0065,0.0031,-0.0005,-0.0072,-0.0002,-0.0023,-0.0026,-0.0083,-0.0139,-0.0107,-0.0071,-0.0071,-0.0043,-0.004,0.0034,0.004,0.0098,0.0057
2001-08-14,13.8132,-89.6286,O,,0.0369,0.0404,0.0398,0.0428,0.0352,0.0227,0.0154,0.0101,0.0021,-0.0116,-0.0284,-0.0125,-0.0121,-0.0037,-0.0083,-0.002,-0.0005,-0.013,-0.0071,-0.0044,0.0061,-0.0018,0.0168,0.0172,0.0176,-0.0026,-1e-04,-0.011,-0.0053
2001-08-14,13.8132,-89.6286,S,,0.0801,0.0756,0.0662,0.0557,0.0473,0.0335,0.0316,0.0301,0.0153,-0.0075,0.0019,0.0244,0.0203,-0.0029,-0.0143,-0.0162,-0.0189,-0.0112,-0.0118,-0.0036,-0.0015,0.0027,0.0037,0.0041,0.0034,0.002,0.0002,-0.0081,-0.0129
2001-08-14,13.8132,-89.6286,SE,,0.1115,0.0964,0.0834,0.073,0.0863,0.0782,0.0849,0.0786,0.0757,0.0424,0.0383,0.0155,-0.008,-0.0181,-0.0204,-0.0252,-0.0347,-0.0349,-0.0328,-0.0198,-0.0155,-0.0127,-0.0058,-0.003,0.0037,0.0122,0.029,0.0301,0.024
2001-08-14,13.8132,-89.6286,SO,,0.0239,0.023,0.0205,0.009,0.0082,0.0029,0.0063,0.0096,-0.0075,0.0022,-0.0119,0.0023,-0.0043,0.0034,0.0039,0.0049,0.0017,0.0021,0.0076,0.0112,0.0145,0.0092,0.0065,0.0051,-0.0034,-0.0053,-0.0019,-0.0034,-0.0041
2002-01-05,13.8093,-89.631,E,,,,0.1046,,,,,,,,,0.0643,,,,-0.0005,,,,,,,,,,-0.0438,,,-0.0313
2002-01-05,13.8095,-89.6306,E,0.1519,0.1396,,,0.0843,0.0773,0.0598,0.0587,0.0462,,0.0654,0.0589,,,0.0518,0.035,,-0.0425,-0.0465,,-0.0145,-1e-04,-0.0087,-0.0081,,-0.0301,,-0.0626,-0.0632,
2002-01-05,13.8096,-89.6302,E,,,0.0971,,,,,,,0.0534,,,,0.0413,,,,,,-0.0206,,,,,-0.0174,,,,,
2002-01-05,13.8093,-89.631,N,,,,0.0739,,,,0.041,0.0375,,,0.0203,,,,0.009,,,,-0.0127,,,,,-0.0055,,,,,0.0046
2002-01-05,13.8095,-89.6306,N,0.0778,0.0738,0.0635,,0.0701,,0.0657,,,,0.0124,,0.0114,0.0111,0.012,,0.0049,,-0.0106,,-0.0119,,-0.0181,-0.0096,,,,0.0107,-0.0067,
2002-01-05,13.8096,-89.6302,N,,,,,,0.0581,,,,0.0276,,,,,,,,-0.0031,,,,-0.0171,,,,-0.0103,0.0011,,,
2002-01-05,13.8093,-89.631,NE,,,0.04,,0.0042,,,,,,,0.0408,,0.0736,,,0.026,,0.0075,,0.0111,,,,-0.0139,,,-0.0324,,
2002-01-05,13.8095,-89.6306,NE,,,,,,-0.0025,0.0068,0.0135,,0.0295,0.0269,,,,0.0584,,,,,,,0.0031,-0.0105,-0.0009,,,,,,-0.0479
2002-01-05,13.8096,-89.6302,NE,,0.0287,,0.0098,,,,,0.0202,,,,0.0489,,,0.0512,,0.0159,,0.0078,,,,,,-0.0316,-0.0416,,-0.0423,
2002-01-05,13.8093,-89.631,NO,,,,,,,,,,,0.0147,,,,,,-0.0245,-0.023,,-0.0191,-0.0073,,,-0.013,,-0.0127,,,,0.0234
2002-01-05,13.8095,-89.6306,NO,,0.0104,,0.0299,0.0422,0.0531,0.0582,0.0458,,0.0492,,0.0252,0.0226,,-0.0174,,,,,,,0.006,,,-0.0156,,,0.0088,0.0196,
2002-01-05,13.8096,-89.6302,NO,,,0.0743,,,,,,0.0563,,,,,-0.0074,,-0.0239,,,-0.0207,,,,-0.0113,,,,-0.007,,,
2002-01-05,13.8093,-89.631,O,,,,,,,,,,,,,,,0.0489,,,,,0.0006,-0.0103,,,,,,-0.0015,,,0.007
2002-01-05,13.8095,-89.6306,O,,-0.1719,-0.1555,-0.1393,-0.1212,-0.1011,-0.0799,-0.0575,-0.041,,-0.0151,-0.0006,0.0164,0.0303,,,0.0569,,0.0069,,,,-0.0197,-0.0186,-0.0087,,,,0.0083,
2002-01-05,13.8096,-89.6302,O,,,,,,,,,,-0.0304,,,,,,0.0562,,0.0346,,,,-0.0095,,,,-0.0103,,0.0038,,
2002-01-05,13.8093,-89.631,S,,,,0.0235,,,0.0175,,,0.0032,0.0014,,,0.0105,,,,0.0054,,,,0.0048,0.0041,,,0.0015,-0.0035,,,
2002-01-05,13.8095,-89.6306,S,,0.0101,,,0.0179,0.0138,,,,,,,,,0.0125,0.008,,,0.0081,,,,,,,,,,-0.0066,-0.0115
2002-01-05,13.8096,-89.6302,S,,,0.0044,,,,,0.0221,0.0128,,,-0.0056,-0.0062,,,,-0.0003,,,0.0049,0.0031,,,0.0009,0.0052,,,-0.0033,,
2002-01-05,13.8093,-89.631,SE,,,0.1238,,,,,0.0724,,,,0.0408,,,,,,-0.0066,,,-0.014,,-0.0052,,,,,0.007,,
2002-01-05,13.8095,-89.6306,SE,,0.126,,0.1164,0.1066,0.0913,0.0843,,0.0631,0.062,0.0502,,0.0279,0.0095,0.0057,-0.0015,-0.0039,,,-0.03,,,,,0.0144,,0.0058,,,0.0036
2002-01-05,13.8096,-89.6302,SE,,,,,,,,,,,,,,,,,,,-0.0238,,,-0.0108,,0.0155,,0.0121,,,0.011,
2002-01-05,13.8093,-89.631,SO,,,-0.0992,,,-0.0677,,,,-0.0274,,-0.0161,,-0.0007,0.0067,,0.0155,,0.0339,,,0.0332,,,,0.0012,,-0.0187,-0.0339,
2002-01-05,13.8095,-89.6306,SO,,-0.1074,,,-0.0771,,,-0.0458,-0.0407,,,,,,,,,,,,,,0.0216,,0.0139,,,,,
2002-01-05,13.8096,-89.6302,SO,,,,-0.0905,,,-0.0505,,,,-0.0219,,-0.0132,,,0.0091,,0.0254,,0.0349,0.0366,,,0.0218,,,-0.0109,,,-0.0388
2002-06-30,13.8148,-89.6294,E,,,,,,,,,,,,,,,0.0344,,,,,,,,,,-0.031,,,,,
2002-06-30,13.8149,-89.6294,E,0.1157,0.0986,0.0782,0.0529,0.0411,0.022,0.0098,0.0089,0.0173,0.0313,0.0321,0.0437,0.0387,,,0.034,0.039,0.0391,0.0466,0.0296,0.0067,-0.0124,,-0.0324,,-0.0173,-0.0088,-0.0142,-0.0566,-0.0377
2002-06-30,13.815,-89.6294,E,,,,,,,,,,,,,,0.0315,,,,,,,,,-0.0162,,,,,,,
2002-06-30,13.8148,-89.6294,N,,,,,,,,,,,,,,,,,,,,,-0.0051,,0.0089,,,,,,-0.0267,
2002-06-30,13.8149,-89.6294,N,0.1132,0.0871,0.0744,0.0403,0.0271,0.0154,0.0115,0.0059,0.0088,0.0136,0.0102,0.0107,0.0041,-0.0142,-0.0054,0.0137,0.009,0.0139,0.007,0.0006,,,,,-0.0043,-0.0103,-0.0259,-0.0331,,
2002-06-30,13.815,-89.6294,N,,,,,,,,,,,,,,,,,,,,,,0.0018,,-0.0048,,,,,,-0.0122
2002-06-30,13.8148,-89.6294,NE,,,,,,,,,,,0.0229,,,,,,,,,,,,,,,,,,,
2002-06-30,13.8149,-89.6294,NE,,0.1731,0.1383,0.1174,0.0906,0.0751,0.0661,0.0495,0.0378,0.0289,,,0.0186,0.0243,0.031,0.0339,0.0237,0.0075,0.0103,0.0166,-0.0034,-0.0182,-0.022,-0.0281,-0.0157,-0.0197,-0.0399,-0.0218,-0.028,-0.0239
2002-06-30,13.815,-89.6294,NE,,,,,,,,,,,,0.0227,,,,,,,,,,,,,,,,,,
2002-06-30,13.8148,-89.6294,NO,,,,,,,,,,,,0.0072,,,,,-0.0011,,,,,,,,,-0.0026,,,,
2002-06-30,13.8149,-89.6294,NO,,-0.0201,-0.0414,-0.0451,-0.0419,-0.0278,-0.0113,-0.0155,-0.014,-0.0017,0.0039,,,0.0084,0.006,0.002,,,-0.0026,-0.0019,-0.0063,-0.01,-0.0027,-0.0057,-0.0083,,-0.0011,,0.0098,0.0137
2002-06-30,13.815,-89.6294,NO,,,,,,,,,,,,,0.0144,,,,,-0.0004,,,,,,,,,,0.0062,,
2002-06-30,13.8148,-89.6294,O,,,,,,,,,,,,,,,,,-0.0103,,,,,,,0.0046,,,,,,
2002-06-30,13.8149,-89.6294,O,,0.0527,0.0368,0.0356,0.0376,0.0381,0.0308,0.0302,0.0235,0.0161,0.0253,0.0042,0.0071,0.0043,-0.0011,-0.0077,,-0.0211,-0.0138,-0.0096,-0.006,0.0017,0.0045,,,0.0185,0.0229,0.0236,0.022,0.0218
2002-06-30,13.815,-89.6294,O,,,,,,,,,,,,,,,,,,,,,,,,,0.0117,,,,,
2002-06-30,13.8148,-89.6294,S,,,,,,,,,,,,,-0.0236,,,,-0.0057,,,,0.01,,,,,,,,,
2002-06-30,13.8149,-89.6294,S,,0.1134,0.1014,0.0968,0.0807,0.064,0.0461,0.0251,0.0076,0.0066,0.002,,,-0.0308,-0.0229,,,-0.0008,0.004,,,0.0205,0.0202,0.0223,-0.011,-0.0101,-0.0103,-0.0079,-0.0203,-0.0247
2002-06-30,13.815,-89.6294,S,,,,,,,,,,,,-0.0105,,,,-0.0143,,,,0.0048,,,,,,,,,,
2002-06-30,13.8148,-89.6294,SE,,,,,0.0457,,,,,,,,,-0.0049,,,0.0254,,,0.0441,,,,,,,,,,
2002-06-30,13.8149,-89.6294,SE,,0.0871,0.0712,,,0.0279,0.0037,-0.0086,-0.0262,-0.0238,-0.0345,-0.0285,,,0.0102,,,,0.0379,,0.0492,0.0452,0.0457,0.0383,0.0213,-0.0029,-0.0353,-0.0523,-0.0626,-0.0537
2002-06-30,13.815,-89.6294,SE,,,,0.0475,,,,,,,,,-0.0144,,,0.0233,,0.0368,,,,,,,,,,,,
2002-06-30,13.8148,-89.6294,SO,,,,,,,,,,,,,,,,,,,,,,,,-0.0026,,,,,,
2002-06-30,13.8149,-89.6294,SO,,0.0609,0.0596,0.0621,0.0598,0.043,0.0277,0.0152,0.007,0.0182,-0.0085,-0.009,0.0105,0.0078,-0.0012,-0.0012,-0.0081,-0.0067,0.0021,-0.0017,-0.0005,,-0.0022,,0.0016,0.0033,-0.003,0.0004,-0.003,-0.0007
2002-06-30,13.815,-89.6294,SO,,,,,,,,,,,,,,,,,,,,,,-0.0027,,,,,,,,
2002-10-20,13.8088,-89.6333,E,,,,,,,,,,,,-0.0024,,,,0.0159,,,,,,,,0.0031,,,,,,
2002-10-20,13.8088,-89.6331,E,0.0409,0.0297,0.0224,0.0209,0.0179,0.0147,0.0143,0.016,0.0165,,0.0011,,,0.0103,0.0174,,0.0123,0.0078,-0.0041,-0.0022,,0.0059,,,0.0021,-0.0011,-0.0029,-0.0042,,-0.012
2002-10-20,13.8088,-89.633,E,,,,,,,,,,0.0079,,,-0.0031,,,,,,,,0.004,,0.0032,,,,,,-0.0066,
2002-10-20,13.8088,-89.6333,N,,,,0.0388,,,0.0436,,,,0.0179,,,,0.0351,,,,-0.0353,,,,-0.0189,,,,-0.004,,,-0.0078
2002-10-20,13.8088,-89.6331,N,,0.0581,,,0.0394,,,0.0338,0.0262,,,0.0149,0.024,,,0.0212,0.0092,,,-0.0349,-0.0313,,,-0.0153,-0.0107,,,-0.0055,,
2002-10-20,13.8088,-89.633,N,,,0.0473,,,0.0404,,,,0.0219,,,,0.0321,,,,-0.0215,,,,-0.0218,,,,-0.0089,,,-0.008,
2002-10-20,13.8088,-89.6333,NE,,,,,,,,-0.0026,,,,,-0.0217,,,-0.008,,,,,0.0224,,,,0.0108,,,,-0.0078,
2002-10-20,13.8088,-89.6331,NE,,0.0593,0.0418,0.0316,0.0228,0.0139,,,-0.0103,-0.0154,-0.0273,,,,-0.0131,,0.0005,,0.0121,0.0166,,0.0313,0.0266,0.0257,,0.0082,0.0003,,,-0.0107
2002-10-20,13.8088,-89.633,NE,,,,,,,0.0047,,,,,-0.0261,,-0.0204,,,,0.004,,,,,,,,,,-0.0053,,
2002-10-20,13.8088,-89.6333,NO,,,,,,,,,,,,0.0095,,,0.0292,,,,0.0289,,,,,,-0.0077,,,,-0.0187,
2002-10-20,13.8088,-89.6331,NO,,-0.0599,-0.0531,-0.0474,-0.0388,-0.0263,-0.0192,-0.0112,0.007,0.0025,,,0.0176,,,0.0545,0.0443,,,0.0076,0.0062,-0.0034,-0.0093,,,-0.011,-0.0176,,,-0.0096
2002-10-20,13.8088,-89.633,NO,,,,,,,,,,,0.0011,,,0.0261,,,,0.0414,,,,,,-0.012,,,,-0.0127,,
2002-10-20,13.8088,-89.6333,O,,,,,,,,,,,,,,,,,0.0539,,,,,,,,,,,,,
2002-10-20,13.8088,-89.6331,O,,-0.1294,-0.1119,-0.0986,-0.092,-0.0821,-0.0712,-0.0606,-0.0462,-0.0293,-0.0106,0.0065,0.0173,0.029,0.0299,0.0455,,0.0446,0.0097,-0.0061,-0.0175,-0.0221,,,,,,,,
2002-10-20,13.8088,-89.633,O,,,,,,,,,,,,,,,,,,,,,,,-0.0219,-0.013,-0.0095,-0.0055,-0.0026,-0.0009,-0.0051,-0.0053
2002-10-20,13.8088,-89.6333,S,,,-0.0407,,,,-0.014,,,,-0.0158,,,,0.002,,,,0.0034,,,,,,,,,,,0.0184
2002-10-20,13.8088,-89.6331,S,-0.0229,-0.0286,,,-0.0275,,,,-0.0195,-0.015,,,0.0026,0.006,,,0.0063,0.0073,,,0.0032,0.0064,0.0069,0.0064,0.0108,0.0135,0.0156,0.0129,0.0171,
2002-10-20,13.8088,-89.633,S,,,,-0.0367,,-0.0199,,-0.0173,,,,-0.0069,,,,0.0045,,,,-0.0009,,,,,,,,,,
2002-10-20,13.8088,-89.6333,SE,,,,,,-0.0083,,,,,,,0.0113,,,-0.001,,,,-0.0026,,,,,,,,,,
2002-10-20,13.8088,-89.6331,SE,,0.0147,0.0064,-0.0045,-0.0117,,0.009,0.0142,0.0207,0.0071,-0.011,-0.0075,,,0.0105,,,1e-04,-0.0011,,,0.0105,0.0059,0.0061,-0.0006,-0.0037,0.0011,-0.0021,-0.0071,-0.0046
2002-10-20,13.8088,-89.633,SE,,,,,,,,,,,,,,0.0167,,,0.0028,,,,0.0031,,,,,,,,,
2002-10-20,13.8088,-89.6333,SO,,,,,,,-0.0477,,-0.0253,,,0.0041,,0.0198,,0.0196,,,,,,,,,,,,,,
2002-10-20,13.8088,-89.6331,SO,,-0.0846,-0.0708,-0.0678,-0.0582,-0.057,,,,-0.0196,,,,,,,0.0291,,0.0318,0.0264,,,,,,,,,,
2002-10-20,13.8088,-89.633,SO,,,,,,,,-0.039,,,-0.0104,,0.0189,,0.0193,,,0.0347,,,0.0203,0.0057,-0.0049,-0.019,-0.0269,-0.0324,-0.0272,-0.0212,-0.0127,-0.0139
2003-04-14,13.8132,-89.6289,E,,,,,,0.0714,,0.0406,,,,,-0.0294,,,-0.0105,,0.0037,,,,,0.0379,,,,,,-0.0648,
2003-04-14,13.8133,-89.6292,E,0.1232,0.1034,,0.0683,0.0694,,,,0.0145,-0.0006,,-0.0236,,-0.0297,-0.0235,,,,,0.0241,0.0367,0.0596,,,,,-0.0247,-0.0388,,
2003-04-14,13.8134,-89.6294,E,,,0.0881,,,,0.0596,,,,-0.0118,,,,,,0.0059,,-0.0027,,,,,0.0146,-0.0068,-0.0199,,,,-0.0729
2003-04-14,13.8132,-89.6289,N,,,,,0.0501,,0.0621,,0.038,,0.0225,,0.0058,,0.0062,,-0.0093,,,,-0.0003,,,-0.008,,,-0.0033,0.001,,
2003-04-14,13.8133,-89.6292,N,0.1061,0.0863,0.0785,0.0633,,,,,,,,,,,,,,,-0.0056,-0.0051,,,-0.0057,,-0.0096,-0.0096,,,,
2003-04-14,13.8134,-89.6294,N,,,,,,0.0546,,0.0545,,0.0378,,0.0214,,0.0027,,-0.0028,,-0.0176,,,,-0.003,,,,,,,0.0021,0.0125
2003-04-14,13.8132,-89.6289,NE,,,,,,0.0987,,,,,,0.0229,,,0.0098,,,,0.0048,,-0.0088,-0.0168,,,-0.0219,,-0.0187,,-0.0055,
2003-04-14,13.8133,-89.6292,NE,,0.1704,0.1545,0.1374,0.1159,,,,0.0567,0.0525,0.03,,0.0145,,,,,0.0023,,,,,,-0.0513,,,,,,
2003-04-14,13.8134,-89.6294,NE,,,,,,,0.0842,0.0695,,,,,,-0.001,,-0.0005,0.0046,,,-0.0,,,-0.0197,,,-0.0112,,-0.0116,,-0.0091
2003-04-14,13.8132,-89.6289,NO,,,,,,,,,,,,0.0025,,,,,-0.0009,,,,-0.0067,-0.0034,,-0.0057,,,,0.0014,,
2003-04-14,13.8133,-89.6292,NO,,0.0064,0.0118,0.0143,,0.0229,0.0249,0.0234,0.0161,0.0098,0.0057,,,0.0114,0.0074,0.0016,,-0.0054,,-0.0011,,,,,,-0.0009,,,0.0072,
2003-04-14,13.8134,-89.6294,NO,,,,,0.0146,,,,,,,,0.0084,,,,,,-0.0029,,,,-0.0077,,-0.0033,,0.002,,,0.0066
2003-04-14,13.8132,-89.6289,O,,,,,0.0183,,,,,,,,,,,,,0.0039,,,,,,,0.0314,,0.017,,,
2003-04-14,13.8133,-89.6292,O,,0.0322,0.0293,0.0185,,0.0197,0.0148,0.0097,-0.0052,-0.0069,-0.0141,-0.0298,-0.0214,-0.0143,-0.0018,-0.0081,,,0.0091,0.0126,0.0169,0.0259,0.0327,,,0.0235,,,0.0214,
2003-04-14,13.8134,-89.6294,O,,,,,,,,,,,,,,,,,-0.0072,,,,,,,0.0345,,,,0.0206,,0.0023
2003-04-14,13.8132,-89.6289,S,,,,,,,0.0813,,0.0371,,0.0022,,-0.005,,-0.014,,-0.0128,,-0.0046,,,,,,,-0.001,,,,
2003-04-14,13.8133,-89.6292,S,,0.129,0.117,,0.0985,,,0.0606,,,,,,,,,,,,,0.0076,0.0074,0.016,0.0115,0.0094,,-0.0061,-0.0071,-0.0158,-0.0159
2003-04-14,13.8134,-89.6294,S,,,,0.1106,,0.0882,,,,0.0143,,0.021,,-0.0108,,-0.0139,,-0.0081,,0.0034,,,,,,,,,,
2003-04-14,13.8132,-89.6289,SE,,,0.1328,,,,,0.0683,,0.0196,-0.0018,,,,-0.0149,,,,-0.0056,,,,,,0.0103,,,,-0.009,-0.0244
2003-04-14,13.8133,-89.6292,SE,,0.1542,,0.1293,0.1156,0.0956,,,,,,-0.011,-0.0159,,,-0.0121,-0.0082,,,-0.0015,-0.0003,0.0051,,,,0.0116,0.0116,,,
2003-04-14,13.8134,-89.6294,SE,,,,,,,0.0839,,0.0375,,,,,-0.017,,,,-0.0145,,,,,0.003,0.0074,,,,1e-04,,
2003-04-14,13.8132,-89.6289,SO,,,,,,,-0.0007,,,-0.0046,,,,0.0016,,,,0.0148,,0.0172,,,,,,0.0029,,-0.0145,,
2003-04-14,13.8133,-89.6292,SO,,0.0251,0.0182,0.0176,0.0093,,,,,,,-0.0186,-0.006,,,,0.0134,,,,0.0174,0.0204,0.0211,0.0158,,,,,,-0.0219
2003-04-14,13.8134,-89.6294,SO,,,,,,0.0111,,-0.0214,-0.0066,,-0.0185,,,,0.0091,0.0116,,,0.0169,,,,,,0.0096,,-0.0053,,-0.0198,
2013-08-07,13.8121,-89.6286,E,0.1158,0.1031,0.0976,0.0914,0.0833,0.0866,0.0607,0.049,0.0332,0.0404,0.0383,0.0306,0.0305,0.0146,0.0098,-0.0053,-0.0073,-0.008,-0.0071,-0.0003,0.0088,0.0095,0.0078,-0.003,-0.016,-0.0346,-0.0353,-0.0245,-0.0073,-0.0006
2013-08-07,13.8121,-89.6286,N,0.0813,0.083,0.0716,0.0614,0.0494,0.0364,0.0355,0.0269,0.0272,0.0199,0.0083,0.006,0.0052,0.0045,0.0056,0.0035,-0.0002,0.0009,0.0006,-0.0004,-0.0036,-0.0011,-0.0018,-0.0022,-0.0087,-0.0067,-0.0036,-0.007,-0.0062,-0.0086
2013-08-07,13.8121,-89.6286,NE,,0.135,0.1247,0.1169,0.1104,0.0953,0.0859,0.0757,0.0597,0.0511,0.0365,0.0293,0.0266,0.0271,0.0202,0.0082,-0.0054,-0.0085,-0.0012,-0.0037,-0.0007,0.0012,-0.0328,-0.044,-0.0495,-0.0348,-0.0132,0.0055,0.014,0.0151
2013-08-07,13.8121,-89.6286,NO,,0.0283,0.0284,0.0209,0.0173,0.0119,0.0067,0.0051,0.0057,0.0048,0.0014,0.0038,-1e-04,-1e-04,0.0047,0.0044,0.0061,0.0092,0.0038,0.0059,0.0065,0.0085,0.0076,0.0032,0.0033,0.003,-0.0004,-0.0024,-0.007,-0.008
2013-08-07,13.8121,-89.6286,O,,0.0444,0.0427,0.0298,0.0275,0.0133,-0.0062,-0.0116,-0.0118,-0.0148,-0.0181,-0.0084,-0.0006,0.0078,0.0031,0.0049,0.003,0.0061,0.0018,-0.0014,0.0004,0.0013,-0.0046,-0.0029,-0.0004,0.003,0.0057,0.0036,-0.0028,-0.0043
2013-08-07,13.8121,-89.6286,S,,0.078,0.0787,0.0693,0.0629,0.0575,0.0486,0.0436,0.0298,0.0247,0.02,0.0078,-0.0021,-0.0035,-0.0142,-0.0119,-0.0186,-0.0089,-0.0039,-0.0058,-0.006,-0.0064,-0.0066,-0.0044,-0.0051,-0.0076,-0.0053,-0.0003,0.0025,0.0032
2013-08-07,13.8121,-89.6286,SE,,0.0878,0.0843,0.0784,0.0713,0.0713,0.0665,0.0667,0.0608,0.0508,0.0493,0.0259,0.0046,0.0204,0.0136,-0.0057,-0.0245,-0.0191,-0.02,-0.0212,-0.0259,-0.0191,-0.0139,-0.0075,-0.0043,0.0048,0.0055,0.0172,0.0205,0.0245
2013-08-07,13.8121,-89.6286,SO,,0.006,0.0086,0.0095,0.0075,0.0361,0.0217,0.0058,0.0041,-0.0209,-0.0042,0.0028,0.0016,-0.0014,0.0116,0.0079,0.0029,0.0093,0.0079,0.0061,0.0056,0.0011,-0.0037,-0.0054,-0.0036,-0.004,-0.004,-0.0026,-0.002,0.0
2013-10-10,13.8091,-89.631,E,0.114,0.104,0.0903,0.0854,0.0777,0.0629,0.0542,0.046,0.0373,0.0309,0.0277,0.0291,0.0266,0.0166,0.0123,0.0072,0.0144,0.0136,-0.0139,-0.0252,-0.0067,-0.0073,0.0008,-0.0003,-0.0062,-0.0101,-0.0194,-0.021,-0.028,-0.0407
2013-10-10,13.8091,-89.631,N,0.0228,0.0286,0.029,0.0522,0.0753,0.0784,0.0749,0.0775,0.0484,0.0268,-0.0061,0.0016,0.0029,0.0096,0.0119,0.0168,0.0195,0.0178,0.014,0.0105,0.0025,-0.0041,-0.0176,-0.0166,-0.0245,-0.0246,-0.0288,-0.0134,-0.0188,-0.0193
2013-10-10,13.8091,-89.631,NE,,0.0978,0.0853,0.0645,0.0499,0.0519,0.0427,0.0484,0.0375,0.0121,0.004,0.0106,0.0242,0.0338,0.0353,0.0422,0.0401,0.0442,0.0316,0.025,0.0134,0.0079,0.0029,0.0009,-0.0039,-0.017,-0.0256,-0.0431,-0.0636,-0.0653
2013-10-10,13.8091,-89.631,NO,,-0.0607,-0.0505,-0.0327,-0.0145,-0.0022,0.0166,0.0296,0.0435,0.0469,0.0361,0.0293,0.0175,0.0048,-0.0046,-0.0174,-0.0235,-0.0214,-0.0142,-0.0137,-0.0073,-0.0043,-0.0025,-0.0048,-0.0033,-0.0045,-0.0082,0.0003,0.0123,0.0026
2013-10-10,13.8091,-89.631,O,,-0.1321,-0.1202,-0.1063,-0.0895,-0.0726,-0.0558,-0.0388,-0.0235,-0.0101,0.0022,0.0114,0.0185,0.0251,0.0284,0.03,0.0288,0.0139,-0.0061,-0.0064,-0.0069,-0.0147,-0.0201,-0.0137,-0.0089,-0.0091,-0.0025,-0.0049,-0.0031,0.0022
2013-10-10,13.8091,-89.631,S,,-0.0083,-0.0143,-0.0055,0.0055,0.0054,0.0082,0.0085,0.0006,-0.0091,-0.0143,-0.013,0.0011,0.0266,0.0091,-0.0068,-0.0076,-0.0037,0.0104,0.0121,0.0153,0.0076,0.0105,0.011,0.0074,0.0033,-0.0062,-0.0047,-0.0095,-0.0141
2013-10-10,13.8091,-89.631,SE,,0.0483,0.0385,0.0312,0.0384,0.0378,0.0405,0.0346,0.0295,0.0175,0.008,0.0032,0.0051,0.0136,0.0117,0.0048,-0.0026,-0.0029,-0.0011,-0.0096,-0.01,-0.0006,0.0016,0.0039,0.0066,0.0013,-0.004,-0.0026,-0.0017,-0.0007
2013-10-10,13.8091,-89.631,SO,,-0.0454,-0.0433,-0.0434,-0.0422,-0.0447,-0.0388,-0.0361,-0.0293,-0.0183,-0.0117,-0.0049,0.0005,0.0086,0.0161,0.0164,0.032,0.0315,0.0344,0.026,0.0218,0.0209,0.0099,0.0096,-0.001,-0.0049,-0.0101,-0.0149,-0.0226,-0.0293
2013-12-13,13.8088,-89.6316,E,0.0914,0.0905,0.0845,0.0864,0.0753,0.0696,0.0565,0.047,0.0401,0.0352,0.0344,0.0359,0.038,0.028,0.0143,0.0084,-0.0046,0.0208,-0.0248,-0.0614,-0.034,-0.0096,-0.0006,-0.0034,-0.0047,-0.0013,-0.0021,-0.0165,-0.0201,-0.0456
2013-12-13,13.8088,-89.6316,N,0.0975,0.1044,0.0882,0.0885,0.0766,0.0677,0.0687,0.0709,0.061,0.0531,0.0299,0.0228,0.0111,-0.0085,-0.0101,-0.0233,-0.0167,-0.0129,-0.0069,-0.0098,-0.0129,-0.0119,-0.0135,-0.0162,-0.0126,-0.013,-0.0106,-0.0047,0.0092,0.0062
2013-12-13,13.8088,-89.6316,NE,,0.0963,0.0899,0.0806,0.0642,0.0423,0.0343,0.0163,0.0094,0.0077,-0.0073,-0.0007,0.0038,0.003,0.0141,0.027,0.0236,0.0253,0.0383,0.0152,0.0103,-0.0003,-0.0078,-0.0152,-0.0036,-0.006,-0.0026,-0.0156,-0.0301,-0.0335
2013-12-13,13.8088,-89.6316,NO,,-0.0165,-0.0015,0.0061,0.009,0.0104,0.0266,0.0175,0.0423,0.0375,0.0188,0.0209,0.0239,-0.011,-0.0003,0.0041,0.0085,-0.0021,-0.0208,-0.0331,-0.0154,-0.0089,-0.0083,-0.0083,-0.0053,-0.0074,-0.0129,-0.0013,0.0143,0.0201
2013-12-13,13.8088,-89.6316,O,,-0.1697,-0.1483,-0.127,-0.1071,-0.0871,-0.0717,-0.0542,-0.0351,-0.0158,0.0021,0.018,0.0313,0.0395,0.0382,0.0309,0.0386,0.0334,0.0038,-0.0005,-0.0064,-0.0162,-0.016,-0.0129,-0.013,-0.0088,-0.0031,-0.0019,0.006,0.0101
2013-12-13,13.8088,-89.6316,S,,0.012,0.0306,0.0212,0.0111,0.0056,0.0027,-0.0031,-0.012,-0.0238,-0.0034,0.0219,0.0292,0.0191,0.0116,0.0059,0.0105,0.0154,0.0181,0.0194,0.0123,0.014,0.0138,0.0106,0.0044,0.0014,0.0058,0.0007,-0.0037,-0.0073
2013-12-13,13.8088,-89.6316,SE,,0.0949,0.0996,0.0935,0.0844,0.0733,0.0654,0.0584,0.0506,0.0398,0.0334,0.0448,0.0449,0.0247,0.0107,1e-04,0.002,0.0227,-0.01,-0.0262,-0.019,-0.0148,-0.0095,-0.0018,-0.005,-0.002,0.005,0.0101,0.0157,0.0093
2013-12-13,13.8088,-89.6316,SO,,-0.113,-0.0979,-0.0795,-0.0722,-0.067,-0.0546,-0.047,-0.0268,-0.0186,-0.0212,-0.0098,-0.0071,0.015,0.0107,0.0245,0.042,0.0329,0.0287,0.0276,0.0251,0.0194,0.0123,-0.0006,-0.0079,-0.0091,-0.0161,-0.0194,-0.0277,-0.0125
2014-01-30,13.809,-89.6335,E,0.0566,0.0473,0.0432,0.0354,0.0338,0.0406,0.0472,0.0556,0.0543,0.0509,0.0333,0.033,0.0242,0.0204,0.0115,0.0033,-0.0205,-0.0328,-0.007,0.0033,0.0091,0.0143,0.0205,0.013,0.0051,0.0005,-0.0048,-0.0105,-0.0191,-0.0276
2014-01-30,13.809,-89.6335,N,,0.048,0.0385,0.0349,0.0276,0.021,0.0116,0.0227,0.0187,0.0146,0.0125,0.012,0.0207,0.0362,0.047,0.0535,0.0405,0.0338,0.0292,0.0045,-0.021,-0.0227,-0.0219,-0.0189,-0.0127,-0.0159,-0.0188,-0.0193,-0.0201,-0.0178
2014-01-30,13.809,-89.6335,NE,,0.0728,0.0659,0.0627,0.0626,0.0597,0.0522,0.0448,0.0348,0.0287,0.0217,0.0046,-0.002,-0.0043,-0.0141,-0.0109,-0.0116,-0.0116,-0.0038,0.0115,0.0136,0.016,0.0192,0.0178,0.0154,0.0088,-0.0028,-0.0164,-0.0197,-0.0317
2014-01-30,13.809,-89.6335,NO,,-0.0618,-0.0572,-0.0527,-0.0463,-0.032,-0.0256,-0.0185,-0.0038,0.008,0.0117,0.0123,0.0201,0.0302,0.0209,0.0325,0.0431,0.05,0.0217,0.0275,0.0131,0.0006,0.0009,-0.0116,-0.0147,-0.0211,-0.0147,-0.014,-0.0089,-0.0064
2014-01-30,13.809,-89.6335,O,,-0.1373,-0.1266,-0.1132,-0.1002,-0.0848,-0.0683,-0.0549,-0.0429,-0.0305,-0.0181,-0.0061,0.0096,0.0218,0.0309,0.0336,0.0422,0.0459,0.0415,0.018,0.0099,-0.0021,-0.0158,-0.0255,-0.0256,-0.0235,-0.0187,-0.0104,-0.0062,-0.0036
2014-01-30,13.809,-89.6335,S,-0.0518,-0.0483,-0.0539,0.0022,0.0438,0.019,0.0022,-0.0095,-0.0057,-0.0102,0.0103,0.0224,0.0278,0.0102,0.0208,0.0244,0.023,-0.0005,-0.006,-0.0042,-0.0021,0.0002,-0.0025,-0.0015,0.0025,0.0026,-0.0036,0.0052,0.0045,-0.0088
2014-01-30,13.809,-89.6335,SE,,0.0534,0.0426,0.0392,0.0528,0.0964,0.0652,0.0375,0.0065,0.0166,0.0326,0.0389,0.0213,0.0016,0.0045,0.0051,0.0021,-0.0316,-0.0329,0.023,-0.0042,0.0006,-0.0073,-0.0055,0.01,0.0039,-0.0036,-0.0118,-0.0116,-0.0091
2014-01-30,13.809,-89.6335,SO,,-0.1127,-0.1093,-0.1007,-0.0905,-0.0804,-0.0652,-0.0508,-0.0369,-0.0282,-0.0218,-0.0117,-0.0075,0.009,0.0165,0.0268,0.0379,0.0428,0.0387,0.0352,0.0263,0.0163,0.0016,-0.0074,-0.0254,-0.0237,-0.0155,-0.0163,-0.0149,-0.0141
2014-07-09,13.8153,-89.6292,E,0.1071,0.0935,0.0727,0.0682,0.0639,0.0641,0.0527,0.0576,0.0564,0.0549,0.0539,0.0465,0.0372,0.0283,0.0229,0.0071,0.016,0.0251,0.0085,-0.0069,-0.023,-0.0218,-0.0237,-0.0271,-0.0058,-0.0134,-0.0409,-0.0303,-0.0058,-0.0087
2014-07-09,13.8153,-89.6292,N,0.0675,0.0611,0.0501,0.0367,0.0386,0.0288,0.0348,0.0328,0.0343,0.0202,0.0078,0.0092,0.0064,0.0081,0.013,0.0024,0.0031,-0.0041,-0.0153,-0.0132,-0.0107,0.0048,-0.0143,-0.009,-0.0099,-0.0182,-0.0274,-0.0136,0.0047,0.0039
2014-07-09,13.8153,-89.6292,NE,,0.1093,0.1021,0.0917,0.0851,0.0879,0.0693,0.0593,0.0461,0.0446,0.0381,0.0341,0.0205,0.012,0.0007,-0.0048,0.0044,0.0054,0.0225,0.0121,0.0015,-0.0158,-0.0068,-0.0128,-0.0337,-0.0185,-0.0308,-0.0276,-0.008,0.0043
2014-07-09,13.8153,-89.6292,NO,,0.0126,0.0136,0.0129,0.0059,0.0094,0.0092,0.0084,0.0085,0.009,0.0083,0.0109,0.0037,0.0012,-0.0023,-0.0037,-0.0062,-0.005,-0.0062,-0.0065,-0.006,-0.0057,-0.0079,-0.0064,-0.0029,-0.0023,-0.0003,0.0039,0.0069,0.008
2014-07-09,13.8153,-89.6292,O,,0.0684,0.0593,0.0529,0.0506,0.0525,0.0506,0.0441,0.0321,0.0184,0.0185,0.0027,-0.0013,-0.0068,-0.0097,-0.0081,-0.0026,-0.0041,-0.0061,-0.0022,-0.0037,-0.0055,-0.0054,-0.0083,-0.0077,-0.0056,-0.0029,-1e-04,-0.0004,0.0009
2014-07-09,13.8153,-89.6292,S,,0.1161,0.0996,0.0802,0.0669,0.0563,0.0434,0.0255,0.016,0.0084,0.0019,-0.0021,-0.0054,-0.0162,-0.0187,-0.0143,-0.0117,-0.0014,0.0034,0.005,0.0062,0.0071,0.0068,0.0059,0.0064,-0.0021,0.0052,0.0059,0.005,-0.0017
2014-07-09,13.8153,-89.6292,SE,,0.0711,0.0561,0.0397,0.0289,0.0275,0.006,0.0077,-0.0091,-0.021,-0.027,-0.0258,-0.0067,0.0059,0.006,0.0203,0.011,0.0258,0.0191,0.0224,0.0239,0.0206,0.0161,0.0052,-0.0082,-0.0144,-0.0322,-0.0287,-0.0427,-0.042
2014-07-09,13.8153,-89.6292,SO,,0.082,0.0761,0.0664,0.0642,0.0571,0.0479,0.0351,0.0225,0.0195,0.0118,0.0033,-0.0152,-0.0176,0.0053,0.002,-0.0025,-0.0027,-0.0007,-0.0049,-0.0019,-0.0024,-0.004,-0.0025,-0.0034,0.001,0.0009,0.0031,0.0027,0.0029
2014-07-25,13.8148,-89.6294,E,0.1232,0.113,0.1022,0.0921,0.0618,0.0502,0.0387,0.0277,0.0266,0.0424,0.0378,0.036,0.0398,0.0387,0.0402,0.0407,0.0427,0.0211,0.0397,0.041,0.0174,-0.0004,-0.0291,-0.0217,-0.0442,-0.0344,-0.0229,-0.017,-0.061,-0.0526
2014-07-25,13.8148,-89.6294,N,0.1231,0.0949,0.0685,0.0459,0.047,0.021,0.0198,0.0124,0.01,0.0086,0.0171,0.017,-0.0033,-0.0091,-0.0021,0.0079,-0.0011,0.0054,-0.0007,-0.0017,-0.0123,-0.0047,0.0004,0.0007,-0.0017,-0.0068,-0.0149,-0.0234,-0.0313,-0.0132
2014-07-25,13.8148,-89.6294,NE,,0.1797,0.1445,0.1228,0.0981,0.0762,0.0632,0.0596,0.0578,0.0465,0.0327,0.0312,0.0318,0.0337,0.0292,0.0234,0.0103,-0.0188,-0.0086,0.0102,0.0082,0.0021,-0.0168,-0.0253,-0.0246,-0.0169,-0.0459,-0.0191,-0.0334,-0.0287
2014-07-25,13.8148,-89.6294,NO,,0.0065,-0.0075,-0.0138,-0.0031,-0.0021,0.0066,0.0064,0.0106,0.0143,0.0139,0.0092,0.007,-1e-04,-0.0081,-0.0084,-0.0107,-0.0102,-0.0077,-0.0053,-0.0046,-0.0028,-0.002,0.003,0.0009,0.0017,0.0022,0.0033,0.005,0.0057
2014-07-25,13.8148,-89.6294,O,,0.049,0.0418,0.043,0.0376,0.034,0.0319,0.0263,0.0247,0.0162,0.0187,0.0076,0.0065,0.0038,0.0016,-0.0053,-0.0083,-0.0094,-0.0107,-0.0107,-0.0166,-0.0139,-0.0104,-0.003,-0.0005,0.0034,0.0041,0.0086,0.0131,0.0172
2014-07-25,13.8148,-89.6294,S,,0.1096,0.0996,0.0848,0.0732,0.0608,0.0437,0.0245,0.0108,0.0068,0.0007,-0.0057,-0.016,-0.0205,-0.0151,-0.0106,0.0006,0.0039,0.0035,0.0076,0.0132,0.0167,0.0174,0.0195,-0.0089,-0.0129,-0.0134,-0.0121,-0.0132,-0.0172
2014-07-25,13.8148,-89.6294,SE,,0.1173,0.0965,0.0851,0.0666,0.0532,0.0343,0.0251,0.0101,-0.0014,-0.0098,-0.0155,-0.0164,-0.0155,-0.0086,-0.0043,-0.004,0.0079,0.0189,0.0274,0.0347,0.0372,0.0398,0.0369,0.0233,0.0095,-0.0116,-0.031,-0.0414,-0.0443
2014-07-25,13.8148,-89.6294,SO,,0.0495,0.0462,0.0451,0.034,0.0244,0.0249,0.0128,0.0026,0.0054,-0.0163,-0.0064,0.0321,0.0255,0.0159,0.0149,0.0093,0.0053,0.0049,-0.0038,-0.0063,-0.0072,-0.0088,-0.0126,-0.0116,-0.0104,-0.0065,0.0064,-0.0036,0.0018
2014-09-27,13.8145,-89.6305,E,0.0057,-0.0006,-0.0053,-0.0076,-0.0096,-0.0145,-0.0134,-0.0108,-0.0074,-0.0045,-0.0026,-0.003,-0.0028,-0.0025,-0.0041,-0.004,-0.0009,-0.0008,-0.0011,0.002,-0.0028,0.0025,0.0045,0.0049,0.0049,0.0052,0.0023,-0.0028,-0.0073,-0.0131
2014-09-27,13.8145,-89.6305,N,,-0.0039,-0.0095,-0.0191,-0.027,-0.0367,-0.0402,-0.0397,-0.0386,-0.0389,-0.0332,-0.0261,-0.0097,-0.0086,-0.0043,0.0101,0.0133,0.017,0.0118,0.0161,0.0262,0.0233,0.0067,0.0092,0.0103,-0.0051,-0.005,-0.0066,-0.0052,-0.0042
2014-09-27,13.8145,-89.6305,NE,,0.0382,0.0267,0.0121,0.0026,-0.0052,-0.0158,-0.0183,-0.0219,-0.0211,-0.0125,-0.0102,-0.005,0.0047,0.0023,0.0161,0.0123,0.0142,0.011,0.0094,0.006,0.004,0.0025,0.0031,0.005,0.0019,-0.0014,-0.0046,-0.0064,-0.0094
2014-09-27,13.8145,-89.6305,NO,,0.0608,0.0554,0.05,0.0462,0.0454,0.0415,0.0308,0.0203,0.0123,0.004,-0.0013,-0.0054,-0.0091,-0.0121,-0.0138,-0.0145,-0.0124,-0.0105,-0.0095,-0.0082,-0.0063,-0.0052,-0.0035,-0.0028,-0.0015,0.0002,0.0021,0.0075,0.0114
2014-09-27,13.8145,-89.6305,O,,0.0142,0.007,0.0031,-1e-04,0.0011,-0.0,-0.0011,-0.0004,0.0054,0.0074,0.0094,0.007,0.0026,-0.0019,-0.0045,-0.0052,-0.0037,-0.0013,-0.0024,-0.0008,0.0037,0.0074,0.0059,0.0041,0.0013,-0.0004,0.0008,0.0038,0.005
2014-09-27,13.8145,-89.6305,S,0.069,0.0608,0.049,0.0366,0.0375,0.0353,0.0329,0.0286,0.0214,0.0134,0.0079,-0.0005,-0.0049,-0.0075,-0.0099,-0.008,-0.0103,-0.0026,0.0021,0.0032,-0.0056,-0.0039,-0.0008,0.0002,-0.0002,0.0054,0.0089,0.0058,0.0005,0.0009
2014-09-27,13.8145,-89.6305,SE,,0.0059,0.0006,-0.0088,-0.0111,-0.0104,-0.0084,-0.009,-0.0086,-0.0074,-0.0081,-0.0073,-0.0097,-0.0056,-0.0,-0.0003,0.0011,0.0063,0.0099,0.0095,0.0099,0.0108,0.0073,0.0039,0.0017,0.0034,-0.0033,-0.0088,-0.0142,-0.0189
2014-09-27,13.8145,-89.6305,SO,,0.0055,-0.0024,-0.0108,-0.0162,-0.019,-0.0171,-0.0153,-0.0144,-0.0,0.0112,0.0133,0.0127,0.012,0.0097,-0.0012,-0.0027,-0.0005,-0.0092,-0.0083,-0.0059,-0.0064,-0.0038,-0.003,0.0006,-0.0014,0.0023,0.0032,0.0064,0.0067
2014-11-14,13.8088,-89.6333,E,0.0717,0.0699,0.0573,0.0508,0.0417,0.0328,0.0241,0.0226,0.0275,0.0268,0.0207,0.017,0.0161,0.0137,0.0144,0.0093,0.0007,-0.0073,-0.0179,-0.0083,0.0,0.0055,0.004,0.0179,0.0145,0.0035,0.0013,-0.0066,-0.0173,-0.0204
2014-11-14,13.8088,-89.6333,N,,0.0899,0.0877,0.0831,0.0665,0.0447,0.0433,0.0362,0.0224,0.0091,0.0174,0.0146,0.0267,0.0282,0.0405,0.0395,0.0384,0.0283,0.0136,-0.0061,-0.0143,-0.0135,-0.0152,-0.012,-0.0132,-0.0152,-0.0162,-0.0185,-0.0218,-0.0275
2014-11-14,13.8088,-89.6333,NE,,0.1011,0.0953,0.089,0.0857,0.0758,0.0656,0.0583,0.051,0.042,0.0353,0.0168,0.0079,-0.0011,0.0059,0.0024,-0.0057,-0.0134,-0.0157,-0.0094,-0.0036,-0.0002,-0.0021,0.0004,-0.0025,-0.0037,-0.0093,-0.0204,-0.0146,-0.0122
2014-11-14,13.8088,-89.6333,NO,,-0.0383,-0.0281,-0.0248,-0.0268,-0.0131,-0.0149,-0.0117,0.0111,0.0106,0.0149,0.0161,0.0273,0.0338,0.0373,0.0434,0.0299,0.0309,0.0059,0.009,0.0013,-0.0129,-0.0174,-0.0193,-0.0164,-0.0115,-0.0093,-0.0042,1e-04,0.0008
2014-11-14,13.8088,-89.6333,O,,-0.1551,-0.1358,-0.1209,-0.1032,-0.0865,-0.0696,-0.0535,-0.0374,-0.0218,-0.0072,0.0104,0.0244,0.0378,0.0349,0.046,0.0534,0.0541,0.0315,0.0253,0.0065,-0.0174,-0.0148,-0.0153,-0.0197,-0.0201,-0.0252,-0.0163,-0.0107,-0.0124
2014-11-14,13.8088,-89.6333,S,-0.0269,-0.0406,-0.0475,-0.0544,-0.017,0.02,0.0139,-0.0034,-0.0095,-0.0008,-0.0126,0.0072,0.0167,0.0161,0.0123,0.0167,0.0132,0.0145,0.0081,0.0091,0.0086,0.0053,0.0031,-0.0029,-0.0015,0.0026,-0.0012,-0.0086,0.0,0.0034
2014-11-14,13.8088,-89.6333,SE,,0.0771,0.0626,0.0372,0.0242,0.0449,0.0679,0.0501,0.0345,0.0141,0.0014,0.0083,0.036,0.0213,0.0142,-0.0003,0.0039,0.0004,-0.0072,-0.0243,-0.004,-0.0011,-0.0116,0.0029,-0.0102,-0.0064,0.0053,-0.0029,-0.0038,-0.0055
2014-11-14,13.8088,-89.6333,SO,,-0.0998,-0.0902,-0.088,-0.0836,-0.0798,-0.0588,-0.0432,-0.0296,-0.0156,-0.0035,0.009,0.0218,0.0244,0.0236,0.0253,0.0351,0.0356,0.0332,0.0254,0.0153,0.0003,-0.0123,-0.0092,-0.0134,-0.0166,-0.0112,-0.0047,-0.0057,-0.0017
2014-11-30,13.8088,-89.6333,E,,,,,,,,,,,,0.0265,,,,,,-0.0047,,,,,0.0036,0.0138,,,,,,
2014-11-30,13.8088,-89.6324,E,0.0694,0.0639,0.0527,0.0491,,,0.048,0.0367,0.0385,0.0348,0.0247,,0.0283,0.0223,0.0193,0.0036,,,,-0.0228,,0.0015,,,0.0114,0.002,-0.0036,,-0.0225,-0.0294
2014-11-30,13.8088,-89.6316,E,,,,,0.073,0.0694,,,,,,,,,,,-0.0004,,-0.0238,,-0.0244,,,,,,,-0.0119,,
2014-11-30,13.8088,-89.6333,N,,,,,,0.0517,,,,0.0379,0.0332,,,0.0126,,,,,-0.0003,,,-0.0124,-0.0098,,,-0.018,-0.0143,,,-0.0152
2014-11-30,13.8088,-89.6324,N,,0.0869,,0.0794,0.0693,,0.0603,,0.0494,,,,0.0178,,0.0042,-0.0074,-0.0006,0.0027,,,,,,,,,,,,
2014-11-30,13.8088,-89.6316,N,0.0789,,0.0655,,,,,0.063,,,,0.0327,,,,,,,,-0.0047,-0.0126,,,-0.0096,-0.0127,,,-0.0142,-0.0098,
2014-11-30,13.8088,-89.6333,NE,,,,,,,,0.0569,,0.0357,,,-0.0005,,-0.0102,,-0.0094,-0.0091,,,0.0084,0.0097,,,,0.0056,,,-0.0148,
2014-11-30,13.8088,-89.6324,NE,,0.0993,0.0888,0.0784,0.0688,0.0619,,,,,0.0199,,,,,,,,,-0.0013,,,,0.0049,,,-0.0016,,,
2014-11-30,13.8088,-89.6316,NE,,,,,,,0.0528,,0.0474,,,0.002,,-0.0097,,-0.0087,,,0.0011,,,,0.0078,,0.0053,,,-0.0172,,-0.026
2014-11-30,13.8088,-89.6333,NO,,,,,,,,-0.0123,,,,,0.0367,,0.0291,0.02,,,-0.0131,-0.0204,,-0.0136,-0.0142,,-0.016,-0.0187,,,0.0009,
2014-11-30,13.8088,-89.6324,NO,,-0.0688,-0.0584,-0.046,,-0.0316,,,0.013,0.0195,,0.0276,,,,,,,,,,,,,,,,,,0.0014
2014-11-30,13.8088,-89.6316,NO,,,,,-0.0351,,-0.0042,,,,0.0264,,,0.0176,,,0.0323,0.0163,,,-0.0096,,,-0.0149,,,-0.016,-0.01,,
2014-11-30,13.8088,-89.6333,O,,,,,,,,,,,,,0.021,,,,0.0396,0.0419,,,,,-0.0228,,,,,,,
2014-11-30,13.8088,-89.6324,O,,-0.1802,-0.1554,-0.1342,-0.113,-0.0922,-0.0725,-0.0556,-0.0391,-0.0232,-0.009,0.0092,,,0.0318,0.0388,,,0.012,,-0.0085,-0.0187,,-0.0189,-0.0208,,-0.0054,-0.0011,0.0056,0.0069
2014-11-30,13.8088,-89.6316,O,,,,,,,,,,,,,,0.0346,,,,,,-0.0,,,,,,-0.0125,,,,
2014-11-30,13.8088,-89.6333,S,-0.03,,-0.0263,,,,0.005,,,,0.0,,,,0.0007,,,,0.0087,0.0062,0.0082,,,0.0037,,,,0.001,,
2014-11-30,13.8088,-89.6324,S,,-0.0233,,-0.0161,-0.008,,,-0.0065,-0.0085,,,0.0135,0.0143,,,0.0046,0.0073,,,,,,,,,,,,,0.0038
2014-11-30,13.8088,-89.6316,S,,,,,,0.0097,,,,-0.0084,,,,0.0073,,,,0.0085,,,,0.0085,0.0068,,0.0035,0.0042,0.0074,,0.0,
2014-11-30,13.8088,-89.6333,SE,,,,,,0.0673,0.0636,,0.0421,,,,0.0485,,,-0.0028,,,-0.0054,-0.0227,,,,,-0.0013,,,0.0036,,
2014-11-30,13.8088,-89.6324,SE,,0.0709,0.0636,0.0561,0.0488,,,,,0.0247,,0.0246,,0.0237,,,,,,,,-0.009,-0.0121,0.0034,,,0.0075,,,-0.0012
2014-11-30,13.8088,-89.6316,SE,,,,,,,,0.0523,,,0.0174,,,,0.0079,,0.003,0.0095,,,-0.012,,,,,-0.0045,,,0.0023,
2014-11-30,13.8088,-89.6333,SO,,,,,-0.0759,,-0.0502,,,,,0.0046,,0.0175,,0.0161,,,,,0.0174,,,-0.0061,,,-0.0133,-0.0204,,-0.0073
2014-11-30,13.8088,-89.6324,SO,,-0.1197,-0.1062,-0.0891,,,,,-0.0199,-0.0133,-0.0083,,,,,,,0.0318,0.0314,,,,-0.002,,,,,,,
2014-11-30,13.8088,-89.6316,SO,,,,,,-0.0663,,-0.0383,,,,,0.0065,,0.0133,,0.0379,,,0.0319,,0.0092,,,-0.0042,-0.0126,,,-0.0175,
2015-01-01,13.8099,-89.6297,E,0.1176,0.1078,0.0957,0.0828,0.0706,0.0774,0.0669,0.0774,0.0507,0.0451,0.0393,0.0327,0.0588,0.0453,0.0249,0.0072,-0.0081,-0.0002,0.0077,0.0016,-0.0056,-0.0055,-0.0086,-0.008,-0.0208,-0.0453,-0.037,-0.0302,-0.0148,-0.0206
2015-01-01,13.8099,-89.6297,N,0.0657,0.0578,0.0487,0.0519,0.0391,0.0269,0.0238,0.016,0.0144,0.0206,0.0298,0.0334,0.0226,0.0156,0.0098,0.0082,0.0003,-0.0073,-0.0135,-0.0103,-0.0131,-0.0017,-0.0074,-0.0085,-0.012,-0.0036,-0.0063,0.0005,0.0039,-0.0037
2015-01-01,13.8099,-89.6297,NE,,0.0458,0.0455,0.0262,0.0281,0.0261,0.0394,0.0583,0.0581,0.0548,0.0614,0.0695,0.0589,0.0303,0.02,0.0189,0.0139,0.0098,0.022,-0.0015,-0.0215,-0.0225,-0.0219,-0.0344,-0.0282,-0.0202,-0.024,-0.0171,-0.0226,-0.026
2015-01-01,13.8099,-89.6297,NO,,0.0828,0.076,0.0739,0.0631,0.0569,0.0479,0.0148,0.0091,0.0073,0.0068,0.0045,0.0055,0.0005,-0.0033,-0.0036,-0.0023,0.0012,0.0042,-0.0036,-0.0142,-0.016,-0.0193,-0.0197,-0.0125,-0.0051,0.0016,0.0069,0.0171,0.0109
2015-01-01,13.8099,-89.6297,O,,-0.0872,-0.0843,-0.0756,-0.0656,-0.0572,-0.0521,-0.0374,-0.0273,-0.0172,1e-04,0.0125,0.0213,0.0103,0.034,0.0312,0.033,0.022,0.0235,0.0047,0.0017,0.0009,-0.0132,-0.0137,-0.0189,-0.0091,-0.001,0.0007,-0.001,0.0033
2015-01-01,13.8099,-89.6297,S,,-0.0207,-0.0207,-0.0191,-0.0108,-0.0015,-0.0027,-0.0101,0.0058,0.0143,0.007,0.0016,-0.0003,-0.002,-0.0139,0.0018,-0.0017,0.0363,0.0121,-0.0031,-0.0069,0.0004,0.0012,-0.004,-0.0049,0.0017,-0.0027,-0.0037,-0.0046,-0.0055
2015-01-01,13.8099,-89.6297,SE,,0.0379,0.0397,0.0401,0.0372,0.0378,0.0376,0.0371,0.0376,0.0375,0.0388,0.0377,0.0309,0.0226,0.0092,0.017,0.018,-0.0063,-0.0103,-0.0234,-0.0171,0.0028,-0.001,0.0138,0.014,0.0098,0.0146,0.0008,-0.0045,-0.0113
2015-01-01,13.8099,-89.6297,SO,,-0.0614,-0.0655,-0.0632,-0.0571,-0.0486,-0.0383,-0.0344,-0.0283,-0.0208,-0.0125,-0.0077,-0.0028,0.0021,0.0075,0.012,0.0105,0.0135,0.0184,0.0116,0.0129,0.019,0.0161,0.0184,0.0154,0.0054,0.003,-0.0054,-0.0152,-0.0206
2015-01-17,13.8123,-89.6294,E,0.1197,0.1127,0.1187,0.1123,0.0984,0.0861,0.0711,0.0641,0.0354,0.0372,0.0247,0.022,0.0231,0.0097,0.0185,0.0109,0.0002,-0.0012,0.0148,0.0198,0.0221,0.0154,0.0098,0.0017,-0.0092,-0.0072,-0.0153,-0.0125,-0.0075,-0.0297
2015-01-17,13.8123,-89.6294,N,0.0234,0.022,0.0248,0.0289,0.0299,0.0301,0.0276,0.0241,0.0163,0.011,0.0131,0.0045,0.0093,0.0051,0.0012,-0.0033,-0.0052,-0.0091,-0.0057,-0.0035,0.0008,0.0076,0.0032,0.0018,0.0008,-0.0003,-0.003,-0.0019,-0.0021,-0.0158
2015-01-17,13.8123,-89.6294,NE,,0.0738,0.0919,0.1028,0.0845,0.0677,0.0648,0.0628,0.0427,0.0426,0.0611,0.0518,0.0304,0.0546,0.0292,0.0139,0.0109,0.0073,0.0165,0.0081,0.0248,0.0237,0.011,0.0127,0.0021,-0.0123,-0.0529,-0.0595,-0.0642,-0.089
2015-01-17,13.8123,-89.6294,NO,,0.0376,0.0296,0.028,0.0209,0.0144,0.0128,0.0109,0.0063,0.0039,0.0033,0.007,0.0084,0.0037,0.0021,0.0019,0.0009,0.0005,0.0038,0.0031,-0.0057,-0.0014,-0.0082,-0.0116,-0.0066,-0.0043,-0.0051,0.0007,0.0019,0.0048
2015-01-17,13.8123,-89.6294,O,,-0.0128,-0.017,-0.024,-0.0293,-0.0305,-0.0311,-0.0285,-0.0228,-0.0151,-0.0062,-0.0035,0.0015,0.0058,0.0084,0.0116,0.0114,0.0138,0.016,0.0189,0.02,0.0141,0.0125,0.0242,0.0126,0.0085,0.0094,0.0168,-0.0004,-0.0068
2015-01-17,13.8123,-89.6294,S,,0.0097,0.0087,0.0086,0.0071,0.004,-0.0053,-0.0053,-0.0025,-0.0061,-0.0147,-0.0045,-0.0031,0.0017,0.0096,0.0114,0.0138,0.0109,0.0039,0.0133,0.0095,0.0016,0.0044,0.0026,0.0036,0.0018,-0.0004,-0.0064,-0.0157,-0.0189
2015-01-17,13.8123,-89.6294,SE,,0.1259,0.1193,0.1124,0.1113,0.1059,0.0814,0.0627,0.0297,0.0104,0.0442,0.0201,0.0014,-0.0149,-0.0159,-0.0167,-0.0167,-0.0154,-0.0107,-0.0075,-0.0013,0.0015,0.0038,0.0078,0.0079,0.009,0.0087,0.0092,0.0106,0.0087
2015-01-17,13.8123,-89.6294,SO,,0.0148,0.0126,0.012,0.0066,0.0029,1e-04,-0.0009,0.0005,0.0047,0.0059,0.0062,0.0051,0.0054,0.0002,-0.0034,-0.0047,-0.005,-0.0048,-0.0056,-0.0039,-0.0022,-0.0041,-0.0039,-0.0031,-0.0022,0.0003,0.0034,0.004,0.0032
2015-02-18,13.8102,-89.631,E,0.1291,0.111,0.0825,0.0736,0.0618,0.0609,0.0548,0.0526,0.0504,0.0308,0.0277,0.0315,0.0609,0.0481,0.0074,-0.002,0.0245,0.0162,-0.0099,-0.0097,-0.0065,-0.0028,-0.0087,-0.0082,-0.0217,-0.0351,-0.0344,-0.0019,0.0252,0.0173
2015-02-18,13.8102,-89.631,N,0.0478,0.0461,0.0471,0.0537,0.0571,0.0519,0.0559,0.0561,0.0422,0.0248,0.0175,0.0079,0.0069,0.0061,0.0052,0.0094,0.0055,0.0032,-0.0003,-0.0019,-0.0054,-0.0097,-0.0128,-0.0147,-0.0084,-0.0046,0.0059,-0.0063,0.0083,0.0018
2015-02-18,13.8102,-89.631,NE,,0.0483,0.022,0.0324,0.0253,0.012,0.0043,0.0116,0.0125,0.0173,0.0227,0.0248,0.0301,0.0401,0.0262,0.0208,0.0126,0.0114,0.0073,0.0182,0.014,0.0099,0.0058,-0.0101,-0.0204,-0.0244,-0.0366,-0.0231,-0.021,-0.0088
2015-02-18,13.8102,-89.631,NO,,-0.0355,-0.027,-0.0198,-0.0099,0.0017,0.0097,0.0176,0.0314,0.0434,0.0272,0.0314,0.0304,-0.0002,-0.0017,-0.0037,-0.0133,-0.0354,-0.04,-0.0339,-0.0251,-0.007,0.0019,0.0037,0.0064,0.0082,-0.0067,-0.0143,-0.0051,0.003
2015-02-18,13.8102,-89.631,O,,-0.1222,-0.1139,-0.1192,-0.1075,-0.0959,-0.0838,-0.0706,-0.0541,-0.0406,-0.0264,-0.015,-0.0019,0.0062,0.0221,0.0342,0.0418,0.0493,0.0533,0.0425,0.0389,0.0136,-0.0059,-0.0097,-0.0144,-0.0216,-0.0152,-0.016,-0.02,-0.0215
2015-02-18,13.8102,-89.631,S,,-0.0044,-0.0029,-0.0,0.0188,0.0069,0.0018,0.0008,-0.0121,-0.0146,-0.0022,-0.0108,0.0445,0.0122,0.0107,-0.0045,0.0019,0.0022,0.0033,0.0054,0.0109,0.009,0.0075,0.0046,0.0046,0.0037,1e-04,-0.005,-0.0014,-0.0039
2015-02-18,13.8102,-89.631,SE,,0.0852,0.0727,0.0684,0.0666,0.0581,0.0571,0.0573,0.0424,0.0364,0.0382,0.0323,0.0235,0.0053,-0.003,-0.0041,-0.0207,-0.0263,-0.0181,0.0006,0.0025,0.0092,0.0051,0.0096,-0.001,0.0027,0.0073,0.0018,0.0025,0.0034
2015-02-18,13.8102,-89.631,SO,,-0.0301,-0.0319,-0.0276,-0.0223,-0.0173,-0.0117,-0.0069,-0.0107,-0.0079,-0.0037,-0.0027,0.0024,0.0077,-0.0011,-0.0055,-0.0004,0.0084,0.0061,0.0136,0.0144,0.0187,0.0097,0.0068,0.0063,0.0035,0.0034,-0.0065,-0.0077,-0.0266
2015-04-07,13.8134,-89.6291,E,0.1092,0.0996,0.0857,0.0812,0.0797,0.0802,0.0697,0.055,0.0452,0.0211,0.0169,0.0094,-0.0007,-0.0031,0.0074,0.0225,0.0183,0.0204,0.0143,0.0095,0.022,0.0338,-0.0173,-0.0303,0.0095,-0.0218,-0.0312,-0.0381,-0.0704,-0.0697
2015-04-07,13.8134,-89.6291,N,0.0889,0.0802,0.0748,0.0735,0.0645,0.0406,0.0542,0.0455,0.0257,0.0182,0.0141,0.0061,-0.0051,-0.0037,0.0049,0.0065,0.003,-0.0038,-0.0044,-0.0006,0.0066,0.0095,0.0022,0.0018,-0.0056,-0.017,-0.0124,-0.0018,0.0012,0.0087
2015-04-07,13.8134,-89.6291,NE,,0.1435,0.1334,0.1138,0.1033,0.0905,0.0852,0.0744,0.0625,0.0558,0.0457,0.0419,0.0309,0.0141,0.0086,0.0127,0.0182,0.0113,0.0033,-0.0011,-0.0098,-0.0245,-0.047,-0.0431,-0.0193,-0.0238,-0.0246,-0.0145,-0.0134,-0.0209
2015-04-07,13.8134,-89.6291,NO,,0.0348,0.0318,0.0293,0.0303,0.0279,0.0254,0.0221,0.0119,0.0071,-0.0009,-0.001,0.0021,0.0024,0.0087,0.0027,0.0052,-0.006,-0.0058,-0.0076,-0.0108,-0.0088,-0.0095,-0.0081,-0.0051,-0.0019,-1e-04,0.004,0.0101,0.017
2015-04-07,13.8134,-89.6291,O,,0.0612,0.0487,0.0449,0.0389,0.0298,0.0191,0.0102,-0.0006,-0.0056,-0.0113,-0.0107,-0.0111,-0.0128,-0.0091,-0.009,-0.0045,0.0017,0.0009,0.0033,0.0079,0.0104,0.0106,0.0142,0.016,0.0143,0.0119,0.006,0.0079,0.0024
2015-04-07,13.8134,-89.6291,S,,0.0926,0.0891,0.0874,0.0741,0.0648,0.0416,0.0262,-0.0028,-0.0003,0.0327,0.0208,-0.035,-0.0471,0.0255,0.0326,0.0232,0.0097,0.0055,0.0037,-0.005,-0.0051,0.0021,0.0041,0.001,0.0013,-0.0044,-0.0031,-0.0053,-0.0125
2015-04-07,13.8134,-89.6291,SE,,0.1454,0.1409,0.1318,0.1233,0.1139,0.0976,0.083,0.0629,0.0439,0.0254,0.0075,0.0009,-0.0112,-0.0202,-0.0274,-0.0347,-0.0353,-0.0247,-0.0165,-0.0143,-0.0074,-0.0037,0.0036,0.0154,0.0173,0.0167,0.0085,-0.0059,-0.0238
2015-04-07,13.8134,-89.6291,SO,,0.0212,0.0104,-0.0028,-0.0134,-0.0151,-0.0286,-0.0332,-0.0191,0.005,0.0018,-0.0,0.0061,0.0101,0.0149,0.0074,0.006,0.0138,0.0113,0.0096,0.0087,0.0049,0.0066,0.0091,0.015,0.0079,0.0022,-0.0018,-0.004,-0.0068
2015-04-23,13.814,-89.6294,E,0.0718,0.0768,0.0907,0.0965,0.0932,0.0915,0.0779,0.0539,0.0522,0.0424,0.029,0.0256,0.0329,0.0447,0.035,0.0315,0.0205,0.0138,0.012,0.0158,0.007,0.0216,0.0105,-0.0045,-0.0162,-0.04,-0.06,-0.071,-0.0502,-0.0222
2015-04-23,13.814,-89.6294,N,0.088,0.0734,0.0646,0.063,0.0716,0.0427,0.0484,0.0342,0.0374,0.0221,0.0167,0.0139,0.0229,0.0138,0.0152,0.0074,0.0007,-0.0105,-0.0161,-0.0194,-0.004,0.0004,-0.0134,-0.0137,-0.0101,-0.0203,-0.0186,-0.0038,0.0192,0.0191
2015-04-23,13.814,-89.6294,NE,,0.1267,0.1152,0.1158,0.1148,0.1055,0.0961,0.0813,0.0792,0.0658,0.0607,0.0435,0.0315,0.0183,0.0157,0.0122,0.0181,-0.0019,-0.021,-0.0155,-0.0206,-0.0479,-0.0224,-0.0116,-0.0166,-0.0176,-0.015,0.0047,-0.0236,-0.0138
2015-04-23,13.814,-89.6294,NO,,0.0002,0.0034,0.0106,0.0119,0.013,0.0172,0.0189,0.0189,0.0181,0.0149,0.0094,0.0048,-0.0024,-0.0014,-0.0002,0.0018,-0.004,-0.0028,-0.0109,-0.0136,-0.0111,-0.0155,-0.0156,-0.0126,-0.0077,0.0046,0.0099,0.0157,0.0196
2015-04-23,13.814,-89.6294,O,,0.0362,0.0372,0.0312,0.0202,0.018,0.0181,0.0191,0.0194,0.0156,0.0088,-0.0056,-0.0078,-0.0054,-0.0061,-0.011,-0.0114,-0.009,-0.0033,0.0041,0.0083,0.0138,0.0104,0.0161,0.0115,0.0114,0.0134,0.0137,0.0169,0.023
2015-04-23,13.814,-89.6294,S,,0.157,0.1412,0.1276,0.1049,0.0814,0.061,0.038,0.0426,0.0231,-0.0024,-0.0228,-0.0326,-0.0292,0.0067,0.006,-0.0021,-0.0042,-0.0049,-0.0055,-0.0026,0.0042,0.0077,0.0106,0.0093,-0.0026,-0.0024,-0.0053,-0.0139,-0.0087
2015-04-23,13.814,-89.6294,SE,,0.154,0.1464,0.1282,0.122,0.1159,0.0868,0.0821,0.0521,0.0228,0.0289,0.0131,0.003,-0.01,-0.0078,-0.0103,-0.0034,-0.0036,0.0101,0.0085,0.0125,0.0177,0.029,0.0188,0.0174,0.0192,0.0016,-0.0182,-0.0353,-0.052
2015-04-23,13.814,-89.6294,SO,,0.0212,0.0239,0.0221,0.0148,0.0149,0.0102,-0.0049,-0.0175,0.0036,0.0421,0.0278,0.0076,0.0116,-0.0009,-0.006,-0.005,-0.0088,-0.0061,-0.0102,0.0036,-0.0006,0.0085,0.0087,0.0108,0.0014,0.0041,0.0053,-0.0059,-0.0024
2015-06-26,13.8153,-89.6292,E,0.1245,0.1104,0.0894,0.0831,0.0712,0.0606,0.0543,0.059,0.0685,0.0561,0.0556,0.0521,0.0457,0.0325,0.0234,0.0048,0.0217,0.0273,0.0055,-0.0091,-0.0255,-0.0235,-0.0257,-0.0258,-0.0056,-0.0118,-0.0462,-0.0331,-0.0062,-0.0097
2015-06-26,13.8153,-89.6292,N,0.0895,0.0752,0.0587,0.0395,0.0394,0.0253,0.028,0.0282,0.0272,0.0248,0.001,0.007,0.0053,0.0088,0.015,0.0018,0.0027,-0.003,-0.0134,-0.0128,-0.0036,0.0119,-0.0096,-0.0056,-0.0086,-0.014,-0.0261,-0.0173,0.0018,0.0049
2015-06-26,13.8153,-89.6292,NE,,0.1217,0.1073,0.0947,0.0817,0.0823,0.0651,0.0543,0.039,0.0381,0.0377,0.0343,0.026,0.0204,0.0051,0.0008,0.0069,0.0102,0.0247,0.0123,-0.0032,-0.0177,-0.0094,-0.0185,-0.037,-0.0194,-0.034,-0.031,-0.0077,0.0057
2015-06-26,13.8153,-89.6292,NO,,0.0044,0.0025,0.0009,-0.0038,-0.0083,0.0016,-0.0044,-0.0019,0.0024,0.0041,0.0069,0.0091,0.0054,0.0022,0.0036,1e-04,-0.0063,-0.0098,-0.0131,-0.0133,-0.0104,-0.0059,-0.0039,0.0009,-0.002,0.0024,0.0033,-0.0006,0.0029
2015-06-26,13.8153,-89.6292,O,,0.051,0.0365,0.0375,0.0345,0.0381,0.0336,0.0304,0.023,0.0104,0.0125,0.0021,0.0015,-0.0004,-0.0033,-0.0075,-0.0063,-0.0092,-0.0106,-0.0127,-0.012,-0.013,-0.0042,-0.0013,0.0048,0.0059,0.0048,0.0074,-0.0018,0.0085
2015-06-26,13.8153,-89.6292,S,,0.1097,0.0988,0.0767,0.0631,0.0539,0.042,0.0226,0.0097,0.0006,-0.0051,-0.0077,-0.0079,-0.0109,-0.0191,-0.0181,-0.0134,-0.0077,-0.0048,-0.0022,-0.0009,0.0002,0.0073,0.0046,0.0081,0.0032,-0.0019,-0.0064,-0.0061,-0.0115
2015-06-26,13.8153,-89.6292,SE,,0.0761,0.0645,0.0473,0.0349,0.0322,0.0121,0.0126,-0.0093,-0.0251,-0.0325,-0.0332,-0.0171,0.0002,0.0032,0.0183,0.016,0.0206,0.0268,0.0308,0.0283,0.0206,0.023,0.0152,1e-04,-0.0174,-0.0379,-0.0329,-0.0564,-0.0528
2015-06-26,13.8153,-89.6292,SO,,0.0508,0.0454,0.0367,0.0351,0.035,0.0278,0.0197,0.0118,0.0106,0.008,0.0031,-0.0111,-0.0149,0.0135,0.0034,0.0024,-0.0023,-0.0012,-0.0056,-0.0036,-0.0083,-0.0056,-0.0033,-0.0039,0.0027,0.0013,0.0018,-0.0039,-0.0048
2015-07-12,13.8132,-89.6286,E,0.096,0.0858,0.0774,0.052,0.0395,0.0459,0.0425,0.0396,0.0354,0.0255,0.0143,-0.0028,0.002,-0.0068,-0.0083,-0.0021,0.0057,0.0153,0.0178,0.0152,0.0094,-0.0095,-0.0364,-0.0226,-0.0028,0.0102,-0.0037,-0.0134,-0.0119,-0.0318
2015-07-12,13.8132,-89.6286,N,0.0745,0.0756,0.0686,0.0664,0.061,0.0535,0.048,0.026,0.0084,0.0109,0.0023,0.0015,-0.0031,-0.002,0.0017,-0.0062,-0.0081,-0.0036,0.0013,0.007,0.006,0.0062,0.0024,-0.0037,-0.007,-0.0067,-0.006,0.0006,-0.0016,-0.0039
2015-07-12,13.8132,-89.6286,NE,,0.1276,0.1136,0.1036,0.0942,0.075,0.0577,0.0505,0.0449,0.0269,0.0264,0.0306,0.0103,-0.0024,0.003,0.0045,0.0131,0.017,0.0082,-0.0137,-0.0176,-0.0258,-0.0373,-0.0343,-0.0148,-0.005,-0.005,-0.0056,0.0018,0.004
2015-07-12,13.8132,-89.6286,NO,,0.022,0.0311,0.0316,0.0274,0.0264,0.0205,0.0107,0.0023,0.0009,0.0047,0.0055,0.0036,0.0029,0.0058,0.0024,0.0063,0.0074,-0.0041,-0.0072,-0.0107,-0.0067,-0.0071,-0.0098,-0.002,0.0009,0.0006,-0.0004,0.0042,0.0062
2015-07-12,13.8132,-89.6286,O,,0.0418,0.0487,0.0477,0.0507,0.0426,0.0327,0.0224,0.0115,0.0014,-0.0095,-0.0184,-0.0124,-0.013,-0.0077,-0.0142,-0.0061,-0.0011,-0.0022,-0.0036,-0.006,-0.0049,-0.0056,0.0024,0.0077,0.0126,0.0073,0.0071,-0.0,0.0006
2015-07-12,13.8132,-89.6286,S,,0.076,0.0809,0.0753,0.07,0.0657,0.0626,0.0509,0.0392,0.0267,0.0098,0.0093,0.0179,0.0074,-0.0144,-0.0147,-0.0105,-0.0069,-0.0036,-0.0094,-0.006,-0.0037,-0.0027,0.0014,0.0009,0.0008,0.0025,0.0044,0.0012,-0.0095
2015-07-12,13.8132,-89.6286,SE,,0.119,0.1176,0.1125,0.1063,0.1007,0.0874,0.0799,0.0701,0.0527,0.0444,0.0251,0.0135,-0.0027,-0.0063,-0.0132,-0.0194,-0.0248,-0.0282,-0.0269,-0.0148,-0.017,-0.0065,-0.0056,-0.002,0.0078,0.009,0.0199,0.0303,0.0123
2015-07-12,13.8132,-89.6286,SO,,0.0032,0.0141,0.0202,0.013,0.0142,0.0101,0.001,-1e-04,0.0094,0.014,0.0027,0.0045,-0.003,-0.0036,-0.0002,0.0045,-0.0004,-0.0055,-0.0048,-0.0007,0.0012,0.0022,0.0052,0.0044,0.0025,-0.0004,-0.0016,-0.0041,-0.0063
2016-01-04,13.8088,-89.6316,E,0.1072,0.1033,0.0939,0.0957,0.0887,0.0862,0.0742,0.0654,0.0525,0.0452,0.0412,0.0367,0.0329,0.0288,0.0129,0.0105,-0.0046,0.0232,-0.0144,-0.0497,-0.034,-0.0154,-0.006,-0.0087,-0.0094,-0.0054,-0.0058,-0.0202,-0.0235,-0.0495
2016-01-04,13.8088,-89.6316,N,0.0874,0.094,0.0768,0.08,0.0717,0.0649,0.0719,0.0742,0.0706,0.0621,0.0409,0.0376,0.0214,-0.0077,-0.0146,-0.0225,-0.02,-0.0079,-0.0115,-0.0159,-0.019,-0.0155,-0.0163,-0.0175,-0.0104,-0.0157,-0.0111,-0.004,0.012,0.0053
2016-01-04,13.8088,-89.6316,NE,,0.111,0.1036,0.0943,0.0785,0.0563,0.0486,0.0332,0.0257,0.0214,1e-04,0.0009,0.0079,0.0019,0.0054,0.0156,0.0183,0.0204,0.029,0.0171,0.0057,-0.0037,-0.0115,-0.0192,-0.0084,-0.004,0.0004,-0.0158,-0.0293,-0.0319
2016-01-04,13.8088,-89.6316,NO,,-0.0225,-0.0063,-1e-04,0.0033,0.0074,0.0245,0.015,0.0402,0.0378,0.0247,0.0268,0.024,-0.0153,-0.0032,0.0039,0.0061,-0.0118,-0.0387,-0.0288,-0.0172,-0.0118,-0.0051,-0.0039,-0.0048,-0.0053,-0.0086,-0.0054,0.0127,0.0147
2016-01-04,13.8088,-89.6316,O,,-0.1749,-0.1536,-0.1326,-0.1123,-0.0941,-0.0735,-0.0557,-0.0352,-0.0144,0.0044,0.0208,0.0291,0.0488,0.0384,0.0288,0.0348,0.0267,-0.0062,0.0052,-0.0062,-0.0092,-0.0156,-0.0089,-0.0166,-0.0102,-0.0025,-0.005,0.0055,0.005
2016-01-04,13.8088,-89.6316,S,,0.0142,0.0373,0.0305,0.0294,0.0227,0.0145,0.0054,-0.0014,-0.0112,0.0046,0.0328,0.0261,0.0088,0.002,-0.0024,0.0009,0.0089,0.012,0.0184,0.0139,0.0158,0.013,0.0023,-0.0031,-0.0053,0.0039,-0.0015,-0.0075,-0.0136
2016-01-04,13.8088,-89.6316,SE,,0.115,0.1153,0.1102,0.102,0.0925,0.0867,0.0726,0.0599,0.0473,0.045,0.0477,0.0506,0.0263,0.0032,-0.0037,-0.0094,0.0119,-0.0176,-0.0323,-0.0174,-0.0174,-0.0088,-0.0013,-0.009,0.0011,0.0073,0.0121,0.0173,0.011
2016-01-04,13.8088,-89.6316,SO,,-0.0944,-0.0762,-0.0609,-0.0534,-0.0462,-0.0362,-0.031,-0.0163,-0.0149,-0.0189,-0.0115,-0.0101,0.0122,0.0046,0.017,0.0394,0.045,0.0263,0.0373,0.0275,0.0163,0.0044,0.0012,0.0015,-0.0049,-0.0147,-0.0218,-0.0257,-0.0218
2016-01-20,13.8088,-89.6335,E,0.0097,0.0095,-0.0022,-0.0075,-0.0165,-0.0168,-0.0026,0.0073,0.0234,0.0392,0.0304,0.0353,0.0386,0.0378,0.0334,0.0278,0.0204,0.009,-0.0115,-0.0113,0.007,0.0031,0.0054,0.0142,0.0096,0.0004,0.0035,-0.0052,-0.0125,-0.0178
2016-01-20,13.8088,-89.6335,N,,0.0728,0.0674,0.0649,0.0624,0.049,0.0404,0.0376,0.0365,0.026,0.0205,0.0196,0.0185,0.0259,0.032,0.0385,0.0422,0.0352,0.0151,-0.0054,-0.017,-0.0276,-0.0233,-0.0249,-0.0206,-0.0221,-0.0227,-0.0228,-0.023,-0.0212
2016-01-20,13.8088,-89.6335,NE,,0.0891,0.0812,0.0698,0.0689,0.0631,0.0647,0.0621,0.0621,0.0487,0.0486,0.0375,0.0279,0.0132,0.0044,-0.0033,-0.0105,-0.0196,-0.0226,-0.0233,-0.0122,-0.01,-0.0027,-0.0005,-0.0046,0.0018,0.0013,-0.0046,-0.0157,-0.0114
2016-01-20,13.8088,-89.6335,NO,,-0.0601,-0.0498,-0.0425,-0.0354,-0.0206,-0.0143,-0.0111,0.0142,0.0137,0.0182,0.0199,0.0432,0.0355,0.0361,0.0461,0.0443,0.0336,0.0217,0.0139,0.0071,-0.0009,-0.015,-0.0187,-0.0196,-0.0174,-0.0135,-0.0106,-0.0067,0.0012
2016-01-20,13.8088,-89.6335,O,,-0.1617,-0.1427,-0.1262,-0.1086,-0.0918,-0.0747,-0.059,-0.0427,-0.0268,-0.0112,0.0057,0.0236,0.0334,0.0316,0.0376,0.0386,0.0341,0.014,-0.0017,-0.005,-0.0195,-0.019,-0.0226,-0.014,-0.011,-0.0054,-0.0074,-0.0042,-0.0042
2016-01-20,13.8088,-89.6335,S,-0.06,-0.0664,-0.075,-0.0333,0.0069,0.0003,-0.0158,-0.0214,-0.0089,-0.0088,0.0022,0.0166,0.0159,0.0121,0.0171,0.0191,0.0154,0.0129,0.0037,0.0085,0.0073,0.0028,0.0018,0.0021,0.0111,0.008,-0.0069,-0.001,0.015,-0.0059
2016-01-20,13.8088,-89.6335,SE,,0.0344,0.0191,-1e-04,-0.0017,0.0693,0.0477,0.0326,0.0098,1e-04,0.0128,0.0404,0.03,0.0186,0.0167,0.008,0.0024,-0.0011,-0.0255,-0.0191,-0.0069,-0.014,-0.0162,-0.0032,-0.0031,0.0063,0.007,-0.0023,-0.0064,0.0023
2016-01-20,13.8088,-89.6335,SO,,-0.144,-0.1333,-0.128,-0.1145,-0.099,-0.073,-0.0534,-0.0313,-0.015,-0.0088,0.0084,0.0158,0.0336,0.0315,0.0412,0.0452,0.0444,0.0378,0.024,0.0132,-0.0002,-0.0189,-0.0128,-0.0249,-0.0182,-0.0106,-0.0075,-0.0115,-0.0055
2016-02-05,13.8091,-89.631,E,0.1795,0.1702,0.1589,0.1533,0.1407,0.1177,0.1058,0.0882,0.076,0.0655,0.0547,0.0458,0.0369,0.0262,0.0076,-0.0025,0.0,-0.0033,-0.0408,-0.0492,-0.0208,-0.0151,-0.0111,-0.0175,-0.0168,-0.0191,-0.0252,-0.0277,-0.0394,-0.0553
2016-02-05,13.8091,-89.631,N,0.0904,0.0827,0.0707,0.0781,0.0769,0.0777,0.0769,0.0664,0.0544,0.053,0.018,0.0109,-0.002,-0.0052,-0.0069,0.001,-0.0002,-0.0024,-0.0064,-0.0023,-0.0056,-0.0084,-0.014,-0.0071,-0.0075,-0.0022,0.0052,0.0076,0.0054,0.0047
2016-02-05,13.8091,-89.631,NE,,0.1429,0.1271,0.099,0.0807,0.0704,0.0591,0.0622,0.0489,0.0244,0.0106,0.0113,0.0152,0.0211,0.0175,0.0196,0.0226,0.0198,0.0011,-0.0076,-0.0136,-0.0121,-0.0098,-0.0036,-0.0022,-0.0116,-0.014,-0.0191,-0.0243,-0.0288
2016-02-05,13.8091,-89.631,NO,,0.035,0.034,0.0411,0.0434,0.0379,0.0411,0.0345,0.0462,0.0407,0.0259,0.0175,0.0102,-0.0019,-0.005,-0.0132,-0.0355,-0.0311,-0.0275,-0.0176,-0.0101,0.0003,0.0007,-0.0062,-0.0038,-0.0062,-0.0069,0.0052,0.0119,0.0219
2016-02-05,13.8091,-89.631,O,,-0.0775,-0.0708,-0.0629,-0.0533,-0.0476,-0.0387,-0.0327,-0.0251,-0.0147,-0.0026,0.0087,0.0136,0.0189,0.0292,0.0225,0.0175,0.016,-0.0049,-0.0082,-0.0151,-0.01,-0.0128,-0.0038,-0.0083,-0.0099,-0.0018,0.0014,0.0027,0.0096
2016-02-05,13.8091,-89.631,S,,0.0156,0.0038,0.015,0.0353,0.026,0.0183,0.0146,0.0101,0.0023,-0.0015,-0.0086,-0.0005,0.0331,0.0082,-0.0052,-0.0082,-0.0083,0.0045,0.0115,0.0103,0.0066,0.0082,0.0077,0.0063,0.0024,-0.0016,-0.0005,-0.0008,-0.0044
2016-02-05,13.8091,-89.631,SE,,0.1011,0.0898,0.084,0.0894,0.0835,0.0822,0.0738,0.0648,0.0543,0.0443,0.0353,0.0254,0.0336,0.0157,-0.0076,-0.015,-0.0143,-0.018,-0.0326,-0.037,-0.0187,-0.0154,0.0031,0.0167,0.0093,0.0043,0.0063,0.008,0.0094
2016-02-05,13.8091,-89.631,SO,,-0.0292,-0.0351,-0.0352,-0.0364,-0.0327,-0.028,-0.0244,-0.0232,-0.015,-0.011,-0.0097,-0.0038,0.0032,-0.0006,-0.0003,0.0201,0.0241,0.0275,0.0226,0.0209,0.0213,0.0166,0.017,0.0122,0.0061,-0.0039,-0.0141,-0.0211,-0.025
2016-02-21,13.8118,-89.6294,E,0.118,0.1111,0.0956,0.0821,0.0932,0.0979,0.0813,0.0693,0.0476,0.0447,0.0558,0.0539,0.0423,0.0317,0.0268,0.0011,0.0035,-0.0126,-0.0184,-0.0151,-0.0047,0.0078,0.0005,-0.0,-0.0063,-0.0141,-0.0085,0.0146,0.0231,-0.0082
2016-02-21,13.8118,-89.6294,N,0.0312,0.0296,0.0368,0.0385,0.0397,0.0366,0.0407,0.0359,0.0247,0.0203,0.0157,0.0156,0.0078,-0.0018,-0.0004,-0.0096,-0.0118,-0.012,-0.0079,-0.0122,-0.0096,-0.0027,-0.0085,-0.0025,-0.0029,-0.0076,-0.0042,-0.0012,-0.0067,-0.015
2016-02-21,13.8118,-89.6294,NE,,0.0746,0.0678,0.0704,0.0821,0.0942,0.0683,0.0508,0.0453,0.0304,0.0157,0.0354,0.0291,0.0233,0.014,-0.0106,-0.0019,-0.0106,-0.0143,-0.0106,-0.0168,-0.0099,-0.0032,0.007,0.0226,0.0096,-0.0066,-0.0322,-0.0446,-0.0473
2016-02-21,13.8118,-89.6294,NO,,0.0166,0.0085,0.0096,0.0114,0.0125,0.0125,0.0034,0.0034,0.0031,0.0049,0.007,0.0062,0.0047,0.0039,0.0009,0.0019,0.002,-0.004,-0.005,-0.0135,-0.0061,-0.0104,-0.0147,-0.0145,-0.0108,-0.006,-0.001,0.0014,0.003
2016-02-21,13.8118,-89.6294,O,,-0.0652,-0.0647,-0.0623,-0.0579,-0.0523,-0.0464,-0.0391,-0.0316,-0.0314,-0.0257,-0.013,-0.0054,0.0018,0.0113,0.015,0.0246,0.0339,0.0395,0.0424,0.0282,0.0332,0.009,0.0273,0.0093,-0.0058,-0.0186,-0.0285,-0.0284,-0.038
2016-02-21,13.8118,-89.6294,S,,0.0134,0.0115,0.0059,-0.0062,-0.0059,-0.0102,-0.0055,-0.004,-0.0026,-0.0005,0.0093,0.0097,0.0072,0.023,0.0288,0.0143,0.0127,0.0085,-0.0027,0.0079,0.0005,-0.0118,-0.0071,-0.0062,-0.0027,-0.0061,-0.0017,-0.0078,-0.0125
2016-02-21,13.8118,-89.6294,SE,,0.1224,0.1153,0.1086,0.102,0.1019,0.0966,0.0927,0.0706,0.0322,0.0111,0.02,0.0419,-0.0022,-0.0508,-0.0316,-0.0303,-0.0236,-0.0265,-0.0162,-0.0052,-0.0006,0.0117,0.0114,0.009,0.0133,0.0112,0.0135,0.0113,0.0067
2016-02-21,13.8118,-89.6294,SO,,-0.0145,-0.0199,-0.0227,-0.025,-0.037,-0.0362,-0.0242,-0.0147,-0.0108,-0.0068,0.0013,0.0077,0.0088,0.0086,0.0104,0.0142,0.0159,0.0158,0.0118,0.0113,0.0079,0.0085,0.0063,-0.0005,-0.0023,-0.008,-0.0072,-0.0076,-0.0119
2016-04-09,13.8137,-89.6303,E,0.0723,0.049,0.0356,0.0317,0.0307,0.0292,0.0158,0.0112,0.0031,0.0059,0.0028,0.001,0.0038,0.0057,0.0239,0.0469,0.0385,0.0416,0.041,0.0614,0.064,0.0635,0.069,0.0506,0.0138,-0.037,-0.0558,-0.0728,-0.0708,-0.0594
2016-04-09,13.8137,-89.6303,N,0.0771,0.0639,0.0573,0.0605,0.0654,0.0475,0.0505,0.0374,0.0261,0.0331,0.0159,0.0115,0.0049,0.0074,0.0021,-0.0231,-0.013,-0.0042,-0.0083,-0.006,-0.0076,-0.0021,-0.0007,0.0113,0.0087,0.0098,0.0098,0.0026,-0.007,-0.0144
2016-04-09,13.8137,-89.6303,NE,,0.0571,0.0432,0.0606,0.0706,0.0706,0.0605,0.0618,0.0567,0.0475,0.0312,0.0232,0.0225,0.0138,0.0076,0.0102,0.0094,0.0149,0.0128,0.0104,0.0068,-0.016,-0.0149,-0.0189,-0.0235,-0.0203,0.0014,-0.0155,-0.0277,-0.0303
2016-04-09,13.8137,-89.6303,NO,,-0.0106,-0.0019,0.005,0.0066,0.0153,0.0199,0.0219,0.0226,0.0229,0.0166,0.0172,0.0071,-0.0,-0.0036,-0.0119,-0.0068,-0.014,-0.0145,-0.0124,-0.0163,-0.0073,-0.0031,0.0051,0.0039,0.0075,0.008,0.013,0.0119,0.0178
2016-04-09,13.8137,-89.6303,O,,0.033,0.0345,0.0213,0.0201,0.0183,0.0145,0.0087,0.006,0.0026,-0.0016,0.0004,-0.0004,-0.0063,-0.0062,-0.0057,-0.0005,0.0017,0.0062,0.0082,0.0086,0.0111,0.0066,0.0107,0.0128,0.0141,0.0136,0.0129,0.0158,0.0123
2016-04-09,13.8137,-89.6303,S,,0.1262,0.0973,0.0643,0.0436,0.0568,0.0483,0.0077,-0.0369,-0.0513,-0.0252,0.0234,0.0228,0.0068,0.0025,-0.0065,-0.0003,0.0096,0.0112,0.0058,-0.0014,0.0026,-0.0043,-0.0041,-0.0037,-0.0038,-0.005,-0.0083,-0.0122,-0.0108
2016-04-09,13.8137,-89.6303,SE,,0.1906,0.153,0.115,0.0953,0.08,0.0521,0.0329,0.0144,-0.0026,0.0051,-0.0028,-0.0158,-0.0157,-0.001,-0.0078,-0.0029,0.0069,0.0119,0.0183,0.0223,0.0293,0.0283,0.0167,0.0093,0.0034,-0.0134,-0.0293,-0.0419,-0.0229
2016-04-09,13.8137,-89.6303,SO,,-0.0239,-0.0171,-0.0294,-0.0365,-0.0619,-0.0258,0.0335,0.0189,0.0063,-0.0032,0.003,-0.0016,0.0101,-0.004,0.0004,-0.0046,0.0007,-0.004,0.0012,0.0068,0.0084,0.0048,0.0063,0.0041,-0.0009,-0.0025,-0.0012,-0.0008,0.0025
2016-06-28,13.814,-89.6292,E,0.0611,0.0579,0.0576,0.0557,0.053,0.0506,0.0412,0.0281,0.0253,0.0234,0.018,0.0116,0.016,0.0161,0.0147,0.0089,0.0017,0.0003,-0.0044,-0.0154,-0.0322,-0.0103,-0.0009,-0.0005,0.0018,-0.0132,-0.0138,-0.0148,-0.0212,-0.0286
2016-06-28,13.814,-89.6292,N,0.0433,0.0336,0.0346,0.0374,0.0255,0.0139,0.024,0.0174,0.0122,0.0133,0.0099,0.0166,0.0114,0.0092,0.0053,-0.0028,-0.0036,-0.0092,-0.0091,-0.0072,-0.0025,-0.0077,-0.0073,-0.0053,-0.0067,-0.0063,-0.002,-0.0025,-0.0021,-0.0026
2016-06-28,13.814,-89.6292,NE,,0.0778,0.0668,0.0632,0.0573,0.0485,0.0437,0.0384,0.0345,0.0357,0.0331,0.0232,0.0137,0.0057,0.0067,0.0072,0.0073,-0.0087,-0.0079,-0.0024,-0.006,-0.009,-0.0013,-0.0035,-0.0097,0.0,-0.0074,-0.0133,-0.0031,-0.0105
2016-06-28,13.814,-89.6292,NO,,-0.0057,-0.0009,0.0005,0.0072,0.0037,0.0061,0.0095,0.01,0.0133,0.01,0.0081,0.0051,0.0037,0.0034,-0.0015,0.0012,-0.007,-0.0033,-0.0094,-0.0086,-0.0069,-0.0059,-0.0068,-0.004,-0.0017,-0.0012,0.0024,0.0082,0.0091
2016-06-28,13.814,-89.6292,O,,0.0597,0.0553,0.0486,0.0368,0.0374,0.0369,0.0372,0.0314,0.0211,0.0092,0.0017,-0.0058,-0.0093,-0.0092,-0.0088,-0.0075,-0.0093,-0.0027,0.0012,-0.0027,-0.0012,-0.0043,-0.0052,0.0013,0.0076,0.0089,0.004,-0.0016,0.0005
2016-06-28,13.814,-89.6292,S,,0.081,0.0729,0.0655,0.0563,0.0413,0.0278,0.0153,0.0029,0.0075,0.0037,0.0007,-0.0086,-0.0127,-0.0122,-0.0051,-0.0084,-0.0079,-0.0052,-0.0022,-0.0005,0.007,0.0075,0.0079,0.0129,0.0071,-0.0079,-0.0072,-0.0065,-0.0084
2016-06-28,13.814,-89.6292,SE,,0.0891,0.0837,0.0706,0.0613,0.0541,0.0365,0.0375,0.0256,0.0163,0.011,0.0078,0.0085,-0.0013,-0.0017,-0.0014,-0.0032,-0.0019,-0.0028,-0.0014,-0.0039,0.0016,0.0045,0.0089,0.0092,0.0076,0.0015,-0.0075,-0.017,-0.0266
2016-06-28,13.814,-89.6292,SO,,0.076,0.0719,0.0651,0.0588,0.0513,0.043,0.0323,0.0136,-0.0025,0.0079,0.0038,-0.0093,-0.0157,-0.0161,-0.0131,-0.0101,-0.0113,-0.0089,-0.0058,-0.0048,0.0002,0.0005,0.0015,0.0047,0.0039,0.0053,0.0033,0.0056,0.0069
2016-07-30,13.8134,-89.6291,E,0.0342,0.0283,0.0187,0.017,0.0176,0.0187,0.0169,0.0129,0.0102,0.002,0.0033,0.0044,0.0035,0.0024,0.0073,0.0093,0.0084,0.004,0.0002,-0.009,-0.0092,-0.0033,-0.0093,-0.0042,0.0033,-0.0015,-0.003,-0.0071,-0.0108,-0.012
2016-07-30,13.8134,-89.6291,N,0.0359,0.0355,0.0349,0.0351,0.03,0.0194,0.0283,0.0247,0.015,0.0115,0.0067,0.0034,-0.0026,-0.0017,-0.003,-0.0047,-0.008,-0.0059,-0.0049,-0.004,-0.0019,0.001,0.001,0.0012,0.0007,-0.0004,0.0014,0.0022,0.0027,0.0042
2016-07-30,13.8134,-89.6291,NE,,0.0613,0.0579,0.0472,0.044,0.0398,0.0334,0.0278,0.0226,0.0196,0.0116,0.0117,0.0046,-0.0041,-0.0059,-0.0013,0.0054,0.0053,0.0016,0.0022,-0.004,-0.0093,-0.0144,-0.0125,-0.0053,-0.0039,-0.002,-0.0008,-0.0019,-0.0014
2016-07-30,13.8134,-89.6291,NO,,0.0059,0.005,0.004,0.0051,0.0058,0.0059,0.0115,0.0121,0.0124,0.0097,0.0071,0.0049,-0.0003,0.0018,-0.0037,-0.0026,-0.0051,0.0002,0.0013,-0.0104,-0.0031,-0.0083,-0.0074,-0.0035,-0.0022,0.0008,0.0034,0.0045,0.0084
2016-07-30,13.8134,-89.6291,O,,0.0465,0.0352,0.0291,0.0256,0.0204,0.0142,0.0099,0.0022,0.0009,-0.005,-0.0059,-0.0061,-0.0066,-0.0042,-0.0053,0.0007,-0.0051,-0.0043,-0.0011,-0.0027,0.0008,-0.001,0.0024,0.0052,0.0059,0.0044,-0.0006,-0.0029,-0.0026
2016-07-30,13.8134,-89.6291,S,,0.0326,0.0313,0.0292,0.0284,0.0249,0.0179,0.014,0.0105,0.0093,0.0108,0.0033,-0.0054,-0.0115,-0.014,-0.013,-0.0102,-0.0107,-0.006,-0.0007,0.0053,0.0106,0.013,0.0138,0.0114,0.0068,0.0033,0.0013,-0.0041,-0.0076
2016-07-30,13.8134,-89.6291,SE,,0.0617,0.0579,0.0496,0.0441,0.0388,0.0313,0.0237,0.0175,0.0122,0.0073,0.0024,-0.0008,-0.0075,-0.0087,-0.0104,-0.0064,-0.0071,-0.0037,-0.0018,-0.0011,0.0,0.0002,0.0029,0.0049,0.0043,0.0019,0.001,-0.004,-0.0097
2016-07-30,13.8134,-89.6291,SO,,0.0518,0.0458,0.0377,0.032,0.0291,0.0226,0.0168,0.0129,0.0099,0.0024,-0.0025,-0.0029,-0.0048,-0.0047,-0.0056,-0.0061,-0.0067,-0.0086,-0.0075,-0.0047,-0.0036,-0.002,-0.0004,0.0022,0.0008,0.0009,0.0008,0.0013,0.0067
2016-11-19,13.8088,-89.6316,E,0.1302,0.1303,0.1297,0.1335,0.1319,0.1315,0.1188,0.1095,0.0969,0.0902,0.086,0.0779,0.0643,0.05,0.027,0.0019,-0.0037,-0.0036,-0.0173,-0.064,-0.0696,-0.0661,-0.0024,-0.0028,-0.0034,0.0019,0.0022,-0.0137,-0.0179,-0.0467
2016-11-19,13.8088,-89.6316,N,0.1242,0.1333,0.1164,0.1131,0.1006,0.0958,0.1026,0.1041,0.0908,0.0805,0.0502,0.0582,0.0563,0.0162,-0.0048,-0.0032,-0.0292,-0.011,-0.0008,-0.0065,-0.0102,-0.0172,-0.0228,-0.0302,-0.0208,-0.0335,-0.0313,-0.0245,-0.0031,-0.0111
2016-11-19,13.8088,-89.6316,NE,,0.1594,0.1576,0.152,0.1399,0.1182,0.1092,0.0878,0.0667,0.0488,0.0192,0.0063,0.0033,-0.0104,-0.0056,0.0033,-0.0019,0.0017,0.0153,-0.006,-0.0113,-0.019,-0.0229,-0.0265,-0.0068,0.01,0.0148,-0.0038,-0.017,-0.0278
2016-11-19,13.8088,-89.6316,NO,,-0.0371,-0.0185,-0.0111,-0.0076,-0.0023,0.0185,0.0093,0.0388,0.0395,0.0275,0.0298,0.0367,-0.001,0.0112,0.0151,0.0181,0.0066,-0.012,-0.0268,-0.0173,-0.0083,-0.0082,-0.0168,-0.0087,-0.0175,-0.0252,-0.0156,1e-04,0.0066
2016-11-19,13.8088,-89.6316,O,,-0.1724,-0.1495,-0.1285,-0.1087,-0.0863,-0.0669,-0.0527,-0.0345,-0.0178,-0.0019,0.014,0.0267,0.0414,0.0414,0.0356,0.0449,0.0395,0.0024,0.0051,-0.0026,-0.0122,-0.0137,-0.0114,-0.02,-0.0129,-0.0067,-0.0041,0.0032,0.005
2016-11-19,13.8088,-89.6316,S,,-0.0102,0.0184,0.0118,0.0032,0.001,0.0022,-0.0044,-0.0093,-0.021,0.0039,0.0354,0.0367,0.0157,0.0056,0.0016,0.0054,0.0111,0.0187,0.0217,0.0177,0.0205,0.0206,0.0122,0.0038,-0.0006,0.0062,-0.0033,-0.0114,-0.0217
2016-11-19,13.8088,-89.6316,SE,,0.0916,0.102,0.0968,0.088,0.0795,0.0771,0.0698,0.0604,0.0479,0.0427,0.0498,0.0529,0.032,0.0066,-0.0038,-0.0055,0.0241,-0.0116,-0.0263,-0.024,-0.0213,-0.0084,0.002,-0.0025,-0.0008,0.0036,0.0113,0.0188,0.0102
2016-11-19,13.8088,-89.6316,SO,,-0.135,-0.119,-0.097,-0.0861,-0.0755,-0.0585,-0.0476,-0.03,-0.0207,-0.0213,-0.0103,-0.006,0.0154,0.0125,0.0267,0.0451,0.035,0.0371,0.0382,0.0306,0.0265,0.0234,0.0073,-0.0039,-0.0086,-0.0185,-0.0229,-0.034,-0.0247
2016-12-21,13.8088,-89.6316,E,0.0731,0.0723,0.0694,0.0718,0.0752,0.0784,0.0736,0.0657,0.0571,0.0459,0.0383,0.0331,0.0237,0.0189,0.0071,0.0003,-0.0033,0.0074,-0.006,-0.0439,-0.033,-0.0125,-0.0018,-0.0022,-0.0036,-0.0015,-0.0027,-0.0145,-0.0175,-0.0381
2016-12-21,13.8088,-89.6316,N,0.0567,0.0617,0.047,0.0465,0.0403,0.0389,0.0482,0.0523,0.0498,0.047,0.0312,0.0408,0.0306,0.0031,-0.0027,-0.0107,-0.0147,-0.0042,-0.0002,-0.0042,-0.0111,-0.0114,-0.0163,-0.0161,-0.0161,-0.0235,-0.0223,-0.0151,-0.0002,-0.0058
2016-12-21,13.8088,-89.6316,NE,,0.0844,0.0813,0.0757,0.0672,0.0533,0.0492,0.0363,0.0271,0.0216,0.0026,0.0022,0.0063,-0.0038,0.0018,0.0096,0.0083,0.0109,0.0162,0.0034,-0.0013,-0.006,-0.0124,-0.0193,-0.0078,-0.0023,0.0032,-0.0037,-0.0145,-0.0154
2016-12-21,13.8088,-89.6316,NO,,-0.0222,-0.0116,-0.0079,-0.0046,0.0017,0.0188,0.0102,0.0316,0.0281,0.0182,0.0199,0.021,-0.0069,0.0028,0.0099,0.0138,-0.0064,-0.0327,-0.0286,-0.0156,-0.012,0.0012,-0.0039,-0.0029,0.0021,-0.0027,0.0006,0.0162,0.0209
2016-12-21,13.8088,-89.6316,O,,-0.1206,-0.107,-0.0924,-0.0774,-0.0592,-0.0452,-0.0292,-0.0145,0.0007,0.0144,0.0234,0.0004,0.0036,0.0084,0.0144,0.0252,0.0206,-0.0022,0.0069,-0.0014,-0.0058,-0.0036,-0.0109,-0.0117,-0.0103,-0.0016,0.0017,0.005,0.0095
2016-12-21,13.8088,-89.6316,S,,0.0175,0.0301,0.0266,0.0249,0.0211,0.0172,0.0113,0.0076,1e-04,0.0048,0.0188,0.0165,0.0099,0.0076,0.0019,-0.0057,0.0021,0.0057,0.0043,0.0034,0.0032,0.0067,0.0082,0.005,0.0069,0.0096,0.0049,0.0003,-0.0117
2016-12-21,13.8088,-89.6316,SE,,0.0635,0.0698,0.0686,0.066,0.059,0.0565,0.0487,0.0333,0.0231,0.024,0.0283,0.0281,0.0173,-0.0005,-0.002,-0.0014,0.0175,-0.0035,-0.0143,-0.0136,-0.0124,0.0014,0.0073,0.0026,-0.0038,0.0026,0.0069,0.0116,0.0062
2016-12-21,13.8088,-89.6316,SO,,-0.0387,-0.0213,-0.0152,-0.0123,-0.0116,-0.0104,-0.0079,0.0021,0.0018,-0.0029,0.0046,0.0068,0.0261,0.0204,0.0286,0.0342,0.0286,0.0248,0.0209,0.0064,-0.0006,-0.0058,-0.0112,0.0149,0.004,-0.0123,-0.0271,-0.0263,-0.0529
2017-02-07,13.8131,-89.6302,E,0.1536,0.1512,0.1343,0.1,0.0759,0.0707,0.0508,0.0513,0.0174,0.0213,0.016,0.0204,0.0266,0.0246,0.0234,0.0278,0.041,0.0399,0.0365,0.0286,0.0304,0.0261,0.0237,0.0187,0.0024,0.0106,0.0063,-0.0206,-0.0522,-0.0711
2017-02-07,13.8131,-89.6302,N,0.0703,0.081,0.0883,0.0892,0.0762,0.0658,0.0569,0.0494,0.0392,0.0278,0.0153,0.0114,0.01,0.0074,0.0008,-0.0096,-0.0116,-0.0183,-0.0212,-0.0214,-0.0174,-0.0151,-0.0116,-0.0043,0.0086,0.0108,0.0064,0.0049,0.008,0.0126
2017-02-07,13.8131,-89.6302,NE,,0.0796,0.0838,0.0649,0.0663,0.0716,0.0747,0.0762,0.0769,0.0683,0.0678,0.049,0.0174,0.0366,0.0223,0.0146,0.0235,0.0261,0.0369,0.0319,0.0292,0.0232,0.0213,0.0161,0.0039,-0.0232,-0.058,-0.0675,-0.0686,-0.1087
2017-02-07,13.8131,-89.6302,NO,,0.1231,0.122,0.1157,0.1079,0.0904,0.072,0.0567,0.0398,0.0229,0.0112,0.0031,-0.0022,-0.0091,-0.0139,-0.0157,-0.0143,-0.0153,-0.0175,-0.0157,-0.0168,-0.0081,-0.0021,0.006,0.0082,0.0153,0.0128,0.0119,0.0113,0.0131
2017-02-07,13.8131,-89.6302,O,,0.0992,0.0984,0.0927,0.0832,0.0658,0.0492,0.0337,0.0183,0.004,-0.0056,-0.0177,-0.0116,-0.0112,0.0026,0.002,-0.0029,-0.0243,-0.0038,0.003,0.0056,0.0104,0.0178,0.0232,0.0278,0.0309,0.0303,0.0321,0.0265,0.0285
2017-02-07,13.8131,-89.6302,S,,0.0326,0.0237,0.0031,-0.0216,-0.0188,0.0154,-1e-04,-0.0068,0.0042,0.0109,0.0178,0.0158,0.0145,0.0094,0.0083,0.0041,0.0031,0.0008,0.0099,0.0057,0.0023,-0.0,-0.0086,-0.0063,-0.0097,-0.0097,-0.0075,-0.0122,-0.0135
2017-02-07,13.8131,-89.6302,SE,,0.2088,0.1992,0.1666,0.1278,0.0932,0.0899,0.0656,0.0208,0.0056,0.01,-0.0015,-0.0115,-0.0238,-0.0169,-0.0168,-0.0152,-0.0047,-0.0048,-0.0041,-0.0013,0.0003,0.0027,0.0078,0.0084,0.0075,0.0099,0.0071,-0.0019,-0.004
2017-02-07,13.8131,-89.6302,SO,,0.0265,0.0229,0.0237,0.0183,0.0113,0.0243,0.0225,0.0161,0.0168,0.0122,0.0101,0.0113,0.0025,-0.0077,-0.009,-0.015,-0.0038,-0.0098,-0.0128,-0.0181,-0.0131,-0.0067,-0.0074,-0.0049,-0.0026,-0.0007,0.0017,-0.0036,0.013
2017-04-12,13.8132,-89.6291,E,0.1488,0.1287,0.1127,0.0979,0.0972,0.0986,0.0912,0.078,0.0576,0.0402,0.0217,0.0195,0.0141,0.0008,0.0025,0.0128,0.0274,0.0364,0.0197,0.0151,0.0015,-0.0092,0.0071,-0.0253,0.0065,-0.0122,-0.0092,-0.0225,-0.0373,-0.0575
2017-04-12,13.8132,-89.6291,N,0.1215,0.1053,0.0951,0.0874,0.0704,0.0519,0.0531,0.039,0.0271,0.0136,0.0056,0.0008,-0.0025,-0.0017,-0.0061,-0.0095,-0.0107,-0.0113,-0.0093,-0.0057,0.0027,0.0039,0.008,-0.0022,-0.0041,-0.0153,-0.0055,-0.0006,-0.0023,0.0032
2017-04-12,13.8132,-89.6291,NE,,0.1663,0.15,0.1379,0.1214,0.0981,0.0894,0.075,0.0608,0.0562,0.0372,0.033,0.0309,0.0141,0.0105,0.0037,0.0107,0.0174,0.0217,0.0166,-0.0064,-0.0085,-0.0151,-0.0444,-0.0349,-0.0249,-0.035,-0.022,0.0019,-0.0256
2017-04-12,13.8132,-89.6291,NO,,0.0588,0.0571,0.0545,0.0515,0.0443,0.0365,0.0304,0.0204,0.0146,0.0078,0.0087,0.0042,0.0038,0.0034,-0.0004,-0.0,-0.0076,0.0006,-0.005,-0.0141,-0.0082,-0.0043,-0.0,0.0026,0.0039,0.0031,0.0076,0.0107,0.0143
2017-04-12,13.8132,-89.6291,O,,0.0808,0.0724,0.0697,0.0602,0.0467,0.0326,0.0199,0.0096,-0.0,-0.0058,-0.0068,-0.003,-0.0101,-0.0087,-0.0133,-0.0055,-0.0079,-0.0061,-0.0026,-0.0068,-0.0053,-0.0028,0.0009,0.0087,0.0054,0.001,0.0033,0.0059,0.0069
2017-04-12,13.8132,-89.6291,S,,0.1038,0.1019,0.101,0.0977,0.0953,0.0777,0.0431,0.02,0.0237,0.0516,0.0154,-0.0144,-0.0288,0.0339,0.0322,0.0345,0.0254,0.0188,0.0145,0.0081,-0.0044,-0.003,-0.0042,0.0062,0.0018,-0.0032,0.0026,-0.0156,-0.0268
2017-04-12,13.8132,-89.6291,SE,,0.2043,0.1896,0.1806,0.1656,0.1435,0.1203,0.0944,0.0736,0.0489,0.0338,0.0029,-0.0069,-0.01,-0.0128,-0.0211,-0.0339,-0.039,-0.0238,-0.0124,-0.0095,-0.004,-0.0006,0.0025,0.0045,0.0126,0.0113,0.0115,0.011,-0.0193
2017-04-12,13.8132,-89.6291,SO,,0.0262,0.0251,0.0229,0.0162,0.0122,-0.0054,-0.0079,0.0229,0.012,0.0061,0.0027,0.0009,0.006,0.0055,-0.003,-1e-04,-0.0018,-0.0073,-0.0018,0.0011,-0.0004,-0.0017,0.0052,0.0023,0.0004,0.0004,-0.0017,0.0005,0.0043
2017-04-28,13.8123,-89.6291,E,0.1097,0.0949,0.0971,0.0846,0.0714,0.065,0.0524,0.047,0.0371,0.0372,0.0304,0.0198,0.0088,-0.0089,-0.0103,-0.0117,-0.015,-0.0127,-0.0065,-0.0062,-0.0055,-0.0042,-0.0032,-0.015,-0.0182,-0.0014,-0.0244,-0.0057,0.0058,0.0034
2017-04-28,13.8123,-89.6291,N,0.0692,0.0716,0.0689,0.0691,0.0596,0.0528,0.0408,0.0248,0.027,0.0166,0.017,0.0085,0.0027,0.0027,0.0016,-0.0019,0.0012,-0.0,0.0003,0.003,1e-04,0.0006,0.0026,-0.0023,-0.0046,-0.0035,-0.0121,-0.0025,-0.0081,-0.0069
2017-04-28,13.8123,-89.6291,NE,,0.1302,0.1204,0.1215,0.1165,0.1052,0.0913,0.0835,0.0718,0.0504,0.0442,0.0361,0.0232,0.0141,0.0228,0.0055,-0.009,-0.0154,-0.0116,-0.0122,-0.0099,-0.0105,-0.0376,-0.0433,-0.0472,-0.0348,-0.024,-0.0014,0.01,0.0111
2017-04-28,13.8123,-89.6291,NO,,0.0581,0.0597,0.0588,0.0524,0.0411,0.0339,0.0234,0.0146,0.013,0.0096,0.0097,0.0031,0.0004,-0.0042,-0.0067,-0.0058,-0.0082,-0.0073,-0.0075,-0.0073,-0.0031,-0.0026,-0.0045,-0.0021,0.001,0.0004,0.0041,0.0067,0.0083
2017-04-28,13.8123,-89.6291,O,,0.0629,0.0565,0.0442,0.0321,0.0216,0.01,0.0007,-0.0077,-0.0095,-0.0047,-0.0071,-0.0017,-0.0024,0.0017,0.0057,0.003,0.0084,0.0094,0.0125,0.0064,0.0091,0.0085,0.0096,0.0041,-0.0002,-0.0043,-0.001,1e-04,-0.0059
2017-04-28,13.8123,-89.6291,S,,0.0824,0.0759,0.0682,0.0635,0.0527,0.0358,0.0406,0.0456,0.0315,0.0186,0.0078,0.0021,-0.0024,-0.0122,-0.0075,-0.0055,-0.0073,-0.0096,-0.0066,-0.0174,-0.0075,-0.0103,-0.0114,-0.0047,0.0044,0.0006,0.0083,0.0035,0.0006
2017-04-28,13.8123,-89.6291,SE,,0.1212,0.1115,0.1004,0.095,0.0885,0.0804,0.0687,0.0586,0.0363,0.0228,0.0207,0.0141,-0.0079,-0.0172,-0.0089,-0.0125,-0.0226,-0.023,-0.0177,-0.0089,-0.0111,-0.0058,-0.0008,0.0074,0.0148,0.0158,0.02,0.0149,0.0075
2017-04-28,13.8123,-89.6291,SO,,0.0314,0.0287,0.0112,0.009,0.013,0.0159,0.0127,-0.0084,0.0056,0.0054,0.0046,0.004,0.0058,0.004,-0.0022,-0.0025,0.0016,0.0015,0.0018,0.0009,0.0003,-0.0009,-0.0037,-0.0034,-0.0021,-0.0017,1e-04,0.0021,1e-04
2017-12-24,13.8088,-89.6316,E,0.1101,0.1014,0.0887,0.0911,0.0799,0.0795,0.069,0.0639,0.0551,0.0512,0.0443,0.0388,0.0293,0.0218,0.0116,0.0035,-0.0045,0.0104,-0.024,-0.0545,-0.0355,-0.0089,-1e-04,-0.002,-0.0054,-0.003,-0.0047,-0.0201,-0.0238,-0.05
2017-12-24,13.8088,-89.6316,N,0.0757,0.0805,0.0596,0.0633,0.0551,0.0511,0.0625,0.0707,0.0605,0.0518,0.027,0.0386,0.0287,-0.0029,-0.0157,-0.0099,-0.0198,-0.0011,0.0053,-0.0023,-0.0058,-0.0072,-0.0078,-0.0142,-0.016,-0.0248,-0.0157,-0.0082,0.0061,-0.0027
2017-12-24,13.8088,-89.6316,NE,,0.1098,0.0985,0.0859,0.0648,0.0413,0.0328,0.0163,0.0074,0.007,-0.0144,-0.0106,0.0003,-0.0041,0.0044,0.0178,0.0204,0.0242,0.0346,0.0191,0.0179,0.0078,0.0008,-0.0042,-0.0022,-0.003,-0.0073,-0.0192,-0.033,-0.0349
2017-12-24,13.8088,-89.6316,NO,,-0.0533,-0.0357,-0.0311,-0.0241,-0.0144,0.0066,0.0042,0.0311,0.0376,0.028,0.031,0.0277,-0.0112,0.0013,0.0114,0.0157,-0.011,-0.0426,-0.0317,-0.0188,-0.0152,-0.0018,-0.0062,-0.0081,-0.0003,-0.0081,-0.0029,0.0198,0.0281
2017-12-24,13.8088,-89.6316,O,,-0.1894,-0.166,-0.1449,-0.1245,-0.1039,-0.0809,-0.0612,-0.0397,-0.0184,0.0016,0.019,0.0301,0.0436,0.035,0.0289,0.0346,0.0257,-0.0005,0.0091,-0.0018,-0.0094,-0.0119,-0.0095,-0.0173,-0.0128,-0.0074,-0.0037,0.0057,0.0068
2017-12-24,13.8088,-89.6316,S,,-0.0047,0.0174,0.0112,0.0101,0.0028,-1e-04,-0.0075,-0.0084,-0.0145,0.0078,0.0309,0.0292,0.0121,0.0064,0.0041,0.0101,0.0147,0.0219,0.0219,0.016,0.0193,0.0154,0.0084,0.0023,0.0006,0.0052,-0.0023,-0.0103,-0.0125
2017-12-24,13.8088,-89.6316,SE,,0.1023,0.1011,0.0946,0.0855,0.0761,0.0715,0.0612,0.0512,0.0344,0.0344,0.0459,0.048,0.027,0.0047,-0.0038,-0.0082,0.0184,-0.0091,-0.0275,-0.0148,-0.0109,-1e-04,0.0126,0.0035,-0.0019,0.0056,0.0095,0.0152,0.0069
2017-12-24,13.8088,-89.6316,SO,,-0.1415,-0.1268,-0.1059,-0.097,-0.0854,-0.0688,-0.0574,-0.0371,-0.0258,-0.0252,-0.0113,-0.0052,0.0182,0.0147,0.0289,0.0505,0.0478,0.0395,0.0379,0.0306,0.0271,0.0182,0.0043,-0.0029,-0.0082,-0.0195,-0.0255,-0.0315,-0.0307
2018-01-09,13.8088,-89.6316,E,0.0829,0.0806,0.0768,0.0802,0.0786,0.0803,0.073,0.0657,0.0556,0.052,0.0514,0.0529,0.0429,0.039,0.0285,0.0132,0.0082,0.0169,-0.0148,-0.0704,-0.0484,-0.0146,-0.015,-0.0082,-0.0167,-0.0102,-0.0091,-0.0247,-0.0279,-0.0578
2018-01-09,13.8088,-89.6316,N,0.0784,0.0857,0.0694,0.0723,0.065,0.0574,0.0643,0.0719,0.0634,0.058,0.0392,0.041,0.0265,0.0023,-0.0088,-0.0182,-0.0146,-0.003,-0.0044,-0.0099,-0.0117,-0.0113,-0.0146,-0.0168,-0.0206,-0.0248,-0.0185,-0.0141,-0.0004,-0.0048
2018-01-09,13.8088,-89.6316,NE,,0.0953,0.0905,0.0855,0.0745,0.0529,0.0431,0.0263,0.0184,0.017,0.0018,0.0067,0.0113,0.0082,0.01,0.0317,0.0231,0.0218,0.0335,0.0168,0.0113,-0.0021,-0.0112,-0.0146,-0.006,-0.0017,-1e-04,-0.0156,-0.0354,-0.0376
2018-01-09,13.8088,-89.6316,NO,,-0.0507,-0.034,-0.027,-0.0186,-0.0087,0.0106,0.0109,0.0365,0.0428,0.0317,0.0344,0.0348,-0.0149,-0.0014,0.0046,0.0137,-0.0086,-0.0385,-0.0305,-0.0156,-0.0106,-0.0071,-0.0077,-0.0052,0.0009,-0.0092,-0.0002,0.0188,0.0237
2018-01-09,13.8088,-89.6316,O,,-0.1765,-0.1555,-0.1325,-0.1129,-0.0914,-0.0705,-0.0526,-0.0331,-0.015,0.0027,0.0197,0.0339,0.0421,0.0404,0.0311,0.0387,0.0315,-0.0039,0.0041,-0.0056,-0.0106,-0.0166,-0.0138,-0.0166,-0.0051,-0.0045,0.0045,0.0082,0.0118
2018-01-09,13.8088,-89.6316,S,,0.0157,0.0333,0.0234,0.0178,0.0119,0.0047,-0.0031,-0.0131,-0.0212,-1e-04,0.0343,0.0271,0.0108,0.0027,0.0014,0.0069,0.0124,0.0156,0.02,0.0133,0.0166,0.0148,0.0079,0.0021,1e-04,0.007,-0.0003,-0.0065,-0.0141
2018-01-09,13.8088,-89.6316,SE,,0.1052,0.1057,0.0995,0.0903,0.0829,0.0838,0.0747,0.0604,0.0453,0.0483,0.0569,0.0614,0.0371,0.0116,0.0035,-0.0046,0.0143,-0.0218,-0.037,-0.0251,-0.0259,-0.0219,-0.0057,-0.0112,0.0025,0.0085,0.0181,0.0225,0.0198
2018-01-09,13.8088,-89.6316,SO,,-0.1102,-0.0983,-0.0799,-0.0718,-0.0639,-0.0499,-0.0427,-0.0232,-0.0172,-0.0212,-0.0094,-0.0054,0.0167,0.0126,0.0259,0.0408,0.0325,0.0319,0.0343,0.0218,0.0253,0.021,0.0118,-0.0017,-0.0077,-0.0166,-0.0193,-0.0237,-0.0209
2018-01-25,13.8088,-89.6335,E,0.0648,0.0627,0.0501,0.0434,0.032,0.0242,0.0313,0.0265,0.03,0.0274,0.0215,0.0144,0.0193,0.024,0.0237,0.0168,0.0088,-0.0101,-0.0247,-0.0035,0.0088,0.0039,0.0049,0.0139,0.0108,0.0025,0.0,-0.0075,-0.0155,-0.0184
2018-01-25,13.8088,-89.6335,N,,0.0613,0.0569,0.055,0.0514,0.0418,0.0364,0.0344,0.0328,0.0245,0.0218,0.0227,0.0231,0.0289,0.0339,0.0387,0.0393,0.0298,0.0184,-0.0012,-0.0089,-0.0177,-0.0133,-0.0149,-0.012,-0.012,-0.0132,-0.0111,-0.0144,-0.0167
2018-01-25,13.8088,-89.6335,NE,,0.0966,0.089,0.0788,0.0764,0.0655,0.0678,0.059,0.0501,0.0418,0.0349,0.0271,0.0172,0.0132,0.0086,-0.0024,-0.0073,-0.0135,-0.0126,-0.013,-0.0059,-0.0017,0.0009,0.0019,-0.0023,-0.0011,-0.0058,-0.0116,-0.0194,-0.0242
2018-01-25,13.8088,-89.6335,NO,,-0.0506,-0.0438,-0.0398,-0.0366,-0.0302,-0.0281,-0.0254,-0.0048,0.0022,0.0098,0.0163,0.038,0.0343,0.0378,0.0499,0.0498,0.0372,0.0271,0.0151,0.0066,-0.0025,-0.0129,-0.0177,-0.0206,-0.0203,-0.0178,-0.015,-0.011,-0.0043
2018-01-25,13.8088,-89.6335,O,,-0.1379,-0.1198,-0.1052,-0.0893,-0.0764,-0.0616,-0.05,-0.0374,-0.026,-0.0133,0.0057,0.0184,0.027,0.0196,0.0271,0.028,0.0297,0.0134,0.0029,-0.0033,-0.0064,-0.0101,-0.0108,-0.0107,-0.0091,-0.005,-0.0067,-0.004,-0.0004
2018-01-25,13.8088,-89.6335,S,-0.0751,-0.0814,-0.0949,-0.0539,-0.0047,-0.0008,-0.013,-0.0194,-0.0096,-0.0101,0.0023,0.0105,0.0166,0.012,0.0156,0.0218,0.018,0.0183,0.0114,0.0115,0.0091,0.0058,0.0047,-1e-04,0.0033,0.0078,-0.006,-0.0127,0.0047,-0.0127
2018-01-25,13.8088,-89.6335,SE,,0.0374,0.0229,0.0004,-0.0007,0.0704,0.0542,0.0351,0.0127,-0.0047,0.0108,0.035,0.0338,0.0125,0.0092,0.0128,0.0095,0.0047,-0.0219,-0.0087,-0.0025,-0.0118,-0.0133,-0.0011,-0.0018,0.0006,0.0041,-0.0028,-0.0115,-0.0029
2018-01-25,13.8088,-89.6335,SO,,-0.1074,-0.0973,-0.0947,-0.0912,-0.081,-0.0608,-0.0438,-0.0304,-0.0189,-0.0049,0.006,0.007,0.0183,0.025,0.032,0.0365,0.0358,0.0311,0.0192,0.0116,0.0024,-0.0095,-0.0091,-0.0188,-0.0148,-0.0109,-0.0093,-0.0107,-0.0121
2018-07-04,13.8123,-89.6286,E,0.1356,0.1142,0.1267,0.1075,0.0901,0.0811,0.0415,0.0282,0.0237,0.0302,0.0311,0.0212,0.0238,-0.0012,-0.002,-0.0046,-0.0026,-0.0042,0.005,0.0147,0.0207,0.028,0.0169,-0.0066,-0.042,-0.0525,-0.0395,-0.012,-0.0027,-0.0104
2018-07-04,13.8123,-89.6286,N,0.1235,0.1196,0.1005,0.0886,0.0712,0.0539,0.041,0.0286,0.0252,0.0141,0.0043,0.0075,0.0067,0.0037,0.0109,0.0056,0.0002,0.0012,0.002,-0.003,-0.0007,-0.0034,-0.0043,-0.0043,-0.0173,-0.0163,-0.011,-0.0069,-0.0013,0.0008
2018-07-04,13.8123,-89.6286,NE,,0.1453,0.1376,0.1277,0.1157,0.1007,0.0872,0.0729,0.0515,0.0395,0.0295,0.0253,0.0293,0.0253,0.0132,-0.0028,-0.0075,0.0022,0.0065,0.0113,0.0252,-0.0262,-0.036,-0.0502,-0.0511,-0.0401,-0.0036,0.0082,0.0128,0.0155
2018-07-04,13.8123,-89.6286,NO,,0.0545,0.0501,0.0428,0.0365,0.0255,0.0141,0.0115,0.0091,0.0112,0.0026,0.007,0.0009,-0.0042,0.0002,-0.0006,0.0,-0.0025,-0.0059,-0.0031,0.001,0.0008,-0.0018,-0.0055,-0.0027,0.0002,-0.0032,0.0014,0.0035,0.0071
2018-07-04,13.8123,-89.6286,O,,0.0789,0.0752,0.0648,0.0507,0.036,0.0189,0.0087,-0.0076,-0.0108,-0.0181,-0.0133,-0.0128,-0.0167,-0.0157,-0.0068,0.0015,0.0054,0.0015,0.0084,0.0116,0.0093,0.0087,0.0058,0.0018,-0.0013,-1e-04,0.0026,0.0015,0.0002
2018-07-04,13.8123,-89.6286,S,,0.1189,0.1201,0.1082,0.096,0.0815,0.0726,0.0486,0.0384,0.0317,0.0333,0.0171,0.0094,0.0071,0.0019,-0.0006,-0.012,-0.0054,-0.0024,-0.0028,-0.0075,-0.009,-0.013,-0.0057,-0.0032,-0.0042,-0.0056,-0.0034,-0.0004,-0.0045
2018-07-04,13.8123,-89.6286,SE,,0.1393,0.1242,0.1181,0.1052,0.0981,0.085,0.0826,0.0799,0.0622,0.0547,0.0301,0.032,0.0123,-1e-04,-0.0071,-0.009,-0.0148,-0.0164,-0.032,-0.0263,-0.013,-0.0069,-0.0005,0.0039,0.0112,0.0085,0.0233,0.0241,0.0188
2018-07-04,13.8123,-89.6286,SO,,0.015,0.0162,0.0201,0.0126,-0.0002,0.0173,0.0117,0.0064,-0.0179,-0.0214,-0.006,-0.0033,0.002,0.0093,0.0127,0.0096,0.0073,0.0065,0.0073,0.0071,0.0076,0.0045,-0.0,0.0022,-0.0039,-0.0033,-0.0022,-0.0034,-0.0037
2018-07-20,13.8137,-89.6286,E,0.0609,0.0467,0.0407,0.0424,0.0407,0.0378,0.0304,0.0244,0.016,0.0032,0.006,0.0067,0.0056,0.0085,0.0176,0.0239,0.0269,0.0225,0.0145,0.0043,-0.0144,-0.0371,-0.0173,0.0131,0.0022,-0.01,-0.023,-0.0248,-0.0242,-0.0281
2018-07-20,13.8137,-89.6286,N,0.0557,0.0442,0.0327,0.0339,0.034,0.0239,0.0246,0.0117,0.0062,0.0038,-0.0018,0.0043,-0.0041,-0.0068,-0.0074,-0.0073,-0.0094,-0.003,0.0095,0.008,0.0081,0.0053,0.0006,-0.001,-0.0037,-0.0147,-0.0117,-0.0097,-0.008,-0.0107
2018-07-20,13.8137,-89.6286,NE,,0.0898,0.0815,0.0684,0.0565,0.0462,0.0404,0.0306,0.0226,0.0297,0.0162,0.0043,-0.0008,0.0008,0.0087,0.0212,0.0094,0.0056,0.005,0.0035,-0.0047,-0.0093,-0.023,-0.0291,-0.0218,-0.0173,-0.0181,-0.012,-0.0042,-0.0116
2018-07-20,13.8137,-89.6286,NO,,0.0191,0.0227,0.0158,0.0144,0.0143,0.0093,0.004,0.0003,-0.0034,-0.0033,-0.0015,-0.0008,0.001,0.0015,0.0002,0.001,0.0006,0.001,0.0021,0.0018,0.0026,0.0014,-0.0014,-0.0007,-0.0024,-0.0014,-0.0015,0.0014,0.0036
2018-07-20,13.8137,-89.6286,O,,0.058,0.0586,0.0442,0.0442,0.0356,0.029,0.0236,0.0131,0.0051,0.0045,0.0008,-0.0041,-0.0067,-0.006,-0.0059,-0.0079,-0.0066,-0.0064,-0.0083,-0.0083,-0.0073,-0.0064,-0.0062,-0.0032,-1e-04,0.0028,0.0047,0.0042,0.0055
2018-07-20,13.8137,-89.6286,S,,0.0788,0.0767,0.0705,0.0591,0.054,0.043,0.0344,0.0266,0.0168,0.0048,0.0118,0.0079,0.0006,-0.0115,-0.017,-0.001,0.0027,0.0077,0.0019,-0.003,-0.0082,-0.0083,-0.0045,-0.0028,-0.0048,-0.005,0.0014,0.001,-0.0063
2018-07-20,13.8137,-89.6286,SE,,0.085,0.0771,0.0746,0.0711,0.0676,0.0591,0.0547,0.047,0.0353,0.0288,0.0144,0.0088,0.0012,-0.0058,-0.0162,-0.0198,-0.0257,-0.0154,-0.012,-0.0038,-0.0012,-0.0003,-0.0002,0.003,0.006,0.0093,0.0139,-0.0047,-0.0093
2018-07-20,13.8137,-89.6286,SO,,0.0445,0.0429,0.037,0.0288,0.0201,0.0123,0.0078,0.0002,-0.0058,0.0041,0.0108,0.0121,0.0077,0.003,-0.0006,-0.0014,-0.0042,-0.0096,-0.0082,-0.0078,-0.0083,-0.0057,-0.0045,0.0005,0.0009,0.0035,-0.0014,0.0024,0.0005
2018-08-05,13.8132,-89.6286,E,0.085,0.072,0.0664,0.0429,0.0376,0.0545,0.0429,0.0398,0.0356,0.0268,0.0187,0.0067,0.005,0.0017,-0.0026,-0.0037,0.0005,-0.0005,-0.0005,-0.0104,-0.0154,-0.0331,-0.0281,-0.0111,0.0014,0.0138,0.0037,-0.0023,-0.0033,-0.0131
2018-08-05,13.8132,-89.6286,N,0.0582,0.0601,0.0575,0.0615,0.0583,0.0538,0.0539,0.0337,0.0257,0.015,0.0131,0.0082,-0.0013,-0.001,-0.0025,-0.0097,-0.0103,-0.0071,-0.0052,-0.0017,-0.0022,-0.0035,-0.0055,-0.009,-0.0054,-0.0025,0.001,0.0048,0.0056,0.0069
2018-08-05,13.8132,-89.6286,NE,,0.1234,0.1138,0.1053,0.092,0.0733,0.0574,0.0479,0.0412,0.0341,0.0258,0.0274,0.0083,-0.0019,0.0068,0.0061,0.0123,0.0178,0.0148,-0.0041,-0.0121,-0.0179,-0.0286,-0.0299,-0.0137,-0.0057,-0.0039,-0.0052,0.0021,0.0039
2018-08-05,13.8132,-89.6286,NO,,0.012,0.019,0.0222,0.0302,0.032,0.0295,0.0266,0.0198,0.0152,0.0143,0.0116,0.0048,0.0,0.0008,-0.0025,-0.0029,-0.0067,-0.0172,-0.0168,-0.0149,-0.0099,-0.0091,-0.0075,-0.0051,1e-04,0.0028,0.0086,0.0128,0.0158
2018-08-05,13.8132,-89.6286,O,,0.0632,0.0626,0.0579,0.0554,0.0446,0.0331,0.0243,0.0093,-0.0003,-0.012,-0.0191,-0.0145,-0.0159,-0.016,-0.0188,-0.0086,-0.0037,-0.0008,-0.0028,0.0022,0.0113,0.0099,0.0196,0.0233,0.0277,0.0131,0.006,-0.0032,-0.0035
2018-08-05,13.8132,-89.6286,S,,0.067,0.0671,0.0602,0.0534,0.0469,0.0419,0.0316,0.0221,0.0118,0.0028,0.0046,0.0167,0.0059,-0.0136,-0.0213,-0.0181,-0.016,-0.0087,-0.008,-0.0069,-0.0034,0.0011,0.0097,0.0065,0.0073,0.0057,0.0046,0.0015,-0.0075
2018-08-05,13.8132,-89.6286,SE,,0.0979,0.0906,0.0835,0.0745,0.07,0.06,0.0543,0.0491,0.0358,0.0333,0.0206,0.0128,-0.0009,-0.0016,-0.0072,-0.014,-0.0198,-0.0192,-0.0245,-0.013,-0.0086,-0.0025,-0.0018,0.0022,0.0082,0.0105,0.0152,0.0134,0.0012
2018-08-05,13.8132,-89.6286,SO,,0.0397,0.0442,0.045,0.0356,0.0334,0.0257,0.0153,0.0122,0.0053,0.0002,-0.0083,-0.0041,-0.0073,-0.0058,-0.0037,-0.0016,-0.0008,-0.0021,0.0009,0.0043,0.0043,0.0061,0.0072,0.0058,0.0037,0.0014,-0.0035,-0.0025,-0.0014
2018-12-11,13.8088,-89.6333,E,0.0277,0.0261,0.0179,0.0155,0.0114,0.0106,0.011,0.0113,0.0126,0.0113,0.0156,0.0244,0.0237,0.0236,0.0226,0.0129,0.0003,-0.0099,-0.0212,-0.0093,-0.0004,0.0008,0.005,0.0104,0.0142,0.0038,-0.0014,-0.0079,-0.0167,-0.0172
2018-12-11,13.8088,-89.6333,N,,0.0897,0.0893,0.0859,0.0742,0.0533,0.0448,0.039,0.0278,0.0156,0.0133,0.0117,0.0146,0.0124,0.0184,0.0183,0.0166,0.0106,0.0044,-0.0088,-0.0134,-0.0098,-0.0108,-0.0091,-0.009,-0.0101,-0.0114,-0.0123,-0.0123,-0.0094
2018-12-11,13.8088,-89.6333,NE,,0.0818,0.0762,0.0709,0.0663,0.0614,0.0532,0.0468,0.0429,0.0362,0.0263,0.0178,0.0102,0.0029,-0.0024,-0.0074,-0.015,-0.0184,-0.0157,-0.0119,-0.0074,-0.003,0.001,0.0022,0.0026,0.0028,-0.0029,-0.0081,-0.0064,-0.0119
2018-12-11,13.8088,-89.6333,NO,,-0.0018,0.0052,0.0065,0.0033,0.011,0.0058,0.0034,0.016,0.0068,0.0063,0.0038,0.0098,0.0155,0.0196,0.0278,0.0203,0.02,0.0091,0.0123,0.0069,-0.0044,-0.0163,-0.0193,-0.0172,-0.0127,-0.009,-0.0047,-0.0023,-0.0006
2018-12-11,13.8088,-89.6333,O,,-0.1052,-0.0903,-0.0786,-0.0654,-0.0544,-0.0445,-0.0331,-0.0258,-0.0167,-0.0078,0.0048,0.015,0.0249,0.0198,0.0321,0.0402,0.0396,0.0167,0.0129,-0.0031,-0.0144,-0.0119,-0.0136,-0.0126,-0.0137,-0.0118,-0.0095,-0.0051,-0.0068
2018-12-11,13.8088,-89.6333,S,-0.0333,-0.0401,-0.0422,-0.0434,-0.0192,0.0048,-0.0044,-0.0108,-0.017,-0.013,-0.0148,-0.0042,0.0052,0.0009,0.004,0.0073,0.0089,0.0075,0.0035,0.0047,0.0066,0.0049,0.0004,-0.0007,0.0052,0.0117,0.0083,-0.0012,0.0158,0.0196
2018-12-11,13.8088,-89.6333,SE,,0.0062,-0.0003,-0.0141,-0.0169,0.006,0.0323,0.0157,0.0098,-0.0064,-0.0094,0.0015,0.0263,0.0177,0.013,0.0121,0.0151,0.0108,0.0107,-0.0131,0.0064,-0.0055,-0.0037,-0.0038,-0.0105,-0.0102,0.004,-0.0049,-0.0061,-0.007
2018-12-11,13.8088,-89.6333,SO,,-0.086,-0.0758,-0.0721,-0.0671,-0.061,-0.0463,-0.0356,-0.0255,-0.0195,-0.0132,-0.0033,0.0047,0.0097,0.0124,0.0163,0.0274,0.032,0.031,0.0248,0.0166,0.0054,-0.0015,-0.0046,-0.009,-0.0162,-0.0114,-0.0143,-0.0121,-0.0095
2019-02-13,13.8131,-89.6305,E,0.1209,0.1227,0.1032,0.0675,0.0479,0.0537,0.0522,0.0356,0.0224,0.0209,0.0098,0.0092,0.0124,0.0191,0.014,0.0065,0.0165,0.0335,0.0422,0.0354,0.0288,0.0334,0.0256,0.0362,0.0166,0.0238,0.0138,-0.0202,-0.056,-0.0816
2019-02-13,13.8131,-89.6305,N,0.0202,0.0234,0.0388,0.0485,0.0459,0.0399,0.0411,0.0246,0.0301,0.0333,0.022,0.0121,0.0065,0.009,0.0154,0.0072,0.0056,0.0068,0.0015,-0.0104,-0.0073,-0.0087,-0.0138,-0.0126,-0.0045,0.0022,0.0067,0.0056,0.0059,0.0059
2019-02-13,13.8131,-89.6305,NE,,1e-04,0.0286,0.0118,0.002,0.0099,0.0346,0.0454,0.0488,0.0567,0.0551,0.051,0.0227,0.0378,0.0256,0.0172,0.0201,0.0196,0.0412,0.0472,0.0307,0.0322,0.0246,0.0105,0.0081,0.0002,-0.0555,-0.0729,-0.066,-0.1015
2019-02-13,13.8131,-89.6305,NO,,-0.0206,-0.0138,-0.0066,0.0002,0.0066,0.0082,0.0099,0.0094,0.0081,0.005,0.0043,0.0021,0.0033,-0.0055,-0.0048,-0.0017,-0.0005,-0.0029,-0.0047,-0.0057,-0.0059,-0.0077,-0.0004,0.002,0.0056,0.0008,0.0026,0.0021,0.006
2019-02-13,13.8131,-89.6305,O,,1e-04,0.0004,-0.0026,-0.0096,-0.0178,-0.0191,-0.0183,-0.0184,-0.0183,-0.0144,-0.0077,-0.004,-0.0008,0.0028,0.0032,0.0061,0.0091,0.0116,0.012,0.0125,0.0137,0.0158,0.0181,0.0219,0.0265,0.0268,0.0308,0.0234,0.012
2019-02-13,13.8131,-89.6305,S,,0.0197,0.0006,-0.0316,-0.0194,-0.0116,0.0063,-0.012,-0.0069,0.0092,0.018,0.0136,0.0166,0.0048,0.0002,0.0026,0.0028,0.0002,0.0185,0.0109,0.0056,0.0048,0.0021,-0.0044,-0.0085,-0.0067,-0.009,-0.01,-0.0128,-0.0188
2019-02-13,13.8131,-89.6305,SE,,0.2167,0.1989,0.15,0.1137,0.0941,0.0885,0.0571,0.0223,0.0207,0.015,-0.0007,-0.0208,-0.0204,-0.015,-0.0148,-0.0116,-0.0095,-0.0081,-0.0067,-0.0033,1e-04,0.0046,0.0084,0.0063,0.0098,0.0123,0.0023,0.0006,0.0158
2019-02-13,13.8131,-89.6305,SO,,0.0199,0.0145,0.0118,0.0049,0.0206,0.0133,0.0027,-0.0029,0.0014,0.0037,0.0074,0.0056,0.0142,0.003,0.0049,-0.001,0.0059,-0.0071,-0.0007,-0.0019,0.0015,-0.0002,-0.0072,-0.0065,0.0022,-0.0,0.0029,-0.0018,0.0033
2019-03-17,13.8132,-89.6291,E,0.1248,0.1046,0.0893,0.0733,0.0712,0.0708,0.0657,0.0627,0.0481,0.0417,0.0227,0.0227,0.0208,0.0133,0.0147,0.0271,0.0457,0.0403,0.043,0.0324,0.0211,-0.0021,0.0183,-0.0013,0.0093,-0.045,-0.0244,-0.0455,-0.0655,-0.0723
2019-03-17,13.8132,-89.6291,N,0.1262,0.1014,0.0881,0.0821,0.0655,0.0486,0.0407,0.0317,0.027,0.0256,0.0193,0.0123,-0.0003,-0.0076,-0.0108,-0.0136,-0.0185,-0.019,-0.0151,-0.0047,0.0038,0.0054,0.008,0.0017,-0.0019,-0.0161,-0.0074,0.0044,-0.0012,0.0037
2019-03-17,13.8132,-89.6291,NE,,0.1483,0.1319,0.1194,0.1048,0.0806,0.0773,0.0829,0.0625,0.0718,0.0363,0.027,0.0279,0.0179,0.0109,0.0161,0.0187,0.0237,0.0276,0.0355,0.0112,-0.0053,-0.0223,-0.0342,-0.0403,-0.028,-0.0424,-0.039,-0.0136,-0.0353
2019-03-17,13.8132,-89.6291,NO,,0.0598,0.0616,0.0588,0.0556,0.0494,0.0384,0.0253,0.016,0.0116,0.0039,0.0063,0.0044,0.0024,0.0039,0.0009,0.0026,-0.0034,0.0045,0.0074,-0.0085,0.0076,-0.0028,0.0005,0.004,0.0063,0.0064,0.0083,0.0088,0.0091
2019-03-17,13.8132,-89.6291,O,,0.0086,0.0069,0.0046,0.0015,-0.0048,-0.0109,-0.0183,-0.0203,-0.023,-0.0253,-0.0115,0.0,-0.0054,-0.0006,0.0029,0.0077,0.013,0.0161,0.0171,0.0178,0.0227,0.0288,0.0276,0.0364,0.0128,0.0046,-0.0,-0.0017,-0.0112
2019-03-17,13.8132,-89.6291,S,,0.068,0.069,0.0698,0.0679,0.0664,0.0474,0.0247,0.0031,-0.0007,0.037,0.0071,-0.0232,-0.0259,0.0424,0.0324,0.0291,0.0177,0.0135,0.015,0.0052,0.0011,-0.0015,-0.0029,-0.0057,-0.0052,-0.009,-0.0065,-0.0163,-0.0278
2019-03-17,13.8132,-89.6291,SE,,0.1674,0.1561,0.1519,0.1404,0.12,0.0976,0.0706,0.0705,0.0534,0.0353,0.0106,1e-04,-0.0087,-0.0176,-0.0236,-0.0337,-0.037,-0.0207,-0.0097,-0.0042,0.0011,0.0036,0.0073,0.0087,0.0122,0.0123,0.0115,0.0063,-0.0108
2019-03-17,13.8132,-89.6291,SO,,-0.0102,-0.0095,-0.0105,-0.0174,-0.0167,-0.028,-0.0233,-0.0076,-0.0041,0.0012,0.0036,0.0064,0.0119,0.0114,0.0029,0.0073,0.0058,0.0083,0.0107,0.013,0.0098,0.0121,0.0128,0.0101,0.0036,-0.0059,-0.0058,-0.0086,-0.0114
2019-04-02,13.8132,-89.6291,E,0.0932,0.0779,0.0669,0.0526,0.0493,0.0505,0.0439,0.0417,0.0318,0.0276,0.0118,0.0129,0.0125,0.003,0.0052,0.0185,0.0341,0.0287,0.0297,0.0242,0.0155,0.0006,0.0,-0.0273,0.0016,-0.016,-0.0177,-0.0256,-0.0445,-0.0405
2019-04-02,13.8132,-89.6291,N,0.05,0.0386,0.0364,0.0422,0.0365,0.0222,0.0352,0.0326,0.0246,0.022,0.0222,0.0135,0.0083,0.0109,0.0059,0.0,-0.0029,-0.0058,-0.0098,-0.0041,0.0011,0.0031,0.0006,-0.0016,-0.0043,-0.0185,-0.0046,-0.0026,-0.0042,0.0069
2019-04-02,13.8132,-89.6291,NE,,0.1237,0.1139,0.1039,0.0896,0.0671,0.0666,0.0617,0.05,0.047,0.0343,0.0321,0.0214,0.0126,0.013,0.0053,0.013,0.0143,0.0136,0.0062,-0.0065,-0.0174,-0.0278,-0.0505,-0.0502,-0.0124,-0.0209,-0.0168,0.0013,-0.0173
2019-04-02,13.8132,-89.6291,NO,,0.0124,0.0189,0.023,0.0266,0.0239,0.0227,0.019,0.0099,0.0063,0.0005,0.0052,0.007,0.0056,0.0061,0.0013,-0.0008,-0.0095,-0.0037,-0.0058,-0.0087,-0.0081,-0.0056,-0.0045,-0.0013,0.0022,0.0015,0.0036,0.0033,0.006
2019-04-02,13.8132,-89.6291,O,,0.0395,0.0392,0.037,0.0341,0.0284,0.0193,0.0088,0.0024,-0.0087,-0.0135,-0.0184,-0.0115,-0.0108,-0.0026,-0.0108,-0.0005,0.0019,0.0073,0.0171,0.011,0.0176,0.0223,0.0228,0.0247,0.016,0.0063,0.0142,0.0074,-0.011
2019-04-02,13.8132,-89.6291,S,,0.0734,0.0701,0.0669,0.0653,0.0613,0.05,0.0324,0.009,0.0117,0.0446,0.0255,-0.0058,-0.019,0.0142,0.0121,0.0164,0.0036,-0.0017,-0.0042,-0.0069,-0.0039,-0.0014,0.0011,0.0012,0.0012,0.0003,-0.0018,-0.0069,-0.0155
2019-04-02,13.8132,-89.6291,SE,,0.1444,0.1337,0.1265,0.1176,0.1004,0.0851,0.0663,0.0594,0.0445,0.0324,0.0111,0.0057,-0.0007,-0.0054,-0.0094,-0.0244,-0.0325,-0.0236,-0.0151,-0.013,-0.0057,-0.0,0.0038,0.0095,0.0142,0.0178,0.0139,-0.0008,0.0052
2019-04-02,13.8132,-89.6291,SO,,0.0078,0.008,0.0056,0.0014,-0.0019,-0.0122,-0.0115,0.0008,-0.0043,-0.0075,-0.0038,0.0,0.0026,0.008,-0.0027,0.0051,0.0092,0.0029,0.0105,0.0089,0.0105,0.0073,0.0075,0.0064,0.0012,-0.001,-0.0041,-0.0023,-0.0046
2019-06-21,13.8132,-89.6286,E,0.0943,0.0812,0.0737,0.0477,0.0396,0.0538,0.0495,0.047,0.0419,0.0349,0.0268,0.0101,0.0065,0.0009,-0.0052,-0.0088,-0.0053,-0.0027,-0.0022,-0.0099,-0.0185,-0.0302,-0.0281,-0.016,0.0019,0.0157,0.0065,-0.0029,-0.0011,-0.0106
2019-06-21,13.8132,-89.6286,N,0.0698,0.0746,0.0711,0.0733,0.0684,0.0624,0.0624,0.0378,0.0265,0.0164,0.014,0.0066,-0.0055,-0.0007,0.0002,-0.0085,-0.0114,-0.0043,-0.0035,0.0036,0.0031,0.0025,-0.0009,-0.003,-0.0029,-0.0036,-0.0047,-0.0015,-0.004,-0.0043
2019-06-21,13.8132,-89.6286,NE,,0.1379,0.1252,0.1153,0.1014,0.0825,0.0652,0.0543,0.0452,0.0333,0.0236,0.0236,0.0047,-0.0087,0.0028,0.0027,0.0076,0.0131,0.0104,-0.008,-0.0143,-0.02,-0.0283,-0.0263,-0.0119,-0.006,-0.0035,-0.0039,0.0028,0.003
2019-06-21,13.8132,-89.6286,NO,,0.0068,0.0173,0.0204,0.0251,0.0223,0.019,0.0143,0.0109,0.008,0.0098,0.0091,0.0064,0.0041,0.0044,-0.0009,0.0,0.0004,-0.0079,-0.0073,-0.0106,0.0007,-0.0007,-0.0029,0.0037,0.006,0.006,0.0068,0.0097,0.0093
2019-06-21,13.8132,-89.6286,O,,0.0452,0.045,0.0383,0.0418,0.0359,0.0294,0.0225,0.0079,0.0002,-0.0093,-0.0263,-0.0202,-0.0202,-0.0096,-0.0108,-0.0092,-0.0031,-0.0013,-0.0028,0.0019,0.0113,0.0144,0.0166,0.0178,0.0261,0.0095,0.0025,-0.0079,-0.0111
2019-06-21,13.8132,-89.6286,S,,0.0854,0.0833,0.0732,0.0646,0.0547,0.0502,0.0399,0.0304,0.0205,0.0032,0.0017,0.0097,0.0009,-0.0058,-0.0135,-0.004,-0.0026,0.0012,-0.0027,-0.0033,-0.0069,-0.0016,0.0033,0.007,0.0039,0.0043,-0.0012,-0.0056,-0.0103
2019-06-21,13.8132,-89.6286,SE,,0.1012,0.0942,0.0865,0.0776,0.0723,0.064,0.0614,0.0562,0.0438,0.0438,0.0296,0.022,0.0049,0.0026,-0.0098,-0.0195,-0.0237,-0.0275,-0.0322,-0.021,-0.0124,-0.0078,-0.0057,-0.0007,0.0073,0.0122,0.0254,0.0266,0.0123
2019-06-21,13.8132,-89.6286,SO,,0.002,0.0086,0.0141,0.0041,0.0072,0.0071,-0.0013,0.001,0.0068,0.0067,-0.008,0.0011,-0.0005,1e-04,-0.001,0.0063,0.0086,0.0035,0.002,0.004,0.0065,0.0054,0.0053,0.0015,0.0015,0.0012,0.0008,-0.0014,-0.0036
2019-11-28,13.8091,-89.631,E,0.0895,0.0798,0.0698,0.0674,0.062,0.0555,0.0476,0.0396,0.0261,0.0186,0.0143,0.0205,0.0184,0.0087,0.0094,0.0074,0.0195,0.014,-0.0234,-0.0322,-0.0082,-0.0038,0.0019,-0.0027,-0.0092,-0.0126,-0.0141,-0.0168,-0.0265,-0.0398
2019-11-28,13.8091,-89.631,N,0.0244,0.0193,0.0107,0.0292,0.0435,0.0455,0.0503,0.0513,0.0343,0.0352,-0.0103,0.0034,0.0038,-0.0008,-0.0046,0.0095,0.0095,0.0019,0.001,-0.0004,-0.0033,-0.0088,-0.0121,-0.0176,-0.0129,-0.0112,-0.0088,-0.0052,-0.0063,-0.0012
2019-11-28,13.8091,-89.631,NE,,0.0428,0.0328,0.0217,0.0185,0.0124,0.0088,0.0122,-0.0024,-0.0026,-0.004,0.0015,0.0081,0.0272,0.0305,0.0424,0.0448,0.0458,0.0371,0.0271,0.0236,0.0047,0.0095,-0.0003,-0.0034,-0.0187,-0.0267,-0.0349,-0.0603,-0.0549
2019-11-28,13.8091,-89.631,NO,,-0.0623,-0.057,-0.0418,-0.0296,-0.0181,0.0016,0.0112,0.0249,0.0291,0.0313,0.0383,0.0321,0.0242,0.0178,0.0033,-0.0246,-0.0278,-0.0176,-0.0113,-0.0094,-0.0079,-0.0054,-0.0084,-0.0006,-0.0068,-0.0077,0.0019,0.0123,0.0024
2019-11-28,13.8091,-89.631,O,,-0.1419,-0.1299,-0.1137,-0.0973,-0.0855,-0.0664,-0.051,-0.0369,-0.0211,-0.0076,0.0074,0.0175,0.0245,0.0308,0.0311,0.0335,0.0331,0.0083,0.0017,-0.0034,-0.0009,-0.0067,0.0023,0.0,-0.0084,-0.0058,-0.0124,-0.0123,-0.0114
2019-11-28,13.8091,-89.631,S,,-0.014,-0.0229,-0.0133,0.0061,-0.0034,0.0066,0.0033,0.0011,-0.0074,-0.0117,-0.0128,0.0018,0.0267,0.011,0.0076,0.0048,0.0008,0.0109,0.0142,0.0138,0.0102,0.011,0.01,0.0064,0.0041,-0.0066,-0.0027,-0.0056,-0.0108
2019-11-28,13.8091,-89.631,SE,,0.0657,0.0582,0.0512,0.0517,0.0451,0.0404,0.0315,0.025,0.0193,0.0125,0.0054,0.0094,0.0199,0.0144,0.0042,-0.0033,0.002,0.0033,-0.0072,-0.0084,0.0058,0.0035,0.0041,0.0069,0.0033,0.0004,0.0016,0.003,0.004
2019-11-28,13.8091,-89.631,SO,,-0.0853,-0.0841,-0.0768,-0.07,-0.0567,-0.0452,-0.0375,-0.0304,-0.0211,-0.0138,-0.0045,0.004,0.0117,0.0137,0.0135,0.023,0.0274,0.0318,0.0228,0.0182,0.0176,0.0115,0.0116,0.0034,-0.0053,-0.0117,-0.0113,-0.0227,-0.0364
2020-01-15,13.8088,-89.6335,E,0.046,0.0432,0.0309,0.0281,0.0214,0.0201,0.0231,0.027,0.0286,0.0315,0.0242,0.0177,0.0147,0.0139,0.0135,0.0028,-0.0015,-0.0164,-0.0239,-0.0046,0.0084,0.002,0.0035,0.0205,0.0159,0.0063,0.0039,-0.0061,-0.0186,-0.0196
2020-01-15,13.8088,-89.6335,N,,0.0701,0.0658,0.0636,0.0601,0.0451,0.0333,0.029,0.0278,0.0186,0.0147,0.0143,0.0133,0.0244,0.0314,0.0357,0.033,0.0263,0.0228,0.0074,-0.0085,-0.0256,-0.0227,-0.0266,-0.0191,-0.0186,-0.019,-0.0172,-0.0186,-0.0177
2020-01-15,13.8088,-89.6335,NE,,0.0667,0.0591,0.0479,0.0445,0.0361,0.0358,0.0295,0.0244,0.0195,0.0136,0.0083,0.0,-0.0035,-0.0093,-0.0125,-0.0114,-0.0124,-0.0083,-0.0012,0.0069,0.0073,0.0093,0.019,0.0073,0.0159,0.0048,0.0,-0.0128,-0.0168
2020-01-15,13.8088,-89.6335,NO,,-0.0325,-0.0254,-0.0206,-0.0164,-0.0089,-0.0066,-0.0081,0.0117,0.0081,0.0122,0.0137,0.0324,0.0243,0.0234,0.0346,0.042,0.033,0.0159,0.0069,-0.002,-0.008,-0.0142,-0.0182,-0.0173,-0.0215,-0.0114,-0.0103,-0.0039,-0.0018
2020-01-15,13.8088,-89.6335,O,,-0.1547,-0.1354,-0.1202,-0.1029,-0.0891,-0.0715,-0.0549,-0.0392,-0.0215,-0.0065,0.01,0.028,0.0294,0.0312,0.0428,0.0482,0.0415,0.0162,0.0061,0.0005,-0.0223,-0.0221,-0.0223,-0.0228,-0.019,-0.0122,-0.0055,0.0008,0.0072
2020-01-15,13.8088,-89.6335,S,-0.0168,-0.0182,-0.0277,-0.0025,0.0261,0.0196,0.0046,-0.0029,0.0006,-0.0067,-0.0025,0.0031,0.0006,-0.0064,-0.0031,-0.0009,-0.0007,-0.0022,-0.0012,0.0017,0.0042,0.0078,0.0104,0.0122,0.0208,0.0175,0.0017,-0.0021,0.0195,-0.0013
2020-01-15,13.8088,-89.6335,SE,,0.0448,0.0328,0.0146,0.0121,0.0598,0.038,0.0245,0.0054,-0.0066,0.0069,0.0298,0.0227,0.0131,0.0068,0.0122,0.0068,0.0106,-0.0098,-0.0054,-0.0009,-0.0037,-0.0008,-0.004,-0.0061,0.007,0.0065,-0.008,-0.0123,-0.0055
2020-01-15,13.8088,-89.6335,SO,,-0.1191,-0.1051,-0.1005,-0.0895,-0.0758,-0.0537,-0.0389,-0.0192,-0.0055,-0.0046,0.0101,0.0113,0.0296,0.0271,0.0374,0.0388,0.0384,0.0324,0.022,0.0104,-0.0003,-0.0199,-0.0127,-0.0203,-0.0107,-0.008,-0.0056,-0.0049,-0.0038
2020-02-16,13.8088,-89.6327,E,0.0113,0.0114,0.0052,0.0071,0.0135,0.0253,0.0305,0.0345,0.0433,0.0499,0.057,0.0648,0.0615,0.0579,0.0389,0.0177,0.0029,-0.0074,-0.0196,-0.0297,-0.0215,1e-04,0.014,0.0073,0.0039,-0.0037,-0.01,-0.0187,-0.0268,-0.0369
2020-02-16,13.8088,-89.6327,N,,0.0622,0.0539,0.0478,0.0432,0.0405,0.0312,0.0276,0.0237,0.0277,0.0355,0.0435,0.0433,0.0434,0.0354,0.0268,-0.0046,-0.0148,-0.0239,-0.0236,-0.0189,-0.0094,-0.0043,-0.0044,-0.0047,-0.0038,-0.0034,-0.0017,-0.0041,-0.0011
2020-02-16,13.8088,-89.6327,NE,,0.1154,0.1065,0.0953,0.0766,0.0689,0.069,0.0613,0.0557,0.0412,0.0364,0.0264,0.0135,0.0057,-0.0107,-0.0229,-0.0202,-0.0169,-0.0105,-0.0024,0.0084,0.01,0.006,0.0045,0.001,-0.0027,-0.0036,-0.0118,-0.0162,-0.0246
2020-02-16,13.8088,-89.6327,NO,,-0.0242,-0.0232,-0.0237,-0.0269,-0.0205,-0.016,-0.0142,0.0063,0.0035,-0.0018,0.0222,0.0377,0.0408,0.0256,0.0404,0.0157,-0.0021,-0.0002,-0.0046,-0.0094,-0.0252,-0.0126,-0.0085,-0.0046,0.001,-0.0016,-0.0029,-0.0054,0.0015
2020-02-16,13.8088,-89.6327,O,,-0.1373,-0.1243,-0.1134,-0.1002,-0.0879,-0.0756,-0.0592,-0.0459,-0.0302,-0.0135,0.0025,0.021,0.0384,0.0396,0.0494,0.0507,0.0521,0.0238,0.0111,-0.0037,-0.015,-0.0153,-0.017,-0.0158,-0.0136,-0.0075,-0.0035,-0.0072,-0.0029
2020-02-16,13.8088,-89.6327,S,-0.0049,-0.0095,-0.0189,-0.0221,-0.0263,-0.033,-0.0108,0.0254,0.0141,-0.0032,-0.0153,-0.0056,-0.0058,-1e-04,0.0096,0.01,0.004,0.0068,0.0069,0.0034,0.0026,0.0023,0.0056,0.0047,0.0034,-1e-04,0.0027,0.0024,0.0015,0.0077
2020-02-16,13.8088,-89.6327,SE,,0.0501,0.0427,0.0372,0.0298,0.0164,0.0168,0.0325,0.0515,0.0474,0.024,-0.0014,0.005,0.0208,0.0244,0.0103,-0.0004,0.0029,0.0029,-0.0553,-0.0249,-0.0004,-0.0075,0.0024,0.0035,-0.0038,0.002,0.0069,0.001,1e-04
2020-02-16,13.8088,-89.6327,SO,,-0.0869,-0.0761,-0.07,-0.0653,-0.0621,-0.0428,-0.0495,-0.0223,-0.0154,-0.017,0.0003,0.0157,0.0148,0.0162,0.0185,0.0281,0.0196,0.0306,0.0266,0.0208,0.0144,0.0071,-1e-04,-0.0062,-0.0187,-0.0201,-0.0253,-0.021,-0.0224
2020-09-27,13.8132,-89.6286,E,0.1219,0.111,0.107,0.0811,0.0712,0.0809,0.0624,0.0574,0.052,0.0387,0.0286,0.0247,0.0199,0.0138,0.0117,0.0138,0.0179,0.0146,0.0141,0.0006,-0.0057,-0.012,-0.0186,-0.0196,-0.0246,-0.0207,-0.0221,-0.0194,-0.0191,-0.0248
2020-09-27,13.8132,-89.6286,N,0.0714,0.0668,0.0631,0.0655,0.0497,0.0431,0.0428,0.0359,0.0252,0.022,0.0242,0.0174,-0.0058,0.0008,-0.0044,-0.0118,-0.0112,-0.0071,-0.0032,0.0008,0.0004,-1e-04,-0.001,-0.0044,0.0018,0.0075,0.0035,0.0046,-0.0013,0.0104
2020-09-27,13.8132,-89.6286,NE,,0.1475,0.1425,0.1314,0.1025,0.0895,0.0832,0.0637,0.0495,0.0448,0.029,0.0251,0.0176,0.0115,0.0143,0.0144,0.0159,0.0187,0.0191,0.0071,-0.0074,-0.0154,-0.0323,-0.0333,-0.0351,-0.0251,-0.0165,-0.0209,-0.0033,-0.0019
2020-09-27,13.8132,-89.6286,NO,,0.0052,0.0175,0.0194,0.0246,0.021,0.0193,0.0179,0.0124,0.0115,0.0103,0.009,0.0032,-0.0016,-0.0042,-0.0062,-0.0058,-0.0068,-0.0135,-0.0118,-0.0093,-0.0005,1e-04,0.0006,0.0031,0.0025,0.0039,0.0025,0.0044,0.0048
2020-09-27,13.8132,-89.6286,O,,0.0116,0.0225,0.021,0.0213,0.0116,0.0017,-0.0034,-0.0083,-0.0123,-0.0185,-0.0234,-0.0155,-0.0159,-0.0087,-0.0246,-0.0051,0.0085,-0.0033,-0.0035,0.0005,0.0092,0.0122,0.0169,0.0231,0.0117,-0.0017,-0.0102,-0.0073,-0.0115
2020-09-27,13.8132,-89.6286,S,,0.0617,0.0604,0.0556,0.0489,0.0455,0.038,0.0289,0.0204,0.0106,-0.0044,-0.0043,0.0024,0.0007,-0.0187,-0.0218,-0.0136,-0.0018,0.0019,0.0039,0.0061,0.005,0.0049,0.0028,0.0027,0.0041,-0.0022,0.0022,-0.0059,-0.0122
2020-09-27,13.8132,-89.6286,SE,,0.1301,0.1176,0.11,0.099,0.0831,0.0709,0.0544,0.0429,0.0357,0.0278,0.0164,0.0084,-0.0068,-0.0057,-0.011,-0.0156,-0.0226,-0.0208,-0.0171,-0.0086,-0.0047,-0.0047,0.0003,0.0007,0.0,0.0069,0.0103,0.0083,0.0036
2020-09-27,13.8132,-89.6286,SO,,0.0614,0.0625,0.0625,0.0606,0.0529,0.0444,0.0358,0.0255,0.0136,0.0037,-0.0089,-0.0073,-0.0096,-0.0062,-0.0041,-0.0061,-0.0051,-0.0064,-0.0051,-0.0052,-0.0022,-0.0003,-0.0027,0.0008,-0.0016,-0.0007,-0.0017,-0.0003,0.0024
2021-01-01,13.8088,-89.6333,E,0.0577,0.0491,0.0372,0.0344,0.0267,0.0161,0.008,0.0143,0.0179,0.0174,0.0088,0.0147,0.0186,0.0181,0.0148,0.0106,-0.002,-0.0043,-0.0303,-0.0104,0.0016,0.0048,0.0047,0.0071,0.0108,0.0054,0.0051,0.0035,-0.0028,-0.0069
2021-01-01,13.8088,-89.6333,N,,0.0631,0.064,0.0637,0.0495,0.0277,0.0312,0.0345,0.028,0.0198,0.0289,0.025,0.0362,0.0324,0.0433,0.0386,0.0251,0.0166,0.0087,-0.0095,-0.0193,-0.019,-0.0185,-0.0128,-0.0112,-0.0133,-0.0172,-0.0163,-0.0176,-0.0189
2021-01-01,13.8088,-89.6333,NE,,0.0741,0.063,0.0604,0.0595,0.0482,0.0371,0.0289,0.0214,0.0139,0.0057,-0.0111,-0.0089,-0.012,-0.0078,-0.0037,0.0012,-0.0039,0.0013,0.0098,0.0145,0.0155,0.0127,0.0129,0.0065,0.0017,-0.0078,-0.0185,-0.017,-0.0263
2021-01-01,13.8088,-89.6333,NO,,-0.0643,-0.0533,-0.05,-0.0487,-0.0358,-0.0338,-0.0251,-0.0017,0.0064,0.0134,0.018,0.0276,0.0334,0.0368,0.0456,0.0402,0.0353,0.0154,0.0151,0.0091,-0.0022,-0.0118,-0.0186,-0.0207,-0.018,-0.0129,-0.0069,-0.0022,-0.0021
2021-01-01,13.8088,-89.6333,O,,-0.125,-0.1106,-0.099,-0.0864,-0.0752,-0.0619,-0.0506,-0.0374,-0.0244,-0.013,0.0037,0.0184,0.0316,0.0259,0.0334,0.0389,0.0341,0.0132,0.0032,-0.0052,-0.0099,-0.0161,-0.0132,-0.0191,-0.0135,-0.0074,-0.0068,-0.0071,-0.0087
2021-01-01,13.8088,-89.6333,S,-0.0403,-0.0478,-0.0541,-0.0647,-0.0357,0.0003,-0.0031,-0.009,-0.0145,-0.0075,-0.0187,-0.0057,0.0062,0.0072,0.0046,0.0069,0.0138,0.0133,0.011,0.0105,0.0151,0.0105,0.0054,0.0029,0.0053,0.0089,0.0057,-0.0123,0.0052,0.0052
2021-01-01,13.8088,-89.6333,SE,,0.0497,0.0396,0.0181,0.0036,0.0227,0.0429,0.0343,0.0236,0.0049,-0.0078,0.0068,0.0337,0.0196,0.0089,0.0075,0.0157,0.0127,0.0014,-0.0164,-0.0054,-0.0046,-0.012,-0.0013,-0.0097,-0.006,0.0055,-0.0014,-0.0014,-0.0036
2021-01-01,13.8088,-89.6333,SO,,-0.087,-0.0784,-0.0766,-0.0725,-0.0721,-0.0555,-0.0414,-0.0298,-0.0196,-0.0089,0.0018,0.011,0.0162,0.0192,0.024,0.0322,0.0316,0.0339,0.0267,0.0167,0.004,-0.0117,-0.0083,-0.0086,-0.0197,-0.0164,-0.0105,-0.0093,-0.0019
2021-02-02,13.8088,-89.6338,E,,0.0084,0.0041,-0.0065,-0.004,0.0046,0.0208,0.0335,0.0306,0.0343,0.0352,0.0351,0.0369,0.0367,0.0296,0.0234,0.0006,-0.004,-0.0161,-0.0039,0.0121,0.0058,-0.0019,0.0091,0.011,-0.0007,0.0007,-0.0078,-0.0182,-0.0216
2021-02-02,13.8088,-89.6338,N,,0.047,0.0411,0.0325,0.0296,0.0277,0.0308,0.0353,0.0412,0.0434,0.0373,0.0338,0.0314,0.0321,0.0398,0.0455,0.0415,0.0304,0.0189,0.0077,-0.0189,-0.0284,-0.0324,-0.0298,-0.0284,-0.0242,-0.0221,-0.0217,-0.0226,-0.0258
2021-02-02,13.8088,-89.6338,NE,,0.1018,0.0949,0.084,0.0801,0.0783,0.0852,0.0897,0.086,0.0883,0.0872,0.0822,0.0673,0.0557,0.0369,0.019,-0.0013,-0.0146,-0.0223,-0.0261,-0.0306,-0.0238,-0.0251,-0.0221,-0.0198,-0.0182,-0.0168,-0.0229,-0.0264,-0.0321
2021-02-02,13.8088,-89.6338,NO,,-0.0921,-0.0789,-0.0742,-0.0677,-0.051,-0.0458,-0.0387,-0.0206,-0.0013,0.008,0.015,0.0417,0.0388,0.0418,0.0558,0.0642,0.061,0.0381,0.0214,0.0107,0.0051,-0.0068,-0.0183,-0.0229,-0.0316,-0.0279,-0.0214,-0.0168,-0.0118
2021-02-02,13.8088,-89.6338,O,,-0.1656,-0.141,-0.1239,-0.1082,-0.0912,-0.0735,-0.0568,-0.0408,-0.0252,-0.0108,0.0069,0.0185,0.0316,0.0307,0.0386,0.0387,0.0347,0.0134,-0.0007,-0.0093,-0.0122,-0.025,-0.0246,-0.0202,-0.0142,-0.0077,-0.0044,0.0024,0.0032
2021-02-02,13.8088,-89.6338,S,-0.0494,-0.0586,-0.0282,0.005,-1e-04,-0.0145,-0.0191,-0.0106,-0.0142,-0.0075,0.0041,0.0069,0.0007,0.005,0.0089,0.0117,0.0113,0.0123,0.012,0.0076,0.0075,0.0027,0.0056,0.0073,0.0045,0.0023,-0.0121,0.0106,0.0009,-0.0096
2021-02-02,13.8088,-89.6338,SE,,0.0291,0.0135,0.0279,0.0617,0.0542,0.0347,0.0147,0.0038,0.0175,0.0456,0.0382,0.0227,0.0147,0.0139,0.0071,0.0063,-0.0107,-0.0425,-0.0056,-0.0161,-0.0104,-0.018,-0.0,0.0048,0.0039,0.0012,-0.0035,-0.0085,-0.0026
2021-02-02,13.8088,-89.6338,SO,,-0.0944,-0.0915,-0.0747,-0.0644,-0.0521,-0.0392,-0.0269,-0.0155,-0.0167,-0.0149,0.0058,0.0007,0.0176,0.0243,0.0267,0.0306,0.0296,0.022,0.0134,-0.0009,-0.0041,-0.0193,-0.0111,-0.0144,-0.0097,-0.0041,-0.0015,-0.0049,0.007
2021-03-06,13.8123,-89.6291,E,0.1562,0.1439,0.154,0.1292,0.1053,0.092,0.0737,0.0684,0.056,0.0561,0.0487,0.0297,0.0255,0.0099,0.01,0.0044,-0.0017,0.0007,0.0156,0.0186,0.018,0.0103,0.0071,-0.0114,-0.0212,-0.021,-0.0191,-0.0423,-0.0097,-0.0328
2021-03-06,13.8123,-89.6291,N,0.0804,0.0768,0.0773,0.0743,0.0692,0.0658,0.0536,0.0382,0.0324,0.0259,0.0163,0.0176,0.0074,0.0016,-0.0022,-0.0122,-0.0147,-0.0154,-0.0194,-0.0064,-0.008,-0.0036,0.0007,0.0028,-0.0005,0.0007,-0.0051,0.0015,-0.0065,-0.0182
2021-03-06,13.8123,-89.6291,NE,,0.1462,0.156,0.1511,0.1232,0.1035,0.0967,0.0773,0.0578,0.0644,0.0556,0.0438,0.0079,0.0195,0.0193,0.0045,-0.0048,-0.0087,-0.0076,-0.0002,0.0105,0.0112,0.0237,-0.0106,-0.0196,-0.043,-0.059,-0.0411,-0.0154,-0.0121
2021-03-06,13.8123,-89.6291,NO,,0.0482,0.0439,0.0407,0.0346,0.0266,0.0222,0.0138,0.008,0.009,0.0064,0.0115,0.0068,0.0032,0.0033,-0.0002,-0.0021,-0.0072,-0.002,0.003,-0.0046,0.0024,-0.0002,-0.0064,-0.0043,-0.0021,-1e-04,0.0046,0.0049,0.0084
2021-03-06,13.8123,-89.6291,O,,-0.0179,-0.0277,-0.0308,-0.0422,-0.0373,-0.0368,-0.0391,-0.0272,-0.0242,-0.0138,-0.0096,-0.0033,0.0035,0.0032,0.0113,0.0167,0.0218,0.0264,0.0265,0.0321,0.0299,0.0241,0.0313,0.0112,-0.0056,-0.0151,-0.0167,-0.0194,-0.0317
2021-03-06,13.8123,-89.6291,S,,0.0372,0.0318,0.0262,0.027,0.024,0.0176,0.0241,0.0233,0.0224,0.0138,0.0016,0.0059,0.009,0.0088,0.0142,0.0133,0.014,0.0022,0.0,-0.0094,0.0023,-0.0116,-0.0026,-0.0043,-0.0033,-0.0046,-0.0025,-0.0056,-0.013
2021-03-06,13.8123,-89.6291,SE,,0.1454,0.1369,0.1297,0.1259,0.1242,0.1137,0.1012,0.0719,0.0338,0.0695,0.0535,0.0349,-0.0062,-0.0109,-0.0061,-0.0142,-0.0207,-0.0323,-0.0219,-0.0152,-0.0166,-0.0067,0.0054,0.007,0.0104,0.011,0.0165,0.0218,0.0182
2021-03-06,13.8123,-89.6291,SO,,0.0072,0.0019,-0.0025,-0.0067,-0.0045,-0.0035,-0.0064,-0.0232,1e-04,0.0026,0.0067,0.0089,0.0122,0.0097,0.0037,-0.0002,0.0031,0.0026,0.0024,0.0031,0.0047,0.005,0.0019,0.0011,0.0023,-0.0022,-0.0019,-0.0038,-0.0061
2021-11-01,13.8091,-89.631,E,0.1281,0.1127,0.0965,0.0892,0.067,0.0449,0.0279,0.02,0.0135,0.0139,0.0099,0.032,0.0432,0.0341,0.0315,0.0224,0.0308,0.0211,-0.0332,-0.0388,-0.0015,0.0027,0.0091,0.0048,0.0031,-0.0062,-0.0305,-0.0369,-0.0494,-0.0716
2021-11-01,13.8091,-89.631,N,0.0585,0.0548,0.0454,0.064,0.0663,0.0592,0.0537,0.05,0.0353,0.0454,0.0091,0.0082,-0.0035,-0.004,-0.0033,0.0064,0.0058,0.0047,0.0021,0.0059,0.0017,-0.0023,-0.0141,-0.0089,-0.0068,-0.0064,-0.0052,-0.0024,-0.0026,-0.0014
2021-11-01,13.8091,-89.631,NE,,0.0733,0.0587,0.0426,0.0349,0.021,0.0075,0.0159,0.0086,0.0078,0.0073,0.0128,0.0173,0.0343,0.0357,0.0344,0.0342,0.0356,0.0248,0.0116,0.0072,-0.0004,0.0052,0.0065,0.001,-0.0149,-0.022,-0.0257,-0.05,-0.0472
2021-11-01,13.8091,-89.631,NO,,-0.011,-0.0038,0.0098,0.0184,0.0217,0.0319,0.0331,0.0389,0.0376,0.023,0.0167,0.0074,0.0006,-0.0058,-0.0065,-0.0301,-0.0297,-0.0246,-0.0123,-0.0048,0.0059,0.0027,-0.0048,-0.0063,-0.0016,-0.0006,0.0086,0.0151,0.0211
2021-11-01,13.8091,-89.631,O,,-0.1021,-0.0863,-0.0728,-0.0592,-0.0479,-0.0369,-0.0259,-0.0166,-0.0068,0.0009,0.0096,0.0179,0.0212,0.0254,0.0208,0.0159,0.016,0.0002,-0.0058,-0.0126,-0.0073,-0.0121,-0.012,-0.0125,-0.0089,-0.0051,0.0021,0.0036,0.0147
2021-11-01,13.8091,-89.631,S,,0.074,0.0562,0.0556,0.0536,0.0367,0.031,0.0175,0.0024,-0.015,-0.0246,-0.0241,-0.0058,0.0323,0.0051,-0.0027,-0.003,-0.0002,0.0136,0.0196,0.0212,0.0184,0.0167,0.0174,0.0136,0.0052,-0.0115,-0.0092,-0.0151,-0.0172
2021-11-01,13.8091,-89.631,SE,,0.1588,0.141,0.1194,0.1115,0.0947,0.0772,0.0604,0.0473,0.0264,0.0195,0.0089,0.0029,0.0183,0.0084,0.0002,-0.0002,0.0066,0.0071,-0.0035,-0.0127,-0.0042,-0.0079,-0.002,0.0088,0.0054,0.0023,0.0044,0.0063,0.0079
2021-11-01,13.8091,-89.631,SO,,-0.001,-0.005,-0.0029,-0.0027,-0.0017,0.0038,0.0053,-0.0077,-0.0094,-0.0132,-0.0243,-0.0139,-0.0009,-0.0045,-0.0022,0.0226,0.0227,0.028,0.0245,0.0236,0.0268,0.0156,0.018,0.0096,0.0009,-0.0129,-0.0177,-0.0258,-0.0363
2021-12-03,13.8088,-89.6333,E,0.0474,0.0432,0.0302,0.0288,0.024,0.0235,0.021,0.0279,0.0266,0.025,0.0284,0.0277,0.0241,0.0186,0.017,0.013,-0.0029,-0.013,-0.0293,-0.0132,-0.0003,0.0015,0.0044,0.015,0.0222,0.0092,0.0006,-0.0094,-0.02,-0.0216
2021-12-03,13.8088,-89.6333,N,,0.1021,0.104,0.1076,0.0906,0.0599,0.0669,0.067,0.0526,0.0313,0.0401,0.0297,0.0494,0.035,0.0443,0.0296,0.0192,0.0226,0.0189,-0.0113,-0.0179,-0.0238,-0.0165,-0.0115,-0.0214,-0.0278,-0.0237,-0.0254,-0.023,-0.0286
2021-12-03,13.8088,-89.6333,NE,,0.1147,0.1069,0.104,0.1019,0.0904,0.08,0.0715,0.0597,0.0476,0.0383,0.0193,0.0096,-0.0038,-0.0077,-0.0083,-0.0119,-0.0168,-0.0171,-0.0083,0.0002,0.0057,0.0042,0.0006,-0.0009,-0.0054,-0.0103,-0.0223,-0.0114,-0.0186
2021-12-03,13.8088,-89.6333,NO,,-0.1096,-0.091,-0.0835,-0.0773,-0.0563,-0.0488,-0.0347,-0.0029,0.0104,0.0202,0.0272,0.0413,0.0485,0.0544,0.0663,0.0551,0.0521,0.0277,0.0302,0.0245,0.0014,-0.0131,-0.0192,-0.0345,-0.033,-0.02,-0.0159,-0.0141,-0.014
2021-12-03,13.8088,-89.6333,O,,-0.1651,-0.144,-0.1258,-0.1071,-0.0897,-0.0725,-0.0573,-0.0409,-0.0255,-0.0112,0.0064,0.0193,0.0301,0.0267,0.0334,0.0356,0.0407,0.0213,0.0078,-0.0056,-0.0119,-0.0144,-0.0195,-0.0189,-0.0158,-0.0104,-0.0123,0.0027,0.0004
2021-12-03,13.8088,-89.6333,S,-0.0508,-0.054,-0.0511,-0.0587,-0.0324,0.0008,-0.002,-0.0124,-0.0143,-0.0055,-0.0186,-0.0025,0.0099,0.0157,0.0091,0.0133,0.0132,0.0135,0.0138,0.0176,0.0225,0.0177,0.0101,0.0097,0.0084,0.0163,0.0082,-0.0101,0.0006,-0.0081
2021-12-03,13.8088,-89.6333,SE,,0.0626,0.0508,0.0346,0.0244,0.046,0.0655,0.0482,0.038,0.0203,0.0013,0.0211,0.0508,0.0264,0.0123,0.0033,0.0133,0.0117,-0.0006,-0.025,-0.0126,-0.0075,-0.0142,-0.0018,-0.0144,-0.0092,0.007,-0.0019,-0.0034,-0.0055
2021-12-03,13.8088,-89.6333,SO,,-0.1253,-0.1053,-0.0965,-0.0875,-0.0813,-0.0616,-0.0474,-0.0323,-0.023,-0.0083,0.0057,0.0142,0.0172,0.0181,0.0245,0.039,0.0408,0.0429,0.0392,0.0285,0.0123,1e-04,-0.0061,-0.013,-0.0213,-0.0153,-0.0146,-0.009,-0.0044
2022-02-05,13.8102,-89.631,E,0.1717,0.1572,0.1312,0.1233,0.1089,0.1028,0.0942,0.088,0.0793,0.0611,0.0311,0.021,0.0346,0.0118,-0.0224,-0.0331,-0.0082,-0.0142,-0.0067,-0.0023,0.0003,-0.0025,-0.0066,-0.0027,-0.0094,-0.0284,-0.0216,0.0027,0.0227,0.0156
2022-02-05,13.8102,-89.631,N,0.1053,0.0889,0.0798,0.0815,0.0774,0.0666,0.0683,0.0677,0.0475,0.0187,0.0145,0.0101,0.0067,0.0047,0.0031,0.0052,0.0057,-0.001,-0.0082,-0.0095,-0.0105,-0.0144,-0.0156,-0.0179,-0.0083,-0.0104,0.0087,-0.0066,-0.0017,-0.0123
2022-02-05,13.8102,-89.631,NE,,0.0903,0.0687,0.0625,0.0466,0.0346,0.0292,0.0288,0.0288,0.0256,0.025,0.0224,0.0315,0.0378,0.0159,0.0148,0.0074,0.0061,0.0084,0.0219,0.0137,0.0083,0.0031,-0.0062,-0.03,-0.0356,-0.0355,-0.0217,-0.0127,-0.0078
2022-02-05,13.8102,-89.631,NO,,-0.0166,-0.0093,-0.0096,-0.0053,0.0016,0.01,0.0187,0.0326,0.0428,0.0194,0.0303,0.0353,0.004,0.0029,-0.0069,-0.0158,-0.0319,-0.0309,-0.0313,-0.023,-0.015,-0.0115,-0.0013,-0.0084,0.0088,0.0009,0.003,0.0112,0.0164
2022-02-05,13.8102,-89.631,O,,-0.0822,-0.0744,-0.0806,-0.0719,-0.0685,-0.0605,-0.0497,-0.0417,-0.0314,-0.0176,-0.0051,0.0008,0.0065,0.0161,0.0192,0.0279,0.0285,0.0317,0.0301,0.0302,0.0204,0.0043,0.0019,-0.0128,-0.0097,-0.0104,-0.0094,-0.017,-0.0211
2022-02-05,13.8102,-89.631,S,,1e-04,0.0038,0.0088,0.0231,0.0086,-0.0004,-0.0056,-0.0121,-0.0097,0.007,-0.0053,0.0429,0.0046,-0.0039,-0.0125,-0.0041,0.0007,0.0034,0.0081,0.011,0.0132,0.0115,0.006,0.0056,0.0048,0.002,-0.0022,-0.0058,-0.0049
2022-02-05,13.8102,-89.631,SE,,0.0968,0.0879,0.082,0.0815,0.0733,0.0698,0.0662,0.0503,0.0366,0.0371,0.037,0.0253,0.0095,0.0013,-0.0117,-0.0205,-0.0187,-0.0172,0.0074,0.0051,0.0145,0.0076,0.0119,-0.0031,-0.0005,0.0046,0.0015,0.0016,0.0005
2022-02-05,13.8102,-89.631,SO,,-0.0089,-0.0128,-0.0134,-0.0137,-0.0141,-0.0134,-0.0112,-0.0107,-0.0088,-0.0063,-0.0072,-0.003,0.0017,-0.0034,-0.0053,-0.0014,0.0045,0.0082,0.0127,0.0174,0.0217,0.0155,0.0121,0.012,0.0056,0.0038,-0.0102,-0.0059,-0.0401
2022-02-21,13.8088,-89.6333,E,0.0889,0.0854,0.0713,0.0613,0.0499,0.0382,0.0286,0.0316,0.0403,0.0339,0.0333,0.0342,0.03,0.0266,0.0281,0.0249,0.0039,0.0004,-0.0175,-0.0073,0.0044,0.0067,0.007,0.0115,0.0052,-0.0047,-0.0108,-0.0162,-0.0232,-0.0316
2022-02-21,13.8088,-89.6333,N,,0.0643,0.0617,0.0537,0.0489,0.0392,0.048,0.0339,0.0228,0.0134,0.0278,0.0282,0.0374,0.0394,0.0488,0.0423,0.0354,0.0127,-0.0259,-0.0296,-0.0274,-0.0224,-0.0202,-0.0202,-0.0176,-0.0146,-0.0114,-0.0134,-0.0123,-0.0124
2022-02-21,13.8088,-89.6333,NE,,0.1117,0.1031,0.0955,0.0895,0.0764,0.0634,0.0495,0.04,0.0314,0.0146,0.0045,0.0011,-0.0018,-0.0092,-0.0168,-0.016,-0.0187,-0.0098,-0.0009,0.0117,0.019,0.02,0.0243,0.0149,0.0101,-0.0006,-0.0106,-0.0211,-0.0278
2022-02-21,13.8088,-89.6333,NO,,-0.0565,-0.0433,-0.0371,-0.0314,-0.0144,-0.0075,-0.0031,0.0217,0.0185,0.0232,0.0217,0.031,0.0351,0.0368,0.0448,0.029,0.0339,-0.0029,0.0044,-0.0077,-0.0191,-0.0196,-0.0198,-0.0114,-0.0086,-0.0098,-0.0042,0.0021,0.0148
2022-02-21,13.8088,-89.6333,O,,-0.1792,-0.1564,-0.1391,-0.1179,-0.1017,-0.0841,-0.0672,-0.0505,-0.0335,-0.016,0.0022,0.0189,0.0374,0.0334,0.0449,0.0486,0.051,0.0253,0.0145,-0.0036,-0.0185,-0.0242,-0.0222,-0.0227,-0.018,-0.0097,-0.0056,0.0026,0.0063
2022-02-21,13.8088,-89.6333,S,-0.0268,-0.041,-0.0414,-0.0482,-0.008,0.0257,0.0129,-0.0075,-0.0122,-0.0005,-0.0108,0.0052,0.0173,0.0204,0.0141,0.0182,0.0151,0.0142,0.0125,0.0115,0.0122,0.0073,0.0053,0.0047,0.0049,0.0143,0.0062,-0.0072,0.0085,-0.0024
2022-02-21,13.8088,-89.6333,SE,,0.0873,0.0728,0.0474,0.0335,0.0553,0.0768,0.0509,0.034,0.0133,0.0007,0.008,0.0344,0.0208,0.0121,-0.0036,0.0016,-0.0004,-0.007,-0.0263,-0.004,-0.0016,-0.0066,0.0046,1e-04,0.0017,0.0042,-0.0025,-0.0015,-0.0066
2022-02-21,13.8088,-89.6333,SO,,-0.1081,-0.0951,-0.0898,-0.0839,-0.0785,-0.0557,-0.0387,-0.0233,-0.0139,-0.0002,0.0122,0.0224,0.0242,0.0192,0.0199,0.0262,0.0305,0.0295,0.0264,0.0172,0.0039,-0.006,-0.0158,-0.018,-0.0252,-0.0183,-0.0154,-0.012,-0.009
2022-03-25,13.8134,-89.6303,E,0.0828,0.0749,0.0507,0.0383,0.0359,0.0356,0.0377,0.0394,0.0162,0.0187,0.0247,0.0232,0.0256,0.0262,0.0257,0.0348,0.0602,0.0417,0.0497,0.0274,0.0279,0.0225,0.0286,0.0364,0.0195,-0.0116,-0.0332,-0.0474,-0.0553,-0.047
2022-03-25,13.8134,-89.6303,N,0.0477,0.053,0.042,0.048,0.0543,0.0336,0.0322,0.0319,0.0288,0.0221,0.0048,0.0099,0.0048,0.0033,0.0051,-0.0101,-0.0042,-0.0063,-0.0103,-0.0095,-0.0112,-0.0103,-0.0057,0.0008,0.0085,0.0147,0.0056,0.0039,0.002,-0.0115
2022-03-25,13.8134,-89.6303,NE,,0.0131,-0.0064,0.0049,0.0213,0.0354,0.038,0.0448,0.0492,0.04,0.0439,0.0266,0.0242,0.0266,0.0199,0.0195,0.0283,0.0311,0.0261,0.0394,0.0201,0.0096,-0.0207,-0.0195,-0.0138,-0.0585,-0.0062,-0.0108,-0.0133,-0.0451
2022-03-25,13.8134,-89.6303,NO,,-0.0281,-0.0217,-0.0117,-0.0058,0.0018,0.0085,0.0159,0.017,0.0169,0.018,0.0136,0.0074,-0.0022,-0.0011,-0.0094,-0.0011,-0.0089,-0.0054,-0.0,-0.0013,0.0022,-0.0002,0.0016,0.0012,0.0022,0.0002,0.0033,0.0026,0.0078
2022-03-25,13.8134,-89.6303,O,,0.0388,0.0346,0.0275,0.0233,0.0149,0.0054,0.0026,0.0031,-0.0011,-0.0032,-0.008,-0.0074,-0.0034,0.0027,-0.0036,0.0032,0.0094,0.0111,0.015,0.014,0.0123,0.0072,0.0128,0.0082,0.0112,0.008,0.0088,0.0135,0.0138
2022-03-25,13.8134,-89.6303,S,,0.1134,0.0925,0.0541,0.0285,0.0315,0.0622,0.0222,-0.0164,0.0033,0.0097,0.0354,0.0267,0.0172,0.0044,-0.0018,-0.0051,-0.0007,-0.0026,0.0066,0.0015,0.0007,-0.0041,-0.0086,-0.0083,-0.0068,-0.0108,-0.0034,-0.0016,0.0052
2022-03-25,13.8134,-89.6303,SE,,0.2222,0.1988,0.1512,0.1117,0.0859,0.0777,0.058,0.0296,0.0133,0.0123,0.0067,0.0097,-0.0088,-0.0187,-0.0166,-0.0142,-0.0128,-0.0117,-0.006,0.0011,0.0056,0.0151,0.0109,0.0062,-0.0018,-0.0081,-0.0145,-0.0152,0.0028
2022-03-25,13.8134,-89.6303,SO,,0.0383,0.0324,0.0187,0.0081,0.0032,0.0441,0.0337,0.0088,-0.0056,-0.0049,-0.0024,1e-04,0.0081,-0.0077,-0.0003,-0.0058,0.0018,-0.0023,0.0031,1e-04,-0.0002,0.0078,0.004,-0.0064,0.0036,-0.0017,0.0002,0.0018,0.0037
2022-04-10,13.8132,-89.6291,E,0.1158,0.0994,0.0884,0.0755,0.0734,0.0716,0.0625,0.0511,0.0378,0.0297,0.0121,0.0084,0.007,0.0006,0.0015,0.0087,0.0286,0.0239,0.0228,0.0109,0.0074,-0.0059,0.0022,-0.0275,-0.0047,-0.0066,-0.0098,-0.0171,-0.0382,-0.0332
2022-04-10,13.8132,-89.6291,N,0.1053,0.0942,0.0904,0.0942,0.0813,0.0535,0.0611,0.0473,0.0318,0.0203,0.0136,0.0051,0.0002,-0.0005,-0.0052,-0.0089,-0.0087,-0.0204,-0.0215,-0.0101,-0.0041,0.0054,0.005,0.0012,-0.0007,-0.0097,-0.0055,-0.0002,-0.0041,0.0027
2022-04-10,13.8132,-89.6291,NE,,0.1437,0.1342,0.1208,0.1075,0.0824,0.077,0.0708,0.0568,0.0501,0.042,0.0331,0.0348,0.0174,0.0217,0.0095,0.0181,0.015,0.0153,0.005,-0.0181,-0.0287,-0.033,-0.0604,-0.0522,-0.0132,-0.021,-0.0118,0.0061,-0.0143
2022-04-10,13.8132,-89.6291,NO,,0.0157,0.0258,0.0299,0.0374,0.0347,0.0312,0.0252,0.014,0.0087,0.0006,0.0059,0.0029,0.001,0.0034,-0.0011,-0.001,-0.0092,0.0009,-0.0013,-0.0094,0.0026,-0.0032,-0.0055,0.0006,0.0009,-0.0007,0.0006,0.0024,0.0008
2022-04-10,13.8132,-89.6291,O,,0.0254,0.0265,0.0258,0.0238,0.0201,0.0129,0.0072,0.0004,-0.0081,-0.0147,-0.0195,-0.0151,-0.0109,-0.0064,-0.0115,0.0018,0.0041,0.0091,0.0153,0.0081,0.0121,0.0161,0.0152,0.0151,0.01,0.0002,0.0025,-1e-04,-0.0047
2022-04-10,13.8132,-89.6291,S,,0.1006,0.091,0.0818,0.0743,0.06,0.0477,0.0278,0.0095,0.0054,0.0202,0.0027,-0.0085,-0.0109,0.026,0.0205,0.0237,0.0147,0.0121,0.0105,0.0052,0.0039,0.0006,0.0039,0.0013,-0.0056,-0.0088,-0.0102,-0.0198,-0.0272
2022-04-10,13.8132,-89.6291,SE,,0.1861,0.1739,0.1602,0.1441,0.1217,0.0987,0.0768,0.0647,0.0421,0.033,0.0062,-0.0012,-0.0155,-0.0138,-0.0162,-0.0261,-0.0303,-0.02,-0.0141,-0.0044,-0.0025,0.002,0.0088,0.0133,0.019,0.0206,0.0169,-0.0087,-0.0088
2022-04-10,13.8132,-89.6291,SO,,0.0045,0.0024,-0.0021,-0.0025,-0.0096,-0.0184,-0.0196,0.009,0.0053,-0.0005,-0.0068,-0.0014,0.0016,0.0075,0.0011,0.0015,0.0023,0.0103,0.0107,0.0166,0.009,0.0099,0.0087,0.0031,-0.0028,-0.0083,-0.0086,-0.0096,-0.0052
2022-05-12,13.8132,-89.6291,E,0.0923,0.0776,0.0656,0.0507,0.0497,0.0582,0.0593,0.0586,0.0522,0.0417,0.0256,0.0234,0.02,0.0145,0.0158,0.0202,0.0329,0.0411,0.0448,0.033,0.0222,-0.0045,-0.0299,-0.0394,-0.0185,-0.0034,-0.0132,-0.0176,-0.0302,-0.0258
2022-05-12,13.8132,-89.6291,N,0.0854,0.0838,0.081,0.0801,0.068,0.0497,0.0578,0.0482,0.0333,0.0172,0.002,0.006,-0.0015,-0.0008,-0.0037,-1e-04,-0.0021,-0.0134,-0.0085,-0.0019,0.0004,0.0124,0.0047,0.0075,0.0014,-0.0083,-0.0107,-0.0079,-0.0049,0.0043
2022-05-12,13.8132,-89.6291,NE,,0.1174,0.1078,0.0906,0.0813,0.0733,0.0615,0.0516,0.0507,0.0441,0.0367,0.0389,0.0393,0.0237,0.0104,0.0057,0.0061,0.0124,0.0145,-0.0057,-0.0218,-0.0296,-0.0427,-0.0497,-0.0416,-0.0152,-0.0099,0.0029,0.0137,-0.0097
2022-05-12,13.8132,-89.6291,NO,,-0.0051,0.0079,0.0189,0.0273,0.0288,0.0233,0.0191,0.0137,0.011,0.0055,0.0098,0.0082,0.0058,0.0066,0.0018,-0.0015,-0.0104,-0.0007,0.0025,-0.0084,-0.0006,-0.0036,-0.0034,-0.0009,-0.0005,-0.0,0.0036,0.0028,0.0079
2022-05-12,13.8132,-89.6291,O,,0.0514,0.0528,0.0541,0.0537,0.0522,0.0449,0.0332,0.0167,0.0038,-0.0009,-0.0073,-0.0062,-0.0084,-0.0097,-0.0038,0.0055,0.0002,0.0022,0.0022,-0.0064,-0.0078,-0.0035,-0.0019,0.0039,-0.0018,-0.0076,-0.0012,-0.0092,-0.0074
2022-05-12,13.8132,-89.6291,S,,0.1302,0.1282,0.1237,0.1205,0.1113,0.0941,0.0728,0.0469,0.029,0.0173,-1e-04,-0.006,-0.0208,0.0021,-0.0082,0.0002,-0.0066,-0.0088,-0.0062,-0.0059,-0.0011,0.0039,0.0044,0.0059,0.0023,0.0015,-0.0053,-0.0135,-0.0224
2022-05-12,13.8132,-89.6291,SE,,0.1737,0.1681,0.1603,0.147,0.1388,0.12,0.0976,0.08,0.0559,0.0515,0.0269,0.0182,-0.0007,-0.006,-0.0134,-0.0323,-0.0512,-0.0334,-0.0328,-0.0086,-0.0089,-0.0027,0.0103,0.0181,0.0268,0.0327,0.0372,-0.0064,-0.0126
2022-05-12,13.8132,-89.6291,SO,,0.0277,0.0256,0.0208,0.0155,0.0064,-0.011,-0.0055,0.0276,0.0201,0.0106,-0.0011,-0.0046,-0.0048,0.0044,1e-04,-0.0018,-0.0007,-0.0012,0.0046,0.0066,0.007,0.006,0.0029,0.0025,-0.0028,-0.0022,-0.0039,-0.0003,0.0018
2022-06-29,13.8148,-89.6292,E,0.1217,0.113,0.0978,0.0872,0.0649,0.0567,0.0483,0.0415,0.0368,0.0393,0.0363,0.0363,0.0373,0.0319,0.0274,0.0157,0.0011,-0.0154,0.0105,0.0146,0.0029,0.0019,-0.0145,-0.0235,-0.02,-0.0254,-0.0096,-0.0061,-0.0365,-0.0306
2022-06-29,13.8148,-89.6292,N,0.085,0.0696,0.0573,0.0463,0.0553,0.034,0.0326,0.0263,0.0252,0.0232,0.0252,0.0243,0.001,0.0,0.0095,-0.0019,0.0044,-0.0071,-0.0029,-0.0034,-0.0034,-0.001,-0.0048,-0.0024,-0.001,-0.0051,-0.015,-0.0166,-0.0067,0.0099
2022-06-29,13.8148,-89.6292,NE,,0.1326,0.1193,0.1064,0.0881,0.0729,0.0664,0.0664,0.0535,0.0334,0.0254,0.0244,0.0197,0.0147,0.0119,-0.0015,-0.0035,-0.0029,-0.009,0.0082,0.0047,-0.0018,-0.0011,-0.0122,-0.0134,-0.0221,-0.0226,-0.0245,-0.0216,-0.0243
2022-06-29,13.8148,-89.6292,NO,,-0.0031,-0.0022,-0.0039,0.0043,0.0062,0.0097,0.0054,0.0048,0.0053,0.0017,0.0065,0.0056,-0.005,-0.0025,-0.005,-0.0061,-0.0066,-0.0112,-0.009,-0.0091,-0.0075,1e-04,-0.0009,-0.0021,-0.0005,0.0012,0.002,0.0035,0.005
2022-06-29,13.8148,-89.6292,O,,0.0417,0.0364,0.0423,0.0424,0.0389,0.0315,0.0242,0.0272,0.0216,0.0165,0.0093,0.0063,1e-04,0.0017,-0.0053,-0.0076,-0.0121,-0.0079,-0.0037,-0.0082,-0.0039,0.0007,-0.0006,0.0021,-0.0008,0.0005,0.0021,0.0062,0.0047
2022-06-29,13.8148,-89.6292,S,,0.1248,0.1159,0.1039,0.0911,0.0776,0.0644,0.0464,0.0275,0.0147,0.0095,-0.002,-0.0148,-0.0272,-0.0312,-0.0182,-0.0131,-0.0035,-0.0036,-0.0019,0.0028,0.0051,0.0078,0.0085,0.0128,0.0041,0.0018,-0.0061,-0.0116,-0.0144
2022-06-29,13.8148,-89.6292,SE,,0.1229,0.1036,0.0932,0.0843,0.0713,0.0521,0.0459,0.0284,0.0119,-0.0024,-0.0146,-0.0255,-0.0286,-0.0213,-0.0195,-0.0136,-0.0035,0.0047,0.0097,0.0166,0.0189,0.0182,0.019,0.0123,-0.0023,-0.0161,-0.025,-0.0424,-0.0483
2022-06-29,13.8148,-89.6292,SO,,0.0474,0.0474,0.0436,0.0395,0.0299,0.0255,0.0183,0.0058,0.0133,0.0026,-0.0153,0.0072,0.0265,0.009,0.0037,0.0042,0.0007,0.0033,-0.0022,-0.0058,-0.0086,-0.0072,-0.0071,-0.0047,0.0037,-0.0011,-0.0015,-0.0011,-0.0006
2022-07-15,13.815,-89.6292,E,0.1309,0.1216,0.1076,0.0857,0.0795,0.0674,0.057,0.05,0.0551,0.0628,0.0404,0.0411,0.0317,0.0225,0.0175,0.0113,-0.0022,0.001,0.0152,-0.0009,-0.0087,-0.0121,-0.0246,-0.022,-0.0237,-0.0074,-0.0073,-0.0366,-0.0285,-0.0122
2022-07-15,13.815,-89.6292,N,0.1177,0.1022,0.0854,0.0666,0.0567,0.0433,0.0361,0.028,0.024,0.0212,0.0143,0.0069,-0.0031,1e-04,0.0083,0.0047,0.0074,0.0009,-0.0054,-0.0063,-0.014,-0.0059,-0.0121,-0.0121,-0.0097,-0.0108,-0.0208,-0.0164,1e-04,0.0108
2022-07-15,13.815,-89.6292,NE,,0.146,0.1317,0.1186,0.0996,0.0845,0.0766,0.0599,0.0446,0.0328,0.0292,0.0258,0.0211,0.0127,0.0034,-0.0031,0.0058,-0.0077,0.0137,0.0106,0.0083,-0.0052,-0.0107,-0.0021,-0.0291,-0.0191,-0.0237,-0.0234,-0.0222,-0.0087
2022-07-15,13.815,-89.6292,NO,,0.0159,0.0139,0.0076,0.0035,0.0006,0.0081,0.002,0.004,0.0075,0.008,0.0089,0.0081,0.0029,0.0004,-0.0011,-0.0027,-0.002,-0.0055,-0.0054,-0.006,-0.0049,-0.0052,-0.0058,-0.0022,-0.0013,0.0014,0.004,0.0069,0.0106
2022-07-15,13.815,-89.6292,O,,0.067,0.0562,0.05,0.054,0.0532,0.0507,0.0422,0.0306,0.0293,0.021,0.0081,0.0065,1e-04,-0.0035,-0.003,-0.0086,-0.0078,-0.0103,-0.0058,-0.0117,-0.0148,-0.0118,-0.0071,0.0017,0.0044,0.0033,0.0038,0.0085,0.0128
2022-07-15,13.815,-89.6292,S,,0.1393,0.1238,0.1049,0.0894,0.0691,0.0549,0.0374,0.025,0.0108,-0.0003,-0.0063,-0.0115,-0.0214,-0.0248,-0.0226,-0.0184,-0.0103,-0.0058,-0.0031,0.0004,0.0043,0.0174,0.0116,0.0097,0.0076,0.0007,0.0008,-0.0018,-0.0008
2022-07-15,13.815,-89.6292,SE,,0.1151,0.0985,0.0885,0.0673,0.0583,0.0345,0.0323,0.0153,-0.002,-0.0158,-0.0265,-0.0234,-0.0194,-0.0147,-0.0091,-0.0018,0.005,0.0151,0.0213,0.0298,0.0286,0.0265,0.0244,0.0123,-0.0062,-0.0244,-0.0292,-0.0473,-0.0462
2022-07-15,13.815,-89.6292,SO,,0.0866,0.0794,0.0705,0.0666,0.0602,0.0508,0.0377,0.0219,0.0231,0.0147,-0.0023,-0.0096,-0.0089,-0.0057,-0.0149,-0.0186,-0.0159,-0.0161,-0.0169,-0.011,-0.0103,-0.0109,-0.0113,-0.0039,-0.0024,0.0061,0.0095,0.0136,0.013
2022-12-06,13.8088,-89.6316,E,0.049,0.0475,0.0423,0.0456,0.0473,0.052,0.049,0.0457,0.0417,0.0367,0.037,0.0384,0.0338,0.0295,0.0126,0.0118,-0.0099,0.0121,-0.0187,-0.0694,-0.0459,-0.0109,0.0008,0.0039,-0.0052,-0.0017,-0.003,-0.02,-0.0244,-0.0541
2022-12-06,13.8088,-89.6316,N,0.0706,0.0769,0.0613,0.0652,0.058,0.055,0.0624,0.0659,0.059,0.0502,0.0268,0.0378,0.0252,-0.0047,-0.0053,-0.016,-0.0158,-0.0035,-0.0061,-0.0093,-0.0096,-0.0073,-0.0102,-0.0146,-0.0128,-0.0192,-0.0193,-0.013,0.0046,-0.0024
2022-12-06,13.8088,-89.6316,NE,,0.0688,0.0596,0.0529,0.0428,0.0231,0.0229,0.01,0.0039,0.0054,-0.0134,1e-04,0.0043,0.0056,0.0131,0.0322,0.0276,0.028,0.041,0.0124,0.0157,0.0057,-0.0058,-0.0103,-0.0052,-0.0034,-0.0102,-0.0197,-0.0317,-0.0362
2022-12-06,13.8088,-89.6316,NO,,-0.0352,-0.0199,-0.0131,-0.0075,0.0,0.0206,0.011,0.0383,0.038,0.0271,0.0298,0.0254,-0.0078,-0.0003,0.0031,0.0037,-0.0148,-0.0431,-0.036,-0.0169,-0.0149,-0.0023,-0.0021,-0.0015,-0.0042,-0.0085,-0.0026,0.0135,0.0205
2022-12-06,13.8088,-89.6316,O,,-0.1562,-0.1367,-0.1175,-0.0988,-0.0799,-0.0647,-0.0482,-0.0322,-0.0157,-0.0022,0.0129,0.0272,0.0383,0.037,0.0298,0.0342,0.025,-0.0014,0.0073,-0.0061,-0.0123,-0.011,-0.0065,-0.0118,-0.0094,-0.002,-0.0012,0.0065,0.0079
2022-12-06,13.8088,-89.6316,S,,-0.0058,0.016,0.0124,0.011,0.0067,0.0024,-0.0022,-0.0043,-0.0133,0.0012,0.0194,0.0202,0.0089,0.0061,0.0024,0.0064,0.0109,0.0142,0.0167,0.0098,0.0127,0.0115,0.0085,0.0061,0.0056,0.0087,-0.0002,-0.0059,-0.0072
2022-12-06,13.8088,-89.6316,SE,,0.0761,0.0829,0.0807,0.0752,0.072,0.0696,0.0633,0.0533,0.0439,0.0409,0.0528,0.0519,0.0262,0.0058,-0.0017,-0.0048,0.0209,-0.0087,-0.029,-0.027,-0.0199,-0.0077,0.004,-0.0082,-0.0015,0.0057,0.0134,0.0193,0.0145
2022-12-06,13.8088,-89.6316,SO,,-0.1076,-0.095,-0.0773,-0.0694,-0.0618,-0.0505,-0.043,-0.0283,-0.0207,-0.0211,-0.0108,-0.0066,0.0112,0.0092,0.0227,0.0398,0.0392,0.0339,0.0344,0.025,0.02,0.0183,0.0014,-0.0032,-0.0073,-0.0144,-0.0199,-0.0238,-0.0205
2023-02-08,13.8088,-89.6316,E,0.0763,0.0723,0.065,0.069,0.0664,0.0696,0.0642,0.0559,0.0474,0.0453,0.0447,0.0438,0.0377,0.0256,0.0132,0.0027,0.0075,0.0368,-0.0027,-0.0547,-0.0421,-0.0101,0.0013,0.0079,-0.0024,-0.0159,-0.0274,-0.0373,-0.0487,-0.0797
2023-02-08,13.8088,-89.6316,N,0.067,0.0753,0.062,0.0723,0.0647,0.054,0.0592,0.0717,0.0689,0.0639,0.0357,0.0325,0.0216,0.0043,-0.0208,-0.0168,-0.0096,-0.0005,-0.0035,-0.0083,-0.0056,-0.0049,-0.0104,-0.0168,-0.0117,-0.01,-0.0109,-0.0138,-0.0089,-0.0057
2023-02-08,13.8088,-89.6316,NE,,0.0948,0.0887,0.0799,0.0652,0.0384,0.0202,0.0147,0.0158,0.0157,0.0115,0.0016,0.0049,0.0074,0.0137,0.0363,0.0297,0.0305,0.047,0.0231,0.0134,0.0008,-0.0049,-0.0176,-0.0126,-0.0109,-0.0007,-0.021,-0.0375,-0.0451
2023-02-08,13.8088,-89.6316,NO,,-0.0648,-0.0456,-0.0321,-0.0208,-0.0101,0.0141,0.012,0.0429,0.0538,0.0323,0.036,0.0368,-0.0003,0.009,0.0086,0.0056,-0.0121,-0.0246,-0.0323,-0.0171,-0.0157,-0.0133,-0.0105,-0.0086,-0.0029,-0.0055,0.0008,0.0231,0.0318
2023-02-08,13.8088,-89.6316,O,,-0.2029,-0.177,-0.1507,-0.1253,-0.0985,-0.0773,-0.0577,-0.0408,-0.0215,-0.0025,0.0154,0.032,0.0439,0.0454,0.0374,0.0443,0.0374,-0.0019,0.0077,-0.0022,-0.0087,-0.0136,-0.0133,-0.0139,-0.0105,-0.0099,-0.0025,0.0046,0.0112
2023-02-08,13.8088,-89.6316,S,,0.0213,0.0553,0.0447,0.0333,0.0256,0.0221,0.0131,-0.0027,-0.0203,0.008,0.0465,0.043,0.0258,0.0047,-0.003,-0.001,0.0035,0.0069,0.0069,0.0,0.0051,0.0082,0.0076,0.0043,0.0007,0.0083,0.0068,0.0053,-0.0077
2023-02-08,13.8088,-89.6316,SE,,0.1203,0.1245,0.1161,0.1043,0.0915,0.0859,0.0773,0.0668,0.053,0.044,0.0531,0.0514,0.0309,0.0071,-0.0011,-0.0076,0.0081,-0.0198,-0.0331,-0.0191,-0.0258,-0.0294,-0.0132,-0.002,0.0055,0.008,0.0201,0.0209,0.0201
2023-02-08,13.8088,-89.6316,SO,,-0.1049,-0.0859,-0.065,-0.0562,-0.0512,-0.0393,-0.0343,-0.0153,-0.0111,-0.0148,-0.0028,0.0007,0.0255,0.0189,0.0312,0.0535,0.0478,0.0356,0.0472,0.0377,0.0121,0.0031,0.0043,-0.0008,-0.0064,-0.0161,-0.0252,-0.0321,-0.0208
2023-02-24,13.8088,-89.6316,E,0.0751,0.0685,0.0581,0.0613,0.0552,0.0569,0.0457,0.0392,0.032,0.0327,0.0344,0.0363,0.0368,0.0292,0.0195,0.0108,0.0119,0.0366,-0.0039,-0.0454,-0.0275,-0.0015,0.0105,0.0114,0.0002,-0.0101,-0.0318,-0.0415,-0.051,-0.0729
2023-02-24,13.8088,-89.6316,N,0.0385,0.0464,0.0355,0.0517,0.0481,0.0436,0.052,0.0679,0.0653,0.0548,0.0242,0.0238,0.0047,-0.007,-0.0158,-0.0144,-0.009,-0.0042,-0.0028,-0.0033,-0.0036,-0.0041,-0.0048,-0.0081,-0.0057,-0.0046,-0.0064,-0.006,0.0028,0.0051
2023-02-24,13.8088,-89.6316,NE,,0.1011,0.0936,0.0824,0.0669,0.0357,0.012,0.0082,0.0087,0.0143,0.0158,-0.0019,-0.0031,1e-04,0.011,0.0236,0.0238,0.0262,0.0378,0.0161,0.0211,0.0105,0.003,-0.0046,-0.0038,-0.0069,-0.0031,-0.0195,-0.035,-0.0403
2023-02-24,13.8088,-89.6316,NO,,-0.0362,-0.0221,-0.0079,0.0038,0.012,0.0249,0.031,0.0438,0.0467,0.0295,0.0274,0.0277,-0.0026,-0.0018,-0.0041,-0.0067,-0.0155,-0.024,-0.0289,-0.0159,-0.0153,-0.0116,-0.009,-0.0098,-0.0021,-0.0021,0.0074,0.021,0.0267
2023-02-24,13.8088,-89.6316,O,,-0.1445,-0.1256,-0.1069,-0.0901,-0.0719,-0.0561,-0.0407,-0.0293,-0.0151,-0.0014,0.0122,0.0224,0.0305,0.0349,0.0322,0.0367,0.0316,-0.0022,0.0013,-0.0076,-0.0128,-0.0154,-0.0155,-0.0153,-0.011,-0.0065,0.0033,0.0075,0.0138
2023-02-24,13.8088,-89.6316,S,,0.0122,0.0411,0.0343,0.019,0.0123,0.0097,0.0065,-0.0072,-0.0235,-0.0036,0.0279,0.0324,0.0138,0.0036,-0.0007,0.0053,0.0146,0.0204,0.0206,0.0119,0.0161,0.0161,0.0087,-0.001,-0.0058,-0.0011,-0.0074,-0.0092,-0.0173
2023-02-24,13.8088,-89.6316,SE,,0.1052,0.1097,0.1021,0.0885,0.0805,0.0727,0.0651,0.0576,0.0438,0.0327,0.0381,0.0377,0.0228,0.002,-0.0061,-0.0104,0.0119,-0.0199,-0.0319,-0.0155,-0.0184,-0.0203,-0.0106,0.0053,0.0054,0.0075,0.0167,0.0153,0.0139
2023-02-24,13.8088,-89.6316,SO,,-0.0494,-0.0418,-0.0381,-0.0352,-0.0359,-0.0296,-0.0299,-0.0177,-0.0163,-0.0156,-0.0091,-0.0072,0.0059,0.0039,0.0165,0.0341,0.0269,0.023,0.0321,0.0289,0.0182,0.0067,0.0109,0.0009,-0.0043,-0.0125,-0.0125,-0.0236,-0.0077
2023-06-16,13.814,-89.6292,E,0.0667,0.064,0.0664,0.0677,0.0648,0.0598,0.0457,0.0301,0.0266,0.0239,0.021,0.0152,0.0151,0.0171,0.0195,0.0179,0.0093,-0.0027,-0.0159,-0.0128,-0.028,-0.0142,0.0047,0.0015,0.0007,-0.0177,-0.0178,-0.0172,-0.0237,-0.0292
2023-06-16,13.814,-89.6292,N,0.0551,0.0445,0.047,0.0506,0.0365,0.0213,0.0357,0.027,0.0123,0.0104,0.003,0.0119,0.0087,0.0085,0.0066,-0.0009,-0.0013,-0.0048,-0.0046,0.0027,0.0071,0.0005,0.0008,-0.0004,-0.0067,-0.0135,-0.0087,-0.0029,0.0057,0.0089
2023-06-16,13.814,-89.6292,NE,,0.0893,0.0824,0.0806,0.0787,0.0655,0.0597,0.0453,0.0376,0.0346,0.0267,0.0159,0.0051,-0.0021,0.0038,0.0084,0.0097,-0.0112,-0.01,-0.0148,-0.0188,-0.0206,-0.0128,-0.0048,-0.0093,0.0029,0.0072,-0.0051,0.0123,
2023-06-16,13.814,-89.6292,NO,,-0.0178,-0.0093,-0.0036,0.0038,-0.0003,0.0063,0.0103,0.0125,0.0183,0.0131,0.0053,0.0031,-1e-04,0.0026,-0.0035,-0.0008,-0.0093,-0.0069,-0.0144,-0.0129,-0.0127,-0.0111,-0.0106,-0.0052,-0.0023,0.0032,0.0065,0.0107,0.0132
2023-06-16,13.814,-89.6292,O,,0.0591,0.0587,0.0528,0.0433,0.0436,0.0406,0.0393,0.0356,0.0287,0.0164,0.0037,0.0011,-0.0035,-0.0082,-0.0057,-0.0089,-0.0122,-0.012,-0.0061,-0.0096,-0.005,-0.0119,-0.006,0.0029,0.013,0.0148,0.0109,0.0077,0.0068
2023-06-16,13.814,-89.6292,S,,0.1137,0.1064,0.1023,0.0953,0.0776,0.0603,0.0427,0.0251,0.029,0.0204,0.0046,-0.0185,-0.0291,-0.0235,0.0006,-0.0042,-0.012,-0.0082,-0.0068,-0.0041,0.0005,0.0081,0.0089,0.0103,0.006,0.0008,-0.0011,-0.005,-0.0113
2023-06-16,13.814,-89.6292,SE,,0.1136,0.1097,0.0993,0.0885,0.0803,0.0603,0.0584,0.0454,0.0309,0.022,0.0108,0.0029,-0.0118,-0.0165,-0.017,-0.022,-0.017,-0.0122,-0.0082,-0.0016,0.0041,0.0135,0.0179,0.0162,0.0125,0.0025,-0.0081,-0.0214,-0.0338
2023-06-16,13.814,-89.6292,SO,,0.048,0.0456,0.0421,0.0414,0.0388,0.0315,0.0243,0.0055,-0.0102,0.0116,0.0168,0.0005,-0.0089,-0.0145,-0.0077,-0.0111,-0.0078,-0.013,-0.0096,-0.0038,-0.0038,-0.0016,0.0035,0.0054,0.005,0.0066,0.006,0.005,0.0051
2023-07-18,13.815,-89.6292,E,0.1382,0.1285,0.1123,0.0902,0.0824,0.0669,0.0578,0.051,0.0567,0.0624,0.0484,0.0483,0.0411,0.0301,0.02,0.0137,0.0005,0.0039,0.0225,-0.0086,-0.0073,-0.014,-0.0269,-0.0242,-0.0258,-0.0093,-0.0096,-0.0396,-0.0313,-0.0145
2023-07-18,13.815,-89.6292,N,0.1033,0.0862,0.0665,0.0473,0.0443,0.027,0.0348,0.0272,0.0268,0.0262,0.0218,0.0116,-0.0003,0.0007,0.0108,0.0043,0.005,-0.0017,-0.0051,-0.0088,-0.0161,-0.0113,-0.0097,-0.0059,-0.0017,-0.009,-0.019,-0.0113,-0.0049,0.0145
2023-07-18,13.815,-89.6292,NE,,0.146,0.1288,0.1128,0.0931,0.0808,0.0765,0.0527,0.048,0.034,0.0335,0.0299,0.0263,0.0203,0.0116,1e-04,0.0111,-0.011,0.0034,0.0045,0.0046,-0.0083,-0.0193,-0.0061,-0.0326,-0.0174,-0.0209,-0.0215,-0.0232,-0.0107
2023-07-18,13.815,-89.6292,NO,,0.0192,0.0147,0.0077,0.0064,0.0041,0.0106,0.0057,0.0054,0.005,0.0014,0.0018,0.0005,-0.0005,-0.0008,-0.0005,-0.0023,-0.0017,-0.0054,-0.0046,-0.0037,-0.0019,-0.0011,-0.0004,0.0009,0.0017,0.0017,-0.0005,0.0023,-0.0032
2023-07-18,13.815,-89.6292,O,,0.0672,0.0583,0.0554,0.0584,0.0533,0.0494,0.0403,0.0237,0.019,0.0113,0.0007,-0.002,-0.0057,-0.0069,-0.0038,-0.004,-0.0062,-0.0061,-0.0027,-0.0109,-0.011,-0.0074,-0.0044,-0.0003,0.0026,0.0027,0.0039,0.0081,0.0119
2023-07-18,13.815,-89.6292,S,,0.1321,0.1196,0.1042,0.0927,0.0748,0.0602,0.0395,0.0255,0.01,0.0011,-0.0044,-0.009,-0.0218,-0.0287,-0.0226,-0.0179,-0.0093,-0.0061,-0.0002,0.0017,0.0031,0.0106,0.0066,0.0094,0.0049,0.006,0.0006,-0.0028,0.0002
2023-07-18,13.815,-89.6292,SE,,0.1181,0.1019,0.0918,0.0703,0.0626,0.0415,0.035,0.0146,-0.0006,-0.0131,-0.0269,-0.0303,-0.0229,-0.0166,-0.0075,-0.0022,0.0038,0.0118,0.0207,0.0272,0.0303,0.0307,0.0255,0.0122,-0.0121,-0.0229,-0.0305,-0.0485,-0.0452
2023-07-18,13.815,-89.6292,SO,,0.0686,0.0635,0.0574,0.0556,0.0509,0.0412,0.0308,0.0187,0.0121,0.0063,-0.0066,-0.0095,-0.008,0.0016,-0.0029,-0.0069,-0.0074,-0.0072,-0.0066,-0.003,-0.004,-0.007,-0.0049,-0.0022,0.0015,0.0018,0.0036,0.0046,0.006
2023-11-23,13.8088,-89.6316,E,0.0612,0.0603,0.0548,0.0544,0.0491,0.0479,0.0448,0.0412,0.0371,0.0328,0.0274,0.0326,0.0377,0.0261,0.0159,0.0146,-0.0017,0.0299,-0.0159,-0.0549,-0.0341,-0.0071,-0.0029,0.0013,-0.0033,-0.0044,-0.005,-0.0195,-0.0233,-0.0487
2023-11-23,13.8088,-89.6316,N,0.0795,0.0855,0.0694,0.0726,0.0623,0.0563,0.061,0.0654,0.0548,0.0485,0.0249,0.0261,0.0161,-0.0024,-0.0106,-0.0054,-0.0129,-0.0006,-0.0025,-0.0038,-0.0086,-0.0087,-0.0084,-0.0103,-0.0123,-0.0198,-0.016,-0.0124,-0.0015,-0.0081
2023-11-23,13.8088,-89.6316,NE,,0.0875,0.0762,0.0691,0.0556,0.0376,0.0335,0.021,0.0153,0.0101,-0.0047,-0.0039,1e-04,-0.0026,0.0027,0.0114,0.0142,0.0189,0.0279,0.0169,0.0141,0.0077,0.0009,-0.0073,-0.0011,-0.0022,-0.0018,-0.013,-0.0235,-0.0319
2023-11-23,13.8088,-89.6316,NO,,-0.0267,-0.0106,-0.0036,-0.0002,0.0038,0.0226,0.0128,0.0379,0.0347,0.0223,0.0238,0.023,-0.0076,0.0038,0.0055,0.0113,1e-04,-0.0235,-0.0238,-0.0122,-0.0106,-0.0068,-0.0071,-0.0011,-0.0016,-0.0102,-0.0007,0.0147,0.02
2023-11-23,13.8088,-89.6316,O,,-0.1262,-0.108,-0.09,-0.0737,-0.059,-0.0463,-0.0348,-0.0238,-0.0144,-0.0052,0.0059,0.018,0.0272,0.0303,0.0274,0.0366,0.0368,0.008,0.0139,0.005,-0.0015,-0.0085,-0.0071,-0.0116,-0.0077,-0.0034,0.004,-0.0004,0.0032
2023-11-23,13.8088,-89.6316,S,,0.0093,0.0256,0.0154,0.0137,0.0107,0.0093,-0.0022,-0.0122,-0.0228,-0.0045,0.0214,0.0234,0.0139,0.0046,-0.0011,0.0042,0.0086,0.0118,0.0157,0.0137,0.0163,0.0168,0.0125,0.0066,0.0047,0.0082,0.0015,-0.0062,-0.0126
2023-11-23,13.8088,-89.6316,SE,,0.0939,0.0902,0.0818,0.0725,0.065,0.0583,0.052,0.0435,0.0341,0.0345,0.0379,0.0417,0.0362,0.0143,0.0017,-0.0012,0.0182,-0.0125,-0.03,-0.0198,-0.0212,-0.0197,-0.0006,-0.0044,-0.0003,0.0054,0.0116,0.0163,0.0121
2023-11-23,13.8088,-89.6316,SO,,-0.0865,-0.0726,-0.0551,-0.0481,-0.0437,-0.0338,-0.0283,-0.0151,-0.011,-0.0135,-0.0072,-0.006,0.011,0.0068,0.0176,0.0347,0.0335,0.0249,0.0333,0.0262,0.0212,0.0155,0.0023,-1e-04,-0.006,-0.0149,-0.0211,-0.027,-0.018
2023-12-09,13.8088,-89.6333,E,0.0645,0.0579,0.042,0.0382,0.0293,0.0224,0.018,0.0215,0.0182,0.0147,0.0119,0.0193,0.0178,0.023,0.0344,0.0212,0.0032,0.0003,-0.0182,-0.0147,-0.001,0.0031,0.0018,0.0107,0.0169,0.003,0.0038,-0.0054,-0.0184,-0.0217
2023-12-09,13.8088,-89.6333,N,,0.1024,0.1014,0.0953,0.0728,0.043,0.0475,0.0415,0.029,0.0148,0.0257,0.0206,0.036,0.0304,0.0432,0.0355,0.0259,0.0147,0.0068,-0.0136,-0.0193,-0.0248,-0.0212,-0.0172,-0.0161,-0.015,-0.0149,-0.0152,-0.0164,-0.0151
2023-12-09,13.8088,-89.6333,NE,,0.083,0.0703,0.0627,0.0522,0.0393,0.0241,0.0112,0.0039,-0.0037,-0.0143,-0.0223,-0.0213,-0.0198,-0.0138,-0.0099,-0.0023,-0.0038,0.0065,0.0128,0.0272,0.0279,0.0202,0.0319,0.0152,0.0172,0.0025,-0.0168,-0.0182,-0.0171
2023-12-09,13.8088,-89.6333,NO,,-0.076,-0.0607,-0.056,-0.0522,-0.0338,-0.0327,-0.0234,0.0046,0.0113,0.0184,0.0224,0.0338,0.0406,0.0456,0.0574,0.0505,0.0397,0.0229,0.0113,0.0101,-0.006,-0.0169,-0.0243,-0.0251,-0.021,-0.0125,-0.0074,-0.001,-0.0074
2023-12-09,13.8088,-89.6333,O,,-0.1387,-0.1185,-0.1027,-0.0887,-0.0763,-0.0643,-0.0515,-0.0388,-0.0245,-0.0142,0.0036,0.0167,0.0286,0.024,0.0294,0.0331,0.0335,0.0148,0.0016,-0.0055,-0.0142,-0.0169,-0.0163,-0.0207,-0.0132,-0.0077,-0.0065,-0.0025,-0.0056
2023-12-09,13.8088,-89.6333,S,-0.0373,-0.0478,-0.0581,-0.0751,-0.0433,-0.0012,-0.0029,-0.0171,-0.0236,-0.0138,-0.0254,-0.0027,0.0095,0.0137,0.011,0.0147,0.0191,0.0177,0.0146,0.0141,0.0243,0.0234,0.0134,0.0119,0.0127,0.0105,0.0052,-0.0128,-0.0016,0.0007
2023-12-09,13.8088,-89.6333,SE,,0.0703,0.0581,0.0293,0.0139,0.0362,0.0624,0.0498,0.0365,0.0191,0.0025,0.0163,0.0486,0.028,0.0128,0.004,0.0144,0.0107,-0.0023,-0.0251,-0.0107,-0.0102,-0.019,-0.0039,-0.0115,-0.0064,0.0085,-0.0029,0.0015,-0.0018
2023-12-09,13.8088,-89.6333,SO,,-0.1094,-0.096,-0.094,-0.0886,-0.0922,-0.0692,-0.052,-0.0361,-0.0211,-0.0076,0.0054,0.018,0.0226,0.0287,0.0352,0.0419,0.0433,0.0417,0.034,0.0214,0.0036,-0.0165,-0.0129,-0.0135,-0.0267,-0.0177,-0.0096,-0.0074,-0.0024
2024-02-11,13.8123,-89.6302,E,0.1306,0.1238,0.1256,0.1251,0.1257,0.1049,0.0593,0.0416,0.0488,0.0401,0.042,0.0249,0.0262,0.0126,0.0135,0.0048,-0.0048,-0.0085,0.0035,-0.0178,0.0243,0.0082,0.0027,0.0009,-0.0027,0.006,0.0162,0.0185,0.0038,-0.0155
2024-02-11,13.8123,-89.6302,N,-0.0011,0.0076,0.0155,0.0205,0.0282,0.0267,0.0322,0.0347,0.0321,0.0296,0.0186,0.0223,0.0125,0.0068,-0.0026,-0.0042,-0.0083,-0.0106,-0.0148,-0.0177,-0.0166,-0.0148,-0.0142,-0.0056,0.0057,-0.0032,-0.0008,-0.0038,-0.0048,-0.0102
2024-02-11,13.8123,-89.6302,NE,,-0.0012,0.0168,0.0269,0.0549,0.0524,0.0289,0.0248,0.0253,0.0419,0.0303,0.0383,0.0539,0.0412,0.011,0.0204,-0.0043,-0.0112,-0.0035,-0.0026,0.0015,0.0106,0.0061,0.0043,0.0061,-0.0043,-0.0222,-0.0363,-0.0485,-0.0574
2024-02-11,13.8123,-89.6302,NO,,-0.0029,0.0039,0.0091,0.0135,0.0097,0.0109,0.0054,0.0055,0.0034,0.001,-0.0025,-0.0017,-0.0009,-0.0009,-0.0037,-0.0031,-0.0046,-0.0023,-0.0031,-0.0023,-0.0033,-0.0038,-0.0014,-0.003,-0.0012,1e-04,-0.0011,0.0008,0.0018
2024-02-11,13.8123,-89.6302,O,,-0.0137,-0.0173,-0.0278,-0.0312,-0.0297,-0.0258,-0.0243,-0.017,-0.018,-0.0122,-0.012,-0.0089,-0.0034,0.0021,0.0041,0.008,0.0101,0.0128,0.0162,0.0155,0.0195,0.0191,0.0206,0.0227,0.0251,0.0126,0.0037,-0.0188,-0.0233
2024-02-11,13.8123,-89.6302,S,,0.0574,0.0547,0.0425,0.0445,0.0341,0.0269,-0.0002,0.0014,0.0118,0.0047,0.018,0.0123,0.0055,-0.0026,-0.0117,-0.0036,0.0027,-0.0053,-0.0071,0.003,0.0089,0.0059,0.0052,0.0005,0.0008,-0.0041,-0.008,-0.0103,-0.0095
2024-02-11,13.8123,-89.6302,SE,,0.1867,0.1794,0.1689,0.1446,0.1127,0.0805,0.0507,0.0503,0.0482,0.0059,-0.0316,-0.0194,-0.0191,-0.0189,-0.0226,-0.0124,-0.006,-0.0042,-0.0006,0.0034,0.0034,0.0034,0.0061,0.0067,0.0075,0.0082,0.0099,0.0148,0.016
2024-02-11,13.8123,-89.6302,SO,,0.0333,0.0189,0.0171,0.0101,0.0105,0.0112,0.0071,0.0086,0.0125,0.0093,0.0044,0.0029,0.0045,-0.0015,0.0044,0.0003,0.0088,0.0095,0.0041,-0.0016,-0.0096,-0.0016,-0.0002,-0.0034,0.0013,-0.0027,0.0029,0.0018,0.0016
2024-02-27,13.8126,-89.6311,E,0.1202,0.1069,0.0852,0.0656,0.0384,-0.0025,-0.0023,0.03,0.0355,0.0197,0.0076,0.0008,-0.0019,-0.0038,-0.0091,-0.0229,-0.0253,-0.028,-0.0156,-0.0089,0.0007,0.0076,0.0027,0.01,0.0181,0.0213,0.0117,0.0023,-0.0197,-0.0492
2024-02-27,13.8126,-89.6311,N,,-0.025,-0.0265,-0.0236,-0.0155,-0.0111,-0.0023,0.001,0.0062,0.0149,0.0168,0.0156,0.0134,0.018,0.018,0.0162,0.0143,0.0088,0.0095,0.0024,-0.0059,-0.0052,-0.0131,-0.0147,-0.014,-0.0092,-0.0043,-0.0015,-0.0021,-0.0036
2024-02-27,13.8126,-89.6311,NE,,-0.0216,-0.0257,-0.0163,0.0026,0.0227,0.0032,-0.0257,0.0147,0.0185,0.0248,0.0331,0.0351,0.0305,0.0339,0.0329,0.0268,0.0016,0.0027,0.0009,0.0009,0.0152,0.009,0.0112,0.0036,0.0004,-0.0216,-0.0195,-0.0367,-0.0705
2024-02-27,13.8126,-89.6311,NO,,-0.0069,-0.0043,-0.0027,-0.003,-0.002,-0.0019,-0.0033,-0.0032,-0.0015,-0.0003,-0.0069,-0.0031,0.0034,-0.0026,-0.0043,-0.0085,0.0006,-0.0069,-0.0095,-0.011,-0.011,-0.0105,-0.0055,-0.008,-0.0038,-0.0029,0.001,-0.0038,0.0057
2024-02-27,13.8126,-89.6311,O,,0.0111,0.0031,0.0007,-0.0008,-0.0019,-0.002,-0.0041,-0.0054,-0.0052,-0.0069,-0.0046,-0.0035,-0.0025,1e-04,0.0012,0.0016,0.0024,0.0036,0.0048,0.0064,0.0096,0.0117,0.0142,0.0152,0.0175,0.0155,0.0126,0.0026,-0.0167
2024-02-27,13.8126,-89.6311,S,-0.0007,-0.0093,-0.0118,0.0044,-0.0054,-0.0071,0.0139,0.0208,0.021,0.0318,0.0099,-0.0011,-0.012,-0.0075,-0.0177,-0.0117,0.0038,0.007,0.0023,0.0108,0.0126,0.0109,0.0092,0.0038,0.0013,0.0016,-0.001,-0.0167,-0.0134,-0.0063
2024-02-27,13.8126,-89.6311,SE,,0.2072,0.1757,0.1296,0.1221,0.1403,0.0875,0.0498,-0.0013,0.0075,0.0015,-0.0101,-0.0095,-0.0085,-0.0104,-0.004,-0.0037,-0.0007,-0.0026,-0.004,-0.0,0.0013,0.0028,0.0054,0.006,0.0061,0.0072,0.0106,0.0146,0.0176
2024-02-27,13.8126,-89.6311,SO,,0.0127,0.0404,0.0337,0.0245,0.0162,0.0157,0.0146,0.0143,0.003,0.0052,0.0003,0.0052,0.0123,-0.005,-0.0069,0.0034,0.0067,0.0098,0.009,0.0076,0.0051,0.0045,0.0039,0.0044,0.0035,0.0023,0.001,-0.0032,-0.0074
2024-04-15,13.8131,-89.6302,E,0.0679,0.067,0.0575,0.0361,0.027,0.0324,0.0298,0.0391,0.0155,0.0148,0.0047,0.0102,0.0152,0.0072,0.0075,0.0122,0.0289,0.0258,0.0358,0.0277,0.0224,0.0227,0.0321,0.032,0.0303,-0.0002,-0.0246,-0.0398,-0.0368,-0.0475
2024-04-15,13.8131,-89.6302,N,0.065,0.0682,0.0688,0.0757,0.0645,0.055,0.0524,0.0467,0.0398,0.039,0.0286,0.0331,0.0265,0.0087,0.0025,-0.0132,-0.009,-0.0092,-0.0149,-0.0152,-0.0134,-0.0162,-0.0177,-0.0104,0.0055,0.0101,0.0043,0.0027,0.0025,-0.0013
2024-04-15,13.8131,-89.6302,NE,,0.0249,0.0291,0.0355,0.0306,0.0303,0.0328,0.0291,0.0327,0.0283,0.0327,0.0263,0.0247,0.0214,0.0149,0.0252,0.0141,0.0089,0.0136,0.019,0.0154,0.0021,-0.0213,-0.0232,-0.0259,-0.0564,-0.0357,-0.0048,0.012,-0.0028
2024-04-15,13.8131,-89.6302,NO,,-0.0052,0.0019,0.0085,0.0104,0.0122,0.0149,0.0151,0.012,0.0063,0.0081,0.0042,0.0044,0.0005,0.0016,0.0002,0.0027,-0.005,-0.008,-0.0057,-0.0085,-0.0024,-0.0028,-0.0012,-0.0037,-0.0017,-0.0017,0.0026,0.0047,0.0053
2024-04-15,13.8131,-89.6302,O,,0.0427,0.0398,0.0346,0.0289,0.0231,0.022,0.0184,0.0084,0.0028,-0.0036,-0.0046,-0.0042,-0.0027,-0.001,-0.0047,0.0023,0.0048,0.0026,0.0021,-0.001,-0.0074,-0.0051,-0.0019,0.0014,0.009,0.0017,0.0028,0.0072,0.015
2024-04-15,13.8131,-89.6302,S,,0.1146,0.0966,0.0768,0.0483,0.0275,0.0554,0.0118,0.0042,0.0378,0.0335,0.024,0.0189,0.0061,0.0056,0.004,-0.0011,0.0014,-0.0022,0.0037,0.0025,-0.0047,-0.0071,-0.0056,-0.007,-0.0101,-0.0117,-0.0091,-0.0081,-0.011
2024-04-15,13.8131,-89.6302,SE,,0.1849,0.1714,0.146,0.1154,0.0876,0.0679,0.0553,0.0201,0.0018,0.0084,0.0003,0.0048,-0.0128,-0.0161,-0.0172,-0.017,-0.0098,-0.0038,0.0011,0.0051,0.0063,0.0094,0.0117,0.0136,0.0093,-0.0052,-0.0121,-0.017,-0.0027
2024-04-15,13.8131,-89.6302,SO,,-0.0071,-0.0109,-0.0355,-0.0506,0.0035,0.0222,0.008,-0.0078,-0.005,0.0068,-1e-04,0.0085,0.0029,0.0096,0.01,0.0102,0.0114,0.0047,0.0087,-0.0045,-0.0032,0.0023,0.0031,-0.0053,-0.0029,0.0002,0.0015,-0.0057,0.0049
2024-07-04,13.8121,-89.6286,E,0.1049,0.0935,0.0886,0.0807,0.0732,0.0781,0.0532,0.0464,0.0295,0.0368,0.0384,0.0335,0.0363,0.0238,0.0141,0.0014,-0.0022,-0.005,-0.0076,-0.0068,-0.0023,-0.0022,-0.0041,-0.011,-0.0228,-0.0265,-0.0208,-0.0137,-0.0019,0.0092
2024-07-04,13.8121,-89.6286,N,0.062,0.0684,0.0658,0.0658,0.0589,0.0526,0.0491,0.0387,0.0415,0.0352,0.024,0.0168,0.0111,0.0045,0.0064,0.0007,-0.0043,-0.0033,-0.0043,-0.0081,-0.0119,-0.0108,-0.0099,-0.0123,-0.0108,-0.0062,-0.0052,-0.0029,-0.004,0.0071
2024-07-04,13.8121,-89.6286,NE,,0.1269,0.1192,0.1133,0.111,0.1004,0.0907,0.0793,0.0605,0.0441,0.0264,0.0196,0.0131,0.0116,0.0069,-0.0018,-0.0123,-0.0107,-0.0044,-0.0027,-1e-04,0.0009,-0.0203,-0.0251,-0.0318,-0.0199,-0.0068,0.0052,0.0091,0.008
2024-07-04,13.8121,-89.6286,NO,,0.0277,0.0346,0.0284,0.0302,0.0223,0.017,0.019,0.0197,0.0179,0.0128,0.0115,0.0037,-0.0008,0.0011,-0.0013,-0.0018,-0.0045,-0.0128,-0.0113,-0.0078,-0.0061,-0.0052,-0.0057,-0.0044,-0.0017,0.0016,0.0067,0.0091,0.0142
2024-07-04,13.8121,-89.6286,O,,0.0401,0.0409,0.0304,0.0256,0.01,-0.0103,-0.0142,-0.0182,-0.0168,-0.022,-0.0095,-0.0003,0.0078,0.0014,0.0037,-0.0003,0.0058,0.0059,0.0087,0.0118,0.0101,0.0018,-0.0008,0.0021,0.0029,0.0022,-1e-04,0.0003,-0.0061
2024-07-04,13.8121,-89.6286,S,,0.0756,0.0747,0.0672,0.0613,0.0517,0.042,0.0319,0.0158,0.0089,0.0054,-0.0004,-0.0004,0.0052,0.0004,-0.0069,-0.0085,-0.0051,-0.0039,-0.0065,-0.0081,-0.0074,-0.0068,-0.0002,-0.0021,-0.0038,-0.003,-1e-04,0.0029,0.0047
2024-07-04,13.8121,-89.6286,SE,,0.0844,0.0819,0.0726,0.0641,0.0622,0.0581,0.0608,0.0505,0.0425,0.0433,0.0192,0.0038,0.0128,0.0118,-0.0012,-0.012,-0.0105,-0.0134,-0.0232,-0.0225,-0.0195,-0.0116,-0.0058,0.0014,0.0071,0.011,0.0192,0.0237,0.0256
2024-07-04,13.8121,-89.6286,SO,,0.0271,0.0311,0.033,0.0237,0.0386,0.0177,0.0039,-0.0017,-0.0253,-0.0075,-0.0012,0.0005,-0.0003,0.005,0.0055,0.0052,0.0088,0.0075,0.007,0.0072,0.0046,0.0004,0.0002,0.0014,-0.0047,-0.0032,-0.0076,-0.0073,-0.0047
2024-10-24,13.8118,-89.6294,E,0.1188,0.1102,0.0942,0.0769,0.0868,0.0884,0.068,0.054,0.0358,0.0331,0.0559,0.0475,0.0473,0.0399,0.0411,0.0221,0.0225,0.0071,-1e-04,-0.0131,0.0152,0.0312,0.0184,0.0057,0.0034,-0.0092,-0.0279,-0.0239,-0.0124,-0.0529
2024-10-24,13.8118,-89.6294,N,0.0169,0.0203,0.0303,0.0368,0.041,0.04,0.0465,0.0415,0.0241,0.0166,0.0102,0.0058,0.0104,0.005,0.0087,0.002,-0.006,-0.0108,-0.0088,-0.0108,-0.0081,-0.0004,-0.0053,-0.0013,-0.0019,-0.0056,-0.0007,0.0052,0.0031,-0.0156
2024-10-24,13.8118,-89.6294,NE,,0.0588,0.0524,0.0625,0.0822,0.1001,0.0774,0.0644,0.0572,0.0436,0.0258,0.0552,0.0601,0.0562,0.0592,0.0193,0.0222,-0.0058,0.0076,0.0224,-0.0005,0.0012,0.0088,0.0111,-0.0044,-0.0076,-0.0348,-0.0669,-0.0711,-0.0768
2024-10-24,13.8118,-89.6294,NO,,0.0016,-0.0037,0.0002,0.0034,0.0069,0.0088,0.0037,0.0059,0.0057,0.006,0.0083,0.0061,0.0062,0.0054,0.0043,0.0073,0.0061,0.0058,0.0046,-0.008,1e-04,-0.0051,-0.0078,-0.0082,-0.0076,-0.0049,-0.002,0.0051,0.0062
2024-10-24,13.8118,-89.6294,O,,-0.0448,-0.0476,-0.0575,-0.0538,-0.0501,-0.0415,-0.0306,-0.0273,-0.0251,-0.0168,-0.0076,-0.0041,-0.0014,0.0035,0.01,0.0103,0.0112,0.0108,0.0167,0.0133,0.0198,0.0086,0.0243,0.012,0.0068,-0.0068,-0.0181,-0.0187,-0.0297
2024-10-24,13.8118,-89.6294,S,,0.0652,0.057,0.0485,0.029,0.0144,0.0105,0.0132,0.0125,0.0095,0.0023,0.0065,-0.0023,0.0008,0.0048,0.0116,0.0049,0.0091,0.0014,0.0009,0.0053,0.0036,-0.0037,-0.0033,0.0005,0.0013,0.0002,-0.0006,-0.004,-0.0115
2024-10-24,13.8118,-89.6294,SE,,0.1233,0.1121,0.1017,0.0955,0.0921,0.0752,0.0644,0.0471,0.0266,0.0078,0.0177,0.0265,-0.0203,-0.0204,-0.0306,-0.0223,-0.0136,-0.0143,-0.0092,0.0028,-0.0,0.0069,0.0065,0.0106,0.0105,0.0101,0.0099,0.0073,0.0063
2024-10-24,13.8118,-89.6294,SO,,0.0365,0.0242,0.0115,0.0017,-0.0078,-0.005,0.0022,0.0082,0.0104,0.0099,0.0172,0.0097,0.0064,0.0112,0.003,0.0008,0.004,0.0006,-0.0035,-0.0091,-0.01,-0.0096,-0.0078,-0.0058,-0.0003,0.0025,0.0053,0.0073,0.0088
2024-11-25,13.8088,-89.6316,E,0.0578,0.0556,0.0514,0.0518,0.0541,0.0558,0.0526,0.046,0.0367,0.0336,0.0336,0.0336,0.0395,0.0286,0.0219,0.0239,0.0051,0.0226,-0.0135,-0.0727,-0.0408,-0.0079,-0.0056,-0.0069,-0.0101,-0.0047,-0.0045,-0.0208,-0.0251,-0.0549
2024-11-25,13.8088,-89.6316,N,0.0518,0.0581,0.0445,0.0506,0.0454,0.0443,0.0535,0.0601,0.051,0.043,0.021,0.026,0.008,-0.0052,-0.0054,-0.0174,-0.0105,-0.0023,-0.0038,-0.005,-0.001,-0.0035,-0.0066,-0.0103,-0.0119,-0.016,-0.0148,-0.0102,0.0045,-0.0036
2024-11-25,13.8088,-89.6316,NE,,0.0701,0.0658,0.0615,0.0519,0.0346,0.0292,0.0118,0.0039,0.0057,-0.0069,0.0054,0.0105,0.0101,0.0183,0.0375,0.0296,0.0278,0.0389,0.0158,0.0127,-0.003,-0.0099,-0.0153,-0.0053,-0.0012,-0.0032,-0.0145,-0.028,-0.0393
2024-11-25,13.8088,-89.6316,NO,,-0.0381,-0.0236,-0.0168,-0.01,-0.0023,0.0135,0.0112,0.0317,0.0345,0.0298,0.0293,0.0245,-0.0145,-0.0069,0.0041,0.0129,-0.0163,-0.0421,-0.0333,-0.018,-0.0132,-0.0015,-0.0031,-0.0008,0.004,-0.0071,-0.0007,0.0128,0.0183
2024-11-25,13.8088,-89.6316,O,,-0.1687,-0.1492,-0.1296,-0.1103,-0.0919,-0.072,-0.0552,-0.0363,-0.0177,0.0002,0.0181,0.0305,0.0446,0.038,0.0276,0.0318,0.0267,-0.0016,0.0076,-0.0051,-0.0057,-0.0127,-0.012,-0.0198,-0.0093,-0.0068,0.0009,0.0069,0.0057
2024-11-25,13.8088,-89.6316,S,,0.0003,0.0176,0.0097,0.0083,0.002,-0.0045,-0.012,-0.0142,-0.0197,0.0006,0.0247,0.0232,0.0084,0.006,0.0062,0.0138,0.0204,0.0249,0.026,0.0167,0.0191,0.0135,0.0042,0.0043,0.002,0.0074,-0.0009,-0.0104,-0.0112
2024-11-25,13.8088,-89.6316,SE,,0.0984,0.0976,0.0934,0.0888,0.0813,0.0769,0.0685,0.0554,0.0445,0.0449,0.0538,0.0556,0.0327,0.0104,0.0022,-0.0008,0.0137,-0.0174,-0.031,-0.0261,-0.0242,-0.0145,0.0038,-0.007,1e-04,0.0065,0.0148,0.0198,0.0165
2024-11-25,13.8088,-89.6316,SO,,-0.1304,-0.1179,-0.0993,-0.091,-0.0815,-0.0675,-0.0576,-0.0384,-0.0288,-0.0296,-0.0168,-0.0104,0.0141,0.011,0.025,0.0495,0.0477,0.0374,0.0418,0.0324,0.03,0.0278,0.0095,-0.0052,-0.0092,-0.0215,-0.0272,-0.0296,-0.0278
2024-12-11,13.8088,-89.6316,E,0.0853,0.0822,0.073,0.0755,0.0739,0.0755,0.0695,0.0597,0.0492,0.0423,0.0401,0.0433,0.0432,0.0254,0.0141,0.0149,-0.0072,0.0201,-0.0274,-0.0799,-0.0518,-0.0125,0.0004,-0.0045,-0.0071,-0.0037,-0.0058,-0.0264,-0.0317,-0.0677
2024-12-11,13.8088,-89.6316,N,0.0591,0.0668,0.0493,0.0559,0.0488,0.0468,0.0582,0.0672,0.058,0.053,0.0316,0.0334,0.0199,-0.0033,-0.0008,-0.0148,-0.0133,0.0006,0.0034,0.0007,0.0021,-0.0016,-0.009,-0.0142,-0.0171,-0.0239,-0.0222,-0.0145,0.0071,-0.0033
2024-12-11,13.8088,-89.6316,NE,,0.0846,0.0763,0.0698,0.0581,0.0375,0.0355,0.0186,0.0113,0.0125,-0.0033,0.0081,0.0158,0.0129,0.0185,0.0471,0.0374,0.0335,0.0452,0.0206,0.0132,-0.0032,-0.0145,-0.0177,-0.0072,-0.001,-0.004,-0.0196,-0.0396,-0.0489
2024-12-11,13.8088,-89.6316,NO,,-0.0434,-0.0265,-0.0177,-0.0088,0.0002,0.0176,0.0161,0.037,0.0415,0.033,0.0331,0.0307,-0.0175,-0.004,0.0086,0.0205,-0.0105,-0.039,-0.0309,-0.0128,-0.0102,1e-04,-0.0045,-0.009,-0.0011,-0.0145,-0.0082,0.0116,0.0169
2024-12-11,13.8088,-89.6316,O,,-0.166,-0.1454,-0.1247,-0.1053,-0.0848,-0.0708,-0.0527,-0.0336,-0.0156,-0.0009,0.0121,0.026,0.0352,0.036,0.0277,0.0353,0.0316,0.0028,0.006,0.0007,-0.0081,-0.0128,-0.014,-0.0204,-0.0115,-0.0074,0.0006,0.0073,0.0073
2024-12-11,13.8088,-89.6316,S,,0.0309,0.0477,0.0369,0.028,0.0195,0.0066,-0.0013,-0.0144,-0.0213,0.002,0.04,0.0334,0.0176,0.0095,0.0043,0.0031,0.0124,0.0151,0.0171,0.0142,0.0165,0.0133,0.0064,0.0002,-0.001,0.0085,0.0004,-0.0038,-0.0115
2024-12-11,13.8088,-89.6316,SE,,0.1432,0.1393,0.1322,0.1239,0.1115,0.1013,0.0887,0.0719,0.057,0.0522,0.058,0.065,0.0386,0.0128,-0.001,-0.0026,0.019,-0.0179,-0.0328,-0.0278,-0.027,-0.0254,-0.0096,-0.0182,0.0012,0.0089,0.0176,0.0236,0.0193
2024-12-11,13.8088,-89.6316,SO,,-0.0743,-0.062,-0.0486,-0.0432,-0.0395,-0.0304,-0.0274,-0.0132,-0.0139,-0.0197,-0.0121,-0.0094,0.0118,0.0071,0.0205,0.0425,0.039,0.0294,0.0337,0.0345,0.0205,0.0045,-0.0053,-0.0002,-0.0066,-0.0101,-0.0252,-0.0257,-0.0208
2025-01-28,13.8093,-89.6305,E,0.1268,0.1101,0.0968,0.0884,0.0754,0.0673,0.062,0.0521,0.0449,0.0493,0.0478,0.0363,0.0362,0.0307,0.0374,0.0546,0.0259,-0.0255,-0.0412,-0.0031,-0.0,-0.0018,0.0011,-0.0081,-0.0141,-0.0216,-0.0269,-0.0356,-0.0565,-0.055
2025-01-28,13.8093,-89.6305,N,0.0871,0.0923,0.0886,0.0912,0.0854,0.0598,0.0753,0.0734,0.0324,0.0161,0.0104,0.0081,0.0112,0.0157,0.0174,0.0067,0.0015,-0.0019,-0.001,-0.0074,-0.0162,-0.0174,-0.0124,-0.0112,-0.0064,-0.01,-0.0082,0.0027,-0.0044,-0.0048
2025-01-28,13.8093,-89.6305,NE,,0.0694,0.0486,0.0407,0.0305,0.0277,0.0244,0.0037,0.0087,0.0113,0.0288,0.0373,0.042,0.0363,0.0453,0.0473,0.0235,0.0086,0.0051,-0.0065,-0.0018,-0.0036,0.0015,-0.0227,-0.0244,-0.0153,-0.0284,-0.0358,-0.0172,-0.0295
2025-01-28,13.8093,-89.6305,NO,,0.0192,0.0303,0.0384,0.0485,0.0545,0.0627,0.0594,0.0667,0.0275,0.0123,0.0198,0.016,0.0028,-0.0097,-0.0295,-0.0248,-0.0174,-0.0091,-0.0042,0.002,0.0028,-0.0045,-0.0133,-0.0121,-0.0096,-0.0026,0.0082,0.0189,0.0199
2025-01-28,13.8093,-89.6305,O,,-0.1403,-0.1218,-0.1067,-0.0894,-0.0735,-0.0591,-0.0451,-0.0299,-0.0169,-0.004,0.0087,0.0232,0.0333,0.0404,0.026,0.021,0.0114,0.0078,0.0008,-0.0076,-0.0146,-0.0209,-0.011,-0.0085,-0.0134,-0.0012,-0.0008,0.0021,0.0141
2025-01-28,13.8093,-89.6305,S,,-0.0035,0.0017,-0.0057,-0.0104,0.0057,0.0256,0.0123,0.0046,0.0022,-0.0043,-0.0177,-0.027,-0.0109,0.0177,0.0442,0.015,0.0009,-0.0086,0.0118,0.011,0.0091,0.0057,0.0085,0.0053,0.0013,0.0003,-0.0037,-0.0112,-0.0117
2025-01-28,13.8093,-89.6305,SE,,0.0866,0.0822,0.0822,0.0755,0.0712,0.0671,0.0626,0.0628,0.0586,0.0541,0.0452,0.0303,0.0259,0.023,0.0072,0.0021,-0.0093,-0.017,-0.0315,-0.0363,-0.0203,-0.0216,0.0142,0.013,0.0154,0.0095,0.0094,0.0041,0.0077
2025-01-28,13.8093,-89.6305,SO,,-0.0805,-0.0701,-0.0675,-0.0667,-0.0627,-0.0496,-0.0414,-0.0334,-0.0231,-0.0186,-0.0152,-0.0062,0.0055,0.0077,0.01,0.0178,0.0311,0.0273,0.0377,0.038,0.0272,0.0218,0.0176,0.0102,0.0064,-0.0041,-0.0264,-0.0361,-0.0409
2025-03-01,13.8123,-89.6291,E,0.1176,0.1112,0.1279,0.1078,0.0885,0.0787,0.0659,0.0666,0.0553,0.0607,0.0548,0.0351,0.0307,0.015,0.0191,0.0101,0.0073,0.0133,0.0201,0.0317,0.0306,0.0272,0.0164,0.0012,-0.0184,-0.0205,-0.0071,-0.0462,-0.0207,-0.0428
2025-03-01,13.8123,-89.6291,N,0.0766,0.0749,0.0761,0.0715,0.0653,0.0617,0.0507,0.0423,0.0341,0.0241,0.0119,0.0075,0.0005,-0.0073,-0.0107,-0.0117,-0.0117,-0.0086,-0.012,-0.0055,0.0006,-0.0002,0.0056,0.0025,0.0014,0.0019,-0.0049,0.0018,-0.0021,-0.0168
2025-03-01,13.8123,-89.6291,NE,,0.1026,0.1187,0.1159,0.0939,0.079,0.0768,0.0571,0.0429,0.0487,0.044,0.0369,0.0068,0.0175,0.0103,0.0033,-0.0068,-0.003,-0.0059,0.0026,0.0123,0.019,0.0268,1e-04,-0.0143,-0.0351,-0.058,-0.0387,-0.0237,-0.0209
2025-03-01,13.8123,-89.6291,NO,,0.0465,0.0439,0.0402,0.0328,0.027,0.025,0.015,0.0122,0.0106,0.008,0.0084,0.0024,0.0011,-0.0025,-0.0048,-0.0056,-0.0066,-0.0038,-0.0041,-0.0058,-0.0045,-0.0048,-0.0043,-0.0027,-0.0006,0.0029,0.0067,0.006,0.0086
2025-03-01,13.8123,-89.6291,O,,-0.0132,-0.0206,-0.0202,-0.0307,-0.034,-0.0366,-0.035,-0.0261,-0.022,-0.0147,-0.0128,-0.0038,0.0049,0.0053,0.0123,0.0178,0.0187,0.0235,0.0295,0.0287,0.026,0.0209,0.0306,0.0122,-0.0046,-0.012,-0.0102,-0.0217,-0.0295
2025-03-01,13.8123,-89.6291,S,,0.0302,0.0273,0.0227,0.0251,0.0256,0.0158,0.0166,0.0141,0.0138,0.0038,-0.0103,-0.0007,0.0017,0.0023,0.015,0.0165,0.0152,0.0092,0.0072,-0.0005,0.0066,-0.0038,0.0005,-0.0019,-0.0043,-0.0017,-0.0037,-0.0074,-0.0152
2025-03-01,13.8123,-89.6291,SE,,0.1303,0.1255,0.122,0.1199,0.1219,0.112,0.0976,0.062,0.0264,0.0616,0.0488,0.0338,-0.0021,-0.0214,-0.0114,-0.0209,-0.0206,-0.0308,-0.0156,-0.0208,-0.0123,-0.0052,0.0032,0.0067,0.01,0.0107,0.0182,0.0208,0.0171
2025-03-01,13.8123,-89.6291,SO,,0.0171,0.0138,0.0112,0.0063,0.0042,-0.0056,-0.0095,-0.0222,-0.001,-0.0003,0.0015,0.0047,0.0084,0.01,0.006,0.0029,0.0077,0.0062,0.0075,0.0074,0.008,0.0064,0.0031,0.0027,0.0026,-0.0044,-0.0027,-0.0049,-0.0053
2025-07-23,13.8132,-89.6286,E,0.0842,0.0766,0.0692,0.0475,0.0386,0.0417,0.0379,0.0371,0.0316,0.0215,0.0136,0.0006,-0.0036,-0.0053,-0.0097,-0.0071,-0.0029,-0.0011,-0.0008,-0.0052,-0.0084,-0.02,-0.0216,-0.0081,0.0023,0.0123,0.0083,0.0041,-0.0034,-0.0105
2025-07-23,13.8132,-89.6286,N,0.0643,0.0648,0.0599,0.0629,0.0603,0.0575,0.059,0.0382,0.0267,0.0156,0.0154,0.0116,0.0013,-0.0012,0.0012,-0.0103,-0.0141,-0.0077,-0.0058,-0.0002,-0.0003,0.0012,-0.0006,-0.0048,-0.0047,-0.0026,-0.0008,0.0027,0.0053,0.0042
2025-07-23,13.8132,-89.6286,NE,,0.1255,0.1146,0.1036,0.0881,0.0682,0.053,0.0414,0.033,0.0256,0.0137,0.0145,-0.0025,-0.0105,0.0009,0.0032,0.0097,0.0117,0.011,-0.0053,-0.0081,-0.0166,-0.0224,-0.0198,-0.0079,-0.0026,-0.0025,-0.003,0.0014,0.0026
2025-07-23,13.8132,-89.6286,NO,,-0.0016,0.0083,0.0135,0.0184,0.0207,0.0203,0.0175,0.0119,0.0082,0.0076,0.0054,0.001,-0.0007,-0.0005,-0.0043,-0.0024,-0.0011,-0.0094,-0.0103,-0.0104,-0.0055,-0.0041,-0.006,-0.0022,-0.0016,-0.0006,0.0027,0.0075,0.0111
2025-07-23,13.8132,-89.6286,O,,0.033,0.0383,0.0377,0.042,0.0367,0.0259,0.0165,0.0044,-0.0018,-0.0112,-0.0246,-0.0152,-0.0116,-0.0149,-0.0223,-0.0127,-0.003,-0.0015,-0.0023,0.002,0.0046,0.0046,0.0086,0.0137,0.0197,0.0056,-0.0004,-0.005,-0.0062
2025-07-23,13.8132,-89.6286,S,,0.0518,0.0555,0.0503,0.0465,0.0453,0.0453,0.0384,0.0286,0.0194,0.0063,0.0085,0.0182,0.0071,-0.0082,-0.0146,-0.0038,-0.0004,0.0036,-0.0053,-0.0044,-0.0087,-0.0034,-0.0033,0.0016,0.002,0.0011,0.0018,-0.0013,-0.0099
2025-07-23,13.8132,-89.6286,SE,,0.0866,0.0866,0.0823,0.079,0.0749,0.0652,0.0593,0.0539,0.0465,0.0407,0.0272,0.0214,0.0112,0.0063,-0.0058,-0.0168,-0.0273,-0.0331,-0.0327,-0.0241,-0.0162,-0.0033,-0.0035,0.0,0.0064,0.007,0.0213,0.0223,0.0039
2025-07-23,13.8132,-89.6286,SO,,0.0097,0.0172,0.021,0.0158,0.0161,0.0127,0.0057,0.0025,0.0055,0.0044,-0.0067,-0.0036,-0.0084,-0.0061,-0.0005,0.0022,0.0023,0.0029,0.0057,0.0055,0.0061,0.0059,0.0063,0.005,0.0006,-0.0046,-0.0043,-0.0063,-0.0085
2025-08-24,13.8132,-89.6286,E,0.0972,0.0848,0.0774,0.0519,0.0446,0.065,0.0509,0.0461,0.0397,0.0269,0.019,0.0142,0.0126,0.0089,0.0117,0.0198,0.0272,0.0258,0.0287,0.0143,0.0004,-0.0248,-0.0389,-0.0315,-0.013,0.0069,-0.0125,-0.028,-0.0095,-0.0344
2025-08-24,13.8132,-89.6286,N,0.0623,0.0592,0.0518,0.05,0.0433,0.0379,0.0356,0.0207,0.0121,0.006,0.0056,0.0058,0.0017,0.0009,0.0,-0.0055,-0.0064,-0.0042,0.0024,0.0103,0.0106,0.0101,0.0062,-0.0017,-0.0036,-0.0056,-0.0017,0.0014,-0.0028,-0.0031
2025-08-24,13.8132,-89.6286,NE,,0.1329,0.1202,0.1094,0.0951,0.0799,0.0725,0.0604,0.0551,0.0484,0.038,0.0434,0.0218,0.0089,0.0147,0.0109,0.0148,0.0208,0.0058,-0.0213,-0.0285,-0.0386,-0.0464,-0.046,-0.0229,-0.0088,-0.007,-0.0085,0.0037,0.0044
2025-08-24,13.8132,-89.6286,NO,,0.0094,0.0159,0.0167,0.0195,0.0211,0.0181,0.0117,0.0089,0.0087,0.0081,0.0082,0.0074,0.0057,0.0041,-0.0012,-0.0025,-0.0022,-0.0105,-0.0109,-0.011,-0.0079,-0.0086,-0.0092,-0.0047,-0.0007,0.0016,0.0043,0.0078,0.0118
2025-08-24,13.8132,-89.6286,O,,0.0241,0.0303,0.0294,0.0342,0.0294,0.0246,0.0202,0.0105,0.0033,-0.0057,-0.0167,-0.0171,-0.0135,-0.0122,-0.0119,-0.0109,0.0016,-0.0076,-0.0064,-0.0002,0.0099,0.0091,0.0129,0.0168,0.0154,0.0009,-0.006,-0.0048,-0.0051
2025-08-24,13.8132,-89.6286,S,,0.0507,0.0539,0.0494,0.0459,0.0411,0.0421,0.0355,0.0298,0.0169,0.0025,0.01,0.0315,0.0169,-0.0147,-0.0057,0.006,0.0071,0.0114,0.0033,0.0007,-0.0065,-0.0024,-0.0037,-0.0003,0.0068,0.0024,-0.0035,-0.0073,-0.0175
2025-08-24,13.8132,-89.6286,SE,,0.1493,0.1385,0.1301,0.1179,0.1055,0.0962,0.084,0.0723,0.0602,0.0492,0.0313,0.0201,0.0027,-0.0039,-0.0121,-0.0242,-0.0366,-0.0436,-0.0401,-0.0264,-0.0173,-0.0122,-0.002,0.0075,0.0096,0.0136,0.0322,0.036,0.0237
2025-08-24,13.8132,-89.6286,SO,,0.0107,0.0163,0.0207,0.0179,0.0194,0.0188,0.0111,0.01,0.0085,0.0063,-0.0047,-0.0004,-0.005,-0.0043,-0.0065,0.003,0.0027,-0.0029,-0.0023,0.0036,0.008,0.0077,0.0078,0.0076,0.0068,-0.001,-1e-04,-0.0044,-0.0038
2025-11-28,13.8088,-89.6316,E,0.0929,0.0927,0.0868,0.0862,0.089,0.0908,0.0822,0.0749,0.0667,0.0607,0.0578,0.0553,0.0456,0.0437,0.0239,0.0105,-0.0026,0.0048,-0.0122,-0.0643,-0.0475,-0.0325,-0.0011,-0.0007,-0.0032,-0.0006,-0.0025,-0.0199,-0.0245,-0.054
2025-11-28,13.8088,-89.6316,N,0.0599,0.0644,0.0468,0.0498,0.043,0.0441,0.0579,0.0657,0.0574,0.0474,0.0237,0.0324,0.0189,-0.0064,-0.0069,-0.0191,-0.0154,-0.0031,-0.0046,-0.0051,-0.0054,-0.0045,-0.0034,-0.0116,-0.0062,-0.0145,-0.0134,-0.0068,0.0068,-0.001
2025-11-28,13.8088,-89.6316,NE,,0.087,0.0808,0.0724,0.0616,0.0442,0.0425,0.0267,0.0186,0.0169,-0.0019,0.0064,0.0163,0.0108,0.0126,0.032,0.0271,0.0254,0.0349,0.0113,0.0101,-0.0025,-0.0151,-0.016,-0.011,0.0016,0.0021,-0.014,-0.0322,-0.0395
2025-11-28,13.8088,-89.6316,NO,,-0.0306,-0.0177,-0.0146,-0.0088,-0.0007,0.015,0.015,0.0355,0.0408,0.0302,0.0308,0.0248,-0.0114,-0.0043,0.0036,0.0066,-0.0211,-0.0464,-0.036,-0.0193,-0.012,-0.0027,-0.0036,-0.0027,-0.0,-0.0042,-0.0016,0.0174,0.0227
2025-11-28,13.8088,-89.6316,O,,-0.1418,-0.1247,-0.1087,-0.0935,-0.0798,-0.0626,-0.0473,-0.0312,-0.016,-0.0002,0.0136,0.025,0.0329,0.0319,0.0262,0.0342,0.027,-0.0017,0.0098,-0.0026,-0.0086,-0.0119,-0.0106,-0.0189,-0.0081,-0.0045,-1e-04,0.0034,0.0066
2025-11-28,13.8088,-89.6316,S,,0.0023,0.029,0.0268,0.0218,0.0183,0.0134,0.0086,0.0028,-0.0077,0.0055,0.0313,0.0219,0.0063,-0.0005,-0.0057,-0.0052,0.0064,0.0095,0.0124,0.009,0.0124,0.0117,0.009,0.0072,0.0073,0.0136,0.0061,-0.0036,-0.0097
2025-11-28,13.8088,-89.6316,SE,,0.0995,0.1105,0.1076,0.1024,0.0951,0.0913,0.0815,0.0729,0.0569,0.0588,0.0653,0.0643,0.0321,0.0064,-0.0046,-0.0066,0.0143,-0.0198,-0.039,-0.029,-0.0257,-0.0076,0.0029,-0.0109,-0.0007,0.0073,0.016,0.0226,0.0171
2025-11-28,13.8088,-89.6316,SO,,-0.0932,-0.0818,-0.0699,-0.065,-0.0569,-0.0474,-0.0389,-0.0269,-0.0199,-0.0201,-0.0117,-0.008,0.0083,0.0055,0.0182,0.0361,0.0344,0.0285,0.0353,0.0184,0.0209,0.0198,0.0086,-0.0039,-0.0076,-0.0177,-0.0183,-0.0203,-0.0164
2025-12-30,13.8101,-89.6316,E,0.2048,0.1977,0.1886,0.1771,0.1645,0.1432,0.1293,0.1108,0.0895,0.0669,0.0417,0.0237,0.0234,0.0127,-0.0409,-0.0472,-0.0377,-0.0134,0.0002,0.0026,0.0043,0.003,-0.0019,0.003,0.003,-0.0056,-0.023,0.0069,0.0178,0.0147
2025-12-30,13.8101,-89.6316,N,0.1242,0.1213,0.0957,0.075,0.07,0.046,0.0451,0.0327,0.0359,0.0288,0.007,0.0034,0.0027,0.0168,0.0109,-0.0041,0.0041,0.004,0.0177,0.0018,-0.0102,-0.0114,-0.0064,-0.0108,-0.0115,-0.0196,-0.0048,-0.0055,0.0074,0.0055
2025-12-30,13.8101,-89.6316,NE,,0.149,0.1388,0.098,0.0784,0.0503,0.0341,0.0291,0.0213,0.015,0.0087,0.0217,0.0108,0.0205,0.027,0.0035,0.0068,0.0031,0.0055,0.002,0.0024,0.0179,0.0119,0.0076,0.0025,-0.0185,-0.0339,-0.0347,-0.0188,-0.006
2025-12-30,13.8101,-89.6316,NO,,-0.0381,-0.0288,-0.03,-0.0326,-0.0231,-0.0188,-0.0163,0.0041,0.0079,0.0082,0.0265,0.0293,0.0342,0.0303,0.0267,0.0219,0.0052,-0.0078,-0.0269,-0.0236,-0.0198,-0.0125,-0.0044,0.0018,0.0063,0.0008,-0.0007,-0.0006,0.0033
2025-12-30,13.8101,-89.6316,O,,-0.0924,-0.0879,-0.0856,-0.0791,-0.0594,-0.0558,-0.0493,-0.0406,-0.0318,-0.0177,-0.0081,0.0,0.0081,0.0169,0.0261,0.0345,0.0433,0.047,0.0376,0.0336,0.0422,0.0327,0.0104,0.0009,-0.0018,-0.0151,-0.0247,-0.0214,-0.0217
2025-12-30,13.8101,-89.6316,S,1e-04,0.0226,0.0086,0.0019,-0.0091,-0.0126,-0.0182,-0.0207,-0.0093,-0.0127,0.0477,0.0183,-0.0138,-0.0095,-0.0077,0.0043,0.0022,0.0081,0.0144,0.0142,0.008,0.0088,0.0119,0.009,0.0062,0.0043,-0.0031,0.0023,-0.0065,-0.0064
2025-12-30,13.8101,-89.6316,SE,,0.0862,0.0935,0.0856,0.0799,0.0749,0.0572,0.0456,0.0493,0.0493,0.0491,0.0143,0.0085,0.0126,0.0158,-0.0284,-0.0257,-0.0213,-0.0149,-0.0024,0.0094,-0.0071,-0.0103,-0.0076,0.0016,0.0011,0.0044,0.0048,0.0004,0.0103
2025-12-30,13.8101,-89.6316,SO,,-0.0356,-0.0222,-0.0208,-0.026,-0.0226,-0.0201,-0.0172,-0.0077,-0.0067,-0.0162,-0.0063,-0.0127,0.0003,-0.007,-0.0015,0.0077,0.0153,0.0203,0.0258,0.0202,0.0158,0.0149,0.0147,0.009,0.0057,-0.0047,-0.0093,-0.0286,-0.04
