date,center_lat,center_long,direction,15m,45m,75m,105m,135m,165m,195m,225m,255m,285m,315m,345m,375m,405m,435m,465m,495m,525m,555m,585m,615m,645m,675m,705m,735m,765m,795m,825m,855m,885m
2000-04-17,30.7917,130.3098,E,,0.209,0.1421,0.0882,0.0482,0.0286,0.0622,0.0749,0.058,0.0446,0.0069,-0.0186,-0.0181,-0.0321,-0.0204,-0.0022,0.0251,0.0123,0.0123,0.0065,0.0078,-0.0039,0.0029,0.0102,0.0153,0.0083,0.0013,0.0006,0.0031,-0.0051
2000-04-17,30.7917,130.3098,N,,0.1046,-0.0476,-0.0847,-0.0727,-0.0618,-0.049,-0.0292,-0.028,-0.0228,-0.0107,-0.0033,0.001,-0.0042,0.0117,0.0048,-0.0063,-0.0033,0.0002,0.0092,0.0206,0.0112,0.0192,-1e-04,-0.0041,0.0078,-0.0027,-0.0189,-0.0259,-0.0436
2000-04-17,30.7917,130.3098,NE,0.2174,0.1086,0.0315,-0.0493,-0.0629,-0.06,-0.0499,-0.0481,-0.0232,-0.0192,0.0091,0.0129,0.0235,0.0299,0.0393,0.0263,0.0296,-0.0064,0.0034,0.0033,0.0146,0.0299,0.0234,0.0245,0.0066,-0.0091,-0.0212,-0.0363,-0.045,-0.0438
2000-04-17,30.7917,130.3098,NO,0.1177,0.0391,-0.0508,-0.0511,-0.0329,-0.0297,-0.0261,-0.0158,-0.0079,0.0053,0.0042,0.0094,0.0047,0.0097,0.0085,0.0078,0.0004,0.0049,0.0076,0.0032,0.0083,0.0018,0.0068,0.0069,0.0071,0.0061,0.0078,0.0032,-0.0018,-0.0069
2000-04-17,30.7917,130.3098,O,,0.0552,-0.0325,-0.0277,0.0052,0.0361,0.0429,0.053,0.0524,0.0542,0.035,0.0078,-0.0103,-0.0058,-0.01,-0.0155,-0.0152,-0.0292,-0.0283,-0.0222,-0.0315,-0.0308,-0.0263,-0.0098,-0.0061,-0.0035,-0.0004,0.0054,0.0121,0.0342
2000-04-17,30.7917,130.3098,S,,0.202,0.1458,0.1316,0.1581,0.1602,0.1648,0.1598,0.1728,0.1551,0.1743,0.1607,0.0635,0.0383,-0.0331,-0.0607,-0.0811,-0.0755,-0.0814,-0.0741,-0.0639,-0.0747,-0.0765,,-0.0573,-0.0547,-0.0475,-0.034,-0.0232,-0.0166
2000-04-17,30.7917,130.3098,SE,0.1962,0.1905,0.1391,0.0971,0.0743,0.0653,0.0848,0.1109,0.1422,0.1506,0.0729,0.0284,0.0255,0.029,0.0052,-0.0227,-0.0485,-0.0432,-0.0323,-0.0111,-0.0143,-0.0247,-0.0269,-0.0239,-0.0179,-0.0056,0.0071,0.0085,0.0091,0.0133
2000-04-17,30.7917,130.3098,SO,0.1147,0.1127,0.0653,-0.0366,0.0273,0.0037,-0.0034,0.0171,-0.0152,0.0014,-0.0154,-0.0373,-0.0611,-0.03,-0.004,-0.0146,0.0065,-1e-04,-0.0016,0.0085,,,,,,,,,,
2000-04-24,30.792,130.3061,E,,0.2896,0.1871,0.1615,0.1219,0.1453,0.0813,0.0908,0.0192,0.0262,0.0031,0.0114,-0.0171,-0.0031,0.0032,0.0071,-0.0031,-0.004,-0.0302,-0.0123,-0.0014,-0.0024,-0.0024,0.0061,0.0111,-0.0021,-0.0071,-0.0141,-0.0097,-0.0101
2000-04-24,30.792,130.3061,N,,0.2145,0.1917,0.1599,0.1314,0.1309,0.1103,0.0764,0.0584,0.0806,0.0758,0.0557,0.0376,-0.0207,-0.0435,-0.0505,-0.0376,-0.0293,-0.0256,-0.0129,-0.0036,0.0039,0.0062,0.0078,0.0133,0.0163,0.0169,0.0098,0.029,0.0294
2000-04-24,30.792,130.3061,NE,0.2252,0.1943,0.1706,0.1579,0.1657,0.1604,0.1617,0.1184,0.091,0.0605,0.0224,0.0012,0.0153,-0.0077,-0.0354,-0.0389,-0.0218,-0.012,0.0169,0.0045,0.0205,-0.0038,0.0212,0.0043,0.0135,0.0096,0.0177,0.0123,0.015,0.0145
2000-04-24,30.792,130.3061,NO,,0.2041,0.1814,0.1692,0.1167,0.0911,0.0712,0.0259,0.0049,0.0024,0.0164,0.0222,0.0083,0.0194,0.0174,0.0041,-0.0111,-0.0042,-0.0032,-0.0032,0.0076,0.0084,0.0027,0.0009,0.0025,0.006,0.0125,0.0177,0.018,0.0254
2000-04-24,30.792,130.3061,O,0.2046,0.1298,0.117,0.1252,0.1035,0.091,0.0559,0.0181,0.0,-0.0108,-0.0254,-0.0293,-0.0295,-0.0248,-0.0087,0.0123,0.0106,0.0197,0.0107,0.012,0.0166,0.0142,0.0146,0.0105,0.002,-0.0069,-0.0103,-0.0114,-0.0139,-0.0128
2000-04-24,30.792,130.3061,S,0.3261,0.3281,0.2178,0.1477,0.0846,0.0506,0.0348,0.0462,0.0278,0.023,-0.0022,-0.0097,-0.012,-0.0174,-0.0228,-0.0258,-0.031,-0.0191,-0.0139,0.007,-0.006,-0.018,-0.0327,-0.0475,-0.0319,-0.0365,-0.0376,-0.0282,-0.0247,-0.0192
2000-04-24,30.792,130.3061,SE,,0.2975,0.2166,0.1319,0.0854,0.0482,0.036,0.0405,0.0393,0.0347,0.0287,0.0278,0.0094,-0.0102,-0.0114,-0.0127,-0.0134,-0.0156,-0.0159,-0.0182,-0.019,-0.02,-0.0208,-0.0113,-0.0071,0.012,0.0185,0.007,0.0138,-0.0086
2000-04-24,30.792,130.3061,SO,,0.208,0.1306,0.0997,0.0494,0.0539,0.0248,0.0183,0.0028,-0.0027,-0.0157,-0.0077,-0.0185,-0.0154,-0.0122,-0.0052,0.0048,0.004,0.0127,0.0184,0.0106,-0.0019,0.0183,0.0312,0.0165,0.0163,0.0231,-0.0061,-0.0111,-0.0156
2000-08-14,30.7982,130.3065,E,,0.1271,0.0871,0.0373,0.0049,-0.0085,0.0086,0.0241,0.012,0.0111,0.0123,-0.0202,-0.0262,-0.0245,-0.0142,-0.0139,-0.0026,0.0095,0.0119,0.0123,0.0086,0.0137,0.0131,-0.0051,-0.0164,-0.0164,-0.0164,-0.0164,-0.0164,-0.0164
2000-08-14,30.7982,130.3065,N,0.0305,-0.0013,0.0008,-0.0341,-0.0558,-0.0626,-0.0622,-0.0549,-0.0564,-0.0396,-0.0097,0.0265,0.0258,0.0266,0.0252,0.0196,0.0188,0.018,-0.0119,-0.0221,-0.0045,-0.0026,-0.0056,0.0051,0.0092,0.012,0.0111,0.0064,-0.0037,0.0014
2000-08-14,30.7982,130.3065,NE,,0.0515,0.0286,0.0119,-0.0123,-0.0145,-0.0122,-0.023,-0.0278,-0.0151,-0.0066,0.0038,0.0019,1e-04,-0.0173,-0.0206,-0.0206,-0.0119,-0.0056,0.0067,0.0107,0.0073,0.0005,-0.0017,-0.0053,-0.0135,-0.0084,-0.0187,-0.0195,-0.0116
2000-08-14,30.7982,130.3065,NO,,-0.0511,-0.0409,-0.0505,-0.073,,,,,,,,,,-0.0232,-0.0231,-0.0623,-0.0624,-0.0538,-0.0521,0.014,0.0373,0.0426,0.0253,0.0237,0.0167,0.016,0.0091,-0.0084,-0.0168
2000-08-14,30.7982,130.3065,O,0.1492,0.129,0.1378,,,,,,,,,,,,,,,,,,,,,,,,,,,
2000-08-14,30.7982,130.3065,S,,,,,,,,,,,,,,0.0632,0.0686,0.0273,0.01,0.0146,0.0249,0.0321,0.0137,-0.0116,-0.0147,-0.0144,-0.0205,-0.0208,-0.0118,-0.0115,-0.0111,-0.0008
2000-08-14,30.7982,130.3065,SE,0.078,0.0757,0.0226,0.0253,0.0115,0.0055,0.0084,0.0041,0.0039,0.0083,-0.0151,-0.0076,-0.0047,-0.0082,0.0071,0.0096,-0.0194,-0.0052,0.0031,0.0104,-0.022,-0.0136,-0.0081,-0.0038,-0.0036,-0.0082,-0.0016,-0.0071,-0.0076,-0.0063
2001-03-19,30.7917,130.3098,E,,0.1363,0.1067,0.0559,0.0367,0.0228,0.0424,0.0514,0.0494,0.0399,0.0141,-0.016,-0.028,-0.0306,-0.0067,-0.0058,0.0074,0.0036,0.0041,0.0023,-0.0131,-0.0114,-0.0089,-0.0055,-0.0036,-0.0005,0.0037,0.0052,0.0073,0.0104
2001-03-19,30.7917,130.3098,N,,0.0421,-0.0592,-0.0742,-0.0571,-0.0429,-0.0318,-0.0192,-0.0202,-0.0196,-0.0079,1e-04,0.0,-0.0055,-0.0004,-0.0063,-0.0139,-0.0071,-0.0067,-0.0013,0.0077,0.0117,0.0116,0.0079,-0.0011,0.0161,0.0039,-0.0002,-0.0041,-0.0298
2001-03-19,30.7917,130.3098,NE,0.1203,0.0368,-0.0044,-0.0351,-0.0428,-0.0366,-0.031,-0.0284,-0.0155,-0.0044,0.0118,0.0114,0.0163,0.0175,0.0276,0.0138,0.02,-0.0069,0.0065,-0.0138,0.0005,0.0207,0.0112,0.0144,0.0085,-0.0052,-0.0142,-0.0206,-0.0299,-0.0337
2001-03-19,30.7917,130.3098,NO,0.0774,0.0072,-0.0597,-0.0608,-0.0414,-0.0263,-0.018,-0.0071,0.0042,0.0096,0.0077,0.0145,0.0113,0.0077,0.0054,0.0104,0.0056,0.0095,0.0158,0.0157,0.0183,0.005,0.0044,0.0044,0.0002,-0.003,-0.0003,-0.0073,-0.0073,-0.0126
2001-03-19,30.7917,130.3098,O,,0.0287,-0.0437,-0.0337,-0.0142,0.0148,0.0151,0.0206,0.0212,0.0164,-0.004,-0.0256,0.0043,-0.0002,0.0065,-0.0039,-0.0079,-0.0151,-0.0168,-0.0154,-0.0205,-0.0213,-0.0161,0.0006,-0.0169,0.002,0.0109,0.0165,0.0068,0.0207
2001-03-19,30.7917,130.3098,S,,0.1177,0.0704,0.0083,0.0122,,0.0259,0.0265,0.0047,,,,,,,,,,,,,,,,0.0023,0.0156,-0.0024,0.0121,-0.0218,-0.015
2001-03-19,30.7917,130.3098,SE,0.126,0.1203,0.0858,0.0268,0.0081,0.0076,0.0192,0.0314,0.0271,0.0227,0.0099,-0.0108,0.0051,0.0027,-0.0351,,,-0.0476,-0.0398,-0.011,-0.0094,-0.0267,,-0.0296,-0.0114,-0.0077,-0.0019,-0.0019,0.0018,0.0042
2001-03-19,30.7917,130.3098,SO,0.1204,0.1208,0.0629,-0.0167,0.0046,-0.0057,-0.0008,-0.0064,,,,,,,,,,,,,,,,,,0.0014,0.004,-0.0089,0.0053,-0.0035
2001-07-25,30.7892,130.3107,E,0.0,,,,,,,,,,,,,,,,,,,,,,,,,,,,,
2001-07-25,30.7892,130.3107,N,,-0.1717,-0.1532,-0.1517,-0.1432,-0.1258,-0.1153,-0.0886,-0.0571,-0.0486,-0.0376,-0.0241,0.0038,0.0208,0.0359,0.0438,0.0572,0.0561,0.0569,0.057,0.0634,0.052,0.0269,0.0095,-0.0216,-0.0451,-0.0728,-0.1188,-0.1375,-0.1497
2001-07-25,30.7892,130.3107,NE,-0.0611,,-0.0567,-0.0703,-0.0699,-0.0158,-0.0488,-0.047,-0.0532,-0.0528,-0.0458,-0.0132,-0.0119,0.0019,0.0097,0.0235,0.0259,0.0221,0.0189,0.0272,0.0255,0.0209,0.0003,0.0123,-0.0101,-0.0176,-0.02,-0.0146,-0.0176,-0.0273
2001-07-25,30.7892,130.3107,NO,,-0.1428,-0.1202,-0.1273,-0.1126,-0.1093,-0.0886,-0.0805,-0.0642,-0.0456,-0.0428,-0.0224,-0.0049,-0.0021,0.0286,0.0381,0.0523,0.0524,0.0698,0.045,0.0478,0.047,0.0235,0.0191,-0.014,-0.0233,-0.054,-0.0444,-0.092,-0.0769
2001-07-25,30.7892,130.3107,O,-0.0294,-0.0304,-0.0052,0.0081,-0.0058,-0.0181,-0.0181,-0.0187,-0.0302,-0.0229,-0.0314,-0.0251,-0.0312,-0.028,-0.0138,-0.0172,-0.0093,-0.0039,0.0015,-0.0065,-0.0209,-0.0138,-0.0277,-0.0197,0.0093,-0.0003,-0.0141,-0.0378,-0.0454,-0.0464
2001-07-25,30.7892,130.3107,S,,0.0,,,,,,,,,,,,,,,,,,,,,,,,,,,,
2001-07-25,30.7892,130.3107,SE,0.0,,,,,,,,,,,,,,,,,,,,,,,,,,,,,
2001-07-25,30.7892,130.3107,SO,,-0.085,-0.0862,-0.0839,-0.0873,-0.0832,-0.0827,-0.0823,-0.0812,,,,,,,,-0.022,0.0095,0.0133,0.0255,0.0117,0.0304,0.0287,0.0045,-0.0077,-0.0132,-0.0229,-0.0199,-0.0183,-0.009
2001-09-18,30.7929,130.2979,E,,,,,,,,,,,,,,,,0.0004,0.0027,0.0023,-0.0016,-0.0056,-0.0056,-0.0059,-0.0064,-0.0054,0.0042,0.0067,-0.0002,-0.0016,-0.005,-0.0008
2001-09-18,30.7929,130.2979,N,0.1261,0.1172,,,,,,,,,,,,,,-0.0019,-0.0014,-0.0027,-0.003,-0.0047,-0.0058,-0.0076,-0.0098,,-0.0035,-0.0015,0.0749,,,
2001-09-18,30.7929,130.2979,NE,,,,,,,,,,,,,,,,,,,,,,,,,,,0.0004,0.0039,0.0047,-0.0125
2001-09-18,30.7929,130.2979,NO,,0.0648,,,,,,,,,,,,,,,,,,,,,,,,,,,,
2001-09-18,30.7929,130.2979,O,,0.0858,,,,,,,,,,,,,,,,,,,,,,,,,,,,
2001-09-18,30.7929,130.2979,S,0.0385,0.0396,0.0302,0.0279,0.0217,0.008,0.0086,0.0099,0.011,0.0078,-0.0053,-0.0084,-0.0084,-0.0147,-0.0059,-0.0037,0.0014,0.0033,-0.0075,-0.0057,-0.0055,-0.0047,-0.0033,-0.0033,-0.0034,-0.0035,0.0034,0.002,0.0095,0.0138
2001-09-18,30.7929,130.2979,SE,,,,,,,,,,,,,,,-0.0056,0.0005,0.0,0.0004,0.0012,0.0049,0.0113,0.0132,0.0137,0.0055,-0.012,-0.0152,-0.0163,-0.0182,-0.021,-0.0219
2001-09-18,30.7929,130.2979,SO,,0.0932,0.0868,,,,,,,,,,,,,,,,,,,,,,,,,,,
2001-10-20,30.7937,130.3001,E,0.1948,-0.0135,-0.0122,-0.0134,-0.0126,-0.0055,-0.0057,-0.0008,-0.0051,-0.0055,-0.0006,0.0064,0.006,,0.0176,,,,,,,,0.012,0.0073,0.0043,0.0014,0.0012,-0.0015,-0.003,0.0008
2001-10-20,30.7937,130.3001,N,0.151,-0.061,-0.0537,-0.0518,-0.0472,-0.0414,-0.0374,-0.0338,0.0005,-0.0028,-0.0077,0.0012,0.0032,-0.0009,0.0003,-0.0048,-0.0033,-0.0055,0.0002,0.0151,-0.0037,0.0072,-0.0032,-0.004,-0.0022,-0.0016,-0.0054,0.0074,0.0146,0.0216
2001-10-20,30.7937,130.3001,NE,,-0.0323,-0.0213,0.0088,0.0106,0.0116,-0.0014,-0.02,-0.0089,-0.0104,-0.0165,-0.0184,-0.0182,-0.0173,-0.0071,-0.0132,-0.0165,-0.0159,-0.0127,-0.0126,-0.0146,0.009,0.0254,0.0263,0.0252,0.0039,0.0008,0.0113,0.0081,-0.0041
2001-10-20,30.7937,130.3001,NO,,-0.0472,-0.0463,-0.0289,-0.0423,-0.0051,0.0009,0.0003,0.0029,0.0018,0.0006,0.0019,0.0013,0.0033,0.0048,-0.0024,-0.0024,-0.0041,-0.0016,-0.0062,-0.0075,-0.0087,0.0062,0.0053,-0.0018,-0.0086,-0.0022,0.0043,0.0048,0.0064
2001-10-20,30.7937,130.3001,O,,0.1784,0.1487,-0.0123,-0.0092,-0.0061,-0.0003,-0.0007,-0.0005,-0.0023,,,,,,,,,,,,,,,,,,,,
2001-10-20,30.7937,130.3001,S,0.1649,0.1591,0.0737,-0.0114,0.1115,0.1014,0.0977,0.0337,-0.0143,-0.0348,-0.0073,-0.0129,-0.0079,-0.0099,-0.0238,-0.0163,-0.0211,-0.0229,-0.0247,-0.0465,-0.0412,-0.0375,0.0029,0.0074,0.0223,0.0202,0.0211,0.0259,0.0272,0.0272
2001-10-20,30.7937,130.3001,SE,,0.1631,-1e-04,-0.0002,0.0041,-0.0026,0.0024,-0.0097,-0.0144,-0.0077,-0.0005,0.0039,0.0006,-0.0017,-0.002,-0.012,-0.0076,-0.0117,-0.0101,-0.0253,-0.0267,-0.0184,-0.0126,-0.0112,-0.0143,-0.0099,0.0113,0.0067,0.0165,0.0184
2001-10-20,30.7937,130.3001,SO,,0.1419,0.1333,0.0002,0.0039,0.0076,-0.0022,0.0004,-0.0052,-0.0031,-0.0021,-0.0167,0.0049,0.0212,0.0206,0.0462,,,,,,,,,,,,,,
2002-05-25,30.7933,130.3076,E,,0.2581,0.0585,0.021,0.03,0.0356,0.0368,-0.0267,-0.0151,-0.0131,0.0015,0.0036,0.0117,0.015,0.0092,0.0058,0.0194,0.0248,-0.002,-0.0052,-0.0113,-0.0152,-0.0114,-0.0023,-0.0039,-0.0063,-0.0031,0.0011,0.0037,0.0045
2002-05-25,30.7933,130.3076,N,,0.3044,0.13,0.0586,0.0507,0.0636,0.0687,0.0611,0.0146,-0.0137,-0.054,-0.0538,-0.0549,-0.0341,-0.0008,0.0176,0.0222,0.0208,0.0094,0.0061,-0.0041,-0.0023,-0.0018,-0.0045,0.0085,0.0075,0.0161,0.0039,-0.0121,-0.0261
2002-05-25,30.7933,130.3076,NE,0.3299,0.2235,0.0937,0.0366,0.0622,0.0435,0.0148,0.0227,-0.0137,-0.0039,-0.0108,0.0027,0.016,0.0295,0.0113,0.0281,0.0037,0.0102,0.0143,0.017,0.0176,0.0151,0.019,0.0075,0.0091,-0.0016,0.0012,-0.0101,-0.005,-0.0123
2002-05-25,30.7933,130.3076,NO,0.2765,0.2283,0.1001,0.0748,0.0391,0.0787,0.1193,0.1951,0.1951,0.1394,0.042,-0.046,-0.0553,-0.0514,-0.005,-0.0154,-0.0092,-0.0118,-0.0072,0.0027,0.0081,0.012,0.0167,0.0207,0.0191,0.0126,-0.0028,0.0141,-0.0054,0.021
2002-05-25,30.7933,130.3076,O,,0.2923,0.2781,0.2686,0.2736,,,,,,,,,,,,,,,,,,,,,,,,,
2002-05-25,30.7933,130.3076,S,,0.4165,0.3856,0.2775,0.1719,0.1688,,,,,,,,,,,,,,,,,,,,,,,,
2002-05-25,30.7933,130.3076,SE,0.4262,0.3122,0.1869,0.1117,0.1032,0.0786,0.0614,0.049,0.0077,0.0415,0.0573,0.0487,0.0112,-0.0191,-0.026,-0.027,-0.0296,-0.031,-0.0207,-0.0181,-0.0156,-0.0179,-0.011,0.0048,0.0153,0.0191,0.0036,0.0055,-0.018,-0.0293
2002-05-25,30.7933,130.3076,SO,-0.0357,0.0357,-0.0702,-0.1611,-0.0815,-0.0824,-0.0358,0.0334,0.092,,,,,,,,,,,,,,,,,,,,,
2002-08-20,30.7933,130.3076,E,,0.1737,0.025,0.0228,0.0185,0.0126,0.0174,-0.035,-0.0139,-0.0108,0.0046,0.0147,0.0232,0.0189,0.0185,0.0198,0.0159,0.0258,0.0279,0.0062,-0.0108,-0.0236,-0.0205,-0.0161,-0.0106,-0.0106,-0.0049,0.0002,0.0048,0.0078
2002-08-20,30.7933,130.3076,N,,0.2691,0.1394,0.1006,0.0987,0.0811,0.0807,0.0722,0.0254,-0.0042,-0.0502,-0.045,-0.0485,-0.0277,-0.0162,-0.004,-0.003,0.0072,-0.0059,-0.0009,-0.0148,-0.0117,-0.0131,0.0113,-0.0002,0.0163,0.0247,0.0082,-0.0108,-0.0435
2002-08-20,30.7933,130.3076,NE,0.3203,0.1751,0.1005,0.0669,0.0962,0.0711,0.049,0.0536,-0.0124,0.0058,0.0035,0.0374,0.027,0.0258,-0.0093,0.0239,-0.0185,0.0149,0.0114,0.0155,0.0101,0.0191,0.0091,-0.002,-0.0003,-0.001,0.0019,-0.0082,-0.0059,-0.0199
2002-08-20,30.7933,130.3076,NO,0.3071,0.2459,0.1004,0.0537,0.0459,0.071,0.1343,0.2183,0.1496,0.0925,0.0023,-0.0417,-0.0361,-0.069,-0.0585,-0.054,-0.0152,-0.032,0.0071,0.0006,0.0025,0.0023,0.0238,0.0098,0.0175,0.0098,0.0196,0.0212,0.0411,0.043
2002-08-20,30.7933,130.3076,O,,0.1079,0.0964,0.1258,0.1215,0.1012,0.0731,0.0509,0.055,0.05,0.0337,0.0042,0.0027,0.0086,0.0093,-0.01,-0.0237,-0.0333,-0.0177,-0.0249,-0.0171,-0.0187,0.0002,-0.0077,-0.0068,-0.0188,-0.0026,-0.001,0.0181,0.0264
2002-08-20,30.7933,130.3076,S,,0.3446,0.252,0.1437,0.09,0.0344,0.0309,0.0414,0.0559,0.0581,0.0374,0.0404,0.0473,0.0478,0.0338,-0.0023,-0.0409,-0.0672,-0.0681,-0.0687,-0.0694,-0.0608,-0.034,-0.0251,-0.017,-0.0188,-0.0173,-0.0166,-0.0218,-0.0388
2002-08-20,30.7933,130.3076,SE,0.4435,0.2871,0.1906,0.1397,0.1275,0.1149,0.0884,0.0516,0.0368,0.0483,0.0573,0.0559,0.0398,0.0054,-0.0136,-0.0247,-0.0287,-0.0295,-0.0271,-0.0147,-0.0057,-0.0136,-0.0108,-0.0041,0.0065,0.0148,0.0114,0.0005,-0.0313,-0.0413
2002-08-20,30.7933,130.3076,SO,0.2771,0.2276,0.1119,0.1133,0.1017,0.1545,0.235,0.1735,0.1409,0.0658,0.0322,-0.0131,-0.0233,-0.0129,-0.0196,-0.0357,-0.049,-0.0443,-0.0377,-0.0166,-0.0254,-0.0123,0.0008,0.0062,0.0025,0.0219,0.0136,0.0148,0.0043,0.0149
2002-09-14,30.7933,130.3076,E,,0.2557,0.0455,0.0337,0.0412,0.0372,0.0271,-0.0409,-0.032,-0.0217,-0.0046,-0.0004,0.0111,0.0131,0.0101,0.031,0.0373,0.0396,-0.0024,-0.0127,-0.0173,-0.0168,-0.0102,-0.0069,-0.006,-0.0047,-0.0059,-0.0051,-0.0028,-0.0019
2002-09-14,30.7933,130.3076,N,,0.2309,0.1086,0.0917,0.0617,0.0621,0.0548,0.0553,0.0253,-0.0079,-0.0507,-0.044,-0.0451,-0.0298,0.0006,0.0174,0.0109,0.0143,0.0057,0.0057,0.0004,0.0052,-0.0108,0.0059,0.0007,0.0093,0.0182,0.0084,-0.0016,-0.0246
2002-09-14,30.7933,130.3076,NE,0.3671,0.1918,0.0963,0.0655,0.084,0.0512,0.0204,0.0291,-0.008,0.0097,-0.0038,0.0099,0.0196,0.0321,0.0143,0.0307,-0.0017,0.0055,0.0135,0.0153,0.0197,0.0149,0.0234,0.0139,0.0148,0.0089,0.002,-0.0146,-0.0152,-0.0178
2002-09-14,30.7933,130.3076,NO,0.2322,0.1708,0.0516,0.0371,0.0369,0.0335,0.0787,0.1275,0.1665,0.1006,0.0259,-0.0588,-0.0642,-0.0482,-0.0332,-0.0098,-0.001,0.0062,0.011,0.0104,0.022,0.0182,0.0123,0.0093,0.0096,-0.0086,-0.0113,-0.0102,0.0009,-0.001
2002-09-14,30.7933,130.3076,O,,0.1469,0.1055,0.0844,0.0772,0.063,0.0334,0.0146,0.0323,0.0464,0.005,-0.006,0.001,0.009,0.0267,0.0013,-0.0045,0.0406,-0.0521,-0.0331,-0.0222,-0.0183,-0.0074,-1e-04,0.002,0.0106,0.0109,0.0137,0.0166,0.0194
2002-09-14,30.7933,130.3076,S,,0.3956,0.3008,0.1974,0.1817,,,,,,0.0158,0.02,0.0181,0.0201,0.0145,,,,,,,,-0.0377,-0.0449,-0.0474,-0.0385,-0.0231,-0.0205,-0.0176,-0.03
2002-09-14,30.7933,130.3076,SE,0.477,0.2967,0.1611,0.1287,0.1354,0.0976,0.0741,0.0234,0.026,0.0365,0.0171,0.0167,-0.0039,-0.0128,-0.0133,-0.0189,-0.0178,-0.0242,-0.0219,-0.0191,-0.0174,-0.0192,-0.0136,0.0054,0.0131,0.0162,0.0133,-0.0049,-0.0251,-0.0291
2002-09-14,30.7933,130.3076,SO,0.3738,0.3684,0.2673,0.1834,0.1312,,,,,,,,,,,-0.0177,-0.0217,-0.0156,0.0229,0.0198,0.0003,0.0041,0.0056,0.0028,0.0006,0.0026,0.0098,0.0103,0.0189,0.0279
2004-10-21,30.7941,130.3121,E,0.148,0.1427,0.1235,0.1126,0.0367,0.0065,-0.0242,-0.0245,-0.0237,-0.0225,-0.0215,-0.01,-0.0139,-0.002,0.0038,-0.0007,0.0023,0.0087,0.0069,0.0008,-0.0067,-0.0049,-0.0043,-0.0145,-0.0069,-0.0141,,,,
2004-10-21,30.7941,130.3121,N,,-0.044,-0.0251,-0.0142,0.0056,0.0105,-0.0002,0.0011,0.0089,0.0282,0.0337,0.0243,0.019,0.0186,0.0022,-0.0169,-0.0173,-0.0263,-0.0309,-0.0132,-0.0161,-0.0297,-0.0261,-0.0107,0.0144,0.0258,0.0389,0.0023,-0.0032,-0.0088
2004-10-21,30.7941,130.3121,NE,,0.069,0.0571,0.0602,0.0509,0.0155,-0.0041,-0.0072,-0.0028,0.0092,0.0201,0.0145,0.0334,0.0149,0.0,-0.0082,-0.0089,-0.0083,-0.0138,-0.0071,-0.02,-0.0208,-0.0193,-0.0097,0.007,0.0344,0.035,0.0074,0.002,0.002
2004-10-21,30.7941,130.3121,NO,,-0.0499,,,,,,,,,,,-1e-04,0.0132,0.0042,0.0097,0.0073,0.0073,0.008,0.003,0.0009,0.0041,-0.0061,-0.0045,0.0014,-0.0153,-0.0218,-0.033,-0.0095,0.008
2004-10-21,30.7941,130.3121,O,0.0613,,,,,,,,,,-0.0255,-0.0153,-0.0006,0.0426,0.0521,0.0572,0.0566,0.065,0.0469,0.029,0.0097,-0.0025,-0.0215,-0.0355,-0.0352,-0.0339,-0.0296,-0.0334,-0.0221,-0.0173
2004-10-21,30.7941,130.3121,S,,0.1447,0.1447,0.1198,0.1244,0.0942,,,,,,,,,,,,,,,,,,,,,,,,
2004-10-21,30.7941,130.3121,SE,0.1255,0.1291,0.114,0.0572,-0.0064,-0.0211,-0.0369,-0.0336,-0.0246,0.0259,0.024,0.0265,0.0245,0.0221,0.0187,-0.0081,-0.0177,-0.0222,-0.0181,-0.0158,-0.014,-0.0106,-0.0081,-0.0043,-0.0035,-0.0035,0.0013,0.0021,0.0078,0.0152
2004-10-21,30.7941,130.3121,SO,,,,,,,,,,,,,,,,,,,,,,,,,,0.0066,0.0046,-0.0107,0.0022,-0.0018
2004-11-06,30.7933,130.3076,E,,0.4629,0.3358,,,,,,,,,,0.0225,-0.0011,0.0031,0.0015,0.017,0.0106,-0.0101,-0.0074,-0.0073,-0.0177,-0.0098,-0.0009,-0.003,0.0042,0.0048,0.0099,0.0131,-0.0019
2004-11-06,30.7933,130.3076,N,,0.3951,0.2514,0.2184,0.1654,0.1313,0.1197,0.0988,0.0037,-0.0206,-0.0307,-0.0126,-0.0158,-0.0061,0.017,0.0277,0.0271,0.0164,-0.0239,-0.0119,-0.02,-0.0101,-0.0353,-0.0514,-0.0242,-0.0125,0.0163,0.0308,0.0142,0.011
2004-11-06,30.7933,130.3076,NE,0.4843,0.4402,0.3555,,,,,,,,,,,0.0495,0.0134,-0.0092,-0.0416,-0.042,-0.0048,-0.0026,-0.0091,0.0085,0.0205,0.0151,0.0111,0.0151,0.0121,0.0111,0.0045,0.0022
2004-11-06,30.7933,130.3076,NO,0.3492,0.2186,0.1263,0.0739,0.1057,0.0552,0.1012,0.1394,0.1504,0.0791,-0.0233,-0.0848,-0.0879,-0.0898,-0.0527,-0.0275,0.0049,0.006,0.0364,0.0385,0.0371,0.0254,0.0187,0.0087,0.0125,0.0003,0.0032,0.0054,-0.0012,-0.0105
2004-11-06,30.7933,130.3076,O,,0.2394,0.1191,0.104,0.103,0.0845,0.0628,0.0418,0.0187,-0.0061,-0.0395,-0.0496,-0.0338,-0.0179,-0.0009,-0.0138,-0.0171,-0.0091,0.015,0.0143,-0.0296,0.0313,0.0344,0.059,,,,,,
2004-11-06,30.7933,130.3076,S,,0.4604,0.3461,0.2608,0.1773,0.0975,0.0927,0.0738,0.048,0.0208,0.0085,0.0051,0.0005,-0.0018,-0.0009,-0.0078,-0.0061,-0.016,-0.0253,-0.0347,-0.0442,-0.047,-0.0206,-0.0211,0.0257,0.0025,0.002,-0.0013,-0.013,-0.0255
2004-11-06,30.7933,130.3076,SE,0.5682,0.5077,0.3935,0.3006,0.1437,0.2379,0.1438,0.1153,0.1166,,,,,,0.0044,-0.0033,-0.014,-0.0192,-0.0264,-0.0296,-0.0028,-0.0053,0.0026,0.0079,0.0056,0.004,-0.0083,-0.0194,,
2004-11-06,30.7933,130.3076,SO,0.4643,0.4452,0.2506,0.1714,0.1328,0.1288,0.125,0.0932,0.0616,0.0127,-0.0056,-0.0226,-0.0308,-0.0246,-0.035,-0.0254,-0.0259,-0.0178,-0.0135,-0.0068,-0.0029,0.0153,0.014,0.0226,0.005,0.017,0.0092,0.0043,-0.0042,-0.0218
2005-04-15,30.7936,130.3077,E,,0.1127,0.078,0.0713,0.0598,0.0515,-0.0095,0.0037,-0.0015,0.0136,0.0025,0.0027,-0.0034,-0.0108,-0.0097,-0.004,0.005,-0.0131,,,,,,,,,-0.0009,1e-04,0.0006,0.0013
2005-04-15,30.7936,130.3077,N,,0.1549,0.1085,0.0879,0.09,0.0852,0.099,0.0656,0.0207,0.0055,-0.016,-0.0388,-0.0367,-0.0261,-0.0115,-0.0043,-0.0038,0.002,0.0015,-0.005,-0.0024,0.0025,-0.0044,-0.0045,-0.006,0.0034,0.011,0.005,-0.0079,-0.0225
2005-04-15,30.7936,130.3077,NE,0.1669,0.0737,0.0646,0.0696,0.0507,0.0245,-0.0164,-0.016,-0.0164,-0.0072,0.0047,0.0139,0.0137,0.0224,-0.0075,,,,,,,,,-0.0085,0.0019,0.0067,0.0151,-0.001,-0.0166,-0.0034
2005-04-15,30.7936,130.3077,NO,0.1361,0.0677,0.0103,-0.02,-0.0017,-0.0174,0.0435,0.0543,0.0565,0.0414,-0.0413,-0.0353,,,,-0.0379,-0.033,-0.0487,-0.0676,-0.0392,-0.0261,-0.0035,0.0032,0.0049,0.0057,0.0471,0.0081,0.0577,,0.0702
2005-04-15,30.7936,130.3077,O,,0.1277,0.0594,0.0497,0.0282,,0.0071,,,,,,,,,,,0.0019,0.005,-0.0033,-0.0113,-0.0127,-0.003,0.0109,0.0062,0.0144,0.0136,0.0042,0.0019,0.0028
2005-04-15,30.7936,130.3077,S,,0.2189,0.168,0.1166,,,,,,,,,,0.0027,0.0016,0.0015,,-0.0032,-0.0069,-0.0091,-0.0118,-0.0159,-0.0161,,,,,,-0.0249,
2005-04-15,30.7936,130.3077,SE,0.2494,0.1339,0.1096,0.1079,0.0912,0.0881,,,,,,,,0.0006,,,,-0.0005,-0.0009,0.0014,0.0006,1e-04,-0.0002,-1e-04,-0.0009,-0.0008,-0.0009,-0.0009,-0.0014,-0.0016
2005-04-15,30.7936,130.3077,SO,0.2763,0.2592,0.2141,0.1338,0.0371,,,,,,,,,,,,,,,,,,,,,0.0158,0.0112,0.0065,0.0059,0.0173
2005-07-20,30.7901,130.302,E,,0.169,0.1408,0.1039,,,,,,,,,,,,,,,,,,,,,,,,,,
2005-07-20,30.7901,130.302,N,0.0316,0.0334,0.0189,0.0189,0.0131,-0.0124,-0.0173,-0.0212,-0.0291,-0.0162,0.0677,0.0776,0.0681,0.0426,0.0315,0.0261,0.0245,0.0175,0.0103,,-0.0273,,,,,,,,,
2005-07-20,30.7901,130.302,NE,,-0.0333,-0.0378,-0.0642,-0.0511,-0.0493,-0.0221,-0.0134,-0.0028,,,,,,,,,,,,,,,,,,,,,
2005-07-20,30.7901,130.302,NO,,0.0352,0.0293,0.0194,0.0016,-0.0123,-0.0212,-0.0164,-0.0226,-0.0207,-0.0205,0.0257,-0.0039,0.0052,0.0061,0.0067,0.0089,0.004,0.0044,0.0034,0.0112,0.0123,0.0044,0.0102,0.0181,0.0112,-0.0046,0.0032,0.0006,-0.0043
2005-07-20,30.7901,130.302,O,,-0.0716,-0.0824,-0.0752,-0.0874,-0.0879,-0.0945,,,,,,,,,,-0.0103,-1e-04,-0.0147,-0.0033,-0.0153,-0.0141,0.0013,0.0007,-0.0046,-0.0092,-0.0156,-0.0056,0.0142,0.033
2005-07-20,30.7901,130.302,S,0.1284,0.1194,0.0744,0.0234,0.0209,0.0396,0.038,0.0266,0.0157,-0.0032,-0.0149,-0.0046,-0.0089,-0.0053,0.0083,0.0193,0.0429,0.0528,0.056,0.0507,0.0174,-0.0158,0.0095,0.0069,0.0062,0.0175,0.0116,-0.0209,-0.0415,-0.0497
2005-07-20,30.7901,130.302,SE,,-0.0198,-0.0628,-0.0902,-0.0912,-0.0761,,,,,,-0.0903,-0.0564,-0.0545,-0.0211,0.0078,0.0442,0.0474,0.0521,0.0406,0.041,0.0379,0.0346,0.0264,0.021,-0.0203,-0.011,-0.0613,-0.0355,-0.0443
2005-07-20,30.7901,130.302,SO,,0.0967,0.0753,0.0594,0.0442,0.0321,0.0247,0.0219,0.0353,0.0531,0.0546,,,,,,,-0.0068,-0.0139,-0.0162,-0.0108,-0.016,-0.0165,0.0105,-0.0071,-0.0098,-0.0093,-0.0074,-0.0054,-0.0031
2005-09-22,30.7929,130.2982,E,,,,,,,,,,,,,,,-0.0023,,,,,,,,,,,,,,,
2005-09-22,30.7929,130.2982,N,,0.1333,,,,,,,,,,,,,,,,,,,,,,,,,,,,
2005-09-22,30.7929,130.2982,NE,,,,,,,,,,,0.0036,0.0124,0.0031,-0.0006,,,,,,,,,,,,,,,,
2005-09-22,30.7929,130.2982,NO,-0.0687,-0.0855,-0.0922,-0.089,-0.0784,-0.0321,0.0021,0.0152,0.0144,-0.0098,-0.0079,-0.0024,,,,,,,,,,,,,,,,,,
2005-09-22,30.7929,130.2982,O,,0.0923,0.0767,0.0691,0.045,0.0369,0.0842,0.0959,0.0764,0.0571,0.0378,0.0292,0.0258,0.0218,0.0212,-0.0008,-0.0009,0.0033,0.0147,-0.0493,-0.049,-0.0493,-0.0493,,,,,,,
2005-09-22,30.7929,130.2982,S,,,,,,,,,-0.0069,0.0033,0.0217,0.0156,0.0216,0.0257,0.0319,0.0036,0.0068,0.006,0.0275,0.0376,0.0229,0.0138,-0.0093,,-0.0295,-0.0255,-0.0242,-0.0118,0.0034,0.0038
2005-09-22,30.7929,130.2982,SE,,,,,,,,,,,,,,,,,,0.0173,0.025,0.0076,0.012,0.0083,0.0073,0.0107,-0.0111,-0.003,-0.0125,-0.0187,-0.0219,-0.0238
2005-09-22,30.7929,130.2982,SO,,,,0.0394,0.0356,0.053,0.0649,0.0705,0.0715,0.0683,0.0722,0.0377,0.0275,-0.0168,-0.0049,-0.0178,-0.017,-0.0063,0.0133,0.0026,-0.0136,-0.0317,-0.0472,-0.0321,-0.0317,-0.0506,-0.0558,-0.0543,-0.0434,-0.0453
2006-01-28,30.7933,130.308,E,,0.2782,0.1095,-0.014,-0.0218,-0.0361,-0.0447,-0.0349,-0.0202,0.036,0.0349,0.0311,0.0206,0.013,0.0062,0.0079,0.0169,0.0165,0.021,-0.0177,-0.0506,-0.0486,,,,,,,,0.0002
2006-01-28,30.7933,130.308,N,,0.1791,0.1231,0.1092,0.1283,0.118,0.111,0.0568,0.0136,-0.0277,-0.0212,-0.0119,-0.0036,0.0156,0.0157,0.0096,0.002,0.0021,0.0064,0.0095,0.0043,0.0043,-0.0023,0.0111,0.0163,0.023,0.0241,0.01,0.0025,0.0027
2006-01-28,30.7933,130.308,NE,0.4197,0.2926,0.2047,0.2381,0.2015,0.1685,0.0991,0.1492,0.0611,0.0672,0.0083,0.0054,-0.0427,-0.0301,-0.0378,-0.0458,-0.0468,-0.0512,-0.0081,0.0064,0.0268,0.0206,0.0237,0.0174,0.0191,0.0136,0.0197,0.0178,0.0136,0.0101
2006-01-28,30.7933,130.308,NO,,0.1914,0.1298,0.0761,0.0603,0.0826,0.0769,0.1096,0.0543,-0.011,-0.06,-0.0842,-0.0848,-0.0683,-0.0667,,,0.0505,0.0345,0.0274,0.0053,0.0082,-0.0041,-0.0058,-0.0123,-0.0228,-0.0055,-0.0127,-0.0054,-0.008
2006-01-28,30.7933,130.308,O,0.2552,0.1981,0.1503,0.1085,0.1609,,,,,,,,,-0.016,0.0106,0.0128,0.0245,0.0184,0.024,0.0061,-0.002,-0.0113,0.007,0.0072,0.0071,0.003,0.0006,-0.002,-0.0053,-0.0112
2006-01-28,30.7933,130.308,S,0.4281,0.4284,0.3893,0.3073,0.2658,0.1975,0.0909,0.0935,0.0061,0.0024,0.002,0.0123,-0.0059,0.0117,0.0184,0.011,-0.0043,-0.0141,-0.0169,-0.0197,-0.0234,-0.0268,-0.0294,-0.0246,-0.0176,-0.0061,-0.0126,-0.0365,-0.0261,-0.0408
2006-01-28,30.7933,130.308,SE,,0.3371,0.2202,0.0788,0.0711,0.0671,0.0509,0.0176,-0.0014,-0.0035,-0.0164,0.0069,0.0049,0.0009,-0.0121,-0.0162,-0.0075,0.0012,-0.0158,-0.0158,-0.0157,-0.0157,-0.0157,-0.0156,0.0061,0.0177,0.0192,0.0018,-0.0092,-0.0156
2006-01-28,30.7933,130.308,SO,0.3179,0.318,0.2742,0.2366,0.194,0.1508,0.0927,0.0237,,,,,,,0.0302,0.0268,0.0213,0.0002,-0.0135,-0.0118,-0.0115,-0.0125,0.0145,-1e-04,-0.0007,-0.0036,0.0186,0.013,0.0265,0.0288
2006-03-17,30.7936,130.3098,E,,0.0914,0.0725,0.0059,-0.0236,-0.0357,-0.0217,-0.0033,0.0071,0.0216,0.0209,0.0047,0.0043,0.0032,0.0033,-0.0037,-0.0058,-0.0041,-0.0052,-0.0009,-0.0027,-0.0132,-0.0075,0.0004,0.0006,,,,,
2006-03-17,30.7936,130.3098,N,,-0.0176,-0.0872,-0.0775,-0.0719,-0.0689,-0.0305,-0.0213,-0.0213,-0.0159,-0.0115,-0.0024,0.0008,0.0072,-0.0008,0.0056,0.0035,0.0185,0.028,0.0332,0.0252,0.0174,0.0047,-0.0076,-0.02,-0.0251,-0.0186,-0.0252,-0.0247,-0.0224
2006-03-17,30.7936,130.3098,NE,0.1595,0.1165,0.0732,0.0683,0.0551,0.0567,0.0112,0.0435,-0.0207,-0.0531,-0.0056,-0.02,-0.0138,0.015,0.017,0.0189,0.0233,0.0181,0.0114,0.0061,0.004,-0.0031,-0.0008,-0.0039,0.0011,-0.0092,-0.0145,-0.0032,-0.013,-0.0102
2006-03-17,30.7936,130.3098,NO,,0.023,-0.07,-0.1117,-0.112,-0.0972,-0.0863,,,,,,,,,-0.0179,-0.0106,0.001,0.0012,0.0057,0.0054,-0.0036,-0.0018,-0.0027,0.0,0.0045,-0.0035,-0.0009,0.0122,0.0164
2006-03-17,30.7936,130.3098,O,0.0867,-0.0094,,,,,,,,,,,-0.0238,0.0015,0.0314,0.039,0.0349,0.0261,0.0021,-0.0135,-0.0191,-0.0081,-0.0064,0.0016,0.0116,-0.005,0.0008,0.0058,0.0051,-0.0047
2006-03-17,30.7936,130.3098,S,,0.1445,0.0508,0.0256,-0.0097,0.001,0.0208,0.0212,0.0266,0.0259,0.023,-0.0031,-0.0511,-0.0731,-0.0643,-0.0804,,,,,,,,,,,,-0.0215,-0.0147,-0.0022
2006-03-17,30.7936,130.3098,SE,0.168,0.1641,0.1309,0.114,0.0751,0.0527,0.0615,0.0209,0.0332,0.0296,0.0038,-0.0112,-0.0093,-0.0023,-0.007,,,,,,0.0235,0.0049,-0.0031,-0.0146,-0.0159,,,-0.019,-0.0131,-0.0203
2006-03-17,30.7936,130.3098,SO,0.2502,0.2513,0.1612,,,,,,,,,,,,,,,,,,,,,,,0.0658,0.0286,0.0129,0.0134,-0.0024
2006-07-30,30.7931,130.3067,E,0.7382,0.5768,0.3746,0.2156,0.1319,0.0842,0.1143,0.0622,-0.0158,-0.0053,-0.0146,-0.0068,0.0004,0.0163,0.0247,0.0401,0.0341,0.0424,-0.015,-0.042,,,,,,,,,,
2006-07-30,30.7931,130.3067,N,0.5108,0.3807,0.1842,0.2799,0.2022,0.1917,0.1565,0.0933,0.1488,0.1995,0.095,0.0017,-0.0782,-0.1015,-0.0733,-0.0647,-0.0341,-0.0126,0.0002,0.0061,0.0047,0.0097,0.0007,-0.0032,0.002,0.0143,0.0118,0.0183,0.0246,0.0339
2006-07-30,30.7931,130.3067,NE,,0.6279,0.5604,0.3163,0.2135,0.1452,0.1477,0.0672,0.0455,0.0596,-0.0046,-0.0084,0.0153,-0.0015,0.0326,0.0237,0.0174,-0.0066,-0.0355,-0.0416,-0.0343,-0.0203,0.0063,0.0178,0.0286,0.0314,0.0346,0.0375,0.0564,0.0642
2006-07-30,30.7931,130.3067,NO,,0.3321,0.1713,0.1181,0.1022,0.1012,0.1323,,,,,,,,,,,,,-0.0471,0.0041,0.0082,0.0185,0.0066,0.0077,0.0062,-0.0007,0.0174,0.0082,-0.0051
2006-07-30,30.7931,130.3067,O,0.5797,0.2705,,,,,,,,,,,,,,0.0055,0.0125,0.0068,-0.0042,0.0086,0.003,-0.0102,1e-04,0.0017,0.0036,0.0059,0.0013,0.0044,-0.007,0.0048
2006-07-30,30.7931,130.3067,S,0.7049,0.4083,0.1246,0.1252,0.0934,0.0717,0.0513,0.0585,0.0524,0.0523,0.0462,0.034,-0.0061,-0.0673,-0.0917,-0.0889,-0.0829,-0.0784,-0.0753,-0.0724,-0.0685,-0.0642,-0.061,-0.0549,-0.0542,-0.051,-0.0299,-0.0351,-0.0412,-0.041
2006-07-30,30.7931,130.3067,SE,,0.5849,0.3179,0.2201,0.1485,0.1156,0.071,0.0422,0.0523,0.0427,0.0737,0.0294,0.0052,-0.0137,-0.0248,-0.0332,-0.0264,-0.0272,-0.0263,-0.0304,-0.0234,-0.0184,-0.0187,-0.0082,0.0141,0.0209,0.023,-0.0154,-0.0132,-0.0129
2006-07-30,30.7931,130.3067,SO,,0.4413,0.2542,,,,,,,,,,,,,,-0.0028,-0.019,-0.0114,-0.0114,-0.0026,0.0043,0.0068,0.006,0.0154,0.0122,0.0175,0.0271,0.0077,0.0175
2006-08-08,30.7931,130.3073,E,,0.7631,0.5249,0.1861,0.1363,0.1055,0.0816,0.0749,-0.0142,-0.0038,0.0082,0.0083,0.0235,0.0196,0.0181,0.019,0.0096,0.0178,0.0115,-0.017,-0.0193,-0.0143,0.007,-0.0215,0.0005,,,,,
2006-08-08,30.7931,130.3073,N,0.7022,0.7024,0.4698,0.3937,0.289,0.2396,0.2374,0.1922,0.2091,0.0559,-0.0739,-0.1338,-0.1167,-0.1123,-0.0624,-0.0259,-0.0118,-0.0022,0.0059,0.0207,0.0343,0.0043,0.0026,0.0035,-0.0023,0.0053,-0.0002,0.0297,0.0162,-0.0019
2006-08-08,30.7931,130.3073,NE,,0.7424,0.621,0.3432,0.2566,0.2056,0.1047,0.1755,0.1348,0.0309,0.0331,0.0261,0.0116,0.0426,-0.0291,0.0109,0.0003,0.0215,0.014,0.0108,0.0039,-0.0101,-0.0048,-0.0034,0.0078,0.0133,0.0243,0.0252,0.0243,0.0031
2006-08-08,30.7931,130.3073,NO,0.5527,0.5527,,,0.2435,,,,,,,,,0.0641,0.0731,0.0444,0.0257,0.0037,0.0008,-0.009,-0.0094,-0.0102,0.0023,-0.0121,-0.002,0.0024,0.0061,0.0049,0.0046,0.0043
2006-08-08,30.7931,130.3073,O,0.8137,,,,,,,,,,,0.0421,0.0471,0.0388,0.0101,0.005,-0.0029,-0.0107,-0.0132,-0.0122,-0.0156,-0.0063,0.0053,0.0065,0.008,0.0078,0.0017,0.0003,-0.0013,0.0148
2006-08-08,30.7931,130.3073,S,,0.9438,0.7154,0.3379,0.1437,0.1171,0.0814,0.0556,0.0383,0.0311,0.0257,0.007,-0.0066,-0.0291,-0.0352,-0.0346,-0.0338,-0.0334,-0.0327,-0.032,-0.0317,-0.031,-0.0305,-0.03,-0.0295,-0.0289,-0.0286,-0.0281,-0.0278,-0.0278
2006-08-08,30.7931,130.3073,SE,0.9688,0.7173,0.5054,0.3434,0.2614,0.1984,0.084,0.0449,0.0585,0.0595,0.0456,0.051,0.0117,0.0051,-0.0315,-0.0327,-0.0336,-0.0337,-0.0245,-0.0239,-0.0149,-0.0113,-0.0116,-0.0019,0.0058,0.0088,0.0061,-0.0037,-0.0387,-0.0391
2006-08-08,30.7931,130.3073,SO,,0.8938,,,,,,,,,,0.1794,0.0774,0.0023,-0.0048,0.0082,-0.009,0.0029,0.0021,-0.0032,-0.001,-0.0022,0.0,-0.0017,0.0039,0.0058,-0.0035,-0.0014,0.0416,0.0291
2006-08-15,30.7931,130.3067,E,0.746,0.5755,0.2676,0.1752,0.1267,0.0835,0.0739,0.0396,-0.0201,0.0021,0.0237,0.0395,0.0313,0.0323,0.0049,0.0151,-0.0097,-0.0105,,,,,,,,,,,,0.0153
2006-08-15,30.7931,130.3067,N,0.6905,0.6569,0.4107,0.4743,0.3043,0.2275,0.2044,0.154,0.1507,0.1676,0.1545,0.0372,-0.0843,-0.1096,-0.0845,-0.0838,-0.0459,-0.0195,-0.01,0.0011,0.001,0.0108,0.0007,-0.0081,0.0058,0.0059,0.0059,0.0112,0.0248,0.0273
2006-08-15,30.7931,130.3067,NE,,0.5664,0.5974,0.3943,0.2352,0.07,0.1034,0.0523,0.0459,0.0672,0.0092,0.0045,0.037,0.0318,0.053,0.0141,0.0315,-0.0535,-0.0478,-0.0771,-0.0091,0.0034,0.0209,0.0371,0.062,0.0659,0.0764,0.0889,0.1144,
2006-08-15,30.7931,130.3067,NO,,0.4873,0.3068,0.2358,0.1789,0.1224,0.0511,0.03,0.0818,0.2149,0.2424,0.2202,0.0355,,-0.1688,,,,,,,-0.1213,-0.0516,-0.0579,-0.0813,-0.0344,-0.0044,0.0338,-0.0097,0.0222
2006-08-15,30.7931,130.3067,O,0.6572,0.4483,0.4162,0.3996,,,,,,,,,,,,,,0.0133,0.0262,0.0246,0.0129,0.0048,0.0133,0.0078,0.0111,0.0031,-0.0016,-0.0074,-0.01,-0.0097
2006-08-15,30.7931,130.3067,S,0.7277,0.4206,0.1816,0.1694,0.126,0.1002,0.0754,0.0569,0.0522,0.0524,0.0524,0.0252,-0.0194,-0.0726,-0.0811,-0.0832,-0.0854,-0.088,-0.089,0.0685,0.218,-0.054,-0.06,-0.0611,-0.0678,-0.0511,-0.0616,-0.0777,-0.073,-0.1038
2006-08-15,30.7931,130.3067,SE,,0.6517,0.388,0.292,0.1676,0.1191,0.0738,0.0617,0.0535,0.054,0.0531,0.0202,-0.0018,-0.0306,-0.0304,-0.0302,-0.029,-0.0291,-0.0199,-0.029,-0.0287,-0.0201,-0.0063,0.015,0.0223,0.0068,0.0066,-0.0278,-0.0276,-0.0275
2006-08-15,30.7931,130.3067,SO,,0.3594,0.3052,0.2497,0.2122,0.1489,,,,,,,,,,,,,-0.0173,-0.0214,-0.0008,-0.0034,0.0055,-0.0012,0.0161,-0.0066,0.0073,0.0116,0.0239,0.0087
2006-10-11,30.7939,130.3095,E,,0.2249,0.1278,0.1001,0.0973,0.0828,0.0907,,,,,,,,,,,0.0463,0.013,0.0209,-0.0013,-0.0081,-0.0095,-0.0123,-0.0099,-0.0039,1e-04,-0.0116,-0.0204,-0.0214
2006-10-11,30.7939,130.3095,N,,0.0746,-0.0382,-0.0847,-0.1174,-0.0833,-0.0786,-0.063,-0.0222,-0.0234,-0.0151,-0.0084,0.0061,0.017,0.0325,0.0314,0.0212,0.0323,0.0186,0.0264,0.003,0.0532,0.0048,-0.0212,-0.0286,-0.0349,-0.0358,-0.0094,-0.0018,-0.0048
2006-10-11,30.7939,130.3095,NE,0.2355,0.1208,0.0658,0.0342,-0.0076,-0.0157,-0.0416,-0.0791,-0.0243,0.0632,0.0485,0.0431,0.0505,0.0564,,,,-0.0294,-0.0383,-0.0204,0.0004,-0.0019,0.003,0.0078,0.0113,-0.0029,-0.0026,-0.0003,0.0039,0.0099
2006-10-11,30.7939,130.3095,NO,0.2789,0.2298,0.1402,0.0822,0.0138,-0.0219,-0.0288,-0.0291,-0.0407,-0.0348,0.0047,0.02,-0.0058,-0.0195,-0.0306,0.0162,-0.0372,0.0487,0.0479,0.004,0.0303,0.0083,0.0198,0.011,0.0182,0.019,0.0055,-0.0143,-0.0247,-0.0437
2006-10-11,30.7939,130.3095,O,,0.2728,0.193,0.0813,0.0139,0.0329,,,,,,,,,,,,,,,,,,,,,,,,
2006-10-11,30.7939,130.3095,S,,0.3026,0.1688,0.1357,0.1657,0.0855,0.083,0.0745,0.0541,0.0241,-0.012,-0.0115,-0.0117,-0.0121,-0.0124,-0.0125,-0.013,-0.0117,,,,,,-0.008,-0.0064,-0.0049,-0.0036,1e-04,0.0012,0.0024
2006-10-11,30.7939,130.3095,SE,0.3791,0.2558,0.2291,0.2191,,,,,,,,,,,,,,,,,0.0214,0.0048,-0.0099,-0.0148,-0.0003,0.0099,0.0069,0.0017,-0.0053,-0.018
2006-10-11,30.7939,130.3095,SO,0.3186,0.2453,0.1483,0.088,0.0103,0.0046,,,,,,,,,,,,,,,,,,,,,,,,
2008-12-03,30.7931,130.3067,E,0.2926,0.2611,0.1174,0.0753,0.0486,0.0305,0.0148,0.0033,-0.0113,-0.0146,-0.0064,-0.0058,-0.0142,-0.0073,,,,,,,,,,,,,,,,
2008-12-03,30.7931,130.3067,N,0.127,0.0346,,-0.0412,-0.081,,,,,,,,,,,,-0.0523,-0.024,0.0138,0.0403,0.0181,,-0.026,,,,-0.028,-0.0108,-0.0126,0.0049
2008-12-03,30.7931,130.3067,NE,,0.1968,0.0756,0.0596,0.0197,0.0069,0.0063,-0.001,-0.0006,-0.0047,0.019,0.0177,0.0101,1e-04,-0.0041,-0.031,-0.04,-0.0367,-0.04,-0.0509,0.0214,0.017,0.0157,0.0167,0.0243,0.0217,0.0087,-0.0054,0.0119,-0.0005
2008-12-03,30.7931,130.3067,NO,,0.0349,,,,,,,,,,,,,,,,0.032,0.0065,-0.0059,-0.0183,-0.0216,0.0098,0.022,0.0288,0.0106,0.0051,-0.0143,-0.0429,-0.0425
2008-12-03,30.7931,130.3067,O,0.1104,,,,,,,,,,,,,0.0197,0.0005,-0.0173,-0.012,0.0015,0.0056,0.0145,0.0426,0.0328,0.0312,0.0255,0.0244,0.0169,0.0081,0.0006,-0.0084,-0.0178
2008-12-03,30.7931,130.3067,S,0.1806,0.1581,0.0894,0.0912,0.0422,0.0409,-0.0152,0.0098,0.0244,0.0225,0.0136,-0.0085,-0.0121,-0.0339,-0.0583,-0.0565,-0.0605,-0.0733,-0.0651,0.1551,0.1471,-0.0087,-0.0084,-0.0178,-0.0453,-0.0038,-0.0103,-0.0458,-0.0333,-0.0486
2008-12-03,30.7931,130.3067,SE,,0.1937,,0.1166,0.0457,-0.0022,-0.0095,-0.0099,,,,,,,,,,,,,-0.0181,-0.0038,0.0009,0.0057,0.0147,0.0145,-0.0002,-0.0153,-0.0197,-0.0126
2008-12-03,30.7931,130.3067,SO,,0.0877,,,,,,,,,,,,,-0.0186,-0.019,-0.0122,-0.0124,0.01,0.003,0.0121,0.0162,-0.0083,0.0097,0.0013,-0.0212,-0.0023,0.0071,0.021,-0.0186
2008-12-10,30.7917,130.3098,E,,0.3261,0.2587,0.188,0.1637,0.1257,0.0994,0.1639,,,,,,,,,,,,,-0.0188,-0.015,-0.0116,-0.0083,-0.0058,-0.0037,0.0002,0.0023,0.0052,0.0059
2008-12-10,30.7917,130.3098,N,,0.1933,0.0296,-0.0084,0.0007,-0.0028,-0.0047,0.0021,-0.0135,-0.0083,0.0042,-0.0054,0.0275,-0.0088,0.0133,0.001,-0.0002,0.0471,0.0496,0.0458,0.0374,0.0288,0.0349,0.0257,0.0303,0.0161,0.0029,-0.01,-0.0143,-0.0341
2008-12-10,30.7917,130.3098,NE,0.2465,0.1161,0.0485,-0.0156,-0.021,-0.0235,-0.01,0.0031,0.022,0.0671,0.0773,0.0696,0.0638,0.0403,,,,,,,-0.0677,-0.0345,-0.032,-0.0217,-0.0151,-0.0106,-0.0057,0.0055,0.0028,0.0112
2008-12-10,30.7917,130.3098,NO,0.1172,-0.0099,-0.1437,-0.1285,-0.0953,-0.0796,-0.0707,-0.0425,-0.0181,0.0105,0.0119,0.0109,0.0049,0.0009,-0.0128,0.0092,-0.0064,0.0042,0.0174,0.0027,0.011,-0.0027,0.0134,-0.0182,0.001,-0.0314,-0.0013,-0.0325,-0.005,-0.046
2008-12-10,30.7917,130.3098,O,,-0.0082,,-0.0859,-0.0552,-0.0251,-0.0064,0.0189,0.0316,0.0292,0.0134,-0.0199,-0.0197,-0.0194,,,,,,,,,,,,-0.011,-0.0038,-0.0008,-0.0004,0.0087
2008-12-10,30.7917,130.3098,S,,0.2162,0.0999,0.0213,0.0172,0.0427,0.0639,0.0706,0.0882,0.1021,0.092,0.0585,0.0219,0.0213,-0.0271,-0.0483,-0.0494,-0.1266,-0.04,-0.0457,-0.0413,-0.0326,-0.0203,0.0011,0.0078,0.0096,0.0105,-0.0242,-0.0872,-0.0529
2008-12-10,30.7917,130.3098,SE,0.2022,0.176,0.1111,0.0572,0.0299,0.0295,0.0458,0.0751,0.1099,0.1457,0.1085,0.0855,0.0527,-0.0106,-0.0661,-0.1523,-0.1871,-0.1865,-0.1836,-0.1813,-0.1391,-0.1375,,,0.0121,0.0407,0.0214,-0.0087,-0.0025,0.0045
2008-12-10,30.7917,130.3098,SO,0.1333,0.1335,0.0192,-0.0015,-0.0108,-0.0064,0.0425,0.0027,-0.009,-0.002,0.0065,0.007,0.024,-0.0243,-0.0112,-0.0596,-0.0409,-0.0599,-0.0787,,,-0.075,-0.0669,,,0.0215,0.0173,0.0097,-0.0005,-0.0051
2009-10-03,30.7909,130.3076,E,,0.3132,0.174,,,,,,,,,,0.0367,0.023,0.0196,0.0172,-0.0455,-0.0309,-0.0201,-0.0003,-0.0012,0.0014,0.0059,0.012,-0.0036,0.0082,0.0005,0.0008,0.0022,0.0052
2009-10-03,30.7909,130.3076,N,,0.3046,0.1747,0.0627,-0.0183,-0.0176,-0.0116,0.0011,-0.0157,-0.016,-0.0,0.0002,0.002,0.005,-0.0006,0.0042,0.0035,0.0026,0.0077,-0.001,0.0044,0.0032,0.0088,0.0148,0.0113,0.016,0.0137,0.0053,0.0,-0.0072
2009-10-03,30.7909,130.3076,NE,0.3999,0.2455,0.1523,0.1135,0.098,,,,,,,,0.1754,0.122,0.0684,0.0345,0.0492,0.0188,0.0446,-0.0225,0.043,-0.0025,-0.0089,-0.0066,-0.0442,-0.0354,-0.0268,-0.017,-0.0241,0.0074
2009-10-03,30.7909,130.3076,NO,0.2637,0.2637,0.0913,-0.0002,1e-04,0.0164,0.0219,0.0197,0.0465,0.0361,0.0291,0.0288,-0.0086,-0.007,-0.0108,-0.0133,-0.0126,-0.0168,-0.022,-0.0276,-0.0234,-0.0161,-0.0074,-0.0051,-0.0013,0.0008,0.0062,0.0081,0.0022,0.0096
2009-10-03,30.7909,130.3076,O,,0.1492,0.0282,0.0065,0.0039,0.0269,0.0327,0.0221,0.0223,0.0169,0.008,0.002,-0.0068,-0.0188,-0.0023,-0.0262,-0.0075,-0.0022,0.0012,0.0067,0.0094,-0.0084,-0.012,-0.0149,,,,,,-0.0391
2009-10-03,30.7909,130.3076,S,,0.3665,0.228,0.0736,0.0961,0.0525,0.0518,0.044,0.009,-0.0018,0.0115,0.0218,0.024,0.014,0.0163,0.0206,0.021,0.0145,0.0178,0.0091,-0.0023,-0.0079,-0.0035,-0.0077,-0.007,0.0008,1e-04,-0.0079,-0.0054,-0.0026
2009-10-03,30.7909,130.3076,SE,0.497,0.3929,0.3036,0.2692,0.219,0.1956,0.16,0.1541,,,0.0883,,,,-0.0015,0.0014,0.02,-0.0013,-0.001,-0.0011,-0.0015,-0.0012,-0.0012,-0.001,-0.0008,-0.0006,-0.0002,-1e-04,1e-04,0.0003
2009-10-03,30.7909,130.3076,SO,0.3532,0.3473,0.1576,0.0916,0.0697,0.0636,0.0337,0.0198,0.0019,-0.0046,-0.0134,-0.0097,-0.009,-0.0007,-0.0,0.001,0.0072,0.0049,0.0173,0.0252,0.0398,0.028,0.0324,-0.0059,0.0057,-0.0033,0.0044,-0.0429,-0.0451,-0.07
2010-03-19,30.7931,130.3073,E,,0.232,0.1637,0.0677,0.0464,,0.0157,0.0212,-0.0115,-0.01,0.0174,0.0128,0.0126,0.0488,,,,,,,,,,,,,,,,
2010-03-19,30.7931,130.3073,N,0.117,0.1172,0.0847,0.1005,0.06,0.0363,0.0483,0.0485,0.0338,-1e-04,-0.0293,-0.0283,-0.0035,-0.0045,0.0181,0.0293,0.0328,0.0176,0.0188,0.0126,0.0054,-0.0105,-0.0154,-0.0018,-0.0069,-0.0033,0.0011,0.0019,-1e-04,-0.0099
2010-03-19,30.7931,130.3073,NE,,0.1782,0.1545,0.1148,0.1033,0.1343,0.1148,0.1031,0.0666,0.0115,0.0316,-0.0354,0.0153,0.0205,0.0214,0.0227,0.0148,0.0361,0.0294,,,,,0.0231,,0.0293,0.049,0.0378,0.0552,
2010-03-19,30.7931,130.3073,NO,0.0577,0.0577,0.0208,-0.0083,0.0038,0.0027,0.0463,0.0636,0.0687,0.0286,,,,,,,,,,,-0.0464,-0.0324,-0.0108,-0.0126,-0.0119,0.0003,-0.0032,-0.0006,-0.0002,0.0052
2010-03-19,30.7931,130.3073,O,0.1513,0.1043,0.0737,,,,,,,,,,,,,,0.012,0.0251,0.0146,0.0152,0.0094,0.0036,0.0149,0.0014,0.0002,0.0046,0.0012,-0.0003,-0.0047,-0.0054
2010-03-19,30.7931,130.3073,S,,0.2725,0.2085,0.1618,0.0953,0.093,0.075,0.0692,0.0365,0.0076,0.0209,0.0264,0.0228,0.0168,-0.0066,-0.0502,-0.0597,-0.0587,-0.0554,-0.0533,-0.0492,-0.0427,-0.043,-0.0056,0.0025,-0.0081,0.0042,0.0165,0.0179,-0.0007
2010-03-19,30.7931,130.3073,SE,0.3399,0.3232,0.225,0.2262,,,0.0512,,0.0372,,0.0315,0.0393,0.0361,0.0414,-0.0136,-0.0137,-0.0135,-0.0149,-0.0157,-0.0142,-0.0145,-0.0154,-0.0157,-0.016,-0.0088,0.0159,0.0388,0.024,0.0483,0.0149
2010-03-19,30.7931,130.3073,SO,,0.1437,0.1204,0.1181,0.1155,,,,,,,,,,,,,,,,-0.0268,-0.0105,-0.0064,0.0032,0.0031,0.0109,0.0194,0.0274,0.0056,-0.0094
2011-03-31,30.792,130.3098,E,,0.183,0.1003,0.0748,0.0915,0.174,0.2198,0.1641,0.1122,0.0417,-0.0087,-0.0282,-0.0479,-0.0348,-0.0184,0.007,0.0174,0.0183,0.02,0.0108,0.0042,-0.0067,0.0248,,,,,,,
2011-03-31,30.792,130.3098,N,,0.1392,0.0057,-0.0759,-0.0576,-0.0528,-0.0324,-0.0168,-0.0051,-0.0276,-0.0234,0.0105,0.0077,0.006,-0.0022,0.0113,-0.0008,0.0054,0.0048,0.0135,0.0005,0.0021,0.0179,-0.004,-0.0021,-0.0045,-0.0138,-0.0071,-0.0098,-0.0322
2011-03-31,30.792,130.3098,NE,0.279,0.082,0.0333,-0.0043,0.0038,0.0171,0.0346,0.0372,0.062,0.0555,0.0566,0.0451,0.0271,0.025,0.02,-0.0338,-0.0173,-0.0361,-0.022,-0.019,-0.0096,-0.0002,0.0089,0.0021,0.0066,0.005,-0.0272,-0.0327,-0.0517,-0.0491
2011-03-31,30.792,130.3098,NO,0.2617,0.1764,0.0591,-0.0298,-0.039,-0.0004,0.002,,,,,,,,,0.0166,0.0071,0.0004,-0.0031,0.0026,-0.0041,-0.004,0.01,0.0035,-0.0018,-0.0107,0.0038,-0.0065,-0.0006,-0.0069
2011-03-31,30.792,130.3098,O,,0.1322,,,,,,,,,,,0.0269,0.0084,0.0123,0.0216,0.0289,0.0205,-0.0033,-0.012,-0.0206,-0.0141,-0.02,-0.0093,-0.0108,-0.0054,-0.0029,-0.0067,-0.0036,0.0028
2011-03-31,30.792,130.3098,S,,0.343,0.1757,0.0692,0.0794,0.0842,0.0935,0.082,0.0383,0.0318,0.0118,0.0195,0.0244,0.0176,0.0216,0.0159,-0.0089,-0.021,-0.0044,0.0067,0.0044,-0.0056,-0.0259,-0.0356,-0.0321,-0.0289,-0.0243,-0.0198,-0.0157,-0.0081
2011-03-31,30.792,130.3098,SE,0.32,0.237,0.1516,0.1198,0.0988,0.1398,0.1524,0.1225,0.097,0.0599,0.0451,0.0206,0.0385,0.0252,-0.0093,-0.0375,-0.0127,-0.0101,-0.0225,-0.0423,-0.0428,-0.0455,-0.0464,-0.0444,-0.0349,-0.0375,-0.0231,-0.0204,0.0054,0.0163
2011-03-31,30.792,130.3098,SO,0.2873,0.2886,0.1407,0.0682,0.0738,,,,,,,,0.0651,0.0638,0.0509,0.0401,0.038,0.0013,0.0485,0.0319,0.0514,0.0073,0.0312,0.0141,0.0057,0.0123,0.0016,-0.003,-0.009,-0.0172
2013-04-13,30.792,130.3098,E,,0.3126,0.2291,0.1763,0.1657,0.1598,0.1723,0.1386,0.1221,0.0708,0.0303,0.0085,-0.0177,-0.0193,-0.0168,-0.0086,-0.0039,0.0006,0.002,-0.0025,-0.0064,-0.0073,0.0043,0.0069,0.0049,0.01,0.0077,0.0099,0.0088,0.0145
2013-04-13,30.792,130.3098,N,,0.2776,0.1056,0.0252,0.0076,0.0105,0.0034,-0.009,-0.0073,-0.0136,-0.0091,0.0115,-0.0115,-0.0056,-0.0033,0.0041,-0.0046,0.0077,0.0097,0.0152,0.0062,0.0153,0.0102,-0.0066,-0.0078,-0.0098,-0.023,-0.0279,-0.0268,-0.0295
2013-04-13,30.792,130.3098,NE,0.3821,0.2556,0.1702,0.0832,0.0497,0.0429,0.0464,0.0435,0.0489,0.0425,0.0435,0.033,0.0225,0.0127,0.0098,-0.0098,0.0061,-0.0019,0.0033,0.0074,0.0108,0.0174,0.0059,0.0159,-0.0005,-0.0092,-0.019,-0.0142,-0.0234,-0.0207
2013-04-13,30.792,130.3098,NO,0.3825,0.309,0.145,0.0707,0.0361,0.0176,0.0071,0.0033,0.0007,-0.0006,-0.0026,0.0019,0.0003,-0.0006,-0.0019,-0.0005,-0.0031,-0.0034,0.0017,0.0059,0.0077,0.0053,0.0062,0.0066,0.007,0.0049,0.0073,0.005,0.0049,0.0024
2013-04-13,30.792,130.3098,O,,0.2796,0.1701,0.0702,0.0399,0.0305,0.0256,0.0204,0.0249,0.0282,0.0307,0.0234,0.0088,-0.0005,-0.0024,-0.0056,-0.0061,-0.0167,-0.0187,-0.0241,-0.0277,-0.0286,-0.03,-0.0216,-0.0196,-0.0139,-0.0083,-0.001,0.007,0.0182
2013-04-13,30.792,130.3098,S,,0.3862,0.2488,0.1325,0.1262,0.1295,0.1345,0.1298,0.1332,0.1281,0.1211,0.0866,0.0527,0.0432,0.0152,0.012,-0.0081,-0.0253,-0.0265,-0.0333,-0.0261,-0.0398,-0.0633,-0.075,-0.0689,-0.0579,-0.0441,-0.0345,-0.027,0.0018
2013-04-13,30.792,130.3098,SE,0.3885,0.3283,0.2465,0.216,0.1795,0.1883,0.1938,0.1758,0.1503,0.1128,0.0965,0.0614,0.0511,0.0292,-0.0116,-0.0195,-0.0145,-0.0098,-0.0273,-0.0211,-0.0215,-0.0328,-0.0256,-0.0222,-0.0247,-0.005,0.0029,0.0036,0.011,0.0102
2013-04-13,30.792,130.3098,SO,0.346,0.3457,0.2235,0.124,0.0539,0.0457,0.043,0.0342,0.0561,0.0385,0.0184,0.0179,-0.0005,0.0069,0.0039,0.0041,-0.0018,-0.0161,-0.0155,-0.0274,-0.0162,-0.0206,-0.0207,-0.0118,-0.0055,0.0107,0.0088,0.0158,0.016,0.0158
2013-07-18,30.7977,130.3071,E,,0.135,0.1204,0.1041,0.0874,0.059,0.0414,0.0294,0.0191,0.0115,0.009,0.0082,0.0071,-0.0175,-0.0167,-0.0138,-0.012,-0.0105,-0.0055,0.0018,0.0062,0.0128,0.0004,-0.0048,-0.0079,-0.009,-0.009,-0.009,-0.009,-0.009
2013-07-18,30.7977,130.3071,N,0.0186,0.0058,-0.0197,-0.0359,-0.0348,-0.0285,-0.0311,-0.0177,-0.0049,0.008,0.0211,0.0262,0.0249,0.031,0.025,0.0116,-0.0003,-0.0106,-0.011,-0.0141,-0.012,-0.0122,-0.0,0.0056,0.006,0.0069,-0.0026,0.0062,0.0043,0.0081
2013-07-18,30.7977,130.3071,NE,,0.0562,0.0314,0.0126,-0.0061,-0.0108,-0.017,-0.0207,-0.0252,-0.021,-0.0054,-0.009,0.0025,-0.0077,-0.0139,-0.0072,-0.0085,-0.0073,-0.0022,-0.0005,0.0056,0.0025,0.0058,0.0061,-0.0079,-0.0028,-0.0032,-0.0128,-0.0138,-0.0138
2013-07-18,30.7977,130.3071,NO,,0.1545,0.1462,0.1391,,,,,,,,,,,,,,,,,,,,,,,,,,
2013-07-18,30.7977,130.3071,O,,-0.0052,-0.0077,,-0.0226,-0.0266,-0.016,-0.0137,-0.0043,-0.0055,0.0199,0.0107,-0.0113,-0.0093,,,,,,,,,,,,,,,,
2013-07-18,30.7977,130.3071,S,0.0894,0.0859,0.0842,0.043,0.0299,0.0233,0.024,0.0232,0.0238,0.0219,0.0212,0.0249,0.0248,0.028,0.0301,0.029,0.0248,0.0162,0.0112,-0.0028,0.0109,0.0188,0.0066,-0.0081,-0.0086,-0.0169,-0.0284,-0.0321,-0.0307,-0.0336
2013-07-18,30.7977,130.3071,SE,,0.0182,0.0252,0.0242,0.0014,-0.0188,-0.0245,0.0092,0.0167,0.0103,0.0143,0.0103,0.0131,0.0017,-0.0082,-0.009,-0.0113,-0.0073,-0.0033,-0.0051,-0.0022,-0.0015,-0.0096,-0.0148,-0.0096,-0.0093,-0.0058,-0.0033,-0.0059,-0.0045
2013-07-18,30.7977,130.3071,SO,0.1131,0.108,0.0978,0.0918,0.0891,0.0798,0.0726,0.0678,0.0516,0.0332,0.0212,0.0051,0.0034,0.0044,0.0005,-0.0166,-0.0506,-0.0555,-0.0646,-0.0445,-0.0528,-0.0395,-0.0081,0.0137,0.0232,0.041,,,,
2013-10-29,30.7941,130.3089,E,,0.0826,0.0591,0.0331,0.0181,0.019,0.0214,0.0284,0.0226,0.0222,0.0153,0.012,0.0028,1e-04,-0.0039,-0.0029,-0.0034,-0.0045,0.0048,-0.0014,-0.0026,-0.0051,-0.0055,0.0003,0.003,0.0045,-0.0014,-0.0066,-0.005,-0.0037
2013-10-29,30.7941,130.3089,N,-0.0037,0.0049,0.0062,0.0076,-0.0028,,-0.0442,,-0.0379,-0.0541,-0.0275,-0.0202,-0.0133,-0.0058,0.0015,0.003,0.0128,0.018,0.0274,0.0311,0.0289,0.0291,0.0272,0.0224,-0.0022,-0.0142,-0.0238,-0.0306,-0.0311,-0.0291
2013-10-29,30.7941,130.3089,NE,,0.0714,0.0688,0.0558,0.0391,0.0031,-0.0235,-0.0251,-0.0256,-0.0259,-0.014,-0.0263,-0.0034,0.0046,0.0083,0.0082,0.0139,0.0168,0.0196,0.014,0.0122,0.0054,0.0048,1e-04,-0.0,-0.0003,-0.0004,-0.0,0.0005,0.0026
2013-10-29,30.7941,130.3089,NO,0.1112,0.1183,0.1252,0.1243,0.1117,,,,,,,,,,,,,,,,,,,,,,,,,
2013-10-29,30.7941,130.3089,O,0.1135,,,,,,,,,,,,,,,,,,,,,,,,,,,,,
2013-10-29,30.7941,130.3089,S,,0.0779,,,,,,,,,,,,,,,,,,,,,,,,,,,,
2013-10-29,30.7941,130.3089,SE,0.1054,0.0851,-0.0104,-0.016,-0.0202,-0.0237,-0.0211,-0.0232,-0.0094,0.0233,-0.0079,-0.0064,0.001,0.0058,0.0114,0.0084,0.0053,0.0009,-0.0068,-0.0128,-0.0149,-0.0154,-0.0158,-0.0139,0.0127,0.0117,0.0107,0.0066,-0.0042,-0.0032
2013-10-30,30.7917,130.3098,E,,0.2938,0.1941,0.1098,0.1043,0.0769,0.1437,0.1367,0.0712,0.0706,0.0211,-0.0377,,-0.1732,,,,,,,,-0.0377,-0.0196,-0.0082,-0.0056,0.0058,0.0065,0.0052,0.0237,0.0217
2013-10-30,30.7917,130.3098,N,,0.3007,0.0533,-0.02,-0.0467,-0.0434,-0.0238,-0.0138,-0.0329,-0.0232,0.0006,0.0243,0.0191,0.0041,0.0087,0.0063,-0.0138,0.003,-0.0096,-0.0015,0.0101,0.0127,0.0108,-1e-04,-0.0062,0.0221,0.0085,0.0023,-0.0119,-0.0509
2013-10-30,30.7917,130.3098,NE,0.2591,0.1715,0.0215,-0.0813,-0.0965,-0.0837,-0.0582,-0.0454,-0.0151,0.0057,0.0132,0.004,-0.0055,0.0097,0.0335,0.04,0.0343,0.0607,0.0779,0.1198,0.1053,,-0.0637,-0.0562,-0.0306,-0.0267,-0.0156,-0.0125,-0.0049,0.0114
2013-10-30,30.7917,130.3098,NO,0.1582,0.0931,-0.0934,-0.1253,-0.1155,-0.0818,-0.0721,-0.0629,-0.0288,-0.0054,0.0128,0.0267,0.0254,0.0161,-0.0077,0.0204,0.0054,0.0073,0.0136,0.0058,0.0057,-0.0083,0.0013,-0.0198,-0.0148,-0.023,-0.0155,-0.035,-0.002,-0.0184
2013-10-30,30.7917,130.3098,O,,0.1063,-0.0695,-0.0937,-0.0741,-0.05,-0.034,-0.0015,0.0254,0.0329,0.0274,0.0399,0.0305,,,,,,,,-0.0308,-0.0221,-0.0143,-0.0091,-0.0026,-0.0004,-0.0023,-0.0008,0.0105,0.0051
2013-10-30,30.7917,130.3098,S,,0.3125,0.2284,0.11,0.0884,0.127,0.1296,0.1507,0.142,0.1516,0.1432,0.1399,0.0663,0.0604,0.0234,0.0204,0.0096,-0.0311,-0.0276,-0.0178,-0.029,0.0029,-0.0672,-0.0208,-0.1107,-0.1037,-0.0878,-0.0706,-0.06,0.006
2013-10-30,30.7917,130.3098,SE,0.3478,0.3463,0.2751,0.2261,0.1588,0.1482,0.1706,0.1944,0.1884,0.2703,0.1293,0.0326,-0.0011,-0.0147,-0.0326,-0.0916,-0.0886,-0.0957,-0.0927,-0.1084,-0.1024,-0.1054,-0.0864,-0.1176,-0.1061,0.0535,0.0746,0.0404,0.0211,0.0319
2013-10-30,30.7917,130.3098,SO,0.251,0.2517,0.1155,-0.0297,-0.0069,-0.0539,0.0125,-0.0097,-0.0015,-0.0017,0.0085,0.0035,0.0117,-0.0349,0.0178,-0.0328,-0.0391,-0.0644,-0.0792,-0.0897,,0.0005,0.0301,0.0293,0.015,0.0078,-0.0029,-0.0077,-0.0138,-0.0188
2014-04-23,30.792,130.3098,E,,0.1521,0.1356,0.1165,0.093,0.0831,0.1024,0.0697,0.0523,,0.0293,0.0089,-0.0032,-0.0105,-0.0178,-0.0172,-0.0098,-0.0062,-0.0062,0.0016,0.0044,0.0093,0.011,0.0113,0.0105,0.0097,0.0045,-0.001,-0.0054,-0.0058
2014-04-23,30.792,130.3098,N,,0.0845,0.0284,-0.0042,-0.0062,-0.0035,-0.0003,-0.0028,-0.002,-0.0146,0.0091,0.0119,-0.0012,0.0019,0.0025,0.0057,-0.0118,0.0006,0.0008,0.0082,0.0057,0.0087,-0.0012,-0.0038,-0.0145,-0.0101,-0.0293,-0.0327,-0.0341,-0.0337
2014-04-23,30.792,130.3098,NE,0.097,0.0705,0.0471,0.0151,-0.0013,-0.0079,-0.0077,-0.004,-0.0009,0.0006,0.0085,0.0107,0.0115,0.0093,0.0126,0.019,0.0107,0.005,0.0113,0.0189,0.0235,0.0267,0.0181,0.0131,0.0034,-0.0052,-0.0107,-0.013,-0.0184,-0.0173
2014-04-23,30.792,130.3098,NO,0.1297,0.0962,0.0525,0.0144,0.0009,,,,-0.0124,0.0013,-0.0131,-0.0093,-0.0089,-0.0032,-0.0002,0.004,0.0018,0.004,0.0072,0.009,0.0113,0.0116,0.0156,0.0162,0.0175,0.0131,0.0117,0.0051,0.0,-0.0083
2014-04-23,30.792,130.3098,O,,0.1038,0.0857,0.0345,0.0077,,,,0.0074,0.0119,0.0117,0.0117,0.011,0.0114,0.014,0.0116,0.0118,0.0088,0.0036,0.0003,-0.0107,-0.0111,-0.0188,-0.0178,-0.0162,-0.01,-0.007,-0.0014,0.003,0.0088
2014-04-23,30.792,130.3098,S,,0.0765,0.0489,0.0156,0.0201,0.0257,0.0334,0.0303,0.0412,0.0486,0.0417,0.0091,-0.0228,-0.0316,-0.0422,-0.0527,-0.0526,,-0.0732,,,,-0.0454,,,,,-0.0899,-0.0792,-0.0683
2014-04-23,30.792,130.3098,SE,0.1971,0.196,0.1797,0.175,0.1545,0.1628,0.1837,0.1814,0.151,,,,,,,,,,,,,0.0177,-0.0032,-0.0034,-0.0022,-0.0014,-0.0043,-0.0043,-0.0053,-0.0027
2014-04-23,30.792,130.3098,SO,0.0943,0.0942,0.0725,0.0504,0.0151,0.0047,0.0223,0.0387,0.039,0.039,0.0193,0.0077,0.0011,-0.0008,-0.0018,,,-0.0393,-0.051,-0.0573,-0.0109,-0.0611,0.002,0.0076,0.0023,0.0014,-0.0054,-0.005,-0.0019,-0.0014
2014-05-02,30.7942,130.3077,E,,0.0498,0.0343,0.0276,-0.0265,-0.0218,-0.0151,-0.0087,-0.0036,-0.0002,0.0023,0.0057,0.0137,0.0179,0.0153,0.0053,0.0004,-0.0036,-0.0049,-0.0008,0.0012,0.0028,0.0028,0.004,0.0056,0.0072,-0.0056,-0.0049,-0.0038,-0.0032
2014-05-02,30.7942,130.3077,NE,0.0844,,,,,,,,,,,,,,,,0.0036,0.0039,0.002,0.0068,0.0099,0.0156,0.0111,0.0115,0.008,-0.0051,-0.0068,0.0029,-0.0063,-0.01
2014-05-02,30.7942,130.3077,NO,0.2239,,,,,,,,,,,,,,,,,,,,,,,,,,,,-0.0088,-0.005
2014-05-02,30.7942,130.3077,O,,0.0793,0.0825,0.0757,,,,,,,,,,,,,,,,,0.0051,-0.002,0.0036,0.0065,0.013,0.0121,0.0124,0.0122,0.0117,0.0059
2014-05-02,30.7942,130.3077,S,0.1286,0.1277,0.1053,0.0783,0.0704,0.035,0.0308,0.0296,0.0231,0.0239,0.0209,0.0135,0.0173,0.0164,0.0083,-0.0034,-0.0181,-0.0284,-0.0244,-0.0329,-0.0332,-0.0277,-0.0097,-0.0018,0.0024,-0.0022,0.0035,-0.0008,0.0019,0.0017
2014-05-02,30.7942,130.3077,SE,,0.1241,0.1125,0.0972,0.0754,0.0615,0.0441,0.0357,0.0243,0.0166,-0.0062,-0.0103,-0.0152,-0.0165,-0.0151,-0.0176,-0.0208,-0.02,-0.0156,-0.0095,0.0077,0.018,0.0174,0.0185,0.013,-0.0089,-0.0093,-0.0141,-0.0162,-0.0191
2014-05-02,30.7942,130.3077,SO,0.0874,0.0738,0.0875,,,,,,,,,,,-0.0103,0.0056,0.0151,0.0169,0.0163,0.0083,0.0065,0.0004,0.0014,-0.0006,0.0039,0.0042,0.0045,-0.0006,-0.0038,-0.0081,-0.0122
2015-08-01,30.7941,130.3089,E,,0.2077,0.1242,,,,,,,,,,0.0346,0.0315,0.0296,0.0179,0.0093,-0.0043,-0.0009,-0.0057,-0.0082,-0.0046,-0.0109,-0.0102,-0.0094,-0.0042,-0.0145,-0.0164,-0.0138,-0.0094
2015-08-01,30.7941,130.3089,N,0.237,0.232,0.2406,0.1859,0.0971,0.0216,-0.0575,-0.0899,-0.0974,-0.0632,-0.0267,0.0148,0.0452,0.0608,0.0581,0.0416,0.0315,0.0173,0.016,0.0179,0.0171,-0.0063,,,0.012,-0.0018,-0.006,-0.0292,-0.059,-0.0595
2015-08-01,30.7941,130.3089,NE,,0.1012,0.0924,,,,,,,,,,0.0234,-0.0064,0.0028,-0.008,0.0088,0.0049,0.0073,0.0101,0.017,0.0035,0.0074,0.0163,0.0053,0.0019,-0.0033,-0.0124,-0.0129,-0.002
2015-08-01,30.7941,130.3089,NO,0.325,0.3569,0.3317,0.2824,0.2176,,0.0,-0.0641,-0.0369,-0.0313,0.0109,0.039,0.0603,0.0465,0.0332,-0.0039,-0.0261,-0.0438,-0.0579,-0.0614,-0.0553,-0.0552,-0.0185,-0.0046,-0.0036,0.0019,0.0201,0.0301,0.0328,0.035
2015-08-01,30.7941,130.3089,O,0.1879,,,,,,,,,,,,,-0.0504,-0.0085,0.0121,0.0553,0.0485,0.0233,-0.0057,-0.0178,-0.0078,0.0055,0.0187,,,,,,
2015-08-01,30.7941,130.3089,S,,0.1548,0.0406,0.0287,0.043,0.0335,0.0291,0.0029,0.0132,-0.033,-0.0376,-0.026,-0.01,0.0028,0.009,0.0211,0.0206,0.0194,0.0258,-0.0252,-0.0346,-0.0395,,,,,,,,
2015-08-01,30.7941,130.3089,SE,0.1921,0.0399,-0.0707,-0.12,,-0.13,,-0.0833,,,,,,,0.0525,0.0634,0.0559,0.0099,-0.042,-0.0462,-0.031,-0.0017,0.0112,0.0056,-0.0007,0.0051,0.009,-0.0051,-0.0089,-0.0125
2015-08-01,30.7941,130.3089,SO,,0.1226,,,,,,,,,,,-0.0511,0.0268,0.0515,,,,,,,,,,,,,,-0.0088,0.0099
2015-08-09,30.792,130.3098,E,,0.1473,0.1341,0.1182,0.0972,0.1048,0.1021,0.101,0.0812,0.0504,0.0176,0.0039,-0.0185,-0.0155,-0.0207,-0.0071,-0.0067,0.0032,0.0101,0.0042,0.01,0.0059,0.0077,0.0048,-0.0056,-0.0011,-0.003,-0.0044,-0.0005,0.0045
2015-08-09,30.792,130.3098,N,,0.0588,0.0222,-0.0431,-0.052,-0.0464,-0.0293,-0.0151,-0.006,-0.0185,-0.0151,0.0054,-0.0127,0.002,-0.0033,0.0009,-0.0008,-0.0053,-0.0041,-0.0044,-0.0117,-0.0155,-0.0248,-0.035,-0.0488,-0.0372,-0.0499,-0.0476,-0.0422,-0.0444
2015-08-09,30.792,130.3098,NE,0.1143,0.0967,0.0773,0.0391,0.0085,0.002,0.0016,0.0101,0.02,0.0174,0.0256,0.0251,0.0212,0.016,0.0136,-0.003,0.011,0.0035,0.0073,0.0174,0.0248,0.0374,0.0175,0.0142,-0.0031,-0.0126,-0.0223,-0.0188,-0.0197,-0.015
2015-08-09,30.792,130.3098,NO,0.1475,0.1342,0.0924,0.0549,0.0293,0.0195,0.014,0.0073,0.0015,-0.0042,-0.0127,-0.0047,-0.0061,0.003,-0.0066,-0.0031,-0.0069,0.0017,0.0061,0.0112,0.0159,0.0172,0.0207,0.02,0.02,0.0128,0.0101,1e-04,-0.0111,-0.021
2015-08-09,30.792,130.3098,O,,0.1243,0.104,0.0658,0.0437,0.0281,0.0245,0.0174,0.0135,0.0126,0.0207,0.0185,0.0135,0.0147,0.0274,0.0339,0.0356,0.0204,0.0098,0.0042,-0.0096,-0.0096,-0.0181,-0.0174,-0.0148,-0.0099,-0.0057,-0.0036,-0.0039,-0.0041
2015-08-09,30.792,130.3098,S,,0.2145,0.1523,0.0491,,,,,,,,,,,,,,,,,,,,,,,,,,
2015-08-09,30.792,130.3098,SE,0.1219,0.1283,0.0965,0.0671,0.0112,0.0287,-0.0313,0.0152,-0.0298,0.0221,0.0106,-0.0351,,,,,,,,,,,,,,,,,,
2015-08-09,30.792,130.3098,SO,0.2098,0.2109,0.1681,0.1298,0.0497,0.0477,0.0301,0.0303,,,,,,,0.0073,0.0073,0.0201,-0.0074,-0.0013,-0.009,-0.0136,-0.0144,-0.0096,-0.0112,-0.0031,0.0253,0.0415,0.0266,0.0063,-0.0061
2015-10-19,30.7917,130.3098,E,,0.1566,0.1475,0.1347,0.1496,0.134,0.1508,0.1446,0.1321,0.1166,0.0724,0.0383,-0.001,-0.0296,-0.0589,-0.0346,-0.0229,-0.0258,-0.016,-0.0131,-0.0146,-0.0065,-0.0108,1e-04,0.0059,0.0107,0.019,0.0253,0.0289,0.0227
2015-10-19,30.7917,130.3098,N,,0.0883,0.0333,-0.0096,-0.0195,-0.018,-0.0119,-0.0183,-0.018,-0.014,-0.0089,1e-04,-0.0017,-0.0037,-0.0076,-0.002,-0.018,-0.004,-0.0138,0.0,0.0119,0.0144,0.0193,0.0137,-0.0012,0.004,-0.0199,-0.0283,-0.0293,-0.0314
2015-10-19,30.7917,130.3098,NE,0.1037,0.0864,0.0771,0.0567,0.0391,0.035,0.0421,0.0369,0.0456,0.0455,0.0497,0.0429,0.0432,0.0385,0.0395,0.0127,0.0362,-0.0031,0.012,-0.0148,0.0068,0.0099,-0.0032,0.004,-0.0085,-0.0105,-0.0195,-0.0161,-0.0255,-0.0231
2015-10-19,30.7917,130.3098,NO,0.0871,0.0671,0.0174,-0.0363,-0.0455,-0.0395,-0.0318,-0.016,-0.0069,0.0003,0.0069,0.0124,0.0122,0.0093,0.0046,0.0082,0.0078,0.0101,0.012,0.0108,0.0123,0.003,0.0034,-1e-04,-0.0067,-0.008,-0.0016,-0.0142,-0.006,-0.0164
2015-10-19,30.7917,130.3098,O,,0.0787,0.036,0.0058,-0.0018,0.0054,0.0125,0.0247,0.0226,0.0213,0.0177,0.015,0.008,0.005,0.0035,0.0048,0.0027,-0.0003,-0.0049,-0.0122,-0.019,-0.0253,-0.0228,-0.0146,-0.0046,0.0037,0.0117,0.0168,0.0168,0.0166
2015-10-19,30.7917,130.3098,S,,0.1637,0.139,0.0878,0.0502,0.0356,0.0352,0.0415,0.0636,0.077,0.069,0.0515,0.0257,0.0186,0.0064,-0.0079,-0.0112,-0.0164,0.0183,0.0096,0.0104,-0.0008,-0.0316,-0.0243,-0.0527,-0.0401,-0.0279,-0.08,-0.0422,0.0191
2015-10-19,30.7917,130.3098,SE,0.1769,0.1701,0.1535,0.1406,0.1035,0.0993,0.1277,0.1418,0.1448,0.1376,0.1158,0.1012,0.0831,0.0427,0.0139,-0.0296,-0.0462,-0.0421,-0.0436,-0.0348,-0.0413,-0.0314,-0.0261,-0.0224,-0.0254,-0.0153,-0.0004,0.0022,0.0104,0.0104
2015-10-19,30.7917,130.3098,SO,0.073,0.0729,0.05,-0.0035,-0.0128,-0.0113,-0.0015,0.0188,0.0249,0.0278,0.0294,0.0287,0.0291,0.0197,0.0151,0.004,-0.0058,-0.0065,-0.0045,-0.0029,0.0004,1e-04,-0.0011,0.0051,0.0051,0.006,0.0033,0.0014,-0.002,-0.0061
2016-03-20,30.7933,130.3089,E,,0.1558,0.1286,0.1221,0.0984,0.0659,0.0419,0.0036,0.0039,0.0127,0.0231,0.0184,0.015,0.0109,0.0073,0.0073,-0.0049,-0.0015,-0.0081,-0.0059,-0.0071,-0.0046,-0.0116,-0.0105,-0.0082,-0.0097,-0.0049,-0.004,-0.0028,-0.0032
2016-03-20,30.7933,130.3089,N,0.0944,0.0814,0.0822,0.0676,0.0681,0.0458,0.0126,0.0043,0.004,-0.003,-0.0018,-0.0227,-0.0296,-0.0254,-0.0326,-0.0089,0.0037,0.0082,0.0135,0.0136,0.021,0.0275,0.0249,0.0237,0.0039,-0.0068,-0.0224,-0.0211,-0.0298,-0.0306
2016-03-20,30.7933,130.3089,NE,,0.1388,0.1307,0.1177,0.1044,0.0772,0.0505,0.0217,0.0052,-0.0091,-0.0133,-0.0192,-0.0141,-0.0172,-0.0097,-0.0118,-0.0014,0.0042,0.0152,0.0134,0.0163,0.0144,0.0174,0.0104,0.0089,0.0015,0.0018,0.001,-0.0176,-0.0205
2016-03-20,30.7933,130.3089,NO,,0.0743,0.0843,0.0804,0.0811,0.0711,0.0304,0.029,-0.0073,-0.0047,-0.0012,-0.0054,-0.0041,-0.0008,-0.0084,-0.0052,0.0014,0.0061,0.0196,0.0126,0.0103,0.0047,0.0079,0.007,0.0066,0.0051,0.0021,0.0017,0.0005,0.0005
2016-03-20,30.7933,130.3089,O,0.0718,0.0495,0.0196,0.015,0.0517,0.0138,0.0102,0.016,-0.0019,-0.0071,-0.0084,-0.0031,-0.0032,0.0017,-0.0037,-0.0023,-0.0061,-0.0028,-0.0016,-0.0018,-0.0011,-0.0019,-0.0011,-0.0038,-0.004,-0.0053,-0.0011,-0.0046,0.0019,-0.0009
2016-03-20,30.7933,130.3089,S,,0.1546,0.1336,0.1143,0.1123,0.1056,0.0896,0.0998,0.0681,0.0282,0.0128,0.0019,-0.0086,-0.0071,-0.0134,-0.0161,-0.0184,-0.0262,-0.0287,-0.0287,-0.0298,-0.0253,-0.0209,-0.0128,-0.0055,0.0086,0.0148,0.0207,0.0216,0.0277
2016-03-20,30.7933,130.3089,SE,0.2058,0.1883,0.1576,0.1426,0.1165,0.0979,0.0812,0.0738,0.0576,0.0505,0.0225,0.0099,0.0106,-0.013,-0.013,-0.013,-0.013,-0.0129,-0.013,-0.013,-0.013,-0.0131,-0.0131,-0.0131,-0.0035,-0.0123,-0.0028,-0.0018,0.0064,-0.0006
2016-03-20,30.7933,130.3089,SO,,0.1018,0.0666,0.0615,0.0609,0.0637,0.0663,0.0703,0.0697,0.0749,0.0593,0.0395,0.0157,0.0062,-0.0047,-0.0094,-0.0205,-0.026,-0.0377,-0.0421,-0.0428,-0.0352,-0.0362,-0.0288,-0.0276,-0.0113,-0.0173,-0.0075,0.0152,0.0145
2016-04-29,30.794,130.3001,E,-0.0268,-0.0329,-0.0464,-0.0529,-0.0402,-0.0325,-0.0146,0.0023,0.0115,-0.0051,-0.0081,-0.0077,-0.0083,0.0062,0.0197,0.0045,0.0037,-0.0045,0.0013,-0.0047,-0.0037,-0.008,-0.0152,-0.0048,0.0007,,,,,
2016-04-29,30.794,130.3001,N,0.2119,0.1951,0.0574,-0.0747,-0.0905,-0.0957,-0.0945,-0.0933,-0.0898,-0.0723,-0.0508,-0.0448,-0.0489,-0.0566,-0.0557,-0.0537,-0.0454,-0.0291,-0.0264,0.0111,0.0356,0.0328,0.0353,0.0236,0.0037,0.0094,0.0261,0.0626,0.0614,0.0676
2016-04-29,30.794,130.3001,NE,,-0.002,-0.0187,-0.0346,-0.0316,-0.0321,-0.0306,-0.0311,-0.0277,-0.0319,-0.0418,-0.0393,-0.0227,-0.0178,-0.0138,-0.0158,-0.0109,-0.0144,-0.0028,-0.0119,-0.0012,-0.0061,-0.0049,0.005,0.0281,0.0506,0.0545,0.0466,0.0268,0.0068
2016-04-29,30.794,130.3001,NO,,0.1747,0.1666,,,-0.1057,,,,,,,,0.003,0.0243,0.0015,-0.0143,-0.0262,-0.0335,-0.0499,-0.0415,-0.0385,-0.0242,0.0046,0.0021,0.0047,0.0093,0.0215,0.0383,0.0457
2016-04-29,30.794,130.3001,O,,0.1907,,,,,,,,,,-0.0422,-0.0347,-0.0264,-0.0175,-0.0149,-0.0123,-0.0091,-0.0137,-0.0208,-0.0192,-0.0178,0.0053,-1e-04,0.002,0.0216,0.0314,0.0498,0.073,0.0724
2016-04-29,30.794,130.3001,S,0.2343,0.2315,0.1438,0.1444,0.123,0.0621,0.0511,0.046,0.0396,0.0144,0.0119,0.0115,0.0102,0.0086,-0.0084,-0.0209,-0.0231,-0.0174,-0.022,-0.0194,-0.019,-0.0187,-0.0148,-0.0149,-0.0177,-0.0096,-0.0035,0.0003,-0.0077,-0.0101
2016-04-29,30.794,130.3001,SE,,0.0412,0.0343,0.0161,0.0178,0.0128,0.0125,0.0139,0.021,0.0158,0.0215,0.0048,0.0007,-0.0023,-0.0042,-0.0059,-0.006,-0.0057,-0.0053,-0.0051,-0.0046,-0.0046,0.003,0.0039,0.0028,-0.0034,-0.0003,-0.0095,-0.0121,-0.0116
2016-04-29,30.794,130.3001,SO,,0.1955,0.1916,,,,,,,,,,0.0292,0.0362,0.0497,0.0413,0.0502,0.0311,0.0158,-0.0105,-0.0195,-0.0125,-0.0074,-0.0014,0.0111,-0.0077,-0.011,-0.0223,-0.0229,-0.0201
2016-08-11,30.7906,130.3076,E,,0.0946,,,,,,,,,,0.0634,0.0821,0.1264,0.0825,0.0142,-0.0118,-0.0968,-0.105,,,,,,,,,,0.042,0.0483
2016-08-11,30.7906,130.3076,N,,0.2113,0.1276,0.0245,-0.0271,-0.0466,-0.0441,-0.0424,-0.0397,-0.0406,-0.0293,-0.0163,0.0161,0.0057,0.0205,0.0291,0.0267,0.0346,0.0334,0.0305,0.0215,0.0244,0.0313,0.0215,0.0242,0.0195,0.0278,-0.0117,-0.0119,-0.0671
2016-08-11,30.7906,130.3076,NE,0.1624,0.0809,0.0124,,-0.108,-0.0977,-0.1019,-0.0949,-0.0697,-0.033,-0.034,0.014,0.0329,0.0348,-0.0124,0.0112,0.0114,0.0225,0.036,0.0203,0.0563,0.0633,0.0523,0.0367,0.0187,0.0101,0.0009,-0.0115,-0.0363,0.0062
2016-08-11,30.7906,130.3076,NO,0.2424,0.2452,0.1391,0.0932,0.0456,0.007,-1e-04,-0.0094,-0.0115,-0.0165,-0.0151,-0.0059,0.012,0.0223,0.0346,0.0276,0.0107,0.0153,0.0066,0.0166,0.0216,0.016,0.0049,0.0093,0.014,0.0113,0.0126,0.0046,-0.0016,-0.0092
2016-08-11,30.7906,130.3076,O,,,,,,,-0.044,,-0.0476,-0.0519,-0.0534,-0.0584,-0.06,-0.0588,-0.0361,-0.0067,0.0209,0.0252,0.0332,0.0514,0.0582,0.043,0.0386,0.0296,0.0144,-0.0028,-0.017,-0.0315,-0.0526,-0.0833
2016-08-11,30.7906,130.3076,S,,0.2702,0.1636,0.0809,,,,,,,,,,,,,,,,,0.0,,,0.0,,0.0,,,0.0,0.0
2016-08-11,30.7906,130.3076,SE,0.3149,,,,,,,,,,,,,,,,,,,,,,,,,,,,,
2016-08-11,30.7906,130.3076,SO,0.2827,0.2399,,,,,,,,,,,,-0.039,-0.0406,-0.0421,-0.0013,-0.0215,0.0173,0.0235,0.0503,0.0629,0.0554,0.0493,0.0311,0.0148,0.0026,-0.02,-0.047,-0.0672
2016-08-18,30.7913,130.2982,N,0.0856,0.0715,0.0573,,,,,,,,,,,,,,,,,,,,,,,,,,,
2016-08-18,30.7913,130.2982,NO,,-0.0104,-0.0236,,,,,,,,,,,,,,,,,,,,,,,,,,-0.0,-0.0
2016-08-18,30.7913,130.2982,O,,0.0185,0.0169,0.0092,,,,,,,,,,,,,,,,-0.0219,-0.0152,0.0004,0.0034,0.0036,0.0092,0.0065,0.0032,-0.001,0.0027,0.008
2016-08-18,30.7913,130.2982,S,-0.3029,-0.2475,-0.1962,-0.1443,-0.0701,-0.045,-0.0289,-0.0157,0.0018,0.0188,0.0293,0.0304,0.0353,0.0334,0.0299,0.038,0.0293,0.0194,0.0092,0.0102,-0.0035,-0.0091,-0.012,-0.0134,-0.0193,-0.0193,-0.0241,-0.0074,-0.009,-0.0163
2016-08-18,30.7913,130.2982,SE,,,,,,,0.1151,0.1079,0.1058,0.0951,0.0831,0.0702,0.0588,0.0271,0.0191,0.0191,0.0112,-0.0025,-0.0145,-0.0205,-0.0252,-0.0261,-0.0248,-0.0245,-0.0185,-0.0202,-0.0119,-0.0141,-0.0144,-0.0171
2016-08-18,30.7913,130.2982,SO,,0.0246,0.0364,0.0345,0.041,0.0255,0.0092,0.0121,-0.0218,-0.0194,0.0024,0.0044,0.026,0.0425,0.0501,0.05,0.0554,0.0355,0.0302,0.0169,-0.0007,-0.0204,-0.0276,-0.0361,-0.0351,-0.0452,-0.0353,-0.0367,-0.0342,-0.0314
2016-11-06,30.7931,130.3076,E,,0.235,0.1932,0.1497,0.0528,0.0219,-0.0049,-0.0181,-0.0203,-0.016,-0.009,-0.0033,0.0258,-0.0037,0.01,0.017,-0.0044,0.0013,0.0039,-0.0026,-0.0041,-0.0021,-0.0086,-0.0074,-0.0016,-0.0052,0.0109,0.0045,0.0068,0.0112
2016-11-06,30.7931,130.3076,N,,0.1019,0.0972,0.0843,0.0879,0.079,0.0753,0.063,0.0304,0.011,-0.0108,-0.0099,-0.0046,0.0028,0.0005,0.0074,0.001,0.0026,0.0075,-0.0007,0.0025,0.0017,0.0072,0.0007,0.0078,0.0139,0.015,0.0142,0.0022,-0.0127
2016-11-06,30.7931,130.3076,NE,0.2148,0.1945,0.1772,0.1692,0.1603,0.1553,0.1156,0.0839,0.0643,0.0327,0.0106,0.002,0.0041,0.0116,-0.0347,-0.0021,-0.0384,-0.0169,-0.018,-0.0094,-0.0043,-0.0017,0.001,0.0072,0.0039,0.0118,0.0141,0.0119,0.0073,0.0138
2016-11-06,30.7931,130.3076,NO,0.1008,0.0925,0.0799,0.061,0.0572,0.0598,0.0975,0.0831,0.0555,0.0037,-0.0201,-0.0261,-0.016,-0.0271,-0.0103,-1e-04,0.0234,0.0197,0.0146,0.018,0.0061,0.0074,-0.0004,-0.0015,-0.0007,-0.0092,-0.0065,-0.0086,-0.0084,-0.0077
2016-11-06,30.7931,130.3076,O,,0.0758,0.055,0.0455,0.0459,0.0551,0.0567,0.0575,0.0406,0.0297,0.0137,0.0061,-0.0028,-0.0054,-0.0027,0.0024,0.0005,-0.0053,-0.0093,-0.0066,-0.0136,-0.0147,-0.0084,-0.0084,-0.0078,-0.0131,-0.0002,-0.0023,0.0029,0.0077
2016-11-06,30.7931,130.3076,S,,0.2456,0.2153,0.1722,0.144,0.1127,0.0886,0.0768,0.0555,0.0451,0.036,0.0238,0.0226,0.0222,0.0192,-0.0144,-0.0434,-0.0472,-0.048,-0.0512,-0.0294,-0.0228,-0.0152,-0.0036,0.0002,-0.003,-0.0013,0.0019,-0.0061,-0.0029
2016-11-06,30.7931,130.3076,SE,0.3023,0.2663,0.2303,0.191,0.1616,0.1283,0.0413,0.0228,0.011,0.0098,0.006,0.005,0.0038,0.0036,0.0012,0.0002,-0.0028,-0.0094,-0.0137,-0.0143,-0.0151,-0.0166,-0.0147,-0.0153,-0.0112,-0.0051,-0.0018,0.0085,0.0159,0.0086
2016-11-06,30.7931,130.3076,SO,0.1445,0.1421,0.1272,0.1192,0.1204,0.1197,0.1004,0.0827,0.0683,0.0407,0.0226,-0.0134,-0.0329,-0.0271,-0.0268,-0.0203,-0.0164,-0.0085,-0.0057,-0.0064,-0.0059,-0.0068,0.0006,-0.001,-0.0033,0.0169,0.0022,0.0066,-0.0039,0.0095
2017-02-03,30.7917,130.3067,E,0.2167,0.2165,0.2039,0.1894,0.1761,0.1753,0.1431,0.1254,0.0815,0.0257,-0.0079,-0.0162,-0.0156,-0.0149,-0.0145,-0.0137,-0.013,-0.0124,-0.0123,-0.0101,-0.0032,-0.0014,-0.0019,-0.0076,-0.0088,-0.0087,-0.0084,-0.0009,-0.0004,0.0069
2017-02-03,30.7917,130.3067,N,0.0741,0.0625,0.0545,0.049,0.0351,0.0272,0.0175,0.0234,0.0389,0.0389,0.0194,-0.0096,-0.0137,-0.0099,-0.0227,-0.0146,-0.003,-0.0024,-0.0002,0.0035,0.0111,0.0074,0.0109,0.0149,0.004,0.0117,0.022,0.0261,0.0307,0.027
2017-02-03,30.7917,130.3067,NE,,0.0939,0.0853,0.0776,0.0728,0.0657,0.0612,0.068,0.058,0.052,0.0433,0.0398,0.0282,0.0224,0.028,0.0091,0.0067,-0.023,-0.005,-0.0219,-0.0254,-0.0204,-0.022,-0.0136,-0.0139,-0.0025,0.0013,0.009,0.0204,0.0261
2017-02-03,30.7917,130.3067,NO,,0.0971,0.0869,0.0844,0.0794,0.0624,0.0079,-0.0051,-0.0061,-0.02,-0.0115,-0.001,0.0088,0.0138,0.0167,0.0133,0.0164,0.0034,0.0051,-0.0005,0.0014,0.0004,-0.0003,-0.0025,-0.0062,-0.0016,-0.0043,-0.0052,-0.0086,-0.0106
2017-02-03,30.7917,130.3067,O,0.0965,0.0913,0.076,0.0631,0.0446,0.0288,0.0164,0.0041,-0.0124,-0.0168,-0.0113,-0.0022,-0.0019,0.0116,0.0119,0.0045,0.0058,0.0163,0.0129,0.0125,0.0163,0.0138,0.0115,0.007,0.0003,-0.0038,-0.0048,-0.0064,-0.0124,-0.0211
2017-02-03,30.7917,130.3067,S,0.1461,0.1295,0.0918,0.0944,0.0643,0.0447,0.0191,0.0201,0.0121,0.0098,0.0097,0.0091,0.0112,0.0162,0.0154,0.0124,0.0133,0.0151,0.004,-0.0078,0.0065,0.0058,0.0068,0.0,-0.0181,-0.0149,-0.0126,-0.0082,-0.0034,0.0059
2017-02-03,30.7917,130.3067,SE,,0.216,0.1898,0.1616,0.1326,0.0973,0.0728,0.0566,,0.0195,-0.0163,-0.0127,-0.015,-0.0143,,,,,,,,,,0.0154,-0.009,-0.0086,-0.0079,-0.0041,-0.0011,0.0002
2017-02-03,30.7917,130.3067,SO,,0.1245,0.1088,0.0852,0.0789,0.0681,0.0613,0.0302,0.0284,-0.0004,0.0037,-0.0093,-0.0193,-0.0095,-1e-04,-0.0124,-0.0058,0.0068,-0.0019,0.0228,0.0159,0.0051,0.0048,0.0122,0.0179,0.0151,0.027,0.0015,0.006,-0.0039
2017-02-19,30.7915,130.3067,E,0.2134,0.2035,0.1694,0.1542,0.1249,0.1121,,,,0.0534,0.0349,0.0342,-0.0342,-0.0314,-0.0296,-0.0228,-0.0157,-0.0032,0.0037,-0.0012,0.0153,0.0112,-0.0026,-0.0067,-0.0027,-0.0015,-0.0003,0.0023,0.0046,0.0088
2017-02-19,30.7915,130.3067,N,0.1134,0.0658,0.0391,0.034,0.0155,0.0048,-0.0119,-0.0074,0.0214,0.0185,0.0238,0.0088,-0.009,-0.0174,-0.0109,-0.0032,0.0023,0.0069,-0.0002,0.0082,0.0063,0.0126,0.0124,0.0174,0.0132,0.0134,0.0199,0.0069,0.0206,0.0219
2017-02-19,30.7915,130.3067,NE,,0.0943,0.0502,0.0275,0.0124,0.004,0.0062,0.0053,0.0284,0.0309,0.0286,0.0444,0.0499,0.037,0.0354,0.0201,-0.0091,-0.0271,-0.0337,-0.028,-0.0238,-0.0204,-0.0269,-0.0229,-0.0309,-0.017,-0.0065,-0.0038,0.0079,0.007
2017-02-19,30.7915,130.3067,NO,,0.0833,0.0706,0.0465,0.0374,0.0278,0.0116,0.0026,-0.0004,-0.0028,0.0033,0.003,0.0187,0.0231,0.0214,-0.0044,0.0081,-0.0035,-0.0006,-0.0024,-0.0033,-0.004,-0.0028,-0.0028,-0.0039,-0.0007,-0.0077,0.0011,0.0025,0.0002
2017-02-19,30.7915,130.3067,O,0.1127,0.0816,0.0609,0.0499,0.0375,0.0263,0.0132,0.0033,-0.0022,-0.0064,-0.0009,0.003,0.0056,0.0041,0.0102,0.0031,0.0047,0.0077,0.0094,0.0124,0.0137,0.0079,0.0081,0.004,-0.0002,-0.0023,-0.0048,-0.01,-0.0164,-0.0248
2017-02-19,30.7915,130.3067,S,0.1824,0.1607,0.1329,0.1304,0.1127,0.0924,0.0649,0.0503,0.0364,0.0342,0.0259,0.0166,0.0099,-0.0045,-0.0055,0.0156,0.0352,-0.018,-0.0075,0.0007,0.0093,0.006,0.0124,0.0144,-0.0087,-0.018,-0.0153,-0.0097,-0.0034,0.0051
2017-02-19,30.7915,130.3067,SE,,0.2002,0.1635,0.1277,0.11,0.078,0.0444,0.0196,0.0056,,,,-0.0249,-0.0249,,,,,,,,,-0.0109,-0.0091,-0.0065,-0.0052,-0.0033,-0.0026,-0.0014,-0.0004
2017-02-19,30.7915,130.3067,SO,,0.1333,0.1088,0.0928,0.0799,0.0677,0.0531,0.0363,0.0299,-0.0139,-0.0151,-0.0103,-0.0094,-0.0133,-0.0149,-0.0054,-0.0057,0.0116,0.011,0.0233,0.0241,0.0349,0.0274,0.0286,0.0249,0.0209,0.0149,0.0022,-0.0073,-0.0219
2017-08-13,30.7937,130.3001,E,0.1732,-0.071,-0.0583,,,,-0.0207,0.0089,0.027,0.0379,0.0204,0.0038,-0.005,-0.0299,-0.0222,-0.0191,-0.0144,,,,,,,,,,,,0.0365,0.0326
2017-08-13,30.7937,130.3001,N,0.3241,0.305,0.0,0.0,0.0,0.0,0.0,0.0,,,,,,,,,,,,,,,,,,,,,,
2017-08-13,30.7937,130.3001,NE,,0.305,0.2863,,,,,,,,,,,,,,,,,,,,,,,,,,,
2017-08-13,30.7937,130.3001,NO,,0.0095,0.0007,0.0003,0.0,0.0,0.0,0.0,,,,,,,,,,,,,,,,,,,,,,
2017-08-13,30.7937,130.3001,O,,0.0267,0.2974,0.072,0.0545,,,,,,,,,,,,,,,,,,,,,,,,,
2017-08-13,30.7937,130.3001,S,0.0569,0.0719,0.0881,0.1124,0.0982,0.1322,0.1545,0.1647,0.1819,0.1805,0.0364,0.0052,-0.0132,-0.0073,-0.0048,0.0019,0.0271,0.0027,0.0098,0.0089,0.0008,0.0061,0.0144,-0.0144,-0.032,-0.0447,-0.0477,-0.0647,-0.0761,-0.0777
2017-08-13,30.7937,130.3001,SE,,0.2051,0.0311,0.0442,0.0469,0.0297,0.0201,0.017,0.0091,0.0163,0.0195,0.0005,-0.0029,-0.0115,-0.0095,-0.0165,-0.0148,-0.0133,-0.0086,-0.0028,0.0067,0.0121,0.0148,0.0073,0.0047,0.0064,0.002,-0.0022,-0.0169,-0.0268
2017-08-13,30.7937,130.3001,SO,,0.2588,0.259,0.1684,0.1233,0.0476,,,,,,,,,,,,,0.0159,-0.0073,-0.0037,0.0067,0.0092,0.0122,0.016,0.0052,-0.0249,-0.0485,-0.0496,-0.0512
2017-09-06,30.7932,130.2989,E,0.2116,,,,,0.1309,,,,,,,,,,,,,,,,,,,,,,,0.0003,0.0019
2017-09-06,30.7932,130.2989,NO,,,,,,,,,,,,,,,,,,,,,,,,,,,,,0.01,0.0113
2017-09-06,30.7932,130.2989,O,0.1038,0.0397,0.0444,,,,,,,,,,,,,,,,,,,,,,,,,,,
2017-09-06,30.7932,130.2989,S,,,,,,,,,0.0011,,,,,,,0.0067,-0.009,0.0017,0.0086,0.0154,0.0173,0.0139,0.0164,-0.0046,-0.0121,-0.0089,-0.004,-0.0009,0.0007,0.005
2017-09-06,30.7932,130.2989,SO,,,,,,-0.0037,-0.0046,0.0016,-0.0036,-0.011,-0.0064,,,,,,,,0.0237,0.0259,0.0134,0.0051,0.0061,0.0075,0.0054,-0.0021,-0.0023,-0.0019,-0.0026,-0.0029
2017-11-09,30.7931,130.3073,E,,0.1921,0.1695,0.1349,0.1296,0.0113,-0.0031,-0.004,-0.0042,-0.0046,-0.0053,0.001,-0.0044,-0.0058,-0.0046,-0.006,-0.0022,-0.0044,-0.0011,-0.0047,-0.007,-0.0084,-0.006,-0.009,-0.0068,-0.0096,-0.0013,-0.0002,0.0019,0.0053
2017-11-09,30.7931,130.3073,N,0.0702,0.0703,0.0205,0.0151,0.0188,0.0096,0.0149,0.0118,0.0044,0.0104,-0.0076,-0.0108,-0.004,-0.0027,0.0072,0.0015,0.0163,0.0152,0.0077,0.0098,0.0084,0.0026,0.005,0.0142,0.0035,0.01,0.0126,0.0114,0.0098,0.0027
2017-11-09,30.7931,130.3073,NE,,0.1362,0.1193,0.1031,0.1033,0.0996,0.0874,0.0752,0.0568,0.029,0.0263,-0.0036,-0.0126,-0.0093,-0.0353,0.0015,-0.0378,-0.0153,-0.0183,-0.0053,-0.008,-0.0018,0.0008,0.0128,0.0061,0.0054,0.0097,0.007,0.0027,0.0078
2017-11-09,30.7931,130.3073,NO,0.0653,0.0653,0.0146,-0.0276,-0.0367,-0.0417,-0.027,-0.0165,-0.0022,-0.0063,-0.0276,-0.0307,-0.0254,-0.0134,-0.0011,0.0125,0.0311,0.0295,0.0246,0.0195,0.0154,0.0181,0.0099,0.0152,0.0015,0.001,-0.003,-0.0081,-0.013,-0.0145
2017-11-09,30.7931,130.3073,O,0.0591,0.0202,-0.0244,-0.0484,-0.0545,-0.0542,-0.036,-0.0201,-0.017,-0.0005,0.0052,0.0077,0.0056,0.0042,0.003,0.0092,0.0095,0.0122,0.0066,0.0055,0.0016,0.0014,-0.0016,0.0061,0.0057,0.0062,-0.0018,-0.0012,-0.0058,-0.0049
2017-11-09,30.7931,130.3073,S,,0.1802,0.1598,0.117,0.0608,0.0628,0.0398,0.0304,0.0214,0.0161,0.0208,0.0179,0.015,-0.0093,-0.0157,-0.0105,-0.0139,-0.0161,-0.0206,0.0207,0.0205,0.0185,0.0153,0.0052,-0.002,0.0033,0.0088,-0.0187,-0.0112,-0.007
2017-11-09,30.7931,130.3073,SE,0.2122,0.1786,0.1634,0.1329,0.0917,0.0594,0.0152,0.0004,0.0002,-0.0004,-0.0006,-0.0012,-0.0012,-0.0012,-0.0054,-0.0023,-0.0008,-0.0008,-0.0007,,,,,,-0.0129,0.0032,0.0032,0.0179,-0.005,-0.0021
2017-11-09,30.7931,130.3073,SO,,0.0843,0.0526,0.0253,0.0069,-0.0031,-0.0068,-0.0181,-0.0155,-0.0145,-0.0035,-0.0042,0.0076,-0.0035,0.0014,0.0012,0.0015,0.0032,0.006,0.0007,0.0002,0.0021,1e-04,0.0022,0.0017,0.0103,-0.0085,-0.0011,-0.0018,0.0027
2018-04-18,30.7941,130.3089,E,,0.0585,0.0252,0.0278,-0.0107,-0.0026,0.0124,0.0187,0.0232,0.0174,0.0186,0.0152,0.0033,0.0007,0.0058,0.0082,0.0081,0.0023,-0.0008,-0.0096,-0.0112,-0.0097,-0.0155,-0.0085,-0.005,-0.0036,-0.0044,-0.0045,-0.0031,-0.0005
2018-04-18,30.7941,130.3089,N,-0.0283,-0.021,-0.0199,-0.0182,-0.0189,-0.009,-0.0247,-0.0174,-0.0111,-1e-04,0.0095,0.01,0.01,0.0092,0.0178,0.0206,0.0147,0.017,0.0153,0.0127,0.0157,0.0202,0.0209,0.0162,0.0002,-0.0168,-0.0201,-0.0288,-0.0329,-0.0372
2018-04-18,30.7941,130.3089,NE,,0.032,0.0257,0.013,0.0021,0.0074,0.0002,-1e-04,-0.004,-0.0204,-0.0012,-0.0111,0.0042,-0.0058,0.0055,0.0084,0.0079,0.0074,0.0108,0.0086,0.013,0.0101,1e-04,0.005,0.0042,-0.0009,-0.0096,-0.0082,-0.0063,-0.0036
2018-04-18,30.7941,130.3089,NO,0.0211,0.0275,0.0325,0.0315,0.0291,0.0332,0.013,-0.0074,-0.0069,-0.0093,-0.0129,-0.0113,-0.0143,-0.0045,-0.0138,-0.0139,-0.0005,0.0038,0.0168,0.0222,0.0218,0.0175,0.0172,0.014,0.0111,0.0106,0.0081,0.0076,0.0067,0.0052
2018-04-18,30.7941,130.3089,O,0.0438,0.049,0.0528,0.0538,0.0468,0.0335,0.0385,0.0171,0.0077,0.0102,0.0092,-0.0076,-0.0074,0.0013,0.0054,0.0116,0.0091,0.004,-0.0029,-0.0169,-0.0132,-0.0082,-0.0098,-0.0025,-0.0047,-0.0037,-0.0042,-0.0074,-0.0114,1e-04
2018-04-18,30.7941,130.3089,S,,0.1292,0.102,0.087,0.0919,0.0901,0.0799,0.0614,0.0539,0.0232,0.019,0.0189,0.0177,0.0186,0.0163,0.0072,-0.0228,-0.0228,-0.0227,-0.0223,-0.0229,-0.0228,-0.0226,-0.0225,-0.0223,-0.0222,-0.0214,-0.0044,0.0045,0.0089
2018-04-18,30.7941,130.3089,SE,0.1305,0.1062,0.0924,0.0677,0.0549,0.0296,-0.0007,0.0057,0.0097,0.0139,0.0152,0.013,0.0118,0.004,-0.0028,-0.0067,-0.0112,-0.0081,-0.0154,-0.0177,-0.0189,-0.0076,-0.0031,0.0006,0.0027,0.0085,0.0057,0.0018,0.0065,0.0043
2018-04-18,30.7941,130.3089,SO,,0.078,0.0852,0.0829,0.078,0.0704,0.0504,0.0282,0.0207,0.0048,0.0056,-0.0015,0.0158,0.0256,-0.0166,-0.0025,,-0.0178,-0.0101,-0.0176,-0.0095,,-0.0102,0.0007,-0.0022,-0.0033,-0.0017,-0.0138,0.0054,0.0056
2018-07-24,30.794,130.3001,E,-0.0626,-0.0572,,,,,,,,,,-0.0122,-0.0053,0.0024,0.0095,0.0135,0.0181,0.0185,0.0075,0.012,0.0126,0.0089,-0.0032,-0.0111,-0.0048,-0.0109,-0.0232,-0.0269,-0.0316,-0.0144
2018-07-24,30.794,130.3001,N,0.312,0.2974,0.1614,0.0217,-0.0081,-0.0252,-0.0312,-0.0291,-0.0143,0.0015,,,,,,,,,,,,,,,,,,,,
2018-07-24,30.794,130.3001,NE,,0.0163,-0.0176,,,,,,,,,,-0.03,-0.0662,-0.0675,,,,0.0156,0.0377,0.054,0.0637,0.0677,0.0437,0.0118,-0.0135,-0.031,-0.0426,-0.0361,-0.0461
2018-07-24,30.794,130.3001,NO,,0.4367,0.4044,,0.1082,0.0626,0.0153,-0.0271,,,,,,,,,,,,,,,,,,,,,,
2018-07-24,30.794,130.3001,O,,0.206,0.1955,0.1937,0.005,0.0029,-0.002,-0.0034,-0.0046,0.0035,0.0122,0.0094,,,-0.0035,-0.0132,-0.0203,,,0.0067,0.0072,0.0083,,,,,,,,
2018-07-24,30.794,130.3001,S,0.3571,0.3469,0.2642,,,,,,,,,,,,,,,,,0.0089,0.0128,0.0027,,,,,,0.0117,0.0172,-0.0134
2018-07-24,30.794,130.3001,SE,,0.0985,0.1053,,,,,,,,,,,,0.0484,0.0547,0.0566,0.047,0.0285,0.0193,0.0081,0.0054,0.0046,0.0069,0.0015,-0.0085,-0.0225,-0.026,-0.0424,-0.0311
2018-07-24,30.794,130.3001,SO,,-0.0882,,-0.0736,-0.2367,-0.2257,-0.2396,,,,,,,,,,,,,,,,,,,,,-0.0014,-0.0058,
2018-08-08,30.7931,130.3073,E,,0.3026,0.234,0.1757,0.176,0.1342,0.0556,0.0434,0.0047,0.0134,0.0164,0.0117,-0.0157,,,,,,,,,,,,,-0.0029,-0.0029,-0.0007,0.0015,0.0035
2018-08-08,30.7931,130.3073,N,0.2265,0.2265,0.1445,0.14,0.1267,0.0998,0.0875,0.0853,0.0367,-0.0024,-0.0279,-0.0392,-0.0286,-0.0281,-0.0077,0.0094,0.0408,0.0405,0.0328,0.0335,0.0266,0.0147,0.0196,0.0059,-0.0052,-0.0005,-0.0159,-0.0041,-0.0154,-0.01
2018-08-08,30.7931,130.3073,NE,,0.2581,0.2152,0.1733,0.1662,0.1489,0.1101,0.0642,0.0347,-0.0085,-0.0169,-0.0326,-0.0187,-0.0294,-0.0357,-0.0129,-0.0222,0.0357,0.0104,0.0258,0.0115,0.0258,0.0096,0.0117,0.0017,0.005,0.0086,0.0015,-0.0034,-0.0222
2018-08-08,30.7931,130.3073,NO,0.144,0.144,0.0531,-0.0085,0.0072,0.0019,0.0508,0.0323,0.0549,0.0183,-0.007,-0.0302,-0.0496,-0.0549,-0.0448,-0.0338,-0.0194,-0.0177,,,,,,,-0.0224,-0.0104,0.0055,0.014,0.0263,-0.0091
2018-08-08,30.7931,130.3073,O,0.2338,0.1255,0.0469,0.0039,-0.0022,-0.0085,-0.0048,0.0102,0.0138,0.0412,,,,,,,,,,,,,-0.0067,-0.0022,0.0047,0.0117,0.0009,-0.0019,-0.0056,-0.0102
2018-08-08,30.7931,130.3073,S,,0.3199,0.2006,0.1343,0.0712,0.076,0.0761,0.0679,0.0718,0.0681,0.0584,0.0439,0.0336,0.0159,-0.0165,-0.0401,-0.0573,-0.0568,-0.0557,-0.0546,-0.0434,-0.0227,-0.0139,-0.009,-0.0086,-0.0012,-1e-04,-0.0005,0.0046,0.0164
2018-08-08,30.7931,130.3073,SE,0.338,0.3263,0.2696,0.1935,0.144,0.096,0.0588,0.0529,0.0371,0.0385,0.0336,0.0026,-0.0126,-0.0165,-0.0279,-0.0316,-0.0306,-0.0301,-0.0246,-0.0227,-0.0168,-0.0061,-0.0045,0.0013,0.0062,0.0205,0.017,0.0173,,
2018-08-08,30.7931,130.3073,SO,,0.2193,0.1096,0.038,0.0248,0.0129,0.0126,0.0078,0.0218,0.0225,0.0249,0.0234,0.0216,-0.0054,-0.0105,-0.0286,-0.0356,-0.0338,-0.0308,-0.0233,-0.0158,-0.0069,0.0014,0.0077,0.0078,0.0124,-0.0003,0.0004,0.0103,0.0089
2019-04-06,30.7941,130.3117,E,,0.1405,0.0885,0.0541,-0.0166,-0.0254,,,,,,,,,-0.0037,0.0032,0.0033,0.0028,0.0019,0.0038,-0.01,-0.008,-0.0125,-0.0121,-0.0104,-0.0087,-0.007,-0.0054,-0.0027,-0.0002
2019-04-06,30.7941,130.3117,N,,-0.0481,-0.0613,-0.0494,-0.0314,-0.0077,-0.0048,-0.0036,-0.004,0.0065,0.0085,0.0166,0.0331,0.0351,0.0328,0.0138,-0.0,-0.0068,-0.0168,-0.0198,0.002,-0.0131,-0.0273,-0.0252,-0.0297,-0.0256,-0.0161,-0.0039,-0.0034,-0.002
2019-04-06,30.7941,130.3117,NE,0.1313,0.1238,0.101,0.094,0.0795,0.0643,0.0476,0.0757,0.0679,0.0749,,,,,,0.008,0.0043,0.0022,-0.0041,0.0002,-0.0021,-0.0151,-0.019,-0.0137,-0.0073,0.0075,0.0289,0.0031,0.0007,-0.0037
2019-04-06,30.7941,130.3117,NO,,0.014,0.0071,0.022,0.0269,0.0158,0.0115,0.0138,-0.0049,-0.0313,-0.0599,-0.0456,-0.0355,-0.0372,0.0035,0.0114,0.0135,0.0211,0.0235,0.0263,0.0418,0.0393,0.0295,0.0226,0.0142,0.0042,-0.0069,-0.0167,-0.0209,-0.0325
2019-04-06,30.7941,130.3117,O,0.0449,-0.0152,-0.0603,-0.0198,-0.035,-0.0606,-0.0437,-0.0167,-0.0182,-0.0195,-0.0247,0.005,-0.0073,-0.0125,-0.0008,0.012,0.0293,0.0392,0.0383,0.0228,0.0115,-0.0058,,,,,0.0129,0.0117,-0.0018,-0.0037
2019-04-06,30.7941,130.3117,S,,0.122,0.0648,0.0716,0.0565,0.043,0.0328,0.04,0.0398,0.0603,0.0466,0.0175,0.0099,0.0099,0.0086,0.0063,0.0082,0.0002,-0.0135,-0.0284,-0.0276,0.0056,-0.0023,-0.0024,-0.0119,-0.0133,-0.0131,-0.0248,-0.0004,-0.0393
2019-04-06,30.7941,130.3117,SE,0.1473,0.1385,0.0967,0.0504,0.0127,-0.0042,0.0036,0.0187,0.0292,0.0276,0.0021,0.0103,-0.0179,-0.0211,,,,-0.0042,-0.0115,-0.0172,-0.0179,-0.0139,-0.0085,0.0017,0.003,0.0008,0.0044,0.0016,0.0044,0.0066
2019-04-06,30.7941,130.3117,SO,0.0756,0.0752,0.0076,-0.0133,,,,,,,,,,,,,-0.0246,-0.051,-0.0295,-0.0425,,-0.0154,-0.0027,0.0093,0.0208,0.0145,0.0068,-0.0147,-0.006,0.0074
2019-05-23,30.7933,130.3076,E,,0.3365,0.2142,0.1334,0.0759,0.0459,0.0416,-0.0248,-0.0166,-0.0122,-0.0045,-0.0026,-0.0002,0.0137,0.0102,0.0111,0.0102,0.0094,0.0059,0.0031,-0.0039,-0.014,-0.0108,-0.0101,-0.0064,-0.0073,-0.0035,-0.0005,0.0023,0.0042
2019-05-23,30.7933,130.3076,N,,0.3254,0.2657,0.1454,0.0834,0.0436,0.043,0.0092,-0.002,-0.0027,-0.024,-0.0184,-0.0058,0.0059,0.0201,0.0261,0.0197,0.0147,0.0111,0.0091,0.011,0.0057,0.0067,0.003,0.0036,0.0096,0.011,0.0028,-0.0157,-0.0301
2019-05-23,30.7933,130.3076,NE,0.3934,0.2912,0.2053,0.1216,0.1006,0.0591,0.0248,0.0232,-0.0114,-0.0107,-0.0061,0.0046,0.0073,0.015,-0.0045,0.0223,-0.0086,0.0034,0.0071,0.0137,0.014,0.0115,0.0096,0.0066,0.0034,0.0008,0.0011,-0.0085,-0.0068,-0.0149
2019-05-23,30.7933,130.3076,NO,0.393,0.3655,0.2576,0.1796,0.1306,0.0863,0.0904,0.0767,0.0562,0.0206,-0.0227,-0.0342,-0.0277,-0.024,0.0031,0.0153,0.0186,0.0028,0.0086,0.0054,0.0003,-0.0031,-0.008,-0.0089,0.0052,-0.0028,0.0016,-0.0026,-0.0021,-0.0044
2019-05-23,30.7933,130.3076,O,,0.309,0.2441,0.1975,0.1592,0.1257,0.1026,0.0901,0.088,0.0621,0.042,0.0195,-0.0038,-0.0165,-0.016,-0.021,-0.0266,-0.0294,-0.0229,-0.0234,-0.0227,-0.0185,-0.0172,-0.0086,-0.0097,0.0018,0.0114,0.0135,0.02,0.0271
2019-05-23,30.7933,130.3076,S,,0.4633,0.4435,0.3799,0.2552,0.1394,0.0852,0.0851,0.0456,0.0297,0.0147,0.0068,-0.0056,-0.0195,-0.0296,-0.0498,-0.0484,-0.0475,-0.0468,-0.0456,-0.0444,-0.0436,-0.0312,-0.0318,-0.0182,-0.0159,-0.0129,-0.0073,-0.0079,-0.0128
2019-05-23,30.7933,130.3076,SE,0.4921,0.4239,0.3568,0.2618,0.1855,0.1216,0.0918,0.0608,0.0519,0.0389,0.0404,0.0365,0.0244,0.0011,-0.0161,-0.0157,-0.0244,-0.018,-0.0139,-0.0151,-0.0126,-0.0074,-0.0035,0.0007,0.0054,0.0083,0.0155,0.0064,-0.0113,-0.0204
2019-05-23,30.7933,130.3076,SO,0.3908,0.3931,0.3275,0.2892,0.3036,0.2513,0.2261,0.1538,0.1217,0.0603,0.024,-0.0149,-0.0355,-0.026,-0.0502,-0.0495,-0.0607,-0.0753,-0.0684,-0.0658,-0.0581,-0.0517,-0.047,-0.0282,-0.0086,0.0089,0.019,0.015,0.0024,0.0016
2019-05-24,30.7931,130.3073,E,,0.744,0.3987,0.1983,0.1068,0.0678,0.0775,0.0659,-0.0252,-0.0249,-0.0073,0.008,0.0206,0.0067,0.0113,0.0111,0.0105,0.0031,-0.015,-0.0305,,,,,,,-0.0094,-0.0069,-0.0024,0.0009
2019-05-24,30.7931,130.3073,N,0.6711,0.6711,0.3338,0.2568,0.2043,0.1432,0.1226,0.1207,0.0746,0.0109,-0.0605,-0.0798,-0.049,-0.0412,-0.0029,0.0079,0.0381,0.0239,0.015,0.0163,0.0136,0.0093,0.0037,0.0032,-0.0038,-0.0043,-0.0011,0.0014,-0.0127,-0.0271
2019-05-24,30.7931,130.3073,NE,,0.6678,0.4558,0.2652,0.1713,0.1563,0.0762,0.0869,0.0528,-0.0164,-0.0203,-0.0208,0.0061,0.0121,0.0225,0.0285,-0.0062,0.0179,-0.0045,-0.0123,-0.0147,0.0269,0.0223,0.0333,0.0258,0.0453,0.0348,0.0405,-0.0426,-0.0566
2019-05-24,30.7931,130.3073,NO,0.316,0.316,0.1614,0.0849,0.0238,0.0123,0.0079,0.0886,0.0858,0.0518,-0.0068,-0.0759,-0.0997,-0.066,-0.0168,-0.0005,0.0074,0.0034,-0.0058,-0.0042,0.0031,0.0057,0.007,-0.0021,-0.003,-0.0056,-0.0003,0.0074,0.0008,-0.0066
2019-05-24,30.7931,130.3073,O,0.5432,0.3073,0.2079,0.1779,0.1418,0.1744,0.1045,,,,,,,,0.0111,0.0242,0.0109,0.0087,0.0017,0.013,0.0043,0.0106,0.0166,0.0096,0.0029,0.0013,-0.0065,-0.0086,-0.01,-0.0065
2019-05-24,30.7931,130.3073,S,,0.8811,0.5913,0.3047,0.1628,0.1536,0.102,0.0789,0.0616,0.0476,0.0414,0.0431,0.03,0.002,-0.0348,-0.0566,-0.0584,-0.0611,-0.0638,-0.0662,-0.0668,-0.0483,-0.0445,-0.0481,-0.0526,-0.0497,-0.0478,-0.0509,-0.0476,-0.059
2019-05-24,30.7931,130.3073,SE,0.8919,0.817,0.3252,0.2876,0.1846,0.1144,0.0553,0.0528,0.0479,0.0458,0.0439,0.0556,0.0204,0.022,-0.0265,-0.0363,-0.0337,-0.0264,-0.0123,-0.0084,-0.0243,-0.0137,-0.0323,-0.0204,-0.0023,0.0155,0.0281,0.0185,-0.0019,-0.0267
2019-05-24,30.7931,130.3073,SO,,0.5961,0.4287,0.3391,0.3768,0.34,0.2781,0.1503,0.0639,0.018,,,,,,-0.0194,-0.0076,-0.0315,-0.0514,-0.0526,-0.0408,-0.0392,-0.0055,0.0008,0.0024,0.0216,-0.0048,-0.0015,0.0258,0.0154
2019-11-15,30.7892,130.3107,E,0.1025,0.0902,0.0733,0.0593,0.039,0.0194,0.0048,-0.0042,0.0013,0.0096,0.015,0.0167,0.0152,0.0145,0.0244,0.0229,0.0199,0.0132,0.0006,0.0073,0.0209,0.0099,-0.0087,-0.0123,-0.0279,-0.0279,-0.0273,-0.0261,-0.0253,-0.0247
2019-11-15,30.7892,130.3107,N,,-0.055,-0.0446,-0.0417,-0.0242,-0.0227,-0.0221,-0.0223,-0.0283,-0.0191,-0.0245,-0.0192,-0.012,-0.0019,-0.0019,0.008,0.0106,0.0149,0.022,0.009,0.0193,0.0061,0.0111,0.0141,0.0059,-0.0133,-0.0262,-0.0402,-0.0374,-0.0352
2019-11-15,30.7892,130.3107,NE,0.0476,0.0279,0.035,0.016,0.0245,-0.0003,0.0113,-0.0004,0.0006,-0.0171,0.0098,-0.0143,-0.0077,0.0076,0.0065,-1e-04,-0.0064,-0.0109,0.0058,-0.0081,0.0115,0.0122,0.0233,0.0251,0.014,0.0064,0.0099,-0.0038,-0.009,-0.0128
2019-11-15,30.7892,130.3107,NO,,-0.0276,-0.022,-0.0166,-0.0166,-0.0135,-0.0137,-0.0152,-0.0119,0.0023,-0.0004,0.0038,0.008,-0.0164,0.004,-0.0108,-0.0003,-0.0022,0.0147,0.0117,0.018,0.0136,0.0157,0.0059,-1e-04,-0.0036,-0.0091,-0.0061,-0.0256,-0.0214
2019-11-15,30.7892,130.3107,O,0.0185,0.0115,0.0024,-0.0015,-0.0012,-0.0023,-0.003,-0.0041,-0.0042,-0.0029,-0.0038,-0.0058,-0.007,-0.0067,-0.0012,0.0047,0.0067,0.0109,0.0142,0.0168,-0.008,0.0003,-0.012,0.0012,0.0058,-0.0094,-0.0102,-0.0076,-0.0057,-0.0038
2019-11-15,30.7892,130.3107,S,,0.1152,0.1099,0.1073,0.0878,0.0652,0.0255,0.0181,0.0261,0.0162,0.0342,0.0221,0.0184,0.0272,0.0424,0.0072,0.0104,0.0208,0.0235,0.0021,0.0113,0.0064,-0.0121,-0.0024,0.0062,0.0035,0.0158,0.0161,0.0068,0.0022
2019-11-15,30.7892,130.3107,SE,0.1299,0.1172,0.0906,0.0754,0.061,0.0431,0.0218,0.0089,0.0061,0.0238,0.0235,0.007,0.0067,0.0031,-0.0044,0.0028,-0.0004,-0.0031,-0.0057,,,0.0024,-0.0051,-0.0025,-0.0023,-0.0027,-0.0015,-0.0018,-0.001,0.0013
2019-11-15,30.7892,130.3107,SO,,0.019,0.0086,-0.0017,-0.009,-0.0172,-0.0266,-0.0205,-0.0348,-0.0291,-0.0244,-0.0256,-0.0178,-0.0225,-0.0108,-0.0049,0.0016,0.0102,0.0186,0.0225,0.022,0.0212,0.0188,0.0144,0.0041,0.0036,-0.0034,-0.0059,-0.016,-0.0195
2019-11-16,30.792,130.3098,E,,0.2433,,,,,,,,,0.0734,0.0312,-0.0114,-0.0208,-0.0201,-0.0181,-0.0166,0.0026,-0.007,-0.0116,-0.0103,-0.0087,-0.0064,-0.0053,-0.0041,-0.0027,-0.0011,-0.0005,0.0003,0.0008
2019-11-16,30.792,130.3098,N,,0.0654,-0.0251,-0.0422,-0.0418,-0.0419,-0.0365,-0.0479,-0.098,-0.1119,-0.0424,-0.0558,0.0102,-0.0174,0.0532,0.0394,0.0384,0.0477,0.0522,0.049,0.0414,0.0352,0.0228,0.0242,-0.0095,0.0278,0.0129,-0.0009,-0.014,-0.0305
2019-11-16,30.792,130.3098,NE,0.1669,,,,,,,,,,0.0573,0.0439,0.0392,0.0434,0.0537,-0.0136,0.007,-0.0326,-0.0205,-0.0097,-0.0081,0.0089,0.0037,0.0021,-0.0147,-0.014,-0.0227,-0.0143,-0.0198,-0.0215
2019-11-16,30.792,130.3098,NO,0.0851,0.0065,-0.0755,-0.1034,-0.0982,-0.0635,-0.0518,-0.0304,-0.0257,-0.0163,0.0025,0.0228,0.0212,0.0092,0.0089,-0.0047,0.0013,-0.0056,-0.0036,0.0097,-0.0007,-0.0016,0.0038,0.0029,-0.0,-0.0236,-0.0068,-0.0062,0.0047,-0.0068
2019-11-16,30.792,130.3098,O,,0.0724,0.0126,-0.0772,-0.0731,-0.0461,-0.0106,0.0118,0.0244,0.0423,0.0505,0.034,0.0047,-0.0165,-0.0303,-0.0124,-0.0075,-0.0162,-0.0063,0.0021,0.0045,-1e-04,0.0023,0.0218,0.0326,0.0179,0.0395,,,
2019-11-16,30.792,130.3098,S,,0.2044,0.1581,0.0406,-0.0112,0.0347,0.025,0.0333,0.028,0.0266,0.0118,-0.0117,,-0.0227,-0.0348,-0.0042,-0.0165,,,-0.0165,-0.0146,0.0057,0.0086,-0.0036,-0.0076,-0.0105,-0.0076,-0.0087,-0.0026,-0.013
2019-11-16,30.792,130.3098,SE,0.2716,0.2625,0.1955,0.0837,,,,,,,,,0.0277,-0.0098,-0.0091,,,,,,,,,,-0.0016,-0.0008,0.0003,0.0009,0.0007,0.0015
2019-11-16,30.792,130.3098,SO,0.141,0.1415,0.1122,0.0511,0.015,-0.0018,0.008,0.0181,0.0345,0.0339,0.0424,0.047,0.0441,0.0411,0.0238,0.0033,-0.0035,-0.0125,0.0072,-0.0101,0.0027,-0.0056,0.0002,-0.0042,-0.0075,-0.004,-0.003,-0.009,0.0071,-0.0361
2020-07-20,30.7932,130.2979,E,,0.1057,0.105,-0.0423,-0.0435,-0.0344,-0.0344,,,,,,,,,,,,,-0.0293,-0.0194,-0.0144,-0.0006,0.0004,0.0046,0.0084,0.0082,0.0005,-0.0067,-0.0011
2020-07-20,30.7932,130.2979,N,0.2104,0.2102,0.1737,0.174,0.1989,,,,,,,,,,,,,,,,,,,,,,,,,
2020-07-20,30.7932,130.2979,NE,0.1859,0.198,0.1798,0.1615,0.1495,0.0169,0.0106,,,,,,,,,,,,,,,,,,,,0.0651,0.0397,,
2020-07-20,30.7932,130.2979,NO,,0.0739,0.04,0.0173,0.0174,0.0174,,,,,,,,,,,,,,,,,,,,,,,,
2020-07-20,30.7932,130.2979,O,,0.0298,0.0068,-0.0116,-0.0116,-0.0105,-0.0242,-0.0129,0.0016,0.013,0.0013,-0.0077,-0.0268,,,,,,,,,,,,,,,,,
2020-07-20,30.7932,130.2979,S,0.2089,0.1929,0.177,0.0515,0.0606,0.0596,0.0571,0.054,0.0447,0.0229,0.0181,0.0168,0.021,0.0277,0.0265,0.0145,0.0143,0.0253,0.0243,-0.0049,-0.0109,-0.0197,-0.017,-0.0181,-0.0172,-0.0169,-0.0211,-0.0145,-0.0061,0.0038
2020-07-20,30.7932,130.2979,SE,0.1618,0.1638,0.1517,0.1379,0.034,0.0324,0.0237,0.025,0.0095,0.0102,0.0108,-0.0044,-0.0099,-0.0054,-0.0091,-0.0056,-0.0096,-0.0112,,-0.0159,-0.0187,-0.0202,-0.0228,,-0.0213,,,,-0.0222,
2020-07-20,30.7932,130.2979,SO,,-0.0108,-0.0216,-0.0205,-0.0195,-0.0189,-0.0057,-0.0042,0.005,0.0072,0.0069,0.0073,-0.0035,0.004,-0.0024,0.0071,0.0073,0.013,-0.011,-0.0236,-0.0079,-0.0084,-0.0082,-0.0108,,,,,,
2020-08-13,30.7941,130.3089,E,,0.0962,0.043,0.0244,-0.0167,-0.0074,0.012,0.0244,0.0316,0.0296,0.0291,0.0225,0.0074,0.0024,0.0072,0.0042,0.0033,0.0086,0.0013,-0.0052,-0.007,-0.0059,-0.0157,-0.0072,-0.0074,-0.0073,-0.0088,-0.0064,-0.0045,-0.0013
2020-08-13,30.7941,130.3089,N,0.1064,0.0897,0.0895,,,,,,-0.0143,-0.0171,,,,,,-0.0321,-0.0143,-0.025,-0.0061,0.0154,0.021,0.0325,0.0378,0.0236,0.0103,0.0018,0.001,-0.013,-0.0212,-0.0231
2020-08-13,30.7941,130.3089,NE,,0.0576,0.0366,0.0143,-0.0002,0.0006,,,,,0.0191,-0.0042,-0.0096,-0.0147,-0.0175,-0.0142,-0.0022,0.0058,0.0117,0.0112,0.0156,0.0144,0.0053,0.009,0.007,0.0034,-0.0068,-0.0115,-0.0084,-0.0032
2020-08-13,30.7941,130.3089,S,,0.1889,0.1327,0.0819,0.0809,,,,,,,,,,,,,,,,,,,,,,,-0.0105,-0.0017,-0.0009
2020-08-13,30.7941,130.3089,SE,0.167,0.1116,0.0751,0.0437,-0.0191,-0.0382,-0.0108,-0.031,-0.0127,-0.0162,-0.0166,0.0124,0.0182,0.0158,0.0201,0.0276,0.0282,0.0062,-0.0014,-0.0263,-0.0031,0.0044,0.0129,0.0141,0.011,0.0165,0.0045,-0.0011,0.0007,-0.0078
2020-08-13,30.7941,130.3089,SO,,0.2164,,,0.1341,,0.0859,,,,,,,,,,,,,,,,-0.0051,0.0102,,,,,,
2020-10-25,30.7931,130.307,E,,0.1799,0.1475,,,,0.0614,0.0463,-0.0089,,0.0079,0.0072,-0.0093,0.0129,0.0095,0.0032,-0.0071,-0.0075,-0.007,-0.0044,-0.0047,-0.0052,-0.006,-0.0055,-0.0051,-0.0048,-0.0047,-0.0027,-0.0014,0.0017
2020-10-25,30.7931,130.307,N,0.077,0.0715,0.0501,0.0558,0.0496,0.0337,0.0344,0.0281,0.0292,0.0206,0.0029,-0.0154,-0.0168,-0.0106,-0.0084,-0.0028,-0.0,0.0077,0.0084,-0.004,0.0028,0.0065,-0.0009,0.0053,0.0075,0.0095,0.0084,0.0077,0.0184,0.0079
2020-10-25,30.7931,130.307,NE,,0.1382,0.122,0.0925,0.0856,0.0874,0.0725,0.0632,0.0455,0.0185,-0.0033,0.0021,0.0015,0.0057,0.0013,-0.0033,-0.0023,-0.0085,-0.0063,-0.005,-0.0112,-0.0009,-0.0014,0.0068,0.0032,0.0108,0.0069,0.0099,0.0098,0.0063
2020-10-25,30.7931,130.307,NO,,0.0511,0.006,-0.0173,-0.0206,-0.0245,-0.0117,0.0165,0.0237,0.0178,0.0016,-0.0318,-0.0247,-0.02,-0.0087,0.0032,0.0134,0.0209,0.0203,0.0149,0.0109,0.0144,0.0131,0.0129,0.0083,0.0046,-0.0053,-0.0029,-0.0166,-0.0051
2020-10-25,30.7931,130.307,O,0.0735,0.0192,-0.0251,,,,,,,,,,,-0.0077,-0.0074,0.004,-0.0002,-0.0067,-0.0078,-0.0138,-0.0108,-0.0059,-0.0026,0.0019,0.0058,0.0086,0.0131,0.018,0.0212,0.0129
2020-10-25,30.7931,130.307,S,,,,,,,,,,,,,,,,,,,,,-0.0028,0.0093,0.0123,0.0142,0.0136,-0.0143,-0.0041,-0.0024,-0.0041,-0.0092
2020-10-25,30.7931,130.307,SE,0.3356,,,,,,,,,,,,,,,,,,,,,,,,,,,0.0088,0.002,-0.007
2020-10-25,30.7931,130.307,SO,,0.2075,0.1517,,,,,,,,,,,,,,,,0.002,0.0098,-0.002,-0.0011,-0.007,0.002,0.0079,0.01,-0.0051,0.0043,-0.0025,0.0082
2021-02-21,30.7869,130.3038,E,,0.088,0.0702,0.0573,0.0435,0.0352,0.0188,-0.009,-0.0088,-0.0112,-0.0125,-0.0097,0.0097,0.0219,0.0213,0.019,0.0109,0.004,-0.0039,-0.0074,-0.0086,-0.0192,-0.0243,-0.0251,-0.0253,-0.007,-0.0118,-0.0132,-0.0211,-0.0186
2021-02-21,30.7869,130.3038,N,0.0852,0.0854,0.084,0.0622,0.0549,0.0603,0.0606,0.0608,0.0634,0.0604,0.055,0.0503,0.0451,0.0288,0.013,-0.0026,-0.016,-0.0303,-0.0404,-0.0389,-0.0203,-0.0138,-0.0016,0.002,0.0049,-0.0064,-0.0003,-0.0057,-0.0207,-0.0111
2021-02-21,30.7869,130.3038,NE,,0.072,0.0623,0.0386,0.0333,0.0309,0.0097,0.0156,0.0255,0.0139,0.0242,0.0296,0.0288,0.0308,0.0212,0.01,-0.019,-0.0207,-0.0115,-0.0201,0.0067,-0.0029,-0.025,-0.0127,-0.0243,-0.0249,-0.0149,-0.0277,-0.0256,-0.032
2021-02-21,30.7869,130.3038,NO,,-0.005,-0.0004,0.0008,0.0037,0.0099,0.0267,0.0292,0.0297,0.0313,0.022,0.026,0.0325,0.0284,0.0298,0.0269,0.0149,0.0096,0.0045,0.0086,0.0049,0.0023,0.0011,-0.006,-0.0075,-0.0058,-0.0193,-0.0175,-0.0225,-0.0245
2021-02-21,30.7869,130.3038,O,-0.055,-0.0426,-0.034,-0.0321,-0.0289,-0.0234,-0.0229,-0.0185,-0.0065,-0.0031,0.0042,0.011,0.0104,0.0168,0.0061,0.01,0.0152,0.0148,0.0116,0.0048,-1e-04,-0.001,-0.0053,-0.0079,-0.008,-0.0083,-0.0096,-0.0094,-0.009,-0.01
2021-02-21,30.7869,130.3038,S,,0.0584,0.0602,0.0541,0.0523,0.0518,0.0453,0.0416,0.0406,0.0371,0.033,0.0286,0.0225,0.0032,0.0043,0.0075,-1e-04,-0.0002,-0.0102,-0.0196,-0.0205,-0.0152,-0.0077,0.0066,-0.0088,-0.0109,-0.0131,-0.0035,0.0085,0.0096
2021-02-21,30.7869,130.3038,SE,0.0856,0.0753,0.0646,0.0655,0.0562,0.0475,0.0462,0.0369,0.0277,0.0211,0.0179,0.012,0.0073,0.0088,0.0038,0.0031,0.0015,0.001,-0.0028,-0.0067,-0.0081,-0.0113,-0.016,-0.0189,-0.0208,-0.0162,-0.0019,0.0059,0.0174,0.0211
2021-02-21,30.7869,130.3038,SO,,0.0416,0.0457,0.0427,0.0364,0.0316,0.0266,0.0239,0.0219,0.0212,0.0104,0.0071,0.0038,-0.0007,-0.0049,-0.008,-0.0088,-0.008,-0.0066,-0.012,-0.0019,-0.0003,0.0062,0.0023,0.0084,-0.0169,0.0057,-0.0231,-0.015,-0.0212
2021-09-01,30.792,130.3092,E,,0.1261,0.1076,0.082,0.0386,0.0235,,,,,,,,,,,,,,,,,,,,,,,,
2021-09-01,30.792,130.3092,N,,0.102,0.0739,0.0071,-0.0126,-0.0122,,,,,,,,,,-0.0028,-0.0003,-0.0085,-0.0027,-0.0044,-0.009,-0.017,-0.0169,,,,,,,
2021-09-01,30.792,130.3092,NE,0.114,0.109,0.0876,0.0657,0.0104,,,,,,,,,,,,,,,,,,,,,,,,,
2021-09-01,30.792,130.3092,NO,0.0612,0.0609,0.0394,0.0231,-0.0229,-0.0107,-0.0193,-0.0012,-0.0144,0.0079,0.0049,0.0087,0.0123,0.0102,0.0027,0.0037,-0.0013,0.0023,-0.0002,0.0111,0.0116,0.0267,-0.0011,-0.0087,-0.021,-0.006,-0.037,0.0148,0.0014,0.0293
2021-09-01,30.792,130.3092,O,0.0657,0.046,0.0277,0.001,0.0117,0.0274,0.0364,0.0381,0.0416,0.0244,0.0114,0.0,-0.0135,-0.0152,-0.0138,-0.0092,-0.0063,-0.0093,-0.0139,-0.0165,-0.0156,-0.0123,-0.0099,-0.003,-1e-04,0.0046,0.0097,0.0103,0.0081,1e-04
2021-09-01,30.792,130.3092,S,,0.0958,0.0983,0.095,0.0848,0.0846,0.0698,0.0535,0.0329,0.0114,-0.0068,-0.0073,-0.0078,-0.0088,-0.016,-0.0158,,,,-0.0109,-0.0106,-0.0117,-0.0109,-0.0099,-0.0095,-0.0048,-0.0086,-0.0078,-0.0068,-0.0066
2021-09-01,30.792,130.3092,SE,0.0931,0.0602,0.0566,0.0535,0.0492,0.0459,0.0417,0.0232,0.0058,,,,,,,,,,,,,,,,,,,,,
2021-09-01,30.792,130.3092,SO,,0.0835,0.0765,0.0785,0.0782,0.0845,0.0779,0.067,0.0659,0.042,0.0498,0.0336,-0.0032,0.0115,-0.004,0.0129,0.0039,0.0079,0.0134,0.0107,-0.0116,-0.0064,-0.0061,0.0079,0.0143,0.0108,0.0074,0.0028,-0.0019,-0.0144
2021-10-28,30.7931,130.307,E,,0.4294,0.3113,0.1974,0.0944,0.0188,0.0374,0.0513,-0.0091,-0.0191,-0.0197,-0.0012,0.0002,0.0188,0.0238,0.0176,-0.0076,0.009,0.0044,-0.001,-0.009,-0.0088,-0.0122,-0.0121,-0.0068,-0.0093,0.0026,0.0059,0.0054,0.0089
2021-10-28,30.7931,130.307,N,0.2937,0.2364,0.2172,0.1594,0.1435,0.1116,0.0939,0.0561,0.0681,0.0301,0.0119,-0.0177,-0.0252,-0.0182,-0.0163,-0.001,0.0057,-0.0019,-0.0051,-0.0156,-0.0053,0.0069,-0.0066,0.0042,0.0106,0.0161,0.0098,0.0164,0.0266,0.013
2021-10-28,30.7931,130.307,NE,,0.3247,0.2582,0.1688,0.1342,0.1312,0.0791,0.0886,0.0568,0.0292,-0.0015,0.011,0.0068,0.0114,0.0121,0.0042,0.0026,-0.0091,-0.0103,-0.0041,-0.013,0.0044,0.0013,0.0088,0.0111,0.0105,0.008,0.0104,0.0114,0.007
2021-10-28,30.7931,130.307,NO,,0.207,0.1326,0.0947,0.0708,0.0609,0.0437,0.0572,0.0446,0.039,0.0224,-0.0164,-0.0378,-0.0099,-0.0052,0.0084,0.0187,0.0257,0.0211,0.0169,0.0044,0.0076,0.0035,0.0062,0.0017,0.0011,-0.0076,-0.0037,-0.0086,-0.0028
2021-10-28,30.7931,130.307,O,0.2225,0.1521,0.101,0.0788,0.0713,0.0839,0.0823,0.0775,0.0789,0.071,0.0572,0.0083,-0.0007,-0.0149,-0.022,-0.0204,-0.0178,-0.0146,-0.0229,-0.0147,-0.0211,-0.0091,-0.0026,-0.0004,0.01,0.0161,0.0126,0.0149,0.0136,0.0119
2021-10-28,30.7931,130.307,S,,0.3653,0.2416,0.157,0.1758,0.1166,0.0966,0.0729,0.0561,0.0424,0.0429,0.031,0.0167,0.0031,-0.0223,-0.0341,-0.0521,-0.0574,-0.0494,-0.0388,-0.0266,-0.0214,-0.0185,-0.0119,-0.0036,-0.009,-0.0055,0.0025,0.0067,0.0111
2021-10-28,30.7931,130.307,SE,0.5034,0.4405,0.3463,0.2259,0.1354,0.1076,0.0441,0.0185,0.0068,0.0159,0.0091,0.0061,0.0069,0.0023,-0.0043,-0.0031,-0.0107,-0.0165,-0.0161,-0.0171,-0.0198,-0.0194,-0.018,-0.0159,-0.0048,0.0114,0.0151,0.0152,0.0139,0.0032
2021-10-28,30.7931,130.307,SO,,0.2476,0.1833,0.1568,0.1387,0.1253,0.1141,0.0986,0.0827,0.0522,0.0306,0.0033,-0.0088,-0.0213,-0.0289,-0.032,-0.03,-0.0239,-0.0201,-0.0121,-0.0064,-0.005,-0.0118,-0.0024,-0.0152,-0.0008,-0.0172,0.0157,-0.0199,0.0012
2021-11-20,30.7933,130.3076,E,,0.2925,0.2157,0.1622,0.0342,0.0072,-0.0045,-0.0054,-0.0065,-0.0076,-0.0038,-0.0038,-0.0054,0.0006,0.0032,0.0028,-0.0064,-0.0007,-0.0015,-0.0132,-0.0137,-0.0118,-0.013,-0.0074,-0.0011,0.0042,0.0075,0.0098,0.0127,-0.0034
2021-11-20,30.7933,130.3076,N,,0.1649,0.1342,0.1046,0.0696,0.0452,0.0444,0.0214,0.0151,0.0129,-0.0107,-0.01,-0.0066,0.0017,0.009,0.011,0.0034,0.0019,0.0007,-0.0006,-0.0002,0.0017,0.0056,0.0121,0.0058,0.0194,0.0225,0.0126,-1e-04,-0.012
2021-11-20,30.7933,130.3076,NE,0.2966,0.2546,0.2121,0.1705,0.1578,0.1295,0.0971,0.0956,0.0315,0.0113,-0.0067,0.0129,-0.0142,-0.0142,-0.027,-0.0069,-0.0318,-0.0121,-0.022,-0.0064,-0.008,-0.0011,-0.0035,0.0062,-0.0019,0.0011,0.0053,0.0113,0.006,0.0148
2021-11-20,30.7933,130.3076,NO,0.1662,0.1582,0.0898,0.0569,0.0358,0.0237,0.0523,0.0481,0.0393,0.0158,-0.0182,-0.0323,-0.0208,-0.0214,-0.0035,-0.0008,0.0175,0.0112,0.02,0.0128,0.0095,0.0067,0.0039,0.0024,0.0069,-0.0005,-0.0004,-0.0025,-0.008,-0.0054
2021-11-20,30.7933,130.3076,O,,0.0795,0.0406,0.0178,0.0081,0.003,0.0087,0.0233,0.0405,0.0308,0.0151,-0.004,-0.0138,-0.015,-0.0124,-0.0059,0.0018,0.0024,-0.0023,-0.006,-0.0016,-0.0102,-0.0037,-0.008,-0.0052,-0.0068,-0.0076,-0.0095,-0.0109,-0.0066
2021-11-20,30.7933,130.3076,S,,0.2942,0.2683,0.2543,0.1867,0.1148,0.0959,0.0832,0.0625,0.0504,0.0303,-0.0174,-0.0051,0.003,0.0058,0.006,-0.0093,-0.026,-0.0263,-0.0315,-0.0399,-0.0157,0.0116,0.0095,0.0178,0.0099,0.0033,-0.0014,0.0034,-0.0027
2021-11-20,30.7933,130.3076,SE,0.3274,0.2876,0.2422,0.1866,0.1392,0.1188,0.0096,0.0008,-0.0013,-1e-04,0.0002,0.0012,0.0008,0.0004,-0.0027,-0.009,-0.011,-0.0123,-0.0136,-0.0136,-0.0144,-0.0144,-0.0138,-0.0145,-0.0118,-1e-04,0.0196,0.0199,-0.0029,-0.0021
2021-11-20,30.7933,130.3076,SO,0.1726,0.1694,0.1155,0.1041,0.1302,0.0926,0.0817,0.0545,0.0413,0.0362,0.0314,0.0113,0.0062,-0.0003,-0.0105,-0.0152,-0.0157,-0.0165,-0.0141,-0.0125,-0.0089,-0.0073,-0.0051,-0.0076,-0.0134,0.0089,-0.0072,0.0006,-0.0106,0.0031
2021-12-07,30.7931,130.3073,E,,,,,,0.0413,0.004,0.001,1e-04,-0.0008,-0.0021,-0.0014,0.0003,0.0004,,,,,,-0.0084,,,,,,,,-0.003,0.0028,
2021-12-07,30.7932,130.3075,E,,,0.3194,0.1362,0.0595,,,,,,,,,,,,,,,,-0.0107,-0.0096,-0.0128,-0.0134,-0.0111,-0.0097,,,,0.0118
2021-12-07,30.7933,130.3076,E,,0.3625,,,,,,,,,,,,,-0.0021,0.0017,0.0002,0.0026,0.0006,,,,,,,,-0.0097,,,
2021-12-07,30.7931,130.3073,N,0.2043,,,,0.0953,,0.0432,,,,,-0.0051,-0.0034,0.0038,0.0092,0.018,0.0084,-0.0017,-0.0033,-0.0034,-0.0045,-0.0033,-0.0052,-0.0093,-0.0104,0.0059,0.0084,0.0144,0.0168,0.0161
2021-12-07,30.7932,130.3075,N,,0.2737,,0.1492,,,,0.04,,,-0.01,,,,,,,,,,,,,,,,,,,
2021-12-07,30.7933,130.3076,N,,,0.1828,,,0.0728,,,0.0187,0.0055,,,,,,,,,,,,,,,,,,,,
2021-12-07,30.7931,130.3073,NE,,0.3036,,0.2399,,0.1569,0.1174,0.086,0.0591,0.0052,0.0206,-0.0187,-0.0013,-0.0114,-0.0169,-0.0201,-0.024,-0.0256,-0.027,-0.0254,-0.009,,0.0037,0.0134,,0.0085,,,0.0092,
2021-12-07,30.7932,130.3075,NE,,,0.2819,,0.1906,,,,,,,,,,,,,,,,,-0.0031,,,,,0.0131,0.0147,,
2021-12-07,30.7933,130.3076,NE,0.5911,,,,,,,,,,,,,,,,,,,,,,,,0.0062,,,,,0.0149
2021-12-07,30.7931,130.3073,NO,,,,,,,,0.0436,,,,,,-0.0287,-0.0121,,0.0266,,0.0273,0.018,,0.0084,,0.0082,0.0011,0.0015,-0.0042,-0.002,-0.0087,-0.0051
2021-12-07,30.7932,130.3075,NO,0.2885,0.2489,0.131,0.0835,0.0665,0.0481,,,0.0323,,,,,,,-0.0007,,0.0232,,,,,,,,,,,,
2021-12-07,30.7933,130.3076,NO,,,,,,,0.0523,,,0.0147,-0.0104,-0.0647,-0.0464,,,,,,,,0.0116,,0.0072,,,,,,,
2021-12-07,30.7931,130.3073,O,0.1547,,,,,,,,0.0344,,0.0409,0.0348,,,,,,,-0.0184,-0.0205,-0.0196,-0.0152,-0.0087,0.0032,-0.0031,0.0107,-0.0027,0.0132,0.0067,0.0079
2021-12-07,30.7932,130.3075,O,,0.1564,0.089,0.0469,0.0459,0.047,0.0448,0.0329,,,,,0.0171,0.006,-0.0105,-0.0136,-0.0235,,,,,,,,,,,,,
2021-12-07,30.7933,130.3076,O,,,,,,,,,,0.042,,,,,,,,-0.0191,,,,,,,,,,,,
2021-12-07,30.7931,130.3073,S,,,0.2689,,,,,,0.0175,,,,,,,,-0.0183,-0.0434,-0.0428,-0.0423,-0.0417,-0.0104,0.0111,0.0091,0.0073,0.0052,-0.0073,0.0078,0.0095,0.0116
2021-12-07,30.7932,130.3075,S,,0.4082,,,0.1742,,,0.0914,,,,,,,,,,,,,,,,,,,,,,
2021-12-07,30.7933,130.3076,S,,,,0.2369,,0.1409,0.1129,,,0.023,0.0359,0.0076,0.0127,1e-04,-0.0151,-0.0171,,,,,,,,,,,,,,
2021-12-07,30.7931,130.3073,SE,,,0.2407,,0.096,,0.0155,0.0072,-0.0003,,,,,,,,,,,,,,,,,0.0022,0.0021,-0.0011,-0.0028,-0.0055
2021-12-07,30.7932,130.3075,SE,0.4706,0.3342,,,,,,,,,,,,,,,,,,,,-0.0127,,,,,,,,
2021-12-07,30.7933,130.3076,SE,,,,0.1141,,0.029,,,,0.0016,-0.0003,0.0011,0.001,0.0007,0.0006,,-0.0054,-0.0117,-0.0126,-0.013,-0.0126,,-0.0091,-0.0029,0.0037,,,,,
2021-12-07,30.7931,130.3073,SO,,,,,,0.1218,,0.0773,,0.0405,,0.0053,-0.0087,,,,-0.0372,-0.0288,-0.0262,-0.0167,-0.0146,-0.0083,-0.0183,-0.0094,-0.0194,-0.0012,-0.0031,-0.0004,0.0105,0.0205
2021-12-07,30.7932,130.3075,SO,,0.2771,0.2187,0.165,0.1377,,0.098,,,,0.0236,,,,,,,,,,,,,,,,,,,
2021-12-07,30.7933,130.3076,SO,0.3733,,,,,,,,0.0622,,,,,-0.0159,-0.0287,-0.0339,,,,,,,,,,,,,,
2022-03-12,30.7925,130.3092,E,,0.1876,0.1575,0.125,0.1165,0.0764,0.0875,0.0272,0.0284,0.0098,-0.0074,-0.0088,-0.0034,0.0013,0.0087,0.0048,0.0061,0.0023,-0.0076,-0.0052,-0.004,-0.0002,0.0007,0.002,-0.0036,-0.0101,-0.008,-0.0065,-0.0065,-0.0037
2022-03-12,30.7925,130.3092,N,,0.0557,0.0369,-0.0126,-0.0199,-0.0207,-0.0174,-0.0197,-0.0084,-0.0099,0.0006,0.0114,-0.0148,-0.0018,-0.0003,-0.0029,-0.0053,0.0028,0.0099,0.0065,0.01,0.0313,0.0118,0.0145,0.003,-0.0047,-0.0064,-0.0145,-0.0207,-0.0236
2022-03-12,30.7925,130.3092,NE,0.1104,0.114,0.0911,0.0755,0.0597,0.0555,0.0522,0.0389,0.0357,0.0369,0.0156,0.0202,0.0386,0.0039,0.0117,0.0009,-0.0025,-0.0054,0.0074,-0.0033,0.0085,0.0138,0.0113,0.0088,0.012,-0.0011,-0.0006,-0.0053,-0.0079,-0.0112
2022-03-12,30.7925,130.3092,NO,0.0839,0.0837,0.0794,0.0653,0.0142,0.0037,-0.0085,-0.0072,-0.0134,0.0012,-0.0034,-0.003,0.0079,0.0075,0.0102,0.0105,0.0046,0.0063,0.005,0.0064,0.0048,0.0058,0.0029,0.0037,0.0079,0.0011,-0.0,-0.0053,-0.0096,-0.0073
2022-03-12,30.7925,130.3092,O,0.0936,0.0871,0.0774,0.0596,0.0467,0.0213,0.0192,0.0214,0.0227,0.0271,0.0275,0.0266,0.0078,-0.0025,-0.0062,-0.012,-0.0098,-0.0114,-0.0153,-0.0207,-0.0223,-0.0171,-0.0169,-0.0171,-0.0139,-0.0044,0.0029,0.0091,0.0205,0.0254
2022-03-12,30.7925,130.3092,S,,0.1646,0.1331,0.0761,0.0519,0.0514,0.0174,0.0207,0.0323,0.0175,0.0211,0.0083,0.0225,0.0157,-0.0093,-0.0078,-0.0146,-0.0094,-0.0072,-0.0059,-0.0125,-0.0186,-0.0057,-0.0047,-0.0013,0.0064,0.0002,0.0117,0.0041,-0.0056
2022-03-12,30.7925,130.3092,SE,0.2329,0.1851,0.1711,0.1247,0.0851,0.0448,,,,,,,,,-0.0015,-0.0015,-0.0016,-0.0016,-0.0017,-0.0016,0.0025,-0.0018,-0.0019,-0.0019,-0.002,-0.002,-0.0021,-0.0021,-0.0017,-0.0018
2022-03-12,30.7925,130.3092,SO,,0.095,0.0941,0.0768,0.0701,0.0633,0.0424,0.0301,0.0197,0.009,0.0114,0.0294,0.0332,0.0388,0.0354,0.029,0.0144,0.0069,0.0014,-0.0184,-0.0166,-0.0083,-0.0131,-0.0073,0.0022,0.0093,0.0102,0.0358,0.0283,0.0312
2022-08-11,30.7917,130.3048,E,0.2091,,,,,,,,,,,,,,0.0153,0.0101,0.0047,-0.0053,-0.0087,-0.0109,-0.0149,-0.0154,-0.0153,-0.0141,0.0094,0.0144,0.014,0.013,0.0062,-0.0026
2022-08-11,30.7917,130.3048,NO,,,,,,,,,,,,,,,,,,,,,,,0.0131,0.0049,0.0086,0.0053,0.002,0.0048,-0.0016,-0.0084
2022-08-11,30.7917,130.3048,O,0.0553,0.0481,0.0273,0.014,0.0011,-0.0151,-0.0192,-0.0265,-0.0296,-0.0331,-0.0284,-0.0257,-0.0218,-0.0218,-0.0125,0.0025,0.0098,0.0176,0.0228,0.023,0.0263,0.0253,0.0214,0.0137,0.0053,-0.0012,-0.0043,-0.0112,-0.0241,-0.0373
2022-08-11,30.7917,130.3048,S,0.1265,0.1033,0.0839,0.0821,0.0667,0.0488,0.0265,0.0137,-0.0051,-0.0027,0.0019,-0.0043,0.0075,0.0205,0.0197,0.0174,0.0123,0.0012,-0.0117,-0.0167,-0.005,-0.0009,0.0028,0.0137,0.0283,0.0306,0.0175,-0.0015,-0.0203,-0.0258
2022-08-11,30.7917,130.3048,SE,,0.1106,0.0813,0.066,0.0555,0.0458,0.0288,0.0428,0.0162,0.0027,-0.002,-0.0172,-0.0213,-0.0251,-0.0251,-0.0252,-0.0252,-0.0253,-0.0186,-0.0087,0.0009,0.0065,0.012,0.0073,0.0036,-0.002,-0.0126,-0.0206,-0.0259,-0.0259
2022-08-11,30.7917,130.3048,SO,,-0.014,-0.0148,-0.0366,-0.0461,-0.057,-0.0575,-0.05,-0.0339,-0.0168,-0.0078,0.0016,0.0085,0.0078,0.0105,0.0139,-0.0006,0.0114,0.006,0.0133,0.0151,0.0243,0.0166,0.0003,-0.0028,-0.0065,-0.0239,-0.025,-0.0342,-0.0432
2022-09-20,30.7931,130.307,E,,0.3655,0.2817,0.1894,0.1638,0.111,0.0803,0.0563,-0.0075,-0.0078,-0.0017,0.0039,0.0058,0.0103,0.0084,0.0062,-0.0008,-0.0018,-0.0043,-0.0081,-0.0056,-0.0092,-0.0049,-0.0052,-0.0053,-0.0057,-0.0036,-0.0041,-0.0029,-0.0018
2022-09-20,30.7931,130.307,N,0.2739,0.2259,0.2038,0.1593,0.1182,0.078,0.0441,0.026,0.0254,-0.0019,-0.0124,-0.0212,-0.0328,-0.0274,-0.0253,-0.0131,-0.0055,0.0117,0.0161,0.008,0.0135,0.0183,0.0066,0.0076,0.0031,0.0031,-0.009,-0.0044,1e-04,-0.0145
2022-09-20,30.7931,130.307,NE,,0.2665,0.2199,0.1557,0.1303,0.1198,0.0791,0.0654,0.042,0.0098,-0.0153,-0.0116,-0.0045,0.0004,0.0066,1e-04,0.0026,0.0025,0.0006,0.005,-0.0048,0.0028,0.0043,0.0061,0.0031,0.0072,0.005,0.0058,0.0084,-0.0014
2022-09-20,30.7931,130.307,NO,,0.1805,0.1168,0.0717,0.0493,0.0515,0.0175,0.0529,0.0238,0.0263,0.003,-0.0193,-0.0317,-0.0092,0.0015,0.0128,0.0145,0.0161,0.0135,0.0109,0.005,0.0106,0.0024,0.0026,-0.0058,0.006,-0.0223,0.0009,-0.0027,0.0032
2022-09-20,30.7931,130.307,O,0.1732,0.119,0.0719,0.0643,0.0687,0.0885,0.1171,0.1157,0.095,0.1304,0.0933,0.0372,-0.0065,-0.0278,-0.0395,-0.0402,-0.0406,-0.0327,-0.0312,-0.0229,-0.0245,-0.0139,-0.0095,-0.0104,0.0014,0.0129,0.0166,0.0167,0.0164,0.0154
2022-09-20,30.7931,130.307,S,,0.3403,0.22,0.1454,0.159,0.1116,0.0807,0.0664,0.0543,0.043,0.0381,0.0295,0.0129,-0.0025,-0.0248,-0.0407,-0.0463,-0.046,-0.0449,-0.0328,-0.0262,-0.0206,-0.0211,-0.0187,-0.0125,-0.0111,-0.0096,-0.0137,-0.0069,-0.0027
2022-09-20,30.7931,130.307,SE,0.438,0.4031,0.3141,0.1987,0.128,0.0867,0.0637,0.0458,0.0411,0.0364,0.0332,-0.0004,-0.007,-0.0084,-0.0105,-0.0104,-0.0129,-0.0146,-0.0145,-0.0149,-0.0149,-0.0145,-0.0143,-0.0091,0.0024,0.0237,0.018,0.0103,1e-04,-0.0125
2022-09-20,30.7931,130.307,SO,,0.2509,0.1958,0.1601,0.1329,0.1171,0.0962,0.0772,0.0589,0.0284,0.0106,-0.0129,-0.016,-0.0291,-0.0357,-0.0364,-0.0326,-0.0239,-0.0189,-0.0174,-0.0138,-0.0098,-0.0131,-0.0041,-0.0113,-0.0053,-0.0179,0.0019,-0.015,-0.0033
2022-09-29,30.7872,130.3026,E,,0.0774,0.0625,0.047,0.0329,0.0212,0.0082,,0.0005,0.0042,0.0094,0.0068,-0.0002,0.0004,,,,,,,,,,,,0.0487,0.053,-0.0356,-0.0424,-0.0479
2022-09-29,30.7872,130.3026,N,0.1682,0.1661,0.1524,0.1316,0.1243,0.1147,0.1088,0.1323,,,,,,,,,,,,,,,,,,,,,,
2022-09-29,30.7872,130.3026,NE,,0.1518,0.1371,0.1101,0.0939,0.0717,,,,,,,,,,,,,,,,,,,,,,,,
2022-09-29,30.7872,130.3026,NO,,-0.0145,-0.0043,-0.0075,-0.0081,-0.0097,-0.0207,-0.0116,-0.0109,-0.0051,0.015,0.0008,0.0184,0.0177,0.0148,0.0106,0.0245,0.017,0.0151,0.01,0.0065,0.0013,-0.0099,-0.0146,-0.0132,-0.0139,-0.0196,-0.0203,-0.0202,-0.0193
2022-09-29,30.7872,130.3026,O,-0.0292,-0.0155,-0.0077,-0.0044,0.0028,0.0047,0.004,-0.0034,-0.0102,-0.0081,-0.0056,0.003,0.0058,0.0049,0.0066,-0.0092,0.0021,0.0183,0.0149,0.0263,0.0076,0.0035,-0.0006,-0.0041,-0.0074,-0.0095,-0.0101,-0.0099,-0.0101,-0.0101
2022-09-29,30.7872,130.3026,S,0.0842,0.0855,0.0802,0.0549,0.0488,0.0585,0.0312,0.0442,0.0351,0.0142,0.0217,0.0203,-0.0011,0.0011,-0.0234,-0.0329,-0.0368,-0.0334,-0.0068,-0.0358,-0.0231,-0.0336,-0.0205,-0.0082,0.0017,0.0052,0.0159,0.0148,0.0214,0.0195
2022-09-29,30.7872,130.3026,SE,,0.0818,0.0686,0.0468,0.0314,0.0242,0.0146,0.0096,0.0084,0.0094,0.0105,0.0105,0.0097,0.009,0.007,0.0032,-0.0029,-0.0031,0.0047,-0.0239,-0.0268,-0.0373,-0.0369,-0.0418,0.0519,0.0579,0.0225,0.0135,0.0156,0.0227
2022-09-29,30.7872,130.3026,SO,,0.072,0.0779,0.081,0.0752,0.0739,0.0637,0.0487,0.0347,0.0284,0.0164,0.0097,-0.0042,-0.0071,-0.0172,-0.0267,-0.0351,-0.0363,-0.0317,-0.0293,-0.0263,-0.0017,-0.016,-0.0087,-0.0163,-0.0118,0.0012,0.0034,0.0034,0.0036
2022-11-16,30.7931,130.307,E,,0.383,0.2929,0.2036,0.0982,0.0458,0.0126,0.0041,0.0012,0.0011,-0.0005,0.0344,,,,,,-0.0136,-0.0108,-0.0109,-0.012,-0.0149,-0.0165,-0.0023,-0.0018,0.0107,0.0043,0.0014,0.0014,0.0045
2022-11-16,30.7931,130.307,N,0.2608,0.2007,0.1857,0.1253,0.0919,0.051,0.0345,0.0116,0.0226,0.002,0.0053,-0.0113,-0.0105,-0.0067,-0.0055,0.0026,0.0076,0.0019,-0.0012,-0.0066,-0.001,0.0012,1e-04,0.0017,-0.0007,0.0027,-0.0005,0.0107,0.0145,0.0084
2022-11-16,30.7931,130.307,NE,,0.2901,0.2358,0.17,0.1477,0.1346,0.0869,0.0718,0.0504,0.0205,-0.0029,0.0051,-0.0197,0.0084,-0.0289,-0.0243,-0.0283,-0.0268,-0.0273,-0.0102,-0.0234,-0.0011,-0.0032,0.0067,0.0039,0.0106,0.0082,0.012,0.0111,0.0077
2022-11-16,30.7931,130.307,NO,,0.1574,0.0901,0.0501,0.0296,0.0294,0.0067,0.0297,0.0168,0.016,0.0039,-0.0275,-0.0421,-0.0186,-0.0077,0.0034,0.0211,0.0261,0.0244,0.0207,0.0071,0.0101,0.0028,0.0047,0.0019,0.0015,-0.004,-0.003,-0.0107,-0.0049
2022-11-16,30.7931,130.307,O,0.1672,0.1137,0.0611,0.0403,0.0421,0.0522,0.0781,0.0864,0.0673,0.1135,0.0892,0.0468,0.0108,-0.0132,-0.0217,-0.0185,-0.0141,-0.0166,-0.017,-0.0146,-0.024,-0.0179,-0.0098,-0.0033,0.0054,0.0108,0.0117,0.0118,0.0105,0.0095
2022-11-16,30.7931,130.307,S,,0.3203,0.2104,0.1359,0.1529,0.127,0.0936,0.056,0.053,0.0388,0.0447,0.0282,0.0215,0.0096,-0.002,-0.0227,-0.0218,-0.0303,-0.0378,-0.0228,-0.0129,-0.0083,-0.008,-0.0077,-0.0045,-0.0067,-0.0024,0.002,0.0085,0.0043
2022-11-16,30.7931,130.307,SE,0.4429,0.3808,0.2972,0.1992,0.1346,0.0374,0.0291,0.0271,0.0169,,,,,,,,,,-0.0035,-0.0031,-0.0059,-0.0066,-0.0071,-0.0055,-0.0039,-0.003,-0.0067,0.0163,0.0045,0.0022
2022-11-16,30.7931,130.307,SO,,0.234,0.1748,0.1408,0.1175,0.1054,0.0791,0.0651,0.0471,0.0254,0.0143,-0.0029,-0.0085,-0.0137,-0.0167,-0.0175,-0.0121,-0.0057,-0.0059,-0.0012,-0.0007,1e-04,-0.0106,0.0061,-0.0083,0.0052,-0.0172,0.0174,-0.0208,-0.0017
2023-01-10,30.7892,130.3107,E,0.0933,0.0845,0.0655,0.0473,0.0275,0.008,-0.0097,-0.0229,-0.0278,-0.0125,-0.0122,-0.0161,-0.0059,0.0051,0.0142,0.0211,0.0272,0.0255,0.023,0.0038,-0.0125,-0.024,-0.0219,-0.0191,-0.0173,-0.0142,-0.0122,-0.0099,-0.0081,-0.0053
2023-01-10,30.7892,130.3107,N,,-0.0401,-0.0312,-0.0263,-0.0169,-0.0151,-0.0136,-0.0097,-0.0122,-0.0048,-0.0123,-0.0144,-0.0102,-0.0047,-0.0012,0.0039,0.0086,0.0075,0.0128,0.0087,0.0116,0.0015,0.0026,0.004,0.0019,-0.0077,-0.0122,-0.0264,-0.0263,-0.0248
2023-01-10,30.7892,130.3107,NE,0.057,0.0437,0.0485,0.0245,0.0296,0.0053,0.0098,0.0003,0.0139,0.0276,0.0016,-0.0183,-0.0205,-0.0036,-0.0073,-0.0053,-0.0106,-0.0197,-0.0004,-0.009,-0.0007,0.004,0.009,0.0131,0.0092,0.0115,0.0129,0.005,0.0017,-0.0022
2023-01-10,30.7892,130.3107,NO,,-0.0226,-0.0187,-0.0142,-0.0133,-0.0091,-0.0115,-0.0171,-0.0135,0.0074,-0.0015,0.004,0.0082,-0.018,0.0024,-0.0111,-0.0006,-0.0072,0.004,0.0046,0.0073,0.0065,0.0004,0.0002,-0.008,-0.0082,-0.0085,-0.0038,-0.0125,-0.0082
2023-01-10,30.7892,130.3107,O,0.0481,0.0369,0.0264,0.0189,0.014,0.0067,0.0041,0.0072,0.0089,0.0107,0.0113,0.0106,0.007,-0.0024,-0.0088,-0.0064,-0.0074,-0.0049,-0.0013,0.001,-0.0119,-0.0029,-0.0099,0.0029,0.0064,-0.0039,-0.007,-0.0059,0.0,0.0043
2023-01-10,30.7892,130.3107,S,,0.1246,0.1196,0.1201,0.1006,0.0812,0.0405,0.0179,,,,,,,,,,,,-0.0057,0.001,0.0085,-0.0039,0.0012,-0.0051,0.0007,-0.0007,0.0017,-0.005,-0.0144
2023-01-10,30.7892,130.3107,SE,0.0951,0.085,0.0622,0.0383,0.0247,0.0028,-0.0197,-0.0264,,,,,,-0.019,-0.0167,0.0018,0.0115,0.0014,0.0002,-0.0121,-0.0125,-0.0106,,-0.0155,-0.0135,-0.0051,-0.0015,0.0048,0.0099,0.0116
2023-01-10,30.7892,130.3107,SO,,0.0918,0.0806,0.0685,0.0602,0.05,0.0332,0.0159,-0.0115,-0.0035,-0.0243,-0.0156,-0.0068,-0.0313,-0.0393,-0.0357,-0.0311,-0.0382,-0.0231,-0.0123,0.0034,0.0128,0.018,0.015,0.0105,0.0179,0.0044,0.0188,0.0146,0.0087
2023-03-07,30.7936,130.3102,E,0.12,0.1182,0.0952,0.073,0.0461,0.028,-0.0258,-0.0145,-0.0093,-0.0138,0.0083,0.0192,0.0185,0.0106,0.0055,-0.0068,-0.0067,-0.0064,-0.0059,-0.0,-0.0052,-0.0003,-0.0082,-0.0042,-0.007,-0.0072,-0.0024,-0.002,-0.0065,-0.0058
2023-03-07,30.7936,130.3102,N,,-0.0263,-0.0376,-0.0304,-0.0311,-0.0244,-0.0181,-0.0176,-0.0156,-0.005,-0.0039,-0.0029,0.0077,0.0027,0.0054,0.0187,0.0198,0.021,0.0289,0.0253,0.006,-0.0026,-0.0108,-0.0108,-0.015,-0.0138,-0.0136,-0.0121,-0.0066,-0.0139
2023-03-07,30.7936,130.3102,NE,,0.0661,0.0538,0.049,0.0483,0.0297,0.0313,0.0133,0.0036,0.0023,0.0183,-0.0248,0.012,0.0073,0.0027,0.0142,0.0156,0.0163,0.011,0.0133,0.005,0.0072,0.0016,0.0046,-0.0028,-0.0034,-0.0139,-0.0097,0.0002,0.0017
2023-03-07,30.7936,130.3102,NO,,0.0454,0.0299,0.0026,0.0025,-0.0018,-0.0084,-0.0182,-0.0214,-0.0323,-0.0353,-0.0265,-0.0188,0.0039,0.0165,0.02,0.0202,0.0212,0.0218,0.0191,0.0172,0.0185,0.0159,0.0217,0.0141,0.005,0.0073,-0.0099,0.0003,-0.0147
2023-03-07,30.7936,130.3102,O,0.0677,0.0574,0.0282,0.0274,0.0422,0.0179,0.0092,-0.0036,-0.0074,-0.008,-0.0027,0.0088,0.0175,0.0275,0.0295,0.028,0.0201,0.0069,-0.0112,-0.0162,-0.0137,-0.0057,-0.009,-0.0052,1e-04,0.001,-0.0122,-0.0148,-0.0202,-0.0033
2023-03-07,30.7936,130.3102,S,0.0853,0.0826,0.0799,0.0756,0.0733,0.0549,0.0375,0.03,0.0161,0.012,0.0241,0.0258,0.0133,-0.0286,-0.0427,-0.0446,-0.0489,-0.0527,-0.0512,-0.0521,,,,,,-0.027,-0.0157,-0.0039,0.0079,0.0094
2023-03-07,30.7936,130.3102,SE,,0.1089,0.1083,0.0839,0.0661,0.0851,0.0631,0.0269,0.0211,0.0146,0.0139,0.0145,0.0036,-0.0008,-0.0038,-0.0136,-0.0167,-0.0148,-0.0103,-0.0093,-0.0072,-0.0105,-0.009,-0.0083,-0.0076,-0.0068,-0.0019,-0.0006,0.0011,0.0018
2023-03-07,30.7936,130.3102,SO,,0.1358,0.1317,0.1441,0.1408,0.134,0.1207,0.0947,0.0701,,,,,,,,,,,,,,,,,,,,,
2023-03-08,30.7931,130.3067,E,0.253,0.2191,0.1623,0.1184,0.0903,0.0486,,-0.0048,-0.007,-0.0064,-0.0058,-0.0054,-0.0046,-0.004,0.0042,-0.0043,-0.0042,,,,,-0.0015,-0.001,-0.0008,-0.0005,-0.0,-0.0,0.0003,0.0007,0.0008
2023-03-08,30.7931,130.3067,N,0.1084,0.0911,0.0718,0.0696,0.0524,0.0359,0.0234,0.0138,0.0078,0.0078,0.0255,-0.0059,-0.0206,-0.0146,-0.0073,-0.0044,0.0016,0.0032,0.0109,-0.0002,-0.0057,-0.0006,-0.0019,-0.0021,-0.0064,0.0017,1e-04,0.0046,0.0082,0.0088
2023-03-08,30.7931,130.3067,NE,,0.1357,0.108,0.0676,0.056,0.0395,0.0378,0.0332,0.0339,0.0286,-0.0144,0.0005,-0.0015,-0.003,-0.0025,-0.0108,-0.0113,-0.0122,-0.017,-0.0262,-0.0281,-0.0183,-0.0054,0.0022,0.0053,0.0062,0.006,0.0019,0.0047,-0.0002
2023-03-08,30.7931,130.3067,NO,,0.0613,0.0408,0.0259,0.0208,0.0192,0.0323,0.0269,0.0541,0.0329,0.0214,0.013,-0.0159,-0.0136,-0.0039,0.0068,-0.0003,0.003,0.0018,0.0029,-0.0006,0.0058,0.003,-0.0008,-0.0042,-0.0038,-0.0041,-0.0002,0.0011,0.0061
2023-03-08,30.7931,130.3067,O,0.0808,0.0836,0.0675,0.0546,0.0489,0.0407,0.0491,0.0512,0.0594,0.0645,0.0547,0.0367,0.0167,0.0003,-0.0162,-0.0203,-0.0276,-0.0259,-0.0262,-0.034,-0.0251,-0.0229,-0.0097,-0.0034,0.0067,0.0126,0.0146,0.0159,0.0154,0.0139
2023-03-08,30.7931,130.3067,S,0.2293,0.1895,0.1222,0.1071,0.0878,0.0835,0.0558,0.0436,0.0278,0.0265,0.0212,0.0073,-0.0124,-0.0224,-0.0318,-0.0313,-0.0311,-0.0311,0.0004,-0.0192,-0.0279,-0.0297,-0.026,-0.0244,-0.0194,-0.0192,-0.0029,0.0033,0.0026,0.0205
2023-03-08,30.7931,130.3067,SE,,0.216,0.1354,0.0838,0.0499,0.021,0.0117,-0.0043,-0.0012,-0.0002,0.0031,-0.0025,,,,,,,,,,,-0.0029,-0.0027,-0.0026,0.0042,-0.0009,-0.0024,-0.0024,-0.0023
2023-03-08,30.7931,130.3067,SO,,0.1323,0.1295,0.094,0.1019,0.0894,0.0862,0.0728,0.0694,0.0365,0.0208,0.0034,-0.0144,-0.022,-0.0264,-0.027,-0.0201,-0.0181,-0.0153,-0.0087,-0.0064,-0.0015,-0.0103,0.0032,-0.0046,-0.0151,0.0011,-0.0056,0.0223,-0.0151
2023-04-08,30.7906,130.3076,E,,0.4431,0.334,0.205,0.1111,0.0816,0.0713,0.0727,0.0712,0.091,0.0685,0.0423,0.0062,0.003,-0.0186,-0.029,-0.0276,-0.0526,-0.0456,-0.0304,-0.0169,-0.0131,-0.01,-0.0051,-0.0045,0.0046,0.0048,0.014,0.0201,0.0296
2023-04-08,30.7906,130.3076,N,,0.4378,0.3602,0.2247,0.0429,0.0247,0.0102,0.0024,-0.0135,-0.0083,-0.0079,-0.0098,-0.0039,0.0038,-0.0052,0.0124,0.016,0.016,0.0386,0.0227,0.0345,0.0379,0.0328,0.0349,0.032,0.0275,0.0229,0.0119,0.0104,-0.0151
2023-04-08,30.7906,130.3076,NE,0.4565,0.4225,0.3388,0.1747,0.0911,0.0548,0.04,0.0343,0.0328,0.0299,0.0054,-0.0048,-0.0018,0.0107,0.0147,0.0196,0.0254,0.0357,0.0413,0.029,0.0408,0.0304,0.0245,0.0141,0.0104,-0.0018,-0.0132,-0.0111,-0.0267,0.0006
2023-04-08,30.7906,130.3076,NO,0.3598,0.3603,0.2299,0.1251,0.0517,0.0316,0.0251,0.02,0.0313,0.0163,0.0064,0.0053,0.0023,0.0028,0.0031,0.0004,-0.0045,-0.0007,-0.0014,-0.0,-0.0003,-0.0007,-0.004,0.0009,0.0045,0.0012,0.0056,0.0077,0.0046,0.0024
2023-04-08,30.7906,130.3076,O,,0.2299,0.1261,0.0682,0.0333,0.0115,-0.0016,-0.001,-0.0006,0.0029,-0.0036,-0.0047,-0.0079,-0.0075,1e-04,-0.0135,-0.0004,0.0048,0.0114,0.0175,0.0206,0.0141,0.0126,0.0117,0.0071,0.0047,-0.0057,-0.0116,-0.0134,-0.0282
2023-04-08,30.7906,130.3076,S,,0.4576,0.3284,0.2139,0.1221,0.0771,0.0762,0.0436,0.0188,-0.0031,-0.0145,-0.0186,-0.0222,-0.0231,-0.0144,-0.0082,-0.0022,0.0049,0.006,0.0072,0.0092,0.0053,-0.0008,-0.0023,-0.0005,-0.0011,-0.0021,-0.0057,-0.0042,-0.0022
2023-04-08,30.7906,130.3076,SE,0.4983,0.4662,0.3931,0.3112,0.1953,0.1511,0.132,0.1107,0.109,0.0834,0.0384,0.0116,-0.0144,-0.0232,-0.0247,-0.0296,-0.0293,-0.0305,-0.0307,-0.0313,-0.0273,-0.0246,-0.0194,-0.021,-0.0139,-0.0135,-0.0079,-0.0059,-0.0027,-0.0006
2023-04-08,30.7906,130.3076,SO,0.3994,0.3687,0.2281,0.1764,0.12,0.079,0.0538,0.0331,0.0225,0.0114,0.0021,-0.0085,0.0015,-0.0216,-0.0241,-0.0132,0.0079,0.0048,0.0258,0.0243,0.0303,0.0381,0.0297,0.0199,0.0112,0.0045,-0.001,-0.0138,-0.0208,-0.0304
2023-04-16,30.7932,130.2979,E,,0.1113,0.1034,0.033,0.0254,0.02,0.0145,0.0124,0.0117,0.011,0.002,-0.0099,-0.0105,-0.0105,-0.0104,-0.0103,-0.0092,-0.0068,-0.008,-0.0056,-0.0025,0.001,0.0027,0.0032,0.0044,0.0023,0.0016,0.0007,-0.0005,-0.0012
2023-04-16,30.7932,130.2979,N,-0.117,-0.1137,-0.1099,-0.1049,-0.0947,-0.0626,-0.0615,0.0098,0.0249,0.038,-0.0517,,,,,,,,,,,,,,,,,,,
2023-04-16,30.7932,130.2979,NE,0.1027,0.0993,0.0929,0.0868,0.0846,0.0196,0.016,0.0101,0.0068,0.0054,0.0055,0.0023,0.0036,0.0009,0.0027,-0.0006,-0.0004,-0.0091,-0.0141,-0.0145,-0.0122,-0.0105,0.0033,0.0007,0.0096,0.0085,0.0058,0.0044,0.0013,-0.0013
2023-04-16,30.7932,130.2979,NO,,-0.0209,-0.0275,-0.0376,-0.0438,-0.0458,-0.0394,-0.0336,-0.0255,-0.0216,-0.0174,-0.017,-0.017,-0.0248,-0.0262,-0.0277,-0.0274,-0.027,-0.0232,-0.0149,-0.0041,-0.0021,0.005,0.0026,0.0125,0.0044,0.0183,0.0203,0.0229,0.0231
2023-04-16,30.7932,130.2979,O,,0.0397,0.0379,0.0336,0.0243,0.0208,0.0123,0.0117,0.0144,0.0148,0.0172,0.0137,0.0071,0.0005,0.0008,-0.0006,-0.0076,-0.0035,0.0005,0.0057,-0.0115,-0.0092,-0.0091,-0.0034,-0.0021,-0.0025,-0.0014,-0.002,0.0033,0.0037
2023-04-16,30.7932,130.2979,S,0.1015,0.1077,0.1047,0.0519,0.0582,0.0478,0.0526,0.0445,0.0415,0.0344,0.0092,0.0106,0.0217,0.0067,0.0051,0.0038,-0.0014,0.0198,-0.0035,-0.0059,-0.0092,-0.0119,-0.0131,-0.0123,-0.0118,-0.0111,-0.0104,-0.0087,-0.0095,-0.0105
2023-04-16,30.7932,130.2979,SE,0.1248,0.1274,0.1201,0.1102,0.0499,0.0361,0.0305,0.0252,0.0202,-0.0055,-0.0089,-0.0096,-0.0105,-0.0093,-0.0068,-0.0036,-0.0028,0.0008,0.0024,0.0032,0.0028,0.0038,0.003,0.0018,0.0002,-0.0017,-0.003,-0.0046,-0.0063,-0.007
2023-04-16,30.7932,130.2979,SO,,-0.0183,-0.0133,-0.0075,0.0064,0.0115,0.023,0.028,0.033,0.0313,0.031,0.0222,0.0079,0.0282,0.0264,0.0248,0.0141,0.01,0.0106,0.0138,0.0089,0.0071,-0.0018,-0.0066,-0.0058,-0.0082,-0.0125,-0.0112,-0.0132,-0.0113
2023-04-17,30.7909,130.3086,E,0.1201,0.1048,0.0594,0.0444,0.048,0.0494,0.0495,0.049,0.0716,0.0691,0.054,0.0219,0.0183,0.0033,-0.0087,-0.0138,-0.0368,-0.0371,-0.0232,-0.0107,-0.0075,-0.0044,-0.0074,-0.0013,0.0041,-0.0004,0.0085,0.0118,0.0165,0.0114
2023-04-17,30.7909,130.3086,N,0.0654,0.0313,0.0264,0.0234,0.0259,0.0129,-1e-04,-0.0053,-0.0086,-0.0058,-0.0101,-0.0104,-0.0054,0.0013,0.0112,0.0149,0.0038,0.0127,0.0157,0.0173,0.0234,0.021,0.0275,0.0179,0.0203,0.0114,0.0184,-0.0135,0.0017,-0.0056
2023-04-17,30.7909,130.3086,NE,,0.0722,0.0711,0.0643,0.0611,0.0623,0.0463,0.0052,-0.0097,-0.0122,-0.0086,-0.0016,0.0035,0.0113,0.018,0.0228,0.0263,0.0251,0.023,0.02,0.0115,0.0093,-0.0022,0.0014,-0.0011,0.0056,0.0061,-0.0096,-0.0058,-0.0196
2023-04-17,30.7909,130.3086,NO,,0.0203,0.001,0.0098,-0.0056,0.0243,0.0203,0.0238,0.0171,0.0214,0.0089,-0.0011,-0.0065,-0.01,-0.0187,-0.0213,-0.0198,-0.0183,-0.014,-0.0104,-0.007,-0.0046,0.002,0.0066,0.0075,0.0096,0.0097,0.0066,0.0055,-0.0005
2023-04-17,30.7909,130.3086,O,0.1324,0.0732,-0.0008,-0.0453,,-0.0211,-0.0104,-0.0051,-0.0286,-0.0236,-0.0162,-0.0106,-0.0079,-0.0074,-0.0074,-0.0006,-0.0002,0.0042,0.0066,0.0062,0.0092,0.0118,0.014,0.0173,0.0153,0.0083,0.001,-0.008,-0.0234,-0.0312
2023-04-17,30.7909,130.3086,S,,,,,,,,,,,,,,,,,,,,0.0024,0.0008,-0.0002,-0.0,0.0047,-0.002,-0.0018,-0.0023,-0.0044,-0.0057,-0.0007
2023-04-17,30.7909,130.3086,SE,,,,,0.1123,0.1102,0.1143,0.1096,0.1107,0.1123,0.106,0.0755,0.0481,0.0241,-0.009,-0.0124,-0.0106,-0.0092,-0.0222,-0.0259,-0.0292,-0.0374,-0.0387,-0.0305,-0.024,-0.0153,-0.0115,0.0079,0.0054,0.0106
2023-04-17,30.7909,130.3086,SO,,,,,,,,,-0.0248,-0.0171,-0.0029,0.0132,0.0121,0.0243,0.0081,0.0113,0.0007,0.0132,0.0098,0.0174,0.0246,0.0232,0.0244,0.0195,0.0122,0.0095,0.0017,-0.0069,-0.0193,-0.0252
2023-05-10,30.7941,130.3089,E,,0.0607,0.0302,0.0349,-0.0048,-0.0064,0.0025,0.0106,0.0206,0.0172,0.0086,-0.0003,-0.0039,0.0046,0.0046,0.0104,0.0086,0.0094,0.0093,0.0104,0.0072,0.0022,-0.0095,-0.0045,-0.0012,0.0013,0.0036,0.005,0.0065,0.0032
2023-05-10,30.7941,130.3089,N,0.025,0.0151,0.0183,0.0083,0.0017,0.0008,-0.0174,-0.0114,-0.0095,0.0055,0.02,0.0185,0.0183,0.0136,0.013,0.0087,0.0013,-0.0069,-0.0111,-0.0184,0.0041,0.0017,,,,,,,,
2023-05-10,30.7941,130.3089,NE,,0.0361,0.0301,0.0244,0.0108,0.0012,-0.0032,0.0036,0.0066,0.0063,0.0142,-0.0274,-0.0285,-0.0158,0.0005,0.0072,0.0121,0.0186,0.0119,0.0032,-0.0032,-0.0067,-0.0059,-0.0035,-0.0011,,,,,
2023-05-10,30.7941,130.3089,NO,0.0781,0.0662,,,,,,,,,,0.0156,0.0022,-0.0048,-0.0146,-0.0178,-0.0173,-0.0058,0.0018,0.0072,0.0169,0.0237,0.0287,0.0345,0.031,0.0292,0.0037,-0.0092,-0.019,-0.0274
2023-05-10,30.7941,130.3089,O,0.1667,,,,,,,,,,,,,,,,,,,,,,,,,,,,,
2023-05-10,30.7941,130.3089,S,,0.1856,0.1674,0.1414,0.1411,0.1328,0.119,,,,,,,,,,,,,,,,,,,,,-0.0047,-1e-04,
2023-05-10,30.7941,130.3089,SE,0.1024,0.0791,0.0633,0.0484,-0.012,,,,,,,,,,,,,,,,,,,,,,-0.0108,0.0139,-0.0045,-0.0071
2023-05-10,30.7941,130.3089,SO,,0.1682,,,,,,,,,,,,,,,,,,,,,,,,,,,,
2023-09-07,30.7892,130.3107,E,0.0091,-0.0063,-0.0321,-0.0598,-0.0787,-0.0752,,,,,,,,,0.0518,0.0452,0.0341,0.0221,0.0299,0.0229,0.0557,0.0362,0.0271,0.0024,-0.0062,-0.0102,-0.0131,-0.0183,-0.014,-0.0088
2023-09-07,30.7892,130.3107,N,,-0.2041,-0.1861,-0.1794,-0.1537,-0.1507,-0.1344,-0.1095,-0.0813,-0.0662,-0.0436,-0.0231,0.0041,0.0267,0.038,0.0445,0.0554,0.0652,0.068,0.0582,0.0454,0.025,0.0197,0.011,-0.0064,-0.0317,-0.0625,-0.0729,-0.0665,-0.0607
2023-09-07,30.7892,130.3107,NE,-0.019,-0.0435,-0.0358,-0.0729,-0.0629,-0.0882,-0.0696,-0.0528,-0.0423,-0.0251,-0.0013,-0.0231,-0.0303,-0.0152,0.0101,0.0091,0.0039,-0.001,0.0125,0.0075,0.0195,0.0263,0.0217,0.0282,0.013,0.0106,0.0064,-0.0041,-0.0196,-0.0295
2023-09-07,30.7892,130.3107,NO,,-0.1941,-0.1771,-0.1541,-0.1395,-0.1199,-0.1048,-0.0922,-0.0659,-0.0401,-0.0287,-0.0058,0.0175,0.0131,0.0288,0.0275,0.041,0.0316,0.0479,0.0405,0.041,0.0496,0.0113,0.0028,-0.0138,-0.0273,-0.0488,-0.0347,-0.0782,-0.0772
2023-09-07,30.7892,130.3107,O,-0.0168,-0.0244,-0.0293,-0.0306,-0.0281,-0.0263,-0.0205,-0.0134,-0.0106,0.0065,-0.0028,-0.0062,-0.0055,0.0141,0.0117,0.0376,0.045,0.0715,0.085,0.0797,0.0551,0.0432,0.0242,0.0224,0.0119,-0.0126,-0.0208,-0.0272,-0.0244,-0.0282
2023-09-07,30.7892,130.3107,S,,0.0841,0.0751,0.0832,,,,,,,,,,,,,,,,,,,,,,,,,,
2023-09-07,30.7892,130.3107,SE,0.0952,0.0875,0.0906,0.0584,0.0448,0.0136,,,,,,,,,,,,,,,,,,,,,,,,
2023-09-07,30.7892,130.3107,SO,,0.0793,0.0569,0.0423,0.0245,,0.0246,,,,,,,,,,,,,,,,,,,,,,,
2023-10-18,30.7893,130.3095,E,,0.1322,0.1135,0.0992,0.0757,0.0608,0.0304,0.0596,0.0517,0.0534,0.0176,0.0025,0.0024,0.002,0.0197,0.0235,0.0219,0.0222,0.0115,0.0004,-0.0152,-0.0352,-0.034,-0.0253,-0.013,-0.0072,-0.001,0.0072,0.0111,0.0126
2023-10-18,30.7893,130.3095,N,,0.0161,0.0099,-0.0005,-0.0082,-0.0083,-0.0173,-0.0084,-0.0044,-0.0073,-0.003,-0.0058,0.0089,-0.0005,-0.0114,-0.0009,0.0032,0.0129,0.019,0.0235,0.0302,0.0277,0.0258,0.026,0.0161,0.0049,-0.0086,-0.017,-0.0335,-0.057
2023-10-18,30.7893,130.3095,NE,0.1328,0.1238,0.1085,0.0896,0.0539,0.0233,-0.0057,-0.0284,-0.0331,-0.0378,-0.0415,-0.0366,-0.026,-0.0126,-0.0002,0.0048,0.0157,0.0162,0.0137,0.0269,0.0185,0.0271,0.0174,0.0105,0.017,-0.0039,0.0057,-0.0105,0.002,-0.035
2023-10-18,30.7893,130.3095,NO,0.0289,0.0292,0.0067,-0.0219,-0.029,-0.0329,-0.027,-0.024,-0.0217,-0.0231,-0.0256,-0.0239,-0.0243,-0.0131,-0.0105,-0.0014,0.0051,0.0121,0.0199,0.0225,0.0334,0.0293,0.0383,0.0282,0.0255,0.012,-0.0205,-0.0325,-0.043,-0.0427
2023-10-18,30.7893,130.3095,O,,0.0279,1e-04,-0.0202,-0.0298,-0.047,-0.0374,-0.0236,-0.0311,-0.0226,-0.0206,-0.005,-0.0047,0.0034,0.0132,0.0165,0.0229,0.0314,0.0284,0.0114,0.0377,0.0017,0.0025,0.0066,0.0046,-0.005,-0.0123,-0.0216,-0.0251,-0.0301
2023-10-18,30.7893,130.3095,S,,0.1823,0.1506,0.1117,0.0864,0.0869,0.0599,0.0901,0.0909,0.0817,0.0598,0.0614,0.0667,0.0499,0.0212,0.0277,0.0206,0.0119,0.0216,0.0248,0.0367,0.0196,-0.0009,0.0185,0.0088,0.004,-0.0273,-0.0342,-0.0368,-0.035
2023-10-18,30.7893,130.3095,SE,0.1868,0.1708,0.1603,0.1509,0.1481,0.1347,0.1411,0.1199,0.0634,0.0059,-0.0072,-0.0141,,,,,,,,,,,,,-0.0182,-0.0186,-0.0149,-0.0096,-0.0038,-0.008
2023-10-18,30.7893,130.3095,SO,0.0211,0.0122,-0.0216,-0.0398,-0.04,-0.0373,-0.0381,-0.0295,-0.038,-0.0216,-0.0276,-0.0074,-0.0135,0.0029,0.0206,0.0286,0.0223,0.0235,0.0212,0.0211,0.0213,0.0182,0.0161,0.0117,0.0052,0.0013,-0.0079,-0.0187,-0.0261,-0.0363
2023-10-25,30.7904,130.3076,E,,0.105,0.0879,0.0505,0.0205,0.0119,-0.0051,,0.0063,0.0031,0.03,0.0321,0.0293,0.0237,0.0374,0.0134,-0.0017,-0.0047,-0.041,-0.0267,-0.0164,0.0041,0.0143,0.0116,0.0129,0.007,-0.0002,0.0002,0.0003,0.0015
2023-10-25,30.7904,130.3076,N,,0.0876,0.0461,0.0385,,,0.0136,0.0101,0.0133,0.0108,0.0073,0.0027,-0.0085,-0.0155,-0.0207,-0.0044,0.008,0.0141,0.0385,0.0307,0.0322,0.0291,0.0317,0.0268,0.0218,0.0163,0.0194,0.0091,0.0205,-0.0041
2023-10-25,30.7904,130.3076,NE,0.0694,0.0701,0.0511,0.0355,0.03,0.0255,0.0133,0.0392,0.0378,0.044,0.0134,0.0128,0.005,0.0186,0.0153,0.0124,0.0182,0.0216,0.0293,0.0156,0.035,0.0157,0.0204,0.0056,0.0096,-0.0002,-0.0145,-0.0062,-0.0293,0.0083
2023-10-25,30.7904,130.3076,NO,0.098,0.0991,0.0444,,,,,,,,,,0.0378,0.0376,0.0348,0.0245,0.0144,0.009,0.0096,-0.0038,0.0041,-0.0122,-0.008,-0.0171,-0.0167,-0.0256,-0.0313,-0.0054,-0.0429,-0.0051
2023-10-25,30.7904,130.3076,O,,,,,,,,,,,,,,,,,,,,,-0.0165,-0.019,-0.0143,0.0052,0.0181,0.0012,-0.0003,-0.0087,-0.0076,-0.0025
2023-10-25,30.7904,130.3076,S,,,,,,,,,,,,,,,,,,,,,,,,-0.0087,-0.0101,-0.0052,-0.0029,0.0003,0.0023,0.0005
2023-10-25,30.7904,130.3076,SE,0.1503,0.104,0.0807,,,,,,,,,,,,0.0068,0.0071,,,,,,,,,,,,,,0.0061
2023-10-25,30.7904,130.3076,SO,,,,,,,,,,,,,,,,,,,,,,,,-0.0058,0.0063,0.0174,0.0161,0.0122,-0.0051,-0.012
2023-11-02,30.7906,130.3079,E,,0.6961,0.533,0.3414,0.2466,0.1894,0.1621,0.1371,0.1376,0.156,0.1438,0.1048,0.0382,0.0134,-0.0192,-0.0656,-0.0525,-0.0881,-0.078,-0.0532,-0.0309,-0.0111,-0.0066,-0.001,0.0116,0.0122,0.021,0.0322,0.0364,0.0529
2023-11-02,30.7906,130.3079,N,,0.6004,0.2891,0.1248,0.0861,0.0594,0.0399,0.0347,0.0106,-0.0035,-0.003,-0.0019,0.0168,-0.0046,0.0078,0.0008,0.024,0.022,0.013,0.028,0.0315,0.0311,0.0363,0.0375,0.0356,0.0374,0.0356,0.038,0.0253,0.0127
2023-11-02,30.7906,130.3079,NE,0.7638,0.6046,0.4194,0.2052,0.14,0.1189,0.101,0.0994,0.0846,0.0708,0.0229,0.0195,0.0226,0.0249,0.0237,0.0215,0.0204,0.029,0.0292,0.033,0.0244,0.0361,0.0104,0.0152,-0.0162,0.0037,-0.0214,-0.0083,-0.0313,0.0002
2023-11-02,30.7906,130.3079,NO,0.5822,0.4516,0.1849,0.1116,0.0875,0.0692,0.0521,0.0546,0.0438,0.0212,0.0036,-0.0032,-0.0127,-0.0103,-0.0104,-0.0191,-0.0201,-0.0193,-0.0201,-0.0168,-0.0145,-0.0082,-0.006,0.0003,0.0012,0.0052,0.005,0.0146,-0.0009,0.0141
2023-11-02,30.7906,130.3079,O,,0.3974,0.2317,0.1421,0.0871,0.0445,0.0211,0.0095,0.0111,0.0019,-0.0023,-0.0228,-0.0315,-0.0436,-0.0252,-0.0238,-0.0159,-0.0075,0.0026,0.011,0.0219,0.0146,0.0158,0.0133,0.0095,-0.0,-0.009,-0.0151,-0.02,-0.0382
2023-11-02,30.7906,130.3079,S,,0.7067,0.5679,0.4542,0.3137,0.2128,0.1552,0.1472,0.0984,0.0617,0.0237,0.0106,0.0036,0.0036,0.0053,0.009,0.0158,0.0105,0.0296,0.0062,0.0134,0.0131,0.0098,0.0012,0.0026,0.0038,0.01,0.0181,0.0091,-0.002
2023-11-02,30.7906,130.3079,SE,0.8263,0.7281,0.6169,0.448,0.3818,0.2951,0.2486,0.2152,0.1906,0.1582,0.1223,0.0817,0.0449,0.0223,0.0034,-0.0143,-0.0276,-0.0484,-0.0548,-0.056,-0.0549,-0.0588,-0.0592,-0.0438,-0.0437,-0.0096,0.0062,0.0094,0.0208,0.0214
2023-11-02,30.7906,130.3079,SO,0.6105,0.5674,0.3765,0.266,0.1691,0.1123,0.0585,0.0365,0.0042,-0.0028,-0.0144,-0.0247,-0.0134,-0.0226,-0.0146,-0.0079,0.0165,0.0132,0.039,0.0401,0.0381,0.0339,0.0286,0.0231,0.0183,0.0084,-0.0089,-0.0197,-0.0275,-0.0435
2024-01-13,30.7909,130.3079,E,,0.3332,0.2559,0.1845,0.1547,0.1414,0.1524,0.1432,0.1505,0.1306,0.0995,0.0367,-0.0224,-0.051,-0.0602,-0.054,-0.048,-0.0419,-0.0379,-0.0283,-0.0171,-0.014,-0.0114,-0.0055,-0.0014,0.0019,0.0087,0.0184,0.0244,0.0276
2024-01-13,30.7909,130.3079,N,,0.2676,0.1111,0.0605,0.0313,0.0276,0.0259,0.0039,-0.0082,0.0087,-0.0155,-0.0154,-0.0025,0.0043,0.0018,0.0088,0.0263,0.027,0.0211,0.0306,0.0331,0.0237,0.035,0.0367,0.0257,0.0329,0.0288,0.0268,0.0196,0.0122
2024-01-13,30.7909,130.3079,NE,0.3484,0.2543,0.1761,0.0941,0.0789,0.0657,0.0674,0.0637,0.0534,0.04,0.0127,0.0217,0.018,0.0226,0.0234,0.0238,0.0323,0.0325,0.0293,0.0343,0.0233,0.0316,0.0023,0.0064,-0.0243,-0.023,-0.0131,-0.0107,-0.0218,-0.0036
2024-01-13,30.7909,130.3079,NO,0.2557,0.1874,0.0959,0.0384,0.0304,0.0234,0.0224,0.028,0.0272,0.025,0.0215,0.0174,-0.005,-1e-04,0.0012,-0.0126,-0.0195,-0.0175,-0.0187,-0.019,-0.017,-0.0142,-0.0104,-0.0055,-0.0053,-0.0017,0.0016,0.0147,0.008,0.0154
2024-01-13,30.7909,130.3079,O,,0.2064,0.1119,0.1039,0.0621,0.028,0.0138,0.0096,0.0111,0.0137,0.0056,0.0014,-0.0133,-0.0262,-0.0225,-0.0176,-0.0168,-0.0134,-0.0065,-0.0016,0.0047,0.0084,0.0122,0.0048,0.0012,-0.0006,-0.0056,-0.0137,-0.0174,-0.0159
2024-01-13,30.7909,130.3079,S,,0.3278,0.2785,0.2204,0.1482,0.1051,0.0746,0.0725,0.0474,0.0233,0.0023,-0.0059,-0.0151,-0.0131,-0.0154,-0.0108,-0.0056,0.0084,0.006,0.0055,0.0076,0.0098,0.0017,0.0095,0.0056,0.0065,0.01,0.0171,0.003,0.0045
2024-01-13,30.7909,130.3079,SE,0.3616,0.3183,0.2655,0.2112,0.1875,0.1763,0.1679,0.1499,0.1218,0.0945,0.0573,0.0161,-0.0056,-0.0423,-0.071,-0.0728,-0.0663,-0.0716,-0.0565,-0.0521,-0.0445,,,,,0.0775,0.0806,0.0082,0.0061,-0.0098
2024-01-13,30.7909,130.3079,SO,0.3067,0.2972,0.2412,0.1796,0.145,0.1018,0.0663,0.0469,0.0218,0.0104,-0.0007,-0.0116,-0.0029,-0.0149,-0.0084,-0.019,0.0095,-0.0077,0.0192,0.0169,0.0291,0.0258,0.0346,0.0201,0.0129,0.0132,0.0025,-0.0039,-0.0076,-0.0155
2024-07-16,30.7985,130.3021,E,0.0207,0.0264,0.0173,0.0127,0.0123,-0.0157,-0.0191,-0.0179,-0.0147,-0.0068,-0.0011,0.0131,0.0204,0.0198,0.0221,0.0133,0.0117,0.0105,0.007,0.0082,-0.002,0.0029,-0.0033,-0.0025,-0.0044,-0.0036,-0.0019,-0.0002,-0.0011,-0.0008
2024-07-16,30.7985,130.3021,N,,,0.0895,0.085,0.085,,,,,,,,,,,,,,,,,,,,,,,,,
2024-07-16,30.7985,130.3021,NE,,,,0.0136,0.0096,0.013,0.0059,-0.0011,-0.003,-0.008,-0.0011,-0.0056,-0.0061,-0.0184,-0.0048,0.0019,-0.0003,0.0041,0.0094,0.0105,0.0133,0.0172,0.0147,0.0155,0.0204,0.0106,-0.0002,-0.0074,-0.0229,-0.0314
2024-07-16,30.7985,130.3021,NO,0.1071,,,0.0542,,,,,,,,,,,,,,,,,,,,,,,,,,
2024-07-16,30.7985,130.3021,O,,,,,,,0.0054,-0.003,-0.0082,-0.0059,-0.0009,0.0081,0.0105,,,,,,,,,,,,,,,,,
2024-07-16,30.7985,130.3021,S,0.0875,0.0847,0.0827,0.0817,0.081,0.0733,0.0528,0.0361,0.0339,0.0278,0.0216,0.0127,0.0103,0.0086,0.0086,0.0114,0.01,0.0102,0.0111,0.0102,0.0067,0.0015,0.0018,0.0024,-0.0058,-0.012,-0.014,-0.0145,-0.0158,-0.016
2024-07-16,30.7985,130.3021,SE,,0.016,0.0177,0.0189,0.0186,0.0219,0.0183,-0.0002,1e-04,0.0012,0.0033,0.0063,0.0043,0.0036,0.0026,0.0071,0.0024,0.006,0.0028,0.0025,-0.0035,-0.001,-0.0122,-0.0202,-0.0133,-0.0171,-0.0221,-0.0221,-0.0095,0.0009
2024-07-16,30.7985,130.3021,SO,,0.0751,,,,0.0571,0.0459,0.0362,0.02,0.013,0.0102,0.0066,-0.0003,-0.0029,-0.0035,-0.002,-0.0028,-0.0068,-0.0063,-0.0092,-0.0074,-0.0057,-0.0018,0.0007,0.0023,0.0049,0.0046,0.0067,0.0054,0.0049
2024-08-01,30.7904,130.3086,E,0.0336,0.0174,,,,,,,,,,,,,,,,,,,,,,,,-0.0017,-0.0019,-0.0011,0.0011,-0.0032
2024-08-01,30.7904,130.3086,NE,,,,,,,,,,,,,,,,,,,,,,,,,,-0.0058,0.0032,0.0052,-0.002,-0.0006
2024-08-01,30.7904,130.3086,S,0.0111,,,,,,,,,,,,,,,,,,,,,,,,,,,,,
2024-08-01,30.7904,130.3086,SE,,0.0,,,,,,,,,,,,,,,,,,,,,,,,,,,,
2024-08-01,30.7904,130.3086,SO,,,,,,,,,,,,,,,,,,,,,,,0.0221,0.0114,0.0087,0.017,-0.0038,0.0113,0.0011,-0.0133
2024-08-08,30.7909,130.3073,E,,,,,,,,,,,,,,0.0035,-0.0062,-0.0131,-0.0298,-0.0244,0.003,0.0359,0.0059,0.0012,-0.0052,-0.0058,-0.0073,-0.0035,-0.002,0.0032,0.0062,0.0092
2024-08-08,30.7909,130.3073,N,,,,,,,,,,,,0.038,0.0337,0.0407,0.0344,0.0303,0.0447,-0.0182,-0.0226,-0.0217,-0.0311,-0.0181,-0.0097,-0.0038,0.0024,0.0175,0.0217,0.0271,0.0393,-0.0162
2024-08-08,30.7909,130.3073,NE,,,,,,,-0.0539,-0.0321,0.0044,0.0345,0.0216,0.0405,0.0213,0.0384,0.0381,0.037,0.0178,0.0321,0.0265,-0.0149,0.034,0.0399,0.0257,0.0313,0.0262,0.0294,0.0035,0.0184,0.0111,-0.0004
2024-08-08,30.7909,130.3073,NO,,,,,,,,,,,,,,,,,,,,-0.0494,-0.0643,-0.0437,-0.0344,-0.0152,0.0044,0.0171,0.0378,0.0234,0.0206,0.0079
2024-08-08,30.7909,130.3073,O,,,,,,,,,,,,,,,,,,,,-0.03,-0.0106,0.01,0.0127,0.0242,0.028,0.0145,-0.0014,-0.027,-0.0393,-0.0545
2024-08-08,30.7909,130.3073,S,,0.1908,0.1388,0.1295,0.1027,0.1014,0.0817,0.0809,0.0749,0.0665,0.0429,0.044,0.0263,-0.0007,-0.0443,-0.0736,-0.0631,-0.0569,-0.0509,-0.0438,-0.0361,-0.0233,-0.0181,-0.0098,-0.0082,0.0,0.0185,0.015,0.0113,0.0117
2024-08-08,30.7909,130.3073,SE,0.4124,,,0.228,,0.1302,,0.0841,0.0538,0.0627,0.0502,0.0481,0.0439,0.0436,0.0274,-0.0365,-0.0685,-0.0646,,,,,,,,,,,,
2024-08-08,30.7909,130.3073,SO,,,,,,,,,,,,,,,,,,,-0.0373,-0.0279,-0.0101,0.0053,0.0216,0.02,0.0218,0.0131,0.0077,-0.0028,-0.0243,-0.0486
2024-08-09,30.789,130.3098,E,,0.1674,0.1484,0.1264,0.0946,,,,,,,,,,,,,,,,,,,,,,,,,
2024-08-09,30.789,130.3098,N,,0.0085,-0.0012,-0.0199,-0.0473,-0.0329,-0.0355,-0.0363,-0.0364,-0.0172,-0.0049,0.0073,0.0046,0.0232,0.025,0.0366,0.0466,0.0408,0.0523,0.0545,0.058,0.055,0.049,0.0248,0.0157,0.0089,-0.0065,-0.0348,-0.0681,-0.098
2024-08-09,30.789,130.3098,NE,0.1462,0.1298,0.1115,0.0849,0.0532,0.0323,0.0316,0.0142,0.0247,-0.0019,0.0037,-0.0092,-0.0187,-0.0228,-0.0247,-0.0173,-0.0143,-0.0067,-0.0003,0.0139,0.0179,0.0175,0.0191,0.0064,0.0116,0.0071,0.0017,-0.0095,-0.0333,-0.0332
2024-08-09,30.789,130.3098,NO,-0.0562,-0.055,-0.0701,-0.0638,-0.0554,-0.0517,-0.0532,-0.042,-0.0376,-0.0215,-0.0189,-0.0098,-0.0071,0.0117,0.0197,0.0267,0.0311,0.0396,0.0294,0.038,0.0439,0.0338,0.0364,0.0197,-0.0032,-0.0248,-0.0395,-0.0636,-0.0764,-0.0826
2024-08-09,30.789,130.3098,O,,0.0394,0.0184,0.0089,0.0056,-0.0061,-0.0162,-0.0219,-0.0235,-0.0239,-0.0229,-0.0238,-0.0191,-0.0112,-0.0045,0.003,0.015,0.0254,0.0127,0.0266,0.002,-0.0092,-0.0028,-1e-04,-0.0062,-0.0122,-0.012,-0.0117,-0.0049,-0.0009
2024-08-09,30.789,130.3098,S,,0.0411,0.0046,-0.0315,,,,,,,,,,,,,,,,,,,-0.0012,-0.0024,-0.0043,-0.0055,0.0017,0.0049,0.0021,0.0061
2024-08-09,30.789,130.3098,SE,0.1846,0.1536,0.1348,0.1012,0.0888,0.0808,,,,,,,,,,,,,,,,,,,,,,,,
2024-08-09,30.789,130.3098,SO,0.0972,0.0738,0.0304,-0.0132,-0.0243,-0.0327,-0.0473,-0.0474,-0.056,-0.0503,-0.0442,-0.0292,-0.0223,-0.0126,-0.0005,0.0087,0.0202,0.0093,0.0203,0.0035,0.004,0.0083,0.0128,0.0044,0.0005,0.0014,-0.0012,-0.0078,-0.0161,-0.0234
2024-08-16,30.7912,130.3076,E,,0.2221,0.1462,0.084,0.0548,0.0733,0.109,0.1458,0.1176,0.0687,0.0227,0.0298,0.0121,-0.0014,-0.0035,-0.0576,-0.0473,-0.0331,-0.0158,0.0082,-0.0029,-0.003,-0.0036,-0.0013,-0.0032,0.0111,0.0154,0.0227,0.0185,0.0114
2024-08-16,30.7912,130.3076,N,,0.2664,0.2225,0.1338,0.096,0.0363,0.0668,0.0216,0.0055,-0.0139,-0.0202,-0.014,-0.0113,-0.0121,-0.0101,0.002,0.0082,0.0163,0.0216,0.0184,0.0207,0.031,-0.0005,0.0092,-0.0122,-0.014,0.0225,-0.0263,-0.0173,-0.045
2024-08-16,30.7912,130.3076,NE,0.2857,0.1995,0.1432,0.0644,0.0374,0.0373,0.047,0.0531,0.0529,0.0427,0.0216,0.0274,0.025,0.0008,0.0089,0.0036,0.0145,0.0018,0.0129,-0.0101,0.0057,-0.0019,-0.0103,-0.0126,-0.0251,-0.0199,-0.0084,-0.0049,-0.025,0.0054
2024-08-16,30.7912,130.3076,NO,,,,,,,0.0836,0.0768,0.0742,0.0694,0.0486,0.0346,0.0193,-0.022,-0.0105,-0.0492,-0.0372,-0.0677,-0.0575,-0.0787,-0.0595,-0.0565,-0.0353,-0.0258,-0.0089,-0.006,0.0141,0.0205,0.0253,0.0251
2024-08-16,30.7912,130.3076,O,,,,,,,,,,,,,,,,,,,,,,,,,-0.0141,-0.0016,0.0081,0.0052,-0.0042,-0.0185
2024-08-16,30.7912,130.3076,S,,,,,0.1847,,,,,,,-1e-04,-0.0067,-0.0035,-0.0103,-0.0138,,-0.0317,-0.0231,-0.0039,0.0129,0.0336,0.0432,,,,,,,
2024-08-16,30.7912,130.3076,SE,0.3702,0.2949,0.2489,0.2082,0.1795,0.1781,0.1516,0.1171,0.0921,0.066,0.0373,0.0254,0.0179,0.0017,0.0032,-0.0056,-0.0119,-0.0279,-0.042,-0.0475,-0.04,-0.037,-0.0254,-0.0235,-0.0083,-0.0085,0.0015,0.0044,0.0119,0.0176
2024-09-01,30.7909,130.3079,E,,0.373,0.2502,0.1204,0.0703,0.0559,0.0707,0.0671,0.0906,0.078,0.0614,0.0289,0.0301,-0.0043,-0.0133,-0.0104,-0.055,-0.0468,-0.0233,-0.0165,-0.01,-0.0121,-0.0127,-0.01,-0.0064,-0.0004,0.009,0.0097,0.0174,0.018
2024-09-01,30.7909,130.3079,N,,0.4404,0.3366,0.0664,0.0302,0.0286,0.0182,-0.0027,-0.0117,-0.0092,-0.0029,0.0018,-1e-04,-0.0032,0.0021,0.0012,0.0206,0.025,0.0132,0.0292,0.0312,0.0215,0.0286,0.0281,0.0118,0.0315,0.0151,0.0098,0.0017,-0.0043
2024-09-01,30.7909,130.3079,NE,0.4686,0.3466,0.2437,0.1248,0.049,0.0476,0.0468,0.0455,0.0395,0.0293,-0.0077,0.0103,0.0042,0.0117,0.0011,0.0114,0.0247,0.036,0.042,0.0506,0.0406,0.0332,0.0028,0.0115,-0.0163,-0.005,-0.0064,-0.0054,-0.0263,-0.013
2024-09-01,30.7909,130.3079,NO,0.4439,0.4369,0.2663,0.1622,0.0878,0.0702,0.0561,0.0735,0.0694,0.0525,0.0422,0.0266,-0.0063,-0.0055,-0.0011,-0.0133,-0.0281,-0.0172,-0.0264,-0.0269,-0.0184,-0.0214,-0.0072,-0.0046,0.0059,0.0078,0.01,0.0143,0.0107,0.0082
2024-09-01,30.7909,130.3079,O,,0.4018,0.3014,0.219,0.1441,0.0833,0.0429,0.025,0.017,0.0067,-0.0096,-0.0091,-0.0152,-0.0231,-0.0169,-0.0176,-0.0152,-0.008,-0.0025,0.003,0.0119,0.0177,0.0232,0.0218,0.0142,0.0081,-0.0035,-0.0223,-0.0369,-0.045
2024-09-01,30.7909,130.3079,S,,0.5058,0.4504,0.3668,0.1888,0.12,0.0852,0.0826,0.0524,0.0204,0.0057,0.0032,-0.0031,-0.0087,-0.0079,-0.0115,-0.0096,-0.0084,0.0108,-0.0071,-0.0014,0.0042,0.0011,0.0049,0.0061,0.0083,0.0085,0.0062,-0.0092,-0.0192
2024-09-01,30.7909,130.3079,SE,0.4964,0.4271,0.3539,0.2389,0.189,0.1538,0.1447,0.1322,0.1047,0.0851,0.0481,0.023,0.0086,-0.007,-0.0066,-0.0098,-0.0058,-0.0144,-0.0246,-0.0351,-0.0412,-0.0343,-0.0331,-0.0236,-0.02,0.0018,-0.0021,-1e-04,0.0046,0.0092
2024-09-01,30.7909,130.3079,SO,0.4967,0.4723,0.3844,0.3174,0.2276,0.1553,0.0776,0.0429,0.0279,0.019,0.0063,-0.0047,-0.0084,-0.0202,-0.024,-0.0225,-0.0016,-0.0067,0.0214,0.0214,0.0286,0.0299,0.0284,0.0233,0.0141,0.0074,-0.0031,-0.0106,-0.0228,-0.0395
2025-01-31,30.7906,130.3079,E,,0.1282,0.1136,0.1007,0.0888,0.0717,0.0669,0.0663,0.0769,0.0953,0.0777,0.0444,0.0059,-0.0065,-0.0272,-0.0556,-0.0792,-0.0747,-0.071,-0.0558,-0.0415,-0.0332,-0.0166,-0.0057,0.0029,0.0083,0.0171,0.029,0.0383,0.0459
2025-01-31,30.7906,130.3079,N,,0.1418,0.0914,0.0518,0.0353,0.036,0.0231,0.0203,0.0025,0.0017,0.0078,0.0043,0.0143,-0.0031,0.0081,0.0175,0.0228,0.0216,0.0163,0.029,0.0262,0.0259,0.0263,0.0285,0.0281,0.0291,0.0273,0.0282,0.0199,0.0109
2025-01-31,30.7906,130.3079,NE,0.1707,0.154,0.1217,0.0846,0.0753,0.0649,0.0648,0.0681,0.0584,0.0528,0.0153,0.0132,0.0201,0.0172,0.0106,0.0094,0.0083,0.0114,0.0156,0.0168,0.0098,0.0184,0.0035,0.007,-0.0147,-1e-04,-0.0158,-0.0104,-0.0215,-0.003
2025-01-31,30.7906,130.3079,NO,0.0979,0.0892,0.0418,0.0299,0.0312,0.0393,0.0404,0.0555,0.0384,0.029,0.0159,0.0127,-0.0102,-0.0067,-0.005,-0.014,-0.0208,-0.0139,-0.0206,-0.0183,-0.0156,-0.0148,-0.0111,-0.0075,-0.0027,-0.0004,0.0037,0.01,0.0081,0.0138
2025-01-31,30.7906,130.3079,O,,0.0762,0.0355,0.02,0.0187,0.0205,0.0201,0.0154,0.0106,0.0042,-0.0033,-0.0174,-0.0083,0.0006,-0.0209,-0.0176,-0.0159,-0.0118,-0.0041,0.0011,0.009,0.0075,0.0114,0.0065,0.002,0.0002,-0.0051,-0.0098,-0.0108,-0.0223
2025-01-31,30.7906,130.3079,S,,0.1867,0.15,0.1181,0.0806,0.0516,0.0379,0.038,0.0286,0.019,0.0146,0.0104,0.0097,0.0154,0.0036,0.006,0.0029,0.0019,0.012,-0.0031,0.0053,0.0089,0.0107,0.0062,0.0036,0.002,0.0028,0.0042,-0.0003,-0.0112
2025-01-31,30.7906,130.3079,SE,0.2155,0.1842,0.1658,0.1503,0.1429,0.127,0.1349,0.1076,0.0815,0.065,0.0466,0.0472,0.0227,-0.0139,-0.0344,-0.0215,-0.0312,-0.0299,-0.0326,-0.0309,-0.0311,-0.0269,-0.0267,-0.0228,-0.0202,-0.0144,-0.0165,-0.0016,0.0081,0.0103
2025-01-31,30.7906,130.3079,SO,0.1389,0.1141,0.0702,0.0305,0.0137,0.012,0.0029,0.0024,0.0007,0.0023,-0.0027,-0.0126,-0.0004,-0.0104,0.0008,0.002,0.0162,0.0144,0.0222,0.0202,0.0174,0.0158,0.0124,0.01,0.0077,0.0024,-0.0042,-0.008,-0.0119,-0.023
2025-03-21,30.7909,130.3079,E,,0.3482,0.2667,0.1513,0.0888,0.0657,0.0849,0.0872,0.0999,0.0752,0.0569,0.022,0.0121,-0.0194,-0.0382,-0.0301,-0.0554,-0.0426,-0.031,-0.0156,-0.004,0.004,0.0042,0.0037,0.0144,0.0094,0.0099,0.0011,0.0134,0.0154
2025-03-21,30.7909,130.3079,N,,0.3601,0.2672,0.0642,0.0384,0.0412,0.0216,-0.0007,-0.0111,-0.0104,-0.0084,-0.0073,-0.0029,-0.0111,-0.0053,-0.0006,0.0158,0.0126,0.0048,0.0191,0.0224,0.0134,0.0243,0.024,0.006,0.0312,0.0115,0.0068,0.0057,0.0027
2025-03-21,30.7909,130.3079,NE,0.399,0.3285,0.2427,0.1316,0.0679,0.0636,0.061,0.0589,0.0486,0.0441,0.0096,0.0248,0.0151,0.018,0.0072,0.012,0.015,0.0227,0.0304,0.0387,0.0296,0.0251,0.0036,0.0083,-0.0155,-0.0047,-0.004,-0.0032,-0.0126,-0.0073
2025-03-21,30.7909,130.3079,NO,0.3278,0.3092,0.2342,0.1272,0.0697,0.0478,0.0307,0.0468,0.043,0.0356,0.018,0.0228,-0.0005,0.0067,0.002,-0.0075,-0.0096,-0.0057,-0.0046,-0.0014,-0.0019,-0.0015,1e-04,0.001,0.0026,0.0047,0.0062,0.0114,0.0065,0.0039
2025-03-21,30.7909,130.3079,O,,0.3414,0.2997,0.2179,0.1335,0.0653,0.0346,0.0294,0.022,0.0201,0.006,-0.0095,-0.0227,-0.0312,-0.0282,-0.0264,-0.0242,-0.019,-0.0118,-0.007,-0.0006,0.0038,0.0098,0.0089,0.008,0.0061,0.0029,-0.0013,-0.005,-0.0071
2025-03-21,30.7909,130.3079,S,,0.4344,0.4031,0.3411,0.1933,0.1288,0.0935,0.0887,0.0581,0.0268,0.0131,0.0078,-0.0047,-0.0066,-0.0069,-0.0025,-0.0018,0.0016,0.0069,-0.0127,-0.0082,0.0076,0.0039,0.0006,0.0015,0.0019,0.0027,0.0042,-0.0059,-0.0002
2025-03-21,30.7909,130.3079,SE,0.4347,0.3984,0.3478,0.2603,0.2192,0.1802,0.1657,0.1554,0.1246,0.1054,0.0628,0.033,0.0048,-0.0173,-0.0255,-0.0307,-0.0336,-0.0368,-0.0418,-0.0398,-0.0403,-0.0344,-0.0298,-0.0255,-0.0211,-0.0139,-0.0058,0.0007,0.0059,0.0101
2025-03-21,30.7909,130.3079,SO,0.4128,0.4018,0.364,0.3129,0.2292,0.1438,0.0698,0.0486,0.0302,0.0195,0.0069,-0.0118,-0.0163,-0.0255,-0.025,-0.0256,-0.0089,-0.015,0.0069,0.0109,0.0253,0.0248,0.0209,0.0167,0.0114,0.0074,0.0023,-0.0053,-0.0142,-0.0237
2025-04-29,30.7906,130.3076,E,,0.705,0.534,0.3279,0.1889,0.1356,0.0994,0.078,0.0703,0.087,0.071,0.045,0.0086,0.0117,-0.0076,-0.0153,-0.0145,-0.049,-0.0417,-0.0189,-0.014,-0.0113,-0.0097,-0.0052,-0.0074,0.0056,0.0092,0.019,0.029,0.0342
2025-04-29,30.7906,130.3076,N,,0.5852,0.3778,0.2557,0.1185,0.0746,0.0512,0.0455,0.0206,0.0119,0.0027,-0.0041,-0.0032,-0.0002,-0.0088,-0.0007,-0.0009,-0.0026,0.0107,0.0015,0.0122,0.0146,0.014,0.014,0.0184,0.0211,0.0274,0.012,0.0155,-0.0184
2025-04-29,30.7906,130.3076,NE,0.6119,0.5862,0.4294,0.2408,0.133,0.0902,0.0654,0.0602,0.05,0.0405,0.0166,0.0053,0.0039,0.0077,0.0057,0.0109,0.0078,0.0147,0.0238,0.0033,0.0393,0.0289,0.0132,0.0148,-0.0013,-0.0024,-0.0057,0.0016,-0.0119,0.0065
2025-04-29,30.7906,130.3076,NO,0.4697,0.4699,0.2716,0.1759,0.1357,0.0901,0.0963,0.0757,0.0821,0.0524,0.0249,0.0276,0.0113,-0.0005,0.0022,-0.0046,-0.0099,0.0019,-0.0029,-0.0027,-0.0034,-0.0003,-0.0055,0.0058,0.0046,0.0078,0.0158,0.0114,0.0175,0.0141
2025-04-29,30.7906,130.3076,O,,0.3786,0.225,0.1422,0.0834,0.0424,0.0228,0.0155,0.0111,0.0065,-0.0039,-0.0136,-0.0198,-0.0214,-0.0111,-0.024,-0.0089,-0.0,0.0112,0.0168,0.0153,0.0185,0.0135,0.0179,0.0055,0.0017,-0.011,-0.0222,-0.0288,-0.0382
2025-04-29,30.7906,130.3076,S,,0.7906,0.546,0.2812,0.1993,0.1558,0.1496,0.0976,0.0623,0.0267,0.0037,-0.0081,-0.0053,-0.0108,-0.0101,-0.0144,0.0058,-0.0082,-0.0122,-0.0094,-0.0073,-0.0067,0.0019,0.0003,0.0019,0.0011,-0.0006,-0.0074,0.0005,-0.0003
2025-04-29,30.7906,130.3076,SE,0.7971,0.757,0.5927,0.3801,0.2589,0.2144,0.1801,0.1503,0.1332,0.1066,0.0647,0.0422,0.0179,0.0056,0.0011,-0.006,-0.0102,-0.021,-0.0296,-0.0474,-0.0467,-0.0421,-0.0332,-0.0321,-0.0178,-0.0141,-0.0009,0.0005,0.0077,0.0107
2025-04-29,30.7906,130.3076,SO,0.6355,0.6366,0.3642,0.2568,0.1737,0.099,0.0629,0.0314,0.0162,0.0022,-0.0041,-0.0122,-0.0026,-0.0236,-0.0306,-0.0169,0.0107,0.0011,0.03,0.0286,0.0314,0.0294,0.0254,0.0198,0.0143,0.0067,-0.003,-0.0154,-0.0272,-0.0423
2025-07-02,30.7906,130.3076,E,,0.4191,0.258,0.1502,0.0862,0.0462,0.02,0.0258,0.0481,0.087,0.0707,0.0327,-0.0097,0.0075,-0.0049,-0.011,-0.0071,-0.0489,-0.0416,-0.0214,-0.0022,0.0056,0.0086,0.0086,0.0038,0.0033,0.0102,0.0162,0.0147,0.0206
2025-07-02,30.7906,130.3076,N,,0.4429,0.2843,0.1661,0.103,0.0721,0.0539,0.0463,0.0191,0.011,0.0054,0.0022,0.005,0.0064,-0.0038,-0.0034,-0.0021,-0.0005,0.0023,0.0012,0.0041,0.0058,0.0072,0.01,0.0127,0.0107,0.0222,-0.0071,-0.0024,-0.0417
2025-07-02,30.7906,130.3076,NE,0.4552,0.3746,0.2526,0.1497,0.0829,0.0598,0.0358,0.0476,0.0483,0.0409,0.0127,-0.0055,-0.0081,-0.0043,-0.0076,0.005,0.0002,0.0051,0.0131,-0.0076,0.0222,0.0148,0.0075,0.0021,-0.0059,-0.0068,-0.0101,-1e-04,-0.0088,0.0152
2025-07-02,30.7906,130.3076,NO,0.4768,0.4775,0.3029,0.1983,0.1419,0.1184,0.112,0.1045,0.0854,0.0614,0.0302,0.0127,0.0169,-0.0183,-0.0042,-0.0319,-0.0091,-0.04,-0.0097,-0.0281,0.004,-0.0077,0.0222,0.016,0.0225,-0.0407,0.0166,0.0113,0.0285,0.0223
2025-07-02,30.7906,130.3076,O,,0.4782,0.3,,,,,,,,,,,,,,,,,,,,,,,,,,,
2025-07-02,30.7906,130.3076,S,,0.6241,0.4615,0.187,0.1288,0.0922,0.0923,0.0566,0.0383,0.022,0.0068,-0.0029,-0.0071,-0.0142,-0.0184,-0.0202,-0.0207,-0.0204,-0.021,-0.0215,-0.0222,-0.0232,-0.0234,-0.0174,-0.0101,-0.0074,-0.0054,0.0003,-0.0079,-0.0025
2025-07-02,30.7906,130.3076,SE,0.6298,0.4857,0.3466,0.2178,0.1593,0.1421,0.1136,0.0789,0.0781,0.0706,0.041,0.0291,0.0185,0.0178,0.0119,0.004,-0.0013,-0.0114,-0.0195,-0.0379,-0.0397,-0.0408,-0.0345,-0.0338,-0.0238,-0.0213,-0.0121,-0.0115,-0.0064,-0.0042
2025-07-02,30.7906,130.3076,SO,0.6643,0.6379,0.4396,,,,,,,,,,,,,,,,,,,,,,,,,,,
2025-08-28,30.7991,130.3034,E,,0.0284,0.0224,-0.0184,-0.0139,-0.0062,0.0015,0.0093,0.0165,0.0159,0.013,0.0111,0.0073,0.0107,-0.0077,-0.0084,-0.0068,-0.0074,-0.0082,-0.0087,-0.0091,-0.0036,0.001,-0.0015,-0.0037,-0.004,-0.0048,-0.0057,-0.0082,-0.0124
2025-08-28,30.7991,130.3034,N,0.0028,-0.0004,-0.0086,-0.0049,-0.0108,-0.009,-0.0099,-0.013,-0.0164,-0.0507,-0.0553,-0.0329,-0.0337,-0.0376,-0.0371,-0.0333,-0.0308,-0.0277,-0.0268,-0.012,-0.0039,0.0204,0.026,0.0198,0.0036,0.0242,0.0277,0.0301,0.0219,0.0139
2025-08-28,30.7991,130.3034,NE,,0.0409,0.0413,0.0415,0.0392,0.0318,0.0201,0.0164,0.0038,0.0054,-0.0099,-0.0094,-0.0104,-0.0154,-0.0105,-0.0088,-0.0034,-0.0029,0.0091,1e-04,0.0122,0.0073,0.0146,0.0011,-0.0038,-0.011,-0.015,-0.0167,-0.0169,-0.0177
2025-08-28,30.7991,130.3034,S,0.0768,0.0797,0.0811,0.0791,0.0604,0.0463,0.0467,0.0389,0.038,0.033,0.0039,0.0002,0.0017,0.0012,-0.0008,-0.0067,-0.008,-0.0073,-0.0053,-0.007,-0.0022,0.0008,0.0043,0.0067,0.006,0.006,0.0073,0.0012,-0.0075,-0.0101
2025-08-28,30.7991,130.3034,SE,,0.0633,0.0584,0.0482,0.0416,0.0019,-0.001,0.0006,-0.0013,-0.0013,-0.0011,-0.0011,-0.0009,0.0003,0.0013,0.0019,0.0029,0.0045,0.0064,0.0076,0.0071,0.0032,0.0027,-0.001,-0.001,-0.0076,-0.0037,-0.0127,-0.0136,-0.0129
2025-08-28,30.7991,130.3034,SO,,,0.0696,0.0697,0.0621,0.0195,0.0138,0.0283,-0.0033,0.0032,-0.0052,-0.0036,0.0015,0.0064,0.0083,0.0026,-0.0007,-0.0051,-0.0065,-0.0072,-0.0077,-0.0077,-0.0083,,,,,,,
2025-10-14,30.7869,130.3063,E,,0.2281,0.2032,0.175,0.1286,0.0954,0.0653,0.0439,0.0384,0.0292,0.0268,0.029,0.0188,0.0095,0.0024,-0.0046,-0.0436,-0.0251,-0.0017,-0.0264,-0.0389,-0.0407,-0.0572,-0.0189,0.0504,0.0444,-0.001,-0.0107,-0.0112,-0.0128
2025-10-14,30.7869,130.3063,N,,0.1488,0.1368,0.0733,0.0431,0.0062,0.0084,0.0075,0.0033,-0.0052,0.0147,0.0153,0.0318,0.0349,0.0374,0.0436,0.0359,-0.0023,0.002,0.007,-0.0043,-0.0332,-0.044,-0.0395,-0.0519,-0.0302,-0.0261,0.0038,0.0111,0.0141
2025-10-14,30.7869,130.3063,NE,0.1781,0.172,0.1607,0.1341,0.1189,0.0756,0.051,0.016,-0.0111,,,,,,,,,-0.0185,-0.0034,,-0.0139,,-0.0052,-0.0066,-0.0046,-0.0017,-0.0026,0.0027,0.0041,0.0099
2025-10-14,30.7869,130.3063,NO,-0.0012,0.0038,0.0238,0.0208,0.0153,-0.0014,0.0045,0.0133,0.0093,0.0177,0.018,0.011,0.0276,0.0052,-0.0132,-0.0203,-0.0315,-0.0289,-0.0025,-0.0208,-0.0157,-0.0066,-0.0097,0.0069,0.01,0.0089,0.0192,0.0215,0.0182,0.0088
2025-10-14,30.7869,130.3063,O,,-0.1318,-0.1099,-0.0962,-0.0792,-0.0588,-0.0482,-0.0374,-0.0276,-0.0144,-0.0166,-0.0038,-0.0051,0.0051,0.018,0.0293,0.0299,0.0265,0.0154,-0.0075,-0.0036,-0.0143,-0.0173,-0.0173,-0.0173,-0.0173,-0.0173,-0.0173,-0.0173,-0.0173
2025-10-14,30.7869,130.3063,S,,0.0457,0.0551,0.0541,0.0392,0.0669,0.0438,0.0652,0.0634,0.081,0.0741,0.0635,0.061,0.0768,0.0455,0.0531,0.0463,0.0227,0.0261,0.0144,0.0126,-0.0107,-0.0182,-0.0229,-0.0362,-0.0374,-0.0209,-0.0412,-0.0433,-0.0341
2025-10-14,30.7869,130.3063,SE,0.1577,0.1461,0.138,0.1238,0.1065,0.0908,0.0659,0.0671,0.0588,0.0457,0.0376,0.0285,0.0296,0.0353,0.0334,0.0377,0.0363,0.0308,0.0317,0.024,0.0176,0.0011,-0.0056,-0.0084,-0.0255,-0.0293,-0.0452,-0.0458,-0.0625,-0.0435
2025-10-14,30.7869,130.3063,SO,0.006,-0.0007,0.0144,0.0233,0.021,0.0298,0.0284,0.0292,0.0334,0.0377,0.0374,0.023,0.0233,0.0045,0.0156,0.0087,0.0085,0.0058,0.0046,-0.0103,-0.009,-0.0098,-0.0011,-0.01,-0.0148,-0.0027,-0.0032,-0.0027,-0.0027,-0.0027
2025-11-15,30.789,130.3098,E,,0.1241,0.1134,0.0927,0.0654,0.034,0.0126,-0.0016,0.0115,0.0074,-0.0052,-0.0016,0.0003,0.012,0.0193,0.0298,0.0364,0.039,0.0254,0.0094,0.0144,-0.0163,-0.04,-0.0366,-0.0312,-0.0239,-0.0083,0.0003,0.0085,0.0157
2025-11-15,30.789,130.3098,N,,0.0064,0.0018,-0.0011,-0.0062,0.0016,0.0023,0.0063,0.0035,0.0058,0.0051,0.0025,0.0023,0.0033,-0.0096,-0.0146,-0.0075,-0.003,0.0089,0.0136,0.0192,0.0141,0.012,0.0092,0.005,0.0047,0.0009,-0.0097,-0.0239,-0.0317
2025-11-15,30.789,130.3098,NE,0.1208,0.1114,0.1028,0.091,0.0668,0.0619,0.0359,0.0155,0.0095,0.0044,-0.0069,-0.0208,-0.0135,-0.0119,-0.0116,-0.0006,-0.0034,0.0089,-0.0013,0.0128,0.0041,0.0146,0.0075,0.0206,0.0068,0.0103,0.0023,0.0036,-0.0094,0.0065
2025-11-15,30.789,130.3098,NO,0.0334,0.0298,0.0124,0.0022,-0.0051,-0.0195,-0.0275,-0.024,-0.023,-0.0234,-0.0205,-0.017,-0.0085,-0.0058,-0.0013,-0.0027,0.0004,0.0042,0.0267,0.0258,0.0272,0.0227,0.0186,0.0179,0.0052,-0.0188,-0.021,-0.0131,-0.0147,-0.0188
2025-11-15,30.789,130.3098,O,,0.0291,0.0033,-0.0129,-0.0243,-0.0259,-0.0269,-0.0258,-0.0232,-0.0195,-0.0149,-0.0121,-0.0031,0.005,0.0101,0.0177,0.024,0.0244,0.0135,0.0279,-0.0054,-0.0072,0.0092,0.0137,0.0073,-0.0037,-0.0124,-0.0183,-0.0174,-0.0196
2025-11-15,30.789,130.3098,S,,0.1773,0.1638,0.1413,0.1202,0.0968,0.0968,0.0812,0.0483,0.0296,0.0087,0.0064,0.0181,-0.0131,-0.011,-0.0094,-0.0087,-0.0195,-0.0118,-0.0166,0.0071,-0.0144,0.023,0.0056,-0.0019,-0.003,-0.0142,-0.0205,-0.0181,-0.019
2025-11-15,30.789,130.3098,SE,0.1622,0.1497,0.1398,0.1221,0.0961,0.0741,0.0551,0.0457,0.0427,0.0341,0.0307,0.0244,0.0318,0.0335,0.0382,0.0291,0.0121,-0.0088,-0.0287,-0.0347,-0.0396,-0.0442,-0.038,-0.0375,-0.0341,-0.0267,-0.0241,-0.0199,-0.021,-0.0179
2025-11-15,30.789,130.3098,SO,0.0527,0.0491,0.0257,0.0137,0.0081,-0.0004,-0.0192,-0.0304,-0.0236,-0.0175,-0.0104,-0.006,-0.0028,0.013,0.0162,0.0305,0.0337,0.0313,0.024,0.0141,0.0141,0.0122,0.0107,0.0077,0.0049,-0.0018,-0.0089,-0.0174,-0.02,-0.0247
