date,center_lat,center_long,direction,15m,45m,75m,105m,135m,165m,195m,225m,255m,285m,315m,345m,375m,405m,435m,465m,495m,525m,555m,585m,615m,645m,675m,705m,735m,765m,795m,825m,855m,885m
2000-02-13,31.9342,130.8662,E,0.106,0.0672,0.0227,-0.0054,-0.0135,-0.0222,-0.0236,-0.0243,-0.0249,-0.0254,-0.0259,-0.0265,-0.0267,-0.0268,-0.0267,-0.0252,-0.0192,-0.0084,0.0056,0.01,0.0147,0.0148,-0.0036,-0.0013,-0.0039,-0.006,0.004,-0.0058,-0.0141,-0.0146
2000-02-13,31.9342,130.8662,N,0.0259,0.017,0.0117,0.0096,0.0033,-0.0055,-0.0104,-0.0128,-0.0142,-0.0141,-0.0142,-0.0046,0.0119,0.0154,0.0107,0.0114,0.0323,0.0382,0.0291,0.0177,0.0042,0.0004,0.0045,-0.0057,-0.014,-0.0095,-0.0156,-0.0186,-0.0206,-0.0189
2000-02-13,31.9342,130.8662,NE,,0.0604,0.0462,0.0404,0.0254,0.0268,0.0201,0.0188,0.01,0.0117,0.0111,0.0067,0.0009,1e-04,-0.0022,-0.0046,-0.0033,-0.0016,-0.0009,0.0006,-0.0011,-0.0009,-0.0004,-0.0011,0.0039,0.0058,0.0019,0.0004,0.0009,0.0026
2000-02-13,31.9342,130.8662,NO,,-0.0015,-0.0146,-0.0186,-0.0185,-0.0132,-0.0052,0.0014,0.0093,0.0051,0.0022,0.0028,0.0035,0.0044,0.0036,0.0053,0.0012,0.0027,0.0006,-0.0032,-0.0046,-0.0066,-0.0072,-0.006,-0.0059,-0.0077,-0.0042,-0.0044,0.0108,0.004
2000-02-13,31.9342,130.8662,O,,0.0529,0.028,0.0133,0.0045,-0.001,-0.0011,-0.0035,-0.0061,-0.0006,0.0053,0.0068,0.0023,-0.0004,-0.0031,-0.0002,-1e-04,-0.0003,-0.0006,-0.0037,-0.0037,-0.0046,-0.0038,0.0006,0.0007,-0.0,-0.0005,1e-04,0.0013,0.0019
2000-02-13,31.9342,130.8662,S,0.0816,0.0535,0.0246,0.0246,-0.0039,-0.0296,-0.0354,-0.0336,-0.0299,-0.0293,-0.0251,-0.0303,-0.027,-0.0198,-0.023,-0.0179,-0.0185,-0.0216,-0.0129,-0.0062,0.0189,0.0198,0.0105,0.0059,-0.0025,-0.0139,-0.0043,-0.01,-0.0002,0.0112
2000-02-13,31.9342,130.8662,SE,,0.0329,-0.0146,-0.0529,-0.0504,-0.0481,-0.0462,-0.0446,-0.043,-0.0415,-0.0399,-0.0388,-0.0374,-0.036,-0.0355,-0.0205,-0.012,-0.0061,-0.0114,-0.0132,-0.0133,-0.0037,0.0192,0.0325,0.0475,0.039,0.0511,0.0263,0.0116,-0.0206
2000-02-13,31.9342,130.8662,SO,0.0441,0.0224,0.0046,0.0036,0.0075,0.015,0.0077,0.0084,0.0032,0.0043,0.0037,0.0042,0.0057,0.005,0.0106,0.0037,0.0047,0.001,-1e-04,-0.0011,-0.0033,-0.0034,-0.0027,-0.0015,0.0039,0.0024,0.0023,-0.0012,0.0029,-0.0044
2000-04-17,31.9377,130.8628,E,,0.0826,0.0696,0.0631,0.0598,0.0599,0.0685,0.085,0.0871,0.0905,0.0772,0.0706,0.0594,0.046,0.0207,0.0106,-0.0056,-0.0196,-0.0238,-0.0339,-0.0333,-0.034,-0.0336,-0.028,-0.0203,-0.0173,-0.0099,-0.0084,-0.0051,0.002
2000-04-17,31.9377,130.8628,N,,0.109,0.0931,0.0744,0.0207,-0.0025,-0.0174,-0.0247,-0.0284,-0.0314,-0.0351,-0.0376,-0.0396,-0.038,-0.0077,0.0115,0.0157,0.022,0.0238,0.0243,0.0151,0.0053,0.0113,0.0073,0.0066,0.0028,-0.0022,-0.0005,-0.0004,0.0034
2000-04-17,31.9377,130.8628,NE,0.0945,0.0945,0.0879,0.0769,0.0642,0.0589,0.0605,0.0533,0.045,0.0439,0.0086,-0.0074,-0.0007,-0.0106,-0.0087,-0.0152,-0.0172,-0.0193,-0.0079,-0.0057,0.0007,0.003,0.0014,0.0073,0.0031,0.0036,-0.0084,-0.008,-0.0097,-0.0087
2000-04-17,31.9377,130.8628,NO,0.0988,0.0815,0.0618,0.0363,0.0081,-0.0176,-0.0144,-0.0393,-0.0408,-0.0444,-0.0463,-0.0494,-0.0531,-0.0542,-0.0099,0.0194,0.0299,0.0266,0.0196,0.0123,0.0091,0.0072,0.0041,0.0037,0.0033,0.0064,0.0076,0.0107,0.0143,0.0317
2000-04-17,31.9377,130.8628,O,,0.1182,0.0915,0.0733,0.0417,0.0272,0.0171,0.0094,0.0125,0.0057,-0.0077,-0.0372,-0.0483,-0.0434,-0.0025,0.0244,0.0315,0.0271,0.0172,0.0105,0.0037,-0.0022,-0.0011,-0.0013,-0.0006,0.0062,0.0052,0.0072,0.0064,0.0076
2000-04-17,31.9377,130.8628,S,,0.102,0.0859,0.0853,0.0846,0.0844,0.0772,0.0685,0.0658,0.0777,0.0594,0.0512,0.0253,0.0068,-0.005,-0.0202,-0.0231,-0.0269,-0.0224,-0.02,-0.0004,-0.0015,0.0046,0.0094,0.0109,-0.0137,-0.0153,-0.0156,-0.0178,-0.0186
2000-04-17,31.9377,130.8628,SE,0.0838,0.0753,0.0627,0.051,0.0509,0.0542,0.0627,0.0705,0.0707,0.0648,0.0701,0.0736,0.0221,-0.0012,-0.017,-0.0189,-0.022,-0.0224,-0.0211,-0.0303,-0.0161,-0.0174,-0.0015,-0.0154,-0.027,-0.0065,-0.0087,0.0005,0.0068,0.0027
2000-04-17,31.9377,130.8628,SO,0.1306,0.1177,0.111,0.1115,0.089,0.0701,0.0483,0.0465,0.0359,0.0242,0.0324,0.0193,0.0218,0.011,-0.0006,-0.0039,-0.0079,-0.0109,-0.0076,-0.01,-0.007,-0.0075,-0.0039,-0.0106,-0.0062,-0.0057,-0.0058,-0.003,-0.0018,0.0006
2000-05-03,31.938,130.8631,E,,0.0912,0.0758,0.0728,0.0833,0.0966,0.0983,0.103,0.1019,0.0933,0.0778,0.0592,0.0473,0.0344,0.0139,-0.0056,-0.0135,-0.0276,-0.0368,-0.0379,-0.0348,-0.0315,-0.0217,-0.0196,-0.0161,-0.0075,-0.0076,-0.0036,-0.0021,-0.0005
2000-05-03,31.938,130.8631,N,,0.148,0.1176,0.0509,0.0228,0.0217,-0.0068,-0.0142,-0.0305,-0.0359,-0.0381,-0.0409,-0.0278,0.0164,0.0169,0.0194,0.0163,0.0208,0.0217,0.0067,-0.0019,-0.0003,-0.0013,-0.0011,-0.0004,-0.004,-0.0028,0.0007,1e-04,0.0092
2000-05-03,31.938,130.8631,NE,0.1276,0.1319,0.1105,0.0973,0.0716,0.0678,0.0525,0.0506,0.0351,0.0059,0.0019,0.0013,0.0034,-0.0146,-0.0225,-0.0242,-0.0161,-0.0142,0.0008,-0.0047,0.008,0.0098,0.0068,0.0064,0.0121,-0.0054,-0.0083,-0.0091,-0.0075,-0.0051
2000-05-03,31.938,130.8631,NO,0.1632,0.1311,0.1025,0.0518,0.0136,-0.0065,-0.0167,-0.0274,-0.0401,-0.0452,-0.0483,-0.0417,-0.0508,-0.056,-0.0279,0.0153,0.0256,0.0205,0.0176,0.0101,0.0028,-0.0032,-0.0066,-0.0026,-0.0005,0.0006,0.0049,0.0065,0.0103,0.0237
2000-05-03,31.938,130.8631,O,,0.1933,0.1713,0.1358,0.0981,0.0669,0.0526,0.0455,0.0407,0.0394,0.0414,0.0276,-0.0298,-0.0409,-0.0255,0.0086,0.0229,0.0258,0.0252,0.0142,0.0038,-0.0011,-0.0065,-0.0065,-0.0077,-0.0073,-0.007,-0.0053,1e-04,0.0055
2000-05-03,31.938,130.8631,S,,0.1228,0.0949,0.0783,0.0955,0.0854,0.0935,0.0875,0.0749,0.052,0.0451,0.0554,0.0358,0.0254,0.0084,-0.0098,-0.0109,-0.0293,-0.0266,-0.0307,-0.0067,-0.0029,-0.0036,0.014,0.0107,0.0024,-0.0049,-0.0204,-0.0154,-0.0314
2000-05-03,31.938,130.8631,SE,0.1069,0.094,0.0656,0.059,0.0606,0.0694,0.0825,0.0888,0.086,0.0794,0.0687,0.0684,0.0677,0.0031,-0.0198,-0.0278,-0.0222,-0.0269,-0.0256,-0.0318,-0.0261,-0.0354,-0.0212,-0.0325,-0.0163,-0.007,0.0019,0.0041,0.0103,0.0146
2000-05-03,31.938,130.8631,SO,0.1861,0.1758,0.1609,0.1498,0.1407,0.1419,0.085,0.0897,0.0636,0.0541,0.0437,0.0421,0.0388,0.0265,0.0176,-0.0058,-0.003,-0.008,-0.0046,0.0096,-0.0028,-0.0011,-0.0053,-0.0148,-0.0129,-0.0158,-0.0127,-0.0099,-0.0081,-0.0067
2000-09-24,31.9378,130.8615,E,,0.1134,0.1206,0.1181,0.111,0.1112,0.1,0.0963,0.0889,0.0819,0.0766,0.0681,0.0682,0.0545,0.0304,0.0055,-0.0143,-0.0212,-0.0179,-0.0449,-0.046,-0.0442,-0.0379,-0.0338,-0.0276,-0.0202,-0.0082,-0.0002,0.0036,0.0078
2000-09-24,31.9378,130.8615,N,,0.1347,0.1254,0.1242,0.1181,0.1181,0.0953,0.0636,0.0188,-0.0019,-0.0028,-0.0186,-0.0266,-0.0278,-0.0314,-0.0333,-0.0349,-0.0343,0.0005,0.0227,0.0241,0.0222,0.0227,0.0206,-0.0031,-0.002,-0.0045,-0.0032,-0.0062,-0.0051
2000-09-24,31.9378,130.8615,NE,0.1068,0.1066,0.1035,0.1051,0.1075,0.11,0.1107,0.1089,0.1015,0.0801,0.0633,0.0581,0.0456,0.0488,0.0373,0.0034,-0.0237,-0.0348,-0.0382,-0.0404,-0.0331,-0.0329,-0.0269,-0.0269,-0.0117,-0.0043,-0.0009,0.0052,0.0041,-0.0149
2000-09-24,31.9378,130.8615,NO,0.1385,0.1389,0.1214,0.1037,0.0637,0.0488,0.022,0.0129,-0.0009,-0.0141,-0.0231,-0.0349,-0.0408,-0.0459,-0.0487,-0.0521,-0.0549,-0.0224,0.007,0.0191,0.0204,0.0271,0.0191,0.0231,0.0117,0.0135,0.0115,0.0071,0.0097,0.0083
2000-09-24,31.9378,130.8615,O,,0.1347,0.1148,0.0949,0.0686,0.0471,0.0354,0.0133,0.0106,0.0009,-0.0167,-0.031,-0.0352,-0.005,0.0218,0.0379,0.0423,0.0375,0.0321,0.0203,0.0172,0.0028,-0.0022,-0.006,0.0017,0.0014,0.0056,-0.0015,0.0078,0.004
2000-09-24,31.9378,130.8615,S,,0.1387,0.1138,0.0914,0.0915,0.0614,0.0989,0.0437,0.0167,0.0162,0.0021,-0.0068,-0.0085,-0.0121,-0.0165,-0.0142,-0.0086,-0.0028,-0.0028,0.0018,0.0069,-0.003,-0.0088,-0.0049,-0.0124,-0.0074,-0.0025,-0.0036,1e-04,0.0015
2000-09-24,31.9378,130.8615,SE,0.1047,0.1049,0.1095,0.0979,0.0983,0.0954,0.0496,0.0373,0.0324,0.0142,-0.0115,-0.0231,-0.0249,-0.0281,-0.0273,-0.0277,-0.0048,0.0021,0.0083,0.014,0.0097,0.0029,0.0165,-0.0086,-0.001,-0.0049,0.0007,0.001,0.0003,0.0
2000-09-24,31.9378,130.8615,SO,0.14,0.1299,0.1069,0.0845,0.0659,0.0577,0.0749,0.0681,0.0668,0.0187,0.0085,-0.0067,-0.0083,-0.0086,-0.0081,-0.011,-0.0106,-0.0071,-0.0079,-0.0143,-0.0121,-0.0119,-0.0073,-0.0028,-0.0013,0.0039,0.005,0.0065,0.0067,0.0067
2000-12-29,31.9339,130.8662,E,0.1009,0.0775,0.0515,0.0294,-0.0042,-0.0148,-0.0168,-0.0197,-0.0211,-0.0221,-0.0231,-0.024,-0.0252,-0.024,-0.0273,-0.0233,-0.0218,-0.0107,0.0034,0.0075,0.0085,0.0104,0.0083,-0.0041,-0.0045,-0.0087,-0.008,-0.0062,-0.0153,-0.013
2000-12-29,31.9339,130.8662,N,0.0341,0.0182,0.0048,0.0042,-0.0034,-0.007,-0.007,-0.006,-0.0068,-0.0046,-0.0102,-0.0087,0.0062,0.0129,0.0102,0.0133,0.0289,0.0389,0.0287,0.0177,0.0142,0.0142,0.0101,0.0017,-0.0111,-0.0151,-0.0185,-0.0208,-0.0216,-0.0221
2000-12-29,31.9339,130.8662,NE,,0.0619,0.0501,0.0362,0.0253,0.0257,0.0221,0.0294,0.0236,0.0233,0.0144,0.0061,-0.0027,-0.004,-0.0072,-0.0056,-0.0059,-0.0025,-0.0024,-0.0016,-0.001,-0.0035,-0.0038,-0.0023,-0.0018,0.0014,0.0023,0.003,0.0031,0.0002
2000-12-29,31.9339,130.8662,NO,,0.0153,0.0037,0.0026,0.0031,0.0078,0.0054,0.0056,0.0065,0.0052,0.0018,0.0006,0.0013,-0.0003,0.0042,0.0021,-0.0013,-0.0053,-0.0101,-0.0056,-0.0065,-0.0064,-0.003,-0.0011,-0.0052,0.0013,0.0049,0.0057,0.0084,0.0092
2000-12-29,31.9339,130.8662,O,0.0719,0.0503,0.0377,0.0219,0.012,0.0115,0.0076,0.0068,0.0021,0.0051,0.0005,-0.0041,-0.0048,-0.0047,-0.0043,-0.0011,-0.0005,-0.0012,0.0006,-0.0016,0.0006,0.0016,0.0006,0.0032,0.0019,-0.0014,-0.0023,-0.0028,-0.0034,-0.0039
2000-12-29,31.9339,130.8662,S,0.0708,0.0576,0.0415,0.0415,0.0261,0.0149,0.0123,0.0179,0.018,0.018,0.0103,-0.0065,-0.019,-0.0139,-0.0192,-0.0103,-0.011,-0.0038,-0.0023,0.0025,-0.0038,0.0088,0.0045,0.0009,-0.0068,-0.0045,-0.0118,-0.0131,-0.0044,-0.0021
2000-12-29,31.9339,130.8662,SE,,0.0712,0.0418,0.0068,-0.0271,-0.0304,-0.0323,-0.0339,-0.0357,-0.037,-0.0389,-0.0397,-0.0412,-0.0426,-0.0432,-0.0444,-0.0442,-0.04,-0.0392,-0.0214,-0.0163,0.0005,0.0157,0.0286,0.0415,0.0463,0.0498,0.0355,0.0295,0.0116
2000-12-29,31.9339,130.8662,SO,,0.0206,0.0126,0.0037,-0.0037,-0.0033,-0.0057,-0.0042,-0.0078,-0.0063,-0.006,-0.0019,0.0033,0.009,0.0105,0.0104,0.0076,0.0038,0.004,0.0011,-0.0015,-0.0039,-0.0034,0.0002,-0.0,-0.0008,0.0004,-0.0032,-0.001,-0.0029
2001-02-15,31.9288,130.8607,E,,-0.0018,-0.0016,-1e-04,0.0023,0.0052,0.0089,0.0043,0.0018,0.0007,-0.0047,-0.008,-0.0084,-0.006,-0.0032,-1e-04,0.002,-0.0025,-0.0048,0.0085,,,,,,-0.018,,,,
2001-02-15,31.9288,130.8607,N,,0.0105,0.0081,0.0019,-0.0016,-0.0016,0.0005,0.0011,-0.0047,-0.0079,-0.0075,-0.0065,-0.0069,-0.0049,-0.0008,0.0004,0.001,0.0037,0.0041,0.0063,0.0032,0.0007,0.0009,-0.001,0.0014,0.0025,-0.003,0.0013,-0.0006,0.0047
2001-02-15,31.9288,130.8607,NE,0.001,0.0049,0.0075,0.0019,-0.0029,-0.0018,0.0012,0.0035,0.0027,0.0003,0.0033,-0.0019,-0.0048,-0.0058,-0.0031,-0.0026,0.001,-0.0011,0.0005,0.003,0.0023,0.0035,0.0023,0.0004,-0.0031,-0.0035,-0.0028,-0.0051,-0.0061,-0.0056
2001-02-15,31.9288,130.8607,NO,0.0224,0.0253,0.0223,0.0151,0.01,0.0062,0.0044,0.0058,0.0056,0.0049,0.0024,0.0004,-0.0036,-0.0045,-0.0041,-0.0032,-0.0004,-0.0008,-0.0039,-0.0014,-0.0012,-0.002,-0.0009,-0.0002,-0.0007,-0.0007,0.0023,0.0026,0.0009,0.0017
2001-02-15,31.9288,130.8607,O,,0.0086,0.0117,0.012,0.0073,0.0034,0.0024,0.0013,0.0011,0.0003,-0.0011,-0.0034,-0.0049,-0.0031,-0.0014,-0.0011,-0.0012,-0.0016,-0.0036,-0.0033,-0.0011,-0.0012,-0.0008,1e-04,0.0035,0.0028,0.0023,0.0017,0.0017,0.0049
2001-02-15,31.9288,130.8607,S,,0.0081,0.0082,0.002,-0.0055,0.0037,-0.0026,0.0057,0.0043,0.0013,0.0005,0.0006,0.0006,0.0,0.0003,0.0008,0.0003,0.0008,0.0011,0.0051,0.0037,0.0042,-0.0023,-0.0033,-0.0031,-0.0069,-0.0073,-0.0067,-0.0074,-0.0061
2001-02-15,31.9288,130.8607,SE,0.0226,0.0225,0.0231,0.0231,0.0179,0.0133,0.0114,0.0153,0.014,0.0125,0.0092,0.007,0.0043,0.0038,0.0002,-0.0026,-0.004,-0.0035,-0.0011,0.0018,-0.0022,-0.0006,-0.006,-0.0044,-0.0075,-0.0031,-0.0048,-0.0047,-0.0061,-0.007
2001-02-15,31.9288,130.8607,SO,0.0092,0.0108,0.0104,0.0062,0.0054,0.0,-0.0024,-0.004,-0.0056,-0.0036,-0.0042,-0.0074,-0.0053,-0.0054,-0.006,-0.0091,-0.0087,-0.0048,-0.0034,0.0014,0.0044,0.0037,0.0065,0.0055,0.0092,0.0052,0.0044,-0.0006,-0.0075,-0.0093
2001-03-19,31.9378,130.8596,E,,0.0507,0.0473,0.0414,0.0336,0.0259,0.0112,-0.0019,-0.0029,-0.0192,-0.0092,-0.0043,0.0017,0.0066,0.0111,0.0078,0.0039,-0.0125,-0.0131,-0.019,-0.0188,-0.02,-0.0188,-0.0177,-0.0145,-0.0107,-0.0048,-0.0022,0.0015,0.0062
2001-03-19,31.9378,130.8596,N,,0.0873,0.0483,0.0503,0.0535,0.0562,0.0518,0.0496,0.0436,0.0392,0.0335,0.0335,0.0247,0.0079,-0.0287,-0.0375,-0.0374,-0.0371,-0.0369,-0.0368,-0.0363,-0.0361,-0.0354,-0.0316,0.0021,0.0152,0.0175,0.0189,0.0183,0.0184
2001-03-19,31.9378,130.8596,NE,0.0201,0.014,0.0295,0.0434,0.046,0.0498,0.0545,0.0573,0.0619,0.0662,0.0687,0.069,0.0728,0.0641,0.0642,0.0516,0.0476,0.0303,0.0096,-0.0201,-0.0306,-0.0383,-0.0403,-0.0424,-0.0431,-0.037,-0.0306,-0.0254,-0.0209,-0.0135
2001-03-19,31.9378,130.8596,NO,0.1117,0.0997,0.0808,0.0603,0.0478,0.0595,0.0394,0.0368,0.0336,0.0158,-0.0061,-0.0164,-0.025,-0.0348,-0.0343,-0.0364,-0.0385,-0.035,-0.0383,0.0042,0.0035,0.0204,0.0266,0.0242,0.02,0.0208,0.017,0.018,0.0217,0.0251
2001-03-19,31.9378,130.8596,O,,0.0783,0.0733,0.0677,0.0577,0.0433,0.0344,-0.0056,-0.0159,-0.0268,-0.0305,-0.0324,-0.0184,-0.0132,-0.0007,0.0023,0.0174,0.022,0.0205,0.0206,0.0176,0.0117,0.009,0.0058,0.0041,0.0006,0.0,0.0019,-0.0002,0.0034
2001-03-19,31.9378,130.8596,S,,0.0737,0.0355,0.0145,-0.0073,-0.0171,-0.0163,-0.0158,-0.0112,-0.0067,0.0022,0.0115,0.0121,0.0165,0.0106,0.0053,-0.0018,-0.0058,-0.0046,-0.0073,1e-04,-0.0044,-0.006,-0.0063,-0.0069,-0.0034,-0.0035,-0.0039,0.0047,0.0052
2001-03-19,31.9378,130.8596,SE,0.0543,,0.0582,0.0489,0.0258,0.0038,-0.013,-0.0164,-0.0185,-0.0207,-0.022,-0.0263,0.0139,0.023,0.0112,0.0128,0.0122,0.0077,-0.0064,-0.0041,-0.0054,-0.0063,-0.0028,-0.0093,-0.0051,-0.0036,-0.0018,-0.0033,0.0046,0.0043
2001-03-19,31.9378,130.8596,SO,0.1033,0.0987,0.0655,0.0335,0.0239,0.01,0.0017,-0.0014,-0.0021,-0.0014,-0.0012,-0.0032,-0.0015,-0.002,0.0003,0.0024,0.0021,0.0028,1e-04,0.0033,-0.0003,0.0046,0.005,0.0055,0.0017,0.0083,0.0075,0.0089,0.0051,0.0051
2001-04-04,31.9378,130.8612,E,,0.0991,0.0991,0.1033,0.1053,0.1031,0.1015,0.0955,0.0876,0.0835,0.0782,0.0668,0.047,0.0327,0.0156,-0.0074,-0.0218,-0.0231,-0.0236,-0.0373,-0.0356,-0.0344,-0.0299,-0.0221,-0.0193,-0.0148,-0.0081,-0.003,0.0036,0.0063
2001-04-04,31.9378,130.8612,N,,0.1064,0.0992,0.0918,0.0885,0.0854,0.0833,0.0748,0.0479,0.0015,-0.019,-0.0278,-0.0293,-0.0304,-0.0328,-0.0347,-0.0363,-0.0378,-0.0382,-0.0109,0.0139,0.0152,0.0172,0.0179,0.0201,0.0127,0.0054,-0.0009,-0.0003,-0.0015
2001-04-04,31.9378,130.8612,NE,0.0872,0.083,0.0828,0.0744,0.0695,0.069,0.0717,0.0703,0.0703,0.0702,0.0657,0.0626,0.059,0.0457,0.0449,-0.001,-0.0166,-0.0233,-0.0296,-0.0336,-0.0311,-0.0299,-0.0231,-0.0219,-0.0188,-0.0173,-0.0067,-0.0024,-1e-04,-0.0045
2001-04-04,31.9378,130.8612,NO,0.1253,0.1215,0.1149,0.1056,0.0763,0.068,0.0352,0.0185,0.0047,-0.0088,-0.0241,-0.0304,-0.0344,-0.0398,-0.0432,-0.045,-0.0467,-0.0351,-0.0066,0.0209,0.0191,0.0202,0.0129,0.0165,0.0169,0.0137,0.012,0.0178,0.0142,0.0174
2001-04-04,31.9378,130.8612,O,,0.1018,0.0883,0.0682,0.0438,0.0291,0.0229,0.002,-0.0087,-0.0205,-0.0275,-0.0459,-0.05,-0.042,-0.0088,0.0034,0.0078,0.0189,0.0203,0.0205,0.0177,0.011,0.0085,0.0049,0.0015,0.0029,0.0021,0.0037,0.003,0.0035
2001-04-04,31.9378,130.8612,S,,0.101,0.0922,0.0853,0.1118,0.0847,0.0763,0.0347,0.0149,-0.0028,-0.0122,-0.011,-0.013,-0.0121,-0.0064,0.0095,0.0145,0.0147,0.0153,0.0128,0.0044,-0.0043,-0.0048,-0.0093,-0.0083,-0.0064,-0.0045,-0.0032,-0.0005,-0.0003
2001-04-04,31.9378,130.8612,SE,0.0921,0.0861,0.0856,0.0808,0.0681,0.0551,0.0501,0.0497,0.0312,0.0023,-0.0098,-0.0193,-0.0225,-0.0213,-0.0164,-0.0075,0.0007,0.0164,0.0153,0.0123,0.0123,0.0081,0.007,-0.0158,-0.0062,-0.0049,-0.0008,0.0012,0.0005,-0.0014
2001-04-04,31.9378,130.8612,SO,0.1221,0.0942,0.083,0.0713,0.0617,0.0952,0.0787,0.0685,0.0229,0.0091,-0.0029,-0.0054,-0.0056,-0.0041,-0.005,-0.0092,-0.0094,-0.0053,-0.0029,0.0007,0.0,0.002,0.0026,-0.0002,0.0003,0.0016,-0.001,0.0011,0.0017,0.0034
2001-07-25,31.9378,130.8618,E,0.1288,0.136,0.136,0.1434,0.1409,0.1285,0.1103,0.089,0.0642,0.053,0.0473,0.0512,0.045,0.0369,0.0322,0.0144,0.0017,-0.0037,-0.0076,-0.0384,-0.0371,-0.0356,-0.0335,-0.0297,-0.0242,-0.0203,-0.0082,-0.002,0.0009,0.0042
2001-07-25,31.9378,130.8618,N,,0.1594,0.1655,0.1593,0.1616,0.1432,0.0841,0.0411,-0.0021,-0.0039,-0.0068,-0.0179,-0.0206,-0.023,-0.0248,-0.0263,-0.0276,0.0038,0.025,0.0313,0.0269,0.0271,0.0206,-0.0045,-0.0121,-0.0102,-0.0091,-0.0062,-0.005,-0.0052
2001-07-25,31.9378,130.8618,NE,,0.1331,0.1367,0.1441,0.1367,0.1367,0.131,0.119,0.0934,0.0555,0.0359,0.0223,0.0218,0.0291,-1e-04,-0.0031,-0.0181,-0.025,-0.0249,-0.0244,-0.0235,-0.0231,-0.0224,-0.014,-0.0098,0.0006,0.0061,0.0118,0.0012,-0.0186
2001-07-25,31.9378,130.8618,NO,0.205,0.1781,0.1694,0.1464,0.107,0.0876,0.0692,0.0518,0.0326,0.0108,1e-04,-0.0077,-0.0137,-0.0151,-0.016,-0.046,-0.0569,-0.0014,0.0139,0.0218,0.018,0.0117,0.0041,-0.0026,-0.0028,-0.0056,0.0017,-0.008,0.0042,0.0097
2001-07-25,31.9378,130.8618,O,,0.1856,0.1589,0.135,0.109,0.0855,0.0676,0.0443,,,,,,,,,,,,,,,,,,,,,,
2001-07-25,31.9378,130.8618,S,,0.1702,0.1674,0.1328,0.0808,0.0624,,,,,,,,,,,,,,,,,,,,,,,,
2001-07-25,31.9378,130.8618,SE,0.1329,0.1292,0.1328,0.1401,0.1192,0.0969,0.0734,0.0703,0.0676,0.0731,0.0276,0.0056,-0.0066,-0.0159,-0.0137,-0.0216,-0.0215,-0.0215,-0.0206,-0.013,-0.0117,-0.0128,-0.0222,-0.0159,-0.0014,0.004,0.0202,-0.0003,0.002,-0.0071
2001-07-25,31.9378,130.8618,SO,0.0695,0.0689,0.0488,0.0216,0.0068,-0.0165,-0.0148,-0.0082,-0.0163,-0.0134,,,,,,,,,,,,,,,,,,,,
2002-03-06,31.9375,130.8593,E,,0.0134,0.0134,-0.0046,-0.0046,-0.0046,-0.0066,-0.0086,-0.0046,-0.0004,-0.0004,-0.0025,-0.0004,0.0051,-0.0003,-0.0003,-0.0003,-0.0003,-0.0045,-0.0045,-0.0006,-0.0047,-0.0046,-0.0046,-0.0047,-0.0047,-0.0006,-0.0005,0.0015,-0.0006
2002-03-06,31.9375,130.8593,N,,0.0049,0.0007,0.0007,0.0007,0.0008,0.0008,0.0008,0.0008,-0.0029,-0.0029,-0.003,0.0008,-0.003,-0.003,-0.003,-0.0013,-0.003,-0.0032,-0.0015,0.0004,0.0003,0.0003,0.0002,0.0002,1e-04,0.0,1e-04,0.0003,0.0004
2002-03-06,31.9375,130.8593,NE,0.0007,,0.0186,-0.0038,-0.0038,-0.0038,0.0003,0.0003,0.0003,0.0004,0.0004,0.0004,-0.0038,-0.0038,-0.0037,-0.0036,-0.0035,-0.0031,0.0008,0.0006,0.0009,-0.0033,0.0009,-0.0033,-0.0033,0.0006,0.0006,0.0005,0.0004,0.0004
2002-03-06,31.9375,130.8593,NO,-0.0019,,-0.006,-0.0064,-0.0058,-0.0064,-0.0064,-0.0062,-0.0059,0.0003,-0.0038,1e-04,-0.0049,-0.0018,-0.0008,-0.0011,-0.0009,-0.0007,-0.001,-0.003,-0.0026,-0.0024,-0.0032,-0.0036,-0.0038,-0.0011,-0.0005,0.0063,0.0027,0.0026
2002-03-06,31.9375,130.8593,O,,-0.0046,-0.0052,-0.005,-0.0054,-0.0056,-0.0057,-0.0019,0.0066,-0.0008,-0.0012,-0.0012,-0.0029,0.0004,-0.0016,-0.0016,-0.0025,-0.0024,-0.0006,-0.0004,-0.0019,0.0004,0.0004,-0.0004,1e-04,-0.0003,-0.0016,-0.0026,0.0006,0.0007
2002-03-06,31.9375,130.8593,S,,0.0213,0.0129,0.0045,0.0043,0.0032,0.0025,0.0017,0.0013,0.0037,0.0029,0.0019,0.0011,-0.0015,-0.0,0.0004,0.0006,-0.0005,-0.0014,-1e-04,-0.0015,-0.0028,-0.0048,-0.0017,0.0009,0.0007,0.0012,0.002,0.0026,0.0022
2002-03-06,31.9375,130.8593,SE,0.0478,0.0187,0.0063,-0.0022,-0.0026,-0.0024,-0.0025,-0.0029,-0.0033,-0.0036,-0.0038,-0.0006,0.0003,0.0025,0.0039,0.0034,0.0032,-0.002,-0.0016,0.0018,0.0018,0.0015,-0.0028,0.0006,0.0004,0.0004,0.0003,1e-04,-0.0004,-0.0005
2002-03-06,31.9375,130.8593,SO,0.038,0.0044,0.0044,0.0039,0.004,0.0082,0.0067,0.0053,0.0011,0.0055,0.0077,0.0078,0.0053,-0.0006,-0.0006,-0.0036,-0.0044,-0.0038,-0.0032,-0.0031,-0.0022,-0.0019,-0.0018,-0.0009,-0.0007,0.0032,0.0002,0.0006,0.0002,0.0013
2002-05-25,31.9375,130.8618,E,0.1286,0.1095,0.0934,0.0871,0.0881,0.094,0.087,0.0792,0.0664,0.058,0.052,0.048,0.0429,0.0339,0.0319,0.0332,0.0165,0.0035,-0.0023,-0.0057,-0.0364,-0.0383,-0.0349,-0.0292,-0.0261,-0.0203,-0.0168,-0.0093,-0.0024,-0.0003
2002-05-25,31.9375,130.8618,N,,0.1416,0.1505,0.132,0.1412,0.1253,0.0712,0.0354,0.0104,0.0014,-0.0083,-0.0294,-0.0355,-0.0401,-0.044,-0.0468,-0.0355,0.0117,0.0302,0.0347,0.0353,0.0292,0.0224,0.0043,-0.0052,-0.006,-0.0095,-0.0074,-0.0021,0.0024
2002-05-25,31.9375,130.8618,NE,,0.1042,0.1098,0.1165,0.1007,0.1053,0.1025,0.0993,0.0888,0.0749,0.0616,0.0407,0.0262,0.0223,-0.0184,-0.0052,-0.0101,-0.018,-0.0183,-0.0243,-0.0263,-0.021,-0.0201,-0.011,-0.0126,0.0007,0.0013,0.004,0.0046,-0.0208
2002-05-25,31.9375,130.8618,NO,0.1745,0.1443,0.1147,0.1012,0.0697,0.0506,0.0338,0.0231,0.0178,0.0112,-0.0019,-0.0186,-0.0136,-0.0312,-0.0307,-0.0176,0.0013,0.0144,0.0065,0.0281,0.0113,0.0137,0.0071,0.0026,-0.0002,0.0056,0.0056,0.0102,0.0132,0.0165
2002-05-25,31.9375,130.8618,O,,0.1784,0.1436,0.1122,0.0917,0.0729,0.0549,0.0521,0.0542,0.0481,0.0063,-0.0063,-0.0006,0.0121,0.0148,0.0181,0.0211,0.0061,0.0002,-0.0084,-0.0125,-0.0144,-0.0122,-0.0071,-0.0023,0.0032,0.0035,0.0039,0.0067,0.0112
2002-05-25,31.9375,130.8618,S,,0.1512,0.1551,0.1278,0.1047,0.1191,0.1101,0.0986,0.0893,0.0125,0.0058,-0.0006,-0.0109,-0.0096,-0.0225,-0.0218,-0.024,-0.0254,0.0064,-0.0124,0.0026,-0.0099,-0.0107,-0.0132,-0.0129,-0.0115,-0.009,-0.004,-0.002,0.0009
2002-05-25,31.9375,130.8618,SE,0.1241,0.1196,0.1028,0.098,0.0956,0.0917,0.0876,0.0801,0.0355,0.0386,0.0258,0.0098,-0.0089,-0.0283,-0.0251,-0.0302,-0.0232,-0.0235,-0.0198,0.0051,0.0136,0.013,0.0223,0.0135,0.0029,0.0024,0.0065,-0.007,-0.0017,-0.0106
2002-05-25,31.9375,130.8618,SO,0.1859,0.1668,0.1498,0.1162,0.0954,0.0792,0.0689,0.074,0.0582,0.0498,0.0365,0.0096,-0.0002,-0.0106,-0.0102,-0.0033,-0.0101,-0.0043,-0.0135,-0.011,-0.0079,-0.0092,-0.0081,-0.0073,-0.0036,0.0004,0.0031,0.0046,0.0073,0.0095
2002-10-16,31.9342,130.8662,E,0.112,0.0767,0.0278,-0.0105,-0.0112,-0.0152,-0.0181,-0.0198,-0.021,-0.0223,-0.0233,-0.0247,-0.025,-0.0253,-0.0242,-0.016,0.0035,0.0066,0.0117,0.0128,0.0124,0.0093,-0.0103,-0.0108,-0.0108,-0.0135,-0.0096,-0.023,-0.0243,-0.0194
2002-10-16,31.9342,130.8662,N,0.0604,0.0395,0.0373,0.0265,0.0185,0.0098,0.0038,0.0012,0.0014,-0.0008,-0.0045,-0.006,1e-04,0.0027,-0.0009,0.0004,0.0322,0.0374,0.026,0.024,0.0261,0.0263,0.0153,0.0004,-0.0325,-0.032,-0.0365,-0.0322,-0.0367,-0.037
2002-10-16,31.9342,130.8662,NE,,0.078,0.0705,0.0587,0.0425,0.0464,0.0431,0.0425,0.0225,0.0116,0.0053,0.0011,-0.0049,-0.0047,-0.0035,-0.0041,-0.0034,-0.0017,-0.0026,-0.0009,-0.0034,-0.0063,-0.0053,-0.0029,0.0022,0.0045,0.0028,0.0039,0.0021,0.0012
2002-10-16,31.9342,130.8662,NO,,0.0256,0.0093,-0.0008,0.0005,0.0024,0.0123,0.0099,0.0137,0.0102,0.0029,0.0038,0.0015,0.0025,0.0041,0.0016,-0.0014,-0.0021,-0.0062,-0.0027,-0.0057,-0.0102,-0.0094,-0.0086,-0.0078,-0.0065,-0.0056,-0.0011,0.0035,1e-04
2002-10-16,31.9342,130.8662,O,,0.0659,0.0344,0.0203,0.0167,0.0121,0.0086,0.0057,0.0028,0.0004,0.0022,0.0029,0.0043,0.0021,-0.0009,-0.0029,-0.0024,-0.0008,-0.0007,-0.0012,-0.0017,-0.0034,-0.0032,0.0007,-0.0015,-0.0007,-0.0002,0.0015,-0.0006,-0.0007
2002-10-16,31.9342,130.8662,S,0.1009,0.0753,0.0476,0.0476,0.0179,-0.0092,-0.0237,-0.0211,-0.0179,-0.0175,-0.0141,-0.0183,-0.0156,-0.0103,-0.0124,-0.0093,-0.0116,-0.0123,-0.0013,0.0084,-0.0005,0.0077,-0.0068,-0.0074,-0.005,-0.0183,-0.0134,-0.0161,-0.0072,-0.001
2002-10-16,31.9342,130.8662,SE,,0.0874,0.0262,-0.0076,-0.0191,-0.0296,-0.0379,-0.0452,-0.0523,-0.0576,-0.0615,-0.0622,-0.0611,-0.057,-0.0463,-0.0325,-0.0188,-0.0108,-0.0007,0.0037,0.0059,0.0139,0.0221,0.0333,0.0447,0.0333,0.0379,0.022,0.013,-0.0193
2002-10-16,31.9342,130.8662,SO,0.0752,0.0564,0.0354,0.0239,0.0238,0.0274,0.0142,0.0162,0.0024,0.007,0.0113,0.0107,0.0042,0.0008,-0.0012,-0.003,-0.0018,-0.0039,-0.0032,-0.003,-0.0025,-0.0016,-0.0026,-0.0053,-0.0046,-0.0035,-0.0021,-0.0025,-0.0004,0.0003
2003-04-10,31.9378,130.8612,E,,0.1156,0.1114,0.1156,0.1216,0.1131,0.1025,0.0948,0.0907,0.0893,0.0783,0.068,0.0556,0.0408,0.0236,0.0058,-0.0093,-0.0198,-0.0232,-0.0366,-0.0378,-0.0396,-0.0309,-0.0269,-0.0197,-0.0132,-0.0082,-0.0028,0.0032,0.0071
2003-04-10,31.9378,130.8612,N,,0.1226,0.107,0.0955,0.0879,0.0772,0.0771,0.0652,0.0423,0.0017,-0.0193,-0.0271,-0.0291,-0.031,-0.0348,-0.0378,-0.0405,-0.0425,-0.0321,0.0049,0.0173,0.018,0.0208,0.0222,0.023,0.012,0.0009,-0.0019,-0.0009,-0.0023
2003-04-10,31.9378,130.8612,NE,0.1034,0.0951,0.0951,0.0851,0.0851,0.0767,0.0694,0.0738,0.0737,0.0736,0.0648,0.0612,0.0569,0.039,0.0403,0.0024,-0.0108,-0.0211,-0.0336,-0.033,-0.0329,-0.0324,-0.028,-0.0274,-0.0203,-0.0182,-0.0044,-0.0004,0.0022,-0.0043
2003-04-10,31.9378,130.8612,NO,0.1442,0.1321,0.1211,0.1075,0.0819,0.0605,0.0444,0.0313,0.0203,0.0107,-0.0016,-0.0216,-0.0344,-0.0422,-0.0463,-0.0486,-0.0507,-0.0355,0.0068,0.0131,0.0125,0.03,0.0127,0.0177,0.0147,0.0121,0.0144,0.0191,0.0161,0.019
2003-04-10,31.9378,130.8612,O,,0.1263,0.1035,0.0869,0.0694,0.0527,0.0422,0.0233,0.0193,0.0106,0.0016,-0.0303,-0.0336,-0.0203,-0.0052,0.009,0.0168,0.0197,0.021,0.0241,0.0154,0.002,-0.0038,-0.006,-0.0013,0.001,0.0003,0.0031,0.0029,0.0093
2003-04-10,31.9378,130.8612,S,,0.1068,0.0891,0.086,0.1024,0.0767,0.0686,0.0306,0.0141,0.0026,-0.0095,-0.0157,-0.0183,-0.0202,-0.0099,0.009,0.0091,0.0159,0.0178,0.0166,0.0078,-0.0067,-0.0078,-0.0127,-0.0111,-0.0096,-0.0064,-0.0047,-0.0007,-0.0016
2003-04-10,31.9378,130.8612,SE,0.1054,0.0994,0.1031,0.0854,0.0667,0.0546,0.0523,0.0511,0.042,0.0164,-0.0064,-0.0189,-0.0202,-0.0225,-0.0201,-0.0088,0.0005,0.0155,0.0153,0.0117,0.0129,0.0048,-0.0009,-0.0116,-0.0011,0.002,0.002,0.0088,0.0038,0.0026
2003-04-10,31.9378,130.8612,SO,0.1472,0.1096,0.0913,0.0804,0.0693,0.0974,0.0839,0.0757,0.035,0.0206,-0.0049,-0.0005,-0.0057,-0.0056,-0.0049,-0.0061,-0.0051,-0.0086,-0.0098,-0.001,-0.0033,-0.0009,-0.0015,-0.0023,-0.0021,1e-04,0.0007,0.0045,0.0071,0.0087
2004-01-07,31.9342,130.8662,E,0.1406,0.109,0.0712,0.0347,0.0147,-0.0174,-0.0221,-0.0248,-0.0267,-0.0287,-0.0303,-0.0326,-0.0331,-0.0335,-0.0219,-0.0168,-0.0103,0.0017,0.0145,0.0173,0.0158,0.0144,0.051,0.0702,0.0921,,,,-0.0153,-0.0196
2004-01-07,31.9342,130.8662,N,0.0684,0.0396,0.0304,0.0236,0.0186,0.0116,0.0026,0.0015,0.0008,-0.0032,-0.0073,-0.0098,-0.0039,0.0104,0.0088,0.0048,0.018,0.0314,0.025,0.0142,0.0133,0.0143,0.0108,0.0052,-0.0095,-0.0094,-0.0177,-0.0236,-0.0229,-0.0243
2004-01-07,31.9342,130.8662,NE,,0.0897,0.078,0.0571,0.0437,0.0462,0.0372,0.0332,0.0123,0.0105,0.0083,0.003,0.0015,-0.0004,-0.0023,-0.0019,-0.002,-0.0029,-0.0028,0.0005,-0.002,-0.0029,-0.0008,0.0006,0.0016,0.0058,0.0045,0.0039,0.0036,0.0039
2004-01-07,31.9342,130.8662,NO,,0.0376,0.0139,0.0062,0.0069,0.0076,0.0066,0.005,0.0032,0.0017,0.0021,0.0026,0.01,0.0049,0.0081,0.0023,-0.0014,-0.0039,-0.0056,-0.0063,-0.0086,-0.0075,-0.0066,-0.0061,-0.0055,-0.0047,1e-04,0.001,0.004,0.001
2004-01-07,31.9342,130.8662,O,,0.0897,0.0629,0.0457,0.0322,0.0311,,,,,,0.0052,0.0094,0.004,0.0056,0.0021,0.0039,0.0047,0.0046,0.0021,0.0002,-0.0031,-0.0022,-0.0036,-0.0026,0.0014,0.0024,0.0005,-0.0012,1e-04
2004-01-07,31.9342,130.8662,S,0.1116,0.0914,0.0624,0.0624,0.0341,0.0142,0.0059,0.0072,0.0022,0.0022,-0.0142,-0.0251,-0.0255,-0.0231,-0.0237,-0.021,-0.0208,-0.0181,-0.0202,-0.0217,-0.0223,-0.0133,-0.0017,-0.0089,-0.0064,-0.0035,-0.0013,-0.0005,0.0072,0.0108
2004-01-07,31.9342,130.8662,SE,,0.0748,0.0275,-0.0322,-0.0424,-0.0451,-0.0466,-0.0479,-0.0492,-0.0504,-0.0517,-0.0526,-0.0537,-0.0548,-0.0551,-0.0552,-0.0531,-0.0271,-0.019,-0.0084,-0.0041,0.0153,0.0258,0.0395,0.0559,0.0544,0.0343,0.0321,0.0154,-0.004
2004-01-07,31.9342,130.8662,SO,0.0923,0.0715,0.0552,0.0381,0.0288,0.0348,0.0401,0.0485,,,,,0.0046,0.0062,0.007,0.0046,0.0025,-0.0,-0.001,0.0014,0.002,1e-04,-0.0003,-0.0027,-0.0022,-0.0038,-0.0012,-0.0011,0.0021,0.0005
2004-10-21,31.9378,130.8593,E,,0.0368,0.0368,0.0348,0.0217,-0.0002,-0.011,-0.0286,-0.0286,-0.0266,-0.0218,-0.0122,0.0064,0.0102,0.0193,0.0029,-0.0125,-0.0233,-0.0232,-0.0215,0.0024,0.0168,,,,-0.0078,-0.0091,-0.0091,-0.0024,0.0042
2004-10-21,31.9378,130.8593,N,,0.0454,0.0389,0.0411,0.0404,0.0416,0.0371,0.0316,-0.0022,-0.0034,0.018,0.0179,0.0036,0.022,0.0186,-0.0113,-0.0254,-0.0229,-0.0292,-0.0291,-0.0284,-0.0236,-0.0183,-0.0132,-0.0087,-0.0012,0.0103,0.0182,0.0186,0.0152
2004-10-21,31.9378,130.8593,NE,-0.009,,0.0009,0.0334,0.0427,0.0415,0.0396,0.0439,0.0505,0.0575,0.059,0.0642,0.0672,0.0668,0.0634,0.058,0.0527,0.0277,0.0199,-0.0134,-0.0371,-0.0424,-0.0577,-0.0646,-0.0636,-0.0616,-0.0592,-0.0502,-0.0419,-0.035
2004-10-21,31.9378,130.8593,NO,0.091,,0.0834,0.056,0.0552,0.0417,0.0326,0.0339,0.0265,0.0189,0.0081,-0.0179,-0.0267,-0.0266,-0.028,-0.0287,-0.0302,-0.0321,-0.0326,-0.0339,0.0157,0.0154,0.0137,0.0115,0.0137,0.0152,0.0164,0.0174,0.0188,0.0136
2004-10-21,31.9378,130.8593,O,,0.0751,0.0663,0.0619,0.0533,0.0401,0.0334,-0.0109,-0.0164,,,,,,-0.0236,-0.018,-0.0155,-0.0072,-0.0088,-0.002,0.0021,0.0025,0.0018,0.0018,0.0016,0.0017,0.0014,0.0052,0.005,0.0048
2004-10-21,31.9378,130.8593,S,,0.0195,0.0061,-0.0119,-0.0117,-0.0153,-0.0156,-0.0146,-0.0126,-0.0054,0.0041,-0.0002,0.0028,0.0025,0.0003,-0.0037,0.0005,-0.0028,-0.0,0.0002,-0.0019,-0.0012,-0.0019,-0.0023,0.0015,-0.0003,-0.0024,-0.0018,-0.0027,-0.0029
2004-10-21,31.9378,130.8593,SE,0.0467,0.039,0.0361,0.0143,-0.0042,-0.0101,-0.0133,-0.0163,-0.0181,-0.0195,-0.0144,-0.0059,0.0066,0.0087,0.0094,0.0119,0.0087,0.0028,-0.0003,-0.0022,-0.0018,0.0005,-0.0016,-0.0007,-0.0006,-0.0023,-0.0027,-0.0019,-0.0004,-0.0042
2004-10-21,31.9378,130.8593,SO,0.1095,0.0285,0.023,0.0161,0.0126,-1e-04,-0.0018,-0.0051,-0.0081,-0.0105,-0.0083,-0.0096,-0.0112,-0.0085,0.0057,0.0055,0.0055,0.005,0.0002,-0.0011,0.0002,-0.0015,0.0039,0.0006,0.0004,0.0034,0.003,0.0015,0.0021,-0.0005
2004-11-06,31.9344,130.8662,E,0.1259,0.0798,0.099,,,,,,-0.0255,-0.025,-0.0267,-0.0268,-0.0264,-0.0274,-0.025,-0.0114,0.005,0.0071,0.0076,0.0076,0.0075,-0.0091,-0.0078,-0.0088,-0.0101,-0.0093,-0.0157,-0.0187,-0.018,-0.0141
2004-11-06,31.9344,130.8662,N,0.0412,0.015,0.02,-0.0032,-0.0203,-0.0281,-0.0252,-0.032,-0.0257,-0.0299,-0.023,-0.0113,-0.004,0.0134,0.0298,0.0413,0.0687,0.0752,0.0629,0.0499,0.0375,0.0272,0.0055,-0.0205,-0.0266,-0.025,-0.025,-0.0215,-0.0094,-0.014
2004-11-06,31.9344,130.8662,NE,,0.109,0.0716,0.0622,0.0407,,,,,-0.0048,0.01,0.009,0.0046,0.0055,0.0048,0.0036,0.0039,0.0073,0.0033,-0.0006,-0.002,-0.0028,0.001,0.008,0.0048,0.0026,-0.0007,-0.0029,-0.004,-0.0017
2004-11-06,31.9344,130.8662,NO,,0.0342,0.0066,-0.0106,-0.0135,-0.0156,-0.0092,-0.0043,-0.0023,-0.0008,-0.0008,0.0016,0.0,0.0025,0.0095,0.0059,0.0078,0.0045,-1e-04,-0.0016,-0.0044,-0.0073,-0.0073,-0.0028,-0.004,-0.0068,-0.004,0.005,0.0117,0.0151
2004-11-06,31.9344,130.8662,O,,0.0791,0.0654,0.045,0.0281,0.0166,0.0094,0.0076,0.0088,0.0055,0.0025,0.0041,0.0019,0.0008,-0.0063,-0.0019,0.0026,0.0044,0.0026,-0.0002,-0.0022,-0.0021,-0.0027,-0.0022,-0.0033,-0.0065,-0.0053,0.0155,,
2004-11-06,31.9344,130.8662,S,0.1048,0.0882,-0.0052,-0.0047,-0.0311,-0.0269,-0.0274,-0.0212,-0.0196,-0.0156,-0.0174,-0.0226,-0.0184,-0.013,-0.0142,-0.013,-0.0008,-0.0198,0.0046,-0.0023,0.0109,0.0185,0.0109,-0.0052,-0.0093,-0.0038,-0.007,-0.0046,-0.0024,0.0126
2004-11-06,31.9344,130.8662,SE,,0.0423,-0.0252,-0.0692,-0.0709,-0.0733,-0.0748,-0.0757,,,-0.0836,-0.086,-0.087,-0.0726,-0.0413,-0.0189,-0.0077,-0.0075,-0.0076,-0.0063,-0.0058,0.0025,0.0091,0.018,0.0228,0.0257,0.0374,0.026,0.0234,-0.0672
2004-11-06,31.9344,130.8662,SO,0.0704,0.0558,0.0265,0.0178,0.0087,0.0033,-0.0012,0.0055,-0.002,0.0051,0.0002,0.0044,0.0039,0.0033,0.0068,0.0055,0.0054,0.002,0.002,0.0018,1e-04,-0.0013,-0.0031,-0.0009,0.003,0.0026,0.004,0.0016,0.0008,-0.0006
2004-11-22,31.9342,130.8662,E,0.0885,0.0481,0.02,0.0086,,,,,,-0.0289,-0.0285,-0.0269,-0.0267,-0.0258,-0.0258,-0.0249,-0.0199,-0.0055,0.0031,0.0064,0.0077,-0.001,-0.0139,-0.0112,-0.0141,-0.0176,-0.0046,-0.0134,-0.0177,-0.0131
2004-11-22,31.9342,130.8662,N,0.0396,0.0263,0.0153,0.0072,-0.0082,-0.0146,-0.0176,-0.0148,-0.0111,-0.0149,-0.0126,-0.0136,-0.0041,0.0091,0.0189,0.0277,0.0535,0.0569,0.0561,0.0426,0.0426,0.0206,0.016,0.0035,-0.0226,-0.0274,-0.0282,-0.0282,-0.0274,-0.0258
2004-11-22,31.9342,130.8662,NE,,0.0785,0.0606,0.0504,0.0403,,,,,,0.0061,0.0087,0.0087,0.0068,0.0025,0.0021,1e-04,0.0029,0.001,0.0017,-0.001,-0.0061,-0.0045,-0.004,0.0013,0.0015,0.0045,0.0017,-0.0002,-0.0031
2004-11-22,31.9342,130.8662,NO,,0.0369,0.0149,-0.0003,-0.0026,-0.0018,0.0004,0.0035,0.0074,0.0082,0.0032,0.0014,0.0002,-0.0017,0.0018,0.0004,0.0021,0.001,-0.0079,-0.0078,-0.0104,-0.0061,-0.0092,-0.0064,-0.0024,0.0026,0.0056,0.0085,0.0101,0.01
2004-11-22,31.9342,130.8662,O,,0.0708,0.0518,0.0334,0.0175,0.0126,0.0087,0.002,0.0022,0.004,0.0049,0.0026,-0.0019,-0.0008,-0.0008,-0.0038,-0.0006,0.0018,-0.0007,-0.0008,1e-04,0.0007,-0.0006,-0.0013,-0.0007,-0.0022,0.0184,,,
2004-11-22,31.9342,130.8662,S,0.0823,0.0516,0.0206,0.0206,-0.0097,-0.0216,-0.0278,-0.03,-0.0251,-0.0244,-0.0196,-0.0235,-0.019,-0.0133,-0.0171,-0.0021,-0.0021,-0.0182,0.0062,0.0214,0.0097,0.0184,0.0035,0.0027,0.0054,-0.0079,-0.0008,-0.0005,-0.0016,0.0117
2004-11-22,31.9342,130.8662,SE,,-0.0179,-0.0753,-0.0895,-0.0848,-0.079,-0.0753,-0.0726,-0.0693,-0.0691,-0.0691,,-0.0534,-0.0496,-0.0482,-0.0479,-0.0371,-0.0247,-0.0228,-0.0291,-0.023,-0.0089,-0.0018,0.0201,0.0389,0.0293,0.0423,0.0432,0.0434,-0.0387
2004-11-22,31.9342,130.8662,SO,0.0571,0.0397,0.0172,0.0063,0.0031,0.0073,-0.0037,0.0026,-0.0057,0.0008,-0.0051,-0.0012,-0.001,-0.0013,0.0029,0.0024,0.0041,0.0021,0.0013,0.0004,-0.0003,0.0018,-0.0008,0.0015,-1e-04,0.0055,0.0009,0.0026,0.0008,0.0005
2005-03-30,31.9342,130.8662,E,0.1023,0.0712,0.0291,-0.0166,-0.0175,-0.0199,-0.0217,-0.0227,-0.0241,-0.0284,,,,,,-0.0248,-0.0177,-0.0073,0.0041,0.0034,0.008,0.0084,-0.003,-0.0056,-0.0049,-0.0061,-0.0071,-0.0114,-0.0175,-0.016
2005-03-30,31.9342,130.8662,N,0.081,0.0705,0.0621,0.0551,0.0415,0.0189,0.0071,-1e-04,-0.0024,-0.0082,-0.0144,-0.0154,-0.0089,0.0166,0.0172,0.0076,0.0193,0.0317,0.0349,0.0448,0.0376,0.0387,0.0094,-0.0013,-0.0182,-0.0146,-0.0105,-0.0175,-0.0408,-0.0361
2005-03-30,31.9342,130.8662,NE,,0.0747,0.0582,0.0443,0.0275,0.029,0.0183,0.0168,-0.0002,-0.003,-0.0016,0.0018,0.0091,0.0119,0.0182,0.0202,0.0068,0.0037,0.0022,0.0029,-0.0017,-0.0042,-0.0039,-0.0018,0.0015,0.0008,-0.0011,0.0019,0.0,-0.0034
2005-03-30,31.9342,130.8662,NO,,0.0786,0.054,0.0355,0.0297,0.0279,0.0201,0.0153,0.0129,0.0084,0.004,0.0019,0.0008,0.0016,0.0062,-0.0048,0.004,-0.0069,-0.0159,-0.0207,-0.0215,-0.0211,-0.0156,-0.0089,-0.0047,-0.0032,-0.0102,0.0011,-0.0022,0.0023
2005-03-30,31.9342,130.8662,O,,0.0614,0.0454,0.0294,0.0201,0.0121,0.0066,0.0072,0.0036,0.0009,-0.0013,0.0053,0.0091,0.0084,0.0065,-0.0003,0.0009,-0.0059,0.0051,0.0185,0.0187,,,,-0.0124,0.0002,1e-04,0.0075,0.0074,0.0057
2005-03-30,31.9342,130.8662,S,0.0965,0.0801,0.0419,0.0419,0.0119,-0.0026,-0.0059,-0.0089,-0.0097,-0.0091,0.0034,-0.0095,-0.0058,0.0057,0.0039,0.0092,0.0138,-0.0034,0.0053,0.0094,0.0011,0.0014,-0.0118,-0.0175,-0.0156,-0.0145,-0.0122,-0.0093,-0.0049,0.0025
2005-03-30,31.9342,130.8662,SE,,0.0822,0.0162,-0.0183,-0.0266,-0.0341,-0.0397,-0.0454,-0.0497,-0.0516,-0.0511,-0.052,-0.0492,-0.0482,-0.0476,-0.0355,-0.0254,-0.0201,-0.018,-0.0184,-0.0136,-0.0022,0.0225,0.0378,0.047,0.0498,0.0463,0.0609,0.0483,0.0051
2005-03-30,31.9342,130.8662,SO,0.0661,0.0492,0.0386,0.0262,0.025,0.0252,0.0136,0.0161,0.0092,0.0158,0.0085,0.0067,0.0021,0.0013,0.0035,0.0035,0.0033,0.0004,-0.0008,-0.0102,-0.014,-0.0189,-0.0114,-0.0149,-0.0163,-0.014,0.0002,0.0079,0.0148,0.0173
2005-04-15,31.9344,130.8665,E,0.1192,0.0822,0.0669,0.0083,-0.0103,-0.0197,-0.0206,-0.0229,-0.0225,-0.0244,-0.0236,-0.0247,-0.0231,-0.0249,-0.0248,-0.0216,-0.0035,0.0115,0.0148,0.0189,0.013,0.0033,0.0277,0.0554,0.0663,,,,-0.009,-0.026
2005-04-15,31.9344,130.8665,N,0.0669,0.0672,0.0314,0.011,0.0049,-0.0091,-0.0129,-0.0125,-0.0107,-0.0141,-0.0148,-0.0125,-0.0039,-0.0035,0.0015,0.0156,0.0163,0.0264,0.0267,0.0312,0.0202,0.0102,-0.0028,-0.0336,-0.0352,-0.0361,-0.0382,-0.0394,-0.0392,-0.0402
2005-04-15,31.9344,130.8665,NE,,0.0749,0.0573,0.0182,0.0212,0.021,0.0206,0.0159,0.0151,0.0137,0.0124,0.0123,0.0079,0.0045,-0.0032,-0.0052,-0.0037,-0.0066,-0.0091,-0.0083,-0.0048,-0.0071,0.0016,0.002,0.0068,0.01,0.005,0.0025,0.005,0.0081
2005-04-15,31.9344,130.8665,NO,,0.0996,0.0631,0.0358,0.036,0.0308,0.0281,0.0207,0.017,0.0153,0.0187,0.0232,0.0242,0.0068,-0.0085,-0.0112,-0.0159,-0.0182,-0.0243,-0.0241,-0.022,-0.0211,-0.0119,-0.0064,0.0055,0.0041,0.003,0.0082,0.0123,0.0067
2005-04-15,31.9344,130.8665,O,,0.1317,0.0969,0.0764,0.046,,,,,,,-0.0105,0.0051,0.0025,-0.0008,0.0007,-0.0013,0.0005,0.0025,-0.0005,-0.003,-0.0071,-0.0072,-0.0066,-0.0053,-0.0035,-0.0038,-0.0015,-0.0052,-0.0057
2005-04-15,31.9344,130.8665,S,0.1317,0.1163,0.0544,0.0107,0.0107,-0.018,-0.0221,-0.0222,-0.0212,-0.019,-0.0214,-0.0008,-0.0219,0.0067,0.0105,0.0083,0.0128,0.0172,0.0161,0.0148,0.0172,0.0179,0.0224,0.018,-0.0085,-0.0176,-0.019,-0.019,-0.0224,-0.0225
2005-04-15,31.9344,130.8665,SE,,0.1022,0.0305,-0.0172,-0.0269,-0.037,-0.0434,-0.052,-0.0568,-0.0613,-0.0658,-0.0569,-0.0628,-0.0496,-0.044,-0.0174,0.0216,0.0188,0.0101,-0.0009,0.0013,0.0035,0.0093,0.0247,0.023,0.0258,0.0173,0.0175,0.0197,-0.0022
2005-04-15,31.9344,130.8665,SO,,0.1287,0.1137,0.0717,0.0511,0.0509,0.0521,0.0634,,,,,-0.0052,0.0021,0.0046,0.0052,0.0062,0.0016,0.0039,0.0031,1e-04,-0.0012,-0.0049,-0.0052,-0.0023,-0.0034,0.002,-0.005,-0.0006,-0.0031
2006-02-13,31.9378,130.8593,E,,0.0811,0.0772,0.0728,0.0567,0.0357,0.0263,0.0067,-0.0167,0.0709,,,,,,,0.0048,0.0087,0.0031,-0.0026,-0.0109,-0.0104,-0.0099,-0.0036,-0.0027,0.001,0.0047,0.0056,0.0058,0.0058
2006-02-13,31.9378,130.8593,N,,0.0778,0.0659,0.0439,0.0339,0.0193,0.0235,0.015,0.0233,0.0169,0.0141,0.0183,0.0149,0.0183,-0.0012,-0.0156,-0.0199,-0.0199,-0.0284,-0.0377,-0.0371,-0.0409,-0.041,-0.0331,-0.0177,0.0038,0.0259,0.0358,0.0409,0.0351
2006-02-13,31.9378,130.8593,NE,0.0352,,0.0367,0.025,0.0279,0.0207,0.0113,0.0171,0.0321,0.0452,0.0317,0.0407,0.0206,0.0307,0.0086,0.0107,0.0141,0.0083,0.0024,0.0009,0.0008,0.0007,-0.0036,-0.0087,-0.0053,-0.0074,-0.01,-0.0106,-0.0114,-0.0081
2006-02-13,31.9378,130.8593,NO,0.1226,,0.109,0.0707,0.0778,0.046,0.0355,0.0374,0.0259,0.0078,-0.0178,-0.0203,-0.022,-0.0289,-0.0372,-0.0404,-0.0451,-0.0374,-0.0372,-0.023,-0.0016,1e-04,0.0109,0.0381,0.0323,0.0468,0.0515,0.0556,0.0579,0.0636
2006-02-13,31.9378,130.8593,O,,0.0609,0.0561,0.0462,0.0414,0.0253,0.0199,-0.0137,-0.0166,-0.0308,-0.0273,-0.0235,-0.0149,-0.0062,0.0003,0.0038,0.0082,0.0271,0.0381,0.0409,,,,-0.0158,-0.0066,-0.001,0.0026,0.0019,0.0043,0.0024
2006-02-13,31.9378,130.8593,S,,0.0629,0.035,,-0.0167,-0.0179,-0.0187,-0.0154,-0.0051,0.0014,0.008,0.0057,0.0069,0.0057,0.0032,-0.0003,0.0014,-0.0026,0.001,0.0043,-0.0003,0.003,-0.0,0.0013,1e-04,0.0026,0.0025,0.0017,-0.0009,0.0003
2006-02-13,31.9378,130.8593,SE,0.0912,0.0926,0.0851,0.0443,0.0376,0.004,-0.0096,-0.0167,-0.0162,-0.019,0.0183,0.0296,0.0212,0.0155,0.0073,-0.0036,-0.0133,-0.0174,-0.026,-0.0208,-0.0182,-0.013,-0.0096,-0.0092,-0.0019,-0.0074,0.0019,0.0052,0.0078,0.0009
2006-02-13,31.9378,130.8593,SO,0.1011,0.0565,0.053,0.0329,0.0247,-0.0072,0.0011,-0.0057,-0.0034,-0.0044,-0.0054,-0.0084,-0.0034,0.0072,0.0048,0.0081,0.0057,0.0027,-0.0011,0.0028,-0.0023,-0.0019,-0.0017,-0.0009,0.0022,0.0134,0.0113,0.0077,0.0057,0.0042
2006-03-17,31.9391,130.8606,E,0.1071,0.1073,0.1034,0.1047,0.093,0.0732,0.0675,0.0472,0.0116,0.0146,-0.0005,-0.0006,-0.0009,-0.0012,-0.0176,-0.018,-0.0185,-0.0168,-0.0127,-0.0115,-0.0151,-0.0247,-0.0179,0.0093,,,0.0095,0.0092,0.0161,0.0171
2006-03-17,31.9391,130.8606,N,,0.0598,0.0593,0.0508,0.0342,0.0374,0.0414,0.0487,0.0519,0.0479,0.0248,0.0008,-0.0126,-0.0102,-0.0361,-0.0426,-0.0389,-0.0273,-0.0154,-0.0191,-0.0205,0.0166,0.0096,0.019,0.0188,0.0189,0.0204,0.0,-0.0008,0.0014
2006-03-17,31.9391,130.8606,NE,0.0667,0.0665,0.0667,0.0691,0.0687,0.0768,0.0808,0.0835,0.0745,0.071,0.055,0.0332,-0.0006,-0.0148,-0.0187,-0.0263,-0.0318,-0.0282,-0.0261,-0.0236,-0.0219,-0.0185,-0.0168,-0.0088,-0.0093,0.0076,0.0164,0.0142,0.0145,0.0102
2006-03-17,31.9391,130.8606,NO,0.0774,0.0752,0.0612,0.0489,0.0427,0.0421,0.0487,0.0617,0.0433,0.0371,0.0204,-0.0007,-0.0135,-0.0461,-0.0542,-0.0542,-0.0541,-0.054,-0.054,-0.0539,-0.0538,-0.0538,-0.0261,-0.0018,0.0221,0.025,0.0243,0.0212,0.018,0.0137
2006-03-17,31.9391,130.8606,O,,0.0662,0.0515,0.0499,0.0457,0.0415,0.0348,0.0326,,,,,,-0.0185,-0.0292,-0.028,-0.04,-0.0373,-0.0281,-0.0209,-0.0111,0.0083,0.0181,0.0163,0.0296,0.0293,0.0282,0.0171,0.0092,0.0139
2006-03-17,31.9391,130.8606,S,,0.0865,0.0775,0.06,0.0747,0.0498,0.0257,-0.0011,-0.0029,-0.0038,-0.004,-0.0054,0.0117,0.0175,0.0116,0.0043,0.0052,0.001,-0.0113,-0.0143,-0.0152,-0.0152,-0.0158,-0.0108,-0.0097,0.0019,0.0047,0.0109,0.0101,0.0194
2006-03-17,31.9391,130.8606,SE,,0.1194,0.0792,0.0581,0.0295,0.012,1e-04,-0.0015,-0.0044,-0.0028,-0.004,-0.0047,0.0006,-0.005,0.0179,-0.0069,0.0186,0.0008,0.0078,-0.0084,-0.0107,-0.0065,-0.0065,-0.0072,-0.0084,-0.0086,-0.0085,-0.0065,-0.0035,-0.0028
2006-03-17,31.9391,130.8606,SO,0.1151,0.1064,0.0914,0.0838,0.0831,0.0767,0.1027,0.0418,-0.0006,-0.015,-0.0154,,,,-0.0053,-0.0062,-0.0084,-0.0116,-0.009,-0.002,-0.0016,0.0008,-0.0006,-0.004,-0.0003,0.0008,0.0024,0.001,0.003,0.0045
2006-08-08,31.9342,130.8662,E,0.1159,0.0975,,,,,,,-0.0254,-0.0254,-0.0266,-0.0242,-0.0249,-0.0247,-0.0217,-0.0182,0.0022,-0.0032,0.003,0.017,0.0165,0.0158,0.0011,0.0024,0.0046,0.0042,0.0084,-0.0081,-0.0148,-0.0023
2006-08-08,31.9342,130.8662,N,0.0863,0.0492,0.0371,0.0305,0.0192,-0.0002,-0.0178,-0.0162,-0.0083,-0.0169,-0.015,-0.0087,0.0056,0.0004,-0.0008,0.0055,0.0491,0.0421,0.0458,0.0458,0.0478,0.033,-0.0073,-0.0135,-0.0146,-0.0153,-0.0083,-0.0046,-0.0084,-0.0016
2006-08-08,31.9342,130.8662,NE,,0.0736,,,,,,,0.0287,0.0348,0.035,0.0177,0.0059,-0.0023,-0.0051,-0.0099,-0.01,-0.0097,-0.0094,-0.0088,-0.0083,-0.008,-0.0083,-0.0077,0.0,0.0056,0.0067,0.0054,0.0064,0.0014
2006-08-08,31.9342,130.8662,NO,,0.0842,0.0522,0.0333,0.0275,0.0282,0.0269,0.0206,0.018,0.014,0.002,0.0015,0.0014,-0.0048,-0.002,-0.0111,0.0003,-0.0046,-0.005,-0.0021,-0.0055,-0.009,-0.0063,-0.0125,-0.0181,-0.0183,-0.0181,-0.0118,-0.0058,-0.0064
2006-08-08,31.9342,130.8662,O,,0.1155,0.0787,0.0373,0.0292,0.0141,0.003,0.0035,0.0039,0.0042,0.0047,-0.0006,-0.0009,-0.0063,-0.0058,-0.005,-0.0046,-0.0041,-0.0035,0.0022,0.0032,0.0024,0.0023,0.0007,0.0038,0.0019,-0.0059,-0.0087,,
2006-08-08,31.9342,130.8662,S,0.071,0.0404,0.0098,0.0098,-0.0172,-0.032,-0.0318,-0.0227,-0.0036,0.0116,-0.009,-0.0291,-0.0109,0.0044,0.008,0.0108,0.0098,0.018,0.0273,0.0138,0.0309,0.0156,0.0134,-0.0092,-0.0126,-0.0116,-0.0099,-0.0103,-0.0062,0.0012
2006-08-08,31.9342,130.8662,SE,,0.015,-0.0019,-0.0524,-0.0752,,,-0.0652,,,-0.0534,-0.0382,-0.0265,1e-04,0.0204,0.0211,0.0041,-0.0468,-0.0472,-0.0472,-0.0472,-0.0472,-0.011,0.0133,0.0253,0.0339,0.0317,0.0253,0.025,-0.0296
2006-08-08,31.9342,130.8662,SO,0.1162,0.0904,0.0512,0.0201,0.0129,0.0062,0.0034,0.004,0.0011,0.0025,-0.0,0.0006,-0.0036,-0.0022,0.0055,0.0047,0.0019,-0.0008,0.0011,0.0004,-0.0033,-0.0036,-0.0062,-0.0017,-0.0024,-0.001,-0.0021,-0.0008,0.0044,0.0008
2006-10-11,31.9364,130.8592,E,,,,,,,,,,,0.0104,0.0048,-0.001,-0.0059,-0.0106,-0.0145,-0.0177,-0.0152,0.0093,0.0139,0.0119,0.0109,,,,0.0044,0.0042,-0.0054,-0.0027,-0.0057
2006-10-11,31.9364,130.8592,NE,,,,,,,,,,,,,,,,,,,,,,,,,,,-0.003,0.0027,-0.0017,-0.0013
2006-10-11,31.9364,130.8592,O,,,,-0.0183,-0.0127,-0.0123,-0.0042,,,,,,,,0.0172,0.0048,-0.0015,-0.0056,-0.0096,-0.0129,-0.0082,-0.0094,-0.0057,-0.0047,0.0017,0.006,0.0085,0.0138,0.0135,0.0139
2006-10-11,31.9364,130.8592,S,,,0.0134,0.0133,0.0069,0.006,0.003,-0.0019,-0.0053,-0.0056,-0.0062,-0.0068,-0.0065,-0.0074,-0.0027,0.0025,0.002,0.0023,-0.0016,-0.0024,0.002,-0.0015,0.0014,0.0005,-0.0043,-0.0035,0.0005,0.001,0.0038,0.0036
2006-10-11,31.9364,130.8592,SE,,-0.0019,0.0062,0.0059,0.0056,-0.0059,-0.0067,-0.0086,-0.0154,-0.0186,-0.0165,-0.017,0.0025,0.0016,0.0023,-0.0006,0.0106,0.0067,0.0014,-0.0032,-0.0092,-0.017,-0.0056,-0.0007,-0.0004,-0.0009,0.0034,0.0035,0.0079,0.0077
2006-10-11,31.9364,130.8592,SO,0.0438,-0.0027,-0.0008,0.0017,0.002,0.0056,0.0057,0.0077,0.0059,0.0044,-0.007,-0.0077,,0.0029,0.002,0.0011,0.0003,1e-04,-0.0048,-0.0042,-0.0032,-0.0015,0.0009,0.0009,0.0007,0.0044,0.0007,0.0006,0.0007,0.001
2006-11-12,31.9391,130.8612,E,,0.1109,0.1104,0.1162,0.1203,0.1168,0.1232,0.1059,0.0802,0.0301,0.0075,,,,,-0.0418,-0.0382,-0.0318,-0.0273,-0.0243,-0.0191,-0.0169,-0.0096,-0.0076,-0.003,0.0022,0.0069,0.01,0.0137,0.0184
2006-11-12,31.9391,130.8612,N,,0.0966,0.0932,0.088,0.08,0.0838,0.078,0.0682,0.051,0.0334,0.0237,0.0245,0.0069,0.002,-0.0017,-0.0092,-0.0166,-0.0153,-0.0155,0.0083,0.0031,0.0048,0.0033,1e-04,0.0005,-0.0186,-0.0118,-0.0052,-0.0081,-0.0104
2006-11-12,31.9391,130.8612,NE,0.0981,0.0989,0.0979,0.1023,0.0973,0.0902,0.0873,0.0807,0.069,0.0594,0.047,0.0391,0.0378,-0.0144,-0.0514,-0.0707,-0.0733,-0.0509,-0.0456,-0.0388,-0.0347,-0.0255,-0.018,-0.0009,0.0036,0.0049,0.0027,0.0045,0.0089,0.0123
2006-11-12,31.9391,130.8612,NO,0.1474,0.1374,0.1314,0.1228,0.1127,0.103,0.0902,0.0811,0.0621,0.0409,0.0254,0.0073,-0.0149,-0.0242,-0.0266,-0.0299,-0.0328,-0.0369,-0.0398,-0.0442,-0.0443,-0.0199,0.014,0.0142,0.0223,0.0347,0.0369,0.0378,0.0311,0.0326
2006-11-12,31.9391,130.8612,O,,0.1113,0.1036,0.0997,0.0918,0.0825,0.0643,0.0381,0.0197,0.0032,-0.0093,-0.0405,-0.0403,-0.0397,-0.0391,-0.0383,-0.0374,-0.0283,-0.0241,0.0041,0.0379,,,,0.0168,0.0203,0.0193,0.0186,0.0246,0.0185
2006-11-12,31.9391,130.8612,S,,0.1219,0.1032,0.0788,0.054,0.0302,0.0466,0.0282,-0.0072,-0.0189,-0.0191,-0.0184,-0.02,-0.0204,0.0027,0.0155,0.0109,0.0065,0.0082,0.0098,0.0004,-0.0041,0.0044,-0.0004,0.0038,0.0019,-0.0005,0.0004,0.0025,-0.0047
2006-11-12,31.9391,130.8612,SE,0.1181,0.1051,0.0978,0.081,0.0826,0.0359,0.0178,-0.0062,-0.0072,-0.0078,-0.0032,0.0016,0.0008,0.0033,0.0019,0.0017,0.0005,0.0064,0.0079,0.0062,0.0013,-0.0057,-0.0061,-0.0021,-0.0037,-0.0039,-0.0088,-0.0114,0.001,0.0111
2006-11-12,31.9391,130.8612,SO,0.1261,0.1105,0.0994,0.0855,0.0711,0.0499,0.0486,0.0611,0.0628,0.0399,0.024,0.0115,0.0042,-0.0017,-0.0106,-0.0159,-0.0165,-0.0151,-0.0125,-0.0137,-0.0071,-0.0081,-0.0119,-0.0137,-0.0142,0.0084,0.0034,0.0029,0.0025,0.0042
2006-12-30,31.9378,130.8593,E,,0.0548,0.0505,0.0458,0.0318,0.0139,0.0047,-0.0155,-0.0429,-0.0306,-0.0177,-0.0149,-0.0019,0.0,0.0061,0.0002,-0.0002,-0.0197,-0.0274,-0.023,-0.0344,-0.0337,-0.0209,,-0.0004,0.0145,0.0147,0.0148,0.0157,
2006-12-30,31.9378,130.8593,N,,0.0803,0.0741,0.0561,0.0232,-0.0052,-0.0047,-0.0207,-0.0207,-0.0206,-0.0206,-0.0207,-0.0207,-0.0117,-0.0209,-0.0225,-0.0238,-0.025,-0.0265,-0.0118,-0.0337,-0.0398,-0.0368,-0.033,-0.0212,0.0072,0.0161,0.0267,0.0304,0.0335
2006-12-30,31.9378,130.8593,NE,0.0151,,0.0176,0.0285,0.0188,0.0279,0.042,0.0499,0.0535,0.0586,0.0731,0.0739,0.0785,0.0831,0.0784,0.0663,0.0577,0.0291,0.0274,-0.0061,-0.0347,-0.0333,-0.0393,-0.0407,-0.0358,-0.0287,-0.0257,-0.0238,-0.019,-0.014
2006-12-30,31.9378,130.8593,NO,0.0411,,0.0168,-0.0187,-0.0561,-0.0878,-0.0878,-0.0878,-0.0879,,,-0.0862,-0.0864,-0.086,-0.0855,-0.0855,-0.0849,-0.0367,-0.0314,0.0205,0.0289,0.0334,0.0268,0.0217,0.0161,0.0159,0.0154,0.0159,0.0162,0.0179
2006-12-30,31.9378,130.8593,O,,0.0387,0.0291,,,,,,,-0.0567,-0.0424,-0.0419,-0.0263,-0.0178,-0.0071,-0.0002,-0.0002,0.0089,0.0077,0.0117,0.0099,0.0094,0.0068,-0.0041,0.0017,0.0029,0.004,0.0026,0.0013,0.0003
2006-12-30,31.9378,130.8593,S,,0.0476,0.0285,0.0103,-0.0027,-0.003,-0.0084,-0.0064,0.0007,0.0087,0.0152,0.0133,0.0049,0.0029,0.0041,-0.0039,-0.0079,-0.0119,-0.0016,-0.0012,-0.0046,-0.0053,-0.0031,0.0044,0.0055,0.006,0.003,0.0048,0.0036,0.0062
2006-12-30,31.9378,130.8593,SE,0.079,0.0729,0.0661,0.0407,0.0292,0.0008,-0.0138,-0.0164,-0.0179,-0.0191,-0.0219,-0.0237,0.0159,0.0033,0.0128,0.0136,0.0185,0.0213,0.0049,-0.0007,-0.0032,0.0036,-0.0027,-0.0002,-0.002,0.0003,-0.0045,-0.0003,0.005,0.0035
2006-12-30,31.9378,130.8593,SO,0.0821,0.0316,,,,,,,-0.0036,-0.0011,-0.0017,-0.0047,-0.0034,0.001,-0.0028,-0.005,-0.0009,-0.0028,-0.0048,0.0004,-0.0016,-0.0022,0.0018,1e-04,0.0032,0.0047,0.0059,0.0054,0.0084,0.0046
2007-07-26,31.9377,130.8628,E,,0.1729,0.1413,0.1125,0.114,0.1137,0.1074,0.0874,0.0637,0.0461,0.0407,0.0278,0.0249,0.0276,0.0169,0.0331,,,,,-0.0445,-0.0398,-0.0343,-0.0326,-0.027,-0.0216,-0.0102,-0.0028,-0.0005,0.0062
2007-07-26,31.9377,130.8628,N,,0.2229,0.1807,0.1207,0.0391,0.0178,0.0131,0.0024,-0.0207,-0.0231,-0.026,-0.0277,-0.0291,-0.0188,0.0104,0.0195,0.0276,0.0276,0.0126,0.0108,-0.0115,-0.0085,-0.0028,-0.0034,-0.0032,-0.0024,-0.0013,0.0006,0.0036,0.0076
2007-07-26,31.9377,130.8628,NE,0.1943,0.1943,0.1817,0.1566,0.1501,0.1073,0.0584,0.0413,0.0305,0.0301,0.0044,-0.0039,-0.0099,-0.013,-0.009,-0.0293,-0.0228,0.0077,0.0095,0.0102,0.0044,-0.001,-0.0157,-0.0059,-0.0047,0.0077,0.0155,-0.0043,-0.0154,-0.0157
2007-07-26,31.9377,130.8628,NO,0.2311,0.1801,0.1346,0.0851,0.0502,0.0213,0.0196,-0.0097,-0.0153,-0.0254,-0.011,-0.0116,-0.0215,-0.0455,-0.0171,0.0082,0.0334,0.0198,0.0164,0.0121,0.0048,-0.0041,-0.0129,-0.0112,-0.0104,-0.0011,0.0009,0.0048,0.0085,0.0123
2007-07-26,31.9377,130.8628,O,,0.1906,0.1293,0.0932,0.0593,0.0582,0.0502,0.0404,0.0392,0.0436,0.0422,-0.0008,-0.0224,-0.0237,,,,,0.0179,0.0062,0.0005,-0.0042,-0.0035,-0.0024,-0.0051,-0.0046,-0.0032,-0.0019,-0.0051,-0.0008
2007-07-26,31.9377,130.8628,S,,0.2005,0.1706,0.1617,0.1455,0.1456,0.1229,0.1,0.0952,0.0937,0.0752,0.0656,0.0154,0.0005,-0.0121,-0.0206,-0.0214,-0.0224,-0.0226,-0.023,-0.0194,-0.0196,-0.0194,-0.0135,-0.0131,-0.0186,-0.02,-0.0224,-0.025,-0.0254
2007-07-26,31.9377,130.8628,SE,0.1724,0.1474,0.1096,0.0985,0.1016,0.1112,0.121,0.1105,0.093,0.0546,0.0496,0.0385,0.0238,-0.0117,-0.0296,-0.0343,-0.0357,-0.0384,-0.0377,-0.0371,-0.0294,-0.0079,-0.0016,0.0049,0.0098,0.0028,0.002,-0.0127,-0.0135,-0.0177
2007-07-26,31.9377,130.8628,SO,0.2344,0.2156,0.1962,0.1829,0.1259,0.1144,0.0947,0.0881,0.0697,0.064,0.0608,0.0606,0.045,0.0232,0.0069,-0.0266,-0.0391,-0.0376,-0.0342,-0.0199,-0.0065,-0.0105,-0.0157,-0.0197,-0.0152,-0.0193,-0.0176,-0.0149,-0.013,-0.0077
2007-11-15,31.9344,130.8662,E,0.1087,0.0596,0.0529,-0.0333,-0.0327,-0.0332,-0.0332,-0.0331,-0.0332,-0.0331,-0.0331,-0.0331,-0.0331,-0.0205,0.0027,0.0142,0.0233,,,,0.0081,-0.0072,-0.0027,-0.0027,-0.0072,-0.0009,-0.0059,-0.0081,-0.0076,-0.0046
2007-11-15,31.9344,130.8662,N,0.0877,0.0396,0.042,0.0148,0.0103,0.0066,0.0054,-0.0074,-0.0071,-0.0126,-0.0128,-0.0085,0.0048,0.0107,0.0112,0.0077,0.0252,0.0276,0.0282,0.0324,0.0287,0.02,0.0116,-0.0007,-0.0257,-0.0254,-0.03,-0.0342,-0.0335,-0.0374
2007-11-15,31.9344,130.8662,NE,,0.0905,0.0624,0.0394,0.0187,0.0274,0.0196,0.0178,0.0009,0.0038,0.0036,0.0049,0.0092,0.0042,0.0013,-0.0019,-0.001,0.0045,0.0011,0.0023,-0.0043,-0.0055,-0.0012,0.0003,-0.0036,0.0018,-0.0016,0.0009,-0.0017,0.0031
2007-11-15,31.9344,130.8662,NO,,0.0629,0.0249,0.002,-0.0019,-0.0006,0.0078,0.0027,0.0125,0.0111,0.0074,0.003,0.0012,0.0016,0.0056,0.0069,0.005,-0.0003,-0.0076,0.0279,0.0011,-0.0012,-0.0052,-0.0087,-0.0085,-0.0114,-0.0073,-0.0103,-0.0067,-0.0027
2007-11-15,31.9344,130.8662,O,,0.0927,0.0857,0.0598,0.0307,0.02,0.014,0.006,-0.0012,-0.0004,0.0043,0.001,0.0015,-0.003,,,,,-0.0053,-0.0034,-0.0028,-0.0015,-0.001,0.0009,0.002,-0.0005,-0.0028,-0.0049,-0.0029,-0.003
2007-11-15,31.9344,130.8662,S,0.0874,0.0487,-0.0061,-0.0051,-0.0372,-0.0449,-0.0349,-0.0337,-0.0308,-0.023,-0.0266,-0.0288,-0.0245,-0.0138,-0.0159,-0.0142,-0.0114,-0.0199,-0.0079,-0.0053,0.0204,0.0332,0.0203,0.0206,0.0057,-0.0066,-0.0043,-0.0004,0.0079,0.0154
2007-11-15,31.9344,130.8662,SE,,0.0003,-0.0524,-0.0667,-0.0655,-0.064,-0.0629,-0.062,-0.0608,-0.0599,-0.059,-0.0583,-0.0572,-0.0442,-0.0368,-0.0009,0.0004,0.0185,0.024,0.0245,0.0311,0.0357,0.0466,0.0548,0.0518,0.0337,0.0265,0.0254,0.0112,-0.0236
2007-11-15,31.9344,130.8662,SO,0.0691,0.0649,0.0473,0.025,0.014,0.0087,0.0095,0.0097,0.0055,0.0121,0.0007,0.0013,-0.0048,-0.0024,-0.0015,-0.0013,-0.003,-0.0072,-0.0106,-0.0084,-0.005,-0.0049,-0.0072,-0.007,-0.0053,-0.001,0.0019,1e-04,0.0026,0.0005
2008-03-06,31.9342,130.8665,E,0.106,0.0873,0.0739,0.0286,0.0152,-0.0152,-0.0153,-0.0161,-0.016,-0.0164,-0.0164,-0.0167,-0.0165,-0.0166,-0.0168,-0.0133,-0.0045,0.0073,0.0134,0.021,0.0386,0.045,,,0.0021,0.0007,0.0048,0.006,0.001,-0.0024
2008-03-06,31.9342,130.8665,N,0.0315,0.0158,0.0183,0.005,-0.0053,-0.0105,-0.0119,-0.0141,-0.0119,-0.0133,-0.0063,-0.0037,0.0025,0.0041,0.0152,0.031,0.0387,0.0435,0.0356,0.0356,0.0209,0.0094,-0.0011,-0.0178,-0.0219,-0.0253,-0.0248,-0.0317,-0.033,-0.0325
2008-03-06,31.9342,130.8665,NE,,0.0631,0.0539,0.0339,0.0301,0.0353,0.0372,0.0277,0.0236,0.0183,0.0116,0.0047,-0.0008,-0.001,-0.0067,-0.0064,-0.0083,-0.0038,-0.004,-0.0052,-0.001,-0.0026,0.0018,0.0032,0.0051,0.008,0.0085,0.0099,0.0049,-0.0007
2008-03-06,31.9342,130.8665,NO,,0.0264,0.0123,0.01,0.006,0.0099,0.012,0.0104,0.0063,0.0024,0.0023,0.0063,0.0107,0.0195,0.0206,0.0257,0.0166,0.0556,-0.0248,-0.0239,-0.024,-0.0257,-0.0129,-0.0178,-0.0141,-0.0176,-0.015,-0.0132,-0.0133,-0.0118
2008-03-06,31.9342,130.8665,O,,0.0547,0.0325,0.0225,0.018,0.0144,0.0101,0.0015,0.0247,,,,,0.0009,0.0007,-0.0015,-0.0006,-0.001,-0.0035,-0.0032,-0.0042,-0.0022,-0.0047,-0.0027,-0.0016,-0.0005,0.0002,-0.0024,-0.0027,-0.0019
2008-03-06,31.9342,130.8665,S,0.0861,0.0744,0.0478,0.0232,0.0232,0.0026,-0.0242,-0.0258,-0.0115,-0.0085,-0.0085,-0.0013,-0.0219,-0.0018,0.0085,0.0175,0.0126,0.0137,0.0146,0.0098,0.0253,0.0175,0.0156,0.0059,-0.0029,-0.0117,-0.0145,-0.0108,-0.0172,-0.0077
2008-03-06,31.9342,130.8665,SE,,0.1043,0.0745,0.0003,-0.0157,-0.0221,-0.0256,-0.0297,-0.0324,-0.0348,-0.0381,-0.0401,-0.0431,-0.0409,-0.0384,-0.0274,0.0004,0.0043,0.0083,-0.0016,-0.0046,-0.0006,0.0108,0.0191,0.0246,0.0346,0.0354,0.0271,0.0316,0.0035
2008-03-06,31.9342,130.8665,SO,,0.0623,0.0446,0.0256,0.0198,0.0172,0.0066,0.0086,0.0038,0.0108,0.0224,0.0199,0.0342,0.0336,0.0014,0.0015,-0.0011,0.0008,0.0004,-0.0003,-0.0013,-0.0041,-0.0016,-0.0017,-0.0007,-0.0023,-0.0012,-0.001,0.0054,-0.0046
2008-10-16,31.9342,130.8662,E,0.1092,0.0824,0.0451,0.0043,0.0028,-0.0055,-0.0116,-0.0152,-0.0176,-0.0203,-0.0223,-0.0253,-0.0259,-0.0265,-0.0262,-0.0226,-0.0166,-0.0038,0.011,0.0095,0.0083,0.0045,-0.0157,-0.0098,0.0591,0.0732,0.0799,,,
2008-10-16,31.9342,130.8662,N,0.0633,0.034,0.0296,0.0244,0.0194,0.0097,-0.0028,-0.0012,-0.004,-0.0138,-0.0133,-0.0102,0.0023,0.0003,-0.0009,-0.0026,0.0347,0.0277,0.0323,0.0299,0.0321,0.0276,0.0223,-0.0167,-0.0218,-0.0227,-0.0218,-0.0196,-0.0224,-0.0224
2008-10-16,31.9342,130.8662,NE,,0.0541,0.0462,0.0359,0.028,0.0298,0.0296,0.0297,0.0191,0.0131,0.0103,0.005,0.0037,-0.0,-0.0034,-0.0075,-0.0095,-0.0088,-0.011,-0.0078,-0.0078,-0.0081,-0.0072,-0.0066,0.0013,0.0035,0.0079,0.0092,0.0098,0.0084
2008-10-16,31.9342,130.8662,NO,,0.0434,0.024,0.0193,0.0137,0.0095,0.0078,0.0041,,,0.0032,0.008,0.0036,0.0004,-0.001,0.0017,0.0017,-0.0017,-0.0006,-0.0043,-0.0082,-0.0078,-0.0073,-0.0024,-0.0025,-0.0002,0.0024,0.0027,0.0124,0.0133
2008-10-16,31.9342,130.8662,O,,0.0813,0.0551,,,,,,,0.0077,0.0077,0.0031,0.0022,0.0014,-0.0013,-0.002,-0.002,-0.0022,-0.0021,-0.0019,-0.0025,-0.0024,-0.003,-0.0028,0.0012,0.0014,0.001,0.0007,0.0008,0.0003
2008-10-16,31.9342,130.8662,S,0.1014,0.0862,0.0509,0.0509,0.0191,-0.0032,-0.0062,-0.0104,-0.0099,-0.0124,-0.0119,-0.0117,-0.0159,-0.0184,-0.0176,-0.0179,-0.0177,-0.0124,-0.014,-0.0089,-0.0092,0.0156,0.0161,0.0066,0.0039,0.0039,0.0032,0.0024,0.0006,-0.0021
2008-10-16,31.9342,130.8662,SE,,0.0791,0.0252,0.0035,-0.0079,-0.0183,-0.0264,-0.0336,-0.0406,-0.0476,-0.0545,-0.0537,-0.0521,-0.0493,-0.0428,-0.0272,-0.0113,0.0003,0.008,0.0048,0.0092,0.0155,0.0167,0.0246,0.033,0.0213,0.017,0.0118,0.0028,-0.0083
2008-10-16,31.9342,130.8662,SO,0.0738,0.056,0.0362,0.0184,0.0233,,,,,0.0112,0.0068,0.0031,0.0017,0.002,0.0019,0.0029,0.0023,0.0033,0.0005,0.0004,1e-04,-0.0,-0.002,-1e-04,-0.0017,-0.0029,-0.0039,-0.0032,-0.002,0.0003
2008-12-19,31.9334,130.8633,E,0.0148,,,,,,,-0.0692,-0.0629,-0.0609,-0.0584,-0.054,-0.0498,-0.0466,-0.0452,-0.0446,-0.0423,-0.0247,-0.0052,0.0114,0.0253,0.0331,0.0499,0.0619,0.0698,0.0749,0.0782,0.0607,0.025,-0.0058
2008-12-19,31.9334,130.8633,N,0.049,0.0491,0.0398,0.031,0.0291,0.0152,0.0079,0.0079,0.0065,0.02,0.0158,0.0172,0.0189,0.0203,0.0207,0.0158,0.0063,-0.0006,-0.0008,-0.0008,-0.0044,-0.0036,-0.0041,-0.0155,-0.0141,-0.0055,-0.007,-0.0035,0.0047,0.0049
2008-12-19,31.9334,130.8633,NE,0.0869,0.0872,,,,,,,-0.0298,-0.0304,-0.0314,-0.0318,-0.0289,-0.028,-0.0278,-0.0287,-0.0271,-0.0088,-0.0053,0.0135,0.0112,0.0122,0.0104,0.0125,0.0105,0.0087,0.0081,0.0086,0.0065,0.0016
2008-12-19,31.9334,130.8633,NO,,0.0375,0.0311,0.0207,0.0109,0.0096,0.0057,-0.0002,-0.0019,0.001,0.0032,0.0019,0.0011,0.0005,-0.0005,-0.0005,0.0006,0.0009,0.0017,0.002,-0.0011,-0.0038,-0.0037,-0.0004,0.0007,-0.0039,-0.0066,-0.0048,-0.0016,0.002
2008-12-19,31.9334,130.8633,O,,0.0438,0.039,0.0312,0.0175,0.0081,0.0087,0.0127,0.0093,0.0022,0.0028,-0.0008,-0.001,-0.0017,-0.0015,-0.0013,-0.0008,-0.0027,-0.0013,-0.0012,0.0033,0.0037,0.0039,0.0,-0.0002,0.0006,0.0014,-0.002,-0.0042,
2008-12-19,31.9334,130.8633,S,,0.0455,0.0351,0.04,0.0334,0.0431,0.04,0.0318,0.0256,0.0209,0.0179,0.0181,0.0113,-0.0008,-0.0021,-0.0063,-0.0045,-0.0099,-0.007,-0.0086,-0.0073,-0.0076,-0.0063,-0.0032,-0.0041,-0.0,-0.0,0.0016,-0.0003,0.0072
2008-12-19,31.9334,130.8633,SE,,0.1084,0.0792,0.0678,0.0682,,,,,-0.0332,-0.033,-0.0344,-0.0357,-0.0349,-0.0349,-0.0347,-0.0079,0.0157,0.0302,0.0389,0.034,0.0415,0.0093,0.0275,-0.0097,-0.0157,-0.0187,-0.0226,-0.0203,-0.0136
2008-12-19,31.9334,130.8633,SO,0.0429,0.0288,0.03,0.0317,0.0327,0.0291,0.026,0.0229,0.0122,0.0108,0.0049,0.0031,0.0002,-0.0004,-0.0007,-0.0014,-0.0007,-0.0002,-0.0002,1e-04,-0.0005,0.0021,-0.0004,-0.0003,0.0005,0.0033,0.0005,0.0006,0.0017,-0.0003
2009-02-05,31.9378,130.8593,E,,0.0253,0.0247,0.0219,0.0125,-0.0009,-0.0067,-0.0128,-0.0135,0.0055,0.0126,0.0388,0.0403,0.0211,0.0003,-0.0101,-0.0293,-0.0371,,,,,,,-0.0142,-0.0138,-0.0077,-0.0042,0.0005,0.0056
2009-02-05,31.9378,130.8593,N,,0.0811,0.0684,,,,,,,0.0089,,,,-0.0033,-0.0009,-0.0103,-0.0146,-0.0154,-0.0168,-0.0186,-0.0204,-0.0232,-0.0243,-0.0265,-0.0242,0.0046,0.0145,0.0192,0.0212,0.0263
2009-02-05,31.9378,130.8593,NE,0.0018,,,,,,0.0218,0.0419,0.0296,0.0555,0.0578,0.0581,0.0479,0.0376,0.0479,0.0415,0.0395,0.024,0.0226,-0.001,-0.0299,-0.0371,-0.0429,-0.0431,-0.04,-0.0392,-0.0339,-0.0252,-0.0106,-0.0064
2009-02-05,31.9378,130.8593,NO,0.0772,,0.0747,0.0387,0.0486,0.0071,-0.0032,,,,,,-0.0284,-0.0231,-0.0262,-0.0279,-0.0314,-0.0355,-0.0369,-0.0417,0.0076,0.0174,0.0187,0.0176,0.0119,0.0124,0.0163,0.0164,0.0179,0.0254
2009-02-05,31.9378,130.8593,O,,0.0562,0.0493,0.0391,0.0261,0.0164,0.0072,-0.0298,-0.0353,,,,,,-0.0407,-0.0262,-0.0199,-0.0147,-0.0067,0.0061,0.0097,0.0095,0.006,0.001,-0.0065,-0.0017,0.0021,0.0053,0.0063,0.007
2009-02-05,31.9378,130.8593,S,,0.0387,0.0196,0.0019,-0.011,-0.0134,-0.0137,-0.009,-0.0063,-0.0002,0.0091,0.0048,0.0092,0.0075,0.0015,-0.0015,0.0002,-0.0023,-0.0018,-0.0,-0.0007,-0.0019,-0.0033,-0.0039,-0.0005,0.001,0.0029,0.0009,0.0027,0.0025
2009-02-05,31.9378,130.8593,SE,0.0555,0.059,0.0537,0.0301,0.0251,0.0044,0.0005,-0.0029,-0.0049,-0.0048,0.0156,0.018,0.0189,0.0097,0.0037,0.0007,-0.0089,-0.0139,-0.0153,-0.0085,-0.0064,-0.0025,-0.0025,0.0019,0.0028,0.002,1e-04,0.0008,0.0087,0.0012
2009-02-05,31.9378,130.8593,SO,0.0879,0.0426,0.0332,0.0148,0.0071,-0.0015,0.0016,-0.0016,-0.0066,-0.0115,-0.0089,-0.0108,-0.0105,-0.0066,-0.0141,-0.0114,0.0037,0.0035,0.0053,0.0039,0.0016,-0.0007,0.0037,0.0018,0.0058,0.0025,0.0018,1e-04,0.0041,0.0005
2009-02-21,31.9391,130.8602,E,0.0906,0.0864,0.0781,0.0704,0.062,0.0495,0.0493,0.0234,0.0237,0.0191,0.01,-0.0005,-0.0068,-0.0145,-0.0156,-0.0152,-0.0148,-0.0137,-0.0133,-0.0116,-0.0069,-0.0037,-0.0045,-0.0027,-0.0025,0.0019,0.0097,0.0145,0.0273,0.0345
2009-02-21,31.9391,130.8602,N,,0.0447,0.0341,0.0338,0.0234,0.0152,0.0069,0.0131,0.0193,0.0194,0.0194,0.0207,0.0172,0.0074,0.0136,-0.0093,-0.0131,-0.0151,-0.0145,-0.0165,-0.0188,-0.0138,0.0097,0.01,0.0007,0.0069,0.005,0.0045,-0.0083,-0.0089
2009-02-21,31.9391,130.8602,NE,0.0608,0.0596,0.0573,0.0581,0.0589,0.0631,0.0635,0.0647,0.0603,0.057,0.0506,0.0378,0.0105,0.0051,-0.0121,-0.014,-0.0238,-0.0285,-0.0247,-0.0244,-0.0186,-0.0178,-0.014,-0.0111,-0.0045,0.0063,0.0035,0.0088,0.0052,0.0103
2009-02-21,31.9391,130.8602,NO,0.1059,,,,,,,,,0.0548,0.0403,0.0209,0.0109,0.0022,-0.0087,-0.0105,-0.0155,-0.0188,-0.0285,-0.0286,-0.0378,-0.0419,-0.0443,-0.0185,0.0047,0.024,0.0309,0.0311,0.0366,0.0363
2009-02-21,31.9391,130.8602,O,0.0617,,,,,,,0.0287,0.0159,0.0079,0.0164,-0.0003,-0.0152,-0.0278,-0.0402,-0.0407,-0.0402,-0.0398,-0.0263,-0.0129,-0.0033,0.0092,0.0197,0.0163,0.0206,0.0204,0.0151,0.0106,0.0143,0.0139
2009-02-21,31.9391,130.8602,S,,0.0372,0.0112,,-0.0178,-0.018,-0.0182,-0.0188,-0.0191,-0.0193,-0.0199,0.0156,0.0178,0.012,0.0079,0.0073,0.0112,0.0022,-0.006,-0.01,-0.0024,-0.0059,-0.0033,-0.0006,0.0008,0.001,0.0018,-0.0018,-0.0047,-0.005
2009-02-21,31.9391,130.8602,SE,,0.05,0.028,0.0126,-0.0133,-0.0138,-0.014,-0.0159,-0.0163,-0.0018,0.0041,0.0051,0.0067,0.0062,0.0013,0.0081,0.002,0.0147,0.001,-0.0049,-0.003,-0.0028,-0.0006,-0.0049,-0.0043,-0.0061,-0.006,0.0027,0.0005,-0.0009
2009-02-21,31.9391,130.8602,SO,0.0609,,,,,,,0.037,0.0381,0.0158,0.001,-0.0057,-0.0062,-0.0085,-0.0098,-0.0096,-0.0077,-0.0106,-0.0036,-0.0046,-0.0021,-0.0018,-0.0008,0.0002,0.0003,0.0017,0.0023,0.0044,0.0041,0.0044
2009-10-03,31.9394,130.8622,E,0.1435,0.1349,0.1175,0.1117,0.1077,0.1007,0.103,0.1201,,,,,0.0266,-0.0068,-0.0124,-0.014,-0.015,-0.0133,-0.0093,-0.014,-0.0056,-0.0011,-0.0002,0.0026,-0.0036,-0.0006,0.0041,0.0015,0.003,-0.0048
2009-10-03,31.9394,130.8622,N,,0.1356,0.1356,0.1289,0.1155,0.0939,0.0706,0.0553,0.0514,0.0196,0.0134,0.007,-0.0111,-0.0253,-0.0236,-0.0228,0.0148,0.0186,0.0151,0.0166,0.0166,0.0183,-0.0154,-0.015,-0.0098,-0.0093,-0.0081,-0.0087,-0.008,-0.0066
2009-10-03,31.9394,130.8622,NE,0.1343,0.1205,0.1118,0.1018,0.0972,0.0833,0.0753,0.0698,0.0679,0.0493,-0.0094,-0.0312,,-0.0298,-0.0309,-0.0325,-0.0298,-0.0251,-0.0216,-0.0207,-0.0106,0.0168,0.0205,0.0081,0.0,-0.0058,-0.0043,-0.0029,-0.0032,-0.0004
2009-10-03,31.9394,130.8622,NO,0.1483,0.1482,0.1439,0.1359,0.1293,0.1204,0.1072,0.0713,0.0513,0.015,0.0016,-0.0123,-0.026,-0.0337,-0.0344,-0.0377,-0.0415,-0.0416,-0.0437,-0.0415,-0.0171,0.0145,0.0297,0.033,0.0388,0.0276,0.0231,0.0206,0.0116,0.0116
2009-10-03,31.9394,130.8622,O,0.1031,0.099,0.0974,0.0971,0.0938,0.094,0.0894,0.0751,0.0576,0.0336,0.0088,-0.0061,-0.0137,-0.025,-0.0267,-0.0327,-0.0374,-0.0293,-0.0165,-0.0062,0.0056,0.0482,0.062,,,0.0245,0.0206,0.0087,0.0029,1e-04
2009-10-03,31.9394,130.8622,S,,0.1379,0.1247,0.1292,0.1111,0.1024,0.0957,0.0337,0.0086,0.0257,-0.0125,-0.0247,-0.0249,-0.0247,-0.0243,-0.0243,-0.0228,0.0155,0.0288,0.0189,0.0067,0.0142,0.0092,0.0013,-0.0091,-0.0129,-0.0116,-0.0084,-0.0079,-0.0084
2009-10-03,31.9394,130.8622,SE,,0.1195,0.1061,0.0935,0.0931,0.0944,0.0876,0.0728,0.0267,-0.0141,0.0037,-0.0038,-0.001,-0.0012,-0.0016,0.0008,0.0032,-0.0014,-0.019,-0.0365,-0.029,-0.0216,-0.0156,0.0069,0.0057,0.01,-0.0004,-0.0005,0.0031,0.0076
2009-10-03,31.9394,130.8622,SO,,0.1213,0.1253,0.1256,0.1278,0.1235,0.1037,0.0776,0.0611,0.0538,0.0469,0.0535,0.0253,0.0193,0.0123,0.0034,-0.0074,-0.0114,-0.0117,-0.0141,-0.0148,-0.0213,-0.0244,-0.0274,-0.0283,-0.0305,-0.0344,-0.0222,-0.0185,-0.0211
2009-12-22,31.9299,130.8632,N,,,,-0.0065,-0.0074,,-0.0054,-0.002,-0.0002,0.0016,0.0022,0.0019,0.0032,-0.0008,-0.0021,-1e-04,-0.0024,0.0025,-0.0014,-0.0075,,,,,,,,,,
2009-12-22,31.9299,130.8632,NE,,0.0036,,,,,,,,,,,,,,,,,,,,,,,,,,,,
2009-12-22,31.9299,130.8632,NO,,-0.0044,-0.0045,,-0.0036,-0.0032,-0.0032,-0.0014,0.0037,0.005,0.0017,0.0044,0.008,0.0081,0.0104,0.0046,-0.0021,-0.0033,-0.0059,-0.0064,-0.0064,-0.0,-0.004,-0.0063,-0.0086,-0.0051,-0.0016,0.002,0.005,0.0024
2009-12-22,31.9299,130.8632,O,,,,0.0059,0.005,0.0056,0.0047,0.0035,0.002,0.0014,0.0006,0.0035,0.0036,0.0078,,,,,-0.0049,-0.0019,-0.0017,-0.0007,0.0002,0.0005,-0.0013,-0.0023,0.0022,-0.0007,-0.0053,-0.0032
2009-12-22,31.9299,130.8632,S,,,,,,,-0.0003,,-0.0002,-1e-04,,,,-0.0,,,,,,,,,-1e-04,,,,,,,
2009-12-22,31.9299,130.8632,SO,0.0031,,,-0.0034,-0.0034,-0.0033,-0.0033,-0.0015,-0.0031,-0.0031,-0.0031,-0.0002,0.0034,-0.0005,,,,,,0.0007,0.0011,-0.0007,0.0002,-0.0013,-0.0025,-0.0024,-0.0024,-0.0025,0.0003,0.0007
2010-04-29,31.9391,130.8612,E,,0.1195,0.1025,0.1035,0.1009,0.107,,,,,,0.0376,0.0245,0.018,-0.001,-0.0068,-0.0108,-0.0103,-0.0084,-0.0078,-0.0085,-0.0095,-0.0042,-0.0083,-0.0094,-0.004,-0.004,0.0023,0.0071,0.0131
2010-04-29,31.9391,130.8612,N,,0.1104,0.0935,0.0762,0.0722,0.0715,0.066,0.0619,0.0474,0.0263,0.0091,0.0069,-0.0228,-0.0359,-0.0433,-0.0414,-0.0449,-0.0449,-0.032,0.011,0.0161,0.0237,0.0177,0.0215,0.0226,0.0021,-0.0024,0.0004,-0.003,-0.0051
2010-04-29,31.9391,130.8612,NE,0.1202,0.1123,0.1003,0.0903,0.0841,0.0818,0.0819,0.078,0.0614,,,,0.0142,0.008,0.006,-0.0183,-0.0168,-0.0123,-0.0096,-0.0081,-0.0067,-0.0022,0.0047,0.0147,0.0139,0.0087,0.0024,-0.0042,-0.0063,-0.0166
2010-04-29,31.9391,130.8612,NO,0.1196,0.1057,0.0996,0.0848,0.0761,0.068,0.0628,0.0556,0.0532,0.0366,0.0191,0.0014,-0.023,-0.0265,-0.0413,-0.0443,-0.0467,-0.0475,-0.0485,-0.0494,-0.0435,-0.0247,0.0068,0.0348,0.042,0.0372,0.0373,0.0285,0.0204,0.0205
2010-04-29,31.9391,130.8612,O,,0.0861,0.0821,0.0774,0.0719,0.0706,0.0636,0.052,0.0405,0.0351,0.0287,0.0273,0.0014,0.0147,0.0113,0.0092,-0.0084,-0.0032,-0.0055,-0.0053,0.0088,0.0243,0.0352,0.0343,0.0269,,-0.0421,-0.0397,-0.0392,-0.0363
2010-04-29,31.9391,130.8612,S,,0.1275,0.1193,0.094,0.0626,0.0322,0.0438,0.0188,-0.0148,-0.0305,-0.0301,-0.024,-0.0237,-0.0153,0.0162,0.0336,0.0252,0.0253,0.0235,0.0174,0.0032,-0.0085,-0.0193,-0.0167,-0.0153,-0.0082,-0.0071,-0.0067,-0.0072,-0.0111
2010-04-29,31.9391,130.8612,SE,0.1241,0.1229,0.1119,0.1108,0.1097,0.0678,0.0423,0.0187,0.0049,0.003,-0.0069,-0.0066,-0.0093,-0.0008,-0.0092,0.0094,0.0218,-0.0243,-0.0118,0.0038,-0.0109,0.0012,0.004,0.0038,-0.0029,-0.0115,-0.0091,-0.0043,-0.0017,-0.002
2010-04-29,31.9391,130.8612,SO,0.1541,0.1498,0.1453,0.1316,0.12,0.085,0.0777,0.1174,0.1179,0.0848,0.0521,0.031,0.0097,-0.0026,-0.0168,-0.0228,-0.0233,-0.0243,-0.0216,-0.0216,-0.0193,-0.0165,-0.0126,-0.0121,-0.011,-0.0097,-0.0079,-0.0073,-0.0089,-0.0066
2011-03-31,31.9342,130.8662,E,0.1242,0.0806,0.0432,-0.0012,-0.0168,-0.0283,-0.0278,-0.0275,-0.0278,-0.0274,-0.0272,-0.0269,-0.0267,-0.0264,-0.0261,-0.026,-0.0044,0.0353,0.0611,,,,-0.0122,-0.009,0.0011,0.0018,0.011,-0.0028,-0.0067,-0.0041
2011-03-31,31.9342,130.8662,N,0.0907,0.0625,0.047,0.0323,0.0177,0.0051,-0.0087,-0.006,-0.006,-0.0056,-0.0102,-0.0093,-0.0063,0.0062,0.0092,-0.0011,0.024,0.0347,0.0354,0.0354,0.0354,0.027,0.0052,-0.008,-0.0386,-0.0444,-0.0445,-0.0438,-0.0482,-0.0578
2011-03-31,31.9342,130.8662,NE,,0.0691,0.064,0.0306,0.0124,0.0105,0.0126,0.0267,0.0149,0.0136,0.0132,0.0087,0.0068,0.0028,-0.002,-0.0013,-0.0105,-0.0086,-0.0167,-0.0127,-0.0154,-0.0059,0.0008,0.0023,0.0069,0.0065,0.0037,0.0071,0.0019,0.0089
2011-03-31,31.9342,130.8662,NO,,0.0827,0.047,0.0267,0.025,0.0237,0.0164,0.0104,0.007,0.0012,-0.0008,-0.0036,-0.0027,-0.0002,0.0093,0.0181,0.0204,0.0245,0.0079,0.0383,-0.0018,-0.0311,-0.0351,-0.0173,-0.0193,-0.0218,-0.0225,-0.0181,-0.0179,-0.0143
2011-03-31,31.9342,130.8662,O,,0.1102,0.0828,0.0559,0.0399,0.0283,0.0162,0.0128,0.0057,-0.0028,0.005,,,,,,-0.002,-0.0026,-0.0021,-0.0044,-0.0023,-0.0044,-0.002,-0.0019,-0.0023,-0.0024,-0.0019,0.0016,0.002,-0.0015
2011-03-31,31.9342,130.8662,S,0.1035,0.0719,0.0237,0.0237,-0.0057,-0.0305,-0.0305,-0.0198,-0.0115,-0.0103,-0.0092,-0.0259,-0.0058,-0.0008,1e-04,0.0091,0.012,0.0111,0.0232,0.0208,0.0161,0.0165,0.0021,-0.0106,-0.0159,-0.0238,-0.0176,-0.0154,-0.0046,0.0003
2011-03-31,31.9342,130.8662,SE,,0.074,-0.0059,-0.0359,-0.0391,-0.042,-0.0444,-0.0464,-0.0484,-0.0503,-0.0519,-0.051,-0.0443,-0.0367,-0.0313,0.0076,0.0287,0.0328,0.0215,-0.0069,-0.011,-0.0108,0.0099,0.0282,0.0367,0.0327,0.0286,0.0323,0.0172,0.0095
2011-03-31,31.9342,130.8662,SO,0.0884,0.0511,0.0285,0.0196,0.0141,0.015,-0.0006,0.0009,-0.0129,-0.0083,-0.0097,-0.0052,0.0076,0.0186,0.0251,0.013,0.0181,0.0032,-0.0014,-0.006,-0.005,-0.0055,-0.0041,-0.0035,-0.0058,-0.0038,-0.0008,-0.0048,0.0091,-0.0057
2011-05-18,31.9383,130.8634,E,0.1587,0.1317,0.1152,0.1049,0.1003,0.0899,0.0862,0.0761,0.0712,0.0583,0.0465,0.0362,0.0106,0.0104,-0.0065,-0.0112,-0.0185,-0.0341,-0.0314,-0.0287,-0.0291,-0.0205,-0.0108,-0.0045,0.0126,0.0063,0.0055,0.0004,0.0107,0.0162
2011-05-18,31.9383,130.8634,N,,0.14,0.0822,0.0467,0.0443,0.0256,0.0165,-0.0027,-0.0354,-0.0309,-0.0338,-0.0102,0.0203,0.0259,0.0159,0.0185,0.0217,0.018,-0.0158,-0.0172,-0.0135,-0.0146,-0.0114,-0.0076,-0.0031,-0.0025,0.0012,0.005,0.008,0.0093
2011-05-18,31.9383,130.8634,NE,,0.1473,0.1156,0.0803,0.0675,0.0543,0.0483,0.0163,0.0099,0.0166,0.0009,-0.0029,-0.0171,-0.0267,-0.0266,-0.0232,0.0072,-0.0065,0.0058,0.0056,0.0063,0.012,0.0093,-0.0073,-0.009,-0.0074,-0.0047,-0.0026,-0.0023,-0.0012
2011-05-18,31.9383,130.8634,NO,0.1934,,,0.0753,,,,,-0.0003,-0.0102,0.0041,0.0027,-0.0024,-0.0065,-0.0059,0.0188,0.0313,0.0195,0.0232,-0.0031,-0.0048,-0.0115,-0.0168,-0.016,-0.0111,-0.0046,-0.0009,0.0029,0.0112,0.0255
2011-05-18,31.9383,130.8634,O,,,,,,,,0.0829,0.0651,0.0624,0.0636,0.0467,0.0418,-0.0047,-0.0157,-0.0137,0.0159,0.0271,0.0343,0.0291,0.0182,0.0033,-0.007,-0.0174,-0.0207,-0.0194,-0.0178,-0.0108,-0.006,-0.0005
2011-05-18,31.9383,130.8634,S,,0.1299,0.1007,0.0872,0.0761,0.0725,0.0746,0.0749,0.0731,0.0682,0.0645,0.0415,0.0346,0.0267,0.0224,-0.0004,-0.0088,0.0106,-0.0205,-0.0146,-0.0177,-0.0167,-0.0178,0.0096,-0.0272,0.016,-0.0225,-0.0302,-0.0373,-0.0384
2011-05-18,31.9383,130.8634,SE,0.1088,0.1088,0.0815,0.0784,0.0692,0.0692,0.0688,0.0627,0.0534,0.0539,0.0561,0.0549,0.0417,0.0241,-0.0046,-0.0213,-0.0165,-0.026,-0.0211,-0.0246,-0.0223,-0.0315,-0.0228,-0.0243,-0.0146,-0.0132,-0.0032,0.0082,0.008,0.0136
2011-05-18,31.9383,130.8634,SO,0.1865,,,,,,,0.0668,0.0692,0.0709,0.0748,0.0692,0.0672,0.067,0.0497,0.0324,0.0165,0.0076,0.0058,0.0156,-0.0029,-0.0034,-0.0079,-0.0179,-0.0252,-0.027,-0.0249,-0.0213,-0.0179,-0.0131
2011-09-23,31.9307,130.8632,E,0.0,,,,,,,,,,,,,,,,,,,,,,,,,,,,,
2011-09-23,31.9307,130.8632,N,0.0,,,,,,,,,,,,,,,,,,,,,,,,,,,,,
2011-09-23,31.9307,130.8632,NE,,-0.0373,,,,,,,,,,,,,,,,,-0.0172,-0.0043,-0.0042,1e-04,-0.0017,-0.0045,-0.0054,1e-04,-0.0002,-0.0021,0.0005,0.0123
2011-09-23,31.9307,130.8632,NO,,-0.0329,-0.0321,-0.0317,-0.031,,,,,,,,,,,,,,,-0.008,-0.0063,-0.0041,1e-04,0.0004,1e-04,-1e-04,0.0008,0.0005,0.0013,0.0018
2011-09-23,31.9307,130.8632,O,,0.0616,0.0568,,,,,,,,,,,,,,,,,,,,-0.0046,-0.0083,-0.0016,-0.002,-0.0016,-1e-04,0.0016,0.0034
2011-09-23,31.9307,130.8632,S,,0.0,,,,,,,,,,,,,,,,,,,,,,,,,,,,
2011-09-23,31.9307,130.8632,SE,,0.0,,0.0,,,,,,,,,,,,,,,,,,,,,,,,,,
2011-09-23,31.9307,130.8632,SO,0.0249,0.0231,,,,,,,,,,,,,,,,,,,,,,,-0.0071,-0.0013,-0.0005,-0.001,-0.0005,0.0029
2012-09-25,31.9391,130.8622,E,0.1048,0.1004,0.0941,0.0868,0.0833,0.0793,0.0751,0.0674,0.0547,0.0306,0.0036,-0.0154,-0.0154,-0.0102,-0.025,-0.0313,-0.0247,-0.0201,-0.0164,-0.0057,-0.0052,0.0066,0.0103,0.0105,0.0135,0.0266,0.0294,,0.0253,0.0285
2012-09-25,31.9391,130.8622,N,,0.0991,0.0991,0.0967,0.0959,0.0841,0.0629,0.048,0.048,0.0237,0.0191,0.0122,0.0011,-0.0242,-0.0242,-0.0241,0.0096,0.0122,0.011,0.0099,0.0149,0.0136,-0.0148,-0.0151,-0.0096,-0.0107,-0.0094,-0.0092,-0.0089,-0.0068
2012-09-25,31.9391,130.8622,NE,,0.092,0.0896,0.0847,0.08,0.075,0.0703,0.0744,0.0699,0.0515,0.0044,-0.0114,-0.0223,-0.0266,-0.0265,-0.0264,-0.0217,-0.0169,-0.0159,-0.0156,-0.0127,0.0153,0.0169,0.0175,0.0017,-0.0096,-0.0099,-0.0057,-0.0055,-0.0004
2012-09-25,31.9391,130.8622,NO,0.1175,0.1161,0.1163,0.1118,0.1118,0.102,0.0829,0.0502,0.0277,0.0165,-0.0032,,0.0027,-0.0213,-0.0267,-0.031,-0.0347,-0.0391,-0.0453,-0.0311,0.004,0.0185,0.0195,0.0188,0.0117,0.0048,0.0052,0.0037,0.0047,0.0078
2012-09-25,31.9391,130.8622,O,0.1091,0.1075,0.1044,0.0983,,,,,,,0.0281,0.0163,-0.0036,-0.0086,-0.0159,-0.0275,-0.0331,-0.0382,-0.0419,-0.0154,0.0064,0.027,0.032,0.0243,0.0151,0.0094,0.0087,0.0055,0.0034,0.0048
2012-09-25,31.9391,130.8622,S,0.0972,0.0897,0.0851,0.0876,0.0784,0.074,0.0636,0.0103,-0.0083,-0.0071,-0.0167,-0.0138,-0.0167,-0.0185,-0.0193,-0.0193,-0.02,0.0148,0.0315,0.0199,0.0145,0.0162,0.0115,0.0016,-0.0016,-0.0028,-0.0055,-0.0106,-0.001,-0.0004
2012-09-25,31.9391,130.8622,SE,,0.0823,0.0752,0.0684,0.0631,0.0644,0.0616,0.0476,0.035,-0.0007,0.006,0.0013,-1e-04,0.0002,-0.0033,-0.0024,-0.0076,-0.018,-0.024,-0.02,-0.0161,-0.0102,-0.0034,0.0035,0.0061,0.0032,0.0021,0.0019,0.0024,0.0075
2012-09-25,31.9391,130.8622,SO,,0.116,0.1066,0.1018,0.1004,0.0936,,,,,,0.0308,0.0576,0.0532,0.0076,-0.0158,-0.017,-0.0129,-0.0135,-0.0057,-0.0057,-0.0076,-0.0097,-0.0067,-0.005,0.0013,-0.0009,0.0088,0.0034,0.006
2013-01-31,31.9378,130.8593,E,,0.0433,0.0432,0.037,0.0226,0.0039,-0.0061,-0.016,-0.0419,-0.0287,-0.0204,-0.01,0.002,0.0076,0.0094,0.0055,-0.007,-0.0104,,,,,-0.0262,-0.0212,-0.0156,-0.0114,-0.0064,-0.0005,0.0078,0.0142
2013-01-31,31.9378,130.8593,N,,0.08,0.0752,0.0592,0.0392,0.0244,0.0262,0.0198,0.0197,0.0121,0.0134,0.0146,0.0148,0.0091,-0.0157,-0.0206,-0.0237,-0.0248,-0.0259,-0.0312,-0.0359,-0.0386,-0.0302,-0.0291,-0.0137,0.0082,0.0223,0.0333,0.0342,0.0297
2013-01-31,31.9378,130.8593,NE,-0.0083,,0.0021,0.015,0.0042,0.0084,0.0135,0.0162,0.0294,0.0363,0.0403,0.0546,0.0533,0.0562,0.0574,0.0445,0.0376,0.0287,0.0229,-0.0029,-0.0146,-0.0452,-0.0615,-0.0718,-0.0704,-0.0621,-0.0455,-0.0353,-0.0248,-0.0144
2013-01-31,31.9378,130.8593,NO,0.1224,,0.1155,0.0829,0.075,,,0.0075,-0.0013,-0.0091,-0.0153,-0.0189,-0.0205,-0.0182,-0.0283,-0.0236,-0.035,-0.0371,-0.0472,-0.0451,-0.0552,-0.0641,-0.0093,0.0308,0.0257,0.0326,0.0382,0.0402,0.0428,0.0479
2013-01-31,31.9378,130.8593,O,,0.0566,0.0539,0.0411,0.0309,0.0208,0.0078,-0.0385,-0.0498,-0.0783,-0.078,-0.0813,,,,-0.0196,-0.0075,-0.0018,0.0036,0.0116,0.0075,0.0042,0.0013,-0.0012,0.0013,0.0039,0.0045,0.0058,0.0062,0.0086
2013-01-31,31.9378,130.8593,S,,0.0386,0.0253,-0.004,-0.0118,-0.0127,-0.0106,-0.0103,-0.0055,0.0013,0.0055,0.0044,0.004,0.0048,-1e-04,-0.0031,-0.0035,-0.0048,-0.0011,0.0047,0.002,0.0026,0.001,-1e-04,-0.0004,0.0009,0.0007,0.0015,0.0022,0.0005
2013-01-31,31.9378,130.8593,SE,0.0728,0.0695,0.0669,0.0421,0.0449,0.0105,-0.0202,-0.0279,-0.0325,-0.0342,-0.0243,0.0093,0.0179,0.0171,0.0167,0.0201,0.0227,0.0106,-0.0098,-0.0138,-0.0112,-0.0056,-0.0048,-0.0031,-0.0045,-0.0047,-0.0005,-0.0027,0.0031,-0.0093
2013-01-31,31.9378,130.8593,SO,0.0865,0.0337,0.0342,0.0113,0.021,-0.0013,-0.0029,-0.0064,-0.0061,-0.006,-0.0072,-0.0077,-0.0087,-0.0102,-0.0124,-0.0049,0.0124,0.0141,0.0095,0.0056,0.0048,0.0019,0.0046,-0.001,-0.002,-0.0019,0.0016,-0.0014,0.0014,-0.0016
2013-02-16,31.9342,130.8662,E,0.0884,0.0542,0.0212,-0.011,-0.0066,-0.0174,-0.0191,-0.0201,-0.0208,-0.0215,-0.0221,-0.0229,-0.0231,-0.0209,-0.0207,,,,,0.0066,0.0067,0.0089,-0.0027,-0.0003,0.0026,0.0021,-0.0017,-0.0056,-0.006,-0.0095
2013-02-16,31.9342,130.8662,N,0.0354,0.0252,0.0212,0.0169,0.0093,0.0014,-0.0013,-0.0036,0.0007,-0.0012,-0.0056,-0.0083,-0.0036,0.0054,0.006,0.0013,0.0169,0.0262,0.0261,0.0219,0.0179,0.018,0.0108,0.0019,-0.0151,-0.0118,-0.0142,-0.0167,-0.019,-0.0155
2013-02-16,31.9342,130.8662,NE,,0.0533,0.0369,0.03,0.018,0.0246,0.0258,0.0333,0.0175,0.0125,0.0066,0.0003,-0.0052,-0.0046,-0.006,-0.0049,-0.0038,-0.0025,-0.0103,0.0032,0.0024,0.0015,-0.0102,-0.0089,0.002,0.0035,0.0008,0.0025,-0.0041,0.0004
2013-02-16,31.9342,130.8662,NO,,0.0152,-0.0003,-0.0065,-0.0089,-0.0081,-0.0053,-0.0039,0.0035,0.0044,-0.0012,-0.001,0.0007,-0.0009,0.0032,0.0056,0.0058,0.005,0.0004,0.0188,-0.0007,0.0018,-0.0155,-0.0114,-0.0143,-0.0174,-0.0173,-0.0009,0.0063,0.0107
2013-02-16,31.9342,130.8662,O,,0.0397,0.0331,0.0257,0.0203,0.0156,0.0118,0.0088,0.006,0.0069,0.0039,0.001,-0.007,0.0062,,,,,-0.007,-0.007,-0.0075,-0.0032,-0.0026,-0.0021,-0.0014,-0.0017,-0.0016,-0.0006,-0.0005,0.0007
2013-02-16,31.9342,130.8662,S,0.0774,0.0576,0.0369,0.0369,0.013,-0.0084,-0.017,-0.0181,-0.0157,-0.0153,-0.0129,-0.0159,-0.014,-0.0126,-0.0131,-0.0064,-0.0065,-0.008,-0.0002,0.007,0.0037,0.0103,-0.0017,-0.0025,0.0025,-0.0009,-0.0061,-0.0143,-0.0093,-0.0004
2013-02-16,31.9342,130.8662,SE,,0.0427,-0.0026,-0.0362,-0.0382,-0.0399,-0.0414,-0.0426,-0.0438,-0.045,-0.0462,-0.0456,-0.0446,-0.0398,-0.0263,-0.0093,-0.0012,0.0056,0.0072,-0.0022,0.0121,0.019,0.0254,0.0341,0.0465,0.028,0.0264,0.0364,0.026,0.0154
2013-02-16,31.9342,130.8662,SO,0.0521,0.0401,0.0305,0.0244,0.0248,0.0172,0.0124,0.0073,0.004,0.0027,-0.0003,-0.0003,-0.0005,-0.0011,-0.0044,-0.0023,-0.0022,-0.0056,-0.0048,-0.0022,-0.0031,-0.0024,-0.0027,-0.0003,-0.0034,-0.0028,0.0012,0.0012,0.0029,-0.0012
2013-03-04,31.9342,130.8665,E,0.1023,0.0874,0.0816,0.0444,0.0444,-0.0088,-0.0036,-0.0131,-0.0127,-0.0147,-0.0148,-0.0162,-0.0152,-0.0155,-0.0166,-0.0155,-0.0155,-0.0033,0.0051,0.0044,0.0031,0.0051,-0.0015,0.0125,0.0504,0.0695,,,,-0.0139
2013-03-04,31.9342,130.8665,N,0.0305,0.0184,0.021,0.0083,-0.0021,-0.0061,-0.0069,-0.0096,-0.0078,-0.0112,-0.0077,1e-04,0.0146,0.0164,0.0166,0.0321,0.0232,0.0194,0.0247,0.0237,0.0161,0.0089,-0.0033,-0.0174,-0.0155,-0.0159,-0.0185,-0.0186,-0.015,-0.0162
2013-03-04,31.9342,130.8665,NE,,0.0626,0.0532,0.0423,0.0391,0.0416,0.0439,0.037,0.0363,0.0274,0.0168,0.0076,-1e-04,-0.0034,-0.0075,-0.0071,-0.0079,-0.0069,-0.0021,-0.0049,-0.0031,-0.0078,-0.0015,-0.0046,0.0057,0.0004,0.011,0.0081,0.0097,0.0097
2013-03-04,31.9342,130.8665,NO,,0.0299,0.0206,0.0112,0.0073,0.0036,0.005,-0.0006,-0.0063,-0.0063,-0.0068,,0.0005,0.005,0.0048,0.0028,0.0024,-0.0008,-0.0025,-0.0031,-0.0036,-0.0027,0.0004,0.0052,0.0022,0.0025,-0.0012,0.0049,0.0021,0.0019
2013-03-04,31.9342,130.8665,O,,0.0771,0.0546,0.0423,,,,,,0.004,-0.0003,-0.0041,-0.0052,-0.005,-0.0014,0.0004,0.0,-0.0026,-0.0022,-0.0023,-0.0033,0.0004,0.0017,-0.0,-0.0008,-0.0008,-0.0013,-0.0028,-0.0058,-0.0088
2013-03-04,31.9342,130.8665,S,0.1063,0.0945,0.0569,0.0442,0.0442,0.0284,0.006,-0.008,-0.0095,-0.0102,-0.0093,-0.0111,-0.009,-0.0117,-0.0117,-0.0094,-0.0089,-0.002,-0.002,-1e-04,0.0056,0.0091,0.011,0.0065,-0.0022,-0.0052,-0.0066,-0.0077,-0.0106,-0.0107
2013-03-04,31.9342,130.8665,SE,,0.0684,0.0413,-0.0241,-0.033,-0.0368,-0.039,-0.0414,-0.043,-0.0445,-0.0465,-0.0466,-0.0477,-0.039,-0.0329,-0.0231,-0.0053,-0.0021,-0.0051,-0.008,-0.0083,-0.0012,0.0051,0.021,0.0364,0.0452,0.0524,0.0197,0.039,0.0008
2013-03-04,31.9342,130.8665,SO,,0.0649,0.0392,0.0168,0.021,,,,,,-0.0093,-0.0023,0.0028,0.0077,0.0085,0.0097,0.0058,0.0071,0.0068,0.003,0.0008,-0.0017,-0.0048,-0.0047,-0.0037,-0.0037,-0.0015,-0.0027,0.0005,-0.0006
2013-04-13,31.938,130.8631,E,,0.1129,0.1001,0.0942,0.0886,0.0892,0.0893,0.0922,0.0929,0.0869,0.0756,0.0542,0.0392,0.0216,0.0056,-0.0084,-0.015,-0.0226,-0.0315,-0.0313,-0.0329,-0.028,-0.0214,-0.019,-0.0159,-0.0046,-0.0048,-0.0004,0.0028,0.0011
2013-04-13,31.938,130.8631,N,,0.1238,0.0989,0.0395,0.0198,0.0186,-0.0074,-0.0148,-0.0274,-0.0335,-0.036,-0.0392,-0.0297,0.0025,0.009,0.0165,0.0235,0.0244,0.0226,0.006,0.0015,0.0004,0.0019,-0.0007,-0.0026,-0.0019,-0.0011,0.004,0.005,0.0095
2013-04-13,31.938,130.8631,NE,0.1275,0.1217,0.1113,0.073,0.0658,0.0593,0.0407,0.0392,0.0272,0.005,-0.0013,-0.0005,-0.0011,-0.0147,-0.0174,-0.0182,-0.0141,-0.0129,0.0067,0.0079,0.0087,0.0094,0.0099,0.009,0.0082,-0.0076,-0.0062,-0.0045,-0.0031,-0.0017
2013-04-13,31.938,130.8631,NO,0.1075,0.0981,0.075,0.0304,-0.0017,-0.0239,-0.0337,-0.0453,-0.0468,-0.048,-0.0491,-0.0468,-0.0367,-0.0309,-0.0211,0.0011,0.0182,0.0268,0.0276,0.023,0.0163,0.0092,0.007,0.0027,0.0016,0.0002,0.0027,0.0058,0.0137,0.0173
2013-04-13,31.938,130.8631,O,,0.1383,0.1231,0.1017,0.0811,0.0605,0.0414,0.0238,0.0081,-0.0033,-0.006,-0.0112,-0.0341,-0.039,-0.0352,-0.0188,0.0038,0.0238,0.0306,0.0269,0.0206,0.0133,0.0089,0.0038,0.0006,-0.0007,-0.0007,0.0005,0.0034,0.007
2013-04-13,31.938,130.8631,S,,0.1059,0.0929,0.0868,0.0861,0.0786,0.0802,0.0772,0.0753,0.061,0.0463,0.0522,0.0374,0.028,0.0115,-0.0018,-0.0107,-0.0148,-0.0185,-0.0228,-0.0145,0.0019,0.0045,0.0071,0.0037,-0.0062,-0.0127,-0.018,-0.0228,-0.0279
2013-04-13,31.938,130.8631,SE,0.1065,0.0978,0.0834,0.0744,0.0706,0.0731,0.0742,0.0777,0.0739,0.0748,0.071,0.0607,0.0523,0.0021,-0.0074,-0.02,-0.022,-0.0237,-0.02,-0.0241,-0.0239,-0.0313,-0.0171,-0.0313,-0.017,-0.0157,0.0015,0.0058,0.0096,0.0097
2013-04-13,31.938,130.8631,SO,0.1394,0.1282,0.1232,0.1188,0.1126,0.1086,0.0826,0.0823,0.0651,0.0568,0.0489,0.0455,0.0379,0.0277,0.0162,-0.0055,-0.0039,-0.0076,-0.0051,-0.0079,-0.0155,-0.0127,-0.0121,-0.0174,-0.0131,-0.0156,-0.0137,-0.013,-0.0117,-0.0094
2013-08-27,31.9378,130.8618,E,0.1305,0.1257,0.121,0.121,0.1185,0.1137,0.0993,0.0764,0.0615,0.0532,0.0511,0.0528,0.0512,,,,,0.0198,0.0148,-0.0214,-0.0264,-0.0263,-0.0306,-0.0258,-0.0253,-0.0203,-0.0104,-0.0047,-0.0059,-0.0065
2013-08-27,31.9378,130.8618,N,,0.1422,0.1339,0.1157,0.1193,0.1048,0.0617,0.0273,0.0039,0.0052,-0.0084,-0.0251,-0.0284,-0.0319,-0.0343,-0.0363,-0.0279,0.0074,0.0259,0.0285,0.0272,0.0309,0.024,-0.0079,-0.0065,-0.0066,-0.0065,-0.0042,-0.0002,0.001
2013-08-27,31.9378,130.8618,NE,,0.1236,0.1212,0.1212,0.1211,0.1182,0.1133,0.0934,0.066,0.045,0.0397,0.0198,0.018,-0.0197,-0.0252,-0.0007,-0.0016,-0.0008,-0.0176,-0.0318,-0.0312,-0.0299,-0.029,-0.0273,-0.0263,0.0056,0.0083,0.0092,0.0051,-0.0227
2013-08-27,31.9378,130.8618,NO,0.1658,0.1448,0.1204,0.1055,0.0803,0.0535,0.032,0.0189,0.0103,-0.0014,-0.0181,-0.021,-0.0319,-0.0381,-0.0411,-0.0301,-0.0401,0.0013,0.0163,0.0301,0.0298,0.0273,0.0214,0.0105,0.0076,0.0048,0.0061,0.0069,0.009,0.0091
2013-08-27,31.9378,130.8618,O,,0.1506,0.1215,0.0868,0.0663,0.0557,0.0475,0.0224,0.0203,0.0232,0.0177,-0.0193,-0.0197,0.0004,0.013,0.0259,0.0515,,,,,-0.0004,0.0045,0.0008,0.0013,-0.0026,-0.0021,-0.0013,-0.0039,-0.0034
2013-08-27,31.9378,130.8618,S,,0.1487,0.1449,0.12,0.0998,0.0982,0.0792,0.0774,0.1013,0.0247,0.0154,-0.0039,-0.0204,-0.0212,-0.0209,-0.0201,-0.0189,-0.0184,-0.0174,-0.0166,-0.0151,-0.0147,-0.0139,-0.0131,-0.0095,-0.0095,-0.0064,-0.0071,-0.007,-0.0063
2013-08-27,31.9378,130.8618,SE,0.1236,0.1141,0.1141,0.114,0.097,0.0869,0.077,0.0623,0.0271,0.0214,0.0009,-0.0125,-0.0248,-0.0333,-0.0314,-0.0327,-0.0249,-0.0202,0.0156,0.0305,0.0273,0.0248,0.0251,0.0178,-0.0076,-0.0178,-0.0079,-0.0035,0.0009,-0.0011
2013-08-27,31.9378,130.8618,SO,0.1659,0.1564,0.1409,0.1024,0.0777,0.0653,0.0483,0.059,0.0432,0.0589,0.0157,0.0101,-0.0095,-0.0064,0.0103,-0.0065,-0.0214,-0.02,-0.0188,-0.0156,-0.0137,-0.015,-0.0061,0.0004,-0.001,-0.0012,-0.0004,0.0017,0.0023,0.0032
2013-10-30,31.9334,130.8636,E,,0.049,-0.015,-0.0248,-0.0393,-0.048,-0.0536,-0.058,-0.0616,-0.0664,-0.0704,,,,,,-0.0483,-0.0451,-0.0221,-0.0138,-0.0084,-0.0016,0.0058,0.0167,0.0268,0.0414,0.0575,0.0535,0.0267,0.0119
2013-10-30,31.9334,130.8636,N,,0.0582,0.0416,0.0273,0.0232,0.0151,0.0099,0.0135,0.0011,0.0063,0.0044,0.0056,0.0063,0.0047,-0.0013,-0.0072,-0.0082,-0.0094,-0.0099,-0.0093,-0.0097,-0.0211,-0.0234,-0.0291,0.008,0.0165,0.0116,0.0126,0.0103,0.0014
2013-10-30,31.9334,130.8636,NE,0.0763,0.071,0.0268,-0.0168,-0.0049,-0.0335,-0.0308,-0.0294,-0.0277,-0.028,-0.0257,-0.0067,0.0155,0.0091,0.0271,0.0363,0.0461,-0.0248,-0.0295,-0.0282,-0.0208,-0.0057,-0.0009,0.0093,0.0049,0.0061,0.0045,0.0034,0.0012,0.0049
2013-10-30,31.9334,130.8636,NO,0.0586,0.0278,0.0153,0.0064,0.0031,-0.0023,-0.0075,-0.0107,-0.0099,-0.0087,-0.0054,-0.0031,0.0035,0.003,0.0005,0.0016,0.0063,0.0057,0.0056,0.007,0.0079,0.0047,-1e-04,-0.003,-0.0034,-0.0066,-0.0101,-0.0082,-0.0078,-0.0032
2013-10-30,31.9334,130.8636,O,,0.0605,0.0416,0.0285,0.0194,0.0151,0.0134,0.007,0.0032,0.0028,-0.0002,-0.0036,-0.0041,0.0019,0.0024,0.0027,0.0028,0.0026,0.0023,,,,-0.0025,-0.0017,-0.002,-0.0017,-0.0015,-0.0016,-0.0012,0.0024
2013-10-30,31.9334,130.8636,S,0.0846,0.0843,0.0694,0.0657,0.0663,0.0459,0.0596,0.0417,0.0341,0.0319,0.0254,0.0213,0.0118,0.0059,-0.0005,-0.004,-0.0081,-0.007,-0.0056,0.0013,-0.0027,-0.0019,-0.0006,1e-04,0.0015,-0.0057,-0.004,0.0023,0.0021,0.0011
2013-10-30,31.9334,130.8636,SE,0.1311,0.1259,0.0726,0.0173,0.0183,-0.001,-0.0066,-0.0095,-0.0126,-0.0188,-0.0235,-0.0225,-0.0227,-0.0214,-0.0136,0.0034,0.0061,0.0285,0.0028,0.0032,0.0042,0.0064,0.0386,0.001,0.0287,0.0027,-0.0095,-0.0175,-0.0232,-0.0251
2013-10-30,31.9334,130.8636,SO,,0.0671,0.0589,0.0386,0.0343,0.0256,0.017,0.0123,0.0077,0.0038,0.0038,0.0035,-0.0002,-0.0007,-0.0002,0.0004,-0.0033,-0.0013,-0.0034,-0.0002,-0.0021,0.0023,0.0021,0.0023,0.0017,-0.0015,-0.0025,0.0026,0.0021,0.0019
2013-11-23,31.9339,130.8662,E,0.0949,0.0817,0.0565,0.0465,-0.0021,-0.0172,-0.0211,-0.0266,-0.0334,-0.0311,-0.0332,-0.0348,-0.0371,-0.0303,-0.0301,-0.0117,-0.0045,0.0046,0.0122,0.0207,0.0219,0.0261,0.0193,0.011,0.0062,0.0031,-0.0004,-0.0012,-0.0044,-0.0043
2013-11-23,31.9339,130.8662,N,,,,,,,,-0.0044,,,-0.0019,-0.0031,-0.0077,-0.007,0.0065,-0.0074,0.021,0.0236,0.0182,0.0044,-0.0062,0.0161,0.0195,0.0109,-0.0061,-0.0103,-0.0131,-0.0146,-0.0153,-0.0163
2013-11-23,31.9339,130.8662,NE,,,,,,0.006,-0.0092,,,,0.0157,0.0082,0.0076,0.0027,0.0009,-0.0042,0.0005,0.001,-0.0002,-0.0002,0.0002,-0.0014,0.0004,0.0006,0.0012,0.0014,0.0,-0.0006,0.002,-0.0016
2013-11-23,31.9339,130.8662,NO,,,,,,,,,,,,,,0.0158,0.021,0.0183,0.0077,0.0061,0.0034,0.0029,-0.0011,-0.002,-0.0035,-0.0035,-0.0024,0.0004,0.0011,-0.0006,0.002,0.002
2013-11-23,31.9339,130.8662,O,0.0268,,,,,,,0.0004,0.0007,0.0,-0.0004,-0.0017,0.0011,0.0007,-0.0007,-1e-04,1e-04,0.0012,0.001,0.0009,0.0004,0.0005,0.0006,-0.001,-0.0017,-0.0021,-0.0014,-0.0018,-0.0002,-0.001
2013-11-23,31.9339,130.8662,S,,,,,,0.0016,0.0157,-0.0227,-0.0232,-0.0278,-0.0216,-0.0156,-0.0257,-0.0307,-0.0307,-0.0343,-0.0382,-0.0228,-0.0305,-0.0319,-0.03,-0.0207,0.0125,0.0275,0.0101,0.0268,0.0231,0.0198,0.0162,0.0138
2013-11-23,31.9339,130.8662,SE,,0.1041,0.0877,0.0487,0.0074,-0.0053,-0.0099,-0.014,-0.0183,-0.0214,-0.026,-0.0282,-0.0317,-0.0342,-0.0285,-0.0158,-0.0258,-0.016,-0.0008,0.0039,0.0098,0.0174,0.0328,0.0458,0.0557,,0.0575,0.0454,0.0401,0.0355
2013-11-23,31.9339,130.8662,SO,,,,,,,,0.0002,0.0008,-0.0003,0.0008,0.0028,0.0024,0.0015,0.0006,-0.0007,-0.0003,1e-04,0.0004,-0.0008,-0.0012,-0.0017,-0.0024,-0.0018,0.0004,-0.0003,-0.0003,-0.0013,-0.0017,-0.0008
2014-01-02,31.9378,130.8596,E,,0.0517,0.0555,0.0547,0.0519,0.0513,0.0522,,,,,,,,,,,,,,,-0.0068,-0.0109,-0.015,-0.0106,-0.0167,0.0046,-0.001,0.005,0.005
2014-01-02,31.9378,130.8596,N,,0.0788,0.0483,0.0324,-1e-04,-0.0043,-0.0064,0.0135,0.0212,0.019,0.0171,0.0171,0.0028,-0.0186,-0.018,-0.0168,-0.0168,-0.0157,-0.0152,-0.0138,-0.012,-0.0097,-0.0062,-0.0014,0.0044,0.0035,0.003,0.0586,0.039,0.0188
2014-01-02,31.9378,130.8596,NE,0.0281,0.0293,0.0418,0.0367,0.0457,0.0265,0.0224,0.0045,-0.0165,-0.0132,0.0199,0.0078,0.0242,0.0244,0.0201,,,,0.0186,0.0004,-0.0025,-0.0043,0.0021,0.0028,0.0005,-0.0027,-0.0028,-0.0015,0.0082,0.006
2014-01-02,31.9378,130.8596,NO,0.0996,0.0836,0.0635,0.0552,1e-04,0.0035,-0.0052,-0.0048,-0.0034,-0.0032,-0.0072,-0.0084,-0.0122,-0.0161,-0.0179,-0.0204,-0.0236,-0.022,-0.0249,-0.0276,-0.0269,-0.0268,-0.0153,0.0132,0.0376,0.03,0.0302,0.0304,0.0309,0.0346
2014-01-02,31.9378,130.8596,O,,0.0413,0.0316,0.024,-0.0299,-0.0282,-0.0292,-0.0302,-0.0203,-0.0168,-0.0109,-0.0047,0.0007,-0.0024,,,,,0.002,,0.0518,,,-0.0182,-0.0035,0.0012,0.0023,0.0032,-0.0011,-0.0045
2014-01-02,31.9378,130.8596,S,,0.0536,0.0264,0.0202,-0.0039,-0.009,-0.0104,-0.0157,-0.0171,-0.0126,-0.0062,0.0091,0.0031,0.0134,0.0114,0.0084,0.0049,0.0019,0.0013,0.0016,0.0042,0.0017,0.001,-1e-04,0.0009,-0.0021,-0.0021,-0.0013,-0.0021,-0.0028
2014-01-02,31.9378,130.8596,SE,0.0489,,0.0588,0.0502,0.0515,0.0261,0.0138,0.0031,-0.0032,-0.004,0.0011,-0.0026,0.0114,-0.0018,-0.0006,-0.0035,,0.0108,0.01,0.0053,0.0024,0.0023,,0.0014,0.003,,,-0.002,,0.0027
2014-01-02,31.9378,130.8596,SO,0.0714,0.0674,0.0446,0.0256,0.0215,0.0004,-0.0037,-0.0022,-0.0054,-0.0071,-0.0099,-0.0039,-0.0015,-0.0044,0.002,0.0045,0.0024,0.0049,-0.0006,-0.0012,-0.001,-0.0009,-0.002,-0.005,-0.0024,0.0055,0.0044,0.0034,0.0029,0.0017
2014-03-15,31.9299,130.8613,E,0.0091,0.0092,0.0084,0.0077,0.0061,0.0038,1e-04,-0.0011,-0.001,,,-0.0002,,,,0.0003,-0.0,-0.0005,-1e-04,,,,,,,,,,,
2014-03-15,31.9299,130.8613,N,0.0091,0.0072,0.0061,0.0059,,0.0006,-0.001,0.0008,,0.0009,0.0008,-0.0011,,,,,,,,,,,,,,,,,,
2014-03-15,31.9299,130.8613,NE,,0.0101,,,,,,,,,,,,,,,,,,,,,,,,,,,,
2014-03-15,31.9299,130.8613,NO,,,0.01,0.0093,0.0078,0.0057,0.0037,0.0033,0.0036,0.0022,0.0008,0.0007,-0.0004,-0.0006,-0.0011,-0.0012,-1e-04,1e-04,0.0002,0.0,-0.0,-0.0003,-0.0,0.0003,0.0002,0.0003,0.001,0.0014,0.002,0.0026
2014-03-15,31.9299,130.8613,O,0.0083,,0.0067,0.0067,0.0052,0.0047,0.0035,0.0026,0.0008,0.0019,0.0021,0.002,0.0013,1e-04,-0.0014,-0.0014,-0.001,-0.0012,-0.0003,-0.0004,1e-04,0.0,-0.0017,-0.0021,-0.0023,-0.002,-0.0016,0.0006,0.0014,0.0023
2014-03-15,31.9299,130.8613,S,0.0109,0.0091,0.0075,0.0076,0.0061,0.0045,0.0025,-0.0004,-0.0007,-0.0004,-0.0003,-0.0004,-0.0004,-0.0002,,-0.0003,-0.0003,-0.0002,,0.0,1e-04,,,,,-0.0005,,,,
2014-03-15,31.9299,130.8613,SE,,0.0106,0.0104,0.0095,0.0091,0.0057,0.0026,-0.0002,-0.0002,,,,,,,,,,,,,,,-0.0002,-0.0002,,,,,
2014-03-15,31.9299,130.8613,SO,,,0.0218,0.0193,0.0158,0.0132,0.0108,0.0049,0.0021,-0.0012,-0.0014,-0.0011,-0.0013,-0.0013,-0.0025,,,,,,,,,,0.0007,-0.0003,0.0007,0.0016,0.0037,0.0046
2014-03-23,31.9342,130.8662,E,0.075,0.054,0.0091,-0.0241,-0.024,-0.0237,-0.0235,-0.0236,-0.0235,-0.0232,-0.0232,-0.023,-0.0229,-0.0228,-0.0228,-0.0198,-0.0126,,,,,-0.003,-0.0058,0.0008,0.0034,0.0018,0.0077,-0.0031,-0.0067,-0.0027
2014-03-23,31.9342,130.8662,N,0.0535,0.0376,0.025,0.016,0.0086,-0.0004,-0.0065,-0.0064,-0.0059,-0.0075,-0.0117,-0.0147,-0.0029,0.0117,0.0114,0.007,0.025,0.0316,0.0384,0.045,0.045,0.0324,0.0153,-0.0013,-0.0289,-0.0311,-0.0347,-0.0342,-0.0398,-0.0415
2014-03-23,31.9342,130.8662,NE,,0.0375,0.0162,0.0072,-0.0041,0.0109,0.0144,0.0273,0.0193,0.0148,0.0082,0.0023,0.0022,0.0019,0.0002,0.0004,-0.0092,-0.007,-0.0145,-0.0144,-0.0098,0.0028,0.0021,0.0052,0.007,0.0051,0.0059,1e-04,-0.0023,0.0043
2014-03-23,31.9342,130.8662,NO,,0.043,0.0172,0.0091,0.0051,0.0013,0.0013,0.0036,0.0068,0.0063,-0.004,-0.0027,-0.0009,0.0032,0.0045,0.0141,0.0161,0.0289,0.0204,0.0555,0.0101,-0.0198,-0.0304,-0.0267,-0.0257,-0.0164,-0.0201,-0.0093,-0.0028,-0.0033
2014-03-23,31.9342,130.8662,O,,0.067,0.0425,0.0226,0.0209,0.0096,0.0063,0.0039,0.0014,0.0026,0.0042,0.0066,,,,,,-0.0013,-0.007,-0.0055,-0.005,-0.0045,-0.0018,-0.0028,-0.0024,-0.0046,-0.0032,0.0017,0.0019,0.0003
2014-03-23,31.9342,130.8662,S,0.0774,0.0609,0.0326,0.0326,-0.0003,-0.0282,-0.0275,-0.0206,-0.0152,-0.0144,-0.0137,-0.0245,-0.0115,-0.005,0.0002,0.0133,0.018,0.0015,0.0249,0.0252,0.0233,0.0197,0.0095,0.0049,-0.0056,-0.0185,-0.0119,-0.0174,-0.0112,-0.0059
2014-03-23,31.9342,130.8662,SE,,0.0433,-0.0022,-0.0275,-0.0323,-0.0368,-0.0403,-0.0433,-0.0463,-0.0493,-0.0516,-0.0512,-0.0478,-0.0417,-0.0302,-0.0149,-0.0009,0.0038,0.0084,-0.0039,0.0135,0.0268,0.0349,0.0463,0.0534,0.03,0.0301,0.0284,0.0102,0.0028
2014-03-23,31.9342,130.8662,SO,0.0658,0.0439,0.0199,0.0179,0.0115,0.0104,-0.0008,-0.003,-0.0107,-0.0031,-0.0065,-0.0028,0.0046,0.0065,0.0133,0.012,0.0148,0.0111,-0.0053,-0.0094,-0.0116,-0.0103,-0.0079,-0.0045,-0.0022,-0.0014,0.0008,0.0021,0.0046,0.0039
2014-05-02,31.9378,130.8615,E,,0.0847,0.0858,0.0864,0.0834,0.0832,0.0827,0.0816,0.0769,0.0708,0.0649,0.05,0.0439,0.0342,0.0235,0.0099,-0.0009,-0.0154,-0.0186,-0.0357,-0.0394,-0.0393,-0.0307,-0.0253,-0.0182,-0.0139,-0.0088,-0.0026,-1e-04,0.0047
2014-05-02,31.9378,130.8615,N,,0.0831,0.073,0.0695,0.066,0.066,0.0589,0.0474,0.018,0.0047,0.0025,-0.0103,-0.0296,-0.0404,-0.0428,-0.0413,-0.0367,-0.0217,-0.0008,0.0121,0.0193,0.0226,0.0232,0.0224,0.0105,0.0071,0.0029,0.0024,-0.0006,-0.0016
2014-05-02,31.9378,130.8615,NE,0.0763,0.076,0.0741,0.0705,0.0698,0.0696,0.0684,0.0684,0.0704,0.0611,0.0561,0.0521,0.0384,0.0336,0.0199,-0.0087,-0.0176,-0.0237,-0.0261,-0.0267,-0.0247,-0.0243,-0.0211,-0.0199,-0.0101,1e-04,0.0032,0.0027,1e-04,-0.0163
2014-05-02,31.9378,130.8615,NO,0.1018,0.0985,0.091,0.0828,0.0699,0.0631,0.0496,0.0411,0.0289,0.0173,0.008,0.0009,-0.0069,-0.0156,-0.0139,-0.0116,-0.0083,-0.0044,0.0053,0.0108,0.0116,0.0166,0.0096,0.0074,0.0004,-0.003,-0.004,-0.007,-0.001,0.0033
2014-05-02,31.9378,130.8615,O,,0.1189,0.1107,0.1004,0.086,0.0757,0.0683,0.0537,0.0476,0.0402,0.0326,0.0041,-0.0097,-0.0149,-0.0062,1e-04,0.0127,0.0184,0.0138,0.0099,0.0048,-0.002,-0.0058,-0.0068,-0.0056,-0.0041,-0.0019,0.0011,0.0039,0.0079
2014-05-02,31.9378,130.8615,S,,0.1144,0.1037,0.0938,0.0883,0.0599,0.0834,0.039,0.0209,0.0123,0.0049,-0.0009,-0.0049,-0.0052,-0.0067,-0.0072,-0.0059,-0.0142,-0.0101,-0.0104,0.0004,-0.0074,-0.0065,-0.0054,-0.0043,-0.0031,-0.0018,-0.0011,1e-04,0.0016
2014-05-02,31.9378,130.8615,SE,0.0784,0.0787,0.0806,0.0804,0.0813,0.0776,0.0417,0.0278,0.0304,0.0197,0.0064,-0.0036,-0.0074,-0.0206,-0.0203,-0.0129,-0.0061,-0.0038,-0.0011,-0.0007,-0.0018,-0.0092,-0.0041,-0.0009,0.0033,0.002,0.0047,0.005,0.0029,0.0039
2014-05-02,31.9378,130.8615,SO,0.1234,0.1182,0.1065,0.0954,0.0805,0.0744,0.0835,0.0753,0.0674,0.0419,0.0283,0.0028,-0.0024,-0.0056,-0.0068,-0.0074,-0.0077,-0.0095,-0.0094,-0.0092,-0.0069,-0.0066,-0.0057,-0.0037,-0.0025,-0.0003,0.0017,0.0032,0.0053,0.0074
2014-09-15,31.9351,130.857,E,0.0202,0.0057,-0.0016,-0.0018,0.0051,-0.0022,-0.0021,-0.0022,0.0047,0.0018,0.0026,0.0028,0.0012,-0.0038,-0.0109,-0.0101,,,,,0.0039,-0.0019,-0.0014,0.0012,-0.0013,-0.0013,-0.0014,-0.0014,-0.0003,0.0008
2014-09-15,31.9351,130.857,N,,0.0074,0.0074,0.0071,0.0073,0.0002,0.0002,-1e-04,1e-04,0.0002,1e-04,0.0002,0.0071,0.0002,1e-04,0.0,0.0,-1e-04,-0.0002,-0.0002,0.0003,-0.0002,-0.0002,0.0002,0.0004,0.0002,0.0002,0.0002,0.0003,0.0004
2014-09-15,31.9351,130.857,NE,0.0129,0.0059,0.0062,0.0062,-0.0005,-0.0076,-0.0076,-0.0077,-0.0012,-0.0012,-0.0016,-0.0016,-0.0016,-0.0022,-0.0025,-0.0031,0.004,0.0038,0.0037,-0.0036,-0.0036,-0.0023,-0.0021,0.0045,0.0048,0.0043,-0.0017,0.0016,-0.002,-0.0016
2014-09-15,31.9351,130.857,NO,,0.0067,0.0065,-0.0007,-0.0011,0.0025,0.0057,0.0062,-0.0012,-0.0008,-0.0006,-0.0003,-0.0007,-0.0008,-0.0006,-0.0006,-0.0002,-1e-04,-1e-04,0.006,0.0031,-0.0003,-0.0007,0.0006,0.0002,0.0066,0.0004,-0.0064,-0.0062,0.0003
2014-09-15,31.9351,130.857,O,0.009,0.002,0.0022,0.0021,0.002,0.0021,0.0025,0.009,0.0026,-0.0043,-0.0037,-0.0035,-0.0042,-0.0117,-0.0113,,,,0.0046,0.005,0.0046,0.0045,-0.0027,-0.0026,-0.0025,-0.0024,-0.0024,-0.0022,-0.0022,-0.0022
2014-09-15,31.9351,130.857,S,,-0.0014,-0.0082,-0.0075,-0.0033,-0.0027,0.0048,-0.002,-0.002,-0.0016,-0.0009,-0.0004,-1e-04,1e-04,0.0006,0.0011,0.0014,0.0014,-0.0051,0.0018,-0.0042,0.0025,-0.0039,0.003,0.0033,0.0037,0.0041,0.0005,0.0044,0.0046
2014-09-15,31.9351,130.857,SE,0.0276,0.0135,0.0133,0.0202,0.0166,0.0128,0.0125,0.0057,-0.0018,-0.0017,0.0014,0.0041,-0.0015,-0.0016,-0.0022,-0.0024,0.0029,-0.0041,-0.0005,-0.0038,-0.0046,-0.0046,-0.0046,-0.0045,-0.0044,-0.0043,0.001,0.001,0.0027,0.0086
2014-09-15,31.9351,130.857,SO,-0.02,-0.0195,-0.0175,-0.0098,-0.0068,-0.002,-0.0008,0.0038,0.0042,-0.001,-0.0007,-0.0003,-0.0042,-0.005,-0.0031,-0.0018,-0.0006,-0.0066,-0.0131,-0.0033,0.0,0.0078,0.0031,0.0025,0.0015,0.0021,-0.0027,0.0008,-0.0017,-0.0003
2014-10-25,31.9373,130.8596,NO,0.0185,,,,,,,,,,,,,,,,0.0053,0.0021,-0.0025,0.0023,0.0019,0.0002,0.0018,-0.004,-0.0071,,,,,
2014-10-25,31.9373,130.8596,O,,0.0036,,,0.0124,-0.0208,-0.0252,-0.0227,-0.0172,-0.0172,-0.0083,0.0003,-0.0005,0.0021,0.0008,0.0021,-0.0005,-0.0,-0.0004,0.0003,0.0024,0.0018,0.0014,0.001,-0.0003,0.0004,0.0009,0.0021,0.0015,-0.0
2014-10-25,31.9373,130.8596,S,,,-0.0031,-0.0007,-0.0034,-0.0055,-0.0031,-0.0012,-0.0004,-0.0019,-0.0033,-0.0043,-0.0014,-0.0005,-0.0009,-0.0019,0.0003,,,,,,,,,,,,,
2014-10-25,31.9373,130.8596,SE,,,,,0.0091,0.0045,-0.0002,-0.0043,-0.0027,,0.0145,0.0178,0.0033,0.0015,-0.0015,0.0085,-0.0011,-0.0129,-0.0129,,,,-0.0156,-0.0157,-0.016,-0.0162,-0.0072,-0.0023,0.0038,0.0035
2014-10-25,31.9373,130.8596,SO,0.0233,,,-0.0004,-0.0008,0.001,-0.002,-0.0022,-0.0005,0.0002,0.0016,0.0008,0.0035,0.0033,0.0004,0.003,0.0018,0.0049,-0.0005,0.0051,0.0013,0.0035,0.0047,0.0053,0.0038,0.005,0.0052,0.0062,0.0092,0.01
2015-02-14,31.9378,130.8596,E,,,,0.0505,,0.035,0.0457,0.0171,0.0131,0.0071,0.0088,0.0085,0.0071,0.0061,0.0052,0.0068,0.0006,-0.0032,-0.0118,-0.0126,-0.0132,-0.0122,-0.0117,-0.0102,-0.008,-0.0053,-0.001,0.0014,0.0037,
2015-02-14,31.9378,130.8596,N,,,,-0.0442,-0.0386,-0.04,-0.0359,-0.0145,0.001,0.0006,0.0018,0.0026,-0.0209,0.0038,,,,,,,,,,,,,,,,
2015-02-14,31.9378,130.8596,NE,,,,,-0.0112,-0.0093,-0.0111,-0.0061,0.02,0.0239,0.0453,0.0492,0.0507,0.0559,0.0555,0.0538,0.046,-0.008,-0.0109,-0.0234,-0.0319,-0.0362,-0.0383,-0.0421,-0.032,-0.0218,-0.0238,-0.0246,-0.0259,-0.0266
2015-02-14,31.9378,130.8596,NO,0.0631,,,,,0.0051,,,,-0.0301,-0.029,-0.0286,-0.0291,-0.0245,-0.0239,-0.0189,-0.0152,,,,,,,,,,,0.0496,0.0466,0.0466
2015-02-14,31.9378,130.8596,O,,,,,,-0.004,-0.005,-0.043,-0.0187,-0.0216,-0.0185,-0.0092,-0.0106,-0.004,,,,,,,,0.0086,,0.0153,0.0165,0.0133,0.0062,0.0031,-0.0051,-0.0079
2015-02-14,31.9378,130.8596,S,,,,0.0178,0.0071,0.0029,0.0011,-0.0005,-0.0008,0.0016,0.0055,0.0081,0.0054,0.0024,0.0048,-0.0049,-0.0054,-0.0014,-0.003,-0.0137,-0.0094,-0.0032,-0.0035,-0.004,0.0062,0.0063,0.0055,-0.0033,0.0009,-0.0042
2015-02-14,31.9378,130.8596,SE,,,,,,0.0083,0.0031,-0.0021,-0.0045,-0.0048,-0.0016,0.0002,0.004,0.0044,0.0035,0.0015,0.0019,-0.0031,-0.0014,-0.0065,-0.0038,-0.0016,-0.0008,,,,,,,
2015-02-14,31.9378,130.8596,SO,0.0679,,,,,,0.0032,0.0046,-0.0047,-0.0017,,,,-0.0071,-0.0131,-0.0137,-0.0133,-0.0139,-0.0135,,-0.0157,-0.0173,,,0.0069,0.0079,0.0064,0.0053,0.0053,0.0051
2015-03-26,31.9391,130.8609,E,,0.1221,0.1284,0.1379,0.142,0.1302,0.1119,0.0794,0.0536,0.0377,0.0066,-0.018,-0.0267,-0.0267,-0.0411,-0.045,-0.04,-0.0326,,,,-0.0237,-0.0138,-0.0132,-0.0106,-0.0054,0.0006,0.0092,0.0153,0.0162
2015-03-26,31.9391,130.8609,N,,0.1041,0.102,0.0786,0.061,0.0775,0.0837,0.0946,0.0953,0.0796,0.0482,0.0269,0.0245,-0.0042,-0.0175,-0.0265,-0.0235,-0.032,-0.032,-0.0302,0.0015,-0.0015,-0.0047,-0.0047,-0.0025,-0.0024,-0.0164,-0.014,-0.0183,-0.0222
2015-03-26,31.9391,130.8609,NE,0.1222,0.1231,0.1258,0.1198,0.1238,0.1277,0.1214,0.1185,0.1076,0.0933,0.0604,0.0263,-0.0049,-0.0338,-0.0389,-0.0476,-0.057,-0.0566,-0.0497,-0.0455,-0.0423,-0.0356,-0.0182,-0.0104,0.0058,1e-04,-0.004,-0.0002,0.0039,0.0066
2015-03-26,31.9391,130.8609,NO,0.0996,0.0894,0.0751,0.0565,0.0523,0.0606,0.0784,0.0871,0.0818,0.057,0.0254,0.0034,-0.0123,-0.0268,-0.0442,-0.0446,-0.0451,-0.0456,-0.0462,-0.0467,-0.0473,-0.0479,-0.0071,0.0297,0.0272,0.0213,0.016,0.0065,0.0133,0.0037
2015-03-26,31.9391,130.8609,O,,0.1225,0.1123,0.1028,0.1024,0.102,0.0937,0.0908,0.0687,0.0501,0.0417,0.0369,0.0164,,,,,-0.0184,-0.0082,-0.0002,0.0141,0.0227,0.0235,0.0179,0.0039,-0.0079,-0.017,-0.0185,-0.0181,-0.0145
2015-03-26,31.9391,130.8609,S,,0.1168,0.0993,0.0738,0.0374,0.0578,0.0351,-0.0174,-0.0291,-0.0284,-0.0287,-0.0282,-0.0237,0.0124,0.0273,0.0243,0.0184,0.0188,0.0167,-0.005,-0.0145,-0.0158,-0.0132,-0.008,-0.0057,-0.0012,0.0033,0.0033,0.001,0.0022
2015-03-26,31.9391,130.8609,SE,0.1227,0.1139,0.1196,0.0751,0.0607,0.0158,0.0126,-0.0043,-0.004,-0.0039,-1e-04,0.0015,0.0076,0.0052,0.0028,-0.0105,-0.0126,-0.0159,-0.0032,0.0079,0.0065,0.0098,0.0051,-0.0037,-0.0026,-0.0044,-0.0059,-0.0073,-0.0091,-0.0048
2015-03-26,31.9391,130.8609,SO,0.1397,0.1323,0.123,0.1048,0.0899,0.0815,0.0721,0.1069,0.0315,0.0265,0.0066,-0.002,-0.0106,-0.0101,-0.0179,-0.0229,-0.0068,-0.0041,0.0046,-0.0141,-0.0112,-0.0104,-0.0107,-0.0095,-0.0064,-0.0061,-0.0057,-0.0016,0.002,0.0034
2015-05-13,31.9331,130.8677,N,-0.0738,-0.0835,,,,,,,,,,,,,0.0423,,,-0.0013,-0.0006,0.0104,0.0,-0.0095,-0.0086,-0.0072,-0.0003,0.011,0.0061,0.0042,0.004,-0.0105
2015-05-13,31.9331,130.8677,NE,,-0.0076,-0.0107,-0.0128,-0.0109,-0.009,,-0.0065,0.0004,0.0071,0.0065,,,,-0.0104,-0.0053,-0.003,0.0009,,,0.0055,0.0064,0.0068,0.0145,,,,,0.003,0.0035
2015-05-13,31.9331,130.8677,NO,,,,,,,,,,,,,,,-0.0254,,,,,-0.0286,-0.025,-0.0187,0.0194,0.0096,-0.002,0.0008,0.0057,0.004,-0.0032,-0.0058
2015-05-13,31.9331,130.8677,O,,,,,,,,,,,,,-0.0056,-0.0063,,,,,,-0.0017,0.0021,0.0002,-0.0036,-0.0004,-0.0013,-0.0027,-0.0026,-0.0025,-0.0023,-0.0023
2015-05-13,31.9331,130.8677,SO,,,,,,,,,,,,,0.0,0.0,0.0,0.0,0.0,0.0,,,,,,,,,,,,
2015-05-21,31.9388,130.8628,E,,0.0845,0.0807,0.0766,0.075,0.0683,0.0615,0.0522,0.0429,0.036,0.0246,0.0128,0.0037,-0.0005,-0.0043,-0.0323,-0.0313,-0.0292,-0.0271,-0.0239,-0.019,-0.0137,-0.0029,0.0014,0.0023,0.0059,0.0035,0.0009,0.0026,0.0024
2015-05-21,31.9388,130.8628,N,,0.1038,0.0994,0.089,0.0666,0.054,0.0438,0.0318,0.0213,0.0126,0.0067,-0.0179,-0.0162,-0.0192,0.0074,0.0073,0.0087,0.011,0.0096,0.0118,-0.0144,-0.01,-0.0095,-0.0079,-0.0067,-0.0047,-0.0026,-0.0027,-0.0014,1e-04
2015-05-21,31.9388,130.8628,NE,0.0964,0.0956,0.087,0.0805,0.0744,0.0697,0.0557,0.0537,0.0436,0.012,-0.0032,-0.012,-0.0168,-0.0209,-0.022,-0.0202,-0.0172,-0.0141,-0.012,0.0099,0.0158,0.0173,0.0192,0.0078,-0.0023,-0.0049,-0.0056,-0.0065,-0.0071,-0.0074
2015-05-21,31.9388,130.8628,NO,0.1158,0.1153,0.1126,0.1053,0.0957,0.0661,0.0488,0.0271,0.0131,0.0021,-0.0111,-0.0147,-0.0237,-0.0296,-0.0288,-0.0062,-0.0106,-0.0125,0.0048,0.0145,0.0175,0.0155,0.0084,0.002,-0.0008,-0.0026,-1e-04,0.0015,0.0048,0.0051
2015-05-21,31.9388,130.8628,O,,0.1014,0.0994,0.0954,0.0935,0.083,0.0699,0.0583,0.0465,0.0366,0.0324,0.0214,0.0253,0.0256,0.0294,0.0025,-0.0009,0.0031,0.0121,0.0197,0.024,0.0205,0.0095,-0.0048,-0.0137,-0.0177,-0.0215,-0.0211,-0.0195,-0.018
2015-05-21,31.9388,130.8628,S,,0.0902,0.088,0.0874,0.0854,0.0855,0.0837,0.0822,0.0764,0.0332,0.0221,0.0228,0.0115,-0.0037,-0.0088,-0.0152,-0.0139,-0.0146,-0.0152,0.0093,0.0165,-0.0073,-0.0068,-0.0081,-0.0099,-0.0125,-0.0146,-0.0204,-0.0211,-0.0243
2015-05-21,31.9388,130.8628,SE,0.0789,0.0779,0.0743,0.0718,0.07,0.0685,0.0636,0.0587,0.0548,0.048,0.0303,0.0152,0.0117,-0.0104,-0.0141,-0.017,-0.0176,-0.0182,-0.0219,-0.0226,-0.0193,-0.0133,-0.0084,-0.0049,0.0014,0.0089,0.0071,0.0047,0.0029,0.0036
2015-05-21,31.9388,130.8628,SO,0.0926,0.0909,0.0889,0.088,0.0864,0.0847,0.0838,0.0782,0.0669,0.0587,0.0503,0.0498,0.0527,0.0458,0.0401,0.0248,-0.0014,-0.0088,-0.006,-0.0028,0.0013,-0.0065,-0.0076,-0.0246,-0.0217,-0.0245,-0.0245,-0.0245,-0.0244,-0.0242
2016-01-16,31.9389,130.8602,E,0.0239,,0.0345,0.0291,0.0289,0.0172,0.0147,0.0045,,,,,,,,,,,,,,,,,-0.0212,-0.0107,0.001,0.0021,0.006,0.0118
2016-01-16,31.9389,130.8602,N,,,0.0224,0.0222,0.0173,0.0086,-0.0014,-0.0042,-0.0044,-0.0006,-0.0043,-0.0038,-0.0037,,,,,,,,,,,,,,,,,
2016-01-16,31.9389,130.8602,NE,,-0.0005,0.0024,0.0116,0.016,0.0176,0.016,0.0064,0.0115,0.0105,0.0061,,,,,,,,,,,,,,,-0.0223,-0.0096,-0.0021,0.0011,0.0079
2016-01-16,31.9389,130.8602,NO,-0.059,,-0.1198,-0.1238,-0.1336,-0.1385,-0.1385,,,,,,,,,,,,-0.0102,-0.0135,-0.0116,-0.0094,-0.0099,-0.0124,-0.0051,0.0146,0.0068,0.0005,-0.0095,-0.0078
2016-01-16,31.9389,130.8602,O,0.0341,,,,,,,,,,,,,,,,,-0.024,-0.0239,-0.0232,,,-0.015,-0.0126,-0.0101,-0.0031,0.0004,-0.0011,0.0017,0.004
2016-01-16,31.9389,130.8602,S,,,,,,0.0185,-0.0049,-0.0046,-0.0058,,,,,,,,,,,,,,0.0046,0.0055,0.0038,0.0023,0.0002,-0.0007,-0.0009,-0.001
2016-01-16,31.9389,130.8602,SO,0.0367,,,,,0.0046,0.0073,-0.0186,-0.0186,,,,,,,,,,,,-0.0065,-0.0026,-0.0041,-0.0033,1e-04,0.0007,0.0009,0.0027,0.0034,0.0037
2016-03-20,31.9389,130.8609,E,,0.1028,0.1026,0.1026,0.1013,0.0962,0.0869,0.08,0.0645,0.047,0.0277,0.0079,-0.0041,-0.01,-0.0163,-0.0265,-0.0284,-0.0279,-0.0253,-0.0221,-0.0196,-0.0157,-0.0106,-0.0056,-0.0029,0.0003,0.0057,0.0088,0.0143,0.0195
2016-03-20,31.9389,130.8609,N,,0.0818,0.0813,0.0795,0.0716,0.0707,0.0686,0.0622,0.0539,0.0413,0.0244,0.0109,0.0118,-0.0044,-0.0204,-0.029,-0.0252,-0.0314,-0.0217,-0.0251,0.0035,0.0049,0.0061,0.0083,0.0097,0.0119,-0.0061,-0.0004,0.0003,-0.0043
2016-03-20,31.9389,130.8609,NE,0.0888,0.0892,0.0919,0.0925,0.0952,0.0948,0.0953,0.0922,0.084,0.0786,0.0646,0.0441,0.0267,-0.0027,-0.0133,-0.0271,-0.0367,-0.0385,-0.0364,-0.0323,-0.0278,-0.0227,-0.0176,-0.0133,-1e-04,0.0088,0.0099,0.0101,0.0016,-1e-04
2016-03-20,31.9389,130.8609,NO,0.098,0.0941,0.0919,0.0898,0.0851,0.0798,0.0749,0.0633,0.0535,0.0427,0.0237,0.006,-0.0142,-0.0287,-0.0335,-0.0354,-0.0373,-0.0395,-0.041,-0.043,-0.0447,-0.0274,0.0039,0.0236,0.0264,0.0251,0.0257,0.0265,0.0241,0.0218
2016-03-20,31.9389,130.8609,O,,0.0898,0.0857,0.0804,0.0736,0.0649,0.0551,0.0507,0.0388,0.026,0.0139,-0.0033,-0.017,-0.0267,-0.0286,-0.0376,-0.0311,-0.0235,-0.0135,0.0006,0.0134,0.0252,0.0227,0.0252,0.0213,0.0162,0.0077,0.002,-0.0021,-0.0015
2016-03-20,31.9389,130.8609,S,,0.1084,0.0873,0.0596,0.0432,0.0502,0.0372,0.0069,-0.0141,-0.0157,-0.0159,-0.016,-0.014,0.0033,0.0174,0.0148,0.0141,0.0104,0.0088,-0.001,-0.0044,-0.0062,-0.0076,-0.0046,-0.0029,-0.0015,-0.0031,-0.0025,-0.004,-0.002
2016-03-20,31.9389,130.8609,SE,0.0962,0.0965,0.0951,0.0614,0.0539,0.0354,0.0256,0.0115,0.0007,-0.0021,-0.0003,0.0053,0.0043,-1e-04,0.01,0.0015,0.0027,-0.0133,0.0062,-0.0006,0.0009,-1e-04,-0.0015,-0.0013,-0.0056,-0.0019,-0.0,-0.003,-0.0043,-0.0005
2016-03-20,31.9389,130.8609,SO,0.1183,0.1133,0.1102,0.0903,0.0701,0.0613,0.0961,0.0868,0.0279,0.0184,0.0036,-0.0021,-0.0061,-0.0103,-0.0114,-0.011,-0.0091,-0.0091,-0.0063,-0.006,-0.0047,-0.0038,0.0011,0.0018,0.0054,0.0052,0.0061,0.0048,0.006,0.0054
2016-04-29,31.9391,130.8622,E,0.0937,0.0893,0.0849,0.0751,,,,,,0.061,0.0478,0.0313,0.0143,0.0129,-0.0082,-0.0165,-0.0167,-0.0204,-0.0134,-0.0108,-0.0078,-0.0033,-0.002,0.0017,0.0004,-0.0013,-0.0042,0.0003,0.0038,0.004
2016-04-29,31.9391,130.8622,N,,0.0962,0.0963,0.0895,0.0809,0.0717,0.0529,0.0363,0.0358,0.0063,-0.0069,-0.0162,-0.0283,-0.0441,-0.0469,-0.0271,0.0141,0.0126,0.0184,0.02,0.0234,0.0197,0.0096,0.0051,0.003,0.001,-0.0025,-0.0026,-0.0052,-0.0076
2016-04-29,31.9391,130.8622,NE,,0.1042,0.0976,0.093,0.0862,0.0703,0.061,,,,0.0318,-0.0143,-0.0172,-0.0144,-0.0137,-0.0118,-0.0102,-0.01,-0.0059,-0.0005,0.0047,0.0126,0.0163,0.0149,0.0003,-0.0025,-0.0065,-0.0103,-0.0141,-0.0128
2016-04-29,31.9391,130.8622,NO,0.0974,0.096,0.0917,0.0807,0.0785,0.0706,0.0616,0.0344,0.0306,0.0026,-0.0121,-0.0203,-0.0237,-0.0367,-0.0218,-0.0398,-0.0417,-0.0301,-0.0325,-0.0097,0.0143,0.0215,0.0175,0.0221,0.0169,0.0101,0.0075,0.0073,0.0126,0.0099
2016-04-29,31.9391,130.8622,O,0.0759,0.0744,0.07,0.0655,0.061,0.0587,0.0543,0.0499,0.0366,0.0143,0.0102,0.0015,-0.0065,-0.0025,-0.002,-0.0036,-0.0231,-0.043,-0.0329,-0.0068,0.0302,0.0372,0.0332,0.0181,-0.0081,-0.0223,,,,-0.0387
2016-04-29,31.9391,130.8622,S,0.0973,0.0975,0.0973,0.0973,0.0946,0.0941,0.0928,0.0563,0.0271,0.0478,0.0194,-0.0216,-0.026,-0.0264,-0.0263,-0.0253,-0.0246,0.0055,0.0188,0.0114,0.0105,0.0149,0.012,0.0032,-0.0054,-0.0072,-0.0069,-0.0027,-0.0069,0.0002
2016-04-29,31.9391,130.8622,SE,,0.0874,0.0903,0.0926,0.088,0.0938,0.0982,0.0754,0.0239,0.0167,-0.0037,-0.007,-0.0085,0.0352,0.0056,-0.0053,-0.0101,-0.0134,-0.0247,-0.0256,-0.014,-0.0049,0.002,0.0073,0.0062,0.0028,-0.0054,-0.0103,-0.0113,-0.0006
2016-04-29,31.9391,130.8622,SO,,0.0878,0.0877,0.0787,0.0799,0.0834,0.0816,0.0754,0.0652,0.066,0.0848,0.0611,0.0402,0.0198,0.0204,-0.0017,-0.0067,-0.0113,-0.0129,-0.0158,-0.0153,-0.0177,-0.0194,-0.0208,-0.0216,-0.0277,-0.0281,-0.0285,-0.0291,-0.029
2016-12-17,31.9342,130.8662,E,,0.0705,0.0538,0.024,0.0163,-0.0053,-0.0195,-0.0188,-0.0216,-0.0269,-0.0277,-0.0316,-0.0309,-0.0156,0.0026,0.0061,0.0172,0.0377,0.0334,0.0299,0.0276,0.031,0.0221,0.0189,0.0144,0.0108,0.0092,0.0105,0.0233,0.0076
2016-12-17,31.9342,130.8662,N,,,,,,,,,,,,,,,,,,,,,,,,0.0073,0.0037,0.0057,0.0035,-0.0049,-0.0066,-0.0018
2016-12-17,31.9342,130.8662,NE,,,,,,,,,,,,,,,,,,0.0076,0.0066,-0.0016,-0.0033,-0.0005,0.0003,0.0009,0.0015,0.0019,-0.0004,-1e-04,-0.0043,-0.0015
2016-12-17,31.9342,130.8662,NO,,,,,,,,,,,,,,,,,,,0.0075,0.0079,0.005,0.0023,-0.0019,0.0027,-0.0008,-0.0045,-0.0043,1e-04,0.0048,0.0059
2016-12-17,31.9342,130.8662,O,,,,,,,,,,,,,,,,,,,,,,,,,0.0982,,,,,0.105
2016-12-17,31.9342,130.8662,S,,,0.0349,0.0358,0.0113,0.004,0.0075,0.0041,-0.0021,-0.0022,-0.0045,-0.0061,-0.009,-0.0057,-0.0042,-0.0037,-0.0025,-0.0137,-0.0046,-0.0061,-0.008,0.0036,0.02,0.0288,0.0286,,,,,
2016-12-17,31.9342,130.8662,SE,,0.1056,0.0796,0.0491,0.0301,0.0145,0.0033,-0.0011,-0.0046,-0.0079,-0.0101,-0.0129,-0.0129,-0.0136,-0.0141,-0.0137,-0.0161,0.0042,-0.0028,0.0067,0.0169,0.0239,0.0679,0.0719,,,,,,0.0634
2016-12-17,31.9342,130.8662,SO,0.1078,,,,,,,,,,,,,,,,,,,,,,,,,,,,,
2017-01-26,31.9342,130.8662,E,-0.0602,,,,-0.16,,,,,,,,,,,,,,,,,,,,,,,,,
2017-01-26,31.9342,130.8662,N,,0.0379,0.03,0.0256,0.0202,,,,0.0051,0.0096,,0.0075,-0.0016,-0.0053,-0.0045,-0.0036,-0.0022,1e-04,-0.0013,0.0004,0.0016,0.0033,0.002,-0.0004,-0.0022,-0.0014,0.0003,0.0013,0.0011,0.0007
2017-01-26,31.9342,130.8662,NE,,0.0473,,0.033,0.0264,,,,,,,,0.0123,,0.0028,-0.0006,0.0,0.0003,0.0008,,,,,,,,,,,
2017-01-26,31.9342,130.8662,O,,,,0.0267,,,,,,,,,,0.0024,-0.0022,-0.0018,0.0005,0.002,-0.001,-0.0013,-0.0015,-0.0008,-0.0003,0.0026,0.0012,0.0008,-0.0,0.0002,0.0002,-0.0027
2017-01-26,31.9342,130.8662,S,,,-0.0122,-0.0103,0.0101,-0.0072,-0.0223,-0.0225,-0.0245,-0.0227,-0.0137,-0.0282,-0.0152,-0.0071,-0.0089,0.0004,-0.0061,-0.018,-0.0021,-0.0152,-0.0175,0.0316,0.063,0.0728,0.0242,0.0388,0.049,0.056,0.0681,0.0311
2017-01-26,31.9342,130.8662,SE,,0.0433,-0.0162,-0.0402,-0.0483,,,,,,,,-0.0603,-0.0602,-0.0601,-0.0601,-0.06,0.0302,0.0356,0.0362,0.0083,0.0121,0.0122,0.0122,0.016,0.0452,0.053,0.0636,0.0597,1e-04
2017-01-26,31.9342,130.8662,SO,0.0308,0.0241,0.015,0.0134,0.0128,0.0158,0.0068,0.0046,0.0069,0.0103,0.0161,0.0108,0.0135,,-0.001,0.0008,-0.0009,-0.0003,-0.0015,-0.004,-0.0002,-0.0018,-0.001,-0.0006,0.0003,0.0013,1e-04,0.0013,0.0025,0.0029
2017-02-03,31.9331,130.8633,E,0.0776,0.0578,0.0294,-0.0003,-0.0223,-0.0292,-0.0333,-0.0365,-0.0387,-0.0412,-0.0419,-0.0441,-0.0459,-0.0427,-0.0349,-0.0253,-0.0163,-0.0133,-0.0091,-0.0071,-0.0048,0.0003,0.0125,0.0225,0.0364,0.0515,0.0505,0.0556,0.0448,0.029
2017-02-03,31.9331,130.8633,N,0.0455,0.0452,0.0389,0.0313,0.0244,0.0235,0.0129,0.0191,0.0132,0.0114,0.0093,0.0028,0.0012,-0.0004,-0.0037,-0.007,-0.0082,-0.0074,-0.0068,-0.0044,-0.0022,-0.0024,-0.0025,-0.0056,-0.0084,0.0044,0.0119,0.0013,-0.0002,-0.0002
2017-02-03,31.9331,130.8633,NE,0.0677,0.0681,0.0466,0.0214,0.024,-0.0097,-0.0047,-0.0093,-0.0251,-0.0235,-0.0216,-0.0223,-0.0143,-0.0222,-0.0223,-0.0234,-0.0223,-0.0216,-0.0145,0.0026,0.0062,0.009,0.0098,0.0098,0.0082,0.0077,0.0051,0.0058,0.0069,0.0044
2017-02-03,31.9331,130.8633,NO,,0.0375,0.0306,0.0199,0.0113,0.0074,0.0023,-0.0005,-0.003,-0.0045,-0.0062,-0.0066,-0.0064,-0.0054,-0.0053,-0.0045,-0.0021,0.0005,0.0004,0.0028,0.0044,0.0019,0.002,0.0009,-1e-04,-0.0024,-0.0021,-0.0011,0.0005,0.0031
2017-02-03,31.9331,130.8633,O,,0.0474,0.0369,0.0317,0.0236,0.0199,0.0136,0.0104,0.0057,0.0027,0.0003,-0.0012,-0.0006,-0.0,0.0004,0.0003,-0.0014,-0.0004,-0.0013,-0.0012,-0.002,-0.0022,-0.002,0.0003,-0.0004,-0.0006,0.001,0.0012,0.0028,0.0026
2017-02-03,31.9331,130.8633,S,,0.0658,0.0548,0.0509,0.0425,0.0476,0.0426,0.0307,0.0264,0.0216,0.0159,0.0151,0.0127,0.0048,0.0024,-0.0045,-0.0019,-0.0082,-0.004,-0.003,-0.0031,-0.0011,-0.0007,0.0005,0.0018,-0.0006,-0.0016,0.0009,-0.0002,0.004
2017-02-03,31.9331,130.8633,SE,,0.0959,0.0769,0.049,0.028,0.0178,-0.0018,-0.0089,-0.0093,-0.0163,-0.0157,-0.0159,-0.0253,-0.0189,-0.0166,-0.003,0.006,0.0129,0.0183,0.0207,0.0075,0.0251,0.0087,0.0106,0.0009,-0.0068,-0.0135,-0.0148,-0.0163,-0.017
2017-02-03,31.9331,130.8633,SO,0.0553,0.0479,0.0437,0.0419,0.0351,0.0272,0.0201,0.0156,0.01,0.0057,0.0023,0.0007,-0.0019,-0.0023,-0.0013,-0.0017,0.0004,0.001,0.0006,0.0005,0.0009,0.0008,-0.0011,-0.0019,-0.0029,-0.0033,-0.0044,-0.0008,-0.0023,-0.0027
2017-02-19,31.9339,130.8662,E,0.1214,0.1103,0.0904,0.0667,0.0437,-0.0025,-0.0192,-0.0271,-0.0247,-0.0282,-0.0307,-0.0342,-0.0328,-0.0277,-0.0225,-0.0085,-0.0009,0.0055,0.0183,0.0176,0.0325,0.0289,0.029,0.0208,0.0178,0.0131,0.0081,0.0047,0.0026,0.0013
2017-02-19,31.9339,130.8662,N,,,,,,,,,,,,,,,,,,,,,,,0.0277,0.016,0.0079,0.006,-0.0058,-0.0107,-0.0087,-0.0038
2017-02-19,31.9339,130.8662,NE,,,,,,,,,,,,,,,,,,,0.0106,0.0085,0.0017,-0.0034,-0.0017,0.0009,0.0013,0.0032,0.002,0.0014,0.001,-0.0008
2017-02-19,31.9339,130.8662,NO,,,,,,,,,,,,,,,,,,,0.0119,0.0088,0.0029,-0.002,0.0018,-0.0005,-0.0083,-0.0082,-0.0075,0.0031,0.0104,0.0171
2017-02-19,31.9339,130.8662,O,0.035,,,,,,,,,,,,,,,,,,0.0056,0.0088,0.0081,0.0084,-0.0017,0.0016,0.0018,1e-04,0.0006,-0.0026,-0.0031,-0.0028
2017-02-19,31.9339,130.8662,S,,,,,,0.0105,-0.0141,-0.016,-0.02,-0.0241,-0.0242,-0.0182,-0.0261,-0.0267,-0.026,-0.0223,-0.0144,-0.0057,-0.0134,0.0061,0.006,0.0144,0.0245,0.0276,0.0233,0.0267,,0.0316,0.0262,0.0358
2017-02-19,31.9339,130.8662,SE,,,0.131,0.1074,0.0493,0.0112,-0.0012,-0.0093,-0.0178,-0.0239,-0.0294,-0.0246,-0.025,-0.0217,-0.0173,-0.0068,0.0046,0.0063,0.0083,0.0085,0.0091,0.0156,0.0259,0.0307,0.0403,,,0.0724,0.0646,0.0574
2017-02-19,31.9339,130.8662,SO,,,,,,,,,,,,,,,,,,,,0.0035,0.0032,0.0027,0.0006,-1e-04,-0.0005,-0.001,-0.0003,0.0009,-0.0018,-0.0011
2017-05-18,31.938,130.8631,E,,0.1808,0.1449,0.1352,0.1371,0.1327,0.1182,0.1194,0.1019,0.0914,0.0753,0.0868,,,,,-0.0003,-0.005,-0.0308,-0.032,-0.0316,-0.0297,-0.025,-0.0214,-0.0147,-0.0032,-0.005,-0.0015,0.0017,-0.0063
2017-05-18,31.938,130.8631,N,,0.2034,0.1622,0.0766,0.045,0.0419,0.0172,0.0054,-0.0152,-0.0337,-0.0321,-0.037,-0.0139,0.0213,0.0317,0.0271,0.0206,0.0177,0.0112,-0.0115,-0.0106,-0.0126,-0.0102,-0.0088,-0.0078,-0.0043,0.0019,0.0089,0.0133,0.0127
2017-05-18,31.938,130.8631,NE,0.1971,0.1839,0.1573,0.1164,0.094,0.08,0.0583,0.0523,0.0308,-0.0,-0.0004,-0.0036,0.0169,0.0078,0.0119,-0.0042,-0.0126,-0.0388,-0.036,-0.0313,-0.0261,-0.0222,0.0023,0.0088,0.0108,-0.0078,-0.0057,-0.0024,-0.0,0.0023
2017-05-18,31.938,130.8631,NO,0.2405,0.1935,0.1587,0.1023,0.0608,0.0314,0.0282,0.0074,-0.004,-0.0143,-0.0358,-0.0094,-0.0301,-0.0361,-0.0229,0.0127,0.0289,0.0251,0.0158,0.0006,0.0007,-0.0065,-0.0046,-0.0089,-0.0067,-0.006,0.0004,0.0081,0.0254,0.0373
2017-05-18,31.938,130.8631,O,,0.1574,0.1215,0.0894,0.0519,0.0228,0.0075,0.0017,-0.0049,-0.0038,0.0042,-0.002,-0.0304,-0.0381,-0.0116,0.0236,0.0436,0.0199,-0.0061,,,,,,,,,,,
2017-05-18,31.938,130.8631,S,,0.0992,0.0603,0.0534,0.0666,0.0529,0.0594,0.0474,0.0349,0.0284,0.0139,0.025,0.0278,0.0272,0.0112,-0.0044,-0.0207,-0.0198,-0.0539,-0.0451,-0.0107,-0.028,-0.0137,-0.0143,,,,,-0.0688,-0.0895
2017-05-18,31.938,130.8631,SE,0.1643,0.1422,0.1082,0.0967,0.0938,0.1007,0.101,0.0913,0.0855,0.071,0.0656,0.0536,0.0436,-0.0119,-0.0178,-0.0268,-0.0333,-0.0305,-0.0262,-0.0358,-0.0118,-0.0214,0.003,-0.0077,-0.0388,-0.0266,-0.0153,-0.0091,-0.0082,-0.0074
2017-05-18,31.938,130.8631,SO,0.0962,0.0849,0.0671,0.0677,0.0551,0.0407,-0.0026,0.0107,0.0028,-0.0072,-0.007,0.0087,0.019,0.0145,-0.0047,-0.0132,-0.0285,,,,,,,,,,,,,
2017-10-25,31.9378,130.8593,E,,0.055,0.0547,0.0526,0.0442,0.0318,0.0147,-0.0173,-0.0327,,,0.0678,0.0741,0.0285,0.0337,0.0219,0.0071,-0.0055,-0.017,-0.0264,-0.0262,-0.0236,-0.019,-0.0145,-0.0071,0.0015,-0.0018,-0.0034,-0.0016,0.0006
2017-10-25,31.9378,130.8593,N,,0.07,0.0614,0.0591,0.0521,0.0472,0.0409,0.0162,0.014,0.0266,0.0203,0.0289,0.0247,0.0321,0.0126,-0.0127,-0.0264,-0.0336,-0.0327,-0.0354,-0.0341,-0.0319,-0.0291,-0.0273,-0.0202,0.0059,0.0227,0.029,0.0194,0.018
2017-10-25,31.9378,130.8593,NE,0.0247,,0.0434,0.0702,0.0748,0.0709,0.0798,0.0595,-0.0016,-0.0264,-0.0264,0.0031,0.0741,0.0847,0.0921,0.0822,0.086,0.0043,0.0318,-0.016,-0.0271,-0.024,-0.0401,-0.0366,-0.0303,-0.0241,-0.0132,-0.0079,0.0074,0.0183
2017-10-25,31.9378,130.8593,NO,0.1152,,0.1046,0.0783,0.065,0.0538,0.0358,0.0279,0.0239,0.0152,-0.0158,-0.021,-0.0225,-0.0292,-0.037,-0.0346,-0.0353,-0.0371,-0.0421,-0.0323,-0.012,0.0331,0.0295,0.0377,0.0348,0.0366,0.0339,0.0306,0.0313,0.0362
2017-10-25,31.9378,130.8593,O,,0.0526,0.0401,0.0315,0.0239,0.008,0.0022,-0.0417,-0.0489,-0.0524,-0.0495,-0.0454,-0.024,-0.0233,-0.0077,0.0098,0.0161,0.0282,0.0242,0.0333,0.0274,0.0374,0.0293,,,-0.012,-0.0002,0.0047,0.0039,0.0036
2017-10-25,31.9378,130.8593,S,,0.0164,0.0019,-0.0184,-0.0208,-0.0215,-0.0216,-0.018,-0.0109,-0.0015,0.0082,0.003,0.0091,0.0089,0.004,-0.0017,0.0003,-0.0024,0.0014,0.0044,-0.0015,-0.0003,-0.006,-0.0018,0.0006,0.0011,-1e-04,1e-04,-0.0004,0.0013
2017-10-25,31.9378,130.8593,SE,0.066,0.061,0.0581,0.0307,0.0184,-0.0027,-0.0121,-0.0171,-0.0201,-0.02,0.0066,0.0196,0.0174,0.0171,0.0077,0.0013,-0.0046,-0.0091,-0.0052,-0.0053,-0.0014,0.005,-0.0104,-0.0078,-0.0025,-0.0046,-0.0021,-0.0017,0.0065,0.002
2017-10-25,31.9378,130.8593,SO,0.094,0.026,0.0137,0.0051,0.0036,-0.0076,-0.0068,-0.0069,-0.0051,-0.007,-0.0055,-0.0079,-0.0116,0.0013,0.0004,0.0029,-0.0005,0.0038,0.0037,0.0029,0.0029,0.0026,0.0033,0.0027,-0.0007,-0.0017,-0.0021,-0.0026,0.0083,0.0041
2018-03-10,31.9378,130.8593,E,,0.0469,0.0468,0.045,0.0393,0.0308,0.026,0.0164,0.0084,0.0028,-0.0066,-0.0037,0.0012,0.0039,0.0059,-0.0004,-0.0065,-0.0082,-0.0074,-0.0136,-0.0142,-0.0151,-0.0149,-0.0153,-0.0112,-0.005,-0.005,-0.004,-0.002,-0.0009
2018-03-10,31.9378,130.8593,N,,0.0537,0.0496,0.0407,0.0288,0.0222,0.0202,0.0167,0.0146,0.0042,0.0036,0.0086,0.0052,0.0109,0.005,-0.02,-0.0202,-0.0202,-0.0203,-0.0203,-0.0205,-0.0207,-0.0209,-0.021,-0.0199,-0.0023,0.0146,0.0212,0.0244,0.0288
2018-03-10,31.9378,130.8593,NE,0.0089,,0.0155,0.0343,0.0314,0.0319,0.0295,0.0323,0.0413,0.0476,0.0445,0.0542,0.0553,0.0553,0.0537,0.0441,0.039,0.0193,0.0161,-0.0005,-0.0193,-0.0238,-0.0288,-0.0289,-0.0278,-0.0237,-0.0205,-0.015,-0.0095,-0.0064
2018-03-10,31.9378,130.8593,NO,0.0734,,0.0652,0.0415,0.0352,0.0203,0.0132,0.0128,0.0069,0.0006,-0.0147,-0.0202,-0.0212,-0.0253,-0.0293,-0.0286,-0.0291,-0.0254,-0.0301,-0.0222,-0.0141,0.0214,0.0154,0.0284,0.025,0.0264,0.0253,0.0258,0.0265,0.0272
2018-03-10,31.9378,130.8593,O,,0.0467,0.0403,0.0316,0.0263,0.018,0.0134,-0.0202,-0.0246,-0.027,-0.0253,-0.0247,-0.0234,-0.0156,-0.0045,-0.004,-0.0031,0.0043,0.0002,0.0062,0.0024,0.0042,0.004,0.0022,0.0022,0.0034,0.0034,0.0009,0.0005,0.0003
2018-03-10,31.9378,130.8593,S,,0.0353,0.0174,0.004,-0.0012,-0.0021,-0.0066,-0.0081,-0.0041,0.003,0.0072,0.0033,0.0053,0.0068,0.0058,0.0005,-0.0003,-0.0042,-0.0038,0.0004,-0.0038,-0.0033,-0.0051,-0.0044,-0.0033,-0.002,0.0013,0.0025,0.0023,0.0044
2018-03-10,31.9378,130.8593,SE,0.0487,0.048,0.0381,0.023,0.0114,0.0024,-0.0074,-0.0111,-0.0134,-0.0151,-0.0105,0.0053,0.0136,0.0127,0.0081,0.0073,0.0073,0.0024,-0.0013,-0.0045,-0.0039,-0.0027,-0.0057,-0.0047,-0.0032,-0.0039,-0.0003,-0.0016,0.0032,-0.0018
2018-03-10,31.9378,130.8593,SO,0.0801,0.0443,0.0341,0.0197,0.0134,0.0055,0.0037,-0.0015,-0.0034,-0.0051,-0.0061,-0.0051,-0.0036,-0.0005,-0.0009,0.0004,-0.0021,0.0022,0.0004,0.0052,0.0044,0.0032,0.0055,0.0039,0.0057,0.0051,0.006,0.0046,0.0054,0.0051
2018-04-19,31.9391,130.8631,E,,0.1189,0.1096,0.1031,0.0912,0.0827,0.0752,0.0601,0.0509,0.0357,0.0196,0.012,0.0014,-0.0068,-0.0257,-0.028,-0.0258,-0.0239,-0.0223,-0.0128,-0.0056,-0.0023,-0.0012,0.0014,0.0037,0.0036,0.0134,0.0222,0.0312,0.0383
2018-04-19,31.9391,130.8631,N,,0.1152,0.087,0.0572,0.0376,0.0353,0.003,-0.013,-0.0206,-0.0219,-0.0038,-0.0025,-0.0039,0.0092,0.0144,0.0156,0.0159,0.0132,0.0099,-0.0114,-0.0044,-0.0008,0.0009,-0.0027,-0.0023,-0.0055,-0.007,-0.0058,-0.0027,0.0034
2018-04-19,31.9391,130.8631,NE,0.1301,0.1215,0.1036,0.0831,0.069,0.0577,0.0507,0.0491,0.0114,-0.0034,-0.0093,-0.0168,-0.016,-0.015,-0.0146,-0.0118,-0.0024,-0.0042,0.0046,0.0048,0.01,0.008,-0.0029,-0.0056,-0.0036,-0.0021,-0.001,0.0,0.0009,0.002
2018-04-19,31.9391,130.8631,NO,0.1315,0.1212,0.1036,0.0775,,,,,,-0.0184,-0.0349,-0.0388,-0.0445,-0.0491,-0.0561,-0.0635,-0.0625,-0.0195,0.0093,0.025,0.0249,0.0249,0.0149,0.0126,0.0087,0.0056,0.0065,0.0055,0.0113,0.0149
2018-04-19,31.9391,130.8631,O,,0.1212,,,,,,0.075,0.0337,0.0228,0.0213,0.0173,0.001,0.0036,-0.0035,-0.015,-0.0443,-0.0493,-0.0286,-0.001,0.0297,0.0319,0.0267,0.0193,0.0117,0.0076,0.0009,-0.0101,-0.0133,-0.0125
2018-04-19,31.9391,130.8631,S,,0.0933,0.0912,0.0861,0.0858,0.0861,0.0863,0.0759,0.0726,0.0703,0.0355,0.0207,0.0038,-0.0162,-0.0265,-0.0207,-0.0229,-0.0069,-0.0061,-0.0081,0.0023,0.0177,0.0245,0.0245,0.0153,0.012,-0.0014,-0.017,-0.0179,-0.021
2018-04-19,31.9391,130.8631,SE,0.1069,0.1069,0.1025,0.0937,0.0911,0.0808,0.0812,0.0753,0.0768,0.0691,0.0473,0.0235,0.004,-0.0122,-0.0145,-0.0153,-0.0228,-0.0295,-0.041,-0.0441,-0.0367,-0.0233,-0.0228,-0.0125,0.0015,0.0098,0.0163,0.0182,0.0174,0.0095
2018-04-19,31.9391,130.8631,SO,0.0968,0.0909,,,,,,0.0493,0.0668,0.0626,0.0541,0.0466,0.0505,0.042,0.0729,0.0332,0.0191,0.0094,0.002,0.0055,-0.0074,-0.0118,-0.015,-0.0236,-0.0274,-0.0233,-0.0293,-0.0308,-0.0316,-0.0347
2018-10-20,31.9388,130.8628,E,,0.0944,0.0948,0.0942,0.096,0.0929,0.0898,0.083,0.0706,0.0533,0.0301,0.0084,-0.0043,-0.0104,-0.0157,-0.0284,-0.0306,-0.0285,-0.0276,-0.0224,-0.0201,-0.0164,-0.0085,-0.0046,-0.0019,0.0022,0.0008,0.0044,0.0084,0.0109
2018-10-20,31.9388,130.8628,N,,0.0985,0.0899,0.0754,0.0544,0.0506,0.0381,0.0312,0.0176,0.0081,-0.0061,-0.019,-0.0111,-0.019,0.0079,0.008,0.0065,0.0091,0.0099,0.0104,-0.0077,-0.0059,-0.0042,-0.0039,-0.0037,-0.0024,-0.003,-0.0012,0.0003,0.0011
2018-10-20,31.9388,130.8628,NE,0.0941,0.0929,0.0927,0.0799,0.0755,0.0733,0.0624,0.0631,0.0543,0.0225,0.003,-0.0099,-0.0175,-0.0212,-0.0226,-0.0213,-0.0182,-0.0146,-0.0134,0.0039,0.0108,0.0117,0.0131,0.0033,-0.0047,-0.0039,-0.0023,-0.0022,-0.0002,0.001
2018-10-20,31.9388,130.8628,NO,0.1035,0.0985,0.0925,0.0768,0.062,0.0348,0.021,0.0007,-0.0182,-0.0232,-0.0272,-0.0295,-0.0338,-0.0382,-0.0418,-0.0466,-0.0495,-0.0276,-0.0112,0.0074,0.0206,0.0247,0.0239,0.0206,0.016,0.0154,0.0144,0.0151,0.0205,0.0219
2018-10-20,31.9388,130.8628,O,,0.0984,0.0965,0.0935,0.0881,0.0724,0.0521,0.0316,0.013,-0.0053,-0.0201,-0.0234,-0.0262,-0.0294,-0.0323,-0.0376,-0.0445,-0.0386,-0.0195,-0.0008,0.0169,0.0256,0.0245,0.0203,0.0181,0.0166,0.0151,0.0139,0.0143,0.0144
2018-10-20,31.9388,130.8628,S,,0.088,0.0877,0.088,0.0885,0.0885,0.0871,0.0812,0.0713,0.0321,0.0148,0.0212,0.011,-0.0097,-0.0153,-0.0198,-0.0187,-0.0194,-0.0195,-0.0033,0.0066,0.0028,0.0019,0.0011,0.0018,-0.0056,-0.0067,-0.01,-0.0083,-0.0085
2018-10-20,31.9388,130.8628,SE,0.087,0.0855,0.0888,0.0914,0.0922,0.0928,0.0884,0.0815,0.0691,0.0595,0.0432,0.0212,0.0137,-1e-04,-0.0056,-0.017,-0.0124,-0.0223,-0.0203,-0.026,-0.0246,-0.024,-0.0161,-0.0118,-0.0017,0.0062,0.0057,0.0051,0.0054,0.0088
2018-10-20,31.9388,130.8628,SO,0.0838,0.0794,0.0782,0.0797,0.0797,0.0775,0.0693,0.061,0.0443,0.0354,0.0245,0.0135,0.0322,0.002,-0.006,-0.0157,-0.0094,-0.0121,-0.0108,-0.0058,-0.0023,-0.0042,-0.004,-0.0079,-0.0035,-0.0072,-0.0058,-0.0061,-0.0064,-0.0077
2019-01-24,31.9339,130.8662,E,0.0985,0.0911,0.073,0.0583,0.0279,-0.0049,-0.0254,-0.0322,-0.036,-0.0385,-0.0399,-0.0427,-0.0442,-0.0408,-0.0318,-0.0114,-0.0041,0.004,0.0162,0.023,0.022,0.0224,0.0165,0.0118,0.0086,0.0059,0.0039,0.0045,0.0038,0.0017
2019-01-24,31.9339,130.8662,N,,,,,,,,,,,,,,,,,,,,0.0318,,0.0189,0.0191,0.0095,0.0018,-0.0055,-0.0063,-0.0083,-0.0066,-0.0033
2019-01-24,31.9339,130.8662,NE,,,,,,,,,,,,,,,,0.0134,0.0122,0.0111,0.0078,0.0043,0.0018,-0.0008,0.0004,0.0005,0.0011,0.004,0.0012,0.0005,0.0017,0.001
2019-01-24,31.9339,130.8662,NO,,,,,,,,,,,,,,,,,0.0064,0.0035,0.0029,0.0024,0.0027,0.0016,0.0014,0.0022,0.0033,0.0025,0.0048,0.0044,0.0064,0.0063
2019-01-24,31.9339,130.8662,O,0.0417,,,,,,,,,0.0081,,,,0.0036,0.002,0.0054,0.0038,0.0016,-0.0005,-0.002,-0.0017,-0.0007,0.0003,0.0006,0.0011,0.0022,0.0021,0.0014,0.0018,1e-04
2019-01-24,31.9339,130.8662,S,,,,,,-0.0005,0.0347,-0.0053,-0.0103,-0.0216,-0.0244,-0.0023,-0.0216,-0.0345,-0.0326,-0.0347,-0.0367,-0.0127,-0.0366,-0.0352,-0.0368,-0.0027,0.0076,0.0184,0.0123,0.0105,0.0084,0.0096,0.0123,0.0183
2019-01-24,31.9339,130.8662,SE,,,0.101,0.0784,0.0295,0.0032,-0.0104,-0.0147,-0.0193,-0.0227,-0.0276,-0.0299,-0.0337,-0.0375,-0.0358,-0.0134,-0.0274,-0.0002,0.0121,0.0201,0.0237,0.0313,0.0441,0.057,0.0652,,0.0523,0.0558,0.0492,0.0446
2019-01-24,31.9339,130.8662,SO,,,,,,,,,,,,,,,,,,0.0042,0.0021,0.0003,-0.0016,-0.0034,-0.0043,-0.0048,-0.002,-0.0015,0.0013,0.001,0.0007,-0.0009
2019-03-05,31.9391,130.8606,E,0.1332,0.1362,0.1328,0.1314,0.125,0.0938,0.0739,0.0566,0.0332,0.0278,-0.0032,-0.0024,-0.0138,-0.0162,-0.0242,-0.025,-0.0229,-0.0194,-0.015,-0.0112,-0.0055,-0.0061,-0.0047,-0.001,0.0019,0.0029,0.017,0.0162,0.0329,0.0575
2019-03-05,31.9391,130.8606,N,,0.0843,0.0841,0.0695,0.0523,0.0408,0.0337,0.0358,0.0358,0.0451,0.0323,0.0199,0.0103,0.0092,-0.0142,-0.0239,-0.0198,-0.013,-0.0063,-0.0205,-0.0101,0.0142,0.0115,0.0123,0.0115,0.0,0.0049,-0.0133,-0.0177,-0.0175
2019-03-05,31.9391,130.8606,NE,0.1019,0.1054,0.1059,0.1053,0.1075,0.1031,0.1012,0.0973,0.0857,0.0858,0.0715,0.0481,-0.0014,-0.0147,-0.0268,-0.0336,-0.0385,-0.0407,-0.0347,-0.0305,-0.0261,-0.0187,-0.0149,-0.0073,-0.0018,0.0043,0.004,0.0055,0.0108,0.0002
2019-03-05,31.9391,130.8606,NO,0.1509,0.1462,0.1371,0.1204,,,0.0847,,,0.0693,0.0499,0.0227,0.0111,-0.0033,-0.0164,-0.0172,-0.0241,-0.0318,-0.0374,-0.0449,-0.0555,-0.0615,-0.05,0.0044,0.0212,0.0304,0.0395,0.0471,0.0515,0.0527
2019-03-05,31.9391,130.8606,O,,0.0975,,,,,,0.0643,0.0293,0.0133,0.0116,0.0017,-0.0096,-0.0271,-0.0338,-0.0503,-0.054,-0.0526,-0.0318,-0.0108,0.0076,0.0211,0.027,0.0244,0.0246,0.0217,0.0207,0.0095,0.0083,0.0087
2019-03-05,31.9391,130.8606,S,,0.0997,0.0853,0.0485,0.048,0.0057,-0.0173,-0.026,-0.0257,-0.0255,-0.0252,-0.0253,0.0016,0.023,0.0233,0.0149,0.015,0.0109,0.0067,-0.0071,-0.0092,-0.0067,-0.0076,-0.0045,-0.0049,-0.0044,-0.0058,-0.0049,-0.0048,-0.0026
2019-03-05,31.9391,130.8606,SE,,0.1214,0.0933,0.0557,0.022,0.0018,-0.0176,-0.0094,-0.0053,-1e-04,-0.0039,-0.0087,0.0053,-0.0059,0.0157,-0.0115,0.012,0.0034,0.0073,0.0035,-0.0074,-0.001,1e-04,-0.002,-0.0059,-0.0087,-0.0077,-0.0076,-0.0023,-0.0017
2019-03-05,31.9391,130.8606,SO,0.1348,0.1293,,,,,,,0.083,0.0513,0.0191,0.0103,-0.0069,-0.0085,-0.0115,-0.0126,-0.015,-0.015,-0.0119,-0.0143,-0.0105,-0.0065,-0.0029,-0.0039,0.0014,0.0031,0.004,0.0055,0.0051,0.0062
2019-04-06,31.9342,130.8662,E,0.1216,0.0846,0.0313,-0.03,-0.0216,-0.0325,-0.0342,-0.0351,-0.0357,-0.0364,-0.0377,-0.0415,,,,,-0.0371,-0.0152,0.0023,0.0135,0.0257,0.0182,0.0017,-0.0068,-0.0016,-0.0021,0.0055,0.0011,-0.0161,-0.0165
2019-04-06,31.9342,130.8662,N,0.0403,0.0175,0.0131,0.0096,0.0065,0.002,-0.0007,-0.0031,-0.0044,-0.0043,-0.0111,-0.0055,-0.0029,-0.007,-0.017,-0.0061,0.0271,0.0348,0.0339,0.0327,0.0327,0.0243,0.0065,-0.0089,-0.0177,-0.0151,-0.0193,-0.0189,-0.0546,-0.0673
2019-04-06,31.9342,130.8662,NE,,0.0434,0.0351,0.0273,0.0178,0.0339,0.0309,0.0348,0.0106,0.0128,0.0074,0.0045,0.0048,0.009,0.0085,0.015,0.0154,0.0131,0.0006,0.0035,-0.0002,-0.0183,-0.008,-0.0065,-0.0093,-0.0048,0.0048,0.0045,0.0058,0.003
2019-04-06,31.9342,130.8662,NO,,0.0395,0.0291,0.0291,0.0316,0.0407,0.0306,0.0241,0.017,0.0022,-0.002,0.003,0.0071,0.0052,0.0038,0.0042,0.0062,0.0017,-0.0061,-0.0017,-0.0006,-1e-04,-0.006,-0.0003,-0.0019,-0.0075,-0.0244,-0.005,-0.0085,-0.007
2019-04-06,31.9342,130.8662,O,,0.0772,0.0532,0.0245,0.0376,0.0213,0.0186,0.0015,-0.0103,-0.0123,-0.0072,0.0026,0.0068,0.0066,0.0057,0.0039,0.0092,0.0278,0.0229,,,-0.0034,-0.0126,-0.0062,-0.0055,-0.0031,0.0036,0.0026,0.001,0.0008
2019-04-06,31.9342,130.8662,S,0.112,0.0794,0.0355,0.0355,-0.0125,-0.0354,-0.0302,-0.0233,-0.0179,-0.0171,-0.0164,-0.0273,-0.0142,-0.0056,0.0034,0.0229,0.0276,0.0151,0.0282,0.0265,0.029,0.0219,0.0136,0.0031,-0.0108,-0.0089,-0.015,-0.016,-0.0124,-0.0068
2019-04-06,31.9342,130.8662,SE,,0.072,0.0041,-0.0443,-0.0511,-0.0572,-0.062,-0.0663,-0.0704,-0.0746,-0.0778,-0.0757,-0.063,-0.0554,-0.0434,-0.0291,-0.0118,-0.0002,0.0117,0.0077,0.0135,0.0193,0.0279,0.0338,0.0453,0.0513,0.0573,0.0651,0.0493,0.0027
2019-04-06,31.9342,130.8662,SO,0.1098,0.0646,0.0348,0.0184,0.0145,0.0168,0.0136,0.0136,-0.003,-0.0031,-0.0003,0.0077,0.0128,0.0146,0.0123,0.006,-0.0002,0.0004,-0.0015,-0.0047,-0.0084,-0.0105,-0.0114,-0.0094,-0.0119,-0.0053,-0.0004,0.0019,-0.0004,0.0062
2019-05-24,31.9383,130.8631,E,,0.094,,,,,,0.0692,0.0597,0.05,0.0403,0.0375,0.0239,0.0131,0.0095,0.0124,0.0029,-0.0335,-0.0331,-0.0282,-0.0284,-0.0219,-0.0172,-0.01,-0.0025,0.0022,0.0056,0.01,0.0032,0.0075
2019-05-24,31.9383,130.8631,N,,0.1948,0.1368,0.0579,0.028,0.0277,0.0075,-0.0158,-0.0164,-0.0176,-0.0182,-0.0185,-0.019,-0.0056,0.0166,0.0313,0.0268,0.0221,0.0078,-0.0036,-0.0035,-0.0074,-0.0098,-0.0054,-0.0072,-0.0034,-0.0022,-0.0036,-0.0015,0.0024
2019-05-24,31.9383,130.8631,NE,0.1792,0.1745,,,,,,,0.0471,0.0093,-0.0158,-0.0133,-0.0088,-0.016,-0.019,-0.0212,-0.0133,-0.0083,0.0117,0.0074,0.0162,0.0165,0.0179,0.0181,0.0006,-0.003,-0.0084,-0.0121,-0.0165,-0.0164
2019-05-24,31.9383,130.8631,NO,0.2208,0.1802,0.1457,0.0873,0.0431,0.015,-0.0043,-0.0154,-0.0184,-0.0354,-0.0428,-0.0493,-0.0496,-0.0544,-0.0492,-0.0285,0.0077,0.0456,0.0338,0.0289,-0.0007,-0.0014,-0.0123,-0.0134,0.0048,-0.0015,0.0045,0.0078,0.0089,0.0124
2019-05-24,31.9383,130.8631,O,,0.2178,0.1969,0.1637,0.1251,0.0845,0.0567,0.0371,0.0216,0.0076,0.0138,0.0179,0.0126,-0.0248,-0.0393,-0.0187,0.0143,0.0316,0.035,0.0268,0.0132,-0.0013,-0.0115,-0.012,-0.0101,-0.0045,0.0078,0.0111,0.0168,
2019-05-24,31.9383,130.8631,S,,0.1553,0.0919,0.0639,0.0695,0.0863,0.0888,0.0931,0.0957,0.0876,0.0684,0.0551,0.0501,0.0311,0.0152,-0.002,-0.0139,-0.0192,-0.0206,-0.024,-0.0269,-0.0235,-0.0167,-0.0144,-0.0159,-0.0303,-0.039,-0.0392,-0.0396,-0.0399
2019-05-24,31.9383,130.8631,SE,0.1619,0.1246,0.0748,0.053,0.0595,,,,,0.0739,0.0736,0.0613,0.058,0.0212,0.0199,0.005,-0.0158,-0.0214,-0.0134,-0.0277,-0.0189,-0.0279,-0.0162,-0.019,-0.0138,-0.0053,0.0106,0.0081,0.0107,0.0116
2019-05-24,31.9383,130.8631,SO,0.2013,0.1877,0.1565,0.1366,0.1221,0.1125,0.0976,0.0974,0.0768,0.0715,0.0635,0.053,0.0515,0.0624,0.0423,-0.0004,0.0018,0.0019,-0.0167,-0.0124,-0.0149,-0.0194,-0.0203,-0.0289,-0.0301,-0.0297,-0.0292,-0.0286,-0.028,-0.0275
2019-11-08,31.9386,130.8631,E,,0.1036,0.1009,0.1023,0.1027,0.1049,0.0989,0.1015,0.0895,0.0673,0.042,0.0157,-0.003,-0.0097,-0.0147,-0.0184,-0.0296,-0.0314,-0.0288,-0.0252,-0.0246,-0.0196,-0.0166,-0.0064,-0.0052,-0.0003,0.0023,0.0041,0.0079,0.0106
2019-11-08,31.9386,130.8631,N,,0.1083,0.085,0.054,0.0437,0.043,0.0282,,,,,,,,,0.0029,1e-04,0.0064,0.0083,-0.0033,-0.0016,-0.0025,-0.0018,-0.0027,-0.0009,-0.0016,-0.0021,-0.0008,0.0,0.0025
2019-11-08,31.9386,130.8631,NE,0.1087,0.106,0.0988,0.0863,0.0778,0.0703,0.0572,0.0555,0.0685,0.0555,0.0119,-0.0028,-0.0168,-0.0175,-0.0198,-0.0205,-0.0153,-0.0159,0.0037,0.0061,0.0088,0.007,0.0095,0.0017,-0.0026,-0.0022,-0.0012,-0.0017,0.0016,0.0033
2019-11-08,31.9386,130.8631,NO,0.1032,0.0962,0.0829,0.0552,0.0188,0.0026,-0.0211,-0.0319,-0.0374,-0.04,-0.0452,-0.0481,-0.0542,-0.0548,-0.0576,-0.0438,-0.0307,-0.0019,0.024,0.0375,0.0362,0.0238,0.0221,0.0115,0.0151,0.0082,0.009,0.0162,0.0184,0.0233
2019-11-08,31.9386,130.8631,O,,0.1128,0.1068,0.0973,0.0783,0.0511,0.0201,-0.0077,-0.0219,-0.0264,-0.0286,-0.0331,-0.0387,-0.044,-0.0526,-0.0645,-0.0421,-0.017,0.0083,0.0208,0.0296,0.036,0.0315,0.0244,0.0184,0.0173,0.0173,0.0184,0.0195,0.021
2019-11-08,31.9386,130.8631,S,,0.0834,0.0795,0.0809,0.081,0.0841,0.0784,0.0825,0.0786,0.0701,0.0372,0.0224,0.029,0.0261,0.003,-0.0183,-0.0204,-0.0261,-0.0229,-0.0139,-0.0064,-0.0005,0.0022,0.0016,-0.0038,-0.0047,-0.008,-0.0139,-0.0178,-0.0192
2019-11-08,31.9386,130.8631,SE,0.0903,0.0901,0.088,0.0883,0.091,0.095,0.0975,0.098,0.0922,0.0873,0.0756,0.056,0.0411,0.0106,-0.0119,-0.0129,-0.0273,-0.0205,-0.0266,-0.0273,-0.023,-0.0308,-0.0235,-0.0234,-0.0111,-0.0063,0.0081,0.0095,0.0104,0.0081
2019-11-08,31.9386,130.8631,SO,0.1062,0.0994,0.0976,0.0965,0.0929,0.0847,0.0571,0.0571,0.0366,0.0152,0.0094,-0.0103,-0.0176,-0.0089,-0.0223,-0.0259,-0.0213,-0.0153,-0.0122,-0.0106,-0.0085,-0.005,-0.003,0.0004,-0.0044,-0.0033,-0.0022,-0.0002,0.0022,0.0026
2019-11-16,31.9334,130.8636,E,,,,,,-0.0697,-0.0644,-0.0618,-0.059,-0.0551,-0.052,-0.0487,-0.045,-0.0425,-0.0414,-0.0337,-0.0289,-0.0253,-0.0133,-0.0132,-0.0038,0.016,0.0339,0.0529,0.0758,0.0763,0.0982,0.087,0.0418,0.0065
2019-11-16,31.9334,130.8636,N,,0.024,0.009,0.0004,-0.007,-0.0065,-0.0044,0.0019,0.0149,0.021,0.0254,0.0254,0.0267,0.0215,0.0185,0.0025,-0.0037,-0.0013,-0.0055,-0.0054,0.0016,-0.0,-0.0023,-0.0085,-0.0047,0.0034,0.0057,0.0019,0.0065,-0.0035
2019-11-16,31.9334,130.8636,NE,,,,,,,-0.0386,-0.0386,-0.0386,-0.0385,-0.0385,-0.0385,-0.0385,-0.0385,-0.0384,-0.0144,-0.0328,0.0026,-0.0011,0.014,0.0103,0.006,0.0106,0.0074,0.0078,0.0069,0.0069,0.0043,-0.0042,-0.0018
2019-11-16,31.9334,130.8636,NO,0.0334,0.014,0.0058,-0.0061,-0.0103,-0.0072,-0.0105,-0.0131,-0.0133,-0.0052,-0.0037,-0.006,-0.0031,-0.0009,-0.0037,-0.0031,0.0009,0.0021,0.0064,0.0066,0.0044,0.0032,0.0006,-0.001,-0.0013,-0.0003,-0.0005,0.0011,-0.0025,0.0006
2019-11-16,31.9334,130.8636,O,,0.0532,0.0324,0.0244,0.0133,0.0105,0.0148,0.0157,0.0147,0.0125,0.0053,0.0003,-0.0066,-0.0072,-0.0071,-0.0025,-0.0021,-0.0024,-0.002,-0.0015,-0.0016,-0.0011,0.0023,-0.0006,-0.0007,-0.0043,-0.0044,0.0019,0.0066,0.0037
2019-11-16,31.9334,130.8636,S,0.0498,0.0451,0.0316,0.0222,0.025,0.028,0.0291,0.0298,0.0257,0.0277,0.025,0.0222,0.0212,0.0124,0.0018,-0.0068,-0.001,-0.0013,-0.0052,-0.0053,-0.0092,-0.0085,-0.0023,0.0024,0.0009,0.0002,0.0021,0.0067,0.0074,0.0097
2019-11-16,31.9334,130.8636,SE,,,,,,,,-0.0365,-0.0362,-0.0405,-0.0409,-0.0425,-0.0452,-0.0456,-0.0465,-0.0264,-0.0118,0.0305,0.014,0.0258,0.0348,0.0392,0.0421,0.0328,0.0012,-0.0092,-0.0163,-0.022,-0.0308,-0.0122
2019-11-16,31.9334,130.8636,SO,,0.0359,0.0272,0.0206,0.0253,0.0227,0.0188,0.0176,0.0146,0.0132,0.0077,0.004,0.0016,0.0011,-0.0035,-0.0035,-0.0019,0.0027,0.0016,0.0022,-0.0021,-0.0012,-0.0028,-0.0025,-0.0003,-0.0029,-0.0006,0.0046,0.0024,-0.002
2020-03-23,31.938,130.8631,E,,0.0949,0.0764,0.0756,0.0814,0.092,0.1012,0.106,0.1051,0.1015,0.0908,0.0694,0.0508,0.0195,-0.0025,-0.0174,-0.022,-0.02,-0.0224,-0.0223,-0.0204,-0.0207,-0.0194,-0.0167,-0.0128,-0.0064,-0.0067,-0.0192,-0.0257,-0.0215
2020-03-23,31.938,130.8631,N,,0.0885,0.0679,0.014,-0.0121,-0.0123,-0.03,-0.0414,-0.0621,-0.0633,-0.0636,-0.064,-0.0486,0.0076,0.0164,0.0166,0.0183,0.0159,0.0192,0.0069,0.0091,0.0112,0.0115,0.0088,0.008,0.004,-0.0032,0.0004,-0.01,-0.0066
2020-03-23,31.938,130.8631,NE,0.1053,0.1013,0.0891,0.0607,0.0546,0.0524,0.034,0.0325,0.0168,-0.0173,-0.0221,-0.0201,-0.0054,-0.0089,-0.009,-0.0089,-0.0006,0.0019,0.0069,0.0077,0.0171,0.0159,0.0085,0.0069,0.0047,-0.0013,-0.0049,-0.0069,-0.0088,-0.0092
2020-03-23,31.938,130.8631,NO,0.0467,,,,,,-0.0922,-0.1044,-0.1019,-0.0988,-0.0959,-0.0927,-0.089,-0.0825,-0.0558,0.0004,0.0224,0.0268,0.0295,0.0247,0.026,0.0208,0.016,0.0086,0.0075,0.0056,0.0089,0.0037,0.0024,0.006
2020-03-23,31.938,130.8631,O,,,,,,0.0138,-0.0202,-0.0247,-0.0376,-0.0516,-0.0562,-0.0608,-0.0659,-0.0734,-0.0732,-0.0285,0.0226,0.0359,0.0398,0.0246,0.0269,0.0245,0.0207,0.0129,0.0115,0.0126,0.0127,0.0098,0.0072,0.0055
2020-03-23,31.938,130.8631,S,,,0.1023,0.0904,0.087,0.0911,0.0953,0.1095,0.1175,0.1213,0.1168,0.1082,0.106,0.0771,0.027,0.0041,-0.0165,-0.0218,-0.0276,-0.0255,-0.0257,-0.0206,-0.0261,0.0027,-0.0058,-0.0062,-0.0083,-0.0224,-0.0253,-0.0246
2020-03-23,31.938,130.8631,SE,0.114,0.1017,0.0809,0.0725,0.0738,0.0781,0.0888,0.0968,0.1055,0.1093,0.1088,0.0937,0.053,0.0143,-0.0201,-0.028,-0.0344,-0.0302,-0.0293,-0.0365,-0.0292,-0.0379,-0.0284,-0.0415,-0.0329,-0.0291,-0.007,-0.0133,0.0028,0.0072
2020-03-23,31.938,130.8631,SO,0.1326,,,,,,0.0377,0.0508,0.0463,0.0351,0.0316,0.0226,0.0177,0.0067,-0.0003,-0.0153,-0.003,-0.0116,-0.0091,-0.0176,-0.0218,-0.0172,-0.009,-0.0097,-0.0071,-0.0054,-0.0022,-0.0034,-0.0032,-0.0039
2020-04-08,31.9378,130.8599,E,0.0869,0.1037,0.1097,0.1067,0.1008,0.104,0.0694,0.0311,0.052,-0.0013,-0.0103,-0.014,-0.0078,-0.001,-0.0106,-0.0263,-0.0061,-0.0049,,,-0.0334,-0.0423,-0.0396,-0.0276,-0.0253,-0.0187,-0.0162,-0.0104,-0.0094,-0.0014
2020-04-08,31.9378,130.8599,N,,0.0724,0.061,0.0637,0.0578,0.0491,0.0457,0.0585,0.0692,0.0481,0.0523,0.0627,0.0142,-0.0312,-0.047,-0.0524,-0.0575,-0.0553,-0.0541,-0.0506,-0.0483,-0.0438,-0.0323,0.0054,0.0206,0.0288,0.0271,0.0231,0.0255,0.0256
2020-04-08,31.9378,130.8599,NE,,0.0741,0.0707,0.0621,0.0758,0.063,0.0675,0.0814,0.0651,0.0759,0.0722,0.072,0.0606,0.0722,0.0605,0.0469,0.0242,0.0088,-0.0126,-0.0462,-0.0584,-0.054,-0.0469,-0.0417,-0.0396,-0.0359,-0.0337,-0.033,-0.0307,-0.0185
2020-04-08,31.9378,130.8599,NO,0.1611,0.1169,0.1073,0.0985,0.0884,0.0854,0.0657,0.0571,0.0371,0.0165,0.0027,-0.0101,-0.0148,-0.029,-0.0383,-0.0493,-0.0509,-0.0552,-0.0528,-0.0579,-0.0628,0.0068,0.0166,0.0464,0.0456,0.0381,0.0158,0.014,0.0113,0.0089
2020-04-08,31.9378,130.8599,O,,0.1466,0.1324,0.1178,0.1022,0.0814,0.0736,0.0448,0.0356,0.0118,-0.0038,-0.0253,-0.0309,-0.0308,-0.0404,,,-0.0131,0.0062,0.0052,0.0022,-0.0004,-0.0034,-0.0013,0.0005,0.0044,0.0046,0.0092,0.0005,0.0018
2020-04-08,31.9378,130.8599,S,,0.135,0.13,0.0808,0.0565,-0.0053,-0.0198,-0.0189,-0.0132,-0.0106,-0.0045,0.0098,0.0215,0.0217,0.0185,0.0175,0.0032,-0.0067,-0.006,-0.0123,-0.0127,-0.0013,-0.0094,-0.0122,-0.0102,-0.0095,-0.0041,0.0055,0.0137,0.0114
2020-04-08,31.9378,130.8599,SE,0.0946,0.1124,0.1066,0.0959,0.0974,0.0676,0.019,-0.0212,-0.0337,-0.0343,-0.0338,-0.029,-0.0006,0.0213,0.0277,0.0243,0.024,0.0262,0.011,0.0184,0.0011,-0.0221,-0.0139,-0.0219,-0.0155,-0.0144,-0.0118,-0.0083,-0.0063,-0.003
2020-04-08,31.9378,130.8599,SO,0.1677,0.1595,0.1526,0.1399,0.0898,0.0648,0.0499,0.0273,0.0099,0.003,-0.0026,-0.0038,-0.009,-0.0151,-0.0167,-0.017,-0.018,-0.0181,0.0047,0.002,-0.0044,-0.005,-0.005,-0.0017,0.0049,0.0075,0.0069,0.0062,0.0052,0.007
2020-08-14,31.9378,130.8599,E,0.0459,0.0461,0.0515,0.0581,0.0489,0.0435,0.0263,0.0046,0.0258,-0.0141,-0.0137,-0.0175,-0.0169,-0.0095,-0.0163,-0.0107,-0.0141,-0.0069,-0.0059,-0.0235,-0.0183,-0.0145,0.0367,,-0.007,-0.0053,0.0003,0.0014,0.0074,0.0146
2020-08-14,31.9378,130.8599,N,,0.0765,0.0604,0.0605,0.0448,0.0038,-0.0332,-0.0406,-0.0369,-0.005,-0.005,0.0289,0.0129,0.0062,-0.0096,-0.0191,-0.028,-0.0334,-0.0373,-0.0366,-0.0361,-0.0351,-0.0341,-0.0039,0.0238,0.0278,0.0259,0.0287,0.0238,0.0024
2020-08-14,31.9378,130.8599,NE,,0.0711,0.0592,0.0275,0.0498,-0.0025,-0.0183,0.0214,-0.0118,0.0289,0.0301,0.0297,0.0343,0.0333,0.0279,0.0204,0.0139,0.0179,0.0136,-0.0239,-0.0274,-0.0279,-0.0268,-0.0204,-0.0138,-0.0122,-0.0046,0.0034,0.0096,0.0237
2020-08-14,31.9378,130.8599,NO,0.1122,0.0698,0.0604,0.0572,0.063,0.0622,0.0496,0.0434,0.0287,0.0255,0.0132,0.0119,-0.001,-0.0128,-0.0166,-0.0264,-0.0256,-0.0307,-0.0033,0.0061,0.0056,-0.0022,-0.0074,-0.0095,-0.009,-0.0115,-0.0032,-0.0078,-0.0033,-0.0028
2020-08-14,31.9378,130.8599,O,,0.1335,0.1231,0.1132,0.1117,0.104,0.0977,0.0539,0.0588,,,,,-0.0055,0.001,-0.0085,0.0028,-0.0021,-0.0056,-0.0117,-0.0105,-0.0114,-0.0109,-0.0085,-0.0032,-0.0028,0.0034,0.0054,0.0098,0.0068
2020-08-14,31.9378,130.8599,S,,0.1129,0.1146,0.0797,0.0544,0.008,-0.0049,-0.0064,-0.0071,-0.0076,-0.0082,-0.009,-0.0053,-0.0009,-1e-04,-0.0008,-0.0085,-0.0102,-0.0096,-0.013,-0.0139,-0.0053,-0.0058,-0.0057,-0.0059,-0.0035,0.0005,0.0047,0.0042,0.0037
2020-08-14,31.9378,130.8599,SE,0.039,0.0402,0.0401,0.0363,0.0341,0.015,-0.01,-0.037,-0.0365,-0.0286,-0.0258,-0.0233,-0.0243,0.0128,0.0186,0.0154,0.0132,0.0154,0.0035,0.0056,0.0083,0.0022,-0.002,-0.0024,-0.0035,-0.0119,-0.012,-0.0086,-0.0085,-0.0076
2020-08-14,31.9378,130.8599,SO,0.1534,0.1474,0.1478,0.1371,0.0761,0.0554,0.0337,0.0171,0.0041,-0.0014,-0.0025,-0.0042,-0.0059,-0.0074,-0.0023,-0.0027,-0.0034,-0.0055,-0.0071,-0.0072,-0.0073,-0.0071,-0.0074,-0.0016,0.0014,0.0012,0.0007,0.0066,0.0073,0.01
2020-10-25,31.9389,130.8612,E,,,,,,,,,,,,0.0525,0.0299,0.0173,0.0045,-0.0047,-0.012,-0.0151,-0.0123,-0.0098,-0.0096,-0.0094,-0.0065,-0.0039,-0.0009,0.001,0.0,0.0031,0.0057,0.0098
2020-10-25,31.9389,130.8612,N,,0.0812,0.0777,0.073,0.071,0.0718,0.0682,0.0609,0.049,0.0197,0.0117,-0.0046,-0.0038,-0.019,-0.017,-0.0158,-0.019,-0.0079,0.0032,0.0034,0.0141,0.0131,0.0093,0.0045,0.0052,0.001,-0.0004,-0.0072,-0.0137,-0.0236
2020-10-25,31.9389,130.8612,NE,,0.0914,0.0941,0.0902,0.0881,0.0894,0.0894,,,,,,0.0352,0.0246,0.0156,0.0053,-0.0053,-0.0074,-0.0074,-0.0078,-0.008,-0.0071,-0.0078,-0.0047,0.0129,0.0116,0.0107,-0.004,-0.006,-0.0063
2020-10-25,31.9389,130.8612,NO,0.12,0.1138,0.1109,0.1058,0.1032,0.1004,0.0928,0.0854,0.0718,0.0379,0.0225,0.0054,-0.0117,-0.0214,-0.0216,-0.0216,-0.0215,-0.0215,-0.0214,-0.016,-0.0019,0.0511,0.0918,0.1099,0.1168,,,,,
2020-10-25,31.9389,130.8612,O,,0.1083,0.1028,0.0968,0.0967,0.0884,0.0759,0.0619,0.0425,0.0271,0.011,-0.012,-0.0237,-0.0226,-0.0214,-0.0191,-0.0168,0.0246,0.0284,0.0523,,,,,,,,,,
2020-10-25,31.9389,130.8612,S,,,,,,,,0.0181,0.0079,-0.0137,-0.0177,-0.0088,-0.0178,-0.0182,0.0073,0.0192,0.0228,0.0174,0.0128,0.0124,0.0098,0.0063,0.0016,0.0005,-0.0006,-0.0023,0.0054,-0.0018,-0.0,-0.0026
2020-10-25,31.9389,130.8612,SE,,,,,,0.0356,0.0294,0.0181,0.0038,0.0013,-0.0146,-0.009,0.0,-0.0035,0.004,-0.0003,-0.0116,-0.0201,-0.0199,-0.0186,-0.0182,-0.0099,-1e-04,0.0031,0.0067,0.0026,0.0058,0.0022,0.0016,0.0013
2020-10-25,31.9389,130.8612,SO,0.1005,0.0976,,,,,,,,,-0.0055,-0.0009,0.0008,-0.0063,-0.0136,-0.0132,,,,0.0143,-0.0052,0.001,-0.004,-0.0052,-0.0051,-0.0034,-0.0018,-0.0004,0.0082,0.003
2020-11-10,31.9389,130.8602,E,0.0993,0.0998,0.0948,0.0883,0.0826,0.0765,0.0714,0.0697,0.0592,0.0462,0.0328,0.0216,0.0065,-0.0061,-0.0176,-0.0229,-0.0257,-0.0253,-0.0245,-0.0228,-0.0206,-0.0176,-0.0152,-0.0106,-0.005,-0.0027,0.0013,0.0065,0.0105,0.015
2020-11-10,31.9389,130.8602,N,,0.0662,0.0634,0.0631,0.0616,0.0614,0.0559,0.0563,0.0561,0.0491,0.0443,0.0339,0.0156,0.0057,0.0082,-0.0007,-0.005,-0.0032,-0.0073,0.0035,-0.0012,-0.0073,0.0002,-0.0055,-0.0065,-0.0121,-0.0173,-0.0197,-0.0237,-0.0231
2020-11-10,31.9389,130.8602,NE,,0.0833,0.0876,0.0972,0.0989,0.098,0.097,0.093,0.0955,0.0848,0.0852,0.0735,0.0426,0.034,0.0034,-0.0239,-0.0354,-0.0347,-0.0435,-0.0411,-0.0376,-0.0337,-0.028,-0.0214,-0.0132,-0.0052,0.0012,0.0072,0.0078,0.01
2020-11-10,31.9389,130.8602,NO,0.1224,0.1168,0.1145,0.1072,0.102,0.0909,0.0886,0.0705,0.0547,0.0297,0.0132,-0.0055,-0.0107,-0.0133,-0.0181,-0.021,-0.0267,-0.032,-0.0402,-0.0414,-0.0462,-0.0517,-0.0222,-0.0046,0.0252,0.036,0.0403,0.0412,0.0434,0.0389
2020-11-10,31.9389,130.8602,O,0.0825,0.0784,0.0714,0.0624,0.0486,0.0368,0.0217,0.0049,-0.0117,-0.0261,-0.0276,-0.05,-0.0526,-0.055,-0.058,-0.0568,-0.0401,-0.0224,-0.008,0.0117,0.0143,0.0288,0.031,0.0311,0.0291,0.0261,0.0247,0.0244,0.0236,0.0218
2020-11-10,31.9389,130.8602,S,,0.0576,0.0443,0.0562,0.0365,0.0024,-0.0109,-0.0206,-0.0223,-0.0175,-0.0231,0.0004,0.009,0.011,0.0116,0.0125,0.0119,0.0027,-0.0032,-0.0091,-0.0049,-0.0029,-0.0023,-0.0005,-0.0005,0.0012,-0.0019,-0.0047,-0.0002,-0.0013
2020-11-10,31.9389,130.8602,SE,,0.071,0.047,0.0445,0.0338,0.0082,-0.0053,-0.0104,-0.0167,-0.0105,-0.0083,-0.0027,0.007,0.0097,0.0085,0.0106,0.0079,0.0119,-0.0019,-0.0023,-0.0064,-0.0045,-0.0018,-0.0033,-0.0037,-0.0035,-0.0046,-0.0026,-0.002,-0.0017
2020-11-10,31.9389,130.8602,SO,0.0649,0.0638,0.0577,0.0525,0.0472,0.0579,0.0308,0.0189,0.0049,0.0003,-0.0049,-0.005,-0.0071,-0.0066,-0.0053,-0.0048,-0.0025,-0.0051,0.0029,0.0002,-0.0032,0.0002,0.0006,0.0036,0.0065,0.0066,0.006,0.0089,0.008,0.008
2021-03-10,31.9378,130.8596,E,,0.0932,0.0931,0.0909,0.0794,0.0595,0.0429,0.0234,-0.0165,-0.0282,,,0.027,0.0391,0.0012,-0.0004,-0.0004,-0.007,-0.0176,-0.0248,-0.0264,-0.0212,-0.0193,-0.0097,-0.0049,0.0019,0.0069,0.0097,0.0096,0.0132
2021-03-10,31.9378,130.8596,N,,0.1178,0.0773,0.0636,0.0613,0.0615,0.0573,0.0553,0.0454,0.0422,0.0357,0.0357,0.0229,0.0021,-0.0339,-0.0432,-0.0445,-0.0452,-0.0464,-0.0481,-0.0498,-0.0512,-0.0526,-0.0381,-0.0038,0.0337,0.0435,0.0457,0.0448,0.0453
2021-03-10,31.9378,130.8596,NE,0.0485,0.0508,0.0578,0.0596,0.0654,0.0489,0.0493,0.057,0.0496,0.0524,0.047,0.047,0.0427,0.0655,0.0607,0.058,0.0419,0.0182,0.0067,-0.0137,-0.0153,-0.0217,-0.029,-0.0271,-0.0246,-0.0206,-0.0154,-0.0104,-0.005,0.0033
2021-03-10,31.9378,130.8596,NO,0.1373,0.122,0.0995,0.0812,0.0673,0.0603,0.0472,0.0435,0.0287,0.016,-0.0098,-0.0222,-0.0369,-0.0463,-0.0458,-0.0464,-0.0492,-0.0461,-0.0497,-0.0199,-0.0068,0.015,0.0318,0.0296,0.0316,0.0345,0.037,0.0529,0.0635,0.068
2021-03-10,31.9378,130.8596,O,,0.1076,0.0998,0.0922,0.0738,0.0588,0.0595,0.0203,0.0116,-0.0013,-0.0163,-0.0243,-0.0304,-0.0201,-0.0161,-0.0054,0.0021,0.0142,0.0148,0.0195,0.0289,0.0373,0.0366,0.0408,-0.0097,-0.0011,-0.0017,0.0072,0.0022,0.0018
2021-03-10,31.9378,130.8596,S,,0.1204,0.0834,0.0574,0.017,-0.0081,-0.0082,-0.0133,-0.0116,-0.006,0.0081,0.014,0.0117,0.012,0.012,0.0037,-0.0035,-0.005,-0.0028,-0.0032,-0.001,-0.0045,-0.0041,-0.0032,-0.0033,-0.0003,0.0008,0.0029,0.0069,0.0068
2021-03-10,31.9378,130.8596,SE,0.0975,,0.1019,0.0677,0.0566,0.0228,-0.0073,-0.0133,-0.0184,-0.021,-0.0174,-0.0146,0.0318,0.0328,0.0214,0.006,-0.0018,-0.0126,-0.0168,-0.0209,-0.0051,-0.0056,-0.0015,-0.01,-0.006,-0.0051,-0.0017,-0.0023,-0.0038,0.0
2021-03-10,31.9378,130.8596,SO,0.1431,0.1342,0.1097,0.0701,0.0758,0.0384,0.0223,0.0052,-0.0045,-0.0045,-0.0045,-0.0016,-0.0021,-0.0031,-0.0029,-0.0013,0.0005,0.0034,0.0016,0.0044,0.0027,-0.0002,-0.0026,-0.002,-0.0027,0.0017,0.0014,0.0073,0.0065,0.0053
2021-03-26,31.9378,130.8593,E,,,,,0.0911,0.0705,0.0367,0.0046,-0.0133,-0.0121,-0.0098,-0.002,0.0047,0.0047,0.009,-0.0107,-0.0219,-0.0195,-0.0126,-0.026,-0.0261,-0.0259,-0.0257,-0.0163,-0.0051,0.0061,0.0064,0.0067,0.0055,0.0089
2021-03-26,31.9378,130.8593,N,,,,,0.0811,0.0885,0.0844,0.0807,0.0722,0.054,0.0322,0.01,0.0059,0.0186,0.0008,0.005,-0.0269,-0.0279,-0.0422,-0.0469,-0.0488,-0.0524,-0.0538,-0.0548,-0.0254,0.0102,0.0342,0.0399,0.0408,0.0423
2021-03-26,31.9378,130.8593,NE,,,,,,0.0746,0.0732,0.0659,0.0686,0.0662,0.0636,0.0635,0.0588,0.0585,0.0597,0.0518,0.04,0.0166,0.0139,-0.0033,-0.0148,-0.0273,-0.0343,-0.0366,-0.0349,-0.0348,-0.0336,-0.0277,-0.0253,-0.0206
2021-03-26,31.9378,130.8593,NO,,,0.1463,0.1041,0.092,0.0664,0.0537,0.0479,0.0362,0.0232,0.0055,-0.0139,-0.0223,-0.0365,-0.0537,-0.0547,-0.0552,-0.0499,-0.0565,-0.0372,-0.0149,0.0202,0.0239,0.026,0.0273,0.0297,0.0288,0.0314,0.0267,0.0288
2021-03-26,31.9378,130.8593,O,,0.1401,0.1335,0.1144,0.0996,0.082,0.0796,0.0371,0.0258,0.01,-0.0012,-0.0253,-0.0379,-0.0236,-0.0147,-0.0003,-0.009,0.0043,0.001,0.0113,0.0079,0.006,0.0026,0.0002,0.0017,0.0032,0.0037,0.0025,0.0149,0.0147
2021-03-26,31.9378,130.8593,S,,0.1071,0.0767,0.02,-0.0009,-0.0011,-0.0077,-0.0077,-0.0091,-0.0004,0.017,0.011,0.0152,0.0158,0.0046,-0.0071,-0.0062,-0.0055,-0.0071,-0.0015,-0.0055,-0.0024,-0.0056,-0.0047,-0.0041,-0.0036,-0.0032,0.001,0.0049,0.0065
2021-03-26,31.9378,130.8593,SE,,0.0957,,,,,,-0.041,-0.0421,-0.038,-0.027,-0.0178,0.0339,0.015,0.0187,0.0188,0.0184,0.0129,0.0016,-0.007,-0.0076,-0.0036,-0.0044,-0.0079,-0.01,-0.0087,-0.0051,-0.0019,0.0009,-0.0032
2021-03-26,31.9378,130.8593,SO,0.1776,0.1234,0.1073,0.0672,0.0729,0.0163,0.0122,0.0036,-0.0015,-0.0052,-0.0094,-0.0122,-0.0105,-0.0054,-0.0039,-0.0021,0.0011,0.0016,-0.0024,0.0014,0.0004,-0.0007,0.0082,0.0064,0.0085,0.0092,0.0084,0.0038,0.0065,0.0059
2021-04-19,31.9389,130.8602,E,0.1105,,,0.0671,0.0483,0.0431,0.0301,0.0236,0.0168,0.0264,0.0073,0.0016,-0.0044,-0.0068,-0.0028,-0.0113,-0.0134,-0.0145,-0.0158,-0.0126,-0.0094,-0.009,-0.0074,-0.0067,-0.0026,-0.0046,-0.002,0.0066,0.0099,0.0127
2021-04-19,31.9389,130.8602,N,,0.0691,0.0663,0.066,0.0628,0.0596,0.0563,0.0537,0.052,0.0485,0.041,0.0274,0.0113,-0.0106,-0.0082,-0.0261,-0.0387,-0.0407,-0.0384,-0.0335,-0.0299,-0.0177,0.0005,0.0162,0.015,0.0107,0.0059,0.0039,-0.0076,-0.0154
2021-04-19,31.9389,130.8602,NE,,0.0958,0.0971,0.0976,0.0944,0.0912,0.087,,0.0825,0.0798,,0.0597,0.0502,0.0339,0.033,0.0251,-0.0064,-0.0159,-0.0167,-0.0184,-0.0161,-0.0143,-0.0112,-0.0091,-0.0054,0.0043,0.0074,0.0082,0.0027,-0.0007
2021-04-19,31.9389,130.8602,NO,0.0934,0.0904,0.0851,0.0821,0.0795,0.079,0.0764,0.073,0.0636,0.0449,0.0345,0.0189,0.0048,-0.0109,-0.0252,-0.0363,-0.0385,-0.0379,-0.0367,-0.0366,-0.0339,-0.0256,-0.0124,-0.003,0.04,0.0299,0.0413,0.0187,0.0191,0.0084
2021-04-19,31.9389,130.8602,O,0.105,0.1026,0.0977,0.0944,0.0822,0.0783,0.0705,0.0642,0.0573,0.0469,0.0357,0.0206,0.0145,0.0085,0.006,-0.0089,-0.0091,-0.0041,-0.0025,-0.0011,0.001,0.0076,0.003,0.0009,-0.0017,-0.006,-0.0116,-0.0119,-0.0042,-0.0034
2021-04-19,31.9389,130.8602,S,,,,,0.0195,0.0038,-0.011,-0.0158,-0.0149,-0.0178,-0.0134,0.0086,0.0136,0.0184,0.0241,0.0176,0.0132,0.0015,-0.0053,-0.0079,-0.0063,-0.0049,-0.0037,-0.0072,-0.0095,-0.0079,-0.0081,-0.0048,-0.0003,0.0003
2021-04-19,31.9389,130.8602,SE,,,0.0375,0.0392,0.0275,0.0095,-0.0076,-0.0101,-0.0149,-0.0114,-0.0076,-0.0041,0.0034,0.0171,0.017,0.0214,0.0141,0.0179,0.0054,0.002,0.0003,0.0013,-0.0044,-0.0048,-0.0021,-0.005,-0.007,-0.0019,-0.003,-0.0037
2021-04-19,31.9389,130.8602,SO,,,,,,,,0.0176,0.016,0.0047,0.005,0.0055,-0.0002,-0.0023,-0.0054,-0.0069,-0.0067,-0.0102,-0.0064,-0.0066,-0.006,-0.003,0.0012,0.0033,0.002,0.0017,0.0023,0.0054,0.0081,0.008
2021-10-28,31.9339,130.8662,E,0.1054,0.0977,0.073,0.0516,0.0143,-0.0096,-0.0114,-0.0141,-0.0154,-0.0163,-0.0173,-0.0181,-0.0192,-0.0181,-0.0212,-0.0195,-0.0182,-0.0095,0.0023,0.0046,0.0072,0.0115,-0.0003,-0.0078,-0.0108,-0.0124,-0.0114,-0.0109,-0.0125,-0.0136
2021-10-28,31.9339,130.8662,N,0.0612,0.0539,0.0412,0.0428,0.0318,0.0225,0.0134,0.0013,0.0011,-0.0021,-0.0019,-0.0019,-0.0021,-0.0032,-0.0043,-0.0048,0.0204,0.0243,0.0254,0.0238,0.0238,0.0215,0.0158,0.0058,0.008,0.0016,-0.0149,-0.0014,-0.0302,-0.0351
2021-10-28,31.9339,130.8662,NE,,0.0768,0.0662,0.0542,0.0456,0.0475,0.0399,0.0373,0.0119,0.0141,0.0081,0.0057,0.0013,-0.0006,-0.0038,-0.0061,-0.0045,-0.0026,-0.0033,-0.0024,-0.0019,-0.0035,-0.0021,-0.0016,0.0005,0.0031,0.003,0.0035,0.0045,0.0035
2021-10-28,31.9339,130.8662,NO,,0.0463,0.0396,0.036,0.0328,0.032,0.0261,0.0202,0.0148,0.0079,0.0032,0.0019,0.0007,-0.0008,-0.0014,-0.0021,-0.003,-0.0046,-0.0066,-0.0064,-0.0084,-0.0083,-0.0072,-0.0041,-0.0043,-0.0026,-0.0014,-0.0016,0.0,1e-04
2021-10-28,31.9339,130.8662,O,0.0561,0.0476,0.0436,0.032,0.0243,0.0185,0.0127,0.0076,0.0033,0.0021,0.0035,0.0028,0.0023,0.0021,0.002,0.002,-1e-04,-0.0008,-0.0018,-0.0019,-0.0018,-0.0024,-0.0027,-0.0013,-0.001,-0.0007,0.0002,0.0009,0.001,0.0022
2021-10-28,31.9339,130.8662,S,0.0537,0.0333,0.015,0.0147,0.0065,0.003,0.0018,-0.0003,-0.0129,-0.0129,-0.0248,-0.0259,-0.0211,-0.0115,-0.016,-0.0044,0.0002,0.0116,0.0046,0.0211,0.0087,0.0192,0.0183,0.0102,0.0051,0.0068,0.0012,-0.0036,-0.0022,0.002
2021-10-28,31.9339,130.8662,SE,,0.0942,0.0827,0.0309,-0.001,-0.0114,-0.0175,-0.0229,-0.0286,-0.0327,-0.0388,-0.0416,-0.0463,-0.051,-0.0528,-0.0439,-0.0394,-0.0267,-0.0079,0.0019,0.0023,0.0078,0.0134,0.0251,0.0349,0.0378,0.0401,0.0129,0.011,0.0003
2021-10-28,31.9339,130.8662,SO,,0.0337,0.0232,0.0172,0.0116,0.0065,0.0039,0.007,0.0019,0.0017,0.0008,1e-04,0.0009,-1e-04,0.0033,0.0016,0.0034,0.001,0.0019,-0.0002,-0.0011,-0.002,-0.0022,-0.0008,-0.0004,0.0006,0.0015,0.0024,0.0029,0.0033
2021-11-05,31.9339,130.8662,E,0.128,0.1084,0.0808,0.0438,-0.0017,-0.0217,-0.0236,-0.0264,-0.0277,-0.0287,-0.0297,-0.0305,-0.0316,-0.0369,-0.0417,,,-0.03,-0.0066,-0.0034,0.0134,0.0116,0.0097,-0.0014,-0.0045,-0.0022,-0.0019,0.0059,-0.0043,-0.0065
2021-11-05,31.9339,130.8662,N,0.0668,0.0526,0.031,0.0332,0.0166,0.0066,-0.0043,1e-04,1e-04,-0.0012,-0.0065,-0.0064,0.0007,-0.0007,-0.0055,0.0012,0.0233,0.0233,0.0216,0.018,0.0222,0.0202,0.0181,0.0124,0.008,-0.0164,-0.0235,-0.0287,-0.0285,-0.028
2021-11-05,31.9339,130.8662,NE,,0.0705,0.0592,0.0519,0.0497,0.0513,0.0347,0.0333,0.0134,0.0146,0.0033,-0.0011,-0.0021,-0.0036,-0.0079,-0.01,-0.0051,0.0011,-0.0005,0.0023,-0.0037,-0.0053,-0.001,-0.0041,-0.0037,0.0012,0.0007,0.0006,0.0062,0.0044
2021-11-05,31.9339,130.8662,NO,,0.0385,0.0299,0.0248,0.0214,0.0231,0.0116,0.0151,0.0046,0.0015,-1e-04,0.0018,0.0041,0.0016,0.0029,0.0004,0.0033,0.002,-0.001,0.0004,-0.0059,-0.0049,-0.0105,-0.017,-0.0171,-0.0093,-0.011,-0.0045,0.0029,0.0036
2021-11-05,31.9339,130.8662,O,0.092,0.0593,0.0454,0.0286,0.0242,0.016,0.0127,0.0046,0.0008,0.0012,0.002,0.0027,0.001,-0.0007,-0.0007,-0.0006,0.0089,,,-0.0022,-0.0033,-0.0006,-0.0004,-0.0005,-0.001,-0.002,-1e-04,-0.0002,-0.001,0.003
2021-11-05,31.9339,130.8662,S,0.0862,0.0671,0.044,0.044,0.0323,0.0171,0.0138,0.0143,0.006,0.006,-0.0072,-0.0189,-0.0185,-0.0013,-0.0111,0.0037,0.0079,0.0162,0.0054,0.0139,0.005,0.0188,0.008,0.0006,-0.0006,-0.0059,-0.0095,-0.0124,-0.0038,0.0012
2021-11-05,31.9339,130.8662,SE,,0.0825,0.0398,-0.0082,-0.0404,-0.0407,-0.0409,-0.0411,-0.0413,-0.0414,-0.0416,-0.0417,-0.0419,-0.042,-0.0421,-0.0422,-0.0422,-0.0418,-0.0283,-0.0144,-0.0055,0.0206,0.0293,0.0423,0.053,0.0585,0.0633,0.0759,0.0618,0.0348
2021-11-05,31.9339,130.8662,SO,,0.039,0.0223,0.0173,0.0122,0.0105,0.0025,-0.0008,-0.0012,0.0028,0.0028,0.001,1e-04,-0.0018,-0.0003,0.0013,0.0027,0.0025,0.0019,-0.0033,-0.0051,-0.0031,-0.0046,-0.001,0.0003,0.0007,0.0012,-0.0005,0.0029,0.003
2021-12-07,31.9391,130.8606,E,0.0973,0.1034,0.1062,0.1023,0.0967,0.0876,0.0921,0.0748,0.0412,0.0312,0.0129,0.0059,-0.0038,-0.0102,-0.0229,-0.0263,-0.0263,-0.0236,-0.0174,-0.0154,-0.0107,-0.0105,-0.0085,-0.0056,-0.003,0.0018,0.0061,0.0091,0.0121,0.0149
2021-12-07,31.9391,130.8606,N,,0.0628,0.0625,0.052,0.0416,0.0346,0.0306,0.0306,0.0211,0.0261,0.0256,0.0192,0.0203,0.0218,0.009,0.0081,0.0053,-0.004,-0.0063,-0.009,-0.012,0.0023,-0.0056,-0.0024,-0.0016,-0.0021,-0.0018,-0.0083,-0.0061,-0.0047
2021-12-07,31.9391,130.8606,NE,0.0754,0.0867,0.087,0.0959,0.0956,0.0995,0.0986,0.0937,0.0857,0.0807,0.0578,0.0361,0.0068,-0.006,-0.0196,-0.0317,-0.0306,-0.0358,-0.0326,-0.0288,-0.0249,-0.0212,-0.0173,-0.0092,-0.0047,0.0039,0.0056,0.0062,0.0078,0.0109
2021-12-07,31.9391,130.8606,NO,0.1159,0.1106,0.0999,0.0869,0.0739,0.0603,0.0518,0.0433,0.0084,0.0075,0.0068,0.0046,0.0017,-0.0002,-0.0101,-0.0107,-0.0178,-0.0235,-0.0286,-0.0348,-0.04,-0.0432,-0.0383,-0.0098,0.0014,0.0259,0.027,0.0387,0.0413,0.0455
2021-12-07,31.9391,130.8606,O,,0.0771,0.0622,0.0552,0.0405,0.0276,0.0128,0.0018,-0.0326,-0.0357,-0.036,-0.0377,-0.0394,-0.0418,-0.0445,-0.047,-0.0455,-0.0484,-0.0259,-0.0162,-0.0053,0.0046,0.0148,0.0172,0.0239,0.0271,0.0313,0.0324,0.0341,0.0367
2021-12-07,31.9391,130.8606,S,,0.0636,0.0529,0.0387,0.0454,0.0286,0.0159,-0.0192,-0.0212,-0.0166,-0.0168,-0.0163,-0.0005,0.0061,0.0062,0.0078,0.0087,0.0087,0.0004,-0.0007,-0.0018,0.0012,0.0016,0.0016,0.0019,0.0032,0.0014,-1e-04,-0.0015,-0.0014
2021-12-07,31.9391,130.8606,SE,,0.0927,0.0665,0.0512,0.0466,0.0187,-0.0108,0.007,-0.0014,0.0011,0.0008,0.0041,0.0021,0.0014,-0.0009,-0.0078,0.0028,-0.0039,-0.0046,-0.0057,-0.0089,-0.0018,-0.0012,-1e-04,-0.0003,-0.0019,-0.0021,-0.0016,0.0006,0.0018
2021-12-07,31.9391,130.8606,SO,0.076,0.0757,0.0608,0.0494,0.0369,0.0367,0.0508,0.0171,0.0084,0.0034,-0.0033,-0.0057,-0.0063,-0.0086,-0.0069,-0.008,-0.0053,-0.0045,-0.001,0.0028,0.0023,0.0004,0.0028,-0.0037,0.0011,0.0017,0.0031,0.0032,0.0034,0.0036
2022-02-25,31.9339,130.8662,E,0.1185,,,,,,,-0.0051,,,,,,,,,,,,,,,,,,,,0.0022,0.0136,0.0056
2022-02-25,31.9359,130.8627,E,,,,,,0.0299,,,,,,,,,,,,,,,,,,,,,,,,
2022-02-25,31.9378,130.8593,E,,0.0981,0.093,0.0874,0.0651,,0.0113,,-0.0145,-0.0117,-0.0047,0.0011,0.0011,-0.0025,-0.0089,-0.0099,-0.0045,-0.0015,0.0015,-0.008,-0.0131,-0.0084,-0.0058,-0.0027,-0.0002,0.0023,0.0022,,,
2022-02-25,31.9339,130.8662,N,,,,,,,,,,,,,,,,,,,,,,,,,,,0.0129,,,0.0037
2022-02-25,31.9378,130.8593,N,,0.0863,0.0842,0.0731,0.064,0.0577,0.0557,0.0497,0.0435,0.0325,0.0284,0.0189,0.0243,0.0141,-0.0117,-0.0394,-0.0394,-0.0387,-0.0385,-0.038,-0.0377,-0.0369,-0.0173,0.001,0.0041,0.0083,,0.0137,0.0182,
2022-02-25,31.9339,130.8662,NE,,,,,,,,,,,,,,,,,,,,,,,,,,,,,,-0.0043
2022-02-25,31.9378,130.8593,NE,0.043,,0.0499,0.0608,0.061,0.0569,0.0448,0.0467,0.0536,0.0541,0.0464,0.0512,0.0439,0.04,0.0444,0.0378,0.0306,0.0147,0.0115,-0.0032,-0.0163,-0.0126,-0.0199,-0.0209,-0.0226,-0.0151,-0.0185,-0.0088,-0.008,
2022-02-25,31.9378,130.8593,NO,0.1054,,0.1043,0.0799,0.0682,0.0664,0.0712,,-0.0064,-0.018,-0.0392,-0.0456,-0.0475,-0.0486,-0.0519,-0.0533,-0.0497,-0.0449,-0.0277,-0.0153,0.0009,0.0005,0.0037,0.0154,0.0217,0.0251,0.0266,0.029,0.0298,0.0338
2022-02-25,31.9339,130.8662,O,0.0577,,,,,,,,,,,,,,,,,,,,,,,,,,0.0031,,,
2022-02-25,31.9378,130.8593,O,,0.096,,,,,0.0078,0.0089,0.0012,-0.0019,-0.017,-0.0231,-0.0271,-0.0114,-0.0032,0.0041,0.0015,0.002,0.0012,0.001,0.0007,0.0017,-0.0015,-0.0021,-0.0014,0.001,,0.0031,0.0041,0.0044
2022-02-25,31.9339,130.8662,S,,,,,,,,,,,,0.0099,-0.0071,,,,,,,,,,,,,,,,,
2022-02-25,31.9359,130.8627,S,,,,,,,-0.0021,-0.0068,,0.0044,0.006,,,-0.0013,,,,,,,,,,,,,,,,
2022-02-25,31.9378,130.8593,S,,0.0915,0.0524,0.0159,0.002,0.0017,,,0.0032,,,,,,-0.0057,-0.0093,-0.0087,-0.0096,-0.0082,-0.0027,-0.0024,0.0013,0.001,-0.0007,-0.0014,0.0036,0.0048,0.0061,0.0049,0.0044
2022-02-25,31.9339,130.8662,SE,,,,0.0519,,,-0.0102,,-0.0211,,,,-0.0222,,-0.0108,,,,,,,,,,,,,,,
2022-02-25,31.9359,130.8627,SE,,,,,0.0195,-0.0039,,,,-0.0236,,,,,,,,,0.0096,,,,,,,,,,,
2022-02-25,31.9378,130.8593,SE,0.0916,0.0849,0.0816,,,,,-0.0172,,,-0.0246,-0.0195,,1e-04,,-0.0071,-0.0011,0.0048,,0.0103,0.012,0.0133,0.0003,-0.0023,-0.0038,-0.0027,-0.0022,-0.0016,0.0023,0.0023
2022-02-25,31.9378,130.8593,SO,0.1379,0.0952,,,,,0.017,0.0039,0.0035,-0.0038,-0.0075,-0.0099,-0.0065,0.0011,0.0029,0.0038,0.0006,0.0047,-0.0032,0.002,0.0014,1e-04,1e-04,-0.001,-0.0005,-0.0011,0.0013,0.0004,0.0022,0.002
2022-11-08,31.9339,130.8665,E,0.1009,0.0933,0.0842,0.0686,0.0437,0.0103,-0.0108,-0.017,-0.018,-0.0184,-0.0185,-0.0195,-0.0191,-0.0191,-0.0197,-0.0192,-0.0193,-0.0059,0.0063,0.0064,0.0102,0.0126,-0.001,-0.0069,-0.0061,-0.0093,-0.0116,-0.0101,-0.0122,-0.0105
2022-11-08,31.9339,130.8665,N,0.0227,0.0109,0.0103,0.0105,0.0063,0.0019,-0.0028,-0.0016,-0.0011,-0.0044,-0.0058,-0.0012,0.0037,0.0033,0.0077,0.0317,0.0321,0.0333,0.0257,0.0266,0.0304,0.0227,0.0087,0.0139,0.0014,0.0056,-0.007,-0.0295,-0.0315,-0.0338
2022-11-08,31.9339,130.8665,NE,,0.0616,0.0574,0.0529,0.051,0.0389,0.0298,0.0291,0.0221,0.0166,0.0187,0.0058,0.0055,0.0028,-0.0003,-0.0041,-0.0063,-0.0046,-0.0035,-0.0034,-0.0025,-0.0016,0.0015,0.0008,0.003,0.0024,0.0045,0.004,0.0041,0.0037
2022-11-08,31.9339,130.8665,NO,,0.0212,0.0202,0.0246,0.0265,0.0217,0.0184,0.0148,0.0105,0.007,0.0077,0.0041,0.0041,0.0075,0.0037,0.0016,-0.002,-0.0036,-0.0084,-0.0098,-0.0074,-0.0077,-0.0042,-0.006,-0.0037,-0.0031,-0.0027,-0.0011,0.0003,0.004
2022-11-08,31.9339,130.8665,O,,0.0502,0.0475,0.0406,0.0361,0.0248,0.0213,0.011,0.005,0.0005,0.0007,-0.0024,-0.0019,-0.002,-0.002,-0.0003,-0.0026,-0.0022,-0.0023,-0.0039,-0.0037,-0.0036,-0.0054,-0.0063,-0.0054,-0.0031,-0.0003,0.0012,0.0028,0.0042
2022-11-08,31.9339,130.8665,S,0.0861,0.0676,0.0366,0.0212,0.0208,0.0114,-0.0009,-0.0066,-0.0056,-0.0077,-0.0077,-0.0089,-0.0088,-0.0188,-0.0052,-0.0047,0.0005,0.0064,0.0112,0.0166,0.0211,0.0222,0.0205,0.0151,0.014,0.0026,0.0053,-0.0004,-1e-04,-0.0041
2022-11-08,31.9339,130.8665,SE,,0.1284,0.1139,0.0697,0.0302,-0.0112,-0.0171,-0.0269,-0.0305,-0.0355,-0.0406,-0.046,-0.0501,-0.0533,-0.0585,-0.0558,-0.046,-0.0295,-0.0106,0.0002,0.0078,0.0153,0.0176,0.0228,0.0301,0.0416,0.0493,0.0459,0.0518,0.0295
2022-11-08,31.9339,130.8665,SO,,0.0459,0.0273,0.0193,0.0115,0.0086,0.0052,0.0032,0.0003,0.0008,-0.0035,0.0059,0.0032,0.0024,0.0015,0.0049,-0.0009,0.0005,0.0013,-0.0021,-1e-04,-0.0013,0.0002,0.0003,0.0031,0.0003,0.0046,0.0023,0.0018,0.0009
2022-11-16,31.9328,130.8677,E,,,0.0888,0.0809,0.0779,0.0726,0.0708,0.0649,0.0548,0.0483,0.0309,0.0225,0.0084,0.0015,0.0018,-0.0081,-0.0102,-0.0201,-0.0082,-0.0066,-0.0049,-0.0049,-0.006,-0.005,-0.0016,-0.0018,-0.0002,-0.0023,-0.0025,-0.001
2022-11-16,31.9328,130.8677,N,-0.0525,,-0.0537,-0.0539,-0.052,-0.0526,-0.0486,-0.0364,-0.0112,-0.0028,0.0075,0.0312,0.0416,0.0315,0.0302,0.0244,0.0256,0.0192,0.0136,0.0091,0.0027,-0.0198,-0.0227,-0.021,-0.02,-0.0158,-0.0134,-0.0101,-0.0044,-0.0072
2022-11-16,31.9328,130.8677,NE,,,,0.0343,0.0256,0.0285,0.0275,0.0287,0.0246,0.0223,0.0128,0.0143,0.007,0.0041,-0.0021,0.0073,-0.0055,-0.0008,0.0035,-0.0132,-0.0026,-0.0141,-0.0054,-0.0088,-0.0076,-0.0062,-0.0043,-0.0025,-0.001,0.0045
2022-11-16,31.9328,130.8677,NO,,0.0477,0.0428,0.0378,0.0336,0.0315,0.0276,0.0218,0.0188,0.0114,0.0077,0.0017,0.003,-0.0015,-0.0056,-0.0064,-0.0047,-0.0064,-0.0017,-0.0004,-0.0021,-0.0012,-0.0018,-0.0013,-1e-04,0.0024,0.0044,0.0038,0.0035,0.0047
2022-11-16,31.9328,130.8677,O,,0.0289,0.0271,0.0213,0.0146,0.0094,0.0056,0.0043,0.0017,0.0049,0.0055,0.0046,0.0006,-0.0025,-0.0054,-0.0059,-0.0065,-0.0071,-0.0069,-0.006,-0.0053,-0.0042,-0.0037,-0.0031,-0.0029,-0.0024,-0.0022,-0.0018,-0.0022,-0.0008
2022-11-16,31.9328,130.8677,S,,,,0.0679,0.0591,0.0454,0.0362,0.0393,0.0266,0.0275,0.0338,0.0341,0.036,0.029,0.0218,0.0212,0.0044,0.0022,0.0014,-0.0255,0.0084,0.0117,0.0117,0.0012,-0.0027,-0.0016,-0.011,-0.0142,-0.0213,-0.0273
2022-11-16,31.9328,130.8677,SE,,,0.099,0.1012,0.0997,0.0968,0.0917,0.0797,0.0596,0.0282,-0.0089,-0.011,-0.0132,-0.0155,-0.0166,-0.0177,-0.0188,-0.0199,-0.0206,-0.0216,-0.0221,-0.0192,-0.0169,-0.0146,0.0107,0.013,0.0152,0.025,0.0315,0.0441
2022-11-16,31.9328,130.8677,SO,,,,0.0347,0.0277,0.0193,0.013,0.0073,0.0062,0.0069,0.0072,0.0082,0.0034,0.0058,-0.0003,1e-04,-0.0051,-0.002,-0.0043,-0.0043,-0.0026,-0.0028,-0.0028,-0.0035,-0.0016,0.0003,0.0006,0.0035,0.0024,0.0025
2023-01-11,31.9326,130.8626,E,0.06,0.0565,0.0474,0.0351,,0.0159,,,,,,,,,,,,,,,,,,,,,,,,
2023-01-11,31.9326,130.8626,N,0.0295,0.0256,0.0193,0.0218,0.018,0.0132,0.0098,0.0026,-0.001,0.0002,0.0005,0.004,0.0047,,,,,,,,,,,,,,,,,
2023-01-11,31.9326,130.8626,NE,,0.0566,0.0552,0.0502,0.0474,0.0438,,,,,,,,,,,,,,,,,,,,,,,,
2023-01-11,31.9326,130.8626,NO,,0.0371,0.0295,0.0248,0.0202,0.0155,0.0109,0.0051,0.0019,-0.0,-0.0008,1e-04,0.0004,0.0019,0.0037,0.0012,,,,,,,,,,,,,,
2023-01-11,31.9326,130.8626,O,0.0436,0.0413,0.0374,0.033,0.0273,0.0213,0.0148,0.0112,0.0078,0.0032,0.0025,0.0014,-0.0016,-0.0028,-0.0035,-0.004,-0.0053,-0.0056,-0.0042,-0.0048,-0.0041,-0.0034,-0.0026,-0.003,-0.0025,-0.0014,-1e-04,0.0035,0.0053,0.0061
2023-01-11,31.9326,130.8626,S,0.0273,0.0248,0.0209,0.023,0.0212,0.017,0.016,0.0161,0.0142,0.0158,0.0104,0.008,-0.0086,-0.0136,-0.0162,-0.0212,-0.019,-0.0168,-0.0145,-0.0102,-0.0078,-0.0045,-0.0037,-0.0011,0.0012,,,,,
2023-01-11,31.9326,130.8626,SE,,0.0493,0.0444,0.0378,0.0245,0.0182,0.014,0.0068,0.0081,0.0117,-0.0002,0.0016,-0.0013,-0.0037,-0.0082,-0.0062,-0.0068,-0.0058,-0.0049,-0.0038,-0.0009,0.0021,0.0048,0.0042,0.006,0.0041,0.0034,0.0052,,0.006
2023-01-11,31.9326,130.8626,SO,,0.0143,0.0116,0.0116,0.0095,0.0072,0.0054,0.0027,0.0019,0.0003,0.0012,0.0018,0.004,0.0047,0.004,0.0034,0.0033,0.0021,-0.0004,-0.0012,-0.002,-0.0027,-0.0024,-0.0017,-0.0018,-1e-04,0.0003,0.0024,0.0031,-0.0018
2023-02-25,31.9378,130.8593,E,,0.0802,0.0757,0.0699,0.0534,0.0349,0.0272,0.0004,-0.0113,-0.0024,0.0016,0.0034,-0.001,0.0021,0.0045,-0.0003,0.0009,-0.0002,-0.0068,-0.011,-0.0146,-0.0159,-0.0121,-0.0073,-0.0031,-0.0033,0.006,0.0044,0.0115,0.0182
2023-02-25,31.9378,130.8593,N,,0.1004,0.0963,0.0877,0.0788,0.0738,0.0744,0.0603,0.0438,-0.0089,-0.0093,-0.0096,-0.0094,-0.0096,-0.0098,-0.0108,-0.0129,-0.014,-0.0146,-0.0166,-0.0239,-0.0312,-0.0375,-0.0308,-0.0161,0.008,0.0233,0.032,0.0383,0.0429
2023-02-25,31.9378,130.8593,NE,0.0387,,0.0403,0.049,0.0461,0.0426,0.0412,0.0391,0.0421,0.0418,0.0325,0.0325,0.0282,0.028,0.0276,0.026,0.021,0.0087,0.0043,-0.0039,-0.0082,-0.0177,-0.0173,-0.0199,-0.0174,-0.0125,-0.0112,-0.0082,-0.0045,-0.0023
2023-02-25,31.9378,130.8593,NO,0.1083,,0.1046,0.076,0.071,0.0536,0.0446,0.0316,0.0223,-0.001,-0.0131,-0.0182,-0.0259,-0.0275,-0.0339,-0.0337,-0.0374,-0.0339,-0.0369,-0.0187,0.0012,0.0119,0.0164,0.0209,0.0214,0.0255,0.0274,0.0308,0.0321,0.0309
2023-02-25,31.9378,130.8593,O,,0.0845,0.0808,0.0709,0.0675,0.0611,0.0585,0.0231,0.01,0.0022,-0.0078,-0.0125,-0.021,-0.0125,-0.0102,-0.0072,-0.0088,0.0012,-0.0033,0.0075,-0.0016,0.0002,-0.0027,0.0004,0.0033,0.003,0.0022,0.0008,0.0038,0.0036
2023-02-25,31.9378,130.8593,S,,0.0765,0.0479,-0.0009,-0.0074,-0.0081,-0.0086,-0.0091,-0.0029,0.002,0.0061,0.0029,0.0056,0.006,0.0045,-0.0033,-0.0005,-0.003,0.0017,0.0005,-0.0004,-0.0003,-0.0011,0.0007,-0.0006,0.003,0.0038,0.0041,0.0046,0.0062
2023-02-25,31.9378,130.8593,SE,0.0763,0.064,0.0573,0.015,0.0171,-0.0219,-0.0281,-0.028,-0.0277,-0.0234,-0.0018,0.0023,0.0074,0.0121,0.0121,0.0162,0.0162,0.0163,-0.0043,-0.0189,-0.025,-0.0133,-0.0045,-0.0225,-0.0225,-0.0045,-0.0002,0.0033,0.0107,0.0092
2023-02-25,31.9378,130.8593,SO,0.1226,0.0818,0.0741,0.0453,0.0526,0.0028,-0.0013,-0.0024,-0.0054,-0.0065,-0.0057,-0.0098,-0.0067,-0.0075,1e-04,0.0031,0.0012,0.0012,-0.0002,0.0035,-0.0008,-0.0026,0.0006,1e-04,-0.0005,0.0015,0.0009,-0.0017,0.0027,-0.0008
2023-03-08,31.9339,130.8665,E,0.109,0.0937,0.0858,0.0663,0.04,0.0091,-0.0139,-0.0204,-0.0212,-0.0215,-0.0216,-0.0224,-0.022,-0.0221,-0.0226,-0.0221,-0.0229,-0.0225,-0.0062,0.0015,0.0056,0.0075,0.0052,-0.002,-0.0009,-0.0007,-0.0016,-0.0007,-0.0031,-0.0042
2023-03-08,31.9339,130.8665,N,0.0192,0.011,0.0113,0.0113,0.0073,0.0033,-0.004,-0.0058,-0.0068,-0.0069,-0.0047,-0.0008,0.011,0.0087,0.019,0.0329,0.0443,0.0381,0.0325,0.036,0.0341,0.0252,0.0098,0.0043,-0.0138,-0.0078,-0.0234,-0.0276,-0.0321,-0.0385
2023-03-08,31.9339,130.8665,NE,,0.0636,0.0551,0.052,0.0502,0.0402,0.0387,0.0344,0.0271,0.0195,0.02,0.0056,0.0041,0.0032,0.0015,-0.0026,-0.0055,-0.0049,-0.0046,-0.0053,-0.0046,-0.0026,0.0008,-0.0002,0.0033,0.0033,0.0061,0.0063,0.0047,0.0032
2023-03-08,31.9339,130.8665,NO,,0.0098,0.0107,0.0152,0.0178,0.0181,0.0165,0.0108,0.0083,0.0075,0.0084,0.0071,0.0109,0.0105,0.0085,0.0048,0.0025,-0.0022,-0.0058,-0.0094,-0.0085,-0.0124,-0.007,-0.0118,-0.0065,-0.0081,-0.0091,-0.0048,-0.0035,0.0033
2023-03-08,31.9339,130.8665,O,,0.0507,0.0503,0.044,0.0419,0.0291,0.0258,0.0139,0.0059,0.0006,0.0018,-0.0009,-0.0009,-0.0011,-1e-04,0.0013,-0.002,-0.0025,-0.0034,-0.0069,-0.007,-0.008,-0.0083,-0.0081,-0.0058,-0.0021,0.0018,0.0045,0.0059,0.0083
2023-03-08,31.9339,130.8665,S,0.1046,0.0866,0.0536,0.0365,0.0361,0.0262,0.0124,0.004,0.0026,-0.0016,-0.0016,-0.008,-0.0125,-0.0155,-0.0154,-0.0123,-0.0136,-0.0118,-0.0069,-0.0053,-0.0016,0.0076,0.0185,1e-04,0.0035,-0.0048,-0.006,-0.0158,-0.0136,-0.0156
2023-03-08,31.9339,130.8665,SE,,0.1102,0.0951,0.0519,0.0117,-0.0249,-0.0288,-0.0353,-0.0377,-0.0411,-0.0444,-0.048,-0.0508,-0.0529,-0.0563,-0.0547,-0.0474,-0.0275,-0.0141,-0.0065,-0.003,-0.0032,0.0048,0.0127,0.0297,0.046,0.0562,0.0554,0.0647,0.0326
2023-03-08,31.9339,130.8665,SO,,0.0522,0.0337,0.0239,0.0187,0.0132,0.008,0.0067,0.0032,0.0025,-0.0036,0.0053,0.0036,0.003,0.0035,0.0061,0.002,0.0026,0.0025,-0.001,0.0002,-0.004,-0.0042,-0.0022,0.004,-0.003,0.005,0.0022,0.0013,0.0022
2023-04-09,31.9389,130.8609,E,,0.1129,0.109,0.1032,0.095,0.0844,0.0728,0.0653,0.0508,0.0362,0.0251,0.0119,0.0054,-0.0016,-0.0095,-0.0206,-0.0304,-0.0297,-0.0261,-0.0224,-0.0199,-0.0193,-0.014,-0.0061,-0.0047,-0.0015,0.004,0.0109,0.0148,0.0197
2023-04-09,31.9389,130.8609,N,,0.0969,0.0943,0.0904,0.088,0.0827,0.0795,0.0773,0.0673,0.0449,0.0206,-1e-04,0.0004,-0.0174,-0.0281,-0.0282,-0.0284,-0.0301,-0.02,-0.0193,0.0101,0.0107,0.0105,0.0111,0.0116,0.0134,-0.0031,-0.0014,-0.0006,-0.0017
2023-04-09,31.9389,130.8609,NE,0.1039,0.1044,0.1019,0.0993,0.0937,0.0864,0.0799,0.0744,0.0653,0.0551,0.0437,0.0276,0.0148,0.0008,-0.0096,-0.0217,-0.0262,-0.027,-0.0261,-0.0226,-0.0194,-0.0166,-0.0151,-0.0109,0.0041,0.0087,0.0068,0.0064,-0.0039,-0.0051
2023-04-09,31.9389,130.8609,NO,0.11,0.1087,0.1072,0.1062,0.1024,0.0992,0.0936,0.0774,0.0623,0.0477,0.0226,0.0049,-0.0137,-0.0245,-0.0383,-0.0439,-0.0471,-0.0499,-0.0513,-0.0462,-0.0299,-0.018,0.0077,0.0192,0.0204,0.0275,0.0268,0.0364,0.0346,0.0364
2023-04-09,31.9389,130.8609,O,,0.1076,0.1044,0.0999,0.0937,0.0853,0.0747,0.0641,0.0528,0.0435,0.0377,0.0224,0.0152,0.0107,0.0056,-0.0075,-0.0104,-0.0057,-0.0017,0.0017,0.0075,0.0125,0.0034,0.0017,-0.0037,-0.004,-0.0057,-0.0084,-0.0103,-0.0088
2023-04-09,31.9389,130.8609,S,,0.1321,0.1101,0.0848,0.061,0.068,0.0504,0.0175,-0.01,-0.0167,-0.0152,-0.0148,-0.0108,0.0067,0.0225,0.0111,0.0116,0.0086,0.0025,-0.0048,-0.0089,-0.0137,-0.013,-0.0098,-0.009,-0.0056,-0.005,-0.0032,-0.0023,0.0007
2023-04-09,31.9389,130.8609,SE,0.1118,0.1124,0.107,0.0799,0.0636,0.0456,0.0296,0.0148,0.0004,-0.0055,-0.0053,-0.0061,-0.003,-0.0033,0.0054,-0.0013,0.0032,-0.0118,0.0121,0.0096,0.0071,0.0017,-0.0037,-0.0009,-0.0052,0.0014,-0.002,-0.0041,-0.0029,0.0013
2023-04-09,31.9389,130.8609,SO,0.1459,0.1418,0.1388,0.1195,0.1023,0.0916,0.1263,0.1184,0.0564,0.0482,0.0245,0.0101,-0.0002,-0.0078,-0.0141,-0.0163,-0.0177,-0.0168,-0.0156,-0.014,-0.0113,-0.0088,-0.0075,-0.0045,-0.0032,-0.0012,0.0015,0.0025,0.0043,0.0064
2023-04-17,31.9389,130.8606,E,0.0968,0.0953,0.0904,0.0819,0.0719,0.0615,0.0546,0.0422,0.0225,0.0304,0.0177,0.0133,0.0079,0.0027,-0.0018,-0.0146,-0.0254,-0.0241,-0.0264,-0.0194,-0.0163,-0.0136,-0.0104,-0.0036,-0.0028,0.0019,0.0045,0.0101,0.0117,0.0152
2023-04-17,31.9389,130.8606,N,,0.0688,0.0686,0.0681,0.0679,0.068,0.0659,0.0608,0.0592,0.0485,0.0287,0.0064,-0.0047,-0.0064,-0.0241,-0.0293,-0.0255,-0.0217,-0.0099,-0.0173,-0.0141,0.013,0.0118,0.0153,0.0158,0.0139,0.0119,-0.0048,-0.0056,-0.0047
2023-04-17,31.9389,130.8606,NE,0.0856,0.0845,0.0853,0.0823,0.0763,0.0681,0.0649,0.0602,0.0553,0.0483,0.041,0.0282,0.0138,0.0049,-0.0041,-0.013,-0.0199,-0.0237,-0.0229,-0.0213,-0.0181,-0.0149,-0.0128,-0.0087,-0.0042,0.0087,0.0068,0.0073,1e-04,-0.0057
2023-04-17,31.9389,130.8606,NO,0.0833,0.0816,0.0788,0.077,0.077,0.0765,0.0755,0.0676,0.0553,0.039,0.0274,0.0146,0.0002,-0.0087,-0.0184,-0.0343,-0.0462,-0.0452,-0.0478,-0.0477,-0.0241,-0.0183,-0.0081,0.0121,0.018,0.0225,0.0323,0.035,0.034,0.0322
2023-04-17,31.9389,130.8606,O,0.0997,0.0976,0.0948,0.0901,0.0785,0.0736,0.0709,0.066,0.0546,0.0458,0.0416,0.0295,0.0222,0.015,0.0064,-0.0126,-0.0112,-0.0032,0.0033,-0.0005,0.0103,0.0076,0.0025,-0.003,-0.0033,-0.0053,-0.005,-0.0162,-0.0105,-0.0137
2023-04-17,31.9389,130.8606,S,,0.0821,0.0716,0.0635,0.0635,0.0443,0.0168,-0.007,-0.0124,-0.0173,-0.0147,-0.0114,0.0058,0.02,0.0042,0.0055,0.0044,0.0029,0.0006,-0.0054,-0.0089,-0.0085,-0.0116,-0.0091,-0.0078,-0.0066,-0.0037,-0.0024,-0.0005,0.0031
2023-04-17,31.9389,130.8606,SE,,0.0934,0.0655,0.051,0.046,0.0317,0.0158,0.0009,-0.0029,-0.0036,-0.0027,-0.0065,0.0012,-0.0004,0.0118,0.0038,0.0177,0.0145,0.013,0.0088,0.0002,0.0004,-0.0017,-0.0045,-0.0017,-0.0022,-0.0108,-0.008,-0.0058,0.0051
2023-04-17,31.9389,130.8606,SO,,0.1314,0.1129,0.0912,0.0835,0.0773,0.109,0.0501,0.0307,0.0305,0.0059,0.0024,-0.0026,-0.0061,-0.0089,-0.0092,-0.009,-0.0088,-0.0091,-0.008,-0.0073,-0.0056,-0.004,-0.0027,-0.0019,-0.0009,0.0008,0.0029,0.0048,0.0074
2023-11-03,31.9391,130.8631,E,,0.0997,0.1003,0.1047,0.1035,0.0989,0.0889,0.0788,0.0628,0.0437,0.0216,0.0033,-0.0041,-0.0118,-0.0205,-0.0212,-0.0207,-0.0206,-0.0182,-0.0167,-0.0156,-0.0035,-0.0029,-0.0006,0.0009,1e-04,0.0033,0.0064,0.0097,0.0124
2023-11-03,31.9391,130.8631,N,,0.0938,0.0805,0.065,0.0549,0.054,0.0326,0.0213,0.0119,0.0009,0.0081,-0.0104,-0.0144,0.0058,0.0063,0.0065,0.0031,0.0053,0.006,-0.0073,-0.0025,-0.0007,-0.0017,-0.0034,-0.0012,-0.0028,-0.0015,1e-04,0.0011,0.0048
2023-11-03,31.9391,130.8631,NE,0.1003,0.0946,0.0936,0.0836,0.0775,0.0721,0.064,0.06,0.0203,0.0075,-0.002,-0.0138,-0.018,-0.0192,-0.0162,-0.0149,-0.0134,-0.0123,0.0077,0.0097,0.0115,0.0125,0.0128,-0.0037,-0.0028,-0.0037,-0.0032,-0.0012,0.0004,0.0009
2023-11-03,31.9391,130.8631,NO,0.1038,0.093,0.0843,0.0666,0.0488,0.027,0.0002,-0.0147,-0.0333,-0.0388,-0.043,-0.0468,-0.0514,-0.0545,-0.0576,-0.0589,-0.0488,-0.028,-0.0127,0.0029,0.0204,0.023,0.0331,0.0203,0.0278,0.0263,0.0268,0.0335,0.0304,0.0353
2023-11-03,31.9391,130.8631,O,,0.1198,0.1196,0.114,0.1049,0.093,0.0671,0.041,0.0159,-0.0121,-0.018,-0.0218,-0.0249,-0.0294,-0.0351,-0.0409,-0.0495,-0.0607,-0.052,-0.0298,0.0013,0.0223,0.0296,0.0291,0.0269,0.0275,0.0278,0.0263,0.0271,0.0279
2023-11-03,31.9391,130.8631,S,,0.0807,0.0728,0.0731,0.0756,0.0839,0.0784,0.0824,0.0831,0.0797,0.041,0.0152,0.0275,0.0219,-0.0125,-0.0256,-0.0303,-0.0299,-0.0306,-0.0248,-0.0087,0.0024,0.0028,0.0016,-0.0011,0.0002,-0.0086,-0.014,-0.0157,-0.0168
2023-11-03,31.9391,130.8631,SE,0.0913,0.0913,0.0907,0.0925,0.0965,0.0979,0.0966,0.0922,0.0839,0.07,0.0561,0.0239,0.002,1e-04,-0.0162,-0.0149,-0.0235,-0.0177,-0.0312,-0.0384,-0.032,-0.0309,-0.0277,-0.0195,-0.0085,0.0061,0.0113,0.0098,0.0134,0.0124
2023-11-03,31.9391,130.8631,SO,0.0834,0.0838,0.0783,0.0729,0.0665,0.0671,0.0637,0.0617,0.0562,0.0442,0.0259,0.0102,0.0023,0.0091,0.0213,0.0134,-0.0122,-0.0192,-0.0136,-0.0135,-0.0106,-0.0085,-0.0021,-0.0022,-0.0021,-0.0021,-0.0066,-0.0109,-0.0055,-0.0115
2023-12-29,31.9325,130.8674,E,,0.0891,0.0833,0.0772,0.0747,0.0693,0.0696,0.0629,0.0512,0.0444,0.0307,0.0103,-0.0322,-0.0443,-0.0382,-0.0061,,,,,,,,,,,,,0.0062,
2023-12-29,31.9325,130.8674,N,-0.0137,-0.0111,-0.0143,-0.0203,-0.0218,-0.0189,-0.0223,-0.0197,-0.0147,0.003,0.0111,0.0152,0.0377,0.0353,0.0253,0.0144,0.0144,0.0082,-0.0016,-0.0095,-0.0117,-0.0269,-0.023,-0.0277,-0.0188,-0.0087,0.0025,0.0184,0.021,0.0142
2023-12-29,31.9325,130.8674,NE,,0.0469,0.0373,0.0292,0.0237,0.0135,0.0143,0.0125,0.007,0.0118,0.0021,0.0056,0.0026,-0.0042,-0.0032,0.0005,0.0185,-0.0068,0.0068,-0.0052,-0.0083,-0.0122,-0.0145,-0.0164,-0.0166,-0.0193,,,,
2023-12-29,31.9325,130.8674,NO,,0.0519,0.0466,0.0399,0.0344,0.03,0.0289,0.0219,0.0177,0.0131,0.0104,0.006,0.0019,0.0006,-0.0024,-0.0034,-0.0072,-0.0045,-0.0033,-0.0029,-0.0025,-0.0034,-0.0027,0.0006,0.0002,0.0035,0.0031,0.0037,0.0006,0.0041
2023-12-29,31.9325,130.8674,O,,0.0346,0.026,0.0209,0.0154,0.0114,0.0048,0.0026,0.0019,0.0043,0.0032,0.0003,-0.0009,-0.0023,-0.0035,-0.0041,-0.0047,-0.0047,-0.006,-0.0044,-0.0042,-0.0042,-0.0032,-0.0025,-0.002,-0.0011,-0.0009,-0.0009,0.0,-0.0012
2023-12-29,31.9325,130.8674,S,0.0478,0.0479,0.0433,0.0334,0.0223,0.018,0.0215,0.0177,0.0224,0.0234,0.0219,0.0225,0.0235,0.0234,0.0239,0.0293,0.0182,0.0214,0.0168,0.0138,0.0129,0.0064,0.0018,-0.0007,-0.0035,-0.0065,-0.0108,-0.0153,-0.0192,-0.0208
2023-12-29,31.9325,130.8674,SE,,0.1273,0.1196,0.1158,0.1096,0.1016,0.0896,0.0781,0.056,0.0404,-0.0082,-0.0286,-0.0246,-0.0206,-0.0177,-0.0137,-0.01,-0.0075,-0.0133,-0.0054,-0.0055,0.0016,0.0035,0.0067,0.0096,0.0099,0.0099,0.0096,0.0094,0.0129
2023-12-29,31.9325,130.8674,SO,,0.034,0.0274,0.017,0.0105,0.0101,0.0033,0.0046,0.0023,0.0028,0.0019,0.0029,0.001,0.0006,0.0005,-0.001,-0.0016,-0.0027,-0.0016,-0.0028,-0.001,-0.0021,-0.0021,-0.0015,0.0022,0.0018,0.002,-0.0002,0.0006,1e-04
2024-01-14,31.9339,130.8662,E,0.112,0.0975,0.0805,0.0645,0.0333,-0.0006,-0.0238,-0.0269,-0.0325,-0.039,-0.0409,-0.0449,-0.0429,-0.0426,-0.0325,-0.0067,-0.0005,0.0051,0.0135,0.0209,0.0204,0.025,0.0175,0.0133,0.011,0.0085,0.0058,0.0072,0.0081,0.0075
2024-01-14,31.9339,130.8662,N,,,,,,,,,,,,,,0.0265,0.027,0.0123,0.0193,0.0057,-0.0065,-0.0072,0.0006,0.0075,0.0238,0.0142,-0.0019,-0.0053,-0.009,-0.0097,-0.0145,-0.0122
2024-01-14,31.9339,130.8662,NE,,,,,,,,,,,,,,,0.0242,0.0148,0.0101,0.0072,0.005,0.0036,0.0032,-0.0018,0.0007,-0.0013,-0.0013,0.0006,0.0024,0.0002,0.0017,0.0017
2024-01-14,31.9339,130.8662,NO,,,,,,,,,,,,,,0.0236,0.0158,0.0129,0.0075,0.0034,0.0,-0.003,-0.0051,-0.0052,-0.0066,-0.0047,-0.0055,-0.0058,-0.0025,-0.0034,0.0012,0.0018
2024-01-14,31.9339,130.8662,O,0.038,,,,,,,,,0.0054,,0.0058,0.0042,0.0029,0.0016,0.0036,0.0025,0.002,0.0011,0.0,-0.0007,-0.0018,-0.0037,-0.0029,-0.0028,-0.0031,-0.001,-0.0006,1e-04,-0.0
2024-01-14,31.9339,130.8662,S,,,,,,0.0051,0.0249,-0.0073,-0.0215,-0.0296,-0.0347,-0.0171,-0.04,-0.0405,-0.0405,-0.0407,-0.0407,-0.0226,-0.04,-0.0406,-0.0405,-0.0132,0.0159,0.0162,0.0116,0.0133,0.0132,0.0148,0.0182,0.0223
2024-01-14,31.9339,130.8662,SE,,,0.0932,0.0754,0.0287,0.0048,-0.0126,-0.0152,-0.0181,-0.0201,-0.0231,-0.0245,-0.0269,-0.0292,-0.0301,-0.0268,-0.0252,-0.0154,-0.0004,0.011,0.019,0.0352,0.0509,0.0598,0.0697,,,0.0581,0.0518,0.0498
2024-01-14,31.9339,130.8662,SO,,,,,,,,,,,,,,,0.0071,0.0064,0.0042,0.0037,0.0006,-0.0007,-0.0034,-0.0046,-0.0039,-0.0041,-0.0037,0.0032,0.0041,0.0009,0.0005,-0.0002
2024-03-18,31.9391,130.8615,E,0.0996,0.1018,0.1029,0.1012,0.1024,0.0959,0.0839,0.0729,0.0639,0.0424,0.0195,0.0007,-0.0105,-0.0151,-0.0247,-0.0285,-0.0275,-0.0275,-0.0203,-0.017,-0.0134,-0.0055,-0.0063,-0.0007,-0.0011,0.002,0.0061,0.0092,0.0121,0.0153
2024-03-18,31.9391,130.8615,N,,0.0783,0.0765,0.0709,0.0722,0.0673,0.0577,0.048,0.0379,0.0242,0.0248,0.0088,-0.0022,-0.0084,-0.0076,-0.0091,-0.0105,-0.013,0.0017,0.0039,0.0011,0.0063,0.0068,0.0072,0.0039,0.0033,0.0064,0.0006,-0.0006,-0.0068
2024-03-18,31.9391,130.8615,NE,,0.0859,0.0835,0.0803,0.0827,0.0788,0.0756,0.0696,0.0562,0.0431,0.0282,0.0008,-0.0135,-0.0171,-0.0258,-0.0272,-0.0253,-0.0208,-0.0174,-0.0142,-0.0117,-0.0088,0.007,0.0098,0.0099,0.009,-0.0011,-0.0037,-0.0038,-0.0046
2024-03-18,31.9391,130.8615,NO,0.0969,0.0958,0.0906,0.085,0.0764,0.072,0.0606,0.0525,0.0389,0.0234,0.0042,-0.0059,-0.0257,-0.0344,-0.0364,-0.0379,-0.0394,-0.0411,-0.0429,-0.0443,-0.033,-0.0156,0.0015,0.0128,0.0249,0.0298,0.0348,0.0387,0.0401,0.0415
2024-03-18,31.9391,130.8615,O,,0.0784,0.0729,0.0672,0.0604,0.0579,0.0498,0.0403,0.0266,0.0163,0.0044,-0.0024,-0.013,-0.02,-0.0254,-0.0282,-0.0395,-0.0365,-0.0292,-0.0196,-0.0026,0.0125,0.0205,0.0228,0.0213,0.0224,0.0242,0.0191,0.0128,0.0085
2024-03-18,31.9391,130.8615,S,,0.1079,0.107,0.1044,0.0983,0.0627,0.0345,0.0364,0.0271,-0.0026,-0.0115,-0.0108,-0.0102,-0.0116,-0.0113,-0.0005,0.0056,0.0035,0.0041,0.0046,0.0078,-0.0025,-0.0039,-0.0032,-0.0035,-0.0026,-0.0016,-0.0025,0.002,0.0007
2024-03-18,31.9391,130.8615,SE,0.1037,0.1042,0.1027,0.1025,0.0952,0.0832,0.0549,0.0315,0.0134,-0.0022,0.0053,0.0021,0.0006,-0.002,-0.0049,-0.0073,-0.0119,-0.0063,-0.0193,-0.0168,-0.0039,-0.0069,-0.003,-0.0004,-0.0021,-0.0017,-0.0011,-0.004,0.0013,0.0046
2024-03-18,31.9391,130.8615,SO,0.1087,0.1077,0.1077,0.104,0.0984,0.0848,0.0691,0.0696,0.0714,0.0759,0.05,0.0258,0.0107,0.003,-0.0058,-0.0111,-0.0122,-0.0124,-0.0132,-0.013,-0.0129,-0.0117,-0.0095,-0.0066,-0.0027,0.0015,-0.0007,0.0006,0.0019,0.0041
2024-05-29,31.9378,130.8599,E,0.0192,0.0206,0.0203,0.0209,0.0129,0.016,0.006,0.0033,0.0196,-0.0031,-0.0033,0.0009,0.0109,0.0107,0.0064,0.0032,-0.0002,-0.0032,-0.0015,-0.0121,-0.0156,-0.0153,-0.0135,-0.0059,-0.0033,-0.0011,-0.0005,0.0011,0.0038,0.0073
2024-05-29,31.9378,130.8599,N,,0.047,0.048,0.0524,0.0497,0.0471,0.0419,0.0292,0.0254,0.0228,0.0228,0.0197,0.0135,-0.0082,-0.0173,-0.0149,-0.0223,-0.0214,-0.0303,-0.0253,-0.0217,-0.013,-0.0051,0.0034,0.009,0.012,0.0083,0.0052,0.0006,-0.0162
2024-05-29,31.9378,130.8599,NE,,0.0622,0.0701,0.0713,0.069,0.0657,0.0589,0.0536,0.0477,0.0466,0.0485,0.0499,0.0504,0.045,0.0429,0.0352,0.0274,0.015,0.0044,-0.0111,-0.0246,-0.031,-0.0339,-0.0331,-0.0305,-0.0273,-0.0232,-0.0212,-0.0171,0.0091
2024-05-29,31.9378,130.8599,NO,0.0794,0.0562,0.0536,0.054,0.0527,0.0587,0.0433,0.0378,0.0311,0.0199,0.016,0.0136,0.0013,-0.0027,-0.0055,-0.0115,-0.007,-0.0042,-0.0019,0.0057,0.0042,-0.0008,-0.0017,0.0051,-0.0049,-0.0023,-0.0023,-0.0091,-0.0062,-0.0086
2024-05-29,31.9378,130.8599,O,,0.1011,0.0922,0.0831,0.0767,0.07,0.0641,0.0326,0.0295,0.025,0.0226,-0.0032,-0.0017,-0.0016,-0.0018,-0.003,-0.0043,-0.0061,-0.0076,-0.0077,-0.0067,-0.0056,-0.0029,-0.0003,-0.0006,-0.0007,-0.0003,0.0013,0.0028,0.0037
2024-05-29,31.9378,130.8599,S,,0.0573,0.0519,0.0135,0.0043,-0.0004,-0.0003,-0.0006,-0.0031,-0.0037,-0.0039,-0.0067,-0.0049,-0.0003,-0.0041,-0.0049,-0.0058,-0.0087,-0.0073,-0.0089,-0.0085,-0.0062,-0.0049,-0.0021,-0.0026,0.0019,0.0007,0.001,0.0009,0.0021
2024-05-29,31.9378,130.8599,SE,0.0133,0.0139,0.0034,0.0005,-0.0031,-0.0075,-0.0142,-0.0184,-0.0179,-0.0201,-0.017,-0.0103,-0.0056,0.0122,0.021,0.0099,0.0099,0.0058,0.0014,0.0004,0.0021,-0.0013,-0.0013,-0.004,-0.0059,-0.0079,-0.006,-0.0027,0.0018,0.0034
2024-05-29,31.9378,130.8599,SO,0.0968,0.0946,0.0908,0.0851,0.022,0.0174,0.0156,0.0124,0.0087,0.0069,0.0045,0.0002,-0.0026,-0.0036,-0.0035,-0.0038,-0.004,-0.0039,-0.0042,-0.0044,-0.0032,-0.0043,-0.0028,-0.0034,-0.0005,0.001,0.0028,0.0032,0.0047,0.006
2025-02-25,31.9339,130.8665,E,0.104,0.0969,0.0717,0.0574,0.0517,0.0049,0.0012,-0.0047,-0.0057,-0.0062,-0.0062,-0.0073,-0.0068,-0.0074,-0.0082,-0.0076,-0.0089,-0.0081,0.0051,0.0042,0.0043,0.0052,0.0046,-0.0014,-0.003,-0.0046,-0.0066,-0.0048,-0.0078,-0.0091
2025-02-25,31.9339,130.8665,N,0.0182,0.0082,0.0092,0.0044,0.0011,-0.0025,-0.0068,-0.0078,-0.0058,-0.0066,-0.0045,0.0002,0.0084,0.007,0.0129,0.0283,0.0365,0.0344,0.0306,0.035,0.0337,0.0229,0.0061,0.0141,0.0101,0.0031,-0.0129,-0.0334,-0.0363,-0.0397
2025-02-25,31.9339,130.8665,NE,,0.0613,,0.0546,0.0512,0.0427,0.0339,0.0308,0.0226,0.0147,0.016,-0.0015,0.0019,-0.0025,-0.0021,-0.005,-0.0036,-0.002,-0.001,-0.0015,-0.0007,-0.0011,0.006,0.0005,0.002,0.0012,0.002,0.0023,0.0012,0.0002
2025-02-25,31.9339,130.8665,NO,,0.0103,0.0097,0.0126,0.0155,0.013,0.0113,0.009,0.0085,0.0064,0.0066,0.005,0.0082,0.0079,0.007,0.0044,0.0008,-0.0024,-0.0029,-0.0058,-0.0043,-0.0085,-0.0057,-0.0073,-0.0053,-0.0072,-0.0079,-0.0055,-0.0048,-0.0013
2025-02-25,31.9339,130.8665,O,,0.034,0.0323,0.0246,0.0224,0.0127,0.0133,0.005,0.0019,-0.0004,-1e-04,-0.003,-0.0002,1e-04,-0.0003,0.0005,-0.0017,-0.0018,-0.0043,-0.0053,-0.0046,-0.0032,-0.0028,-0.0015,-0.0017,-0.0006,0.0028,0.0032,0.0036,0.0043
2025-02-25,31.9339,130.8665,S,0.081,0.0701,0.0455,0.0211,0.0211,-0.0171,-0.0313,-0.0328,-0.0036,-0.0006,-0.025,-0.0206,-0.0231,-0.0194,-0.0215,-0.0211,-0.0086,0.0352,0.0296,0.0296,0.0278,0.0283,0.0199,0.0135,0.009,-0.0044,-0.0025,-0.0084,-0.0095,-0.0139
2025-02-25,31.9339,130.8665,SE,,0.1339,0.122,0.0889,0.0524,0.0109,0.0026,-0.0111,-0.0163,-0.0233,-0.0304,-0.0381,-0.0439,-0.0484,-0.0522,-0.0487,-0.0385,-0.0073,0.0135,0.0266,0.0296,0.029,0.0152,0.0155,0.0237,0.0277,0.0288,0.0356,0.0353,0.0245
2025-02-25,31.9339,130.8665,SO,,0.0385,0.0248,0.0131,0.0085,0.005,0.0027,0.0008,1e-04,0.0015,-0.0007,0.006,0.0059,0.0067,0.008,0.0077,0.0046,0.0031,0.0014,-0.001,-0.0007,-0.0033,-0.0035,-0.0034,-0.0,-0.0007,0.0039,0.0008,1e-04,-0.0012
