date,center_lat,center_long,direction,15m,45m,75m,105m,135m,165m,195m,225m,255m,285m,315m,345m,375m,405m,435m,465m,495m,525m,555m,585m,615m,645m,675m,705m,735m,765m,795m,825m,855m,885m
2000-02-29,-5.3144,147.105,E,,-0.0016,-0.0076,-0.0072,-0.004,-0.007,-0.0135,-0.0135,-0.0068,-0.0068,0.0061,0.0061,0.0061,0.0061,-0.0004,-0.0004,0.006,-0.0039,-0.0035,-0.0039,-0.0039,-0.002,-0.0039,-0.0002,-0.0039,-0.0039,-0.0039,-0.0039,-0.0039,-0.0039
2000-02-29,-5.3144,147.105,N,,0.0182,0.0092,0.0179,0.0161,0.0154,0.014,0.0111,0.0017,0.0028,-0.0007,0.0077,0.0082,-0.0023,-0.0044,1e-04,-0.0035,-0.004,-0.0036,0.0076,0.0076,-0.004,-0.004,-0.0059,-0.0051,-0.004,-0.0036,-0.0036,-0.004,-0.0041
2000-02-29,-5.3144,147.105,NE,0.0121,-0.0007,0.0014,0.0034,0.0034,0.0054,0.0073,-0.0055,-0.0015,-0.0035,-0.0015,-0.0102,0.0027,0.0027,0.0068,0.0067,0.0067,-0.0041,-0.002,-0.0058,-0.0021,-0.0039,-0.0058,-0.0016,-0.0016,-0.0016,-0.0016,-0.0016,0.002,-0.0016
2000-02-29,-5.3144,147.105,NO,0.0028,-0.01,-0.0126,-0.0124,-0.0014,-0.013,-0.0129,-0.0012,-0.0071,-0.0071,-0.0127,-0.0012,-0.0069,-0.0069,-0.0127,-0.0127,-0.0127,-0.0127,-0.0011,-0.0127,-0.0127,-0.0127,-0.0127,-0.0011,-0.0127,-0.0127,-0.0126,-0.0127,-0.0127,-0.0127
2000-02-29,-5.3144,147.105,O,,-0.0003,-0.0022,-0.0084,-0.0027,-0.0087,-0.0087,-0.0087,-0.0086,0.003,0.003,-0.0086,-0.0086,-0.0086,0.003,0.003,0.003,-0.0028,-0.0086,-0.0086,0.003,0.0031,0.0031,0.003,0.003,0.0031,0.0031,0.0031,0.003,0.0031
2000-02-29,-5.3144,147.105,S,,0.0118,0.0114,-0.0006,-0.007,-0.0013,-0.0012,0.0112,0.0119,0.0119,0.0051,-0.0012,-0.0013,-0.0008,-0.0017,-0.0025,-0.0025,-0.0027,-0.0022,-0.0036,-0.0036,-0.0027,-0.0013,0.0082,-0.0019,-0.003,-0.0034,-0.0034,-0.0021,-0.0018
2000-02-29,-5.3144,147.105,SE,0.0192,0.0065,-0.0048,-0.0024,-0.0017,-0.0017,-0.0017,-0.0017,0.0007,0.0007,-1e-04,0.0015,0.0015,0.0079,0.0015,0.0031,0.0031,-0.0097,-0.0097,-0.0097,0.0031,0.0039,0.0176,0.0048,0.0048,0.0048,-0.012,-0.012,-0.012,-0.012
2000-02-29,-5.3144,147.105,SO,0.0279,,0.026,0.0141,0.0007,0.0121,0.0124,0.0119,0.0118,0.0118,0.0118,0.0118,0.0118,0.0118,0.0119,0.0119,0.0119,0.0235,0.0235,0.0119,0.0119,0.0236,0.0236,0.0236,0.0119,0.0119,0.0119,0.012,0.0178,0.0236
2000-04-17,-5.3144,147.105,E,,-0.0047,0.0033,-0.0053,-0.0053,-0.0054,-0.0054,0.0028,-0.0054,0.0027,0.0108,0.0108,-0.0055,-0.0055,-0.0056,-0.0055,0.0108,0.0108,0.0109,0.0108,-0.0055,-0.0057,-0.0057,-0.0056,-0.0056,-0.0056,-0.0056,0.0107,-0.0055,0.0026
2000-04-17,-5.3144,147.105,N,,-0.002,0.014,-0.002,-0.0034,-0.0021,0.0109,0.0119,0.0285,0.0123,-0.0099,-0.0089,0.0084,0.0144,0.012,0.0057,0.0058,-0.004,-0.0069,-0.008,-0.008,-0.0047,-0.006,0.0016,0.0063,0.0063,0.0056,-0.0009,-0.0021,-0.0085
2000-04-17,-5.3144,147.105,NE,0.0059,0.0059,0.0045,0.0032,0.0004,-0.0009,0.0141,-0.0049,-0.0049,-0.0022,-0.0049,-0.0049,-0.0049,-0.0049,0.0006,0.0088,0.0088,0.0088,0.0061,-0.0062,-0.0048,0.0062,0.0062,0.0035,0.0035,0.0035,0.0035,0.0035,0.0035,0.0035
2000-04-17,-5.3144,147.105,NO,0.0015,0.0007,-0.0057,-0.0081,-0.01,-0.0095,-0.002,0.0054,-0.0018,-0.0019,-0.0091,-0.0091,-0.009,-0.009,-0.009,-0.009,-0.009,-0.009,-0.0016,-0.009,0.0057,0.0058,0.0058,0.0058,0.0058,0.0057,-0.009,-0.009,-0.009,-0.0089
2000-04-17,-5.3144,147.105,O,,0.0016,0.0053,0.0118,0.004,0.0033,-0.0041,-0.0041,-0.0041,0.0033,0.0107,-0.0041,0.0107,0.0107,0.0107,-0.0041,-0.0041,-0.0041,-0.0041,0.0106,-0.0042,-0.0041,-0.0042,-0.0042,-0.0042,-0.0042,-0.0042,-0.0042,-0.0042,-0.0043
2000-04-17,-5.3144,147.105,S,,-0.0101,-0.004,0.0046,0.0046,0.0112,0.0128,0.0063,0.0061,0.0052,0.0043,0.0029,0.0021,0.0027,-0.0005,-0.0006,-0.0006,0.0011,-0.0014,-0.0039,-0.0035,-0.0023,-0.0023,-0.0027,-0.0032,0.0007,-0.0008,-0.0014,-0.0038,-0.0032
2000-04-17,-5.3144,147.105,SE,-0.0132,-0.0132,-0.0144,0.0084,-0.0003,-0.0004,-0.0004,-0.0004,-0.0016,-0.0103,-0.0027,-0.0027,-0.0027,-0.0027,-0.0027,-0.0028,0.0124,-0.0039,-0.0039,-0.0039,-0.0038,-0.0039,-0.0051,-0.0051,0.0112,0.0037,-0.0051,-0.005,-0.005,-0.0051
2000-04-17,-5.3144,147.105,SO,0.0,,0.0088,0.0052,0.0048,0.0042,0.0033,0.0033,0.0116,0.0073,0.0023,0.0031,0.0023,0.0023,0.0023,0.0023,0.0023,0.0023,0.0022,0.0022,0.0022,0.0022,0.0022,0.0022,0.0021,0.0021,0.0021,0.0021,0.0021,0.0021
2001-06-07,-5.3144,147.105,E,,0.0297,0.0254,0.0169,0.0147,0.0125,0.0125,-0.003,-0.0031,-0.0073,-0.0073,-0.0073,-0.0073,0.0004,0.0082,0.0082,0.0081,-0.0074,-0.0074,0.004,0.004,0.0039,0.0039,0.0039,0.0039,0.0039,0.0039,-0.0004,0.0038,0.0038
2001-06-07,-5.3144,147.105,N,,0.0169,0.0147,0.0164,0.0119,0.0049,0.0007,-0.0027,-0.0002,-0.0006,-0.0004,0.0117,0.0131,0.0103,0.0063,0.0,0.0004,-0.0088,-0.0074,-0.0005,0.002,-0.0005,0.0025,-0.005,-0.0088,-0.0029,-0.0035,-0.0029,-0.0012,-0.0053
2001-06-07,-5.3144,147.105,NE,0.0149,0.0149,0.0142,0.0134,-0.0038,-0.0046,0.0102,0.0102,0.0087,0.0024,-0.0069,-0.0069,-0.0069,-0.0069,-0.0069,-0.0054,-0.0054,-0.0084,0.0056,0.0056,0.0056,0.0055,0.0055,0.004,0.004,0.004,0.004,0.004,0.004,0.004
2001-06-07,-5.3144,147.105,NO,0.0035,0.0027,0.008,0.0158,0.0068,0.0065,0.0006,-0.0062,-0.0062,-0.0062,-0.0062,-0.0062,0.0008,0.0077,0.0077,0.0077,-0.0062,-0.0062,0.0077,0.0078,0.0008,-0.0061,-0.0062,-0.0062,-0.0062,-0.0062,-0.0061,-0.0062,-0.0062,-0.0062
2001-06-07,-5.3144,147.105,O,,0.0068,0.0029,-0.005,-0.0053,0.0012,0.0082,0.0082,0.0012,0.0082,0.0082,0.0082,0.0082,-0.0058,-0.0058,-0.0057,-0.0057,0.0013,-0.0057,0.0082,-0.0057,-0.0057,-0.0057,-0.0056,-0.0056,-0.0056,0.0083,0.0083,0.0083,-0.0056
2001-06-07,-5.3144,147.105,S,,0.0048,0.0045,-0.0018,-0.0018,0.0049,-0.0018,-0.0018,0.0031,0.0111,0.0031,0.0115,-0.0,-0.0035,-0.0021,-0.0027,-0.0045,-0.0049,-0.0026,-0.0043,-0.0017,-0.0043,-0.0053,-0.0062,-0.0061,-0.0057,-0.0051,-0.0051,0.0057,0.0086
2001-06-07,-5.3144,147.105,SE,0.0052,0.0052,-0.0097,-0.0009,-0.009,-0.0086,-0.0084,-0.0079,-0.0,0.0074,0.0077,-0.0072,-0.0072,-0.0072,-0.0072,-0.0065,0.009,0.009,0.009,0.009,-0.0058,-0.0058,-0.0058,-0.0058,0.0016,0.009,0.0089,-0.0058,-0.0058,0.0089
2001-06-07,-5.3144,147.105,SO,0.0248,,0.0203,0.0167,0.0163,0.0016,0.0008,0.0141,0.014,0.014,0.014,0.014,0.0126,0.014,0.0141,0.0141,0.0137,1e-04,0.0141,0.0141,0.0141,0.0141,0.0141,0.0141,1e-04,1e-04,0.0072,0.0142,0.0141,0.0002
2002-09-14,-5.3144,147.105,E,,-0.0232,-0.0079,-0.0051,-0.0098,-0.0037,-0.0084,-0.0084,-0.0084,0.0023,0.0023,-0.0023,-0.0023,-0.0023,0.007,0.007,0.007,0.0007,-0.0023,-0.0024,-0.0056,0.0037,-0.0056,-0.0056,-0.0056,-0.0056,-0.0056,0.0037,0.0037,0.0037
2002-09-14,-5.3144,147.105,N,,-0.0017,0.0025,-0.0018,-0.0068,-0.0143,-0.0144,-0.0143,-0.0112,-0.0111,-0.0059,-0.0027,0.0006,0.0039,0.0032,0.0028,-0.0021,0.0007,0.0034,0.0034,0.0034,0.004,0.0034,0.0034,0.0033,0.0033,-0.002,-0.005,-0.0055,-0.0041
2002-09-14,-5.3144,147.105,NE,-0.0141,-0.0141,-0.0081,-0.0113,-0.0085,-0.0011,0.0036,0.0036,0.0064,0.0064,-0.0029,-0.0029,0.0018,-0.0029,-1e-04,-1e-04,-1e-04,0.0092,0.0027,0.0013,-1e-04,0.0027,-0.0066,-0.0066,-0.0066,-0.0071,-0.0071,-0.0071,-0.0071,-0.0071
2002-09-14,-5.3144,147.105,NO,0.0017,0.0015,0.008,0.007,0.0063,0.0063,-0.0022,-0.0022,0.0066,0.0066,0.0066,0.0066,0.0066,0.0066,0.0066,0.0066,0.0066,0.0066,0.0066,0.0066,0.0066,0.0066,0.0066,-0.0022,-0.0022,-0.0022,-0.0022,-0.0022,-0.0022,-0.0022
2002-09-14,-5.3144,147.105,O,,-0.0083,-0.0095,-0.0053,-0.0055,-0.0057,-0.0057,-0.0057,-0.0057,-0.0057,-0.0057,-0.0057,-0.0057,0.0031,0.0031,0.0031,-0.0057,-0.0057,-0.0013,-0.0057,-0.0057,-0.0057,-0.0057,-0.0057,-0.0057,-0.0057,-0.0057,-0.0057,-0.0057,-0.0057
2002-09-14,-5.3144,147.105,S,,0.006,0.0108,0.0063,0.0061,0.0096,0.0097,0.0063,0.0058,0.006,0.0048,0.0067,0.0067,0.0067,-0.0026,0.0006,0.0024,0.0038,-0.0023,-0.0022,-0.002,-0.002,-0.0019,-0.0039,-1e-04,0.0012,0.0012,0.0013,0.0015,0.0017
2002-09-14,-5.3144,147.105,SE,-1e-04,-1e-04,0.0012,-0.0016,-0.0056,-0.0056,-0.0043,-0.0043,-0.0043,-0.0037,-0.003,-0.003,0.005,0.0056,0.0063,0.0075,0.0075,0.0075,-0.0017,-0.0018,-0.0011,-0.0005,-0.0005,-0.0005,-0.0005,-0.0098,-0.0005,-0.0005,-0.0098,-0.0098
2002-09-14,-5.3144,147.105,SO,0.0125,,0.0201,0.0202,0.0275,0.0184,0.018,0.0177,0.0177,0.0177,0.0177,0.0177,0.0177,0.0177,0.0177,0.0177,0.0177,0.0177,0.0177,0.0177,0.0265,0.0177,0.0177,0.0221,0.0177,0.0177,0.0177,0.0177,0.0177,0.0177
2002-11-01,-5.3144,147.105,E,,0.0026,0.0032,0.0046,-0.001,0.0053,0.0053,0.0053,0.0053,0.006,0.0003,0.0003,-0.0053,-0.0053,-0.0053,-0.0053,-0.0053,-0.005,-0.0053,-0.0046,-0.0046,0.0066,0.0066,0.001,-0.0046,-0.0043,-0.0046,-0.0039,-0.0039,0.0014
2002-11-01,-5.3144,147.105,N,,-0.0012,-0.0122,-0.0124,-0.0002,-0.0047,-0.0012,-0.0012,-0.0004,0.0003,0.0003,-1e-04,0.0004,-0.003,-0.0033,-0.0027,0.0002,0.0011,0.002,0.0014,-0.0009,0.0028,0.0045,0.0051,0.0014,0.0002,-0.0038,-0.0048,-0.0048,-0.005
2002-11-01,-5.3144,147.105,NE,0.0036,0.0036,-0.0019,-0.0073,0.0039,0.0041,0.0046,-0.0066,-0.0062,-0.0062,0.0043,-0.0062,0.005,0.005,-0.0059,-0.0059,-0.0059,-0.0055,-0.0055,-0.0055,-0.0055,-0.0055,0.0057,0.0061,0.0057,-0.0051,-0.0051,-0.0051,-0.0051,-0.0051
2002-11-01,-5.3144,147.105,NO,-0.0091,-0.0083,-0.0064,-0.0084,-0.0117,-0.0118,-0.012,-0.0022,0.0026,-0.0025,-0.0025,-0.0025,0.0026,0.0026,-0.0025,-0.0025,0.0026,-0.0025,-0.0025,-0.0025,-0.0025,-0.0025,-0.0025,0.0076,0.0076,-0.0025,-0.0025,-0.0025,-0.0025,-0.0025
2002-11-01,-5.3144,147.105,O,,-0.0112,-0.0075,-0.0072,-0.0064,-0.0059,-0.0059,0.0042,0.0042,-0.0008,-0.0059,-0.0059,-0.0059,0.0042,-0.0008,-0.0059,0.0042,-0.0059,-0.0059,-0.0059,0.0042,0.0042,-0.0008,-0.0059,0.0042,0.0042,0.0042,0.0042,0.0042,0.0042
2002-11-01,-5.3144,147.105,S,,-0.0067,-0.0003,0.0087,0.0118,0.0046,-1e-04,-1e-04,-0.0014,-0.0026,-0.0056,-0.0096,-0.007,-0.0061,0.0034,0.0022,0.0019,0.0016,0.0052,0.0052,0.0035,-0.0,0.0035,-0.0,-0.0008,-0.0008,-0.0008,-0.0009,-0.0008,-0.0017
2002-11-01,-5.3144,147.105,SE,1e-04,1e-04,0.0007,0.0015,0.0129,0.0129,0.0129,0.0024,0.0024,0.0027,0.0024,-0.0083,0.0024,-0.003,-0.0027,0.0029,0.0035,0.0035,0.0035,0.0035,0.0035,-0.0072,-0.0072,0.0035,0.0035,-0.0018,-0.0072,0.0041,0.0041,0.0035
2002-11-01,-5.3144,147.105,SO,0.013,,0.0171,0.0204,0.0259,0.0213,0.0221,0.0228,0.028,0.0229,0.0229,0.0231,0.023,0.023,0.033,0.0335,0.033,0.033,0.023,0.023,0.023,0.023,0.033,0.0331,0.0331,0.0331,0.0331,0.0331,0.0331,0.0331
2002-12-03,-5.3144,147.105,E,,-0.0757,-0.0627,-0.0367,-0.0304,-0.0111,-0.011,-0.0048,-0.011,-0.0044,0.002,0.002,0.002,0.002,0.002,0.002,0.002,0.002,0.002,0.0023,0.0023,0.0023,0.0086,0.0023,-0.004,0.0023,0.0023,-0.0104,-0.0104,-0.0076
2002-12-03,-5.3144,147.105,N,,0.0007,0.0019,0.0007,0.0038,0.0144,0.0134,0.0099,0.0065,0.0057,0.0057,0.0144,0.015,0.0141,0.0031,-0.0053,-0.0057,-0.0055,-0.0056,-0.0002,-0.0002,-0.0002,0.0008,0.0016,-0.0008,-0.0032,-0.0055,-0.0055,-0.0055,-0.0055
2002-12-03,-5.3144,147.105,NE,-0.0443,-0.0443,-0.0404,-0.0366,-0.0289,-0.0188,0.004,-0.0037,-0.0086,-0.0023,-0.0009,-0.0009,0.0016,-0.0009,-0.0009,-0.0009,-0.0009,0.0068,0.0018,0.0005,-0.0109,-0.0109,-0.0083,-0.0032,-0.0107,-0.0032,-0.0032,-0.0032,-0.0032,-0.0032
2002-12-03,-5.3144,147.105,NO,0.0181,0.0307,0.0198,0.009,0.0097,0.021,0.0211,0.0095,0.0036,0.0038,0.0094,0.0094,0.0094,0.0094,0.0094,0.0094,0.0094,0.021,0.0094,0.021,0.0152,0.021,0.0094,0.0094,0.0094,0.0094,0.0094,-0.0022,0.0094,-0.0022
2002-12-03,-5.3144,147.105,O,,0.0064,0.0012,-0.0043,-0.01,-0.0041,-0.0041,-0.0157,-0.0157,-0.0157,-0.0099,-0.0157,-0.0157,-0.0157,-0.0157,-0.0041,-0.0041,-0.004,-0.0041,-0.0157,-0.0157,-0.0099,-0.0041,0.0076,0.0075,0.0075,0.0075,0.0076,0.0076,0.0076
2002-12-03,-5.3144,147.105,S,,-0.016,-0.0158,-0.0285,-0.0221,-0.0221,-0.0158,-0.0161,-0.0158,-0.0033,-0.003,0.0098,0.0034,0.0098,0.0102,0.0107,0.0111,0.0107,0.0088,0.0107,0.0088,-0.0011,-0.0006,-0.0024,-0.003,-0.0083,-0.0015,-0.0024,-0.0082,-0.0084
2002-12-03,-5.3144,147.105,SE,-0.0577,-0.0577,-0.0508,-0.0405,-0.0371,-0.0245,-0.0119,0.0005,-0.0023,0.0018,0.0018,0.0074,0.0018,0.0018,0.0018,0.0086,-0.0039,0.0086,-0.0039,-0.0039,0.0023,-0.0039,0.0029,0.0029,-0.0097,-0.0039,-0.0097,-0.0097,-0.0097,-0.0039
2002-12-03,-5.3144,147.105,SO,0.008,,0.0216,0.0228,0.0344,0.0228,0.0116,0.0116,0.0116,0.0219,0.0233,0.0289,0.0233,0.0232,0.0232,0.0116,0.029,0.0232,0.029,0.0348,0.0347,0.0347,0.0347,0.0232,0.0232,0.0232,0.0232,0.0232,0.0232,0.0232
2003-11-20,-5.3144,147.105,E,,0.0195,0.0099,-0.0011,-0.0011,-0.0023,-0.0024,-0.0024,0.0145,0.0048,-0.0036,-0.0036,-0.0036,0.0132,0.0132,0.0048,-0.0036,-0.0043,-0.0037,-0.0037,-0.0049,-0.0049,0.0119,0.0119,,,,-0.0063,-0.005,-0.005
2003-11-20,-5.3144,147.105,N,,0.0133,-0.0047,-0.0179,-0.0171,-0.0146,-0.0131,-0.0171,-0.0146,-0.0146,-0.013,-0.013,-0.013,-0.013,-0.013,-0.0021,0.0017,0.0107,0.0027,0.0065,0.0046,0.0021,0.0021,0.0021,0.002,0.002,0.0021,0.0058,0.0155,0.0168
2003-11-20,-5.3144,147.105,NE,0.0313,0.0145,0.0048,0.0121,0.0073,0.0061,0.0073,0.0096,0.0073,0.0061,0.0049,0.0048,-0.0025,0.0024,0.0048,0.0024,0.0024,0.0024,-0.0,-0.0,-0.0,-0.0,-0.0,-0.0,-0.0024,-0.0025,-0.0025,-0.0025,-0.0025,-0.0025
2003-11-20,-5.3144,147.105,NO,0.0268,0.0259,0.0032,0.0014,0.0,0.014,0.014,0.015,0.0142,0.0,0.0,0.0076,0.0152,0.0152,0.0152,0.0,0.0152,0.0076,0.0152,0.0,0.0152,0.0,0.0,0.0,0.0,0.0152,0.0153,0.0153,0.0304,0.0153
2003-11-20,-5.3144,147.105,O,,0.0104,-0.0019,-0.0038,-0.0032,,,,,,,-0.0038,-0.0038,-0.0038,-0.0115,-0.0038,-0.0038,-0.0038,-0.0038,-0.0038,-0.0038,-0.0038,-0.0038,-0.0038,-0.0037,0.0114,0.0114,-0.0037,0.0038,-0.0037
2003-11-20,-5.3144,147.105,S,,0.0216,0.0208,0.005,0.005,0.005,0.005,0.0033,-0.0045,-0.0109,0.0046,0.0024,-0.0055,0.0015,0.0016,-0.0002,-0.0002,-0.002,-0.002,-0.0029,-0.0029,0.0034,0.0113,0.0113,0.0047,-0.0038,-0.0037,-0.0036,-0.0019,-0.0019
2003-11-20,-5.3144,147.105,SE,0.0348,0.0348,0.0313,0.0091,0.0073,0.0037,0.0037,0.0037,-0.0047,-0.0114,1e-04,1e-04,1e-04,0.0002,0.0085,-0.0034,-0.0034,-0.0034,-0.0034,-0.0034,0.0116,-0.0034,-0.0034,0.0097,0.0097,-0.007,-0.007,-0.007,-0.007,-0.007
2003-11-20,-5.3144,147.105,SO,0.0342,,0.0292,0.0252,0.0172,-0.0057,0.0015,0.0092,-0.0049,-0.0034,,,-0.0084,-0.0084,-0.0084,-0.0084,0.0069,0.0069,0.0069,0.0069,0.0069,0.007,0.007,0.007,0.007,0.007,0.007,0.0071,0.0071,0.0071
2003-12-06,-5.3144,147.105,E,,-0.0251,-0.0246,,,,,,,-0.0015,-0.0,-0.0045,0.0015,0.0015,0.0015,0.0015,0.0015,0.0015,0.0015,0.0015,0.0044,0.0044,0.0044,-0.0075,-0.0075,0.0044,-1e-04,-0.0046,-0.0058,0.0044
2003-12-06,-5.3144,147.105,N,,-0.0043,0.0066,0.0075,0.0065,0.0066,0.0065,0.0041,-0.0024,-0.0065,-0.0065,-0.0065,0.0025,0.0025,0.0022,0.0021,0.0022,0.0024,0.0025,-0.0065,-0.0065,-0.0056,0.0024,-0.0048,-0.0048,0.0024,0.0024,0.0025,0.0024,0.0025
2003-12-06,-5.3144,147.105,NE,-0.0012,-0.0131,-0.0012,,,,,,,,0.0015,0.0015,0.0019,0.0015,0.0015,-0.0096,0.0015,-0.0089,0.0015,0.0019,0.003,0.003,0.003,0.003,0.003,0.0037,0.0037,0.0037,0.0037,0.0037
2003-12-06,-5.3144,147.105,NO,0.0071,-0.0048,0.0039,0.0041,0.0034,0.014,0.0035,-0.0051,0.0036,0.0035,0.0038,0.0038,0.0038,0.0092,0.0038,0.0092,0.0038,0.0038,0.0038,0.0038,-0.0051,0.0038,0.0038,0.0038,0.0038,0.0038,0.0038,0.0038,0.0038,0.0038
2003-12-06,-5.3144,147.105,O,,0.0111,0.0096,0.0,0.0,0.0089,0.0197,0.0089,0.0089,0.0197,0.0197,0.0,0.009,0.009,0.0197,0.009,0.009,0.009,0.009,0.009,0.009,0.009,0.009,0.009,0.009,0.0197,0.009,,,
2003-12-06,-5.3144,147.105,S,,-0.0041,-0.0045,-0.0044,-0.0044,-0.0044,0.0019,0.0074,0.0018,-0.0042,-0.0056,-0.0049,0.0053,-0.0039,-0.0037,-0.0043,0.0046,0.0054,0.0053,0.0053,0.0046,0.0037,0.0027,-0.0013,0.0027,0.0037,0.0027,-0.0017,0.0027,-0.0047
2003-12-06,-5.3144,147.105,SE,0.0088,-0.0031,-0.0049,-0.0067,0.0051,0.0051,0.017,,0.0151,,,-0.0122,-0.0122,-0.0122,0.0055,0.0096,0.0046,-0.0022,-0.0022,-0.0022,-0.0022,-0.0022,-0.0031,0.0078,0.0078,0.0078,-0.0022,-0.0022,-0.004,-0.0022
2003-12-06,-5.3144,147.105,SO,-0.007,,-0.008,-0.0086,0.0022,0.0015,-0.0086,-0.0096,-0.0096,-0.0091,0.001,-0.0096,-0.0096,-0.0096,-0.0096,-0.0096,0.0011,0.001,-0.0096,-0.0096,0.0011,0.0011,-0.0096,-0.0096,0.0011,0.0011,0.0011,0.0011,0.0011,0.0011
2004-02-24,-5.3144,147.105,E,,,,,,,,,,,,,,,0.0,0.0,0.0,0.0,0.0,,,,,,,,,,,0.0
2004-02-24,-5.3144,147.105,N,,,-0.0246,-0.0166,-0.0071,-0.0087,-0.0199,-0.0234,-0.0664,-0.0215,-0.0065,-0.0201,-0.0185,-0.0214,-0.0344,0.0043,-0.0009,0.0044,0.0042,0.0039,0.0143,0.0147,0.0043,0.0043,0.0125,0.0126,0.0079,0.0079,0.0138,0.0144
2004-02-24,-5.3144,147.105,NE,,,,,,,0.0237,0.0237,0.0176,0.0114,0.0114,0.0114,0.0114,-0.0008,-0.0008,-0.0131,-0.0131,-0.0131,-0.0254,-0.0254,-0.0254,-0.0254,1e-04,1e-04,0.0125,0.0125,0.0249,0.0249,0.0371,0.0249
2004-02-24,-5.3144,147.105,NO,,0.0828,0.0929,0.0945,0.1063,0.0957,0.0956,0.0955,0.117,0.1172,0.1063,0.1063,,0.1114,0.1168,0.1276,0.1276,0.1275,0.1276,0.1168,0.1222,0.1275,0.1275,0.1275,0.1168,0.1168,0.1168,0.1168,0.1168,0.1275
2004-02-24,-5.3144,147.105,O,,-0.018,-0.0223,-0.0161,,,,,,,,0.0062,0.0169,0.0276,0.0223,0.0169,0.0169,0.0115,0.0062,0.0062,0.0062,0.0169,0.0169,0.0169,0.0169,0.0169,0.017,0.017,0.0169,0.017
2004-02-24,-5.3144,147.105,S,,,,,0.0045,0.0034,-0.0083,-0.0143,-0.0204,,,,,,,,,,-0.0044,-0.0044,-0.0166,-0.0044,,-0.0164,0.0028,-0.0033,-0.0021,-0.0021,0.0021,-0.0015
2004-02-24,-5.3144,147.105,SE,,,,,,,,,,,,,,,-0.0,0.0049,0.0049,-0.0073,-0.0135,,,,,,,,,,,
2004-02-24,-5.3144,147.105,SO,,,0.0278,0.0327,0.036,0.0361,0.0473,,,,,,0.0593,0.0593,0.0322,0.0431,0.0485,0.0377,0.0377,0.0485,0.0377,0.0485,0.0486,0.0486,0.0486,0.0486,0.0486,0.0539,0.0593,0.0593
2004-07-01,-5.3144,147.105,E,,,,,,,,,,,,,0.031,0.0045,-0.0008,-0.0008,-0.0008,-0.0008,-0.0115,-0.0163,-0.0115,-0.0056,-0.027,0.0049,0.0155,0.0155,0.005,0.0155,0.0155,0.0155
2004-07-01,-5.3144,147.105,NE,,,,,,,,,,,,,,,0.0031,0.0031,-0.0076,-0.0183,-0.0012,-0.0012,-0.0012,-0.0012,-0.0012,,,,,,,
2004-07-01,-5.3144,147.105,O,,,,,,,,,,,,,,,,,,,0.0521,0.0617,0.0617,0.0617,0.0569,0.0617,0.0617,0.0521,,,,
2004-07-01,-5.3144,147.105,S,,,,,,,,,,,,,,,,,,-0.0085,-0.0085,-0.0085,-0.0084,-0.0084,0.0013,0.0015,0.0014,0.002,0.0014,0.0015,0.0015,0.0022
2004-07-01,-5.3144,147.105,SE,,,,,,,,,,,,,,,,,,-0.0038,-0.0038,-0.0038,-0.0038,-0.0038,0.0066,-0.0038,-0.0033,-0.0033,-0.0033,-0.0033,0.007,0.007
2004-07-01,-5.3144,147.105,SO,,,,,,,,,,,,,,0.002,0.002,0.0021,0.0021,0.0021,-0.0074,-0.0074,0.0021,0.0021,0.0021,0.0021,0.0021,0.0021,0.0021,0.0021,0.0021,0.0021
2004-09-03,-5.3144,147.105,E,,,,,,,,,,,,,0.0004,0.0058,0.0058,-0.005,-0.0051,-0.0024,-0.0024,-0.0024,-0.0024,-0.0024,-0.0024,-0.0024,0.0084,0.0084,-0.0024,-0.0024,-0.0024,
2004-09-03,-5.3144,147.105,N,,,,,,,,,,,,,-0.0064,-0.0067,-0.0067,-0.0064,-0.0064,-0.0064,-0.0064,-0.0019,0.0025,-0.0064,-0.0059,0.0025,0.0031,0.0039,0.0041,0.0036,0.0023,-0.0062
2004-09-03,-5.3144,147.105,NE,,,,,,,,,,,,,,,,,-0.0035,-0.0031,-0.0044,0.0011,-0.0039,-0.0048,-0.0039,-0.0044,0.0003,-0.006,-0.006,-0.0006,0.0049,-0.006
2004-09-03,-5.3144,147.105,NO,,,,,,,,,,,,0.0054,0.0004,0.0104,0.0004,0.0004,0.0004,0.0104,0.0104,0.0004,0.0004,0.0105,0.0005,0.0005,0.0004,0.0005,0.0005,0.0005,0.0105,0.0005
2004-09-03,-5.3144,147.105,O,,,,,,,,,,,,-0.0037,0.0063,0.0063,0.0063,0.0063,0.0063,-0.0037,0.0063,0.0063,0.0063,0.0063,0.0013,0.0013,0.0063,0.0063,0.0013,-0.0037,0.0063,-0.0036
2004-09-03,-5.3144,147.105,S,,,,,,,,,0.0106,0.0105,-0.0002,-0.0005,-0.0061,-0.0007,-0.0009,0.0044,0.0097,-0.0012,-0.0013,-0.0014,0.0031,-0.0023,-0.0024,-0.0022,-0.002,-0.0017,-0.0018,-0.0019,-0.0019,-0.0016
2004-09-03,-5.3144,147.105,SE,,,,,,,,,0.0051,-0.0043,-0.0028,0.0002,0.0002,0.0002,0.0002,0.0002,-0.0078,0.0031,0.0031,-0.0078,-0.0051,0.0031,0.0031,-0.0055,-0.0048,0.0031,0.0061,0.0061,0.0061,0.0061
2004-09-03,-5.3144,147.105,SO,,,,,,,,,,,,,0.0188,0.0135,0.0087,0.0087,0.0136,0.0186,0.0087,0.0187,0.0087,0.0087,0.0087,0.0087,0.0087,0.0087,0.0187,0.0187,0.0137,0.0087
2004-10-21,-5.3144,147.105,E,,0.0061,0.0087,0.0023,0.0023,0.001,0.001,0.001,0.001,-0.0002,-0.0002,-0.0002,-0.0002,,,,,,-0.0002,-0.0009,-0.0009,-0.0015,-0.0015,-0.0015,-0.0015,-0.0015,-0.0015,-0.0015,-0.0015,-0.0015
2004-10-21,-5.3144,147.105,N,,-0.0126,-0.0126,-0.0126,-0.0123,-0.0082,-0.0049,-0.0045,-0.0048,0.0028,0.0028,-0.001,-0.0004,-0.0029,-0.0028,-0.0028,-0.003,-0.0032,0.0022,-0.0033,-0.0036,-0.0032,0.0032,0.0019,0.0028,-0.003,0.0039,0.0021,0.0021,0.0028
2004-10-21,-5.3144,147.105,NE,-0.0127,-0.0127,-0.0085,-0.0043,-0.0038,-0.0041,-0.011,-0.011,-0.0038,-0.0026,0.0034,-0.0026,0.0007,-0.0026,-0.0026,0.0087,0.0117,0.0051,0.0087,0.0128,-0.0015,-0.0054,-0.0054,-0.0015,-0.0087,-0.001,-0.001,0.0068,-0.001,0.0068
2004-10-21,-5.3144,147.105,NO,-0.0097,-0.0171,-0.0064,-0.0128,-0.012,-0.0121,-0.0051,0.0018,-0.0053,-0.0053,-0.0053,-0.0053,-0.0053,-0.0017,0.0018,-0.0053,-0.0053,-0.0053,-0.0053,-0.0053,-0.0018,-0.0053,0.0018,0.009,0.0018,0.0018,-0.0053,0.0018,-0.0017,0.0018
2004-10-21,-5.3144,147.105,O,,0.008,0.0018,-0.0085,-0.005,-0.0013,-0.0013,-0.0013,0.0059,0.0059,0.0059,0.0059,0.0023,0.0059,0.0023,0.0095,,,,,,0.0059,0.0059,0.0059,0.0059,-0.0012,0.0059,0.0059,0.0059,0.0059
2004-10-21,-5.3144,147.105,S,,-0.0004,-0.0045,-0.0011,-0.0011,-0.0004,-0.0033,-0.0011,-0.0047,-0.0086,-0.0089,-0.0094,-0.0088,-0.0074,-0.0047,-0.0051,-0.007,-0.0051,-0.0068,-0.0037,-0.0026,-0.0022,0.0036,0.0036,0.0036,0.0026,0.0048,0.0064,0.0046,0.0046
2004-10-21,-5.3144,147.105,SE,0.0139,0.0139,0.0185,0.0136,0.0042,0.0042,0.0042,0.001,0.0026,0.001,-0.0022,-0.0022,-0.0022,-0.0022,-0.0022,-0.0022,-0.0055,-0.0055,-0.0055,-0.0016,-0.0009,-0.0087,-0.0009,0.0007,0.0023,0.0046,0.0023,-0.0009,-0.0032,-0.0009
2004-10-21,-5.3144,147.105,SO,-0.0036,,-0.0088,0.0082,0.0046,0.0014,-0.0055,-0.0055,-0.0019,0.0002,-0.0049,0.0017,-0.005,0.0017,0.0017,0.0017,0.0018,0.0018,-0.0018,0.0018,0.0018,0.0018,-0.0054,0.0018,-0.0054,0.0018,0.0018,0.0018,-0.0054,0.0018
2004-11-22,-5.3144,147.105,E,,,0.0469,0.0228,0.0228,0.0108,0.0108,0.0108,,,,,,,,-0.0013,0.0023,0.0023,-0.0013,-0.0013,-0.0055,-0.0055,0.0038,0.0038,0.0038,0.0105,-0.0097,-0.0134,-0.0134,
2004-11-22,-5.3144,147.105,N,,,-0.0355,-0.0298,-0.0213,-0.0327,-0.0272,-0.0215,-0.0058,0.0024,0.0024,-0.0006,0.0037,0.0058,0.0031,0.0032,0.0041,0.0046,0.0035,0.0035,0.0034,0.0034,0.0034,0.0059,0.0043,,,,,
2004-11-22,-5.3144,147.105,NE,,,-0.0147,,-0.0188,-0.0188,-0.0201,-0.0201,-0.0201,-0.0002,0.0132,0.0266,0.0252,0.0159,,-0.0083,0.0051,0.0051,0.0024,0.0024,0.0024,0.0024,0.0024,0.0131,0.0024,-0.0002,-0.007,-0.0002,-0.0002,-0.0002
2004-11-22,-5.3144,147.105,NO,-0.0574,-0.0574,-0.0389,-0.0324,-0.0274,-0.0391,-0.0392,-0.039,-0.039,-0.0331,-0.0267,-0.0267,-0.0267,-0.0267,-0.0267,-0.0146,-0.0146,-0.0146,-0.0267,-0.0267,-0.0267,-0.0146,-0.0267,-0.0267,-0.0267,-0.0267,-0.0267,-0.0267,-0.0267,-0.0267
2004-11-22,-5.3144,147.105,O,,-0.0209,-0.0216,-0.0214,-0.0217,-0.0217,-0.0217,-0.0217,-0.0217,-0.0217,-0.0217,-0.0094,-0.0094,-0.0094,-0.0094,-0.0094,-0.0094,-0.0094,-0.0217,-0.0094,,,,,,0.0028,0.0028,0.0028,0.0028,0.0028
2004-11-22,-5.3144,147.105,S,,,,-0.0249,-0.0249,-0.0278,-0.0278,-0.0308,-0.0249,-0.0264,-0.0337,-0.0249,-0.015,0.0018,0.0116,0.0136,0.0123,0.0109,0.0115,-0.0003,-0.0005,-0.0124,-0.0003,0.0,0.0003,0.0066,0.0121,0.0007,0.0065,0.0115
2004-11-22,-5.3144,147.105,SE,,,0.0,0.0,0.0,,,,,,,,,,,,,,,,,,,,,,,,,
2004-11-22,-5.3144,147.105,SO,,,,,,,,,-0.0138,-0.0143,-0.0088,-0.0029,-0.0026,-0.0024,0.0099,0.0099,0.0099,0.0099,0.0158,0.022,0.022,0.022,0.0159,0.022,0.022,0.0341,0.0341,0.022,0.022,0.022
2004-12-08,-5.3144,147.105,E,,,,,,,-0.015,-0.0204,-0.0114,-0.0114,-0.0114,-0.0223,-0.0223,-0.0168,-0.0006,0.0101,0.0101,0.0207,0.0207,0.0244,0.0244,0.0137,0.0191,0.0137,-0.0079,-0.0079,-0.0188,-0.0189,-0.0188,-0.0188
2004-12-08,-5.3144,147.105,N,,,,,,,,-0.0024,,,-0.0024,0.0072,0.0072,0.0197,0.0173,0.0065,0.012,0.0122,0.0063,0.0061,0.0015,0.0015,-0.0026,0.0074,0.0074,0.0122,0.0044,-0.0037,-0.0186,-0.0162
2004-12-08,-5.3144,147.105,NE,,,,,,,-0.0162,-0.0162,-0.0062,-0.0062,-0.0109,-0.0062,-0.0059,-0.0062,-0.0056,0.0039,0.0039,0.0039,0.0039,0.0039,0.0032,0.0032,0.0082,0.0079,0.0025,0.0025,-0.0084,-0.0193,-0.0304,-0.0304
2004-12-08,-5.3144,147.105,NO,,,0.0163,0.0272,0.0272,0.0271,0.022,0.0066,0.0015,0.0066,0.0066,0.0016,0.0016,0.0066,-0.0134,-0.0236,-0.0236,-0.0185,-0.0236,-0.0236,-0.0338,-0.0236,-0.0236,-0.0236,-0.0134,-0.0134,-0.0134,-0.0034,-0.0034,0.0016
2004-12-08,-5.3144,147.105,O,,0.0861,0.0804,0.0713,0.0565,0.0419,0.0316,0.0316,0.0263,0.0211,0.0106,0.0106,0.0106,0.0106,0.0159,0.0211,0.0106,0.0106,0.0211,0.0211,0.0211,0.0316,0.0419,0.0522,0.0522,0.0522,0.0624,0.0826,0.0925,0.0925
2004-12-08,-5.3144,147.105,S,,,,,0.0564,0.0464,0.0424,0.038,0.026,0.0195,0.0196,0.0096,0.0048,0.0088,0.007,-0.0002,-0.0021,-0.0021,-0.0074,-0.0074,0.0052,-0.0056,-0.0059,-0.0067,-0.0067,-0.0067,-0.0067,-0.0067,-0.0067,-0.0067
2004-12-08,-5.3144,147.105,SE,,,,,,,0.0079,0.0079,0.024,0.0131,0.0186,-0.0142,-0.031,-0.0254,-0.0254,-0.0142,-0.0091,0.0016,-0.0039,0.0072,0.0072,0.0182,0.0175,0.0182,0.0179,0.0124,0.0063,0.0006,-0.0222,-0.0279
2004-12-08,-5.3144,147.105,SO,,,0.0745,0.0621,0.0548,0.0415,0.031,0.0219,0.0193,0.0117,0.0121,0.012,0.022,0.0324,0.0329,0.0324,0.0224,0.022,0.022,0.0116,0.0063,0.0063,-0.0095,-0.0095,-0.0095,-0.0095,-0.0095,-0.0095,-0.0095,-0.0095
2006-09-09,-5.3144,147.105,E,,0.0006,0.0036,0.0051,-0.0002,-0.0055,-0.0146,-0.0055,-0.0055,0.0021,0.0021,0.0021,0.0021,0.0021,0.0021,0.0021,0.0022,0.0021,-0.0039,0.0006,,,,,,0.0007,0.0006,0.0007,0.0007,0.0082
2006-09-09,-5.3144,147.105,N,,-0.0103,-0.0012,-0.0013,-0.0014,-0.0012,-0.0015,-0.0063,-0.0103,-0.0099,-0.0023,-0.0017,-0.0011,-0.0012,-0.0005,-0.001,-0.0012,-0.0014,-0.0014,-0.0015,-0.0015,-0.0015,0.006,-0.0017,-0.0017,-0.0014,-0.0004,-0.0019,-0.0019,-0.0019
2006-09-09,-5.3144,147.105,NE,-0.0057,-0.0056,-0.0015,0.0027,0.0021,0.0018,0.0014,-0.0063,-0.0076,0.0011,0.0015,0.0008,0.0008,0.0008,0.0009,0.0002,0.0002,0.0002,-1e-04,-0.0004,-0.0004,-0.0004,-0.0004,-0.0053,-0.001,0.0038,-0.001,-0.001,-0.001,-0.001
2006-09-09,-5.3144,147.105,NO,-0.0039,0.0049,0.0036,0.0032,0.0029,0.0029,0.0114,0.0115,0.003,0.003,0.003,0.003,0.0031,0.0116,0.0031,0.0031,-0.0012,0.0031,0.0031,0.0115,0.003,-0.0054,0.003,0.003,-0.0012,-0.0054,-0.0055,-0.0055,-0.0055,-0.0131
2006-09-09,-5.3144,147.105,O,,0.0026,0.0023,0.0064,0.0021,0.002,-0.0023,-0.0023,-0.0098,,,,,,,-0.0023,-0.0023,-0.0023,-0.0023,0.0061,0.0019,0.0061,0.0061,-0.0024,-0.0024,0.0061,-0.0024,-0.0024,-0.0024,-0.0024
2006-09-09,-5.3144,147.105,S,,-0.0041,0.0004,0.0006,0.0006,0.0045,0.0045,0.0005,0.0044,0.0094,0.0048,0.0007,0.0006,0.0007,0.0005,0.0003,0.0005,1e-04,0.0005,0.0007,0.0007,0.0007,0.0006,0.0004,0.0006,0.0007,0.0007,0.0006,0.0006,0.0005
2006-09-09,-5.3144,147.105,SE,-0.01,-0.01,-0.0087,-0.0022,-0.0151,-0.0151,-0.0138,-0.0061,-0.0086,0.0043,-0.0034,-0.0034,-0.0033,0.0011,0.0056,0.0056,-0.0021,-0.002,0.0069,0.0069,-0.002,-0.0009,-0.0008,-0.0008,-0.0015,-0.0099,-0.0009,-0.0008,-0.0008,-0.0009
2006-09-09,-5.3144,147.105,SO,0.009,,0.0083,0.0084,0.0078,0.0078,0.0077,0.0075,0.0075,0.016,0.0117,0.0072,0.0,0.0,0.0,0.0074,0.0074,0.0074,0.0074,0.0,0.0,0.0037,0.0074,0.0159,0.0158,0.0074,0.0073,0.0073,0.0073,0.0072
2006-10-27,-5.3144,147.105,E,,,,,,,,,,,,,,,,,,,,-0.0017,0.0034,-0.0017,-0.0017,-0.0017,-0.0017,-0.0017,-0.0017,-0.001,-0.0011,-0.0004
2006-10-27,-5.3144,147.105,N,,,-0.0081,-0.0083,-0.0033,-0.0071,-0.0078,-0.007,-0.0028,0.0064,0.0012,0.0014,-0.0078,-0.008,-0.0076,-0.0028,-0.0069,0.0014,0.0016,0.0026,0.0015,0.0015,0.0014,0.0015,0.0014,0.0014,0.0014,0.0014,0.0014,0.0014
2006-10-27,-5.3144,147.105,NE,,,,,,,,,,-0.0012,-0.0014,,-0.001,,,,,,-0.0011,-0.001,0.0005,,,,,-0.0005,-0.0005,-0.0005,-0.0005,0.0002
2006-10-27,-5.3144,147.105,NO,,,-0.0055,-0.0055,0.0037,0.0038,-0.0054,-0.0054,0.0039,0.0038,0.0038,-0.0054,0.0038,0.0038,0.0038,0.0038,0.0038,0.0038,0.0038,0.0038,0.0038,0.0038,0.0038,-0.0008,0.0038,0.0038,0.0038,0.0038,0.0038,0.0038
2006-10-27,-5.3144,147.105,O,,-0.0084,-0.0083,-0.0083,0.0012,0.0011,0.0011,0.0011,0.0011,0.0011,0.0011,0.0011,0.0011,0.0011,0.0011,0.0011,0.0011,,,,,,-0.0082,-0.0082,-0.0082,0.0011,-0.0035,-0.0082,-0.0082,-0.0082
2006-10-27,-5.3144,147.105,S,,,,-0.0137,-0.0137,,,,,,,,,,,-0.0047,-0.0047,0.0045,0.0045,-0.0046,0.0,-0.0029,-0.0013,-0.0012,-0.0012,-0.0013,-0.0012,-0.0012,-0.0012,-0.0012
2006-10-27,-5.3144,147.105,SE,,,,,,,,,,,,,,,,,,,,,,-0.0026,-0.0026,-0.0076,-0.0026,-0.0026,0.0024,-0.0026,-0.0026,-0.0026
2006-10-27,-5.3144,147.105,SO,,,,-0.0042,-0.0042,-0.0042,-0.0039,-0.004,-0.0039,-0.0035,0.0052,0.0053,0.0051,0.0053,0.0053,0.0144,0.0144,0.0144,0.0053,0.0053,0.0053,0.0053,0.0007,0.0145,0.0145,0.0053,0.0145,0.0052,-0.004,0.0053
2009-01-20,-5.3144,147.105,E,,0.0217,0.0182,0.0112,1e-04,-0.0034,0.0077,0.0077,0.0077,0.0042,0.0042,0.0042,-0.0069,-0.0069,-0.0069,-0.0069,-0.0069,0.0006,0.0041,0.0117,0.0117,0.0062,,,,,0.0006,0.0006,0.0006,-0.0012
2009-01-20,-5.3144,147.105,N,,0.0011,0.0011,0.001,-0.0038,-0.0098,-0.0101,0.001,0.0012,0.0011,0.0009,0.001,0.0009,0.001,0.001,0.0012,0.0015,0.0016,0.0014,-0.0036,0.0012,0.0014,0.0014,0.0018,0.0018,0.002,0.0019,0.0019,0.0017,0.0016
2009-01-20,-5.3144,147.105,NE,0.0058,0.0057,-0.0054,-0.0054,-0.0054,-0.0054,-0.0054,-0.0054,-0.0054,-0.0054,-0.0054,0.0057,0.0057,0.0057,-0.0054,-0.0054,0.0057,-0.0054,-0.0053,-0.0053,-0.0053,-0.0053,-0.0053,-0.0053,-0.0053,-0.0053,-0.0053,0.0112,0.0057,0.0057
2009-01-20,-5.3144,147.105,NO,-0.0027,-0.0027,-0.0027,-0.0023,-0.0021,-0.0022,-0.0022,-0.0022,-0.0022,-0.0022,-0.0022,-0.0022,-0.0022,-0.0124,-0.0124,-0.0022,-0.0022,0.0029,-0.0022,-0.0022,0.0079,0.0079,0.0079,0.0079,-0.0022,-0.0021,-0.0022,-0.0022,-0.0022,-0.0021
2009-01-20,-5.3144,147.105,O,,-0.0016,-0.0119,-0.0117,-0.0116,-0.0116,-0.0116,,,,,,0.0087,-0.0014,-0.0014,-0.0014,-0.0013,-0.0013,-0.0013,-0.0013,-0.0013,-0.0013,-0.0013,-0.0013,-0.0013,-0.0013,-0.0013,-0.0013,-0.0013,-0.0013
2009-01-20,-5.3144,147.105,S,,0.006,0.0003,-0.0055,-0.005,-0.005,-0.005,-0.0047,-0.0035,-0.0041,-0.0044,-0.0052,-0.0049,0.0053,0.0049,0.0046,0.0044,0.0044,0.0044,0.0042,0.0039,0.0039,-0.0065,-0.0069,-0.0069,0.0036,0.0036,0.0036,-0.0069,-0.0072
2009-01-20,-5.3144,147.105,SE,0.0192,0.0192,0.0057,0.002,0.0008,0.0008,0.0008,-0.0017,0.0008,-0.0017,0.007,0.007,0.007,-0.0029,-0.0041,-0.0041,-0.0041,-0.0065,-0.0065,-0.0065,-0.0065,-0.0065,-0.0065,0.0021,0.0021,0.0022,0.0021,0.0021,0.0021,0.0021
2009-01-20,-5.3144,147.105,SO,0.0061,,0.0064,-0.0055,0.0006,-0.0034,-0.0034,-0.0034,-0.0038,-0.004,,,,0.007,0.007,-0.0031,-0.0031,-0.0031,0.007,0.007,-0.0031,-0.0031,0.007,0.007,0.007,0.007,0.007,0.002,0.002,-0.0031
2009-04-10,-5.3144,147.105,E,,,,,,,,,0.0043,0.002,-0.0042,-0.0004,-0.0004,-0.0004,-0.0004,-0.0004,-0.0004,-0.0004,-0.0004,-0.0004,0.0071,0.0071,0.0071,0.0071,-0.0051,-0.0051,0.0071,0.0025,-0.0051,-0.0051
2009-04-10,-5.3144,147.105,N,,0.0155,0.0034,0.0029,0.0025,-0.0084,0.0025,0.002,0.002,0.0019,-0.01,0.0015,0.0013,0.0013,0.001,-0.0044,0.0013,0.0015,0.0015,0.0005,-0.004,0.0015,0.0015,0.0005,0.0015,0.0099,0.0015,0.001,-0.0023,-0.0013
2009-04-10,-5.3144,147.105,NE,0.0135,,,,,,,,,0.0013,0.0013,0.0013,-0.0018,0.0013,0.0013,0.0043,-0.0018,-0.0018,-0.0018,0.0028,0.0013,0.0012,0.0073,-0.0003,-0.0048,0.0042,0.0042,0.0043,0.0043,0.0043
2009-04-10,-5.3144,147.105,NO,0.0197,0.0194,0.0174,0.0111,0.005,0.0159,0.016,0.0161,0.0216,0.0159,0.0052,0.0052,-0.006,-0.006,0.0052,0.0052,0.0052,-0.0004,0.0052,-0.006,-0.006,-0.006,-0.006,-0.006,-0.006,0.0163,-0.0059,0.0052,-0.006,-0.0059
2009-04-10,-5.3144,147.105,O,,0.03,0.0228,0.0223,,,,0.0333,0.0333,0.0223,0.0223,0.0223,0.0112,0.0,0.0,0.0,0.0,0.0,,,,,,,,,,,,
2009-04-10,-5.3144,147.105,S,,0.0087,0.0033,0.0043,0.0028,0.0028,0.0028,0.0106,0.0103,0.0138,0.0166,0.0177,0.0152,0.0147,0.0177,0.0073,0.0076,-0.0046,-0.0051,-0.0158,-0.0161,-0.0186,-0.0186,-0.0164,-0.018,-0.0169,-0.0169,-0.0169,-0.0169,-0.0169
2009-04-10,-5.3144,147.105,SE,0.0368,0.0368,0.0299,,,,,,,,-0.0101,-0.0101,-0.0101,0.0022,0.0083,0.0074,0.0074,0.0013,-0.0048,-0.0048,-0.0048,0.0074,-0.0048,0.0005,0.0005,0.004,0.0005,0.0005,0.0005,0.0005
2009-04-10,-5.3144,147.105,SO,0.0379,,0.036,0.0232,0.0231,0.0341,0.034,0.0334,0.0223,0.0223,0.0228,0.0228,0.0223,0.0216,0.0218,0.022,0.022,0.0112,0.0167,0.0223,0.0223,0.0167,0.0112,0.0,0.0,0.0,0.0,0.0,0.0,0.0
2009-08-16,-5.3144,147.105,E,,0.0088,-0.0036,-0.0043,0.0075,0.0073,0.0073,0.0013,0.007,0.007,-0.0048,0.001,-0.005,-0.0049,-0.0049,-0.0049,0.007,-0.0049,0.0066,-0.0049,-0.0053,-0.0053,-0.0053,0.0066,0.0006,0.0006,0.0066,0.0066,0.0066,
2009-08-16,-5.3144,147.105,N,,0.0063,0.0063,0.0063,0.0063,0.0063,-0.0004,-0.0006,0.0041,0.0038,-0.0055,-0.0055,0.0063,0.0063,0.0059,1e-04,0.0047,0.0053,-0.0008,-0.0056,0.0026,-0.0015,0.0029,-0.0019,0.0022,-0.0056,0.0022,0.0014,-0.0056,-0.002
2009-08-16,-5.3144,147.105,NE,0.0018,0.0018,-0.0036,-0.0089,-0.0065,-0.0018,0.0043,0.0031,0.0031,-0.0065,-0.0071,-0.0011,,,,,,0.0079,0.0091,-0.0029,-0.0029,-0.0028,-0.0028,0.0092,0.0092,-0.0016,-0.0016,-0.0016,-0.0016,-0.0136
2009-08-16,-5.3144,147.105,NO,,,,,,,,,-0.0043,0.0069,0.0014,0.0014,0.0069,0.0069,0.0069,-0.0043,-0.0155,-0.0098,0.007,0.007,0.007,0.0014,-0.0042,-0.0042,-0.0042,-0.0042,-0.0042,-0.0042,-0.0042,-0.0042
2009-08-16,-5.3144,147.105,O,,,,,,,,0.0209,0.0098,0.0098,0.0042,-0.0014,-0.0014,0.0097,0.0041,-0.0014,-0.0014,0.0097,0.0097,-0.0015,-0.0015,-0.0127,-0.0127,-0.0127,-0.0127,-0.0127,-0.0127,-0.0127,-0.0127,-0.0127
2009-08-16,-5.3144,147.105,S,,,,0.0025,0.0024,0.0144,0.0144,0.0094,0.0034,0.0094,0.0099,0.0044,0.0044,-0.0011,0.0054,-0.0061,-0.009,-0.009,-0.0063,-0.0059,-0.006,-0.0066,-0.006,-0.0057,-0.0054,-0.0014,0.0065,0.0083,0.0026,-0.0037
2009-08-16,-5.3144,147.105,SE,,-0.0069,-0.0156,-0.0108,-0.0092,0.0028,-0.0059,-0.0059,0.0016,0.006,0.006,0.0092,0.006,-0.0028,-0.0028,0.0004,0.0004,0.0004,0.0004,0.0004,0.0004,0.0005,0.0005,0.0005,0.0005,0.0005,0.0005,0.0037,0.0036,0.0036
2009-08-16,-5.3144,147.105,SO,,,,,,,,0.0033,0.0089,0.0145,0.0141,0.0144,0.0145,0.0145,0.0145,0.0033,0.0033,-0.0079,-0.0079,0.0033,0.0033,0.0033,0.0033,0.0033,0.0033,0.0033,0.0032,0.0032,0.0032,0.0032
2010-04-29,-5.3144,147.105,E,,,,,,,,,,,,,,,,,,,,-0.0145,-0.0145,-0.0145,-0.0145,-0.0145,-0.0145,-0.0145,-0.0,-0.0,-0.0,-0.0
2010-04-29,-5.3144,147.105,N,,,-0.0216,-0.007,-0.0205,-0.0216,-0.0198,,,-0.0198,-0.022,-0.0166,-0.0169,-0.022,-0.0233,-0.0198,-0.0209,-0.0118,-0.0119,-0.012,-0.0118,-0.0036,0.0017,0.0056,0.0114,0.0114,0.0229,0.0229,0.0229,0.0229
2010-04-29,-5.3144,147.105,NE,,,0.0145,0.0113,0.0113,0.0113,0.0081,0.0113,,,,,,,,,,-0.0014,-0.0045,-0.0045,,,,,,,,,0.0338,0.0338
2010-04-29,-5.3144,147.105,NO,-0.0412,-0.041,-0.0275,-0.0398,-0.0267,-0.0382,-0.0267,-0.0268,-0.0268,-0.0268,-0.0268,-0.0268,-0.0268,-0.0268,-0.0268,-0.0385,-0.0326,-0.0267,-0.0151,-0.0151,-0.0035,-0.0035,-0.0035,-0.0035,-0.0035,-0.0035,-0.0035,-0.0035,-0.0035,-0.0035
2010-04-29,-5.3144,147.105,O,,-0.0378,-0.0346,-0.0285,-0.0343,-0.0342,-0.0342,-0.0342,-0.0342,-0.0342,-0.0225,-0.0109,-0.0109,-0.0167,-0.0109,-0.0109,-0.0109,0.0007,0.0007,0.0007,,,,,-0.0109,0.0007,0.0122,0.0122,0.0122,0.0122
2010-04-29,-5.3144,147.105,S,,-0.0296,-0.0178,-0.0188,-0.0188,-0.0188,-0.0268,-0.0268,-0.0278,-0.0267,-0.0307,-0.0208,-0.0099,-0.0096,-0.0099,-0.0169,-0.0138,-0.0099,-0.003,0.0005,-0.002,0.002,0.0077,0.0083,0.0095,0.0098,0.0095,0.0126,0.0114,0.0076
2010-04-29,-5.3144,147.105,SE,0.0389,,0.0264,0.014,0.0078,0.0016,0.0016,-0.0046,0.0018,-0.0109,0.0019,0.0022,0.0149,0.0149,0.0085,0.0022,-0.0102,-0.0102,0.0024,0.0024,0.0024,0.0024,0.0024,0.0024,0.0026,0.0024,0.0025,0.0026,0.0026,0.0088
2010-04-29,-5.3144,147.105,SO,0.0,,0.0,0.0012,0.0,0.0,0.0014,0.0,0.0,0.0,0.0012,0.0088,0.0148,0.0091,0.0032,0.0148,,,,,,,,,,,0.0262,0.0436,0.0435,0.0493
2010-05-15,-5.3144,147.105,E,,,,,,-0.0036,-0.0036,0.0034,0.0103,-0.0015,-0.0014,-0.0014,-0.0014,0.0055,-0.0014,-0.0014,-0.0014,-0.0014,0.0126,0.0007,0.0008,0.0008,0.0008,0.0008,0.0008,0.0008,0.0008,0.0008,0.0008,0.0009
2010-05-15,-5.3144,147.105,N,,,,,,,,,,,0.0064,-0.0167,-0.0036,-0.0043,-0.0043,-0.0058,-0.0026,-0.0035,0.007,0.007,0.0087,-0.0042,-0.0034,-0.0042,0.0022,0.007,0.007,-0.0045,-0.0043,0.007
2010-05-15,-5.3144,147.105,NE,,,,,,-0.0076,0.0035,0.0104,0.0049,0.0035,-0.0023,-0.0075,-0.0046,-0.0075,-0.0046,0.0007,-0.0046,-0.0046,-0.0017,-0.0017,0.0065,-0.0016,-0.0016,-0.0016,-0.0016,0.0013,0.0013,0.0013,0.0013,0.0013
2010-05-15,-5.3144,147.105,NO,,,0.0068,0.0188,0.0064,0.0065,-0.0059,-0.0059,-0.006,-0.0059,0.0067,0.0067,0.0067,-0.0059,-0.0059,-0.0059,0.0067,0.0067,-0.0059,-0.0059,-0.0059,0.0067,0.0067,0.0067,0.0067,-0.0059,-0.0059,-0.0059,-0.0059,0.0004
2010-05-15,-5.3144,147.105,O,,,0.0076,0.0075,0.0072,0.007,0.007,0.007,0.0069,0.0133,0.0133,0.0069,0.0069,0.0069,0.0069,0.0069,0.0069,0.0069,0.0069,0.0069,-0.0015,0.0069,0.0069,0.0069,0.0069,0.0069,0.0069,0.0069,0.0069,0.0195
2010-05-15,-5.3144,147.105,S,,,,,-0.0138,-0.0027,-0.0025,-0.0086,-0.0081,0.0115,0.0123,0.0122,-0.001,0.0103,-0.0009,-0.0005,0.0082,-0.0008,-0.0017,-0.0012,0.0034,-0.0004,-0.0006,-0.0012,-0.0014,-0.0028,-0.0017,-0.0014,-0.0042,-0.0011
2010-05-15,-5.3144,147.105,SE,,,,,,,0.0113,-0.0096,-0.0026,-0.0026,-0.0027,-0.0026,-0.0026,-0.0026,-0.0026,-0.0025,0.0114,0.0115,0.0045,-0.0024,0.0114,0.0115,-0.0024,-0.0024,-0.0024,-0.0024,-0.0024,-0.0024,-0.0024,-0.0024
2010-05-15,-5.3144,147.105,SO,,,,0.0048,0.0048,0.0042,0.0045,0.0039,0.0041,0.0162,0.0039,0.0032,0.0039,0.0039,0.0037,0.0038,0.0038,0.0038,0.0038,0.0038,-0.0045,-0.0045,0.0038,0.0038,0.0038,0.0038,-0.0045,0.0038,0.0038,0.0038
2010-06-16,-5.3144,147.105,O,,,,,,,,,,,,,,,,,,,,,,,,,0.0302,0.0102,0.0102,,,
2010-06-16,-5.3144,147.105,SE,,,,,,,,,,,,,,,,,,,-0.0048,-0.0078,0.0063,-0.001,-0.001,,,,,,,
2010-06-16,-5.3144,147.105,SO,,,,,,,,,,,,,,,,,,,,,,,,,-0.0304,-0.0304,-0.0304,-0.0103,-0.0103,-0.0054
2010-09-20,-5.3144,147.105,E,,-0.0013,-0.003,-0.0063,-0.0063,0.0025,0.0025,0.0025,0.0025,0.0025,0.0008,-0.0045,-0.0098,0.0008,,,,,,0.0008,-0.0009,-0.0009,-0.0009,-0.0009,-0.0009,0.0035,-0.0009,-0.0009,-0.0009,-0.0009
2010-09-20,-5.3144,147.105,N,,-0.001,0.0041,-0.001,-0.0014,0.0041,-0.001,-0.0017,-0.002,-0.001,-0.001,0.0031,-0.0013,-0.001,-0.0024,-0.0012,-0.0007,-0.0006,0.0077,0.0084,-0.0013,-0.0023,-0.0017,-0.0019,-0.0023,-0.0021,-0.002,-0.002,-0.0023,-0.0022
2010-09-20,-5.3144,147.105,NE,-0.008,-0.008,-0.0084,-0.0089,-0.0098,0.0003,0.0103,0.0016,-0.0011,-0.0111,-0.0107,-0.0011,-0.0006,-0.001,-0.0098,-0.0098,-0.001,0.0085,0.009,0.009,-0.0028,-0.0028,0.0076,-0.0028,-0.0028,-0.0037,-0.0037,-0.0037,-0.0037,0.0068
2010-09-20,-5.3144,147.105,NO,-0.0026,0.0075,-0.0037,0.0055,-0.0045,-0.0046,0.0002,0.0051,0.0003,-0.0044,-0.0044,-0.0044,-0.0044,-0.0044,0.0052,0.0052,0.0052,0.0052,0.0052,0.0004,-0.0044,0.0004,0.0052,0.0052,-0.0044,-0.0044,-0.0044,-0.0045,0.0003,-0.0044
2010-09-20,-5.3144,147.105,O,,-0.0006,-0.0016,-0.0018,0.0078,-0.002,-0.0103,-0.0103,-0.0061,-0.002,0.0028,0.0076,0.0028,0.0172,0.0125,,,,,0.0076,-0.002,-0.002,-0.002,-0.002,-0.002,-0.002,-0.002,-0.002,-0.002,-0.002
2010-09-20,-5.3144,147.105,S,,-0.0012,-0.0062,-0.0065,-0.0065,-0.0063,-0.0063,-0.0061,-0.0062,-0.0059,0.0029,-0.0057,-0.0056,-0.0057,-0.0057,0.0019,-0.0053,-0.0053,-0.0051,0.0036,0.0035,0.002,-0.0051,0.003,0.0023,0.0019,0.003,0.0017,-0.0017,0.0018
2010-09-20,-5.3144,147.105,SE,-0.0019,,,-0.0044,-0.0043,-0.0035,0.0054,0.0054,0.0046,0.0046,0.0046,0.0046,-0.0052,-0.006,-0.006,-0.0064,-0.0068,-0.0068,-0.0015,0.0037,0.0033,0.0028,-0.0024,0.0028,0.0028,0.0028,0.0028,0.0028,0.0028,0.0029
2010-09-20,-5.3144,147.105,SO,0.0063,,0.0058,-0.0033,-0.0033,-0.0033,-0.0033,-0.0033,0.0051,0.0051,-0.0033,0.0049,0.0051,0.0051,0.0049,0.005,0.0051,0.0051,0.0051,0.0051,0.0051,-0.0033,-0.0033,0.0051,0.005,0.005,-0.0033,0.005,0.005,0.005
2010-10-06,-5.3144,147.105,E,,0.0151,0.0018,-0.0003,0.0053,0.0048,-0.0013,-0.0013,0.0109,0.0098,0.0037,0.0098,-0.0024,-0.0024,-0.0146,-0.0146,-0.0023,-0.0023,-0.0023,0.0032,0.0088,0.0209,,,,,-0.0033,-0.0033,-0.0033,-0.0033
2010-10-06,-5.3144,147.105,N,,0.0032,0.0087,0.0032,0.0021,0.0028,0.0116,0.0031,0.0021,-0.0029,0.0031,-0.0019,-0.0017,0.0029,0.0014,-0.001,-0.0018,-0.0034,-0.001,-0.0004,-0.0002,-0.0006,-0.0017,-0.0017,-0.0017,-0.0017,-0.0003,-0.0017,-0.0017,-0.0021
2010-10-06,-5.3144,147.105,NE,0.0118,-0.0005,-0.0005,-0.0006,-0.0008,-0.0008,-0.0007,-0.0009,-0.0009,-0.0009,-0.0009,-0.0009,-0.001,-0.001,-0.001,-0.0011,-0.001,-0.0011,-0.0012,-0.0013,-0.0013,-0.0013,-0.0013,-0.0014,-0.0014,-0.0014,0.0047,0.0047,-0.0014,0.0047
2010-10-06,-5.3144,147.105,NO,0.0024,0.0137,0.0085,0.0012,-0.0054,-0.0054,-0.0067,-0.0082,-0.0054,0.0002,0.0059,0.0057,0.0061,0.0061,-0.0049,-0.0049,0.0006,-0.0049,-0.0082,-0.0082,-0.0082,-0.0049,-0.0049,-0.0049,-0.0049,-0.0049,-0.0049,-0.0049,-0.0049,-0.0049
2010-10-06,-5.3144,147.105,O,,0.0048,0.0076,0.007,-0.0044,-0.0047,-0.008,,,,,,-0.008,-0.0048,-0.0048,-0.0048,-0.0048,0.0063,0.0008,-0.0048,-0.0048,-0.0048,-0.0048,-0.0048,-0.0048,-0.0048,-0.0048,-0.0048,-0.0048,-0.0048
2010-10-06,-5.3144,147.105,S,,0.0083,0.0143,0.0094,0.0006,-0.0028,-0.0028,-0.0028,0.0003,-0.0036,-0.0037,-0.0028,0.0032,0.0002,-0.0027,-0.0027,-0.0027,-0.0027,-0.0026,-0.0026,-0.0026,-0.0026,-0.0025,-0.0026,-0.0025,-0.0026,-0.0008,0.0095,0.0044,-0.0026
2010-10-06,-5.3144,147.105,SE,0.0126,0.0126,0.0121,0.0112,0.0109,-0.0013,-0.0018,-0.0134,-0.0076,0.0043,0.0099,0.0099,-0.0023,-0.0023,-0.0023,0.0093,0.0093,-0.0028,-0.0028,-0.0029,-0.0029,-0.0029,-0.0034,-0.0028,0.0087,0.0027,-0.0034,-0.0034,-0.0034,-0.0034
2010-10-06,-5.3144,147.105,SO,0.0037,,0.0124,0.0127,0.0095,0.0084,-0.0021,-0.0023,-0.001,-0.0002,,,,-0.0033,-0.0033,0.0077,-0.0033,-0.0033,-0.0033,-0.0033,-0.0033,-0.0033,0.0077,-0.0033,-0.0033,0.0077,0.0022,-0.0033,-0.0033,-0.0033
2011-10-25,-5.3144,147.105,E,,,,,,,,,,,,,,0.0015,0.0015,0.0015,0.0015,0.0076,-0.0077,0.0025,-0.0128,,,,,-0.0025,0.0036,-0.0025,-0.0025,0.0006
2011-10-25,-5.3144,147.105,N,,,,,,,,,,,-0.0154,-0.018,-0.0155,-0.0147,-0.009,0.001,-0.003,0.0016,-0.003,-0.001,0.0044,0.0045,0.0034,0.0039,0.0045,0.0039,0.0045,0.0045,0.0024,-0.0016
2011-10-25,-5.3144,147.105,NE,,,,,,,,,,,0.0048,0.0048,,-0.0007,-0.0025,-0.0062,-0.0062,0.0005,0.0005,0.0005,0.0006,0.0006,0.0006,0.0072,0.0073,0.0073,0.0073,0.0072,-0.0031,-0.0031
2011-10-25,-5.3144,147.105,NO,,,,,,,,,,,,,,-0.0301,-0.0254,-0.0332,-0.0236,-0.0141,-0.0093,-0.0141,-0.0141,-0.0141,-0.0141,-0.0094,-0.0046,-0.0141,-0.0141,-0.0141,-0.0046,-0.0094
2011-10-25,-5.3144,147.105,O,,,,,,,,,,,,,,,,,,,,,,,,,,,,-0.0078,-0.0078,0.0004
2011-10-25,-5.3144,147.105,S,,,,,,,,,,,,,,,,,,,,,,,,,,0.0044,0.0044,-0.0015,-0.0007,-0.0024
2011-10-25,-5.3144,147.105,SE,,,,,,,,,,,,,,,0.0127,0.0076,-0.0054,-0.0054,-0.0054,0.0048,-0.0054,-0.0054,0.0048,0.007,0.007,0.007,-0.0032,-0.0032,-0.0032,-0.0032
2011-12-28,-5.3144,147.105,E,,0.0295,0.0187,0.0204,,,,,,,,-0.0012,-0.0011,-0.0012,-0.0011,0.0066,-0.0011,-0.0011,-0.0011,-0.0042,-0.0042,-0.0042,-0.0042,-0.0042,0.0035,-0.0042,-0.0042,-0.0042,-0.0042,-0.0042
2011-12-28,-5.3144,147.105,N,,0.0097,0.002,0.0095,0.0012,0.0095,-0.0059,-0.007,0.0015,0.0076,0.0005,0.0082,-0.0057,-0.0059,-0.0061,0.0045,0.0046,0.0055,0.0059,-0.0014,0.0048,-0.0079,-0.0081,-0.0092,-0.0093,-0.0026,0.0048,0.0044,0.0015,-0.0016
2011-12-28,-5.3144,147.105,NE,0.0092,-0.0063,0.0016,0.0095,-0.0058,-0.0136,,,,,,-0.0128,-0.0047,-0.0047,-0.0047,-0.0047,-0.0047,0.0107,-0.0044,-0.0044,-0.0044,-0.0044,-0.0044,-0.0041,-0.0041,-0.0041,-0.0041,-0.0041,-0.0041,-0.0041
2011-12-28,-5.3144,147.105,NO,0.004,0.0034,-0.0016,-0.0082,-0.0025,-0.0159,-0.0159,-0.0159,-0.0159,-0.0159,-0.0159,-0.0018,-0.0018,-0.0018,-0.0018,-0.0088,-0.0018,-0.0018,-0.0018,-0.0017,-0.0018,-0.0018,-0.0018,-0.0017,-0.0017,-0.0017,-0.0018,-0.0018,-0.0018,-0.0018
2011-12-28,-5.3144,147.105,O,,0.0044,0.0016,0.001,-0.0065,0.0003,0.0003,0.0003,0.0003,0.0003,0.0003,0.0003,0.0002,0.0002,-0.0068,0.0002,0.0002,0.0002,0.0002,0.0002,0.0002,0.0002,0.0003,0.0003,0.0003,,,,-0.0138,-0.0138
2011-12-28,-5.3144,147.105,S,,0.0045,0.0037,0.005,0.0045,0.0045,0.0046,0.0042,-0.0107,-0.0104,0.0028,0.0025,0.0163,0.0149,0.0046,-0.0008,-0.0012,0.0008,-0.0,-0.0018,-0.0026,-0.0011,-0.0006,0.0096,0.0041,-0.0006,-0.0042,-0.0024,-0.0042,-0.0034
2011-12-28,-5.3144,147.105,SE,0.0051,0.0206,0.019,-0.0063,0.0007,-0.007,0.0007,-0.0148,-0.0071,-0.0149,0.0,-0.0007,-0.0008,0.0133,0.0133,0.0133,0.0118,-0.0036,-0.0036,-0.0036,0.0041,-0.0036,-0.0036,-0.0036,-0.0044,-0.0051,0.0033,-0.0036,0.0033,0.0103
2011-12-28,-5.3144,147.105,SO,0.0027,,-0.0004,-0.0152,-0.0102,-0.0042,-0.0048,-0.0184,-0.0174,-0.018,-0.0052,0.0013,-0.0049,-0.0054,-0.0049,-0.0049,-0.0049,-0.0049,-0.0049,0.0092,-0.0049,-0.0049,-0.0049,-0.0049,-0.0049,-0.0049,-0.0189,-0.0189,-0.0049,-0.0049
2012-04-18,-5.3144,147.105,E,,-0.0637,-0.0405,-0.0002,-0.0069,,,,,,,0.0223,0.0103,0.0103,0.0044,-0.0016,-0.0016,0.0156,0.0103,0.0035,0.0035,0.0035,-0.0087,-0.0087,-0.0087,-0.0148,-0.021,-0.0087,0.0035,0.0035
2012-04-18,-5.3144,147.105,N,,0.048,0.0383,0.036,0.0281,0.0323,0.024,0.0101,0.0006,-0.0018,0.0045,0.0016,0.0089,0.0124,0.0124,0.0132,0.0132,0.0125,0.0016,0.0016,0.0015,0.0015,-0.004,-0.0095,-0.0095,-0.0205,-0.0095,-0.0095,-0.0034,0.0015
2012-04-18,-5.3144,147.105,NE,-0.0491,-0.0371,-0.0332,-0.0294,-0.0375,-0.0495,-0.0577,-0.0655,-0.0655,,,,0.0134,0.0134,0.0134,0.0015,0.0015,0.0015,0.0093,0.0093,0.0093,0.0033,-0.0027,0.005,0.005,0.005,-0.007,-0.007,-0.007,0.005
2012-04-18,-5.3144,147.105,NO,0.0235,0.035,0.0372,0.0257,0.0145,0.0145,0.0145,0.0145,0.0145,0.0145,0.0145,0.0255,0.0255,0.031,0.0255,0.0145,0.0035,0.0035,-0.0132,-0.0188,-0.0188,-0.0076,-0.0076,-0.0076,-0.0076,-0.0021,0.0035,-0.0076,-0.0076,-0.0076
2012-04-18,-5.3144,147.105,O,,0.0157,0.0148,0.0147,0.0256,0.02,0.0146,0.0255,0.0255,0.0255,0.02,0.0146,0.0146,0.0036,0.0036,0.0036,-0.0075,-0.0186,-0.0298,-0.0298,-0.0298,-0.0131,-0.0075,-0.0186,,,,-0.0186,-0.0298,-0.0298
2012-04-18,-5.3144,147.105,S,,0.0167,0.018,0.0077,0.0048,0.0077,0.0048,0.0104,0.0123,0.0077,0.0074,0.0075,0.0059,0.0075,0.0131,0.0104,0.0158,0.005,0.0037,0.0047,0.0023,-0.0052,-0.0098,-0.0011,-0.0031,-0.0031,-0.005,-0.0072,-0.008,-0.0074
2012-04-18,-5.3144,147.105,SE,-0.0579,-0.0459,-0.041,-0.0156,-0.0071,-0.0071,-0.0191,-0.0191,-0.0071,-0.0047,0.0098,-0.0022,-0.0022,-0.0022,0.0147,0.0147,0.0196,0.0196,0.0196,0.0074,-0.0147,-0.0098,-0.0147,-0.0013,-0.0049,-0.0063,0.0022,0.0022,0.0022,0.0022
2012-04-18,-5.3144,147.105,SO,0.02,,0.0211,0.0223,0.0278,0.0222,0.0223,0.0328,0.0222,0.0328,0.0328,0.0327,0.0328,0.0328,0.0328,0.0328,0.0274,0.0328,0.0219,0.0328,0.0328,0.0328,0.0328,0.0328,0.0219,0.0219,0.0219,0.0274,0.0274,0.0219
2012-07-23,-5.3144,147.105,E,,,,,,,,,-0.0081,0.0008,0.0008,0.0009,0.0009,0.0009,0.0008,0.0008,0.0009,0.0009,0.0009,0.0005,0.0004,0.0005,0.0005,0.0098,0.0052,0.0005,0.0004,0.0,-0.0045,0.0002
2012-07-23,-5.3144,147.105,N,,-0.0045,0.0003,0.0003,-0.0042,-0.0042,-0.004,-0.0038,-0.0038,-0.0037,-0.0036,-0.0123,-0.0122,-0.0123,-0.0079,-0.0035,0.0051,0.0051,0.0052,0.0051,0.0052,0.0052,-0.0036,-0.0036,-0.0036,0.0052,-0.0036,-0.0036,-0.0035,-0.0035
2012-07-23,-5.3144,147.105,NE,-0.0042,,,,,,,,,-0.0045,0.0003,0.0003,-0.001,0.0003,0.0003,-0.0009,-0.0009,0.0072,-0.0009,0.0032,0.0073,-0.0021,-0.0021,0.0019,0.0061,-0.0033,-0.0033,-0.0033,-0.0033,-0.0033
2012-07-23,-5.3144,147.105,NO,0.0053,0.0054,0.004,-0.0003,-0.0044,-0.0044,-1e-04,0.0043,0.0043,0.0043,0.0043,-1e-04,-0.0045,0.0131,-0.0045,0.0043,0.0043,0.0043,0.0043,0.0043,0.0043,0.0043,0.0043,0.0043,0.013,0.013,0.013,0.013,0.0044,0.0044
2012-07-23,-5.3144,147.105,O,,0.0101,0.0059,0.0015,0.006,0.0105,0.0105,0.0105,0.0016,0.0016,0.0104,0.0104,0.0104,0.0104,0.0104,0.006,0.0016,0.0103,0.0103,0.0103,0.0059,0.0103,0.0103,0.0103,0.0192,0.0192,0.0192,0.0148,,
2012-07-23,-5.3144,147.105,S,,-0.0041,-0.0038,-0.0038,-0.0038,-0.0041,-0.0041,-0.0044,-0.004,-0.0038,0.0043,-0.0033,0.0009,-0.0035,-0.0033,-0.0024,-0.0021,-0.0019,-0.0024,-0.0019,-0.0024,-0.0021,-0.0019,-0.0014,-0.0014,-0.0009,0.0015,-0.0014,-0.0017,-0.0014
2012-07-23,-5.3144,147.105,SE,-0.0104,,-0.0096,,,,,,,,0.0075,0.0123,-0.0066,0.0028,0.0028,0.0035,0.0035,0.0035,0.0035,0.0035,0.0035,0.0036,-0.0052,0.0036,0.0039,-0.0052,-0.0052,-0.0052,0.0036,-0.0052
2012-07-23,-5.3144,147.105,SO,0.0087,,-0.0003,-0.0,0.0,1e-04,0.0003,0.0091,0.0091,0.0091,0.0003,0.0003,0.0091,0.0005,0.0002,0.0002,0.0047,0.0002,0.0002,0.0002,0.0002,1e-04,1e-04,0.0089,1e-04,1e-04,0.0089,0.0089,1e-04,0.0045
2012-09-25,-5.3144,147.105,E,,0.0066,0.0004,-0.0058,-0.0037,0.0005,-0.0058,0.0067,0.0192,,,,,,,-0.0057,-0.0057,-0.0057,-0.0057,-0.0057,0.0068,0.0068,0.0005,0.0068,0.0068,-0.0057,-0.0057,0.0068,0.0068,0.0068
2012-09-25,-5.3144,147.105,N,,0.0077,0.0011,0.0077,0.0166,0.0173,0.0054,-0.0048,-0.006,-0.0088,-0.0047,-0.0017,0.0008,0.0007,-0.0036,-0.0048,0.0018,0.0045,0.0066,0.0063,0.0028,-0.0014,-0.0047,-0.001,0.0016,0.0019,0.0019,-0.0086,0.0015,0.0019
2012-09-25,-5.3144,147.105,NE,0.0233,0.0233,0.0167,0.0225,0.01,0.0029,-0.0042,0.0083,0.0075,0.0075,-0.0033,-0.0033,-0.0033,0.0034,-0.0033,,0.0067,0.0059,0.0059,0.0059,-0.0067,-0.0067,0.0051,0.0051,-0.0008,0.0051,-0.0012,-0.0075,-0.0074,-0.0074
2012-09-25,-5.3144,147.105,NO,0.0121,0.0116,0.0053,-0.0053,-0.0062,0.0045,0.0047,0.005,0.0052,0.0052,0.0052,0.0052,0.0052,-0.0005,0.0053,0.0053,0.0052,0.0052,0.0053,0.0053,0.0053,0.0053,0.0053,-0.0062,0.0053,0.0053,0.0053,0.0053,0.0053,0.0053
2012-09-25,-5.3144,147.105,O,,0.0031,0.0005,-1e-04,0.0109,-0.0007,-0.0007,-0.0007,-0.0064,-0.0121,-0.0121,-0.0121,-0.0121,-0.0007,-0.0007,-0.0007,-0.0121,-0.0007,-0.0007,,,,,,-0.0007,-0.0007,-0.0007,-0.0007,-0.0007,-0.0007
2012-09-25,-5.3144,147.105,S,,-0.0053,0.0067,0.0195,0.0132,0.007,0.0062,-0.0056,0.0072,0.0068,0.0059,0.0067,0.0062,0.0055,0.0039,0.0028,0.0039,0.0034,0.0018,0.001,-0.0087,0.0018,0.0018,0.0008,-0.0024,0.0008,0.0008,0.0008,0.0013,0.0008
2012-09-25,-5.3144,147.105,SE,0.0174,0.0174,0.003,0.0066,0.012,0.012,0.012,-0.0024,-0.0033,-0.0042,-0.0024,0.003,0.003,0.0083,-0.0042,0.0065,0.0065,0.0127,0.019,0.0065,-0.0007,0.0046,0.0046,0.0046,0.0046,-0.0061,-0.0061,-0.0061,-0.0079,-0.0061
2012-09-25,-5.3144,147.105,SO,0.0065,,0.0157,0.016,0.0188,0.0126,0.0114,0.0115,0.0114,0.0,0.0,0.0102,0.0104,0.01,0.0057,0.0,0.0,0.0,0.0,0.0,0.0114,0.0114,0.0,0.0,0.0,0.0114,0.0,0.0228,0.0114,0.0227
2012-10-11,-5.3144,147.105,E,,-0.0151,-0.014,-0.0116,-0.0053,0.0009,0.001,0.001,-0.0093,,,,,,,-0.0092,-0.0092,0.0022,0.0022,0.0033,0.0033,0.0033,0.0034,0.0033,0.0033,0.0034,-0.0017,-0.0068,0.0034,-0.0068
2012-10-11,-5.3144,147.105,N,,0.0061,0.0018,0.0061,0.0015,0.0061,0.0061,-0.0053,-0.0015,0.0047,0.0066,0.0075,0.0007,-0.004,0.0038,0.0059,0.0058,-0.0027,-0.0037,-0.0032,-0.0013,-0.0045,-0.0046,-0.0047,-0.0047,-0.0047,0.0016,-0.0047,-0.003,-0.0031
2012-10-11,-5.3144,147.105,NE,0.0007,0.0121,0.0113,-0.0009,-0.0024,0.0025,-0.0024,-0.0009,-0.0056,-0.004,0.0074,0.009,-0.0024,0.0041,0.0204,,0.0043,0.0035,-0.0087,-0.0087,0.0028,0.0028,0.0028,0.0028,0.0012,0.0012,0.0012,0.0012,-0.0102,-0.0102
2012-10-11,-5.3144,147.105,NO,0.0045,0.0041,-0.0064,-0.0007,-0.0015,0.0088,0.0038,0.009,-0.0012,-0.0012,-0.0012,-0.0012,-0.0012,-0.0012,-0.0012,-0.0038,-0.0064,-0.0012,-0.0012,-0.0012,-0.0012,-0.0012,-0.0012,-0.0064,-0.0012,-0.0012,-0.0012,-0.0012,-0.0064,-0.0064
2012-10-11,-5.3144,147.105,O,,0.0064,0.0039,-0.0019,0.0031,-0.0024,-0.0024,-0.0024,0.0029,-0.0024,-0.0024,-0.0024,0.0082,0.0082,-0.0024,-0.0025,-0.0025,-0.0076,-0.0076,,,,,,-0.0025,-0.0025,-0.0025,-0.0025,-0.0025,-0.0076
2012-10-11,-5.3144,147.105,S,,0.0127,0.0123,0.0122,0.0113,0.0013,0.0013,0.0008,0.0008,-0.0046,-0.0003,0.0015,0.0007,0.0008,1e-04,-0.0014,-0.0006,-0.001,-0.0014,-0.0021,-0.0014,-0.0028,-0.0028,-0.0027,-0.002,-0.0016,-0.0028,-0.0021,-0.0019,-0.0024
2012-10-11,-5.3144,147.105,SE,-0.0066,-0.0066,-0.0059,-1e-04,0.0058,0.0058,-0.0053,-0.0053,-0.0051,0.0063,0.0061,0.0064,0.0064,-0.0049,-0.005,-0.005,-0.0047,-0.0047,0.0068,0.0068,-0.0046,0.0068,0.0068,0.007,0.0068,-0.0045,-0.0043,-0.0044,-0.0043,-0.0043
2012-10-11,-5.3144,147.105,SO,0.0223,,0.0196,0.0065,0.0034,0.0057,0.0056,0.0052,0.0052,0.0051,0.0051,0.0051,0.0051,0.0051,0.0046,0.0051,0.0051,0.0051,0.0051,0.0051,0.0051,0.0051,0.0157,0.0157,0.0051,0.0051,0.0051,0.0051,0.0051,0.0051
2013-06-16,-5.3144,147.105,E,,0.0022,0.0017,0.0013,0.0009,0.0002,-0.0009,-0.001,-0.0009,-0.0006,0.0,0.0008,0.0019,0.0011,-0.0,-0.0017,-0.001,-0.0002,0.0007,0.0021,0.0016,0.0014,0.001,0.0006,0.0003,-0.0003,-0.0002,0.0007,0.0004,0.0005
2013-06-16,-5.3144,147.105,N,,0.004,0.0033,0.0028,0.0038,0.0064,0.0077,0.0067,0.006,0.0037,0.0027,0.002,0.0022,0.0032,0.0034,0.0024,0.0029,0.0019,0.0011,0.0005,-0.0003,-0.0011,-0.0019,-0.0022,-0.0024,-0.0025,-0.0024,-0.0025,-0.0022,-0.0009
2013-06-16,-5.3144,147.105,NE,-0.0033,-0.0042,-0.0045,-0.0048,-0.0049,-0.005,-0.0054,-0.0046,-0.0023,-0.0006,-0.0003,-0.0005,0.0004,0.0008,0.0012,0.0007,0.0006,0.0005,0.0005,0.0006,-0.0004,-0.0014,-0.0008,-0.0002,0.0004,-1e-04,0.0,0.0008,-0.0002,-0.0009
2013-06-16,-5.3144,147.105,NO,0.0024,0.002,0.0006,-0.0006,-0.0026,0.0,0.002,0.0024,0.0022,0.0009,0.0011,0.0005,0.0004,0.0005,-0.0,0.0003,0.0006,0.0002,0.0,0.0003,-0.0,-0.0005,-0.0021,-0.003,-0.0028,-0.0031,-0.0034,-0.0042,-0.0038,-0.004
2013-06-16,-5.3144,147.105,O,,0.0056,0.0043,0.0034,0.0036,0.0038,0.0041,0.0054,0.0057,0.0052,0.0048,0.0038,0.0035,0.0032,0.0025,0.0027,0.0026,0.0023,0.0022,0.0007,-0.0007,-0.0019,-0.0029,-0.0041,-0.0052,-0.0073,-0.0093,-0.0103,-0.0105,-0.0086
2013-06-16,-5.3144,147.105,S,,0.0147,0.0148,0.0141,0.0124,0.0099,0.0073,0.0076,0.0086,0.0101,0.0096,0.0072,0.0049,0.0031,0.0026,0.0023,0.0022,0.0016,-0.0002,-0.0016,-0.0022,-0.002,-0.0022,-0.0028,-0.0016,-0.0022,-0.0032,-0.002,-0.0016,-0.0016
2013-06-16,-5.3144,147.105,SE,-0.0086,-0.0093,-0.006,-0.0015,-0.0003,-0.0007,-0.0018,0.0007,0.0002,0.0012,0.0015,0.0007,-1e-04,-0.0,-0.0003,0.0016,0.0024,0.0008,0.0002,-0.0003,-0.0003,0.0004,0.0019,0.0021,0.0016,0.0012,1e-04,-0.0008,-0.0016,-0.0021
2013-06-16,-5.3144,147.105,SO,0.0121,,0.0107,0.01,0.0098,0.0089,0.007,0.0065,0.0062,0.0063,0.0065,0.0061,0.0049,0.0032,0.0024,0.0032,0.0028,0.0025,0.0009,0.0,0.0002,0.0004,-0.0007,-0.0026,-0.0059,-0.0064,-0.0064,-0.0064,-0.0064,-0.002
2013-09-28,-5.3144,147.105,E,,-0.0089,-0.0064,-0.0014,-0.0072,-0.0047,-0.0104,-0.0046,0.0012,0.0037,0.0037,0.0037,0.0037,-0.0021,0.0037,0.0037,0.0037,0.0037,0.0037,-0.0054,-0.0053,0.0037,0.0005,0.0062,0.0005,-0.0052,0.0005,-0.0071,-0.0053,
2013-09-28,-5.3144,147.105,N,,0.0075,0.0075,0.0017,0.0017,0.0017,0.0132,0.0073,-0.004,-0.0041,0.0062,0.0062,-0.0047,-0.0041,0.0049,0.0048,0.0036,-0.0032,-0.0031,0.0002,0.0032,-0.0026,-0.0039,-0.0033,-0.0029,-0.0022,-0.0024,0.003,0.003,0.0028
2013-09-28,-5.3144,147.105,NE,-0.0083,0.0031,-0.0016,-0.0064,-0.0064,-0.0035,-0.0026,-0.0025,-0.0044,-0.0025,-0.0006,-0.0006,-0.0006,-0.0044,-0.0006,0.0014,-0.0025,0.0014,0.0033,0.0071,0.0033,0.0033,0.0033,0.0033,0.0033,-0.0063,-0.0063,-0.0063,-0.0063,-0.0063
2013-09-28,-5.3144,147.105,NO,,,,,,,,,,0.0012,0.0065,0.0065,0.0012,0.0012,0.0012,0.0012,0.0012,0.0012,0.0012,0.0012,0.0012,0.0012,0.0012,0.0012,0.0012,0.0012,0.0012,0.0012,0.0011,0.0012
2013-09-28,-5.3144,147.105,O,,,,,,,,0.0141,0.0035,0.0035,0.0035,-0.0071,0.0035,0.0035,0.0034,0.0034,0.0034,0.0034,0.0034,0.0034,0.0034,0.0034,0.0034,-0.0019,-0.0072,0.0034,0.0034,-0.0072,-0.0072,0.0034
2013-09-28,-5.3144,147.105,S,,,,0.0065,0.0179,0.0179,0.0179,0.0065,0.0061,0.0061,0.0059,0.0057,0.0057,-0.0003,-0.0007,0.0051,0.0049,0.0049,0.0051,0.0047,-0.0051,-0.0051,1e-04,0.0002,0.0055,-0.0047,-0.0048,-0.005,-0.0051,-0.0048
2013-09-28,-5.3144,147.105,SE,-0.0216,-0.0216,-0.0166,-0.009,-0.0065,-0.0065,-0.0015,-0.0015,-0.0015,-0.0015,-0.0015,0.0036,0.0036,0.001,0.0036,-0.0029,-0.0028,-0.0028,-0.0029,-0.0046,-0.0046,-0.0046,-0.0028,-0.0028,0.0087,-0.0028,0.003,-0.0028,-0.0037,-0.0046
2013-09-28,-5.3144,147.105,SO,,,,,,,,,0.0012,0.0012,0.0012,0.0012,0.0012,0.0011,-0.0095,-0.0095,-0.0095,0.0011,0.0011,0.0011,0.0011,-0.0095,-0.0095,0.001,0.001,0.001,-0.0095,-0.0095,-0.0095,0.001
2013-10-14,-5.3144,147.105,E,,-0.0299,,,,,,,,-0.0053,-0.0053,0.0067,0.0067,0.0067,0.0067,0.0067,-0.0053,-0.0053,-0.0053,-0.0004,-0.0004,-0.0004,-0.0004,-0.0004,-0.0004,-0.0004,-0.0004,-0.0004,-0.0004,-0.0004
2013-10-14,-5.3144,147.105,N,,0.0062,0.0173,0.0062,0.0053,0.0047,0.0042,-0.0008,0.0012,0.0008,0.0038,0.0051,0.0024,0.0022,0.0083,-0.002,-0.0018,-0.0017,-0.0016,-0.0017,-0.0017,-0.0017,-0.0017,-0.0017,-0.0017,-0.0018,-0.0018,-0.0018,-0.0018,-0.0018
2013-10-14,-5.3144,147.105,NE,0.0087,-0.0033,-0.0033,,,,,,,-0.0009,-0.0009,-0.0009,-0.0066,-0.0009,-0.0012,-0.0006,-0.0003,-0.0003,0.0002,0.0002,0.0002,0.0002,0.0002,0.0002,0.0008,0.0008,0.0008,0.0008,0.0008,0.0008
2013-10-14,-5.3144,147.105,NO,0.0107,0.01,0.0069,0.0049,0.0033,-0.0075,-0.0073,-0.0069,0.0041,0.0041,0.0041,-0.0069,-0.0069,-0.0069,-0.0069,-0.0069,-0.0069,-0.0069,-0.0069,-0.0014,0.0041,-0.0069,-0.0069,-0.0069,-0.0069,-0.0069,0.004,0.004,-0.0015,-0.007
2013-10-14,-5.3144,147.105,O,,0.0133,0.0102,0.0044,0.0037,0.0033,0.0033,0.0143,0.0143,0.0143,0.0088,0.0143,0.0143,0.0033,0.0033,0.0033,0.0143,0.0143,0.0142,0.0033,0.0033,0.0033,0.0142,0.0142,0.0032,0.0087,0.0142,,,
2013-10-14,-5.3144,147.105,S,,0.0117,0.0116,0.0174,0.0174,0.0159,0.0055,0.0051,0.0055,0.0055,0.0057,0.0053,-0.0049,-0.0027,-0.0069,-0.0061,-0.0073,-0.0073,-0.0069,-0.0004,0.0035,0.0035,0.0035,0.0016,0.0031,0.0031,0.0007,0.0028,-0.0015,0.0002
2013-10-14,-5.3144,147.105,SE,-0.0018,-0.0137,0.0004,-0.0093,-0.0093,-0.0093,-0.0093,,,,,-0.0028,-0.0028,0.0091,0.0031,-0.0007,-0.0028,-0.0007,-0.0006,-0.0006,0.0113,0.0005,-0.0006,-0.0006,0.0016,-0.0006,-0.0006,0.0016,0.0016,0.0016
2013-10-14,-5.3144,147.105,SO,0.0166,,-0.0066,-0.0065,-0.0037,-0.0018,-0.0032,-0.0031,-0.0032,-0.0032,-0.0032,-0.0032,-0.0032,-0.0032,-0.0039,-0.0031,-0.0031,-0.0031,-0.0031,0.0078,0.0078,0.0023,-0.0031,-0.0031,-0.0031,-0.0031,-0.0031,-0.0031,-0.0031,-0.0031
2014-05-10,-5.3144,147.105,E,,,,-0.0027,-0.0027,0.0016,-0.0043,-0.0043,-0.0043,0.0058,0.0058,-0.0059,0.0058,-0.0,0.0058,0.0059,0.0058,-0.0059,-0.0059,-0.0059,-0.0075,-0.0075,0.0043,0.0043,-0.0075,-0.0075,-0.0075,0.0043,0.0043,0.0043
2014-05-10,-5.3144,147.105,N,,,,,,,-0.0131,-0.0131,-0.0064,-0.0013,-0.002,-0.003,-0.0021,-0.0013,0.0072,-0.0013,-0.003,-0.0013,-0.0003,-0.0079,-0.0087,-0.0012,0.0044,-0.0032,-0.0024,-0.003,-0.002,-0.0012,0.0021,-0.0012
2014-05-10,-5.3144,147.105,NE,,,,-0.0062,-0.0066,-0.0068,-0.007,-0.007,-0.007,-0.0013,0.0044,0.0044,-0.0068,-0.0062,-0.0074,-0.0074,-0.0074,0.004,0.0037,0.0037,0.0037,0.0037,0.0037,0.0033,-0.0081,0.0033,-0.0083,-0.0085,0.0033,0.0033
2014-05-10,-5.3144,147.105,NO,,,,,,,0.0014,0.0014,0.0067,0.012,0.012,0.012,0.0014,0.012,0.012,0.012,0.012,0.012,0.012,0.0226,0.0226,0.0226,0.0226,0.0226,0.0121,0.0226,0.0226,0.0226,0.0226,0.0226
2014-05-10,-5.3144,147.105,O,,,,,-0.0155,-0.0148,-0.0148,-0.0255,-0.0148,-0.0096,-0.0043,-0.0043,-0.0043,-0.0043,-0.0043,-0.0043,-0.0043,0.001,0.0062,-0.0043,0.001,0.001,0.0062,0.0167,0.0167,0.0062,0.0063,0.0063,0.0062,0.0062
2014-05-10,-5.3144,147.105,S,,,,,,,,,,,-0.0079,-0.0161,-0.0113,-0.0075,-0.0145,-0.0048,-0.0078,-0.0079,-0.0029,-0.0056,-0.0067,-0.0056,-0.0022,0.0057,0.006,0.0069,0.007,-0.0022,-0.0036,-0.0032
2014-05-10,-5.3144,147.105,SE,,,,0.0124,0.0006,0.0006,-0.0028,0.0048,-0.0028,-0.0011,-0.0028,-0.0028,-0.0028,0.0056,0.0056,0.0022,0.0022,0.0022,0.0022,0.0022,-0.0038,0.0022,-0.0013,-0.0013,-0.0013,-0.0096,-0.0013,0.0022,0.0104,0.0104
2014-05-10,-5.3144,147.105,SO,,,,,,0.0112,0.012,0.012,0.0226,0.032,0.0226,0.0139,0.012,0.0133,0.0226,0.0331,0.0337,0.0331,0.0435,0.0435,0.0435,0.0435,0.0435,0.0435,0.0435,0.0435,0.0435,0.0435,0.0487,0.0539
2014-06-11,-5.3144,147.105,E,,-0.0115,-0.0093,-0.005,-0.005,,,,,,,,-0.0076,-0.0006,-0.0006,-0.0006,-0.0006,-0.0006,-0.0006,-0.0006,-0.0124,-0.0124,0.0016,0.0016,0.0016,0.0017,0.0017,0.0017,0.0016,-0.0102
2014-06-11,-5.3144,147.105,N,,-0.0096,0.0041,0.003,0.0029,-0.0034,-0.0095,-0.0042,0.0011,0.0034,0.0035,0.0042,0.004,0.0037,0.0042,0.004,0.0036,0.0017,0.0018,0.0018,0.0017,0.0017,0.0017,0.0018,0.0017,0.0016,-0.0052,-0.0108,0.0005,-0.0052
2014-06-11,-5.3144,147.105,NE,-0.0071,0.0069,-0.0007,0.0058,-0.0083,-0.0108,-0.0128,-0.0117,-0.0117,,,,-0.013,-0.013,0.001,0.008,0.015,0.001,-1e-04,0.0005,-1e-04,-1e-04,-1e-04,-1e-04,-0.0013,-0.0013,-0.0013,-0.0013,-0.0013,-0.0013
2014-06-11,-5.3144,147.105,NO,-0.0191,-0.0193,-0.0198,-0.014,-0.0086,-0.0084,-0.0084,-0.0082,-0.0145,-0.0084,-0.0082,-0.0145,-0.0207,-0.0145,-0.0082,-0.0145,-0.0207,-0.0207,-0.0207,-0.0082,-0.0082,-0.0082,-0.0082,-0.0082,-0.0082,-0.0082,-0.0082,-0.0082,-0.0082,-0.0145
2014-06-11,-5.3144,147.105,O,,-0.0114,-0.0111,0.0013,0.0012,-0.0115,-0.0115,-0.0115,0.001,0.001,0.001,0.001,0.001,-0.0115,0.001,0.001,0.001,0.001,0.001,0.001,0.001,0.001,0.001,0.0135,,,,0.001,0.001,0.0134
2014-06-11,-5.3144,147.105,S,,-0.0017,0.0119,0.0193,0.0189,0.0112,0.0052,0.0048,0.0048,0.005,0.0049,0.0045,-0.0031,0.0035,0.0035,0.0033,0.003,-0.0094,-0.0032,0.0029,0.0024,0.0024,0.0018,0.0024,0.0018,0.0018,0.0018,0.0027,0.0028,0.0029
2014-06-11,-5.3144,147.105,SE,0.0234,0.0234,0.0338,0.0213,0.0124,0.0193,0.0123,0.0123,-0.0017,-0.0036,-0.0054,-0.0054,0.0016,-0.0002,0.0049,0.012,0.0153,0.0153,0.0013,0.0013,0.0013,-0.0075,0.0013,0.0014,0.0014,-0.0005,-0.0023,-0.0023,-0.0023,-0.0023
2014-06-11,-5.3144,147.105,SO,0.0024,,0.0,0.0014,0.0133,0.0004,0.0002,0.0126,0.0127,0.0125,0.0246,0.0125,0.0125,0.0125,0.0125,0.0125,0.0125,0.0125,0.0062,0.0,0.0125,0.0125,0.0125,0.0125,0.0062,0.0062,0.0,0.0062,0.0125,0.0125
2014-08-06,-5.3144,147.105,E,,,,,,,,,,0.0068,0.0056,0.0059,0.0045,0.003,-0.0051,-0.0126,-0.0102,0.0075,0.0121,0.0115,0.01,0.0096,0.0098,0.0058,0.0025,-0.0025,-0.0012,-1e-04,0.0064,0.0076
2014-08-06,-5.3144,147.105,N,,,,,,,,,,0.0012,0.0012,0.001,0.0017,0.0028,0.0032,0.0026,0.0049,0.0045,0.0053,0.0032,0.0046,0.0045,0.0048,0.0045,0.0048,0.0043,0.0034,0.0034,-0.0087,-0.0099
2014-08-06,-5.3144,147.105,NE,,,,,,,,,,,-0.0067,-0.0051,-0.009,-0.0004,-0.0012,0.004,0.0072,0.0046,0.0035,0.0043,0.0057,0.0034,0.0046,0.0007,-0.0004,-0.0033,-0.003,-0.0031,-0.0021,-0.0018
2014-08-06,-5.3144,147.105,NO,,,,,,,,0.0059,0.0105,0.0142,0.0177,0.017,0.0143,0.0161,0.008,0.0054,0.0013,0.0035,0.01,0.0111,0.0112,0.012,0.0182,0.0212,0.0171,0.0262,0.0286,,,
2014-08-06,-5.3144,147.105,O,,,,,,,0.019,0.0213,0.0214,0.0207,0.0194,0.0192,0.0152,0.0227,0.0204,0.0194,0.0166,0.0069,0.0133,0.0096,0.0039,0.0,0.0035,0.004,0.0145,0.0245,0.0279,,,
2014-08-06,-5.3144,147.105,S,,,,,0.0238,0.0241,0.0215,0.0152,0.0066,-0.0016,-0.0038,-0.005,-0.006,-0.0038,-0.0016,0.0049,,,,,,,,,,,,,,
2014-08-06,-5.3144,147.105,SE,,,,,,,0.0189,0.0026,-0.0007,-0.0004,-1e-04,-1e-04,-1e-04,-1e-04,-1e-04,-1e-04,0.0004,,,,,,,,,,,,,
2014-08-06,-5.3144,147.105,SO,,,,0.0249,0.0272,0.0292,0.0301,0.029,0.0257,0.0224,0.0183,0.016,0.0124,0.0163,0.0175,0.0098,0.0207,,,,,,,,,,,,,
2014-10-17,-5.3144,147.105,E,,-0.005,-0.0079,-0.0091,1e-04,0.0018,0.0018,-0.0028,0.0018,0.0035,0.0035,-0.0011,0.0035,0.0035,-0.0057,-0.0011,0.0035,0.0035,-0.004,-0.004,-0.004,-0.004,-0.004,-0.004,-0.004,-0.004,-0.004,,,
2014-10-17,-5.3144,147.105,N,,0.0024,0.0027,0.0025,0.0024,0.0025,0.0025,0.0025,0.0018,0.0025,-0.0062,-0.0062,0.0022,0.0025,0.002,-0.0062,-0.002,0.0012,-0.0066,-0.0062,0.0012,0.0011,0.0017,0.0017,0.0017,-0.0004,0.001,0.0016,0.0017,0.0017
2014-10-17,-5.3144,147.105,NE,0.0169,0.0169,0.0064,0.0051,0.0051,0.0058,0.0025,-1e-04,-1e-04,-0.0014,-0.0028,-0.0028,-1e-04,-0.0028,-0.0028,-0.0054,-0.0053,-0.0053,-0.0027,0.0013,0.0013,0.0013,0.0013,0.0013,0.0013,0.0013,-0.0013,0.0079,0.0079,0.0079
2014-10-17,-5.3144,147.105,NO,0.0011,0.001,0.0,-1e-04,,,,,,,,,,,,,,,-0.0006,-0.0006,-0.0006,-0.0006,-0.0006,-0.0006,-0.0006,-0.0006,-0.0006,-0.0006,-0.0006,-0.0006
2014-10-17,-5.3144,147.105,O,,,,,,,,,,-0.0025,-0.0025,-0.0025,-0.0025,-0.0025,-0.0025,-0.0025,-0.0025,-0.0025,-0.0025,0.0061,0.0061,-0.0025,-0.0025,0.0061,-0.0025,0.0061,-0.0025,-0.0025,-0.0025,-0.0025
2014-10-17,-5.3144,147.105,S,,-0.005,-0.0052,0.004,-0.0048,-0.0052,-0.0063,-0.0052,0.0038,0.004,0.0131,0.0038,-0.0011,-0.0055,-0.0058,-0.006,-0.0016,-0.0063,0.0027,0.0027,0.0023,0.0027,0.0024,0.0024,0.0024,0.0024,-0.0057,-0.006,-0.0061,-0.0067
2014-10-17,-5.3144,147.105,SE,0.002,0.002,0.0023,0.0028,-0.0063,-0.0063,0.0026,0.0033,0.0033,0.0034,-0.0056,-0.0056,0.0033,0.0036,0.0036,0.0036,0.004,-0.0053,-0.0053,-0.0053,0.0039,0.004,-0.005,-0.005,0.004,0.004,-0.005,-0.005,-0.005,-0.005
2014-10-17,-5.3144,147.105,SO,-0.0074,,,,,,,,,-1e-04,-1e-04,-0.0088,-1e-04,-0.0003,-0.0088,-0.0088,-0.0088,-0.0088,-0.0088,-0.0002,-0.0088,-1e-04,-1e-04,-0.0045,-0.0002,-0.0002,-0.0002,-0.0002,-0.0088,-0.0002
2015-07-08,-5.3144,147.105,E,,-0.0029,-0.0024,-0.0008,-0.001,-0.0015,-0.0015,-0.0012,-1e-04,-0.0002,1e-04,1e-04,-0.0006,-0.0008,-0.001,-0.0005,0.0,0.0006,0.0011,0.0009,0.0008,0.0003,-0.0002,-0.0008,-0.0005,-0.0,0.0006,0.001,0.0008,0.0002
2015-07-08,-5.3144,147.105,N,,0.0009,0.003,0.0032,0.0037,0.0044,0.0039,0.0035,0.0029,0.0021,0.0014,0.002,0.0014,0.0022,0.0021,0.0011,1e-04,-0.0007,0.0002,0.0007,0.0007,0.0003,-0.0,-1e-04,-1e-04,-0.0006,-0.0002,-0.0003,-0.0002,-0.0003
2015-07-08,-5.3144,147.105,NE,-0.0039,-0.002,-0.0012,-0.001,-0.0008,-0.0006,-0.0005,-0.0009,-0.0012,-0.0014,-0.0005,-0.0005,-0.0004,0.0005,0.0004,0.001,0.0013,0.0009,0.0003,0.0004,0.0002,-0.0004,-0.0008,-0.0013,-0.0019,-0.0021,-0.001,-0.0006,0.0006,0.0011
2015-07-08,-5.3144,147.105,NO,0.0014,0.0026,0.001,0.0011,-0.0007,-0.0005,-0.0008,-0.0017,-0.0017,-0.0017,-0.0017,-0.0017,-0.0014,-0.0015,-0.0014,-0.0014,-0.0013,-0.0008,-0.0004,-1e-04,0.0003,0.0009,0.0003,-0.0002,-0.0003,1e-04,0.0006,0.0009,0.0011,0.001
2015-07-08,-5.3144,147.105,O,,0.0008,0.0,-0.0,-0.0004,-0.0009,-0.0011,-0.0011,-0.0011,-0.0011,-0.0011,-0.001,-0.0004,-0.0002,0.0002,0.0006,0.0007,0.0007,0.0012,0.0015,0.0009,0.0006,0.0002,0.0002,0.0,1e-04,-0.0002,-0.0003,-0.0,0.0002
2015-07-08,-5.3144,147.105,S,,-0.0002,0.0005,0.0009,0.0012,0.0016,0.002,0.0017,0.0019,0.0016,0.0015,0.0017,0.002,0.0026,0.0016,0.0006,-0.0004,-0.0005,-1e-04,-1e-04,-1e-04,-0.0003,-0.0009,-0.0012,-0.0006,-0.0004,0.0002,0.0004,0.0,-0.0006
2015-07-08,-5.3144,147.105,SE,0.0014,0.0014,0.001,1e-04,-0.0007,-0.0008,0.0008,0.0002,0.0007,0.0008,0.0004,-0.0003,-1e-04,-0.0012,-0.0014,-0.0013,-0.0011,-0.0013,-0.0005,-0.0004,-0.0005,-0.0006,-0.0004,0.0003,0.0007,0.0009,0.0007,0.0005,0.0004,0.0007
2015-07-08,-5.3144,147.105,SO,0.0028,,0.0025,0.0024,0.002,0.0006,0.0,0.0,0.0,0.0002,0.0009,0.001,0.0015,0.0017,0.0009,0.0002,0.0,0.0,0.0008,0.001,0.0014,0.0016,0.001,0.0002,0.0,0.0,0.0003,0.0005,0.0007,0.0005
2015-08-17,-5.3144,147.105,E,,,,,,,,0.0015,-0.0034,-0.001,-0.0034,0.0063,0.0063,0.0063,0.0014,-0.0034,-0.0034,-0.0034,-0.0034,-0.0034,0.0063,0.0013,0.0013,0.0013,0.0013,0.0111,0.0013,0.0013,0.0037,0.0061
2015-08-17,-5.3144,147.105,N,,,0.0125,0.0196,0.0215,,,,,,0.0182,0.0316,0.0227,0.0137,0.0046,0.0046,-0.0045,0.0,-0.0045,-0.0137,,-0.0276,-0.0169,-0.0086,0.0063,0.004,0.0012,0.0049,0.004,-0.0017
2015-08-17,-5.3144,147.105,NE,,,,,,,,,0.0059,0.0107,0.0107,0.0107,0.0093,0.0142,-0.0004,-0.0004,-0.0004,-0.0018,-0.0018,-0.0018,-0.0018,0.0079,-0.0018,-0.0018,0.0065,-0.0033,0.0016,0.0065,0.0065,0.0065
2015-08-17,-5.3144,147.105,NO,0.0102,0.0101,0.0092,0.0047,-1e-04,0.0135,-0.0,-0.0,-0.0,-1e-04,-0.0,-0.0092,-0.0138,-0.0184,-0.0184,,,,,,,,-0.0184,-0.0184,-0.0184,-0.0184,-0.0,0.0091,0.0182,0.0182
2015-08-17,-5.3144,147.105,O,,0.0375,0.0277,0.0184,,0.0,0.0,0.0,0.0,0.0,0.0,0.0,,,,,,,,,,,,,,,,,,
2015-08-17,-5.3144,147.105,S,,-0.0117,-0.0125,-0.002,0.0037,-0.0041,-0.0041,-0.0028,-0.0026,-0.0059,-0.0027,0.0049,0.0029,0.0062,0.0074,0.0063,0.0024,-0.0002,0.0014,-0.0002,-0.0051,-0.0067,-0.0018,0.0029,0.0046,-0.0018,0.0005,-0.0018,0.0023,-0.0027
2015-08-17,-5.3144,147.105,SE,-0.1056,,,,,,,,,0.0132,0.0035,-0.0014,0.0035,0.0035,-0.0014,-0.0014,-0.0021,-0.0021,-0.0113,-0.0113,-0.0113,,-0.0113,,,,,,,
2015-08-17,-5.3144,147.105,SO,0.0287,,0.0282,0.0278,0.0232,0.0185,0.0277,0.0184,0.0185,0.0277,0.0275,0.0183,0.0183,0.0183,0.0183,0.0184,0.0138,,,0.0,,,0.0,,,,,,0.0276,
2015-11-21,-5.3144,147.105,E,,-0.019,-0.0074,,,,,,,,0.0022,-0.0023,-0.0023,-0.0023,0.0079,0.0079,-0.0023,-0.0023,-0.0011,0.008,-0.001,-0.001,-0.001,-0.001,-0.001,-0.001,-0.001,-0.001,-0.001,-0.001
2015-11-21,-5.3144,147.105,N,,-0.0174,-0.0074,-0.0089,-0.0055,-0.0074,-0.008,-0.007,-0.0042,0.0029,-0.0034,-0.0035,0.0012,-0.0036,0.0005,0.0005,-0.0035,-0.0035,-0.0035,0.006,0.006,0.0061,-0.0035,-0.0035,-0.0035,-0.0035,0.0046,0.0052,-0.001,-0.0034
2015-11-21,-5.3144,147.105,NE,-0.0234,-0.015,-0.0095,-0.0144,-0.0144,,,,,,-0.0125,-0.0073,-0.0015,-0.0021,-0.0015,-0.0015,-0.0014,-0.0014,0.004,-0.0008,-0.0008,-0.0007,-0.0007,-0.0007,-0.0007,-1e-04,-1e-04,-1e-04,-1e-04,-1e-04
2015-11-21,-5.3144,147.105,NO,-0.0048,0.0041,0.0121,0.0074,-0.0067,-0.0068,-0.0021,0.0027,0.0027,0.0027,0.0027,0.0027,0.0027,0.0027,0.0027,0.0027,0.0123,0.0123,0.0027,0.0027,0.0027,0.0026,0.0027,0.0028,0.0027,0.0027,0.0027,0.0027,0.0027,0.0028
2015-11-21,-5.3144,147.105,O,,0.0063,0.0066,0.0018,0.0018,0.0019,0.0019,-0.0077,-0.0029,0.0019,0.0019,0.0019,0.0019,-0.0077,0.0018,0.0018,0.0018,0.0018,0.0018,0.0018,0.0018,0.0018,-0.003,0.0067,0.0115,0.0019,,,,-0.0078
2015-11-21,-5.3144,147.105,S,,0.0034,0.0032,0.0133,0.0034,0.003,0.0033,0.0028,-0.0053,-0.0053,-0.0045,0.0027,0.0023,0.0022,0.0023,0.0022,0.0019,-0.0012,0.0019,0.0017,0.0019,0.0017,0.0019,0.0018,0.0028,-0.0044,-0.0044,0.0014,0.0016,0.0018
2015-11-21,-5.3144,147.105,SE,-0.0215,-0.013,-0.0126,-0.0123,-0.0018,-0.0018,-0.0069,-0.0119,-0.0119,,,,-0.0111,-0.0008,-0.0008,-0.0008,-0.0004,-0.0004,0.0099,0.0099,0.0099,-0.0003,-0.0004,-0.0002,-0.0003,-0.0003,-1e-04,-0.0,-1e-04,-1e-04
2015-11-21,-5.3144,147.105,SO,-0.0051,,0.0041,0.0045,0.0045,0.0045,0.0045,0.0046,0.0047,0.0047,0.0047,0.0046,0.0046,-0.0047,0.0046,-0.005,0.0046,-0.005,0.0046,0.0046,0.0046,-0.0002,-0.005,-0.005,-0.005,-0.005,-0.005,0.0045,0.0045,0.0045
2016-04-21,-5.3144,147.105,S,,,,,,,,,,,,0.0036,0.0041,0.0035,0.002,0.0013,0.001,0.0011,0.0013,0.0014,0.0017,0.0012,0.0002,-0.0007,-0.0015,-0.0027,-0.0027,-0.0027,-0.0023,-0.0019
2016-04-21,-5.3144,147.105,SE,,,,,,,,,,,,,,0.0028,0.0003,-0.0014,-0.0034,-0.0027,-1e-04,0.0024,0.0029,0.0005,-0.0004,-0.0008,-0.0007,-0.0006,-0.001,-0.0004,-0.0012,
2016-05-15,-5.3144,147.105,E,,,,,,-0.0438,-0.0218,-0.0,,,,,,,,,,,,,,,,,,,,,,
2016-05-15,-5.3144,147.105,N,,,,,-0.0265,0.0155,,0.0287,0.0192,-0.0008,-0.0196,-0.0451,-0.0371,-0.0211,-0.0105,0.0401,0.0547,0.0493,0.044,-0.0015,-0.043,-0.043,-0.0589,-0.0664,-0.0589,-0.0272,-0.022,-0.0013,0.0191,0.0393
2016-05-15,-5.3144,147.105,NE,0.0237,,,,,,,,,,,,,,,,,,,,,,,,,,,,,
2016-05-15,-5.3144,147.105,NO,0.0062,0.019,0.007,0.0111,0.0258,0.0559,0.0606,0.055,0.0599,0.0548,0.0287,0.0444,0.0548,,,,,,,,,,,,,,,,,
2016-05-15,-5.3144,147.105,O,,0.0,,0.0125,0.0233,0.0234,0.0234,0.034,0.034,0.0234,0.034,0.0287,0.0287,0.0339,0.0444,0.0444,0.0391,0.0444,,,,,,,,0.0597,0.0,0.0,0.0,
2016-05-15,-5.3144,147.105,S,,-0.0364,-0.033,-0.0343,-0.0358,-0.0343,,-0.0321,-0.0275,-0.0224,-0.0037,-0.0063,-0.0063,-0.0181,-0.0041,0.0076,0.0442,,,,,,,,,,,,0.0646,0.0176
2016-05-15,-5.3144,147.105,SE,0.0035,,0.0119,0.0083,-0.0035,0.0514,-0.0011,-0.0106,0.0385,-0.0142,,,,,,,,,,,,,,,,,,,,
2016-05-15,-5.3144,147.105,SO,,,,0.0103,0.0186,0.0088,0.0113,0.0232,0.0339,0.0234,0.0291,0.0287,0.0444,0.0548,0.0651,0.0702,0.0443,0.0234,0.0444,0.0752,0.0651,0.1056,0.1156,0.1056,0.0752,0.0496,0.0234,,,
2016-05-23,-5.3144,147.105,E,,0.048,0.0375,0.0176,0.0176,0.0077,0.0077,0.0077,0.0077,-0.0023,-0.0023,-0.0023,-0.0023,-0.0023,-0.0023,-0.0023,-0.0013,-0.0023,-0.0027,-0.0023,-0.0006,-0.0017,-0.0004,0.0002,0.0008,0.0013,0.0021,0.0022,0.0019,0.0007
2016-05-23,-5.3144,147.105,N,,-0.0052,-0.0071,-0.0072,-0.0075,-0.0074,-0.0028,-0.0008,-0.0022,-0.003,-0.0042,-0.007,-0.0063,-0.0072,-0.0071,-0.0037,-0.0056,-0.0045,-0.0046,-0.0046,-0.0038,-0.0033,-0.0005,0.0019,0.0026,0.0035,0.0036,0.0039,0.0037,0.0037
2016-05-23,-5.3144,147.105,NE,0.0105,0.0081,0.0068,0.0055,0.0029,0.0016,0.0003,0.0006,0.0003,-0.001,-0.0023,-0.0023,-0.0023,-0.0023,-0.001,0.0015,0.0036,0.0054,0.0064,0.0058,0.0054,,,,,,,,,
2016-05-23,-5.3144,147.105,NO,0.005,0.0048,0.008,0.0066,0.008,0.0064,0.0089,0.0093,0.0119,0.0109,0.014,0.0136,0.0142,0.0193,0.017,0.0231,0.0233,0.0243,0.0249,0.0253,0.0261,0.0281,0.0286,0.0305,0.0314,0.0334,0.0364,0.0372,0.039,0.0374
2016-05-23,-5.3144,147.105,O,,-0.0283,-0.0248,-0.022,-0.0186,-0.0159,-0.0134,-0.0116,-0.0108,-0.0108,-0.0107,-0.0104,-0.0089,-0.0076,-0.0078,-0.0071,-0.0062,-0.0054,-0.0049,-0.0053,-0.0058,-0.0056,-0.0041,-0.0023,-0.0008,0.001,0.0024,0.0035,0.0038,0.0031
2016-05-23,-5.3144,147.105,S,,-0.0135,-0.0113,-0.0083,-0.0035,-0.0003,0.001,0.0011,0.0013,0.0019,0.0016,0.0012,0.0016,0.0012,0.0022,0.0012,-0.0006,-0.0014,-0.0009,-0.0013,-0.001,-0.0007,-0.0015,-0.0019,-0.0018,1e-04,0.001,0.0021,0.0027,0.0033
2016-05-23,-5.3144,147.105,SE,-0.0032,-0.0042,-0.0044,-0.0047,-0.0053,-0.0053,-0.0053,-0.0053,-0.005,-0.0053,-0.0044,-0.0053,-0.0039,-0.0042,-0.0024,-0.0018,-0.002,-0.0021,-0.0019,-1e-04,0.0006,0.0032,0.0019,0.0016,0.0006,-0.0004,-0.0008,-0.0002,0.0007,0.0019
2016-05-23,-5.3144,147.105,SO,0.0046,,0.0089,0.0138,0.0174,0.0199,0.0216,0.0219,0.0224,0.0231,0.0238,0.0256,0.026,0.0254,0.0249,0.0258,0.0244,0.0252,0.0245,0.0251,0.0259,0.0271,0.0279,0.0277,0.0281,0.0291,0.0275,0.0264,0.0265,0.0247
2016-07-18,-5.3144,147.105,E,,,,,,,,0.005,0.005,0.004,0.004,0.004,0.004,-0.0054,-0.0054,-0.0054,0.004,0.003,-0.0054,-0.0054,0.003,-0.0064,-0.0063,0.0031,0.0031,-0.0021,-0.0063,0.0022,0.003,0.0022
2016-07-18,-5.3144,147.105,N,,,0.0068,0.0062,0.002,-0.0022,-0.0022,-0.0024,-0.0024,0.0019,0.0062,0.0062,0.0062,0.0063,0.0063,0.0063,-0.0024,-0.0024,-0.0023,-0.0023,-0.0023,0.0009,-0.0023,-0.0026,-0.0026,0.0029,0.0035,-0.0023,-0.0025,-0.0023
2016-07-18,-5.3144,147.105,NE,,,,,,,,,-0.0022,-0.0022,0.0025,0.0026,0.0026,0.0026,-0.0062,-0.0062,-0.0062,0.0032,0.0033,0.0039,-0.0055,-0.0055,0.0036,0.004,0.004,-0.0048,-0.0048,-0.0048,-0.0048,-0.0048
2016-07-18,-5.3144,147.105,NO,0.0041,0.004,0.0033,-0.0057,-0.0058,-0.0058,-0.0058,-0.0058,-0.0058,-0.0058,0.0029,-0.0058,0.003,0.003,-0.0058,-0.0058,-0.006,-0.0058,-0.0057,-0.0013,-0.0057,-0.0057,-0.0057,-0.0057,-0.0057,-0.0057,-0.0057,-0.0057,-0.0057,-0.0057
2016-07-18,-5.3144,147.105,O,,0.005,0.0091,0.009,0.0046,1e-04,0.0002,1e-04,1e-04,0.0002,0.0089,0.0089,0.0045,0.0088,0.0002,0.0002,1e-04,1e-04,0.0,1e-04,0.0045,0.0088,0.0088,1e-04,0.0002,0.0088,0.0002,0.0046,0.009,
2016-07-18,-5.3144,147.105,S,,0.0034,0.0033,-0.0014,-0.0062,-0.0062,-0.0062,-0.0062,-0.0014,0.0033,0.0032,-0.0015,0.003,0.003,0.003,0.0028,0.0028,-0.0022,0.0023,0.0021,-0.0066,-0.0066,0.0026,0.0025,0.0025,0.0024,0.0025,0.0023,-0.0066,-0.0066
2016-07-18,-5.3144,147.105,SE,,,,,,,,,,-0.0079,-0.0079,-0.0079,-0.0079,0.0015,0.0015,0.0023,0.0023,0.0023,0.0023,0.0023,0.0023,0.0023,0.0023,0.0023,0.003,0.0023,0.0023,0.0023,0.0023,0.0029
2016-07-18,-5.3144,147.105,SO,0.002,,-0.0079,-0.0084,-0.0084,-0.0084,-0.0085,0.0002,0.0002,0.0002,0.0002,-0.0043,-1e-04,-0.0086,0.0,1e-04,0.0,1e-04,-0.0086,-0.0086,1e-04,1e-04,-0.0086,-0.0086,1e-04,1e-04,-0.0086,-0.0087,-0.0087,-0.0087
2016-08-27,-5.3144,147.105,E,,-0.0039,-0.0023,0.0012,0.0011,0.0024,0.0034,0.0034,0.0042,0.0044,0.0041,0.0035,0.0034,0.0033,0.0035,0.003,0.003,0.0027,0.0018,0.0023,-0.0045,0.0072,0.0027,-0.0042,-0.0055,-0.0058,-1e-04,0.0023,0.0023,0.0028
2016-08-27,-5.3144,147.105,N,,0.0056,0.0053,0.0048,0.0031,0.0019,0.0016,0.0012,0.0013,0.0005,-0.0005,-0.0022,-0.0028,-0.002,-0.001,0.0002,1e-04,-0.0004,0.0002,0.0004,0.0008,0.0002,0.0,-0.0,0.0005,0.0007,0.0005,0.0007,0.0,-0.0005
2016-08-27,-5.3144,147.105,NE,-0.0123,-0.012,-0.0099,-0.0077,-0.0039,-0.0024,-0.0006,-0.0008,0.0044,0.0041,0.0056,0.007,0.0113,0.0098,0.008,0.0075,0.009,-0.0174,-0.0163,-0.0012,-0.0127,-0.0112,-0.0094,-0.0094,0.0013,-0.0094,-0.0008,-0.0094,0.0038,0.0052
2016-08-27,-5.3144,147.105,NO,0.0028,0.0027,0.0013,1e-04,-0.001,-0.0017,-0.0022,-0.0028,-0.0024,-0.0027,-0.0023,-0.0039,-0.004,-0.0042,-0.0023,-0.0016,-0.0026,-0.0022,-0.0016,-0.002,-0.0008,-0.001,0.0002,-0.0002,-0.0025,-0.0032,-0.0036,-0.0038,-0.0039,-0.0035
2016-08-27,-5.3144,147.105,O,,0.0026,0.0019,0.0022,0.0024,0.0014,-0.0003,-0.0011,-0.0017,-0.0008,1e-04,0.0002,-1e-04,-0.0002,-0.0009,-0.0011,0.0007,0.0005,0.0014,0.0023,0.0028,0.0028,0.0022,0.0012,0.0005,0.0002,0.0004,0.0004,0.0004,0.0008
2016-08-27,-5.3144,147.105,S,,0.0177,0.0176,0.0175,0.0169,0.0159,0.0138,0.0117,0.0105,0.0101,0.0083,0.006,0.0052,0.0078,0.0103,0.0084,0.0042,-1e-04,-0.0075,-0.0075,-0.0073,-0.0073,-0.0094,-0.009,-0.0094,-0.0094,-0.0094,-0.0071,-0.0071,-0.008
2016-08-27,-5.3144,147.105,SE,-0.028,-0.0279,-0.0209,-0.0106,-0.0069,-0.0063,-0.0063,-1e-04,-0.0015,0.0,0.0021,0.0023,-0.0029,-0.0038,-0.001,0.0063,0.0089,0.0059,0.0039,0.0022,0.0062,0.0045,-0.0014,-0.004,-0.004,-0.004,-0.004,-0.004,-0.0056,-0.0113
2016-08-27,-5.3144,147.105,SO,0.0083,,0.0067,0.0063,0.0055,0.0043,0.0023,0.002,0.0017,0.0019,0.0016,0.0007,0.001,0.0013,0.002,0.0028,0.0026,0.0026,0.0021,0.0006,-0.0007,-0.0025,-0.0055,-0.0069,-0.0087,-0.0081,-0.0084,-0.0095,-0.0087,-0.0095
2016-12-01,-5.3144,147.105,E,,-0.0098,-0.0076,-0.0036,-0.0029,-0.001,0.0012,1e-04,-0.0007,-0.0019,-0.0039,-0.0041,-0.0014,0.001,0.0014,0.0017,0.0016,0.001,0.0016,0.0019,0.0025,0.0017,0.0015,0.0012,-1e-04,0.0002,-0.0008,-0.0006,-0.0005,-1e-04
2016-12-01,-5.3144,147.105,N,,0.01,0.0108,0.0124,0.0093,0.0087,0.0072,0.0034,0.0067,0.0061,0.0061,0.0064,0.0069,0.0075,0.0062,0.0033,0.0031,0.0007,-1e-04,0.0002,-1e-04,-0.0012,-0.0015,-0.0011,-0.0011,-0.002,-0.0011,-0.001,-0.0009,-0.0002
2016-12-01,-5.3144,147.105,NE,-0.0027,-0.0015,-0.0002,0.0006,0.0016,0.0017,0.0014,0.0009,0.0008,0.0009,0.0009,0.0005,0.0006,0.0005,0.0005,-0.0008,-0.0014,-1e-04,0.0005,0.0004,-0.0003,-0.0008,-0.0006,-0.0005,-0.0007,-0.0002,-0.0002,0.0005,0.0014,0.0019
2016-12-01,-5.3144,147.105,NO,0.013,0.0124,0.0057,0.0026,-0.0009,-0.0005,-0.0009,-0.0022,-0.0035,-0.005,-0.0053,-0.0052,-0.0048,-0.0039,-0.0033,-0.0018,-0.0016,-0.0021,-0.0028,-0.0022,-0.0016,-0.0013,-0.0013,-1e-04,0.0004,0.0,1e-04,-0.0,1e-04,-0.0004
2016-12-01,-5.3144,147.105,O,,0.0116,0.0079,0.0072,0.0067,0.0053,0.0034,0.0025,0.0025,0.0015,1e-04,-0.0019,-0.0022,-0.0022,-0.0012,-0.0005,0.0007,0.0005,0.0005,0.0002,-1e-04,1e-04,0.0,0.0011,0.0011,0.002,0.0017,0.0002,-1e-04,-0.0006
2016-12-01,-5.3144,147.105,S,,0.0102,0.0095,0.0104,0.0086,0.0069,0.0057,0.0051,0.0059,0.0062,0.0054,0.0048,0.006,0.0057,0.0058,0.0023,0.0007,0.0004,-0.0002,-0.0014,-0.0014,-0.0016,-0.0014,-0.0016,-0.0023,-0.003,-0.0029,-0.0017,-0.0007,1e-04
2016-12-01,-5.3144,147.105,SE,-0.0022,-0.0021,-0.0005,-0.0005,-0.0013,-0.0018,-0.0017,-1e-04,1e-04,0.0008,0.0002,0.001,-0.0003,-0.0014,-0.0014,-0.0011,-0.0006,1e-04,0.0009,0.0014,0.0008,0.0008,1e-04,1e-04,-0.0004,-0.0003,-1e-04,-1e-04,0.0002,0.0003
2016-12-01,-5.3144,147.105,SO,0.0191,,0.014,0.0098,0.0082,0.008,0.0071,0.004,0.0026,0.0016,0.0014,0.0014,0.0009,0.0003,0.0006,0.002,0.0023,0.0037,0.002,0.0011,0.0004,0.0,0.0,0.0,0.0,0.0,0.0,0.0,0.0,0.0
2017-03-07,-5.3144,147.105,E,,0.0129,0.0124,0.0126,0.011,0.0101,0.0114,,0.0053,0.0015,-0.0007,0.0005,0.0028,-0.0004,0.0014,,,,,,,,,,-0.0006,0.0006,-0.0006,-0.0006,-0.0006,0.0006
2017-03-07,-5.3144,147.105,N,,0.0117,0.0087,0.0092,0.0088,0.0085,0.0092,0.0093,0.0073,0.0076,0.007,0.0064,0.0056,0.0024,-0.001,-0.0023,-0.0045,-0.0042,-0.0054,-0.0055,-0.0054,-0.0049,-0.0049,-0.0045,-0.0035,-1e-04,0.0005,0.0014,0.0016,-0.0004
2017-03-07,-5.3144,147.105,NE,0.0005,-0.0023,-0.002,-0.0,0.0031,0.005,0.0054,0.0037,0.0038,0.0028,0.0013,0.0019,0.002,0.0013,-0.0015,-0.0056,-0.0088,-0.0057,-0.0072,-0.0057,-0.0057,-0.0026,-0.0026,-0.0026,0.0004,0.0004,0.0004,0.0004,0.0004,0.0004
2017-03-07,-5.3144,147.105,NO,-0.0124,-0.0139,-0.009,-0.0084,-0.0043,-0.0062,-0.007,-0.0074,-0.0075,-0.0078,-0.0074,-0.0075,-0.0069,-0.0072,-0.0059,-0.0059,-0.007,-0.0095,-0.0101,-0.0114,-0.0081,-0.0098,-0.0057,-0.0057,-0.0069,-0.0051,-0.004,-0.005,-0.003,-0.0063
2017-03-07,-5.3144,147.105,O,,0.0024,0.004,0.0056,0.0075,0.0088,0.0089,0.0095,0.011,0.0116,0.0119,0.0121,0.0128,0.0131,0.0133,0.0136,0.0125,0.012,0.0112,0.0109,0.0097,0.0102,0.0097,0.008,0.0071,0.0084,0.0092,0.0099,0.0092,0.0082
2017-03-07,-5.3144,147.105,S,,0.0028,0.0022,0.0006,-0.0005,-0.0025,-0.0043,-0.0061,-0.0046,-0.0045,-0.0042,-0.0047,-0.0041,-0.0047,-0.0034,-0.0,0.001,0.0015,0.0011,0.0009,0.0019,0.0017,0.001,0.0002,0.0011,0.0009,0.0007,0.0009,-0.0003,1e-04
2017-03-07,-5.3144,147.105,SE,0.0364,0.0352,0.0296,0.0204,0.0167,0.0132,0.0108,0.0087,0.0075,0.0071,0.0074,,0.0048,0.0003,0.0003,-0.0016,-0.0031,-0.0013,0.001,0.0035,0.0026,0.0025,0.0025,0.0019,0.0015,0.001,0.0005,-0.0013,-0.0012,-0.0016
2017-03-07,-5.3144,147.105,SO,0.0095,,0.0103,0.0118,0.0122,0.0119,0.0122,0.0136,0.0167,0.0189,0.0199,0.0201,0.0187,0.0178,0.0175,0.0179,0.0175,0.018,0.0167,0.0159,0.0148,0.0142,0.014,0.0136,0.0123,0.0114,0.011,0.011,0.0104,0.01
2017-08-22,-5.3144,147.105,E,,,-0.1327,-0.0745,,,,,,,,0.0115,0.0023,0.0023,0.0023,0.0023,-0.0069,0.0023,-0.0011,-0.0058,-0.0011,-0.0058,0.0036,-0.0058,-0.0058,-0.0058,-0.0058,,,
2017-08-22,-5.3144,147.105,N,,,,,,,-0.0172,-0.0172,-0.0011,0.0155,0.0158,0.0205,0.0156,0.0071,0.0121,0.0054,-0.0275,-0.0101,-0.0287,-0.0145,-0.0188,-0.0188,-0.0275,-0.0275,-0.0188,-0.0287,-0.0013,0.0202,0.0245,0.0159
2017-08-22,-5.3144,147.105,NE,,,0.0,,0.0,0.0,,,,,,,0.0465,0.051,0.0556,,,,,,,,,,,,,,,
2017-08-22,-5.3144,147.105,NO,,,,,,,,,,0.0443,0.0486,0.0444,0.0401,0.0011,0.0,0.0,,,0.0,,,,0.0,,,0.0011,0.0,0.0316,0.0011,0.0099
2017-08-22,-5.3144,147.105,O,,,,,,,,,,,,,,,,,,-0.015,-0.0236,-0.0236,-0.0151,,,,,,,,-0.0151,-0.0151
2017-08-22,-5.3144,147.105,S,,,,-0.0054,-0.0054,-0.0054,0.0038,-0.0057,-0.0056,-0.001,-0.0048,-0.0009,-0.0012,-0.005,0.0025,0.0028,0.0025,0.0025,0.0022,0.0022,-0.007,,,,,0.0108,0.0108,0.0023,0.0065,0.0108
2017-08-22,-5.3144,147.105,SE,,,-0.0506,-0.0289,-0.0125,-0.0125,-0.0125,-0.0034,-0.008,-0.0035,-0.0126,0.0019,0.0019,-0.002,-0.002,0.0052,0.0216,0.0032,0.0124,-0.0061,-0.0062,-0.0108,0.0083,-0.0103,0.0036,0.0129,-0.001,-0.0103,-0.0103,-0.0103
2017-08-22,-5.3144,147.105,SO,,,,,,,,,,,,,0.0,1e-04,0.0086,0.0088,0.0088,0.0088,0.0088,0.0174,0.0088,0.0088,0.0174,0.0088,0.0088,0.0088,0.0088,0.0088,0.0173,0.0173
2018-01-05,-5.3144,147.105,E,,0.0238,0.0194,0.0122,0.01,0.0058,0.0042,0.0036,0.0019,0.0004,-0.0017,-0.0023,-0.0018,-0.0003,-0.0009,-0.0005,-0.0004,-0.0029,-0.0024,-0.0009,-0.0038,-0.0012,-0.001,-1e-04,0.0013,0.002,0.0022,0.0025,0.0032,0.0033
2018-01-05,-5.3144,147.105,N,,0.0055,0.0038,0.0023,0.002,0.0021,0.0014,0.0009,0.0003,0.0007,-0.0,-1e-04,-0.0002,-0.0002,-0.0002,-0.0002,-0.0002,-0.0002,-0.0002,-0.0002,-0.0002,-0.0002,-0.0002,-0.0002,-0.0002,-0.0002,-1e-04,0.0011,0.0013,0.0012
2018-01-05,-5.3144,147.105,NE,0.0147,0.0137,0.0121,0.0106,0.008,0.0054,0.0037,0.0017,0.0011,0.0004,0.0,0.0009,1e-04,0.0008,-0.0006,-0.0004,0.0003,0.0006,-0.0009,-0.0008,-0.0006,-0.001,-0.0003,-0.0003,-0.0003,0.001,0.0011,0.0022,0.0013,0.0017
2018-01-05,-5.3144,147.105,NO,0.0058,0.0045,0.0027,0.0014,0.0012,-1e-04,-0.001,-0.0017,-0.0013,-0.0017,-0.0006,-0.0012,-0.0015,-0.001,-0.0003,0.0004,0.0004,-0.0002,-0.0,0.0002,0.0002,0.0009,0.0018,-0.0009,-0.0015,-0.0017,-0.0006,-0.0005,-0.0004,-0.0009
2018-01-05,-5.3144,147.105,O,,-0.0018,-0.0029,-0.0035,-0.0036,-0.0038,-0.0038,-0.0036,-0.0025,-0.0021,-0.0016,-0.0017,-0.0004,-0.0014,-0.0011,-0.0006,-0.0004,-0.0003,-0.0013,-0.0018,-0.001,1e-04,-0.0,0.0,-0.0005,-1e-04,-0.0006,-0.0011,-0.0009,-0.0004
2018-01-05,-5.3144,147.105,S,,-0.0063,-0.0071,-0.0066,-0.0045,-0.0031,-0.002,-0.0012,0.0006,0.0011,0.0015,0.0015,0.0009,0.0009,0.0011,0.0009,0.0009,0.001,0.0003,-0.0005,-0.0008,-0.0014,-0.001,-0.0008,-0.0003,-0.0002,0.0003,-1e-04,-0.0004,-0.0006
2018-01-05,-5.3144,147.105,SE,-0.0022,-0.0028,-0.0051,-0.0056,-0.0048,-0.0043,-0.0032,-0.0021,-0.0014,-0.0008,0.0003,-1e-04,0.0008,-0.0006,-0.0007,1e-04,-0.0018,-0.0012,-0.0006,-0.0,0.0006,1e-04,0.0002,-0.0007,-0.002,-0.003,-0.0022,-0.001,-1e-04,-0.0005
2018-01-05,-5.3144,147.105,SO,0.0081,,0.0069,0.0072,0.0078,0.0085,0.0084,0.0079,0.008,0.0086,0.0086,0.0094,0.0098,0.0104,0.0106,0.0104,0.0109,0.0115,0.0116,0.0111,0.0103,0.0097,0.0096,0.0097,0.0081,0.0081,0.0085,0.0097,0.0099,0.01
2018-05-13,-5.3144,147.105,E,,-0.0049,-0.0023,0.0046,0.0031,0.0046,0.0025,0.0011,-1e-04,0.0043,0.0046,0.0049,0.0043,0.0042,0.0036,0.0029,0.0003,-0.0004,-0.0016,0.0023,0.002,0.001,0.0006,0.0007,0.0014,0.001,0.0006,0.0012,-0.0011,0.0
2018-05-13,-5.3144,147.105,N,,0.0085,0.007,0.0027,0.0006,-0.0008,-0.0027,-0.0041,-0.0042,-0.0045,-0.0054,-0.0061,-0.0068,-0.0074,-0.0079,-0.0078,-0.005,-0.0015,0.0,0.0014,0.0025,0.0029,0.0038,0.0046,0.0041,0.0034,0.004,0.0048,0.0055,0.0054
2018-05-13,-5.3144,147.105,NE,0.0298,0.0266,0.0233,0.0206,0.0165,0.0126,0.0101,0.0062,0.0033,0.0009,-0.0013,-0.0008,-0.0037,-0.0045,-0.0037,-0.0055,-0.0046,-0.004,-0.0057,-0.0038,-0.0012,0.0012,0.0027,0.0021,0.0031,0.0044,0.0047,0.004,0.0041,0.0035
2018-05-13,-5.3144,147.105,NO,0.0322,0.0301,0.0299,0.0248,0.0227,0.0203,0.019,0.0174,0.015,0.0122,0.0073,0.0033,-0.0018,-0.0025,-0.0019,0.0027,0.0092,0.012,0.0072,0.0078,-0.0027,0.0065,-0.0095,-0.0065,-0.003,-0.005,-0.0099,-0.0039,-0.0033,0.009
2018-05-13,-5.3144,147.105,O,,0.0286,0.0283,0.0284,0.0272,0.024,0.0173,0.0107,0.0048,0.0022,-0.002,-0.0047,-0.0047,-0.0053,-0.0007,0.0027,0.001,0.0009,0.0024,0.0033,0.0019,-0.0003,-0.0019,-0.0048,-0.0119,-0.0089,-0.0098,-0.0107,-0.0057,0.0056
2018-05-13,-5.3144,147.105,S,,0.0175,0.0166,0.0138,0.0129,0.0115,0.013,0.0154,0.0206,0.0215,0.0201,0.0173,0.0177,0.0167,0.0153,0.014,0.0112,0.0102,0.0097,0.0095,0.008,0.0061,0.0035,-0.0011,-0.0067,-0.0167,-0.0249,-0.0249,-0.0249,-0.0249
2018-05-13,-5.3144,147.105,SE,-0.0366,-0.0387,-0.0294,-0.0186,-0.0162,-0.0178,-0.0169,-0.0129,-0.0102,-0.0042,-1e-04,0.0023,0.0029,0.003,0.0051,0.0091,0.0111,0.0086,0.0076,0.0047,0.0024,-0.0017,0.0039,-0.0006,-0.0056,-0.0073,-0.0081,-0.0104,-0.0125,-0.0147
2018-05-13,-5.3144,147.105,SO,0.0457,,0.0452,0.044,0.0435,0.0435,0.0442,0.0445,0.0442,0.0441,0.0447,0.045,0.0455,0.0471,0.0487,0.051,0.051,0.052,0.0507,0.0508,0.0488,0.0476,0.0439,0.0375,0.035,0.0241,0.0208,0.0161,0.0041,0.0119
2018-05-21,-5.3144,147.105,E,,,,,,-0.0093,0.0034,0.0034,0.0034,0.0025,0.0025,0.0025,0.0025,-0.0093,-0.0093,0.0025,0.0025,0.0016,0.0016,0.0017,0.0016,0.0016,-0.0043,-0.0043,0.0016,0.0016,0.0016,0.0016,0.0016,0.0012
2018-05-21,-5.3144,147.105,N,,,,,,,,,,,,0.002,0.001,-0.0095,-0.0039,0.0013,0.0023,0.0014,0.002,0.0021,0.002,0.0014,-0.0052,-0.0009,0.0007,0.0011,0.0009,0.0007,0.0012,0.0012
2018-05-21,-5.3144,147.105,NE,,,,,,-0.0005,-0.0059,0.0,-0.0002,0.0002,0.0005,0.0,-0.0009,-0.0005,-0.0005,-0.0009,-0.0009,-0.0009,-0.0014,0.0103,-0.0014,0.0045,0.0104,-0.0014,-0.0018,-0.0018,-0.0018,-0.0018,-0.0018,-0.0018
2018-05-21,-5.3144,147.105,NO,,,,,0.0078,0.0078,0.0078,0.0079,0.0079,0.0079,0.0079,0.0079,-0.0029,0.0025,-0.0029,0.0079,0.0133,0.0187,0.0079,0.0079,0.0079,0.0079,0.0079,0.0079,0.0079,0.0079,-0.0029,0.0025,0.0079,0.0079
2018-05-21,-5.3144,147.105,O,,,0.0112,0.011,0.011,0.0108,0.0108,0.0108,0.0,0.0,0.0108,0.0108,0.0108,0.0,0.0108,0.0108,0.0,0.0,0.0,0.0108,0.0054,0.0054,0.0108,0.0108,0.0108,0.0,0.0,0.0108,0.0108,0.0
2018-05-21,-5.3144,147.105,S,,,,,,,0.0018,0.002,0.0024,0.0023,0.0135,0.0134,0.0069,0.0013,-0.0089,0.0003,0.0065,0.0017,0.0017,0.0009,0.0002,-0.0011,-0.0015,-0.0058,-0.0097,-0.0095,0.0003,-0.0003,0.0013,0.0
2018-05-21,-5.3144,147.105,SE,,,,,,-0.0012,-0.0012,-0.0012,0.0013,0.0012,0.0013,0.0012,0.0012,0.0012,-0.0105,0.0037,0.0037,0.0037,-0.0081,-0.0081,-0.0057,0.0037,0.0037,0.0037,-0.0057,-0.0057,0.0037,0.0037,0.0037,0.0061
2018-05-21,-5.3144,147.105,SO,,,,-0.0006,-0.0059,0.0101,-0.0005,-0.0117,-0.0063,-0.0117,-0.001,-0.0009,-0.0117,-0.001,-0.0009,-0.0009,-0.0117,-0.0117,-0.0009,-0.0009,-0.0009,-0.0117,-0.0117,-0.0009,-0.001,-0.001,-0.001,-0.001,-0.001,-0.001
2018-06-30,-5.3144,147.105,E,,-0.0025,-0.0033,-0.0023,-0.0029,-0.0018,-0.0019,-0.0018,-0.0011,-0.0005,-0.0004,-0.0005,-0.0005,0.0005,0.0015,0.0019,0.0015,0.0011,0.0008,0.0006,-1e-04,0.0002,0.0,-0.0,-0.0,0.0,0.0,0.0012,0.0015,0.0022
2018-06-30,-5.3144,147.105,N,,0.0027,0.0021,0.0018,-0.0003,-0.0006,-0.0003,0.0003,0.0014,0.0013,0.0007,-0.0,0.0002,0.0016,0.0014,0.0002,-0.0002,-0.0012,-0.0015,-0.0008,1e-04,-0.0,1e-04,0.0003,0.0007,0.0007,0.0006,0.0004,0.0004,0.0008
2018-06-30,-5.3144,147.105,NE,-0.0009,-1e-04,0.0003,0.0005,-0.0021,-0.0031,-0.0033,-0.0023,-0.0007,-0.0,-0.0002,1e-04,0.0003,0.0009,0.0011,0.0007,0.0004,1e-04,-0.0002,0.0005,-0.0004,-0.0015,-0.002,-0.0021,-0.0008,-0.0008,-0.0003,-0.0,0.0008,0.0002
2018-06-30,-5.3144,147.105,NO,0.002,0.0019,-0.0006,-0.0014,-0.0017,-0.0008,-1e-04,0.0005,-0.0009,-0.0016,-0.0015,-0.0015,-0.0016,-0.0009,-0.0022,-0.0014,-0.002,-0.0013,-0.0011,-0.0018,-0.0026,-0.0024,-0.0016,-0.0009,-0.0007,-0.0007,-0.0007,-0.0006,-0.0007,-0.0013
2018-06-30,-5.3144,147.105,O,,0.0011,-0.0005,-0.0012,-0.0016,-0.0017,-0.0013,-0.0012,-0.0013,-0.0011,-0.001,-0.0009,-0.0003,0.0004,0.0005,0.0005,0.0004,-0.0004,-0.0004,-0.0004,-0.0012,-0.0012,-0.0014,-0.0015,-0.0006,1e-04,0.001,0.0002,0.0004,0.0006
2018-06-30,-5.3144,147.105,S,,0.0055,0.0045,0.0018,-0.0004,-0.0009,-0.0006,-0.0003,0.0008,0.0015,0.0022,0.0026,0.0024,0.0017,0.0016,0.002,0.0017,0.0009,0.0006,0.0005,-1e-04,-0.001,-0.0013,-0.0013,-0.0011,-0.0014,-0.0014,-0.0014,-0.0015,-0.0015
2018-06-30,-5.3144,147.105,SE,0.0068,0.0061,0.0033,0.0021,0.0012,0.0007,-0.0004,-0.001,-0.0012,-0.0018,-0.0014,-0.0015,-0.0014,-0.0005,0.0,0.0011,0.0014,0.0019,0.0017,0.001,1e-04,1e-04,-0.0004,0.0009,0.0021,0.0022,0.0017,0.0006,0.0003,0.0002
2018-06-30,-5.3144,147.105,SO,0.0063,,0.0047,0.0027,0.0018,0.0021,0.0016,0.0,0.0,0.0,0.0,0.0002,1e-04,0.0002,0.0,0.0006,0.0009,0.0012,0.0012,1e-04,0.0,1e-04,0.0004,0.0012,0.0018,0.0015,0.0012,0.0006,0.001,0.0
2018-08-01,-5.3144,147.105,E,,0.0012,0.001,0.0013,0.0016,0.0013,0.0,-0.0014,-0.0017,-0.0009,0.0002,0.0012,0.0009,0.0003,-0.0,0.0,0.0,-0.0002,-0.0008,-0.0003,-1e-04,0.0004,0.0007,0.0008,0.0009,-0.0,-0.0006,-0.0009,-0.0013,-0.0016
2018-08-01,-5.3144,147.105,N,,0.0013,0.001,0.0019,0.0019,0.0023,0.0021,0.0015,0.0008,0.0011,0.0008,0.0011,0.0006,0.0011,0.0019,0.0024,0.0029,0.0027,0.0013,0.0008,-1e-04,-0.0005,0.0,1e-04,-0.0003,-0.0002,-0.0007,-0.0012,-0.0009,-0.0007
2018-08-01,-5.3144,147.105,NE,-0.0002,0.0005,0.0008,0.0011,0.0011,0.0008,0.0005,-1e-04,-0.001,-0.001,-0.0009,-0.001,-0.0004,-0.0008,-0.0005,-0.0003,-1e-04,-0.0,-0.0002,0.0,-1e-04,0.0,0.0002,-1e-04,-0.0004,-0.0004,-0.0003,0.0005,0.0012,0.0005
2018-08-01,-5.3144,147.105,NO,0.0032,0.0027,1e-04,-0.0,-0.0005,0.0007,0.0025,0.0031,0.0021,0.0023,0.0013,0.0009,1e-04,0.0003,0.0008,0.0012,0.0012,0.0003,0.0006,0.0008,0.0007,0.0007,-1e-04,-0.0003,-0.0005,-0.0005,-0.0005,-0.0005,-0.0005,-0.0005
2018-08-01,-5.3144,147.105,O,,0.0006,-0.0006,-0.0012,-0.0011,-0.0015,-0.0016,-0.0016,-0.0016,-0.0016,-0.0016,-0.0014,-0.0011,-0.0004,-1e-04,-1e-04,-0.0007,-0.0013,-0.001,-0.0004,-0.0005,-0.0003,-1e-04,0.0005,0.0004,0.0007,0.0008,0.0007,0.0008,0.0015
2018-08-01,-5.3144,147.105,S,,-0.0016,-0.0016,-0.0013,-0.0014,-0.0002,0.0012,0.0,0.0014,0.0006,-0.0003,0.0009,0.0012,0.0012,0.0029,0.0028,0.003,0.0023,0.0019,0.0005,-0.0,-0.0002,-0.0002,0.0005,1e-04,-0.0007,-0.0014,-0.0018,-0.0023,-0.0024
2018-08-01,-5.3144,147.105,SE,-0.0028,-0.0028,-0.0032,-0.0031,-0.0041,-0.0031,-0.0031,-0.0016,-0.0011,-0.0002,1e-04,-0.0006,-0.0008,-0.0021,-0.0017,-0.0007,1e-04,0.0006,0.0006,0.0006,0.0003,0.0011,0.0003,0.0011,0.0006,0.0008,0.001,-1e-04,-0.0003,0.0002
2018-08-01,-5.3144,147.105,SO,0.004,,0.0028,0.0016,0.0008,0.0,0.0,0.0,0.0006,0.0013,0.002,0.0027,0.0029,0.0043,0.0046,0.0045,0.004,0.0042,0.0032,0.0029,0.0027,0.0034,0.0032,0.0037,0.0042,0.0044,0.0039,0.0042,0.0036,0.004
2018-08-09,-5.3144,147.105,E,,0.0059,,,,,,,,0.008,-1e-04,-0.0082,-0.0083,-0.0083,-0.0083,-0.0083,-0.0083,-0.0083,-0.0083,-0.0042,-0.0083,-0.0022,-0.0062,-0.0062,-0.0062,-0.0062,-0.0062,-0.0042,-0.0042,-0.0062
2018-08-09,-5.3144,147.105,N,,-0.0242,-0.0215,-0.0221,-0.0203,-0.0188,-0.0281,-0.0352,-0.0335,-0.0357,-0.0334,-0.0284,-0.0231,-0.0197,-0.0115,0.0017,0.014,0.0176,0.0175,0.0175,0.0175,0.0102,0.0101,0.0101,0.0101,0.0014,0.0027,0.0027,-0.0032,-0.0047
2018-08-09,-5.3144,147.105,NE,-0.077,,-0.0851,,,,,,,,-0.0401,-0.0162,-0.0115,-0.0083,0.0003,0.001,0.0049,0.001,0.0102,0.0062,0.0023,-0.0057,-0.0057,0.0022,-0.0045,-0.0125,-0.0045,-0.0045,-0.0125,-0.0137
2018-08-09,-5.3144,147.105,NO,0.003,0.0034,0.0119,0.0132,0.0072,-0.0006,-0.0047,-0.0013,-0.0013,0.0137,0.0324,0.0361,0.0361,0.0361,0.0361,0.0361,0.0361,0.0324,0.0287,0.0287,0.0287,0.0287,0.0287,0.0287,0.0212,0.0137,0.0137,0.0137,-0.0013,0.0025
2018-08-09,-5.3144,147.105,O,,0.0105,0.0071,0.0076,0.0155,0.0232,0.0417,0.0454,0.0528,0.0528,0.0601,0.0528,0.0528,0.0454,0.0417,0.0381,0.0306,0.0343,0.0417,0.038,0.0343,0.0343,0.0306,0.0306,0.0157,0.0157,0.0157,,,
2018-08-09,-5.3144,147.105,S,,-0.0341,-0.0222,-0.0211,-0.0211,-0.013,-0.005,0.0032,0.0029,0.0049,0.0104,0.0028,0.0027,-0.0044,0.001,-0.0031,0.005,0.0108,0.0107,0.0033,0.0071,0.0044,-0.0,-0.0041,-0.0044,-0.0048,-0.0115,-0.0121,-0.0116,-0.0086
2018-08-09,-5.3144,147.105,SE,0.0568,0.0729,0.0595,,,0.054,0.062,,,,,,,,,,,,,,-0.0027,-0.0054,-0.0054,0.0068,0.0108,-0.0,-0.0,-0.0,-0.0,-0.0
2018-08-09,-5.3144,147.105,SO,-0.0461,,-0.0382,-0.0306,-0.0151,0.0002,0.0147,0.0151,0.0188,0.0152,0.0152,0.0155,0.0158,0.0225,0.0225,0.0225,0.0153,0.0152,0.0188,0.0225,0.0152,0.0152,0.0079,0.0079,-0.0032,-0.0069,-0.0143,-0.0217,-0.0032,-0.0217
2018-12-07,-5.3144,147.105,E,,-0.0065,-0.0056,-0.0036,-0.0029,-0.0022,-0.0016,-0.0015,-0.0016,-0.0012,-0.0014,-0.0007,0.0005,-1e-04,0.0011,0.0011,0.0011,0.0014,0.0024,0.0017,0.0008,0.0007,0.0004,-0.0003,-0.001,-0.0011,-0.001,-0.0005,-0.0012,-0.0012
2018-12-07,-5.3144,147.105,N,,0.0015,0.0015,0.0012,0.0005,0.0005,0.0008,-0.0005,0.001,-0.0003,-0.0005,-0.0006,-0.0004,0.0004,0.0002,0.0004,0.0005,-1e-04,0.0007,0.0008,0.0011,-1e-04,0.0005,0.0,0.0002,1e-04,0.0006,-0.0008,-0.0006,-0.0004
2018-12-07,-5.3144,147.105,NE,-0.0027,-0.0025,-0.0023,-0.0016,-0.0009,0.0002,0.0014,0.0022,0.0018,0.0015,0.0013,0.0008,0.0007,0.0009,0.0007,0.0003,-0.0007,-0.0017,-0.0019,-0.0018,-0.0007,1e-04,0.0004,0.0006,0.0002,-1e-04,-0.0,0.0004,0.0004,1e-04
2018-12-07,-5.3144,147.105,NO,0.0017,0.0021,0.001,0.0006,0.0006,-0.0009,-0.0011,-0.0015,-0.0015,-0.0013,-0.0,0.0006,0.0003,-0.0005,-0.0011,-0.0015,-0.0015,-0.0015,-0.0015,-0.0015,-0.0008,-0.0008,-0.0007,-0.0012,-0.0012,-0.0006,0.0005,0.0013,0.0017,0.0012
2018-12-07,-5.3144,147.105,O,,-0.0002,-0.001,1e-04,0.0008,0.0013,0.0016,0.0004,-0.0007,-0.0015,-0.0015,-1e-04,-0.0002,0.0004,0.0003,0.0006,0.0004,0.0004,0.0002,-0.0,0.0002,0.0003,0.0005,0.0009,0.0011,0.0011,0.0003,1e-04,-0.0004,-0.0011
2018-12-07,-5.3144,147.105,S,,-0.0006,0.001,0.0024,0.0017,0.0012,0.0005,-0.0002,-0.0,-1e-04,0.0002,-1e-04,1e-04,0.0008,0.0006,0.0007,0.0002,-1e-04,1e-04,-0.0004,-0.0002,-0.0006,-0.0007,-0.001,-0.0004,-1e-04,0.0006,0.0017,0.001,-0.0004
2018-12-07,-5.3144,147.105,SE,-0.0015,-0.0014,-0.0011,-0.0011,-0.0004,0.0007,0.0004,0.0008,0.0003,0.0006,0.0008,0.0013,0.001,0.0006,-0.0003,-0.0012,-0.0004,-0.0006,-1e-04,1e-04,1e-04,0.0006,0.0002,-1e-04,-0.0002,-0.0005,-0.0,-0.0008,-0.0013,-0.0015
2018-12-07,-5.3144,147.105,SO,0.003,,0.0027,0.0031,0.0033,0.0024,0.0017,0.0005,0.0007,0.0011,0.0023,0.0011,0.001,0.0005,0.0011,0.0017,0.0022,0.0027,0.0024,0.0025,0.0017,0.0015,0.0012,0.0019,0.003,0.0033,0.0033,0.0029,0.0031,0.0032
2019-02-25,-5.3144,147.105,E,,,,,,,,-0.0252,-0.0252,-0.0446,-0.0446,-0.0172,0.0011,0.0114,0.0152,0.0202,0.0228,0.0237,0.0263,0.0098,0.0096,0.0097,0.0088,0.0071,0.0082,0.0073,0.0073,0.002,0.0023,0.0039
2019-02-25,-5.3144,147.105,NE,,,,,,,,,-0.025,,0.0073,0.0128,0.0075,0.004,0.0014,0.0086,-0.0005,-0.0078,-0.0057,-0.0157,-0.0078,-0.0012,0.0074,-0.0032,0.002,-0.0046,0.0062,-0.0019,0.0059,0.0161
2019-02-25,-5.3144,147.105,O,,,,,,,,,,,,,,,,,,,,,,,,,0.0,0.0019,0.0,0.0,0.014,
2019-02-25,-5.3144,147.105,SE,,,,,,,,,,0.0049,0.0049,0.0049,0.0049,0.0049,0.0096,,,-0.0115,-0.0085,-0.0115,-0.0115,0.0107,,,,,,,0.0415,0.0452
2019-04-22,-5.3144,147.105,E,,-0.0264,-0.0235,-0.0178,-0.0164,-0.0008,,,,,,,0.0021,0.0021,0.0021,-0.005,0.0021,0.005,0.0021,0.0021,0.0021,-0.0092,-0.0021,-0.0021,0.005,0.005,-0.0091,0.005,0.005,0.005
2019-04-22,-5.3144,147.105,N,,0.0098,0.0027,-0.0043,-0.0051,-0.0043,0.0076,0.0077,0.0106,0.0085,0.0085,0.0086,0.0086,0.0059,0.0052,0.0049,-0.0028,-0.006,-0.0056,-0.0066,-0.0067,-0.0059,0.005,0.005,-0.0077,-0.0077,-0.0077,-0.0077,-0.0077,0.0024
2019-04-22,-5.3144,147.105,NE,-0.0174,-0.0174,-0.0098,-0.0021,-0.001,0.0131,0.0131,-0.0016,-0.0021,,,,,-0.0118,0.0023,0.0024,0.0024,-0.0042,0.0035,0.0035,0.0035,-0.0106,0.0035,0.0035,-0.0095,0.0046,0.0046,0.0046,0.0046,0.0046
2019-04-22,-5.3144,147.105,NO,0.0013,0.0008,-0.0038,-0.0054,-0.0062,-0.0062,-0.0062,0.0063,-0.0062,0.0065,-0.0062,0.0065,0.0065,0.0065,0.0065,-0.0062,-0.0062,-0.0062,-0.0062,-0.0062,-0.0062,-0.0062,-0.0062,-0.0062,-0.0062,-0.0062,-0.0062,-0.0062,-0.0062,0.0065
2019-04-22,-5.3144,147.105,O,,-0.001,-0.0033,-0.0035,0.0088,0.0084,0.0084,-0.0043,-0.0043,0.0021,0.0084,0.0084,0.0084,-0.0043,-0.0043,-0.0043,-0.0043,-0.0043,-0.0043,0.0084,0.0084,0.0084,0.0084,,,,,0.0084,0.0084,-0.0043
2019-04-22,-5.3144,147.105,S,,0.0076,0.0144,0.0071,0.0005,-0.0008,0.0007,-0.006,0.0007,0.0078,0.0077,0.0077,0.0065,0.0069,-0.0065,0.0064,0.0073,0.0066,0.006,0.0029,0.0028,-0.0078,-0.008,-0.0082,-0.0078,-0.0073,-0.003,-0.0078,-0.0086,-0.0078
2019-04-22,-5.3144,147.105,SE,-0.0208,-0.0208,-0.0049,-0.0164,-0.0155,-0.0155,-0.0084,-0.0013,0.0127,0.0005,0.0005,-0.0066,-0.0066,-0.0128,-0.0119,0.0023,0.0032,-0.003,-0.003,-0.0101,0.0041,0.0041,-0.0101,-0.0083,-0.0083,-0.0083,0.0041,0.0058,0.0058,0.0058
2019-04-22,-5.3144,147.105,SO,0.006,,0.0035,0.0015,0.0078,0.0139,0.0133,0.0127,0.013,0.0127,0.0127,0.0056,0.0,0.0,0.0,0.0,0.0,0.0,0.0,0.0,0.0127,0.0127,0.0,0.0127,0.0127,0.0127,0.0063,0.0063,0.0,0.0
2019-09-29,-5.3144,147.105,E,,0.0122,-0.0081,,,,,,,,-0.0264,-0.0091,-0.0033,0.0081,0.0081,0.0081,0.0081,0.0049,0.0049,0.0049,0.005,0.005,0.005,0.005,0.005,0.0035,-0.0064,-0.0064,-0.0022,-0.0022
2019-09-29,-5.3144,147.105,N,,-0.008,-0.007,-0.031,-0.0291,-0.0125,-0.0077,-0.0077,-0.0054,0.0029,-0.0066,0.004,0.0044,0.0031,-0.0063,-0.0012,0.0034,0.0036,0.0036,0.0037,0.0142,0.0037,0.004,0.0037,0.0037,-0.0043,-0.0056,-0.0049,-0.0029,0.0037
2019-09-29,-5.3144,147.105,NE,0.0563,0.0563,0.0397,0.0345,0.023,,,,,,,-0.0077,-0.0179,-0.0076,0.0051,0.0051,0.0052,0.0052,0.0063,0.0063,0.0063,0.0064,0.0064,0.0064,0.0064,-0.0039,-0.0039,0.0076,0.0076,0.0076
2019-09-29,-5.3144,147.105,NO,-0.0219,-0.0108,-0.0058,-0.0174,-0.0179,-0.0376,-0.0376,-0.0282,-0.0177,-0.0229,-0.0175,-0.0175,-0.0175,-0.0228,-0.0175,-0.0175,-0.0122,-0.0069,-0.0122,-0.0069,-0.0122,-0.0069,-0.0069,-0.0069,-0.0069,-0.0069,-0.0068,-0.0069,-0.0069,-0.0069
2019-09-29,-5.3144,147.105,O,,0.0046,0.0036,0.0088,0.0087,0.0032,0.0085,0.0086,0.0191,0.0085,0.0085,0.0085,0.0085,-0.0021,-0.0115,-0.0115,-0.0115,-0.0068,-0.0115,-0.0115,-0.0115,-0.0115,-0.0115,-0.0115,0.0032,0.0085,,,,-0.0022
2019-09-29,-5.3144,147.105,S,,-0.0057,-0.0111,,,,,,,,,,-0.0091,0.0019,0.0028,0.0033,-0.002,,,-0.0058,-0.0006,-0.0053,-0.0053,-0.0027,-0.001,0.0003,0.0107,,,
2019-09-29,-5.3144,147.105,SE,0.0716,0.0601,0.0375,0.0266,,,,,,,,,-0.0063,-0.0063,-0.0063,-0.0172,-0.0172,-0.0172,-0.0172,-0.0172,-0.0056,1e-04,-0.0056,0.0059,0.0116,0.0173,0.0173,0.0118,0.0063,0.0063
2019-09-29,-5.3144,147.105,SO,0.0229,,0.0,0.0099,0.0205,0.0097,0.0094,0.0095,0.0093,0.02,0.0,0.0093,0.0,0.0,0.0047,0.0047,0.0199,0.0199,0.0199,0.0305,0.0199,0.0199,0.0304,0.0199,0.0252,0.0304,0.0304,0.0198,0.0198,0.0304
2020-07-21,-5.3144,147.105,E,,0.0085,0.0062,0.0045,0.002,0.0003,-0.0013,-0.0024,-0.0006,0.0012,0.002,0.0027,0.0031,0.004,0.0043,0.0029,0.0014,0.0005,0.0007,0.0005,-0.001,-0.0046,-0.0046,-0.0046,-0.0046,-0.0046,-0.0046,-0.0022,0.0003,-0.0043
2020-07-21,-5.3144,147.105,N,,0.0036,0.0036,0.0003,-0.0021,-0.0018,-0.0011,0.0009,0.0031,0.0034,0.0028,0.003,0.0028,0.0031,0.0029,0.003,0.0014,0.0006,0.0006,1e-04,1e-04,0.0013,0.0015,0.0013,0.0015,0.0011,0.0012,0.0011,0.0009,0.0005
2020-07-21,-5.3144,147.105,NE,0.0107,0.0096,0.0078,0.0065,0.0035,0.0018,0.0013,0.0016,0.0006,-0.0011,-0.0037,-0.0049,-0.0008,-0.0036,-0.0009,-0.001,0.0003,-1e-04,1e-04,0.0005,0.0009,0.0008,0.0017,0.0015,0.0019,0.002,0.0022,0.0027,0.0027,0.0027
2020-07-21,-5.3144,147.105,NO,0.016,0.0161,0.0123,0.0102,0.0092,0.0092,0.0099,0.0103,0.0102,0.0108,0.011,0.0118,0.0123,0.0123,0.0122,0.0114,0.0094,0.0062,0.0064,0.0053,0.0088,0.0087,0.0117,0.012,0.0111,0.0128,0.0135,0.0135,0.0146,0.014
2020-07-21,-5.3144,147.105,O,,0.0014,-0.0014,-0.002,-0.0002,0.0018,0.0025,0.002,0.0008,-1e-04,0.0002,0.0008,0.002,0.0008,-0.0005,-0.0022,-0.0039,-0.0053,-0.0049,-0.0044,-0.0033,-0.0013,0.0005,0.0016,0.0023,0.0019,0.0016,0.0017,0.002,0.0022
2020-07-21,-5.3144,147.105,S,,0.0049,0.0047,0.0054,0.0055,0.0056,0.0058,0.0052,0.0057,0.0053,0.0047,0.0037,0.0034,0.0023,0.0014,0.0014,0.0005,0.0009,0.0011,0.0015,0.0026,0.0011,0.0008,-0.0002,-0.0013,-0.0006,-0.0013,-0.0014,-0.0019,-0.0016
2020-07-21,-5.3144,147.105,SE,0.0117,0.0107,0.0099,0.0047,0.0038,0.001,0.0014,-0.0013,-0.0019,-0.0024,-0.0015,-0.0011,0.0028,0.0047,0.0035,0.0027,0.0019,0.0021,0.0022,0.0024,0.0019,0.0015,0.0017,0.0021,-0.0109,-0.0109,-0.0094,-0.0053,0.0013,0.0017
2020-07-21,-5.3144,147.105,SO,0.0157,,0.0126,0.0115,0.0123,0.0134,0.0139,0.0133,0.0129,0.0127,0.0128,0.013,0.0133,0.0135,0.0126,0.0113,0.0112,0.0115,0.0125,0.0126,0.0127,0.0124,0.012,0.0117,0.012,0.0117,0.0117,0.0119,0.0116,0.0118
2020-08-29,-5.3144,147.105,E,,-0.0264,-0.0228,-0.005,-0.0013,,,,,,,,0.0025,0.0024,0.0024,0.0024,0.0024,-0.0055,-0.0009,-0.0043,-0.0043,-0.0043,-0.0042,0.001,0.0009,0.0061,-0.0042,-0.0018,-0.0042,0.0028
2020-08-29,-5.3144,147.105,N,,-0.0031,-0.0078,-0.0134,-0.0128,-0.0076,0.0073,0.0017,0.0027,0.0026,0.0019,-0.0029,-0.0034,-0.0025,-0.0026,-0.0033,0.0059,0.0061,0.0061,0.0061,0.0018,-0.0033,-0.0033,-0.0033,-0.0033,-0.0033,0.006,0.0061,0.006,0.0023
2020-08-29,-5.3144,147.105,NE,-0.0296,-0.0295,-0.0279,-0.0263,-0.0092,-0.004,-0.0024,-0.0159,-0.0159,,,,,,,,-0.0029,-0.0029,-0.0029,-0.0013,0.0003,0.0054,0.009,0.0107,0.0071,-0.0095,-0.0068,-0.0095,-0.0095,-0.0095
2020-08-29,-5.3144,147.105,NO,-0.0158,-0.0059,-0.0067,-0.0121,-0.0078,-0.0077,-0.0077,-0.0076,-0.003,-0.0076,-0.0076,-0.0076,-0.0075,-0.0028,0.0019,0.0019,-0.0075,-0.0075,-0.0075,-0.0075,-0.0075,-0.0075,-0.0075,-0.0075,-0.0075,-0.0075,-0.0075,-0.017,-0.0075,-0.0075
2020-08-29,-5.3144,147.105,O,,-0.0084,-0.0047,-0.0049,-0.005,-0.0099,-0.0051,0.0043,-0.0004,-0.0051,-0.0051,-0.0051,-0.0051,-0.0051,-0.0051,-0.0051,-0.0051,-0.0051,-0.0051,-0.0051,0.0043,-0.0051,-0.0146,-0.0051,,,,-0.0052,-0.0051,-0.0051
2020-08-29,-5.3144,147.105,S,,0.0028,0.0079,-0.0022,-0.0023,0.0073,0.0131,0.0074,-0.0022,-0.0022,-0.0023,-0.0024,-0.0025,-0.0025,-0.0026,0.0067,0.0075,0.0075,0.0073,0.0019,0.0013,-0.0024,-0.0031,-0.0042,-0.0042,-0.0042,-0.0041,-0.0042,-0.0042,-0.0042
2020-08-29,-5.3144,147.105,SE,-0.0094,-0.0094,-0.0088,-0.0028,-0.0077,-0.0025,-0.0077,-0.0077,0.0027,0.0029,0.0032,0.0032,0.0032,0.0032,0.0038,-0.0012,-0.006,0.0043,0.0043,0.0043,-0.006,0.0043,0.0043,0.0046,-0.006,-0.0006,0.0048,-0.0055,-0.0055,-0.0055
2020-08-29,-5.3144,147.105,SO,-0.0036,,0.0054,0.0045,0.0091,0.0044,0.0044,0.0132,0.0039,0.0037,0.0036,0.0032,0.0032,0.0034,0.0037,0.0037,0.0036,0.0037,-0.0057,-0.0057,-0.0057,-0.0057,-0.0057,-0.0057,-0.001,-0.0057,-0.0057,-0.0057,-0.0057,-0.0057
2020-12-28,-5.3144,147.105,E,,0.0053,0.0048,0.0033,0.0029,0.0017,0.001,0.0013,0.0025,0.0024,0.0018,0.0006,-0.0003,-0.0014,-0.0015,-0.0021,-0.0021,-0.0011,-0.0005,0.0015,0.001,-0.001,-0.0009,-0.0007,1e-04,1e-04,1e-04,0.0006,0.001,0.0022
2020-12-28,-5.3144,147.105,N,,0.0014,0.0021,0.006,0.0072,0.0078,0.0084,0.0061,0.0055,0.0052,0.0042,0.0041,0.0044,0.005,0.0037,0.0021,0.0024,0.0023,0.0021,0.0021,0.0022,0.0021,0.0011,-0.0002,-0.0015,-0.0031,-0.005,-0.006,-0.0067,-0.0069
2020-12-28,-5.3144,147.105,NE,-0.0058,-0.0058,-0.0043,-0.0031,0.0002,0.0026,0.004,0.0033,0.0025,0.0016,0.0002,-0.0003,-0.0004,-0.002,-0.0016,-0.0024,-0.0016,-0.0009,-0.0013,-0.001,-0.0014,-0.0029,-0.0016,0.0002,0.002,0.0025,0.0016,0.0011,-0.0005,-0.0012
2020-12-28,-5.3144,147.105,NO,-0.0007,-0.0013,-0.0015,-0.0007,-0.0002,0.0004,0.0003,-0.0006,-0.0019,-0.0036,-0.0024,-0.0024,-0.0015,-0.0015,-0.0017,-0.002,-0.0015,-0.0012,-0.0006,1e-04,0.0002,0.0003,0.0014,0.0014,0.0014,0.0008,0.0003,-0.0003,-0.0002,-0.001
2020-12-28,-5.3144,147.105,O,,0.0033,0.0034,0.0038,0.0033,0.0018,0.0014,0.0012,0.0009,0.0012,0.0016,0.0022,0.0016,0.0015,0.0002,-1e-04,0.0006,0.0017,0.0025,0.003,0.0031,0.003,0.0025,0.002,0.0021,0.0018,0.0027,0.0028,0.0027,0.0024
2020-12-28,-5.3144,147.105,S,,0.0114,0.0117,0.012,0.0122,0.0118,0.0111,0.0105,0.0087,0.0072,0.0054,0.0038,0.0021,0.0032,0.0047,0.0045,0.0039,0.0029,0.0017,0.0003,-0.0023,-0.0023,-0.0023,-0.0023,-0.0023,-0.0023,-0.0022,-0.0014,-0.0012,-0.0007
2020-12-28,-5.3144,147.105,SE,-0.0012,-0.0014,-0.0003,0.0007,0.0017,0.0022,0.0022,0.0027,0.0009,-0.0007,-0.0014,-0.0018,-0.0011,-0.0009,-0.0013,-0.0015,-0.0005,0.0004,0.0012,0.0023,0.0021,0.0029,0.0024,0.0007,-0.0003,-0.001,-0.0002,0.0009,0.0008,0.0007
2020-12-28,-5.3144,147.105,SO,0.0136,,0.0144,0.0145,0.0137,0.0111,0.0083,0.006,0.0053,0.0059,0.0053,0.0045,0.0043,0.0038,0.003,0.0028,0.0012,0.0,0.0,0.0,0.0,0.0,0.0,0.0,0.0,0.0,0.0,0.0,0.0,0.0
2021-01-04,-5.3144,147.105,E,,-0.0048,-0.006,-0.0084,-0.0031,0.0021,0.0021,0.0021,0.0021,0.0021,-0.0108,-0.0108,0.0008,0.0008,0.0008,0.0008,0.0008,0.0008,0.0008,0.0008,-0.0003,-0.0003,-0.0121,,,,,0.0054,-0.0018,-0.0018
2021-01-04,-5.3144,147.105,N,,0.0018,0.0025,0.0018,0.0022,0.0025,0.0018,0.0022,0.0031,-0.0065,-0.0073,-0.0066,-0.0028,-0.0066,-0.0067,0.003,0.0038,0.003,0.0026,0.0006,0.0023,0.0013,-0.0011,-0.0004,0.0009,0.0038,0.0038,0.0027,0.0037,0.0037
2021-01-04,-5.3144,147.105,NE,0.0142,0.0142,0.0133,0.0124,0.0106,0.0096,0.0087,-0.003,-0.003,-0.0039,-0.0048,-0.003,0.005,0.005,0.005,-0.003,-0.0066,-0.003,0.0032,0.0032,0.0031,-0.0027,0.0012,0.0012,0.0021,0.0012,0.0012,0.013,0.0013,0.0021
2021-01-04,-5.3144,147.105,NO,0.0079,-0.0036,-0.003,0.0028,-0.0025,-0.0025,-0.0026,-0.0026,-0.0026,-0.0026,0.0081,0.0081,-0.0027,-0.0027,0.008,-0.0026,-0.0026,-0.0026,-0.0039,-0.0026,-0.0026,-0.0027,-0.0027,-0.0026,0.008,0.0027,0.008,-0.0026,0.008,0.008
2021-01-04,-5.3144,147.105,O,,-0.0026,-0.0079,0.0029,0.003,,,,,,,,0.0084,0.003,-0.0076,-0.0076,-0.0076,0.003,0.003,-0.0076,0.003,0.003,0.003,0.003,0.0031,0.003,0.0031,0.0031,0.0031,0.0138
2021-01-04,-5.3144,147.105,S,,-0.0029,-0.0031,0.0026,0.0031,0.0031,-0.0086,-0.0092,-0.0089,-0.0029,0.0027,0.0022,-0.0034,-0.0096,-0.0096,0.0011,0.0012,0.0007,0.0007,-0.0109,-0.0103,0.0013,0.0018,0.0005,0.0002,0.0002,0.0005,0.0008,0.0002,0.0002
2021-01-04,-5.3144,147.105,SE,0.0097,-0.0021,0.0047,0.0034,0.014,0.0022,0.0022,-0.0004,0.0009,-0.0029,-0.0029,-0.0003,-0.0028,-0.0015,-0.0028,-0.0028,0.0065,-0.0053,-0.0053,-0.0053,-0.0053,0.004,0.0041,0.0041,0.004,0.004,0.004,-0.0019,-0.0078,-0.0019
2021-01-04,-5.3144,147.105,SO,-0.0123,,-0.0009,-0.001,-0.001,-0.001,-0.001,-0.001,-0.0009,-0.0008,,,,-0.001,-0.001,-0.001,-0.0117,-0.0117,-0.0117,-0.001,-0.001,-0.001,-0.0063,-0.0063,-0.0116,-0.0116,-0.0009,-0.0009,-0.0009,-0.0008
2021-04-03,-5.3144,147.105,E,,-0.2284,-0.1929,-0.126,-0.1007,-0.0444,-0.0125,0.0102,0.0376,0.0478,0.0709,0.0643,0.0474,0.0297,0.0098,-0.0124,-0.0276,-0.0287,-0.0371,-0.0395,-0.0388,-0.0201,0.0043,0.0261,0.0423,0.0441,0.0408,0.0426,0.0343,0.0225
2021-04-03,-5.3144,147.105,N,,-0.1459,-0.1435,-0.1252,-0.1182,-0.1113,-0.0979,-0.0835,-0.0911,-0.0641,-0.039,-0.0279,-0.024,-0.0203,-0.0214,-0.0217,-0.0247,-0.0236,-0.0213,-0.0137,-0.0087,0.0052,0.0118,0.0072,0.006,0.0075,0.0105,0.0026,0.001,-0.0067
2021-04-03,-5.3144,147.105,NE,-0.1389,-0.1325,-0.126,-0.1235,-0.1113,-0.0987,-0.0883,-0.068,-0.0429,-0.0238,-0.018,-0.0015,0.0074,0.0134,0.0202,0.0219,0.0202,0.0214,0.0261,0.0225,0.0208,0.0107,-0.0151,-0.0166,-0.0171,-0.0042,0.0022,0.0026,-0.0076,-0.0068
2021-04-03,-5.3144,147.105,NO,-0.0896,-0.0766,-0.0405,-0.0223,-0.0031,0.022,0.038,0.0542,0.0648,0.0791,0.0829,0.0855,0.0829,0.0802,0.0717,0.0638,0.0555,0.0457,0.0321,0.018,-0.005,-0.0064,-0.0205,-0.0206,-0.0162,-0.0114,-0.0011,0.0036,0.0038,0.0012
2021-04-03,-5.3144,147.105,O,,-0.0995,-0.0839,-0.0697,-0.065,-0.0541,-0.0406,-0.0452,-0.0644,-0.0714,-0.0694,-0.0613,-0.0486,-0.0452,-0.0416,-0.0374,-0.0364,-0.0258,-0.0146,-0.0161,-0.001,0.0058,0.011,0.0091,-0.0112,-0.0054,-0.0159,-0.0163,-0.0155,-0.016
2021-04-03,-5.3144,147.105,S,,-0.0603,-0.0581,-0.0556,-0.0431,-0.0399,-0.0393,-0.0447,-0.0378,-0.0385,-0.0378,-0.0392,-0.0323,-0.0268,-0.0186,-0.0105,-0.0044,-0.0053,-0.0062,-0.0037,-0.0002,0.0067,0.0087,0.0127,0.0149,0.0121,0.0101,0.0055,0.0062,0.0101
2021-04-03,-5.3144,147.105,SE,-0.0579,-0.0579,-0.0506,-0.0192,-0.014,0.003,-0.0078,-0.007,-0.009,-0.0062,-0.0084,0.0036,-0.0175,-0.0037,-0.0152,-0.0143,-0.0143,-0.0143,-0.0143,-0.013,-0.007,0.0041,-0.0023,-0.007,-0.007,-0.007,-0.007,-0.007,-0.007,-0.007
2021-04-03,-5.3144,147.105,SO,0.0,,0.0106,0.0266,0.0343,0.0405,0.0537,0.0599,0.0581,0.0605,0.0712,0.0787,0.0929,0.1055,0.1116,0.1297,0.1184,0.1315,0.1344,0.1372,0.1532,0.1667,0.1902,0.1982,0.2011,0.1977,0.1924,0.191,0.1776,0.185
2021-04-26,-5.3144,147.105,E,,-0.0056,-0.0079,-0.0069,-0.0182,,,,,,,,-0.0003,-0.0003,-0.0003,-0.0003,-0.0003,-0.0003,0.003,-0.0003,-0.0003,0.003,0.003,0.003,-0.0026,0.003,0.003,0.003,0.003,-0.005
2021-04-26,-5.3144,147.105,N,,0.0168,0.0055,0.0056,0.0052,0.0055,0.0056,0.0017,-0.0046,-0.0023,0.0032,0.0043,0.0032,0.0032,0.0067,0.0064,0.0017,0.0014,0.0015,0.0014,0.0022,0.0019,-0.0083,-0.0089,-0.0089,-0.0089,-0.0039,0.0014,0.0014,0.0014
2021-04-26,-5.3144,147.105,NE,0.0078,0.0078,0.0081,0.0084,-0.0025,-0.0138,-0.0135,-0.0028,-0.0028,,,,-0.0061,-0.0005,-0.0005,-0.0005,-0.0005,-0.0005,0.0,0.0,0.0,0.0,0.0,0.0006,0.0006,0.0006,0.0006,0.0006,0.0006,0.0006
2021-04-26,-5.3144,147.105,NO,0.0179,0.0174,0.0041,0.0029,0.0119,0.0023,-0.0027,0.0024,0.0024,0.0024,0.0024,0.0022,0.0024,-0.0079,0.0024,0.0024,0.0024,0.0076,0.0127,0.0076,0.0024,0.0024,0.0024,0.0024,0.0024,0.0024,0.0024,0.0024,0.0024,0.0024
2021-04-26,-5.3144,147.105,O,,0.0019,-0.0006,-0.0011,0.004,-0.0015,0.0088,-0.0015,-0.0067,-0.0015,-0.0015,-0.0015,-0.0015,-0.0015,-0.0015,-0.0015,-0.0015,-0.0015,-0.0015,-0.0015,-0.0015,-0.0015,-0.0015,-0.0015,,,,-0.0015,0.0037,-0.0015
2021-04-26,-5.3144,147.105,S,,0.016,0.0103,-0.0011,-0.0009,0.0093,0.0102,0.0097,0.0102,0.0048,0.0047,-0.001,-0.0013,0.0096,0.0096,-0.0012,-0.0018,-0.0018,-0.0012,0.0082,-0.0016,-0.002,-0.0019,-0.002,-0.0047,-0.0051,-0.0022,-0.0035,-0.0023,-0.0022
2021-04-26,-5.3144,147.105,SE,0.0264,0.0264,0.0022,-0.0003,0.0005,0.0053,0.0006,-0.0011,-0.0011,-0.0019,-0.006,-0.0076,-0.0076,-0.0027,0.0069,-0.0044,-0.0044,0.0052,-0.0004,0.0052,0.0052,0.0052,0.0052,-0.0012,0.0052,0.0044,0.0036,-0.006,-0.0012,0.0036
2021-04-26,-5.3144,147.105,SO,0.02,,0.0175,0.0155,0.0101,0.0046,0.0045,0.0037,0.0036,0.0036,0.0034,-0.0064,-0.0067,0.003,0.0037,0.0037,0.0037,-0.0067,-0.0015,-0.0067,-0.0067,-0.0067,0.0037,0.0037,0.0037,0.0037,-0.0067,-0.0067,-0.0067,-0.0067
2021-05-12,-5.3144,147.105,E,,-0.0129,0.005,0.0343,0.0343,0.0458,,,,,,,,,0.031,0.031,0.0178,-0.0088,-0.0088,-0.0109,-0.0109,-0.0109,0.0358,,,,,,,
2021-05-12,-5.3144,147.105,N,,0.0126,-0.0008,-0.0004,-0.0012,0.0058,-0.0004,-0.0136,-0.0026,0.0092,0.0053,0.0002,0.0003,0.0081,0.0101,0.0126,0.0126,0.0105,-0.0013,-0.0013,0.0,0.0073,0.0073,-0.0045,-0.0164,-0.0166,-0.0048,-0.0004,-0.0048,-0.0032
2021-05-12,-5.3144,147.105,NE,0.0145,0.0145,0.0082,0.0019,0.0023,0.0025,0.0027,0.0023,0.0158,0.0027,-0.0099,-0.0104,-0.0095,-0.0095,0.0031,0.0035,0.0027,-0.0095,0.0033,0.0035,0.004,0.017,0.017,0.0174,0.0044,0.0044,0.0044,0.0044,0.0044,0.0174
2021-05-12,-5.3144,147.105,NO,0.0406,0.0403,,,,,,,,,-0.0239,-0.0239,-0.0239,-0.0239,-0.0239,-0.0239,-0.0239,-0.0239,-0.0239,-0.0239,-0.0239,-0.0122,-0.006,-1e-04,0.0119,-1e-04,0.012,0.0239,0.0239,0.0239
2021-05-12,-5.3144,147.105,O,,,,,,,,,0.0,0.0,0.0,0.0,,,,,,,,,,0.0,,0.0117,0.0359,0.0359,,0.0479,,
2021-05-12,-5.3144,147.105,S,,-0.0038,-0.0042,0.0024,0.0024,0.0024,0.0155,0.0216,0.009,-0.005,-0.005,-0.0054,-0.0128,-0.019,-0.0198,-0.0207,-0.0273,-0.0207,-0.0079,0.0178,0.0054,0.017,0.0051,0.0048,0.0052,0.0044,0.0039,0.0039,0.0059,0.0062
2021-05-12,-5.3144,147.105,SE,0.043,0.043,0.0382,0.0375,0.0416,0.0416,0.0416,0.0285,0.0237,0.013,-0.0026,0.0106,-0.0026,-0.0185,-0.0207,-0.0475,-0.0524,-0.0123,0.0009,0.014,0.0246,0.0092,0.0092,0.0222,0.0092,-0.0189,-0.0322,-0.0572,-0.0572,-0.0572
2021-05-12,-5.3144,147.105,SO,0.065,,,,,,,,,0.0,0.0,0.0059,0.0359,0.0357,0.0238,0.0,0.0239,0.0239,0.0359,0.0299,0.0359,0.0239,0.0479,0.0479,0.0598,0.0598,0.0598,0.0657,0.0598,0.0539
2021-06-13,-5.3144,147.105,O,,,,,,,,,,,,,,,,,,,,,,,,,,,,,0.0,
2021-06-13,-5.3144,147.105,SO,,,,,,,,,,,0.0,,,,,,,,,,,,,,,,,,,
2021-10-12,-5.3144,147.105,E,,-0.0198,-0.0142,-0.0053,-0.0052,-0.0004,-0.0007,-0.0006,-0.0009,0.0025,0.0022,0.0023,0.0022,0.0022,0.0022,0.0018,0.0022,0.0025,0.0018,0.0016,1e-04,0.0031,0.0031,0.0037,0.0038,0.0056,0.0047,0.0004,-0.0013,-0.0044
2021-10-12,-5.3144,147.105,N,,-0.0051,-0.0051,-0.0039,-0.0032,-0.0015,-0.0015,-0.0015,-0.0002,0.0004,0.0006,0.0008,0.0005,0.0026,0.0024,0.0014,0.0024,0.0016,0.0017,0.0012,0.0007,0.0004,0.0005,1e-04,-0.0005,-0.0003,-1e-04,-0.0008,-0.0004,0.0003
2021-10-12,-5.3144,147.105,NE,0.0034,0.0027,0.0016,1e-04,-0.0017,-0.0025,-0.0024,-0.0015,-0.0026,-0.0023,-0.0023,-0.0006,0.0004,0.0013,0.0026,0.0015,0.0012,0.0007,-0.0008,-0.0008,-0.0002,0.0009,0.0009,1e-04,0.0002,0.001,0.0013,0.0013,0.0004,-1e-04
2021-10-12,-5.3144,147.105,NO,0.0046,0.0029,-0.0021,-0.0031,-0.0039,-0.0012,-1e-04,-0.0002,-0.0002,1e-04,-0.0002,-0.0003,-0.0011,-0.001,-0.0009,-0.0002,0.0005,0.0011,0.0008,0.0004,-0.0003,-0.0005,-0.0002,-0.0012,-0.0012,-0.0006,-0.0006,0.0004,-1e-04,-0.0
2021-10-12,-5.3144,147.105,O,,0.0052,0.0018,0.0006,0.0014,0.0013,0.001,0.0004,-0.0008,-0.0008,-0.0005,0.0006,0.0007,0.0007,0.0008,0.0012,0.0015,0.0012,0.0014,0.0017,0.0014,0.0023,0.0035,0.0034,0.0035,0.0024,0.003,0.0031,0.0028,0.0027
2021-10-12,-5.3144,147.105,S,,0.0173,0.0161,0.0158,0.0143,0.015,0.0165,0.018,0.0173,0.0162,0.0146,0.0132,0.012,0.0096,0.0024,-0.0068,-0.0071,-0.0071,-0.0075,-0.0075,-0.0063,-0.0068,-0.006,-0.006,-0.006,-0.006,-0.006,-0.006,-0.006,-0.0052
2021-10-12,-5.3144,147.105,SE,-0.0372,-0.0363,-0.0274,-0.0146,-0.0117,-0.0109,-0.0114,-0.0027,-0.003,0.0017,0.006,0.0064,0.0049,0.0031,0.0012,0.0056,0.0064,0.0005,-0.0076,-0.0078,-0.0078,-0.0078,-0.0078,0.0013,,0.0013,0.0013,,,
2021-10-12,-5.3144,147.105,SO,0.022,,0.0181,0.0151,0.0149,0.015,0.0151,0.0145,0.0135,0.0124,0.0114,0.0103,0.0093,0.0093,0.0091,0.0098,0.0102,0.0107,0.01,0.0098,0.0089,0.0074,0.0064,0.0066,0.0023,0.0028,0.0015,0.0021,0.0025,0.0018
2021-11-08,-5.3144,147.105,E,,0.008,0.0054,0.0025,0.0037,0.0038,0.004,0.0027,-0.0002,-0.0014,-0.0011,-0.0006,-0.0003,0.0003,0.0005,0.0007,0.0006,-0.0003,-0.001,-0.0023,-0.0018,-0.0011,-0.0002,1e-04,0.0005,0.0015,0.0029,0.002,0.0015,0.001
2021-11-08,-5.3144,147.105,N,,-0.0002,0.0005,0.0009,0.0017,0.0026,0.0014,0.0005,0.0015,0.0027,0.0025,0.0015,0.0012,0.0021,0.0024,0.002,0.0022,0.0021,0.0026,0.0026,0.0019,0.0003,-0.001,-0.0018,-0.0029,-0.0032,-0.0022,-0.0011,0.001,0.0025
2021-11-08,-5.3144,147.105,NE,-0.0003,-0.0006,-0.0007,-0.0006,-0.0015,-0.002,-0.0037,-0.0038,-0.0031,-0.0031,-0.003,-0.0017,-0.0008,0.0006,0.0014,0.0015,0.0015,0.0011,0.0008,0.0008,0.0005,0.001,0.0011,0.0013,0.0013,0.0005,-0.0004,-0.0007,-0.0013,-0.0017
2021-11-08,-5.3144,147.105,NO,0.007,0.0069,0.0039,0.004,0.0032,0.0052,0.0051,0.0041,0.0041,0.004,0.0043,0.0041,0.0039,0.004,0.0025,0.0018,0.001,1e-04,-0.0002,-0.0003,-1e-04,0.0002,0.0005,0.0002,-0.0004,-0.0014,-0.0018,-0.0018,-0.0018,-0.0018
2021-11-08,-5.3144,147.105,O,,0.0031,0.0004,-0.0004,-0.0006,0.0004,0.0013,0.002,0.0025,0.0026,0.0029,0.0028,0.0024,0.0024,0.0019,0.0012,0.0002,-0.0006,-0.0009,-0.0015,-0.0008,-0.001,-0.0011,-0.0011,-0.0013,-0.0013,-0.0011,-0.001,-0.0017,-0.002
2021-11-08,-5.3144,147.105,S,,0.0048,0.0039,0.0033,0.0023,0.0011,0.0002,-0.0003,0.0014,0.0025,0.003,0.0037,0.005,0.0069,0.005,-1e-04,-0.0057,-0.0058,-0.004,-0.002,-0.0017,-0.0014,-0.0013,-0.0011,-0.0002,0.0003,-0.0002,0.0,0.0009,0.0029
2021-11-08,-5.3144,147.105,SE,0.0109,0.0098,0.008,0.006,0.0053,0.0047,0.0026,0.0009,0.0006,0.0006,0.0008,0.0009,0.0024,0.0018,0.0031,0.0002,0.0008,-0.0009,-0.0075,-0.0045,-0.0049,-0.0043,-0.0028,-0.0011,1e-04,0.0008,0.0021,0.0025,0.0042,0.0045
2021-11-08,-5.3144,147.105,SO,0.0091,,0.0062,0.0041,0.0042,0.0044,0.0043,0.0035,0.003,0.003,0.0011,0.0013,0.0,0.0013,0.0019,0.0025,0.0035,0.0024,0.0029,0.0024,0.0025,0.0014,0.0032,0.0007,0.0013,0.0005,0.0,0.0,0.0,0.0
2022-03-12,-5.3144,147.105,E,,0.006,0.0061,-0.0025,-0.0025,0.0019,0.0063,0.0019,0.0062,0.0063,0.0019,-0.0024,-0.0024,-0.0024,-0.0024,-0.0024,-0.0024,-0.0024,-0.0024,-0.0024,-0.0024,-0.0024,-0.0024,-0.0024,0.0063,-0.0024,,,,
2022-03-12,-5.3144,147.105,N,,-0.0032,0.0014,-0.0032,0.0055,0.0057,0.0056,0.0055,-0.0024,-0.0028,-0.0029,-0.0028,-0.0025,-0.0025,-0.0027,-0.0025,-0.0022,0.0053,0.0056,0.0056,-0.0024,-0.0025,-0.0025,-0.0023,0.0032,0.0037,0.0032,-0.0025,-0.0025,0.0054
2022-03-12,-5.3144,147.105,NE,0.0032,-0.0056,-0.0096,-0.0051,-0.0042,-0.0044,-0.0046,-0.0042,0.0046,0.0048,0.0046,0.0046,-0.0035,-0.0033,-0.0033,0.0041,0.0046,-0.0033,-0.0028,-0.0028,-0.0028,-0.0028,-0.0028,-0.0024,0.0018,-0.0024,-0.0024,-0.0024,-0.0026,-0.0024
2022-03-12,-5.3144,147.105,NO,0.0084,0.017,0.0082,0.0041,0.0,0.008,0.016,,,0.0079,,,0.0,0.0081,0.0081,0.0081,0.0121,0.0081,0.0081,0.0081,0.0081,0.0081,0.0081,0.0081,0.0081,0.0081,0.0081,0.0081,0.0081,0.0081
2022-03-12,-5.3144,147.105,O,,-0.0019,,,,,,,,-0.0024,-0.0024,0.0056,0.0056,0.0057,-0.0024,-0.0024,-0.0024,-0.0024,-0.0024,0.0057,0.0057,0.0057,0.0016,-0.0024,-0.0024,-0.0024,-0.0024,-0.0023,-0.0023,-0.0023
2022-03-12,-5.3144,147.105,S,,0.0034,0.0033,-0.0012,-0.0094,-0.0009,0.0076,0.0074,-0.0011,-0.0014,-0.0016,-0.0057,-0.0058,-0.0017,-0.0017,-0.0017,-0.002,-0.0019,-0.0019,-0.0019,-0.0009,-0.0021,-0.0019,0.0065,0.0065,0.0064,-0.0015,-0.0009,-0.0015,-0.0021
2022-03-12,-5.3144,147.105,SE,0.0104,0.0104,0.0095,0.0048,0.0095,0.0177,0.0177,0.0002,-0.0003,0.0039,-0.0007,0.008,-0.0007,0.0036,0.0036,-0.0008,-0.0012,-0.0012,-0.0012,-0.0012,-0.0012,-0.0017,-0.0017,-0.0013,0.007,-0.0013,-0.0015,-0.0017,-0.0017,-0.0017
2022-03-12,-5.3144,147.105,SO,-0.007,,-0.0062,-0.015,,,,,,,0.0025,0.0025,0.0026,-0.0055,-0.0054,-0.0054,-0.0054,-0.0054,-0.0054,-0.0054,-0.0054,-0.0054,-0.0054,-0.0054,-0.0054,-0.0054,-0.0054,-0.0054,-0.0054,-0.0054
2022-04-14,-5.3144,147.105,E,,0.0008,0.0006,0.0009,0.002,0.0027,0.0027,0.0022,0.0014,0.001,0.0017,0.0024,0.0021,0.0009,-0.0004,-0.0014,-0.0013,-0.0006,0.0002,0.0006,0.0006,0.0005,0.0005,0.0005,1e-04,0.0006,0.0013,0.0002,-0.0006,-0.0005
2022-04-14,-5.3144,147.105,N,,-0.0013,-0.0004,-0.0014,-0.001,-0.0003,-0.0004,0.0003,0.0018,0.0016,0.0014,0.001,0.0002,-0.0012,-0.001,-0.0007,-0.0003,-1e-04,0.0002,0.0013,0.0015,0.0008,0.0005,0.0007,0.0009,0.0009,0.0008,0.0007,0.0004,0.0
2022-04-14,-5.3144,147.105,NE,0.0018,0.0008,1e-04,-0.0005,-0.0008,-0.0008,-0.0005,-0.0005,-0.0006,-0.0012,-0.0016,-0.0017,-0.0014,-0.0006,0.0005,0.0003,0.0012,0.0008,0.0009,0.0,-0.0005,-0.0004,1e-04,0.0002,0.0006,0.001,0.0007,0.0007,1e-04,0.0002
2022-04-14,-5.3144,147.105,NO,0.0009,0.0005,-0.0008,-0.0008,-0.0016,-0.0014,-0.0021,-0.0021,-0.0021,-0.0018,-0.0025,-0.003,-0.003,-0.0031,-0.0023,-0.0023,-0.0018,-0.0013,-0.0009,-0.0009,-0.0014,-0.0013,-0.0015,-0.0012,-0.0019,-0.0026,-0.002,-0.0029,-0.0024,-0.0033
2022-04-14,-5.3144,147.105,O,,0.0034,0.0017,0.0017,0.001,0.0011,0.0014,0.0014,0.0005,-0.0013,-0.0017,-0.0017,-0.0021,-0.003,-0.0042,-0.0031,-0.0017,-0.0008,-0.0002,0.0004,0.0007,0.0005,-0.0002,-0.0005,-0.0008,-1e-04,0.0009,0.0004,-0.0003,0.0002
2022-04-14,-5.3144,147.105,S,,0.0117,0.0116,0.01,0.0085,0.0074,0.007,0.0069,0.0065,0.0061,0.0055,0.0047,0.0034,0.0031,0.0029,0.0024,0.0012,0.0004,-0.0004,-0.001,-0.0018,-0.0018,-0.0021,-0.0018,-0.0018,-0.0018,-0.0018,-0.0022,-0.0023,-0.0025
2022-04-14,-5.3144,147.105,SE,-0.0091,-0.0101,-0.0063,-0.0028,-0.0027,-0.0032,-0.004,-0.0034,-0.0025,-0.0014,-0.0015,-0.0009,-1e-04,0.0008,0.0011,0.0009,0.0047,0.0043,0.0033,0.0016,0.0009,0.0007,-1e-04,-0.0007,-0.0011,-0.0017,-0.0017,-0.0017,-0.0017,-0.0017
2022-04-14,-5.3144,147.105,SO,0.013,,0.0111,0.0081,0.0056,0.0044,0.0046,0.0043,0.0039,0.004,0.0031,0.003,0.0032,0.0033,0.0035,0.0032,0.0028,0.0032,0.0032,0.0038,0.0027,0.002,0.0021,0.003,0.0029,0.0037,0.0021,0.0004,0.0002,0.0
2022-05-08,-5.3144,147.105,E,,-0.0257,-0.0177,-0.0051,-0.0062,-0.0019,-0.0018,-0.0009,0.0006,0.0093,0.0089,0.0073,0.0051,0.0037,0.002,0.0013,-0.0008,-0.0023,-0.0056,-0.0033,-0.0033,-0.0033,-0.0033,-0.0033,-0.0033,-0.0033,-0.0033,-0.0033,-0.0033,-0.0032
2022-05-08,-5.3144,147.105,N,,0.0096,0.0088,0.0068,0.0065,0.007,0.006,0.0039,0.0024,-0.0005,-0.0023,-0.0,-0.0002,0.0007,0.0013,0.0016,0.0009,1e-04,-0.0004,1e-04,0.0008,0.0004,0.0007,0.0,-0.0009,-0.0011,-0.0014,-0.0019,-0.0021,-0.0026
2022-05-08,-5.3144,147.105,NE,-0.0106,-0.011,-0.0098,-0.009,-0.0051,-0.0027,-0.0007,-0.0012,0.0024,0.0007,-0.0015,-0.0038,-0.0017,-0.0019,0.0003,0.0017,0.0005,-0.0016,0.0029,-0.0022,-0.0038,-0.0038,-0.0038,-0.0038,0.0007,0.0007,0.0007,0.0007,0.0007,0.0007
2022-05-08,-5.3144,147.105,NO,0.0057,0.0069,0.0033,0.0013,-0.0007,-0.0008,0.0002,0.0015,0.0013,-0.0023,-0.0032,-0.0031,-0.0029,-0.003,-0.0038,-0.0044,-0.0038,-0.0028,-0.002,-0.002,-0.0026,-0.0026,-0.004,-0.0038,-0.0036,-0.0035,-0.0025,-0.0025,-0.0031,-0.0031
2022-05-08,-5.3144,147.105,O,,0.0029,-0.0002,-0.0007,-0.0018,-0.0023,-0.001,0.0004,0.0002,0.0014,0.0019,0.002,-0.0006,-0.0022,-0.0027,-0.0023,-0.0013,-0.0007,-0.0005,-0.0005,-0.0007,-0.0022,-0.0027,-0.0026,-0.0021,-0.0014,-0.0011,-0.0017,-0.0007,-0.0012
2022-05-08,-5.3144,147.105,S,,0.0087,0.0117,0.0158,0.0143,0.0114,0.0086,0.0079,0.0088,0.0098,0.0103,0.0103,0.009,0.0083,0.0069,0.0051,0.004,0.0024,0.001,0.0014,-0.0006,-0.0009,-0.0033,-0.0056,-0.0049,-0.0046,-0.0033,-0.002,-0.0027,-0.0035
2022-05-08,-5.3144,147.105,SE,-0.0108,-0.0093,-0.0043,-0.001,0.0004,-0.0008,-0.0017,-0.0015,-0.0021,-0.0006,0.0002,0.001,1e-04,0.0004,-0.0,0.0011,0.0016,0.0005,-1e-04,-0.0006,-0.0013,-0.0021,-0.001,-0.0007,-0.0011,-0.0011,1e-04,0.0,0.0003,0.0012
2022-05-08,-5.3144,147.105,SO,0.0153,,0.0117,0.0097,0.0095,0.0084,0.0071,0.0068,0.0072,0.008,0.0076,0.0078,0.0061,0.0056,0.0046,0.0043,0.004,0.0037,0.004,0.0045,0.0038,0.003,0.0033,0.0043,0.0048,0.0059,0.0055,0.0054,0.0059,0.006
2022-05-24,-5.3144,147.105,E,,-0.0164,-0.0128,-0.0071,-0.0066,-0.0044,-0.0042,-0.0037,-0.0024,0.0003,0.0007,0.0007,0.0004,0.0013,0.001,1e-04,-1e-04,-0.0,0.0003,0.003,0.0025,0.0018,0.0016,0.0003,-0.0003,-0.0015,-0.0031,-0.0042,-0.0045,-0.0053
2022-05-24,-5.3144,147.105,N,,-0.0006,-0.0012,-0.0014,-1e-04,0.0022,0.0039,0.0039,0.0049,0.0055,0.0049,0.0039,0.0028,0.0032,0.0025,0.0018,0.0008,0.0002,0.001,0.0013,0.0014,0.0015,0.0012,0.0002,-0.0007,-0.0011,-0.0022,-0.0025,-0.0018,-0.0009
2022-05-24,-5.3144,147.105,NE,-0.0025,-0.0033,-0.0033,-0.0029,-0.001,0.0003,0.0014,0.001,0.0006,-1e-04,-0.001,-0.0016,-0.0009,-0.0003,-0.0,0.0008,0.001,1e-04,0.0013,-0.0004,0.0008,0.0011,0.0005,0.0007,0.0007,0.0007,-0.0,0.0004,-0.0015,-0.001
2022-05-24,-5.3144,147.105,NO,0.0082,0.0068,0.0044,0.0038,0.0029,0.0041,0.0046,0.0052,0.0056,0.0056,0.0052,0.004,0.0033,0.0033,0.0023,0.0023,0.0016,0.0015,0.0009,0.0011,0.0011,0.0018,0.0008,-1e-04,-1e-04,-0.0,1e-04,-1e-04,-1e-04,-1e-04
2022-05-24,-5.3144,147.105,O,,0.0063,0.0047,0.0033,0.0032,0.0028,0.0021,0.0026,0.0033,0.0033,0.0028,0.0023,0.0014,0.0002,0.0007,0.0014,0.0015,0.0008,0.0005,0.0003,0.0002,-0.0006,-0.001,-0.0011,-0.0011,-0.0011,-0.0011,-0.0011,-0.0011,-0.0011
2022-05-24,-5.3144,147.105,S,,0.0009,0.0005,0.0005,-0.0005,-0.0013,-0.0018,-0.0015,-0.0008,0.0006,0.0013,0.0014,0.0007,0.0003,-1e-04,0.0004,0.0008,0.001,0.0016,0.0017,0.0021,0.0007,-0.0007,-0.0007,-0.0009,-0.0007,-0.0002,1e-04,-0.0002,0.0016
2022-05-24,-5.3144,147.105,SE,-0.0038,-0.0037,-0.0018,-0.0006,0.0007,-0.0011,-0.0008,-0.0019,-0.0016,-0.0015,-1e-04,-0.0006,-0.0006,0.0,-0.0003,0.0006,0.0014,0.0012,0.0012,0.0007,0.001,0.0005,0.0005,0.0005,-0.0,-0.0004,-0.0008,-0.0009,-0.0013,-0.0019
2022-05-24,-5.3144,147.105,SO,0.0095,,0.0076,0.0065,0.0066,0.0071,0.0068,0.0068,0.0063,0.0057,0.0052,0.0047,0.0048,0.005,0.0051,0.0051,0.0047,0.0039,0.0038,0.0038,0.0043,0.0046,0.0045,0.004,0.0037,0.0029,0.0035,0.0034,0.0026,0.0017
2022-06-10,-5.3144,147.105,E,,,,,,,0.0123,0.0066,0.0009,-1e-04,-1e-04,-1e-04,-1e-04,-1e-04,-1e-04,-1e-04,-1e-04,-0.0006,-0.0002,-0.0002,-0.0011,-0.0012,-0.0012,-0.0012,-0.0012,-0.0012,-0.0012,-0.0012,-0.0012,-0.0012
2022-06-10,-5.3144,147.105,N,,,-0.0018,-0.0024,-0.0036,-0.0026,0.0023,0.0066,0.0007,-0.0046,-0.0048,-0.0048,-0.0048,-0.0048,0.0049,0.0051,0.0052,0.0022,-0.0018,0.0019,-0.0021,-0.0035,-0.0048,-0.0048,0.0054,0.0062,0.0054,-0.0038,-0.0033,-0.0038
2022-06-10,-5.3144,147.105,NE,-0.0029,,,,,,,0.0035,-0.0021,-0.0021,-0.0022,-0.0021,0.0034,-0.0021,-0.0021,-0.0019,-0.002,-0.002,-0.0017,-0.0017,-0.0017,-0.0018,-0.0018,-0.0016,-0.0016,-0.0016,-0.0016,-0.0016,-0.0016,-0.0016
2022-06-10,-5.3144,147.105,NO,0.0069,-0.0045,-0.0082,-0.0095,-0.0095,-0.0095,0.0006,-0.0095,-0.0095,-0.0095,0.0008,0.0009,0.0009,-0.0044,-0.0095,-0.0095,0.0009,0.0008,-0.0094,-0.0094,-0.0094,0.0008,-0.0094,-0.0094,0.0008,0.0008,0.0009,0.0008,0.0008,-0.0094
2022-06-10,-5.3144,147.105,O,,0.0131,0.0112,0.0004,0.0003,0.0,0.0104,0.0104,0.0156,0.0104,1e-04,1e-04,1e-04,1e-04,1e-04,1e-04,1e-04,0.0002,0.0105,0.0105,0.0106,0.0106,0.0054,0.0105,0.0105,0.0106,0.0002,0.0106,0.0106,
2022-06-10,-5.3144,147.105,S,,0.0092,0.0035,0.0038,-0.0076,0.0021,-0.0018,0.0038,0.0038,0.0043,0.0094,0.0034,0.0032,0.003,0.0027,0.0022,-0.0009,-0.0008,-0.0086,0.0015,-0.0007,0.0012,-0.0009,0.0017,0.0017,0.001,0.0017,0.0011,0.0011,0.0017
2022-06-10,-5.3144,147.105,SE,0.0191,,,,,,,,0.0038,-0.0019,0.0038,-0.0019,-0.0019,-0.0019,-0.0019,0.0075,0.0074,0.0074,-0.0038,-0.0038,-0.0038,-0.0039,-0.0039,0.0056,-0.0039,-0.0039,-0.0039,-0.0039,-0.0057,-0.004
2022-06-10,-5.3144,147.105,SO,0.0156,,0.0134,0.0116,0.0063,0.0004,1e-04,0.0104,0.0106,0.01,1e-04,1e-04,1e-04,1e-04,1e-04,0.01,0.0102,0.0002,0.0002,0.0002,0.0003,0.0054,0.0106,0.0106,0.0106,0.0106,0.0106,0.0106,0.0106,0.0107
2022-06-25,-5.3144,147.105,E,,-0.1454,-0.1204,-0.0704,-0.0655,-0.0216,-0.0108,-0.0076,0.0036,0.0042,0.0111,0.0077,0.0005,-0.0111,-0.0166,-0.0162,-0.0205,,,,,,,,,,,,,
2022-06-25,-5.3144,147.105,N,,-0.0418,,,,-0.0418,-0.037,-0.0244,-0.0082,0.0004,0.0064,0.0099,0.0111,0.0141,0.0138,0.0125,0.0106,0.0117,0.0129,0.0108,0.0071,0.0052,0.0025,-0.0004,-0.0034,-0.001,-0.0124,-0.0068,-0.02,-0.015
2022-06-25,-5.3144,147.105,NE,-0.0647,-0.0647,-0.0609,-0.0609,-0.059,-0.0348,-0.0227,-0.0063,0.0039,0.0065,0.008,0.0047,0.0024,-0.0041,-0.0014,0.0002,0.0013,0.0038,0.0045,0.0048,0.0022,-0.0044,-0.0191,-0.0093,0.0044,0.0125,0.0136,,,
2022-06-25,-5.3144,147.105,NO,,,,,,0.0,0.0003,0.007,0.0175,0.027,0.0383,0.0432,0.0468,0.0422,0.0496,0.0468,,,,,,,,,,,,,,
2022-06-25,-5.3144,147.105,O,,,,,,,,0.0,0.0083,0.0221,0.0356,0.047,0.0524,0.0496,0.0545,0.0503,0.0592,0.0601,0.0638,0.065,0.0661,0.0654,0.0639,0.0634,0.0629,0.0628,0.0632,0.0628,0.063,0.0618
2022-06-25,-5.3144,147.105,S,,,,-0.0434,-0.041,,-0.0404,-0.0286,-0.0338,,,,,,,,,,,,,,1e-04,-0.0003,-0.0011,0.0015,0.003,0.0035,0.0033,-1e-04
2022-06-25,-5.3144,147.105,SE,0.1067,0.1067,0.0842,0.0505,0.0505,0.0414,0.0387,0.0248,0.0093,,-0.0058,-0.0058,,,,-0.0058,-0.0171,-0.0269,0.0087,0.0189,0.0128,0.0061,0.0066,0.0064,,,,,,
2022-06-25,-5.3144,147.105,SO,,,,,,,,,,,,0.0,,,,,,0.0,0.0,0.0,,0.0,0.0,0.0,0.0,,,,,
2022-07-03,-5.3144,147.105,E,,-0.0081,-0.0071,-0.0035,-0.0002,0.0018,0.0017,0.0009,-1e-04,-0.0009,-0.0007,-0.0004,-0.0007,-1e-04,-1e-04,-0.0,-0.0007,-0.0004,-0.0,0.0008,0.0014,0.0025,0.0021,0.0018,0.0022,0.0017,0.0008,0.0005,0.0008,0.0007
2022-07-03,-5.3144,147.105,N,,-0.0011,-0.0,0.0016,0.0018,0.0034,0.0033,0.002,0.0007,-0.0019,-0.0011,0.0002,0.0031,0.0037,0.0032,0.0017,0.001,0.0005,0.001,0.0021,0.002,0.0002,-0.0006,-0.0005,-0.0006,-0.0008,-0.0009,-0.0013,-0.0012,-0.0009
2022-07-03,-5.3144,147.105,NE,-0.0034,-0.0023,-0.001,0.0002,0.0019,0.002,0.0013,0.0004,-0.0006,-0.0011,-0.0019,-0.0026,-0.0026,-0.0016,-0.0007,0.0006,0.0009,0.0015,0.0007,0.0004,0.0006,0.0003,0.0002,0.0009,0.002,0.0026,0.0012,0.002,-0.0004,-0.0004
2022-07-03,-5.3144,147.105,NO,0.0023,0.0025,0.0006,0.0005,-1e-04,0.0006,0.0009,0.0002,0.0009,0.0003,0.0011,0.0006,0.0002,0.0003,0.0012,0.0012,0.0012,0.0003,1e-04,0.0002,1e-04,1e-04,0.0004,0.0004,0.0009,0.0007,-1e-04,-0.0003,-0.0003,-0.0003
2022-07-03,-5.3144,147.105,O,,-0.0025,-0.0034,-0.0031,-0.0024,-0.0017,-0.001,-0.0006,0.0002,-1e-04,-0.0007,-0.0017,-0.0008,-0.001,1e-04,0.0011,0.0005,0.0004,1e-04,-0.0002,-0.0005,-0.0002,0.0013,0.0019,0.0022,0.0011,-0.0005,-0.0011,-0.001,-0.0006
2022-07-03,-5.3144,147.105,S,,1e-04,0.0033,0.0065,0.0056,0.0055,0.0054,0.0048,0.004,0.0031,0.0024,0.003,0.0032,0.0047,0.005,0.0045,0.0034,0.0,-0.0024,-0.0027,-0.0031,-0.0027,-0.0023,-0.0018,-0.0018,-0.0018,-0.0018,-0.0018,-0.0018,-0.0018
2022-07-03,-5.3144,147.105,SE,-0.0062,-0.0069,-0.0018,0.0011,0.0027,0.0027,0.0018,0.0013,0.0011,0.0014,0.0015,0.0007,0.001,1e-04,0.0004,0.0016,0.0015,0.0013,-0.0,-0.002,-0.0016,-0.0046,-0.0028,-0.0007,0.0,0.001,0.0007,0.0005,0.0014,0.003
2022-07-03,-5.3144,147.105,SO,0.0027,,0.0031,0.003,0.0033,0.003,0.0033,0.0037,0.0045,0.0044,0.0029,0.0027,0.0027,0.0038,0.0037,0.0038,0.0041,0.0049,0.0051,0.0045,0.0049,0.0047,0.0043,0.0044,0.0045,0.0049,0.0048,0.0039,0.0028,0.0031
2022-09-05,-5.3144,147.105,E,,-0.0004,-0.0007,-0.0017,-0.0009,-0.0005,-0.0004,-1e-04,-0.0002,-0.0003,-0.0004,-0.0005,-0.0007,-0.0,0.0008,0.0016,0.0011,-0.0004,-0.0011,-0.0007,-0.0,0.0005,0.0008,0.0003,-0.0005,-0.0006,-0.0005,1e-04,0.0004,0.0006
2022-09-05,-5.3144,147.105,N,,0.0005,0.0006,0.0002,0.0003,0.0008,0.0012,0.0007,0.0014,0.0011,0.0015,0.0024,0.0014,0.0016,0.0005,-0.0009,1e-04,0.0007,0.0003,-0.001,-0.0008,-0.0012,-0.0004,1e-04,0.0003,0.0003,0.001,0.0009,0.0008,-0.0
2022-09-05,-5.3144,147.105,NE,-0.0024,-0.0035,-0.0032,-0.0029,-0.0021,-0.0008,0.0002,0.0006,0.0009,0.0003,1e-04,-0.0009,-0.0007,-0.0011,-0.001,-0.0009,-0.0011,-0.0014,-0.0021,-0.0006,-0.0005,-0.0003,-0.0015,-0.0015,0.0006,-0.0005,0.0024,0.001,0.0018,0.0008
2022-09-05,-5.3144,147.105,NO,0.0069,0.0061,0.0049,0.0031,0.0035,0.0034,0.0043,0.005,0.005,0.005,0.0048,0.0044,0.0036,0.0025,0.0012,0.0009,-0.0005,-0.0005,-0.0007,-0.0007,-0.0007,-0.0007,-0.0007,-0.0007,-0.0007,-0.0007,-0.0007,-0.0007,-0.0007,-0.0007
2022-09-05,-5.3144,147.105,O,,0.0047,0.0049,0.0066,0.0064,0.0056,0.0045,0.0039,0.004,0.004,0.004,0.0036,0.0031,0.0022,0.0015,0.001,-0.0007,-0.0007,-0.0009,-0.0016,-0.002,-0.0014,-0.0015,-0.0022,-0.0027,-0.0027,-0.0027,-0.0027,-0.0027,-0.0027
2022-09-05,-5.3144,147.105,S,,-0.0016,-0.0017,-0.0008,0.0008,0.0023,0.0024,-1e-04,0.0008,0.0009,0.0005,-0.001,-0.0006,-0.0009,1e-04,0.0002,-0.0006,-0.0006,1e-04,-0.0005,0.0003,0.0005,0.0006,-0.0003,-0.0007,-1e-04,-1e-04,-0.0004,-0.0002,0.0005
2022-09-05,-5.3144,147.105,SE,0.0043,0.0038,0.0034,0.0024,0.0023,0.0021,0.002,0.0018,0.0012,0.0008,0.0004,0.0002,-1e-04,1e-04,0.0003,-0.0004,-0.0004,-0.0004,-0.0005,-0.0003,0.0004,0.0005,0.0013,0.0006,0.0002,1e-04,0.0002,-0.0002,-0.0008,-0.0009
2022-09-05,-5.3144,147.105,SO,0.0085,,0.0074,0.0071,0.0059,0.0059,0.0066,0.0076,0.0079,0.0079,0.0076,0.0075,0.0069,0.0071,0.007,0.0074,0.0072,0.008,0.0082,0.0078,0.0079,0.0076,0.0073,0.006,0.0055,0.0052,0.0054,0.0053,0.0052,0.0054
2022-09-13,-5.3144,147.105,E,,,,-0.0084,-0.0084,-0.0093,-0.0041,-0.0007,-1e-04,-0.0016,-0.0016,-0.0011,0.0,0.0004,0.0008,0.0006,0.0003,0.0,0.0003,-1e-04,0.0002,0.0003,-0.0003,0.0005,0.0005,0.0007,0.0005,1e-04,-0.0004,1e-04
2022-09-13,-5.3144,147.105,N,,,,,-0.0108,-0.0108,-0.0108,-0.0108,-0.0108,-0.0105,-0.0103,-0.0103,-0.0096,-0.0094,-0.0094,-0.0093,-0.0094,-0.0084,-0.004,0.0005,0.002,0.003,0.0037,0.0041,0.0042,0.0042,0.004,0.0038,0.0039,0.0039
2022-09-13,-5.3144,147.105,NE,,,-0.0064,-0.0064,-0.0082,-0.0099,-0.0099,-0.0082,-0.005,-0.0011,0.0014,0.0031,0.0026,0.0028,0.003,0.0023,0.0029,0.0026,0.0017,0.0013,0.0005,-1e-04,0.0002,-0.0004,0.0002,-0.0003,-0.0011,-0.0017,-0.0013,-0.0019
2022-09-13,-5.3144,147.105,NO,,,,,,,,,,,,,,,-0.0113,-0.0113,-0.0081,-0.0036,-0.0016,0.0003,0.0006,0.0009,0.0008,0.0005,-0.0004,-0.0007,-0.0014,-0.0019,-0.003,-0.003
2022-09-13,-5.3144,147.105,O,,,,,,,,,,,,,,,-0.0072,,-0.0072,-0.0072,-0.0072,-0.0032,-0.0021,-0.0002,0.0013,0.0011,0.0016,0.0019,0.0019,0.0021,0.002,0.0013
2022-09-13,-5.3144,147.105,S,,,,,,,,,0.0069,0.0078,0.0064,0.0066,0.0031,0.001,1e-04,-0.0002,0.0005,0.0,0.0007,0.0004,0.0007,0.001,-0.0004,0.0006,0.0011,0.0008,0.0015,0.0017,0.0015,0.0014
2022-09-13,-5.3144,147.105,SE,,,,-0.0122,-0.0103,-0.0076,-0.005,-0.0025,-0.0017,-0.0005,-0.0003,0.0007,0.0005,-1e-04,-0.0005,-0.0013,-0.0002,0.0003,0.0014,0.002,0.0011,0.0012,-0.0012,-0.0003,-0.0003,-0.0007,-0.0002,-0.0,-0.0005,-1e-04
2022-09-13,-5.3144,147.105,SO,,,,,,,,,,,,,,,,,,,,,0.0,0.0,0.0,0.0,0.0,0.0,0.0,0.0,0.0,0.0
2022-09-29,-5.3144,147.105,E,,0.0224,0.017,0.0065,0.0054,0.0003,0.0012,0.0011,0.0014,-0.0047,-0.0048,-0.0047,-0.0034,-0.0018,-0.0008,-0.0002,0.0003,-0.0009,-1e-04,0.0004,0.0014,0.0009,0.0003,0.0009,0.0007,0.0022,0.004,0.0047,0.0055,0.0058
2022-09-29,-5.3144,147.105,N,,-0.0196,-0.0182,-0.0171,-0.0159,-0.0163,-0.0177,-0.0172,-0.0163,-0.0153,-0.0132,-0.0117,-0.0102,-0.0084,-0.006,-0.0038,-0.0025,-0.0007,-0.0003,-0.0,0.0008,0.0015,0.0018,0.0032,0.004,0.0052,0.0067,0.0084,0.0093,0.0106
2022-09-29,-5.3144,147.105,NE,0.0099,0.0112,0.0099,0.0082,0.0043,0.0014,0.0003,0.0008,0.0007,-0.0011,-0.0036,-0.0046,-0.0054,-0.0048,-0.0035,-0.0056,-0.0031,-0.0014,-0.0019,0.0004,0.0029,0.0034,0.0044,0.0016,0.0024,0.0041,0.0045,0.0043,0.0046,0.0049
2022-09-29,-5.3144,147.105,NO,-0.0089,-0.0077,-0.0072,-0.0055,-0.0052,-0.0042,-0.0037,-0.0029,-0.0016,-0.0006,-0.0018,-0.001,-0.0003,0.0011,0.0022,0.004,0.0065,0.0074,0.0074,0.0076,0.0085,0.0092,0.0103,0.0118,0.0124,0.013,0.0147,0.0162,0.0162,0.017
2022-09-29,-5.3144,147.105,O,,0.0028,0.0038,0.0042,0.0041,0.0044,0.0052,0.0051,0.005,0.0048,0.0042,0.0037,0.0029,0.0028,0.0018,0.0005,0.0017,0.0,-0.001,-0.0018,-0.0044,-0.0057,-0.0068,-0.007,-0.0038,-0.0069,-0.0058,-0.0061,-0.0078,-0.0086
2022-09-29,-5.3144,147.105,S,,0.0076,0.0069,0.0057,0.0046,0.0036,0.0034,0.0038,0.0042,0.0038,0.003,0.0017,0.0009,0.0011,0.0008,-1e-04,-0.0009,-0.0025,-0.0028,-0.0025,-0.0025,-0.003,-0.0011,-0.0011,-1e-04,0.0004,0.0015,0.002,0.0026,0.0035
2022-09-29,-5.3144,147.105,SE,0.0002,0.0008,-0.001,-0.0019,-0.0034,-0.0036,-0.0043,-0.0036,-0.0024,-0.0011,-0.0009,0.0,-0.0014,0.0005,1e-04,-0.0008,0.0011,0.002,0.0028,0.0031,-0.0009,0.0009,-0.0033,-0.0021,-0.0005,-0.0008,-0.0004,0.0013,0.0016,0.0031
2022-09-29,-5.3144,147.105,SO,0.0103,,0.0108,0.0104,0.0094,0.0082,0.0071,0.0054,0.0055,0.0053,0.0048,0.0037,0.0025,0.002,0.002,0.0018,0.0014,0.0008,0.0004,0.0,0.0,0.0,0.0,0.0,0.0,0.0,0.0004,0.0003,0.0,0.0
2022-10-02,-5.3144,147.105,E,,0.0121,0.0085,-0.0105,-0.0046,-0.0141,-0.0141,,,,,,,,,,,,,,-0.0095,-0.0095,-0.0095,-0.0095,0.0023,0.0023,0.0023,0.0023,0.0024,0.0082
2022-10-02,-5.3144,147.105,N,,0.0138,0.0117,0.0138,0.0128,0.0117,0.0138,0.0209,0.0186,0.0139,0.0076,-0.0014,-0.0025,-0.0027,-0.0033,-0.003,-0.0034,-0.0058,-0.0031,-0.0106,-0.0106,-0.0029,-0.0029,-0.0029,-0.0029,-0.0029,-0.0029,0.0025,0.0078,0.0078
2022-10-02,-5.3144,147.105,NE,0.0158,0.0158,0.0161,0.0165,0.0171,0.0119,0.0178,0.0056,-0.0059,-0.0066,-0.0069,-0.0069,,,,,,,,,,-0.0039,0.0021,0.008,0.0087,0.0027,-0.0032,-0.0136,-0.0136,-0.0136
2022-10-02,-5.3144,147.105,NO,0.0045,-0.0069,-0.0073,-0.0072,-0.0071,-0.0072,-0.0071,-0.0071,-0.0071,-0.0072,-0.0178,-0.0072,-0.0072,-0.0072,-0.0072,-0.0071,-0.0072,-0.0072,-0.0071,-0.0071,-0.0071,-0.0071,-0.0071,-0.0071,-0.0071,-0.0071,-0.0071,-0.0071,-0.0017,0.0036
2022-10-02,-5.3144,147.105,O,,0.0123,0.0178,0.0177,0.0231,0.0177,0.007,0.007,0.007,0.007,0.0124,0.007,-0.0038,-0.0038,,,,,,,,,,,,-0.0147,-0.0038,-0.0038,-0.0038,-0.0093
2022-10-02,-5.3144,147.105,S,,0.0282,0.0222,0.0221,0.0104,0.0104,0.0102,0.0102,0.0,0.0,0.0,0.0,0.0,0.0,0.0,0.0,,0.0,0.0,0.0,0.0,,,,,,,,,
2022-10-02,-5.3144,147.105,SE,0.0407,0.0407,0.0238,0.0077,0.0153,0.0153,0.0068,0.0068,0.0009,0.0051,0.0034,-0.0017,0.0101,-0.0017,-0.0017,-0.0187,-0.0339,,,,-0.0484,,,,0.0075,0.0192,0.025,0.0192,0.0134,0.0134
2022-10-02,-5.3144,147.105,SO,0.0236,,0.0123,0.0125,0.0125,0.0125,0.0018,0.0019,-0.0035,0.0019,-0.0035,-0.0041,0.0019,-0.009,-0.0101,-0.0101,,,,,,,,,,,0.0018,0.0018,-0.009,-0.0101
2022-10-07,-5.3144,147.105,E,,0.0002,-0.0006,0.0072,0.0068,0.0016,-0.003,-0.003,0.0055,-0.0034,-0.0039,-0.0039,-0.0038,-0.0038,0.0055,0.0056,-0.0037,0.0056,-0.0037,0.0048,0.0005,0.0048,0.0048,,,,,,,
2022-10-07,-5.3144,147.105,N,,-0.0124,-0.0083,-0.0124,-0.0135,-0.0129,-0.0029,-0.0083,-0.0036,-0.0038,0.0055,0.0055,0.0048,0.0053,0.0019,0.0019,-0.0003,-0.0029,0.0024,-0.0026,-0.0026,0.0027,0.0043,-0.0,-0.0026,-0.0024,-1e-04,-0.0024,-0.0024,-0.004
2022-10-07,-5.3144,147.105,NE,-0.014,-0.0046,-0.0045,-0.0043,0.0051,0.0053,-0.0039,-0.0039,0.0051,0.0008,0.0051,-0.0036,-0.0037,0.0058,0.0058,0.006,0.0056,0.0059,-0.0033,-0.0033,-0.0031,-0.0031,-0.003,0.0017,-0.0029,-0.0029,-0.0029,-0.0029,0.0066,0.0019
2022-10-07,-5.3144,147.105,NO,0.0051,0.0049,0.0029,0.0026,,,-0.0068,,,,,,,,0.0106,0.0106,-0.0068,-0.0068,-0.0068,-0.0068,0.0019,0.0019,0.0019,0.0019,0.0019,0.0019,0.0019,0.0106,0.0106,0.0106
2022-10-07,-5.3144,147.105,O,,0.0089,,,,,,,,,,,0.0028,0.0028,0.0027,0.0027,-0.0059,0.0027,0.0027,-0.0059,-0.0016,0.0027,0.0027,0.0027,0.0027,0.0027,-0.0059,-0.0059,-0.0059,0.0026
2022-10-07,-5.3144,147.105,S,,0.0048,0.0039,0.0033,0.0033,0.0033,-0.0061,-0.0028,-0.0061,-0.0023,-0.0023,-0.0079,-0.0002,-0.0002,-0.0019,-0.0019,0.0019,0.0057,1e-04,0.004,0.004,0.004,0.0031,0.0022,0.0023,0.0022,0.0039,-0.0018,-0.0018,0.0002
2022-10-07,-5.3144,147.105,SE,-0.0045,-0.0045,0.0024,0.0065,0.0105,0.0023,0.0011,-1e-04,-0.0008,0.004,-0.0002,-0.0014,-0.0014,-0.0014,-0.0014,-0.0026,-0.0026,-0.0026,-0.0027,-0.0026,0.006,0.0054,-0.0026,0.0054,0.0054,0.0054,0.0054,-0.0039,-0.0039,-0.004
2022-10-07,-5.3144,147.105,SO,-0.0066,,,,,,,,,,,,-0.0006,-0.0093,-0.0093,-0.0093,-0.0094,-0.0094,-0.0094,-0.0094,-0.0094,-0.0095,-0.0095,-0.0095,-0.0095,-0.0095,-0.0095,-0.0095,-0.0095,-0.0095
2022-10-24,-5.3144,147.105,E,,-0.0075,-0.0121,-0.0153,-0.0037,0.015,0.0093,-0.0024,-0.0011,-0.0011,-0.0011,,,,,,,,,0.0002,-0.0056,0.0002,0.0002,1e-04,1e-04,1e-04,1e-04,1e-04,1e-04,1e-04
2022-10-24,-5.3144,147.105,N,,0.001,0.0069,0.001,0.0005,0.0071,0.001,0.0046,0.0036,0.0009,0.0013,-1e-04,-0.0024,-0.0019,0.0009,-0.0005,0.0099,0.0046,-0.0007,-0.0013,-0.0015,-0.0015,-0.0015,-0.0015,-0.0015,-0.001,-0.0015,-0.0015,-0.0015,-0.0015
2022-10-24,-5.3144,147.105,NE,-0.013,-0.013,-0.0178,-0.0108,-0.0086,-0.0075,-0.0064,-0.0042,0.0052,0.0052,-0.0042,0.003,0.0052,-0.0075,-0.0053,-0.0086,-0.0053,-0.0064,-0.0064,,0.0002,0.0002,0.0002,0.0002,-0.0092,-0.0092,-0.0092,0.0024,0.0024,0.0024
2022-10-24,-5.3144,147.105,NO,0.0182,0.0177,0.0029,-0.0004,0.0004,0.0005,0.0009,0.0012,0.0012,0.0012,-0.0036,0.001,0.0012,0.0119,0.0012,0.0012,0.0012,-0.0036,0.0012,0.0012,0.0012,0.0012,-0.0012,-0.0012,0.0012,-0.0036,0.0013,0.0013,0.0013,0.0013
2022-10-24,-5.3144,147.105,O,,-0.002,0.0012,-0.0047,-0.0049,-0.0099,-0.0051,-0.0051,0.0002,-0.0051,-0.0051,-0.0051,-0.0051,-0.0051,-0.0051,,,,,,,,-0.0051,-0.0051,-0.005,-0.005,-0.005,0.0056,0.0003,-0.005
2022-10-24,-5.3144,147.105,S,,-0.0006,0.0103,0.0218,0.0151,0.0102,0.0103,0.0089,-1e-04,1e-04,0.0006,0.0009,0.0036,0.0064,-0.0039,-0.0052,-0.0052,-0.0039,-0.0052,-0.0065,-0.0037,0.0024,-0.0005,-0.0007,0.0024,0.0024,0.0024,0.0024,-0.0034,-0.0025
2022-10-24,-5.3144,147.105,SE,-0.0162,-0.0162,-0.0116,-0.0105,-0.021,-0.0116,-0.0094,0.0045,-0.0013,0.0068,-0.0048,0.0068,0.0068,0.0068,0.001,-0.0025,0.0033,-0.0025,-0.0141,-0.0025,-0.0013,-0.0002,0.0114,0.0114,-0.0014,-0.0014,-0.0026,-0.0026,-0.0026,-0.0003
2022-10-24,-5.3144,147.105,SO,-0.0034,,-0.0057,-0.0075,-0.0078,-0.0081,-0.0085,-0.009,-0.009,0.0012,0.0017,-0.009,-0.009,0.0012,0.0017,0.0017,0.0017,0.0017,-0.009,-0.0038,-0.0037,0.0017,-0.009,-0.0036,0.0017,-0.0089,-0.0089,0.0017,0.0017,0.0018
2023-01-27,-5.3144,147.105,E,,0.001,0.0012,0.001,0.0007,0.0012,0.0015,0.0015,0.0012,0.0004,-0.0003,-0.0008,-0.0007,-0.0008,-0.0005,-0.0008,-0.0002,0.0008,0.001,0.0009,0.0008,0.0006,0.0005,0.0007,0.0002,0.0006,-0.0007,-0.0017,-0.0014,-0.0004
2023-01-27,-5.3144,147.105,N,,0.0014,0.0002,-0.0008,-0.0006,0.0008,0.0014,-0.0005,0.0009,-0.0009,-0.0007,0.0002,0.0013,0.001,0.0011,0.0006,0.0011,0.0006,0.0008,0.0008,0.0011,0.0003,-0.0003,-0.0006,-0.0013,-0.0013,-0.0011,-0.0008,-0.0006,0.0002
2023-01-27,-5.3144,147.105,NE,-0.0016,-0.0027,-0.0033,-0.0044,-0.0047,-0.0035,-0.0023,-0.0009,0.0003,0.0009,0.0008,0.0004,0.0002,-0.0007,-0.0003,-0.0,1e-04,-0.0002,-0.0004,-0.0012,-0.0014,-0.0016,-0.0017,-0.0009,-0.0006,-0.0002,0.0002,0.0005,0.0008,0.0011
2023-01-27,-5.3144,147.105,NO,0.0031,0.0023,-0.0007,-0.0011,-0.0011,-0.0011,-0.0011,-1e-04,0.0002,0.0006,0.0006,0.0002,-1e-04,-0.0006,-0.0007,-0.0009,-0.001,-0.0011,-0.0003,-0.0002,-0.0002,-0.0004,0.0008,0.0004,0.0003,0.0,-0.0007,-0.0009,-0.0009,-0.0008
2023-01-27,-5.3144,147.105,O,,0.0004,-0.0011,-0.0011,-0.0011,-0.0011,-0.0011,-0.0011,-0.0011,-0.001,-0.0004,-0.0,0.0004,0.0006,0.0003,0.0005,0.0003,0.0004,-1e-04,-0.0002,0.0002,0.0003,0.0006,0.0008,0.0004,-1e-04,-0.0004,-0.0004,-0.0,0.0
2023-01-27,-5.3144,147.105,S,,-0.0002,-0.001,-0.0011,-0.0007,0.0009,0.0021,0.0017,0.0019,0.0011,0.0007,0.001,0.0008,0.0013,0.0012,0.001,0.0003,0.0003,0.0,-0.0006,-0.0008,-0.0013,-0.0012,-0.0008,-0.0008,-0.0007,-0.0013,-0.0006,-0.0006,-0.0008
2023-01-27,-5.3144,147.105,SE,0.0016,0.0019,0.0002,-0.0006,-0.001,-1e-04,0.0012,0.0006,0.0006,0.0002,0.0012,0.0014,0.002,0.001,0.0,-0.0005,-0.001,-0.0005,-0.0004,1e-04,1e-04,-1e-04,-0.0008,-0.0008,-0.0009,-0.0011,-0.0004,0.0005,0.0009,0.0014
2023-01-27,-5.3144,147.105,SO,0.0046,,0.002,0.0011,0.0014,0.0017,0.0015,0.0011,0.0007,0.0008,0.0014,0.0002,0.0024,0.0014,0.0021,0.003,0.0021,0.0013,0.0008,0.0005,0.0008,0.001,0.0023,0.0016,0.0017,0.0014,0.0016,0.002,0.0023,0.0026
2023-04-05,-5.3144,147.105,E,,,,,,,,,0.0083,-0.0012,-0.0012,-0.0012,-0.0012,-0.0012,-0.0012,0.0052,-0.0012,0.0004,0.002,0.002,-0.0012,0.002,0.002,0.002,-0.0109,-0.0045,0.002,0.002,0.002,0.002
2023-04-05,-5.3144,147.105,N,,,,,,,,0.0193,0.0078,0.0078,-0.0037,-0.0037,-0.0037,-0.0037,-0.0037,-0.0037,0.0079,0.008,0.008,-0.0003,-0.0037,-0.0037,-0.0037,-0.0037,0.0005,-0.0019,0.0013,0.0013,-0.0037,-0.0037
2023-04-05,-5.3144,147.105,NE,,,,,,,,,0.0086,0.0086,0.0022,-0.0042,-0.0042,-0.0042,-0.0024,-0.0024,-0.0024,-0.0024,-0.0006,-0.0006,-0.0006,-0.0006,-0.0006,0.0003,0.0012,0.0012,0.0012,0.0012,0.0011,0.0011
2023-04-05,-5.3144,147.105,NO,,,1e-04,0.0,0.0,0.0,0.0116,0.0116,0.0058,0.0058,0.0,0.0116,0.0116,0.0058,0.0,0.0,0.0116,0.0116,0.0116,0.0,0.0,0.0116,0.0116,0.0,0.0,0.0,0.0,0.0,0.0116,0.0
2023-04-05,-5.3144,147.105,O,,1e-04,1e-04,0.0,0.0,0.0,0.0,0.0,0.0116,0.0116,0.0116,0.0,0.0058,0.0116,0.0116,0.0116,0.0116,0.0116,0.0116,0.0116,0.0,0.0,0.0,0.0,0.0,0.0,0.0,0.0,,
2023-04-05,-5.3144,147.105,S,,,,,0.0061,-0.0062,-0.006,-0.0059,0.0065,0.0129,0.0188,0.0064,0.0064,0.0063,0.0061,1e-04,0.0058,0.0058,-0.0058,0.0053,0.0058,-0.0003,-0.0058,-0.0058,-0.0062,-0.0065,-0.0067,-0.0071,-0.0067,-0.0069
2023-04-05,-5.3144,147.105,SE,,,,,,,,,,,0.0094,-0.0034,-0.0034,-0.0034,0.0094,0.009,0.009,0.009,0.009,-0.0038,-0.0038,-0.0038,-0.004,-0.0042,-0.0042,-0.0042,-0.0038,-0.0042,0.0087,-0.0038
2023-04-05,-5.3144,147.105,SO,,,0.0033,0.0032,0.0032,0.0031,0.003,-0.0088,-0.0088,-0.0088,-0.0088,-0.0087,0.0029,0.0029,-0.0088,0.0029,0.0029,0.0029,0.0029,0.0029,0.0029,0.0029,0.0029,0.0029,-0.0088,-0.0088,0.0029,0.0029,0.0029,0.0029
2023-05-11,-5.3144,147.105,E,,-0.0159,-0.0116,-0.0027,-0.0014,0.0004,0.0023,0.0032,0.0049,0.0067,0.0109,0.0112,0.0081,0.004,-1e-04,-0.0028,-0.0036,-0.0023,-0.0034,-0.0038,-0.0029,-0.0004,-0.0006,-0.0003,0.0004,-0.0,-0.0008,-0.0017,-0.0032,-0.0029
2023-05-11,-5.3144,147.105,N,,-0.0146,-0.0155,-0.0149,-0.0144,-0.0118,-0.0089,-0.0071,-0.0074,-0.0094,-0.0114,-0.0089,-0.0072,-0.0046,-0.0033,-0.0023,-0.0014,-0.0014,-0.001,-1e-04,0.0012,0.0027,0.004,0.0055,0.0051,0.0043,0.0036,0.003,0.0037,0.0047
2023-05-11,-5.3144,147.105,NE,0.0042,0.004,0.0031,0.0021,0.001,-0.0014,-0.001,-0.0008,0.0016,0.002,0.0017,0.0022,0.0013,-0.0005,-0.0024,-0.0059,-0.0059,-0.0054,-0.0044,-0.0016,0.0016,0.0042,0.0061,0.0057,0.0048,0.0038,0.0021,0.0026,0.0029,0.0035
2023-05-11,-5.3144,147.105,NO,-0.0051,-0.0052,-0.0074,-0.008,-0.0085,-0.0066,-0.0043,-0.0039,-0.0035,-0.0025,-0.0027,-0.0027,-0.0038,-0.0016,-0.0003,0.0014,0.0033,0.005,0.0056,0.0074,0.0063,0.0091,0.0089,0.0115,0.0135,0.0139,0.0142,0.0148,0.0151,0.0154
2023-05-11,-5.3144,147.105,O,,-0.0025,-0.0044,-0.0053,-0.0081,-0.0092,-0.0089,-0.0102,-0.012,-0.0131,-0.0134,-0.0125,-0.0127,-0.0114,-0.0116,-0.0104,-0.0051,-0.0034,-0.0003,0.0013,-0.0011,-0.0016,-0.0003,0.0017,0.0036,0.0051,0.008,0.0112,0.0132,0.0137
2023-05-11,-5.3144,147.105,S,,0.0081,0.0046,0.0039,0.0015,0.001,0.0008,0.002,0.0014,0.0017,0.001,-0.001,-0.0027,-0.0039,-0.0009,0.0021,0.0035,0.0025,0.0003,-0.0016,-0.0026,-0.0029,-0.0016,0.0004,0.0008,0.0006,-1e-04,-0.0026,-0.0034,-0.0036
2023-05-11,-5.3144,147.105,SE,0.0028,0.0034,0.0038,0.0066,0.005,0.0031,0.0016,0.0009,0.0005,0.0013,0.0019,0.0042,0.0006,0.0033,-0.0006,0.0007,0.0014,0.0016,0.0005,-1e-04,-0.0015,-0.0005,-0.0015,-0.0003,-0.0023,-0.0025,-0.0039,-0.0039,-0.0039,-0.0039
2023-05-11,-5.3144,147.105,SO,0.0155,,0.0097,0.0058,0.0047,0.0042,0.0026,0.0,0.0002,0.0,0.0,0.0,0.0,0.0,0.0,0.0,0.0,0.0,0.0008,0.0024,0.0035,0.0067,0.0092,0.0093,0.0122,0.0141,0.017,0.0204,0.0216,0.0237
2023-06-28,-5.3144,147.105,E,,-0.0068,-0.0042,-0.0005,-0.0014,0.0003,0.0,-0.0004,-0.0006,-0.0,0.0004,0.0011,0.0007,0.0017,0.0014,0.0011,0.0004,-0.0,-0.0004,-0.0005,0.0,1e-04,0.0002,0.0,-0.0003,-0.0009,-0.0019,-0.0023,-0.0024,-0.0021
2023-06-28,-5.3144,147.105,N,,0.0028,0.0027,0.0029,0.0029,0.0036,0.0038,0.0037,0.0033,0.0024,0.0016,0.0009,0.0006,0.0004,0.0007,-0.0006,0.0,1e-04,0.0002,1e-04,-0.0004,-0.0007,-0.0007,-0.0007,-0.0007,-0.0007,-0.0007,-0.0007,-0.0007,-0.0007
2023-06-28,-5.3144,147.105,NE,-0.0011,0.0015,0.0018,0.0018,0.0009,0.0006,0.0002,1e-04,-0.0,0.0,-1e-04,0.0002,0.0006,0.0011,0.0015,0.0016,0.0006,-0.0,-0.0012,-0.0019,-0.0009,-0.0002,0.0,-0.0003,0.0003,-0.0004,-0.0002,0.0,0.0002,-1e-04
2023-06-28,-5.3144,147.105,NO,-0.0009,-0.0002,-0.002,-0.0015,-0.0021,-0.0011,-0.0008,-0.001,-1e-04,0.0006,0.001,0.0011,0.0009,1e-04,-0.0003,-0.0008,-0.0011,-0.0008,-0.0004,-0.0006,-0.0006,-0.0012,-0.0011,-0.0014,-0.0016,-0.0004,-0.0004,-0.001,-0.0014,-0.0017
2023-06-28,-5.3144,147.105,O,,-0.0026,-0.0023,-0.0014,-0.0,0.0,-0.0003,-0.0009,-0.0011,-0.0019,-0.0028,-0.0026,-0.002,-0.001,0.0003,0.0011,0.0013,0.0012,0.0008,0.0003,0.0004,0.0003,1e-04,1e-04,1e-04,0.0003,0.0006,0.0011,0.0005,0.0009
2023-06-28,-5.3144,147.105,S,,0.0002,0.0011,0.0013,0.0014,0.0012,0.0012,0.0013,0.0012,0.0017,0.0015,0.0016,0.0018,0.0015,0.0015,0.002,0.0019,0.0012,0.0006,-0.0003,-0.0004,-0.0,0.0007,0.0003,0.0002,-0.001,-0.0021,-0.0021,-0.0019,-0.0018
2023-06-28,-5.3144,147.105,SE,-0.0052,-0.0033,-0.0033,-0.0017,-0.0013,-0.0004,0.0005,1e-04,-0.0006,-0.0011,-0.0014,-0.0016,-0.0009,-1e-04,0.0006,0.0007,0.0007,0.0002,0.0005,0.0014,0.0009,0.0012,0.0009,0.0009,0.0006,0.0005,-0.0006,-0.0021,-0.0028,-0.0029
2023-06-28,-5.3144,147.105,SO,0.0019,,0.0028,0.0042,0.0047,0.0043,0.003,0.0013,0.0006,0.0016,0.0008,0.0023,0.0022,0.0024,0.0027,0.0031,0.0033,0.0025,0.0022,0.0023,0.0023,0.0025,0.0031,0.004,0.0023,0.0026,0.002,0.0017,0.0014,0.0014
2023-07-22,-5.3144,147.105,E,,,0.0314,0.0076,0.0076,,-0.0043,-0.0043,,,-0.0162,-0.0162,-0.0162,-0.0143,-0.0094,-0.0026,0.0024,0.0053,0.0092,0.0021,0.0065,0.004,0.0024,-0.005,-0.0149,-0.0107,-0.0055,-0.0109,0.0021,0.0055
2023-07-22,-5.3144,147.105,N,,,,,,,,,,-0.0429,-0.0343,,-0.03,-0.0296,-0.028,-0.0202,-0.0315,-0.026,-0.0219,-0.0215,-0.0141,-0.007,-0.0014,0.0072,0.0197,0.023,0.0232,0.0253,0.0262,0.0283
2023-07-22,-5.3144,147.105,NE,,,,,,0.0016,0.0016,-0.0049,-0.0114,-0.0049,,,,0.0082,-0.0114,-0.0046,-0.0032,-0.0054,-0.0021,0.004,0.0091,0.0085,0.0078,0.0008,0.0083,-0.0202,-0.0125,-0.0071,0.0003,0.0037
2023-07-22,-5.3144,147.105,NO,,,,,-0.0159,-0.0159,-0.012,-0.0158,-0.0069,-0.0159,-0.0144,,-0.0159,-0.0092,0.0013,0.0029,0.0058,0.0059,0.0037,-0.0063,-0.0041,-0.0142,,-0.0159,-0.0159,-0.0003,-0.009,-0.0053,0.0069,-0.0107
2023-07-22,-5.3144,147.105,O,,,,,,,,,,-0.0421,-0.0448,-0.0501,-0.0527,,,-0.0436,-0.0421,-0.0308,,-0.0175,-0.008,-0.0028,-0.0003,1e-04,1e-04,0.0012,0.0012,0.0002,0.0012,0.0013
2023-07-22,-5.3144,147.105,S,,,,,,,,-0.0226,,-0.0226,-0.0233,-0.0195,-0.0175,-0.0208,-0.0174,-0.0132,-0.0044,0.0022,0.009,0.0138,0.0168,0.0216,0.0122,-0.0027,0.0035,0.0018,0.0105,-0.0173,,
2023-07-22,-5.3144,147.105,SE,,,-0.0144,,-0.0218,-0.0218,-0.0237,-0.0218,,,-0.0295,-0.0295,-0.0238,-0.018,0.0004,0.0065,0.0175,0.022,0.0257,0.0253,0.0205,0.0141,0.0024,-0.004,-0.011,-0.0207,-0.0263,-0.0177,-0.0277,-0.0367
2023-07-22,-5.3144,147.105,SO,,,,,,,,,,,,,,,,,,,,,,,0.002,0.0017,0.0012,0.0019,0.0046,0.005,0.0064,0.0064
2023-08-20,-5.3144,147.105,E,,0.3639,0.3262,0.2105,,,,,,,,,,,0.0019,-0.0039,-0.0039,-0.0039,-0.0195,-0.035,-0.0039,-0.0402,-0.0246,-0.0142,0.0064,0.0267,0.0267,0.0166,0.0115,-0.0039
2023-08-20,-5.3144,147.105,N,,0.013,0.013,0.059,0.0261,0.0235,0.001,-0.0079,-0.0015,-0.0013,-0.0092,-0.0193,-0.0144,-0.0094,-0.0081,-0.0091,-0.005,-0.0048,-0.0094,-0.0094,-0.0094,0.0102,0.0105,0.03,0.0301,-0.0044,-0.0094,-0.0094,-0.0094,-0.0094
2023-08-20,-5.3144,147.105,NE,,0.2689,0.2697,0.2503,0.2554,0.2403,,,,,,,,,,,,,-0.0049,0.0106,-0.0153,-0.0206,0.0311,0.0014,0.0177,-0.0025,0.0076,0.0076,-0.0025,-0.0025
2023-08-20,-5.3144,147.105,NO,,-0.0074,,-0.0362,-0.0549,-0.0552,-0.0552,-0.0552,-0.0551,-0.0552,-0.0552,-0.0552,-0.0552,-0.0452,-0.0353,-0.0255,0.0037,0.0229,0.0324,0.0324,0.0419,0.0419,0.0513,0.0514,0.0514,0.0514,0.0514,0.0181,0.0514,0.0372
2023-08-20,-5.3144,147.105,O,,,,,,,,,,,,,,0.0302,0.0109,0.0492,0.0397,0.0492,0.0586,0.0633,0.0586,,,,,,,,,0.068
2023-08-20,-5.3144,147.105,S,,-0.0529,-0.0529,-0.0633,-0.0529,-0.0582,-0.0737,-0.0633,-0.0633,-0.0536,-0.0385,-0.0152,-0.0094,-0.0013,0.004,0.01,0.0107,0.0146,0.0186,0.018,0.0134,0.0113,0.0113,0.012,0.0122,0.0128,0.0036,-0.0082,-0.0253,-0.0298
2023-08-20,-5.3144,147.105,SE,,-0.0158,-0.0179,-0.0109,-0.0018,0.0042,-0.0058,-0.0119,-0.0018,,,,,,,,-0.0282,-0.0181,0.002,0.002,,,,,,,-0.0102,-0.0051,0.0098,0.0098
2023-08-20,-5.3144,147.105,SO,,,,,,,,0.0684,0.0971,0.1016,0.1064,0.1062,0.1158,0.1064,0.1064,0.1156,0.1156,0.1158,0.1158,0.1158,0.1158,0.1064,0.1064,0.1158,0.1158,0.1064,0.1064,0.1016,0.0969,0.0874
2023-10-18,-5.3144,147.105,E,,0.0057,0.0069,0.0048,0.0045,0.0027,0.0004,-0.0007,-0.0014,-0.0008,-0.0011,-0.0021,-0.0022,-0.0026,-0.0015,0.0005,0.0016,0.0007,-0.0002,-0.0002,-0.0005,0.0002,0.0004,0.0004,0.0,-0.0003,-0.0004,-0.0005,-0.0009,-0.0015
2023-10-18,-5.3144,147.105,N,,0.0056,0.0083,0.01,0.0109,0.0105,0.0083,0.0058,0.005,0.0049,0.0052,0.006,0.0044,0.0056,0.0043,0.0034,0.0047,0.0051,0.0043,0.0041,0.0009,-0.0014,-0.0011,-0.0009,-0.0004,-0.0014,-0.0029,-0.0049,-0.0049,-0.0049
2023-10-18,-5.3144,147.105,NE,-0.0019,-0.0012,0.0005,0.0011,0.0016,0.0008,-0.0005,-0.0014,-0.0016,-0.0006,0.0006,0.0004,-1e-04,-0.0015,-0.001,-0.0003,0.0011,0.0021,0.0022,0.0014,0.0003,-0.0012,-0.0012,-0.0004,1e-04,0.0005,-0.0004,-1e-04,-0.0007,-1e-04
2023-10-18,-5.3144,147.105,NO,0.0132,0.012,0.0048,0.0033,0.0006,0.0011,0.0002,-0.0,-0.0003,-1e-04,0.0006,-1e-04,-0.0007,-0.0007,-0.0006,0.0002,0.0004,-0.0007,-0.0008,-0.001,-0.001,-0.0004,-0.0005,-0.0011,-0.0016,-0.0008,-0.0013,-0.0008,-0.0005,-0.0007
2023-10-18,-5.3144,147.105,O,,0.0086,0.0032,0.0013,0.0023,0.0024,0.0025,0.0021,0.0014,0.0015,0.0017,0.0009,1e-04,-0.0002,0.0003,0.0013,0.0013,0.0017,0.0019,0.0013,0.0004,-1e-04,-0.0006,-0.0008,-0.0007,-0.0003,0.0,-0.0003,-0.0008,-0.0007
2023-10-18,-5.3144,147.105,S,,0.0096,0.0095,0.0069,0.0041,0.0028,0.0028,0.0029,0.0034,0.0042,0.0054,0.0053,0.0049,0.0052,0.0043,0.0027,0.0004,-0.0018,-0.0036,-0.0056,-0.0032,0.0003,0.0014,0.0006,-0.0008,-0.0013,-0.0015,-0.0012,-0.0015,-0.0008
2023-10-18,-5.3144,147.105,SE,0.0053,0.0061,0.0067,0.0052,0.0028,0.0007,-0.001,-0.0018,-0.0011,-0.0014,-0.0011,-0.0021,-0.0004,-0.0008,0.0012,0.0015,0.0038,0.0034,0.0024,0.0012,-0.0009,-0.0007,0.0006,0.0006,0.0008,0.0005,-0.0003,-0.0011,-0.0003,-0.0003
2023-10-18,-5.3144,147.105,SO,0.0188,,0.0151,0.0107,0.009,0.0059,0.0035,0.0015,0.0017,0.0019,0.0009,0.0018,0.0003,0.0005,0.0004,0.0,0.0005,0.0009,0.0014,0.0023,0.0012,0.0,0.0,0.0,0.0,0.0004,0.0005,0.0,0.0006,0.0
2023-12-05,-5.3144,147.105,E,,-0.0047,-0.0043,-0.0024,-0.0017,-0.0006,0.0002,0.0006,0.0005,0.0,-0.0003,-0.0006,0.0,-1e-04,-0.0005,0.0003,0.0007,0.0011,0.0012,0.001,0.0003,0.0003,0.0004,0.0008,0.001,0.0009,0.0002,-1e-04,-0.0011,-0.0008
2023-12-05,-5.3144,147.105,N,,0.0035,0.0057,0.0051,0.0044,0.0044,0.0046,0.003,0.0052,0.0048,0.0037,0.0029,0.0022,0.0008,0.0,-0.0012,0.0005,0.0013,0.0014,0.0022,0.0019,0.0005,-0.0007,-0.002,-0.0018,-0.0018,-0.0014,-0.0014,-0.0011,-0.0006
2023-12-05,-5.3144,147.105,NE,-0.0045,-0.0032,-0.0026,-0.0022,-0.0012,-0.0003,0.0006,0.0015,0.0016,0.0013,0.0008,-1e-04,1e-04,-0.0005,-0.0003,-0.0012,-0.0019,-0.0022,-0.0021,-0.001,1e-04,0.0005,0.0006,0.0004,0.001,0.0005,0.0016,0.0013,0.0007,-0.0002
2023-12-05,-5.3144,147.105,NO,0.0037,0.0054,0.0034,0.0039,0.0036,0.0019,0.0008,-1e-04,-0.0004,-1e-04,-1e-04,-0.0003,-0.0003,-0.0011,-0.0019,-0.0019,-0.0023,-0.0018,-0.0016,-0.0015,-0.0012,-0.0003,0.0006,0.0006,0.0005,0.0002,0.0008,-0.0,-0.0002,-0.001
2023-12-05,-5.3144,147.105,O,,0.0027,0.0013,0.002,0.0006,-0.0004,0.0004,0.0004,-0.0006,-0.0003,0.0002,0.0006,0.0008,0.0009,0.0005,0.0003,0.0006,0.0008,0.0013,0.0014,0.0008,0.0006,0.0003,-0.0004,-0.0014,-0.0014,-0.0018,-0.0016,-0.0011,-0.0015
2023-12-05,-5.3144,147.105,S,,0.0036,0.0048,0.0066,0.0053,0.0046,0.0049,0.0038,0.0056,0.0052,0.0044,0.0042,0.0033,0.0025,0.0025,0.0002,-0.0005,-0.001,-0.0009,-0.0008,-0.0008,-0.0008,0.0002,-0.0,0.0005,-0.0005,-0.0013,-0.0019,-0.0019,-0.0016
2023-12-05,-5.3144,147.105,SE,-0.0106,-0.0108,-0.0045,-0.0021,1e-04,-0.0003,-0.0016,-0.0009,-0.0012,-0.0006,-0.0002,-0.0002,-1e-04,0.0012,0.0017,0.0022,0.0024,0.0021,0.0021,0.0008,0.0005,0.001,0.0003,1e-04,-1e-04,-0.0002,-0.0005,-0.0017,-0.0017,-0.0015
2023-12-05,-5.3144,147.105,SO,0.0064,,0.0047,0.0024,0.0015,0.0009,0.0006,0.0005,0.001,0.001,0.0017,0.0009,0.0012,0.0006,0.0002,0.0003,0.0002,0.0009,0.0006,0.0004,0.0004,0.0006,0.0017,0.002,0.0011,0.0005,0.0,0.0,0.0006,0.0008
2023-12-16,-5.3144,147.105,E,,-0.0063,-0.0061,-0.0058,-0.0057,-0.0056,-0.0056,-0.0056,0.0062,0.0063,0.0063,0.0063,-0.0055,-0.0055,,,,,,,-0.0053,0.0065,0.0065,0.0064,0.0064,0.0064,0.0006,-0.0053,-0.0052,-0.0053
2023-12-16,-5.3144,147.105,N,,-0.0102,-0.0068,0.0016,-0.0031,-0.0008,0.0049,0.0032,0.0101,0.0049,0.0049,0.0113,0.0065,0.0081,0.0081,0.0081,0.0065,0.0075,0.0005,0.0002,-0.0033,-0.0008,0.0005,0.0005,0.0005,-0.0103,-0.0103,-0.0103,-0.0103,-0.0103
2023-12-16,-5.3144,147.105,NE,0.0011,-0.0107,-0.0117,-0.0128,-0.003,-0.002,0.0067,-0.0051,-0.0051,-0.0051,-0.0009,-0.0009,0.0046,0.0104,0.0056,0.0045,0.0056,-0.0024,0.0045,0.0035,-0.0083,-0.0093,0.0004,0.0004,0.0004,-0.0017,-0.0017,-0.0017,-0.0017,-0.0017
2023-12-16,-5.3144,147.105,NO,0.0201,0.02,0.0091,0.0146,0.0094,-0.0014,0.0039,-0.0015,0.0039,-0.0015,-0.0015,0.0093,0.0093,0.0093,-0.0015,-0.0015,-0.0015,-0.0015,-0.0015,-0.0015,-0.0015,-0.0015,-0.0015,-0.0015,-0.0015,-0.0015,-0.0015,-0.0015,-0.0015,-0.0015
2023-12-16,-5.3144,147.105,O,,0.0125,0.0125,0.0071,0.0071,-0.0037,-0.0037,0.0071,0.0179,0.0071,0.0071,0.0071,-0.0037,-0.0037,,,,,,,0.0179,-0.0037,-0.0037,-0.0037,-0.0037,-0.0037,-0.0037,-0.0037,-0.0038,-0.0038
2023-12-16,-5.3144,147.105,S,,-1e-04,-0.0,-0.0119,-0.0119,-0.0061,-0.0002,-0.0003,-0.0118,-0.0003,0.0,0.0002,0.0118,1e-04,0.0002,0.0003,0.0003,0.0003,0.0003,0.0004,0.0005,0.0005,0.0004,0.0002,-0.0005,0.0,-1e-04,-0.0002,-0.0059,0.0004
2023-12-16,-5.3144,147.105,SE,0.0076,0.0076,0.0061,0.0058,-0.0057,-0.0064,-0.0064,-0.0071,-0.0071,-0.0075,-0.0071,0.004,0.004,0.004,0.0157,0.004,0.0091,0.0032,0.0033,-0.0085,-0.0085,0.0026,0.0026,0.0026,0.0026,-0.003,0.0026,0.0026,0.0025,-0.003
2023-12-16,-5.3144,147.105,SO,0.0209,,0.0216,0.0114,0.0114,0.0115,0.0115,0.0116,0.0116,0.0116,0.0116,0.0117,0.0224,0.0224,0.0224,0.0224,0.0224,0.0116,0.0224,0.0331,0.0224,0.0224,0.0116,0.0007,0.0007,0.0116,0.0116,0.0008,0.0062,0.0116
2024-03-26,-5.3144,147.105,E,,-0.0114,-0.0078,-0.0016,-0.001,1e-04,-0.0006,-0.0007,0.0002,0.0011,0.0013,0.0009,0.0004,0.0009,0.0006,0.0002,-0.0006,-0.0006,-0.0008,0.0019,0.001,0.0012,0.0011,0.0007,-0.0002,-0.0015,-0.0026,-0.0027,-0.0044,-0.0048
2024-03-26,-5.3144,147.105,N,,0.0091,0.0076,0.0061,0.0026,0.0022,0.0042,0.0035,0.0057,0.0056,0.0015,0.002,0.002,0.0035,0.0038,0.0017,0.0019,0.0009,0.0006,0.0009,-0.0,-0.0006,-0.0015,-0.0008,-0.0007,-0.0017,-0.0017,-0.0017,-0.0017,-0.0017
2024-03-26,-5.3144,147.105,NE,-0.0023,-0.0017,-0.0011,-0.0006,0.0002,0.0005,0.0006,-1e-04,-0.0006,-1e-04,0.0003,-0.0002,-0.0008,-0.0014,-0.0007,0.0003,0.0009,0.002,0.0023,0.0014,0.0012,0.0008,-0.0,-0.0004,-0.0008,0.0003,-0.0013,-0.0019,-0.003,-0.003
2024-03-26,-5.3144,147.105,NO,0.0092,0.0089,0.0034,0.0006,-1e-04,-0.0009,-1e-04,0.0013,0.0008,1e-04,-1e-04,0.0004,0.0014,0.002,0.0018,0.0015,0.0008,-0.0002,-0.0011,-0.0011,-0.0009,-0.0004,-0.0011,-0.0011,-0.0008,-0.0002,0.0015,0.002,0.0029,0.0027
2024-03-26,-5.3144,147.105,O,,0.0034,0.0008,-0.0,-0.0006,-0.0022,-0.0026,-0.0028,-0.0025,-0.0016,-0.0012,-0.0021,-0.0018,-0.0014,0.0004,0.0022,0.0031,0.0029,0.0017,1e-04,-0.0003,-0.0005,-0.0005,1e-04,0.0008,0.0012,0.0015,0.0017,0.0023,0.0041
2024-03-26,-5.3144,147.105,S,,-0.0025,-0.0023,-0.0016,-0.0012,-0.0008,-0.0017,-0.0033,-0.0028,-0.0017,-0.0012,-0.001,-0.0009,0.0,0.0008,0.0005,0.0002,-0.0013,-0.0017,-0.0009,-0.0009,0.0005,0.0002,0.0,-0.0004,0.0005,0.0011,0.0019,0.0028,0.0036
2024-03-26,-5.3144,147.105,SE,0.004,0.0047,0.0039,0.0046,0.006,0.0067,0.0059,0.0057,0.0031,0.002,0.0008,0.001,0.0015,0.0011,-0.0005,-0.0018,-0.0005,1e-04,0.0022,0.0008,0.0009,0.0,0.0005,0.0012,0.0008,-0.0006,0.0005,0.0006,0.0008,0.0
2024-03-26,-5.3144,147.105,SO,0.0102,,0.0076,0.0065,0.0068,0.0067,0.0048,0.0041,0.0044,0.0046,0.0051,0.0049,0.0052,0.0046,0.0059,0.0072,0.0074,0.008,0.0088,0.0094,0.0098,0.0099,0.0104,0.0108,0.0118,0.0122,0.0118,0.0119,0.0112,0.0109
2024-04-19,-5.3144,147.105,E,,0.0025,0.0017,0.0006,0.0014,0.0016,0.0009,0.0006,-0.0004,-0.0009,-0.0013,-0.0015,-0.0011,-0.0008,-0.0003,0.0007,1e-04,-0.0013,-0.0013,-0.0013,-0.0005,1e-04,0.0002,0.0006,0.0004,0.0009,0.001,0.0013,0.0008,0.0004
2024-04-19,-5.3144,147.105,N,,0.0078,0.0072,0.008,0.0061,0.0068,0.0074,0.0044,0.0066,0.0062,0.0054,0.0059,0.0064,0.0051,0.0033,0.0006,0.0007,0.0004,-1e-04,0.0018,0.0009,-0.0013,-0.0027,-0.0028,-0.0028,-0.0028,-0.0028,-0.0028,-0.0028,-0.0028
2024-04-19,-5.3144,147.105,NE,-0.0027,-0.0032,-0.0024,-0.0015,0.0,0.0013,0.0012,1e-04,0.0003,0.0011,0.0006,0.0005,0.0003,-0.0005,-1e-04,0.0016,0.0004,0.0006,0.0011,0.001,0.0012,0.0008,-0.0021,-0.0021,-0.0025,-0.0016,-0.0008,-0.0009,-0.001,-0.0016
2024-04-19,-5.3144,147.105,NO,0.012,0.0108,0.0051,0.0029,0.0011,0.0011,0.0016,0.0023,0.0021,0.002,0.0012,0.0006,-1e-04,-0.0002,-0.0008,-0.0007,-0.0011,-0.0009,-0.0009,-0.001,-0.0011,-0.0011,-0.0011,-0.0011,-0.0011,-0.0011,-0.0011,-0.0011,-0.0011,-0.0006
2024-04-19,-5.3144,147.105,O,,0.0068,0.0028,0.0012,1e-04,-0.0005,-0.0002,-0.0002,1e-04,0.0004,0.0005,-0.0011,-0.0008,-0.0022,-0.0026,-0.0021,-0.0007,0.001,0.0011,1e-04,-0.0007,-0.0012,-0.0014,-0.0016,-0.0019,-0.0013,-0.0008,-0.0002,1e-04,-0.0005
2024-04-19,-5.3144,147.105,S,,0.0047,0.0056,0.0072,0.0059,0.0043,0.0032,0.003,0.0044,0.0047,0.0036,0.0026,0.0009,0.0003,0.0011,0.0013,0.0023,0.0028,0.0021,0.0009,-0.0012,-0.0019,-0.0019,-0.0024,-0.0021,-0.001,-0.0003,-1e-04,-0.0002,0.0002
2024-04-19,-5.3144,147.105,SE,0.0005,-0.0004,0.0008,0.0017,0.0017,0.0025,0.0004,-0.0009,-0.0008,-0.0004,-0.0008,-0.001,-0.0005,1e-04,0.0008,0.0019,0.0023,0.0017,0.0008,0.0003,1e-04,-1e-04,1e-04,-0.0003,-0.0005,-0.0005,1e-04,0.0002,0.0,0.0006
2024-04-19,-5.3144,147.105,SO,0.014,,0.0113,0.0083,0.0078,0.0071,0.0056,0.004,0.0033,0.0027,0.0015,0.0017,0.0016,0.0017,0.0016,0.0018,0.0027,0.003,0.003,0.0034,0.0024,0.0028,0.0029,0.0031,0.003,0.0032,0.0033,0.0033,0.003,0.0027
2024-09-10,-5.3144,147.105,E,,-0.0217,-0.0168,-0.0058,-0.0058,-0.0022,-0.0018,-0.0027,-0.0025,-0.0032,-0.0004,0.0021,0.0037,0.0041,0.0037,0.0038,0.0034,0.0033,0.0013,0.0026,0.0024,0.0029,0.0023,0.002,0.0005,-0.0003,-0.0015,0.0002,-0.0016,-0.0011
2024-09-10,-5.3144,147.105,N,,-0.0009,-0.0017,-0.0027,-0.0031,-0.004,-0.0056,-0.0048,-0.0052,-0.004,-0.0023,-0.0026,-0.0024,-0.0024,-0.0044,-0.0061,-0.0078,-0.0091,,-0.0126,-0.0116,-0.0082,-0.0055,-0.0036,-0.0018,0.0044,0.007,0.0094,0.0118,0.0142
2024-09-10,-5.3144,147.105,NE,0.015,0.0134,0.0126,0.0125,0.012,0.0101,0.0099,0.0068,0.0036,0.002,0.0019,-0.0003,0.0002,-0.0035,-0.0021,-0.0015,-0.0004,-0.0003,-0.0017,-0.0023,-0.0018,-0.0028,0.0032,0.0032,0.0048,0.0077,0.0093,0.0108,0.013,0.0152
2024-09-10,-5.3144,147.105,NO,-0.0157,-0.0168,-0.0151,-0.0159,-0.0154,-0.0157,-0.0158,-0.0158,-0.0154,-0.0151,-0.0138,-0.0141,-0.0137,-0.0124,-0.012,-0.0118,-0.0099,-0.0088,-0.0104,-0.0093,-0.0102,-0.0083,-0.0076,-0.0061,-0.0042,-0.0048,-0.0057,-0.0045,-0.0043,-0.0032
2024-09-10,-5.3144,147.105,O,,0.0002,1e-04,-0.0005,-0.001,-0.0011,-0.001,-0.0012,-0.0004,1e-04,0.0006,0.0008,0.001,0.0005,0.0003,0.0,0.0003,0.0005,0.0005,-0.0009,-0.0022,-0.003,-0.0033,-0.0046,-0.005,-0.0062,-0.0066,-0.0081,-0.0088,-0.0067
2024-09-10,-5.3144,147.105,S,,0.0303,,,,,,,,,,,,,,,,,,,,,-0.0018,-0.0004,-0.0002,-0.0003,-1e-04,-0.0002,-0.0002,-0.0002
2024-09-10,-5.3144,147.105,SE,0.0201,0.0191,0.0174,0.0141,,,,,,,,,,,,,,,,,,-0.002,-0.002,-1e-04,-1e-04,-1e-04,-1e-04,-1e-04,-1e-04,-1e-04
2024-09-10,-5.3144,147.105,SO,0.02,,0.0196,0.0176,0.0162,0.0154,0.0144,0.0092,0.0072,0.0101,0.0053,0.0133,0.0097,0.0136,0.0147,0.0165,0.0124,0.0092,0.0059,0.0027,0.0004,-0.0072,-0.0084,-0.0051,-0.004,-0.0033,-0.0038,-0.0033,-0.0035,-0.0073
2024-10-28,-5.3144,147.105,E,,0.01,0.0071,0.003,0.0024,0.0014,0.0013,0.0017,0.002,0.0013,0.0005,-0.0002,-0.001,-0.0019,-0.0021,-0.0019,-0.0012,-0.001,1e-04,0.0004,0.0004,0.0004,0.0003,1e-04,1e-04,0.0003,0.0003,0.0006,0.0012,0.0016
2024-10-28,-5.3144,147.105,N,,0.0049,0.0047,0.0029,0.0015,0.0009,0.0006,0.0005,0.0011,0.0012,0.0003,-0.0004,-0.0006,-0.0007,-0.0009,-0.0008,-0.0003,0.0005,0.0015,0.0022,0.0025,0.0021,0.0013,0.0009,1e-04,-0.0006,-0.0007,-0.0006,-0.0002,-1e-04
2024-10-28,-5.3144,147.105,NE,0.0059,0.0048,0.0035,0.002,0.0004,-0.0005,-0.0004,0.0002,0.0008,0.001,0.0013,0.0004,-1e-04,-0.0008,-0.0004,-0.0009,-0.0008,0.0004,0.0,-0.0011,-0.0006,-0.0003,-0.0002,0.0003,0.0007,0.001,0.0006,-0.0006,0.0008,0.001
2024-10-28,-5.3144,147.105,NO,0.0078,0.0084,0.0061,0.0045,0.0029,0.0023,0.0021,0.0022,0.0021,0.0015,0.0006,0.0007,0.0008,0.001,1e-04,-0.0003,-0.0005,-0.0005,-0.0007,-1e-04,-0.0006,0.0004,0.0007,0.0009,0.0009,0.0007,1e-04,-1e-04,-0.0,-0.0002
2024-10-28,-5.3144,147.105,O,,0.0062,0.0041,0.0042,0.0032,0.0028,0.0026,0.0021,0.0013,0.0004,-0.0003,-0.0004,-0.0004,-0.0004,-1e-04,0.0005,0.0005,-0.0002,-0.0004,-0.0004,-0.0004,-0.0004,-0.0004,-0.0004,0.0005,-0.0002,-1e-04,-0.0002,-0.0002,-1e-04
2024-10-28,-5.3144,147.105,S,,0.0051,0.0038,0.003,0.0021,0.002,0.0018,0.0015,0.0019,0.0022,0.0019,0.0019,0.0015,0.0006,-1e-04,-0.0003,0.0002,0.0004,0.0004,1e-04,1e-04,-0.0002,-0.0005,-0.0005,-0.001,-0.0005,-0.0,0.0009,0.0013,0.001
2024-10-28,-5.3144,147.105,SE,0.0031,0.0029,0.0017,0.0012,0.0011,0.0018,0.0021,0.0015,0.0009,0.0012,0.0009,0.0003,-0.0004,-0.0012,-0.0007,-0.0,0.0007,0.0002,-0.0006,-0.0009,-0.0013,-0.0011,-0.0006,1e-04,0.001,0.0003,-0.0002,0.0011,0.0007,0.0016
2024-10-28,-5.3144,147.105,SO,0.0087,,0.0047,0.0026,0.0027,0.0029,0.0034,0.0033,0.0029,0.0025,0.0014,0.0007,0.0002,0.0002,1e-04,0.0,0.0004,0.0002,0.0006,0.0013,0.0016,0.0022,0.0015,0.0003,0.0005,0.0012,0.0024,0.002,0.0015,0.0012
2024-12-07,-5.3144,147.105,E,,-0.0014,-0.0002,0.0037,0.003,0.0022,0.0014,-0.0006,-0.0003,-0.0005,-0.0007,1e-04,0.0028,0.0032,0.0032,0.002,0.0009,0.0002,0.0002,0.0006,0.0011,0.0027,0.0013,0.0002,-1e-04,-0.0023,-0.0026,-0.0022,-0.0025,-0.004
2024-12-07,-5.3144,147.105,N,,-0.0081,-0.0076,-0.0066,-0.0061,-0.0053,-0.0049,-0.005,-0.0051,-0.0045,-0.0039,-0.002,1e-04,0.0011,0.0014,0.0016,0.0021,0.0019,0.002,0.0015,0.0009,0.0007,0.0007,0.0005,1e-04,0.0003,0.0006,-0.0006,-0.0002,0.0006
2024-12-07,-5.3144,147.105,NE,-0.0082,-0.0065,-0.0058,-0.0054,-0.0047,-0.0042,-0.0032,-0.003,-0.0034,-0.0026,-0.001,-0.0009,-0.0006,-0.0006,-0.0007,0.0006,0.0025,0.0022,0.0031,0.0038,0.0032,0.0016,0.0003,-0.0002,-1e-04,0.0006,0.0007,0.0005,-0.0002,-0.001
2024-12-07,-5.3144,147.105,NO,-0.0037,-0.0026,-0.0036,-0.003,-0.0039,-0.0036,-0.0037,-0.0046,-0.0048,-0.0052,-0.0061,-0.0055,-0.0041,-0.0021,-0.0016,-0.0012,-0.0015,-0.001,-0.001,0.0006,0.0013,0.0024,0.0019,0.0015,-1e-04,-0.0006,-1e-04,0.0006,0.001,0.0007
2024-12-07,-5.3144,147.105,O,,0.0039,0.003,0.0031,0.0028,0.0033,0.0042,0.004,0.0032,0.0026,0.0022,0.0018,0.0012,-0.0004,-0.0006,-0.0016,-1e-04,-1e-04,-1e-04,-0.0,0.0,0.0002,0.0006,0.0012,0.0018,0.0015,0.0013,0.001,0.0006,-0.0
2024-12-07,-5.3144,147.105,S,,0.0062,0.0041,0.0016,0.0014,-0.0002,-0.002,-0.0026,-0.0026,-0.0025,-0.0027,-0.0028,-0.0026,-0.0024,-0.0024,-0.0022,-0.0029,-0.0029,-0.0024,-0.0016,-0.0007,-0.0002,0.0004,0.0007,0.0009,0.0013,0.0015,0.0022,0.0029,0.0033
2024-12-07,-5.3144,147.105,SE,0.0126,0.0131,0.0094,0.0086,0.0058,0.0071,0.0051,0.0032,0.0013,-1e-04,-0.0004,-0.0007,-0.0007,-0.0004,0.0,0.0002,0.0014,0.0009,-0.0005,-0.0009,-0.0009,-0.0009,-0.0009,-0.0009,-0.0004,-0.0003,-0.0007,-0.0008,-0.0009,-0.0009
2024-12-07,-5.3144,147.105,SO,0.0107,,0.0088,0.0083,0.008,0.0068,0.004,0.0021,0.0013,0.001,0.0004,1e-04,0.0,0.0,1e-04,0.0009,0.0007,0.0003,0.0008,0.0013,0.0023,0.0032,0.0038,0.0038,0.0039,0.0041,0.0041,0.0042,0.0041,0.0035
2024-12-31,-5.3144,147.105,E,,-0.0003,0.0012,0.0022,0.0026,0.0025,0.0016,0.0009,0.0011,0.0012,0.0015,0.0006,-0.0008,-0.0012,-0.0013,-0.0007,-1e-04,0.0002,0.0002,0.0,0.0007,0.0002,0.0008,0.0003,-0.0011,-0.0009,-0.0005,-0.0006,-0.0006,-0.0006
2024-12-31,-5.3144,147.105,N,,0.0049,0.0045,0.0039,0.0034,0.0033,0.0022,0.0012,0.0014,0.0012,0.0012,0.0018,0.0023,0.0035,0.0028,0.0013,0.0019,0.0003,-0.0008,-0.0006,-0.0008,-0.0003,0.0004,0.0002,-0.0006,-0.001,-0.0006,-0.0004,0.0006,0.0005
2024-12-31,-5.3144,147.105,NE,0.004,0.0027,0.0025,0.0021,0.0016,0.0015,0.0016,0.0019,0.0013,0.001,0.0007,0.0002,0.0007,0.0003,0.0003,-0.0013,-0.0009,0.0003,-1e-04,-0.0007,-0.0013,-0.0016,-0.0016,-0.0013,-0.0009,-0.0003,0.0014,0.002,0.0024,0.0022
2024-12-31,-5.3144,147.105,NO,0.0098,0.0081,0.0046,0.0038,0.0047,0.0044,0.0033,0.0026,0.001,0.0005,1e-04,-0.0003,-0.0003,-0.0006,-0.0011,-0.0011,-0.0017,-0.0016,-0.0008,-0.0015,-0.0006,-0.0008,-0.0008,-0.0013,-0.0012,-0.0009,-0.0008,-0.0008,-0.0008,-0.0008
2024-12-31,-5.3144,147.105,O,,0.0086,0.0064,0.006,0.0042,0.002,0.0011,0.0005,0.0007,0.0006,0.0006,0.0002,-0.001,-0.0015,-0.0015,-0.0015,-0.0009,-0.0008,-0.0007,1e-04,-0.0004,-0.0004,-0.0003,-0.0,0.0003,0.0008,0.0006,0.0003,0.0003,0.0006
2024-12-31,-5.3144,147.105,S,,0.0082,0.007,0.0055,0.0045,0.0044,0.005,0.0044,0.006,0.0061,0.0044,0.0029,0.002,0.0023,0.0019,0.0009,0.0013,0.0028,0.0028,0.0022,-0.0003,-0.0004,-0.0005,-0.0005,-0.0006,-0.0011,-0.0018,-0.0021,-0.0028,-0.0029
2024-12-31,-5.3144,147.105,SE,0.0069,0.0071,0.0052,0.0045,0.0033,0.0027,0.0016,0.0008,-0.0006,-0.0012,-0.0017,-0.0005,0.0002,0.0005,0.0016,0.0005,1e-04,1e-04,0.0007,0.0004,0.0007,-0.0004,0.0003,0.0003,0.0007,0.0008,0.0007,0.0003,-0.0003,-0.0008
2024-12-31,-5.3144,147.105,SO,0.0134,,0.0107,0.0078,0.0057,0.0035,0.0019,0.0006,0.0004,0.0003,0.0,0.0,0.0,0.0,0.0005,0.0004,1e-04,0.0,0.0,0.0,0.0009,0.0017,0.0027,0.0033,0.0022,0.001,0.0,0.0,0.0,1e-04
2025-03-21,-5.3144,147.105,E,,,,,-0.0217,-0.0202,-0.0109,-0.0064,-0.0068,-0.0061,-0.0011,0.0016,0.0032,0.0042,0.0039,0.0026,0.0025,0.003,0.0036,0.0051,0.0057,0.0038,0.0022,0.002,0.0012,-1e-04,-0.0005,-1e-04,-0.0011,-0.0018
2025-03-21,-5.3144,147.105,N,,,,,,,,,0.012,,,,,,,,,,,,,,,,-0.001,-0.0029,0.0008,0.0047,0.0099,0.0112
2025-03-21,-5.3144,147.105,NE,,,,,-0.0111,-0.0108,-0.0102,-0.0079,-0.0009,-0.0007,-0.0002,0.0019,0.003,0.004,0.0039,0.0043,0.0051,0.0052,0.0052,0.0038,0.004,0.0012,0.0003,-0.0013,-0.0028,-0.0022,-0.0018,0.0002,-0.0004,-0.0004
2025-03-21,-5.3144,147.105,NO,,,,,,,,,,,,,,,,,,,,,,,,,,-1e-04,-1e-04,-1e-04,-1e-04,-1e-04
2025-03-21,-5.3144,147.105,O,,,,,,,,,,,,-0.0018,-0.0018,-0.0018,-0.0018,-0.0016,0.0066,-0.0018,,,0.0064,-0.0018,-0.0018,-0.0018,-0.0018,0.0075,0.0094,0.0099,0.0097,0.0093
2025-03-21,-5.3144,147.105,S,,,,,,,,,,,,,,,0.0052,0.0036,-0.0021,-0.0083,-0.0081,-0.0055,-0.0048,1e-04,0.0003,0.0018,0.0034,0.0049,0.0054,0.0055,0.0057,0.0059
2025-03-21,-5.3144,147.105,SE,,,,,,-0.0218,-0.0218,-0.0218,-0.0175,-0.0122,-0.0049,1e-04,0.0021,0.0041,0.0041,0.0048,0.0062,0.0052,0.0051,0.0035,0.0026,0.0025,0.0033,1e-04,-0.0046,-0.007,-0.0025,-0.0028,-0.0011,-0.004
2025-03-21,-5.3144,147.105,SO,,,,,,,,,,,,,,,,-0.0026,-0.003,-0.0028,-0.0025,-0.0022,-0.0021,-0.0013,-0.0035,-0.002,-0.0029,-0.0012,-0.0007,-1e-04,0.0011,0.0013
2025-07-19,-5.3144,147.105,E,,0.0111,0.0096,0.0023,0.003,0.0025,0.0031,0.0028,0.0021,-0.0035,-0.0035,-0.001,0.0036,0.0049,0.004,0.0033,0.0032,0.0028,0.0028,0.0032,0.0016,0.0017,0.0012,0.0023,0.004,0.004,0.0041,0.0036,0.0034,0.0034
2025-07-19,-5.3144,147.105,N,,0.0429,0.0268,0.0227,0.0124,0.0037,-0.0109,-0.0244,-0.0304,-0.0284,-0.0412,-0.0385,-0.0412,-0.0377,-0.0297,-0.0267,-0.0231,-0.0178,-0.0176,-0.0136,-0.0045,0.0077,0.0023,0.0163,0.019,0.0203,0.0193,0.0178,0.0206,0.0247
2025-07-19,-5.3144,147.105,NE,0.0121,0.0117,0.0076,0.007,0.0064,0.0061,0.0074,0.0105,0.0113,0.0134,0.0122,0.0128,0.0106,0.0128,0.0114,0.0132,0.0155,0.0132,0.0114,0.0148,0.0127,0.0152,0.0112,0.0125,0.011,0.009,0.0077,-0.0,-0.0058,-0.0113
2025-07-19,-5.3144,147.105,NO,0.0115,0.0048,-0.015,,-0.0448,-0.0561,-0.0625,-0.0625,-0.0625,-0.0625,-0.0625,-0.0625,-0.0596,-0.0518,-0.0444,-0.0372,-0.0249,-0.0172,-0.0022,0.0101,0.0171,0.0234,0.0275,0.0302,0.0319,0.0319,0.0318,0.0315,0.0308,0.0308
2025-07-19,-5.3144,147.105,O,,0.0507,0.038,0.0249,0.0072,0.0002,-0.0108,-0.0144,-0.0144,-0.0144,-0.0144,-0.0144,-0.0144,-0.0144,-0.0144,-0.0144,-0.0144,-0.0144,-0.0144,-0.0127,-0.0082,0.0004,0.0095,0.0156,0.0123,0.0061,0.0093,0.0168,0.0211,0.0269
2025-07-19,-5.3144,147.105,S,,0.0384,0.0351,0.0328,0.0331,0.023,0.0285,0.0094,0.0103,0.0086,0.0067,0.0044,0.0041,0.0026,0.0067,0.0082,0.0055,0.0074,0.0061,0.0038,0.0052,0.0017,-0.0003,-0.0018,-0.0016,-0.0062,-0.0051,0.0022,0.0032,0.0041
2025-07-19,-5.3144,147.105,SE,0.0834,0.0868,0.073,0.054,0.0473,0.0458,0.0361,0.0299,0.0167,0.0102,0.0024,-0.0133,-0.0138,-0.0106,-0.0085,-0.0142,-0.0111,-0.0099,-0.0033,0.0039,0.0044,-0.0004,-0.0024,0.0003,0.0033,0.0032,0.0036,0.0033,0.0032,0.0037
2025-07-19,-5.3144,147.105,SO,0.0796,,0.0752,0.0717,0.0664,0.0636,0.0493,0.0485,0.0485,0.0378,0.0337,0.0253,0.0245,0.0284,0.0318,0.0272,0.0304,0.0236,0.0192,0.0169,0.0117,0.0067,0.003,0.0016,0.0037,0.0084,0.0114,0.0178,0.027,0.034
2025-08-04,-5.3144,147.105,E,,,,,,,,,,,,,,-0.0019,-0.0032,-0.003,-0.0016,-0.0025,-0.001,0.0008,0.001,0.0019,0.0023,0.0026,0.0009,0.0029,0.0031,0.0018,0.0014,0.0008
2025-08-04,-5.3144,147.105,N,,0.006,0.0068,0.0067,0.0054,0.0047,0.0032,0.0013,0.0008,-1e-04,-0.0007,0.0004,0.0015,0.0028,0.0027,0.0016,0.0018,0.0013,0.0004,-1e-04,-0.0013,-0.0013,-0.0008,-0.0006,-0.0005,-0.0004,-0.0006,-0.0002,0.0,-0.0005
2025-08-04,-5.3144,147.105,NE,0.0085,,,,,,,,0.0007,-0.0008,-0.0008,-0.0008,,,,,,,,,-0.001,-0.001,-0.001,-0.001,-0.001,-0.001,0.0006,0.0003,-0.001,-0.001
2025-08-04,-5.3144,147.105,NO,0.0083,0.0089,0.008,0.0085,,,0.0037,,,0.0017,0.0024,0.0042,0.0069,0.0037,0.0059,0.0039,0.0037,0.0044,0.0041,0.0044,0.0027,0.0025,0.0013,0.0024,0.0025,0.0032,0.0035,0.0037,0.0041,0.0043
2025-08-04,-5.3144,147.105,O,,0.0069,,,,,,,,,,,,,,,,,,,,,,,,0.0028,0.0064,0.0066,0.0057,0.0051
2025-08-04,-5.3144,147.105,SE,,,,,,,,,,-1e-04,1e-04,0.0009,0.001,0.0005,0.0,-0.0006,-0.0005,-0.0003,-0.0,0.0005,0.0003,-0.0003,-0.0003,-0.0,0.0005,0.0011,0.0007,0.0002,-0.0007,-0.0009
