date,center_lat,center_long,direction,15m,45m,75m,105m,135m,165m,195m,225m,255m,285m,315m,345m,375m,405m,435m,465m,495m,525m,555m,585m,615m,645m,675m,705m,735m,765m,795m,825m,855m,885m
2000-02-05,19.4748,-155.6028,E,,,,,,-0.0454,,-0.0261,,,,,0.08,,,,,0.0285,,,-0.0263,,-0.0532,,,,,-0.0811,,-0.0682
2000-02-05,19.4749,-155.6028,E,,,0.0035,-0.027,,,-0.0443,,,-0.0046,0.0229,,,,,,,,0.0072,,,,,,,-0.07,,,-0.0755,
2000-02-05,19.475,-155.6029,E,,0.0026,,,-0.0302,,,,-0.0201,,,0.0353,,0.1077,0.0774,0.0697,0.0523,,,-0.0147,,-0.0422,,-0.0582,-0.065,,-0.0791,,,
2000-02-05,19.4748,-155.6028,N,0.0419,,,,-0.0356,-0.0537,,,,,,-0.0176,,,,-0.019,-0.0133,-0.0141,,-0.0112,,-0.0042,0.0051,,,,,,,0.0392
2000-02-05,19.4749,-155.6028,N,,0.0378,-0.0061,-0.0205,,,,,,,-0.0114,,,-0.0253,-0.0283,,,,-0.0114,,,,,,0.0058,,,0.042,,
2000-02-05,19.475,-155.6029,N,,,,,,,-0.0058,0.0039,-0.0009,-0.0088,,,-0.0246,,,,,,,,-0.0092,,,0.003,,0.01,0.0146,,0.0399,
2000-02-05,19.4748,-155.6028,NE,,,0.0082,,,,-0.055,,-0.0523,,,,0.0213,0.0168,,0.022,,0.0236,,,,-0.0057,,0.003,,,0.0228,,-0.0212,
2000-02-05,19.4749,-155.6028,NE,,0.0218,,,-0.0201,-0.0427,,,,,,0.0284,,,,,,,,0.0029,-0.0005,,,,,0.0175,,,,
2000-02-05,19.475,-155.6029,NE,0.0297,,,0.0035,,,,-0.056,,0.0297,0.0154,,,,0.0097,,0.0241,,0.0206,,,,-0.0082,,0.0053,,,0.03,,-0.0027
2000-02-05,19.4748,-155.6028,NO,,,0.0221,,0.0029,,-0.0143,,-0.0131,-0.01,,0.0021,,0.0014,,,-0.0119,,,0.0057,,0.0165,0.0209,,0.0095,0.0098,,,-0.011,
2000-02-05,19.4749,-155.6028,NO,,0.0366,,0.0067,,,,,,,,,,,,-0.0101,,,,,,,,,,,,-0.0043,,
2000-02-05,19.475,-155.6029,NO,0.0472,,,,,0.0094,,-0.0235,,,-0.006,,0.0057,,-0.0088,,,-0.0126,-0.0064,,0.016,,,0.0241,,,0.008,,,-0.0138
2000-02-05,19.4748,-155.6028,O,0.1081,,,0.0748,,0.0727,,,,,0.0453,,0.0467,0.0467,0.041,0.0303,,0.0242,0.0229,,,,0.0003,,0.0004,-0.0024,,,,
2000-02-05,19.4749,-155.6028,O,,0.1103,0.0753,,,,,0.0681,0.0624,0.05,,,,,,,,,,,0.0284,,,0.0051,,,,-0.0388,-0.0496,
2000-02-05,19.475,-155.6029,O,,,,,0.0785,,0.072,,,,,0.046,,,,,0.0232,,,0.0253,,0.0094,,,,,-0.0416,,,-0.0477
2000-02-05,19.4748,-155.6028,S,,0.0859,,0.0945,,,0.1373,,,,,,,,,,-0.0121,,-0.0192,-0.0245,,-0.0287,,,-0.0454,,,,,-0.0532
2000-02-05,19.4749,-155.6028,S,,,,,0.1271,0.1441,,0.2003,0.2206,0.2142,0.2148,,,,,-1e-04,,,,,,,,-0.0433,,-0.0452,,,,
2000-02-05,19.475,-155.6029,S,,,0.1591,,,,,,,,,0.1478,0.0883,0.0333,0.0124,,,-0.0209,,,-0.0261,,-0.0393,,,,-0.0466,-0.048,-0.0509,
2000-02-05,19.4748,-155.6028,SE,,,0.1119,,0.1349,,,,,0.2673,,,0.1788,0.0701,,0.0069,,,,-0.0406,,-0.0433,,-0.0446,-0.0453,,,-0.0476,-0.0477,-0.0466
2000-02-05,19.4749,-155.6028,SE,0.2031,0.1472,,,,,,0.2288,,,0.2665,,,,,,-0.0157,-0.0338,,,-0.0419,,,,,,,,,
2000-02-05,19.475,-155.6029,SE,,,,0.1825,,0.203,0.2196,,0.2562,,,0.2507,,,0.0266,,,,-0.0377,,,,-0.0442,,,-0.0457,-0.0472,,,
2000-02-05,19.4748,-155.6028,SO,,,0.0017,,,,0.0109,,,0.0174,,0.0245,,,,,,0.054,,0.0266,0.0027,,,,-0.0392,,,,-0.0609,
2000-02-05,19.4749,-155.6028,SO,,,,0.0059,0.0123,,,,0.0115,,,,,0.1045,0.0862,0.1018,0.0554,,,,,-0.0076,,-0.0322,,-0.0435,-0.0534,,,
2000-02-05,19.475,-155.6029,SO,0.0036,0.012,,,,0.0299,,0.0221,,,0.0253,,0.1291,,,,,,0.0184,,,,-0.0192,,,,,-0.06,,-0.0708
2000-11-19,19.4747,-155.6029,E,,0.0384,,,-0.0134,,,,,-0.0182,,0.0132,,0.084,0.0867,0.0647,0.0475,,,-0.0012,,-0.0356,,-0.0524,-0.06,,-0.0735,,,
2000-11-19,19.4748,-155.6028,E,,,0.0338,0.0193,,,-0.0357,,,,0.001,,,,,,,,0.0201,,,,,,,-0.0655,,,-0.0745,
2000-11-19,19.4748,-155.6028,E,,,,,,-0.0314,,-0.0238,-0.0199,,,,0.0363,,,,,0.0391,,,-0.0122,,-0.0435,,,,,-0.073,,-0.0695
2000-11-19,19.4747,-155.6029,N,,,,,,,,0.0238,0.0234,0.0253,,,0.0085,0.0003,,,,,-0.0129,,,,,-0.0044,0.0002,0.0038,0.008,,0.0156,
2000-11-19,19.4748,-155.6028,N,,0.0495,0.0335,0.0185,,,-0.006,,,,,0.0157,,,,-0.006,,,,,-0.0134,-0.01,,,,,,0.019,,0.0155
2000-11-19,19.4748,-155.6028,N,0.0492,,,,-0.0103,-0.0323,,,,,0.0233,,,,-0.0085,,-0.0077,-0.0134,,-0.0151,,,-0.0044,,,,,,,
2000-11-19,19.4747,-155.6029,NE,0.0722,,,-0.0187,,,,-0.0716,,0.0395,0.0322,,,,0.025,,0.0272,,0.0293,,0.005,,-0.0017,,-0.001,,,0.0249,,
2000-11-19,19.4748,-155.6028,NE,,0.0334,,,-0.0314,-0.0431,,,,,,0.0304,,,,,,,,0.0153,,,,,,-0.0044,,,,-0.0011
2000-11-19,19.4748,-155.6028,NE,,,-0.0083,,,,-0.0699,,-0.0724,,,,0.0258,0.0289,,0.0298,,0.0288,,,,0.004,,-0.0048,,,0.0064,,0.0169,
2000-11-19,19.4747,-155.6029,NO,0.0454,,,,,0.0161,,-0.0184,,,0.0066,,0.0059,,-0.0049,,,-0.0132,-0.0088,,,,,0.013,,,,-0.0088,,-0.0085
2000-11-19,19.4748,-155.6028,NO,,0.0373,,0.0113,,,,,,,,0.0116,,,,-0.0117,,,,,0.006,,,,,,-0.0059,,,
2000-11-19,19.4748,-155.6028,NO,,,0.0238,,0.0146,,-0.0016,,-0.0005,-0.0046,,,,-0.0027,,,-0.0097,,,0.0069,,0.0021,0.0122,,0.0097,0.0035,,,-0.0086,
2000-11-19,19.4747,-155.6029,O,,,,,0.0998,,0.09,,,,,0.0569,,,,,0.0255,,,0.0178,,-0.0064,,,,,-0.0383,,,-0.0289
2000-11-19,19.4748,-155.6028,O,,0.1201,0.0904,,,,,0.0885,0.0744,0.0614,,,,,,,,,,,0.0273,,,-0.0021,,,,-0.033,-0.0292,
2000-11-19,19.4748,-155.6028,O,0.1173,,,0.1074,,0.085,,,,,0.0585,,0.0483,0.0457,0.0359,0.0289,,0.0234,0.0159,,,,-0.0036,,-0.0031,-0.0295,,,,
2000-11-19,19.4747,-155.6029,S,,,0.1601,,,,,,,,0.148,0.0931,0.0537,,0.008,,,,,,-0.0178,,-0.0339,-0.0389,,,-0.0299,-0.0366,-0.0395,
2000-11-19,19.4748,-155.6028,S,,,,,0.1179,0.1246,,0.1445,0.1529,0.1563,,,,0.026,,-0.0003,-0.0183,-0.0226,,,,,,,,-0.0381,,,,
2000-11-19,19.4748,-155.6028,S,,0.1123,,0.1071,,,0.1092,,,,,,,,,,,,-0.018,-0.0174,,-0.0202,,,-0.0426,,,,,-0.0528
2000-11-19,19.4747,-155.6029,SE,,,,0.123,,0.1199,0.1287,,0.1742,,,0.1716,,,0.0414,,,,-0.0202,,,,-0.0335,,,-0.0409,-0.045,,,
2000-11-19,19.4748,-155.6028,SE,0.1916,0.1301,,,,,,0.1514,,,0.2051,,,,,0.017,,-0.0135,,,-0.0275,,,,,,,,,
2000-11-19,19.4748,-155.6028,SE,,,0.1168,,0.1199,,,,,0.2024,,,0.1498,0.046,,,0.0031,,,-0.0239,,-0.0307,,-0.0367,-0.0394,,,-0.0475,-0.0501,-0.0512
2000-11-19,19.4747,-155.6029,SO,0.0376,0.0301,,,,0.0458,,,,,0.0286,,0.0849,,,,0.0567,,0.0139,,,,-0.0162,,,,,-0.0418,,-0.0494
2000-11-19,19.4748,-155.6028,SO,,,,0.0382,0.0421,,,0.0261,0.0211,,,,,0.0715,0.0575,0.0678,,,,0.0349,,-0.0076,,-0.013,,-0.0203,-0.0306,,,
2000-11-19,19.4748,-155.6028,SO,,,0.027,,,,0.0245,,,0.0249,,0.0302,,,,,,0.0385,,,-0.0066,,,,-0.0106,,,,-0.0441,
2000-12-05,19.476,-155.6006,E,0.0376,0.0329,0.0242,0.0234,0.0257,0.0273,0.0329,-0.0557,-0.0605,-0.0315,-0.0163,0.0184,0.0667,0.1145,0.0955,0.0542,0.07,0.05,0.0233,0.0158,0.001,-0.0031,-0.0216,-0.0391,-0.0486,-0.0516,-0.0525,-0.0504,-0.0477,-0.0611
2000-12-05,19.476,-155.6006,N,0.0422,0.0299,0.025,0.0152,0.008,-0.0141,-0.0191,0.0003,-0.0262,-0.0244,-0.0239,-0.0208,-0.0201,-0.0152,-0.0088,-0.0139,-0.0028,0.027,0.0438,0.0429,0.0365,0.0318,0.0253,0.0231,0.0113,0.0008,-0.0107,-0.014,-0.009,-0.0156
2000-12-05,19.476,-155.6006,NE,,0.0087,0.0089,0.0241,0.0098,0.0241,0.029,0.0339,0.0331,0.0272,0.0282,0.0189,0.0069,0.0037,-0.0049,0.0095,0.0057,0.0022,0.0331,0.0305,0.0283,0.0348,0.0256,0.0341,0.0203,-0.0026,-0.0136,-0.0301,-0.04,-0.0377
2000-12-05,19.476,-155.6006,NO,,0.0406,0.0289,0.0363,0.0368,0.0298,0.0118,0.0073,0.0081,0.0101,0.0088,0.0084,0.0069,-0.0101,-0.0081,-0.0025,0.0197,0.0316,0.0315,0.0289,0.0364,0.0361,0.0216,0.0009,-0.0166,-0.0289,-0.0245,-0.0145,-0.0201,-0.0129
2000-12-05,19.476,-155.6006,O,,0.0566,0.0421,0.034,0.0371,0.0304,0.0256,0.0133,0.0247,0.0288,0.0362,0.035,0.0272,0.0351,0.0382,0.0366,0.0382,0.0333,0.026,0.016,0.0168,0.0186,-0.0045,-0.014,0.0067,0.0067,-0.0042,0.0031,-0.0274,0.0104
2000-12-05,19.476,-155.6006,S,,0.1365,-0.0013,-0.0087,-0.0099,-0.0144,-0.0042,-0.0076,-0.0293,-0.0234,-0.0102,0.0007,0.0064,0.0221,0.0623,0.1543,0.1251,0.1166,0.0743,0.0089,-0.0194,-0.0341,-0.0381,-0.0438,-0.0478,-0.0512,-0.0557,-0.0546,-0.0568,-0.0602
2000-12-05,19.476,-155.6006,SE,,0.1471,0.0108,-0.004,-0.0097,-0.0017,0.0006,0.0086,0.0175,0.0265,0.0561,0.1128,0.1509,0.17,0.1305,0.0697,0.0449,0.0232,0.0039,-0.0223,-0.033,-0.043,-0.0522,-0.0584,-0.064,-0.0673,-0.0724,-0.0752,-0.0791,-0.0802
2000-12-05,19.476,-155.6006,SO,0.1562,0.1514,0.0159,0.0082,0.0239,0.0773,0.0847,0.1121,0.1215,0.1199,0.0686,0.1075,0.0855,0.0472,0.0437,0.0122,0.0094,0.0084,0.0099,0.0047,-0.0203,-0.0278,-0.03,-0.034,-0.0176,-0.0305,-0.0337,-0.0446,-0.0486,-0.0538
2001-01-06,19.476,-155.6008,E,,0.0539,0.0405,0.0346,0.0299,0.0317,0.0317,-0.0487,-0.0577,-0.0439,-0.0177,0.0391,0.0575,0.1017,0.0775,0.0763,0.0406,0.0184,0.0101,-0.0026,-0.0112,-0.017,-0.025,-0.0316,-0.0391,-0.0462,-0.047,-0.0528,-0.0557,-0.0487
2001-01-06,19.476,-155.6008,N,0.0488,0.0497,0.0387,0.0316,0.0202,0.0144,0.0097,-0.0124,-0.0172,-0.0181,-0.0164,-0.0164,-0.0134,-0.0096,-0.0107,-0.0085,0.001,0.0223,0.0245,0.0348,0.0312,0.0266,0.0257,0.02,0.0066,-0.0034,-0.0078,-0.0062,-0.0102,-0.0081
2001-01-06,19.476,-155.6008,NE,,0.0451,0.0321,0.0291,0.0343,0.0507,0.0428,0.0405,0.0409,0.047,0.0398,0.022,0.022,0.0133,-0.0038,-1e-04,-0.0014,0.0071,0.0443,0.0425,0.0373,0.041,0.0019,0.0152,0.0139,0.0095,0.0026,-0.0035,-0.0191,-0.0217
2001-01-06,19.476,-155.6008,NO,,0.0417,0.0416,0.0277,0.0325,0.0247,0.0137,0.0009,-0.0095,-0.0027,0.0004,0.003,0.0008,-0.0039,-0.007,0.0019,0.0044,0.0208,0.0279,0.0249,0.025,0.0305,0.0168,0.0091,-0.0039,-0.0213,-0.0195,-0.0185,-0.0098,-0.0121
2001-01-06,19.476,-155.6008,O,,0.0418,0.0297,0.0286,0.0239,0.0167,-0.0033,-0.0042,0.011,0.0135,0.0142,0.0123,0.0134,0.0149,0.0143,0.0113,0.0097,0.0115,0.0044,-0.0031,0.0129,0.0041,-0.0012,-0.0038,0.0023,0.001,-0.0115,-0.0104,-0.0076,-0.0285
2001-01-06,19.476,-155.6008,S,0.1177,-0.0032,-0.0088,-0.0065,-0.0076,-0.0022,0.0022,-0.0121,-0.0361,-0.0165,-0.0024,-0.0019,0.0293,0.068,0.0956,0.0979,0.1364,0.0846,0.0487,0.0138,-0.0086,-0.0237,-0.0287,-0.0336,-0.0406,-0.0439,-0.0439,-0.046,-0.0493,-0.0504
2001-01-06,19.476,-155.6008,SE,,-0.0073,-0.015,-0.0259,-0.0271,-0.0247,-0.0234,-0.0152,-0.0013,0.0161,0.0523,0.1148,0.1606,0.1678,0.1372,0.063,0.0416,0.0272,0.0105,-0.0089,-0.0235,-0.0329,-0.0404,-0.0462,-0.0497,-0.0537,-0.0578,-0.0613,-0.0623,-0.0658
2001-01-06,19.476,-155.6008,SO,,-0.012,-0.0123,-0.015,0.0059,0.0512,0.0682,0.0803,0.0894,0.0848,0.0863,0.0009,0.0191,0.0159,0.008,-0.0005,-0.006,-0.004,-0.0185,-0.0101,-0.01,-0.0028,0.0134,-0.0132,-0.0093,-0.0307,-0.0185,-0.0273,-0.041,-0.0339
2001-02-07,19.476,-155.6008,E,,0.0205,0.0097,0.004,0.004,0.0049,0.0078,-0.0474,-0.0517,-0.0212,0.0037,0.0427,0.0496,0.0752,0.0711,0.072,0.0629,0.0372,0.025,0.0092,-0.0023,-0.0083,-0.0179,-0.0301,-0.0338,-0.0407,-0.0454,-0.0472,-0.0457,-0.0427
2001-02-07,19.476,-155.6008,N,0.0328,0.0346,0.0223,0.0212,0.0117,0.0016,0.0016,-0.0132,-0.015,-0.0203,-0.0201,-0.0153,-0.0111,-0.0064,-0.0051,0.0048,0.0088,0.0242,0.0237,0.0333,0.0398,0.0336,0.0324,0.0192,0.0071,-0.0057,-0.0152,-0.0151,-0.0149,-0.0121
2001-02-07,19.476,-155.6008,NE,,0.0231,0.0123,0.0116,0.016,0.0317,0.0223,0.024,0.028,0.0245,0.0278,0.0181,0.0117,0.0019,-0.0104,-0.0027,0.0003,0.0004,0.0379,0.0302,0.0271,0.0267,0.0,0.0033,0.0002,-0.0016,-0.0134,-0.0163,-0.0282,-0.0299
2001-02-07,19.476,-155.6008,NO,,0.0277,0.0203,0.0186,0.0221,0.0161,0.0116,-0.0027,-0.0036,0.0052,0.0148,0.022,0.0183,0.0102,0.0055,0.0164,0.0177,0.0326,0.0384,0.031,0.0314,0.0286,0.0067,-0.0015,-0.009,-0.018,-0.0276,-0.0325,-0.0198,-0.019
2001-02-07,19.476,-155.6008,O,,0.0334,0.0212,0.0149,0.0076,0.0081,-0.01,-0.0048,0.0026,0.012,0.0028,0.0145,0.0125,0.0128,0.0144,0.0147,0.0134,0.0114,-0.0048,-0.0089,0.0239,0.0049,-0.0008,0.001,0.0073,0.0073,-0.0132,-0.0175,-0.0114,-0.0224
2001-02-07,19.476,-155.6008,S,0.1017,-0.0232,-0.0286,-0.0305,-0.0315,-0.0312,-0.0273,-0.0297,-0.054,-0.0372,-0.0096,0.0004,0.041,0.0847,0.1256,0.1403,0.1517,0.1029,0.0552,0.0168,-0.0049,-0.0193,-0.032,-0.0363,-0.0426,-0.0454,-0.0454,-0.0473,-0.0502,-0.0521
2001-02-07,19.476,-155.6008,SE,,-0.0534,-0.0612,-0.0657,-0.0645,-0.059,-0.0497,-0.0293,0.0024,0.0302,0.0576,0.1028,0.1465,0.1716,0.1526,0.0806,0.0403,0.0259,0.0088,-0.0033,-0.0208,-0.0291,-0.038,-0.046,-0.0492,-0.0537,-0.0584,-0.0642,-0.0648,-0.0715
2001-02-07,19.476,-155.6008,SO,,0.011,0.0064,-0.0028,0.011,0.0593,0.0758,0.082,0.083,0.0728,0.0849,0.007,0.0122,0.0041,0.0071,0.0092,-0.002,-0.001,-0.0067,-0.0067,0.0056,0.0161,0.0299,-0.0102,-0.012,-0.0331,-0.0329,-0.0358,-0.0416,-0.0495
2001-03-11,19.4747,-155.6029,E,,0.0386,0.0331,0.0381,0.0065,-0.0042,-0.0124,-0.0057,-0.0059,-0.0036,-0.0017,0.0027,0.0214,0.0459,0.05,0.0339,0.021,0.0303,0.0322,0.0047,-0.0019,-0.013,-0.0234,-0.037,-0.0561,-0.0591,-0.0675,-0.0732,-0.0676,-0.0643
2001-03-11,19.4747,-155.6029,N,,0.0514,0.0414,0.0323,0.0163,-0.0003,-0.0197,0.0301,0.0237,0.0178,0.0131,0.0084,0.0005,-0.0101,-0.0177,-0.0057,-0.0102,-0.0132,-0.0101,-0.0149,-0.0121,-0.01,-0.0027,-0.002,-0.0005,0.002,0.0108,0.0136,0.0236,0.0182
2001-03-11,19.4747,-155.6029,NE,0.0816,0.0768,-0.0086,-0.0174,-0.0324,-0.0572,-0.0763,-0.084,-0.0829,0.0396,0.0294,0.031,0.033,0.0313,0.0253,0.0363,0.0406,0.0386,0.0372,0.0358,0.0196,-0.0027,0.0,-0.0095,0.001,-0.0048,-0.0038,-0.0068,0.0279,-0.0292
2001-03-11,19.4747,-155.6029,NO,0.0423,0.0196,0.0126,0.0227,0.0138,0.026,0.0138,0.0122,0.0086,-0.0015,0.0081,0.0038,0.0037,0.0013,0.0016,-0.0003,-0.0067,-0.0118,-0.0097,-0.0066,0.0043,-0.0011,-0.0012,0.0077,0.0021,0.0022,-0.0026,-0.0054,-0.0052,-0.0007
2001-03-11,19.4747,-155.6029,O,,0.1195,0.0608,0.1209,0.1101,0.1012,0.0969,0.1012,0.0868,0.0761,0.0785,0.0762,0.0686,0.0664,0.042,0.032,0.0182,0.0215,0.0198,0.0177,0.0271,-0.0004,0.0011,-0.001,-0.0055,-0.0315,-0.0301,-0.0346,-0.0288,-0.0399
2001-03-11,19.4747,-155.6029,S,,0.2102,0.2056,0.2015,0.1915,0.1975,0.2015,0.1988,0.2021,0.1788,0.1383,0.0775,0.0366,0.0175,-0.0059,-0.0221,-0.0333,-0.0448,-0.0334,-0.0404,-0.0386,-0.0394,-0.0511,-0.0522,-0.0545,-0.036,-0.0335,-0.0387,-0.0466,-0.0541
2001-03-11,19.4747,-155.6029,SE,0.1557,0.1581,0.1384,0.1323,0.1446,0.144,0.1536,0.1739,0.19,0.2146,0.2202,0.1798,0.1357,0.0487,0.0169,0.0046,-0.0142,-0.0189,-0.0228,-0.0267,-0.029,-0.0326,-0.0353,-0.0384,-0.0412,-0.0447,-0.047,-0.0502,-0.0529,-0.0553
2001-03-11,19.4747,-155.6029,SO,0.014,-0.0008,-0.0003,0.014,0.0275,0.0152,0.0023,0.0138,0.015,0.029,0.0486,0.0343,0.1116,0.0982,0.0757,0.0745,0.0731,0.0485,0.0281,0.032,0.0088,-0.0023,-0.0131,-0.0159,-0.026,-0.03,-0.0465,-0.0614,-0.0649,-0.0744
2001-11-22,19.4773,-155.6,E,,0.0572,0.0545,0.0593,0.0583,0.074,-0.0033,-0.0099,0.0307,0.0111,0.117,0.1284,0.1198,0.108,0.0928,0.0617,0.0489,0.0375,0.0107,-0.0078,-0.0232,-0.0274,-0.0318,-0.0451,-0.0479,-0.0562,-0.0663,-0.0716,-0.0771,-0.0805
2001-11-22,19.4773,-155.6,N,0.1108,0.0939,0.0762,0.0584,0.0692,0.0649,0.0597,0.0176,0.0037,0.0037,0.0014,-0.001,-0.0024,0.0319,0.0363,0.0377,0.04,0.0372,0.0255,0.0255,0.0228,-0.0092,-0.0075,-0.0125,-0.0152,-0.0122,-0.0127,-0.0129,-0.0156,-0.02
2001-11-22,19.4773,-155.6,NE,,0.0898,0.0784,0.0718,0.0756,0.0744,0.0706,0.0578,0.0502,0.0402,0.0403,0.0343,0.0137,0.0293,0.0428,0.053,-0.0012,0.0253,0.0331,0.0269,0.0201,0.0102,-0.0153,-0.0046,-0.0146,-0.0145,-0.0166,-0.0367,-0.0409,-0.0362
2001-11-22,19.4773,-155.6,NO,,0.1123,0.0907,0.0756,0.0679,0.0604,0.0475,0.0166,0.0062,0.0018,0.0026,0.0093,0.0108,0.0122,0.01,0.0072,0.0084,0.0084,0.0086,0.0148,0.0233,0.0168,0.013,0.0149,0.0146,0.0072,-0.0102,-0.019,-0.019,-0.0246
2001-11-22,19.4773,-155.6,O,,,0.0576,0.0476,0.0443,0.0595,0.0519,0.0337,0.0212,0.0232,0.0231,-0.0096,-0.0198,0.0089,0.0167,0.0065,0.0148,-0.0025,0.0078,0.0081,0.0005,0.0044,0.0033,0.0005,-0.0084,-0.0118,-0.0142,-0.0228,-0.0186,-0.0106
2001-11-22,19.4773,-155.6,S,0.1076,0.0806,0.0854,0.0842,-0.0412,-0.039,-0.0334,-0.0279,-0.0158,0.0029,-0.0037,0.0196,0.0572,0.1093,0.1003,0.0931,0.0918,0.1176,0.0958,0.0823,0.0555,0.0272,-0.0244,-0.0355,-0.043,-0.0564,-0.0651,-0.0663,-0.0713,-0.0657
2001-11-22,19.4773,-155.6,SE,,0.1975,0.181,0.149,0.1143,0.1094,0.1054,0.1304,0.1791,0.178,0.1641,0.1327,0.0728,0.0508,0.033,0.0053,-0.0064,-0.023,-0.029,-0.035,-0.038,-0.0418,-0.0431,-0.047,-0.0487,-0.0529,-0.0546,-0.0562,-0.0595,-0.0559
2001-11-22,19.4773,-155.6,SO,,0.0898,0.0892,0.0916,0.0864,0.0282,-0.0292,-0.0283,-0.0345,-0.0117,0.0085,0.0135,0.0267,0.0465,0.0365,0.0145,0.0078,0.0126,0.0155,0.0123,0.0112,0.0136,0.0026,-0.0009,0.0009,-0.0044,-0.0232,0.0033,-0.0063,-0.0198
2002-01-09,19.4782,-155.6034,E,0.3439,0.2708,0.0898,0.0324,0.0018,0.0097,0.0091,0.0007,-0.002,0.0019,-0.0037,0.0027,-0.0016,-0.0111,-0.0135,-0.0088,-0.0085,-0.0044,-0.0041,-1e-04,-0.0081,-0.0003,-0.0096,-0.0094,-0.0075,-0.0074,-0.0061,-0.011,-0.0167,-0.0189
2002-01-09,19.4782,-155.6034,N,,0.0683,0.0576,0.0968,0.1342,0.135,0.1098,0.0972,0.1265,0.1668,0.1417,0.17,0.1685,0.1667,0.1621,0.1525,0.1244,-0.0525,-0.072,-0.0644,-0.0685,-0.0673,-0.0673,-0.0709,-0.077,-0.0764,-0.0718,-0.0672,-0.0592,-0.0589
2002-01-09,19.4782,-155.6034,NE,,0.1291,0.1546,0.15,0.1264,0.066,0.0928,0.0223,0.086,0.0719,0.0525,-0.0196,0.0203,0.0364,0.0333,0.0562,0.0282,0.0381,0.0236,0.0139,-0.0257,-0.0368,-0.0578,-0.0209,-0.0664,-0.0666,-0.0663,-0.1002,-0.0952,-0.0394
2002-01-09,19.4782,-155.6034,NO,0.711,0.3637,0.2715,0.1606,0.103,0.0426,0.032,0.0408,0.0424,0.0433,0.0526,0.0846,0.115,0.1172,0.1233,0.1069,0.1169,0.0753,-0.0912,-0.1087,-0.1106,-0.0903,-0.0666,-0.0754,-0.0655,-0.0546,-0.0624,-0.0502,-0.0437,-0.0218
2002-01-09,19.4782,-155.6034,O,,0.1165,0.1129,0.088,0.0843,0.0593,0.0504,0.0414,0.0268,0.037,0.0296,0.0302,0.0349,0.039,0.0366,0.0414,0.0561,0.0593,0.0509,0.0418,0.0428,0.0408,0.0346,0.0307,0.0181,0.0075,-0.01,-0.0708,-0.0728,-0.1428
2002-01-09,19.4782,-155.6034,S,,0.3278,0.2488,0.2938,0.2045,0.1216,0.0983,0.0099,0.008,0.0056,0.0039,0.0013,-0.0019,-0.004,-0.0055,-0.006,-0.0071,-0.005,-0.0026,-0.0026,-0.0045,-0.006,-0.0048,-0.0031,-0.0019,-0.0019,-0.0019,0.0079,0.0094,0.0075
2002-01-09,19.4782,-155.6034,SE,0.3384,0.1553,0.0893,0.002,-0.0039,-0.0128,-0.0123,-0.0151,-0.0158,-0.018,-0.0194,-0.0206,-0.0218,-0.0231,-0.0243,-0.0241,-0.0231,-0.014,-0.0027,0.0087,0.0064,0.0115,0.0109,0.0065,-0.0022,0.0039,-0.0094,-0.0146,-0.0169,-0.0172
2002-01-09,19.4782,-155.6034,SO,0.2139,0.1716,0.2187,0.2292,0.2967,0.272,0.2815,0.2164,0.1596,0.0992,0.0961,0.0385,0.0672,-0.0023,-0.0417,-0.042,-0.042,-0.051,-0.056,-0.0694,-0.0617,-0.0713,-0.0729,-0.0683,-0.0618,-0.0584,-0.0598,-0.0228,-0.0146,-0.0391
2002-02-10,19.476,-155.6008,E,,0.1367,0.1252,0.1129,0.105,0.099,-0.0577,-0.0717,-0.0837,-0.0884,-0.0314,0.0428,0.1027,0.1473,0.113,0.1003,0.0562,0.022,0.0144,-0.009,-0.0227,-0.0382,-0.0546,-0.054,-0.0697,-0.0734,-0.0753,-0.076,-0.086,-0.09
2002-02-10,19.476,-155.6008,N,0.1885,0.1959,0.191,0.1874,0.0081,-0.0174,-0.0341,-0.0509,-0.0558,-0.0892,-0.0818,-0.0744,-0.0646,-0.0631,-0.064,-0.0483,-0.0367,-0.0374,-0.024,-0.0059,0.025,0.1425,0.1387,-0.0075,-0.0363,-0.0422,-0.0469,-0.0307,-0.0455,-0.0341
2002-02-10,19.476,-155.6008,NE,,0.2252,0.2149,0.2116,0.0542,0.0442,0.0295,0.024,0.0112,0.0043,-0.0057,-0.0134,-0.0126,-0.0126,-0.0059,0.0076,-0.0094,0.0006,-0.0006,0.001,0.0018,-0.0124,-0.006,-0.0127,-0.0126,-0.0142,-0.0094,-0.0139,-0.0297,-0.0333
2002-02-10,19.476,-155.6008,NO,,0.2079,0.2008,0.1966,0.1938,0.1847,0.0028,-0.0173,-0.0313,-0.0395,-0.0255,-0.0122,-0.0206,-0.0205,-0.0247,-0.0096,0.0075,0.1887,0.1887,0.172,-0.0019,-0.0097,-0.0344,-0.0472,-0.0541,-0.0706,-0.0724,-0.0848,-0.0789,-0.0731
2002-02-10,19.476,-155.6008,O,,0.1803,0.131,-0.0603,-0.0342,-0.0534,-0.0376,-0.0602,-0.0354,-0.0101,0.1555,0.1663,0.1354,0.075,0.0426,0.0376,0.0343,0.0361,0.0191,0.0027,-0.0308,-0.0527,-0.0701,-0.0737,-0.0635,-0.0525,-0.0478,-0.0477,-0.0435,-0.0052
2002-02-10,19.476,-155.6008,S,0.1672,0.0694,0.0575,0.047,0.035,0.0373,0.0412,0.0362,-0.0048,-0.0422,-0.0301,0.0224,0.075,0.1258,0.1596,0.1799,0.1991,0.1235,0.0509,-1e-04,-0.0132,-0.0229,-0.0303,-0.0386,-0.0505,-0.056,-0.056,-0.0579,-0.0652,-0.0671
2002-02-10,19.476,-155.6008,SE,,0.091,0.0743,-0.0111,-0.0396,-0.0695,-0.0802,-0.0723,-0.045,-0.0011,0.1078,0.172,0.2453,0.2798,0.1839,0.0705,0.0322,0.0109,-0.0066,-0.0194,-0.0328,-0.0428,-0.0495,-0.0579,-0.0645,-0.0696,-0.0746,-0.0829,-0.0854,-0.093
2002-02-10,19.476,-155.6008,SO,,0.1147,0.1039,0.0593,0.0296,0.1158,0.1536,0.1652,0.1687,0.1629,0.1591,0.1029,0.1107,0.0903,0.0237,-0.0064,-0.0172,-0.0383,-0.0634,-0.0834,-0.087,-0.0501,0.0307,-0.0426,-0.0569,-0.0659,-0.0721,-0.0631,-0.0718,-0.0649
2002-09-22,19.4757,-155.6009,E,0.1302,0.1338,0.1281,0.0284,0.1187,0.1056,0.1078,0.0968,-0.0136,-0.0178,-0.0387,-0.0117,0.046,0.0268,0.0781,0.1023,0.0867,0.0545,0.035,0.0369,0.0182,-0.0008,-0.0159,-0.0446,-0.0407,-0.05,-0.0562,-0.0569,-0.0644,-0.0827
2002-09-22,19.4757,-155.6009,N,0.0655,0.0451,0.036,0.0377,0.0319,0.0198,-0.0076,-0.0124,-0.0208,-0.0264,-0.0307,-0.0156,-0.0064,-0.0076,-0.014,0.0019,0.0028,0.0153,0.0325,0.0444,0.0459,0.0315,0.0276,0.0095,0.0095,-0.0062,-0.0139,-0.0115,-0.0159,-0.011
2002-09-22,19.4757,-155.6009,NE,,0.1392,0.0965,0.0554,0.0839,0.076,0.0727,0.0918,0.0947,0.094,0.0939,0.087,0.0734,0.0499,0.029,0.0158,0.0215,0.026,0.0154,0.0606,0.0512,0.0526,0.0451,0.0511,0.0526,0.0425,-0.0183,-0.0258,-0.0548,-0.0568
2002-09-22,19.4757,-155.6009,NO,,0.0664,0.0476,0.0413,0.0423,0.026,0.0068,-0.0057,-0.0104,0.0002,0.0029,-0.0066,0.0,-0.0294,-0.0123,-0.0051,0.013,0.0319,0.0418,0.0475,0.0344,0.0323,0.0128,-0.0042,-0.0185,-0.0212,-0.0152,-0.0163,-0.0166,-0.0035
2002-09-22,19.4757,-155.6009,O,,0.101,0.0817,0.0954,0.0909,0.0621,0.0474,0.0627,0.0708,0.0865,0.0958,0.0772,0.076,0.0791,0.0676,0.0527,0.0542,0.0355,-0.0235,0.0003,-0.0425,-0.0482,-0.0465,-0.0276,-0.0402,-0.0906,-0.0939,0.0314,-0.0957,-0.0754
2002-09-22,19.4757,-155.6009,S,,0.053,0.0715,0.0697,0.0784,0.0549,0.067,-0.0068,-0.0016,0.0054,0.0151,0.0029,0.0406,0.0849,0.1118,0.1533,0.1496,0.1365,0.0507,0.0114,-0.0206,-0.0443,-0.0529,-0.0599,-0.0651,-0.0703,-0.0686,-0.0738,-0.079,-0.0807
2002-09-22,19.4757,-155.6009,SE,,0.051,0.0456,0.0414,0.0403,0.0426,0.044,0.0634,0.0622,0.0341,0.0218,0.0548,0.1007,0.1455,0.1626,0.1212,0.1017,0.0708,0.0408,0.0024,-0.029,-0.0538,-0.0614,-0.069,-0.0781,-0.0816,-0.0889,-0.0949,-0.0995,-0.101
2002-09-22,19.4757,-155.6009,SO,0.2645,0.0784,0.0829,0.1408,0.1917,0.2033,0.2302,0.2347,0.2278,0.2052,0.1832,0.1243,0.0702,0.0275,0.0236,0.0192,0.0151,-0.0072,0.0129,-0.0136,0.0323,-0.0129,0.0161,-0.0082,1e-04,-0.0222,-0.0272,-0.0568,-0.0573,-0.0736
2005-01-17,19.479,-155.602,E,0.3119,0.177,0.0846,0.0149,0.0032,0.0114,-0.0038,0.0006,-0.0024,-0.0024,-0.0033,-0.0024,-0.0017,-0.0011,0.0033,0.0077,0.0048,0.006,0.0051,0.001,-0.0012,-1e-04,0.0043,0.0039,0.0008,-0.0073,0.0013,0.0018,,
2005-01-17,19.479,-155.602,N,0.1574,0.0741,0.0963,0.07,0.0633,0.0462,0.0235,0.0436,0.0324,0.0103,0.005,-0.0075,-0.0002,-0.0009,-0.0002,-0.0055,-0.0042,-0.0029,-0.0042,-0.0081,-0.0186,-0.0094,-0.0081,-0.0036,-0.0042,-0.0042,-0.0055,-0.0029,0.0025,0.0102
2005-01-17,19.479,-155.602,NE,,0.1823,0.2474,0.1657,0.1313,0.1372,0.0876,0.1151,0.0608,0.0203,0.0594,-0.0085,0.0175,-0.0081,0.0075,-0.0315,-0.025,-0.0477,-0.0349,-0.0404,-0.0253,-0.0265,-0.0126,-0.0309,-0.0127,-0.0113,-0.0204,-0.0188,-0.0274,-0.0337
2005-01-17,19.479,-155.602,NO,,,,,,,,,,,,,0.0273,-0.0117,-0.02,-0.0216,-0.0213,-0.0351,-0.0323,-0.0345,-0.0311,-0.0205,-0.0186,-0.0239,-0.0116,-0.0069,0.0178,0.0287,0.0417,0.0357
2005-01-17,19.479,-155.602,O,0.3875,,,,,,,,,,-0.0464,-0.015,0.0152,0.0119,0.0207,0.0177,0.0288,0.0357,0.0596,0.0901,0.063,0.0279,0.0027,-0.0233,-0.0202,-0.0484,-0.0405,-0.0334,-0.0264,-0.0245
2005-01-17,19.479,-155.602,S,,,0.1757,0.1127,0.0551,0.0274,0.0197,0.0122,0.0046,0.0002,-0.0036,-0.0013,-0.0008,0.0015,0.0017,-0.0021,-0.0017,-0.0014,-0.0012,-0.0014,-0.0009,-0.0008,-0.0009,-0.0005,-0.0005,0.0,-0.0,-0.0013,0.0007,0.001
2005-01-17,19.479,-155.602,SE,,0.2079,0.0796,0.0209,0.019,0.0091,0.0054,0.0053,0.0013,-0.0043,-0.006,-0.0019,-0.0015,-0.0014,-0.0016,-0.0051,-0.001,-0.0007,0.0032,0.0034,0.0033,0.0037,0.0,0.0019,1e-04,-0.0038,0.0003,-0.0014,0.0006,0.0009
2005-01-17,19.479,-155.602,SO,,,,,,,,,,-0.0355,-0.0376,-0.0232,-0.0349,0.009,0.0216,1e-04,-0.002,-0.0004,-0.0093,-0.0194,-0.0178,-0.0268,-0.0274,-0.0302,-0.0315,-0.033,-0.0314,-0.0306,-0.0323,-0.0287
2006-11-20,19.476,-155.6006,E,0.0962,0.086,0.0743,0.081,0.083,0.0683,0.0686,-0.0246,-0.0317,-0.0055,-0.0085,0.0158,0.0472,0.1772,0.1858,,,,,,,,,-0.004,-0.0139,-0.0309,-0.0354,-0.0316,-0.0282,-0.0443
2006-11-20,19.476,-155.6006,N,0.0325,0.0217,0.0193,0.0091,-0.0005,-0.02,-0.0289,-0.0127,-0.0296,-0.02,-0.0381,-0.0199,-0.0244,-0.0263,-0.011,-0.0066,-0.0008,0.0253,0.0355,0.0378,0.0367,0.0369,0.0288,0.024,0.0059,0.0025,-0.001,-0.0093,-0.0143,-0.0092
2006-11-20,19.476,-155.6006,NE,,0.0399,0.0292,0.043,0.0271,0.0378,0.0401,0.043,0.0433,0.0408,0.046,0.0168,0.0149,-0.005,-0.0274,-0.0042,0.0009,-0.0056,0.0389,0.0358,0.0255,0.05,0.0665,0.0632,0.135,0.0219,-0.032,-0.0286,-0.051,-0.0859
2006-11-20,19.476,-155.6006,NO,,0.0123,0.0019,0.0043,0.0064,-0.0078,-0.0275,-0.0368,-0.0341,-0.0212,-0.011,-0.0053,-0.0064,-0.0106,0.0173,0.0208,0.0505,0.0517,0.0369,0.0313,0.0217,0.0182,-0.0232,-0.023,-0.0191,-0.0162,-0.01,-0.0064,-0.0101,-0.0096
2006-11-20,19.476,-155.6006,O,,0.1261,0.105,0.099,0.0984,0.0825,0.0783,0.0691,0.0776,0.0751,0.0813,,,,,,,,,0.0321,-0.0087,0.0227,-0.0005,0.0062,0.016,0.0239,0.009,0.0022,-0.0193,0.0141
2006-11-20,19.476,-155.6006,S,,0.1656,0.0184,0.0198,0.0184,0.0107,0.0212,0.0178,-0.0066,-0.0177,-0.0153,0.0021,-0.0035,0.0066,0.0507,0.1466,0.1308,0.1358,0.1008,0.0233,-1e-04,-0.0273,-0.0399,-0.0541,-0.0622,-0.0621,-0.0703,-0.069,-0.0764,-0.0798
2006-11-20,19.476,-155.6006,SE,,0.1707,0.0251,0.005,-0.008,-0.0139,-0.0162,-0.0092,-0.0008,0.0034,0.0253,0.077,0.1277,0.1503,0.1242,0.0607,0.0166,-0.0132,-0.0183,-0.0475,-0.0743,-0.0865,-0.0925,-0.0979,-0.1039,-0.1081,-0.1117,-0.1153,-0.1207,-0.1225
2006-11-20,19.476,-155.6006,SO,0.2253,0.2104,0.0606,0.0523,0.0852,0.1397,0.1449,0.1732,0.1663,0.1579,0.048,0.0366,0.0221,0.0214,0.0072,-0.0004,0.0119,0.0639,0.1182,,0.0666,-0.0595,-0.0579,-0.0524,-0.049,-0.0717,-0.0485,-0.055,-0.0412,-0.0423
2006-12-22,19.4739,-155.6029,E,,,,,,,,,,,-0.0579,-0.0415,-0.0234,-0.0108,0.0012,0.021,0.071,0.0556,0.0202,0.0063,0.0071,-0.0172,-0.0315,-0.0467,-0.0633,-0.0738,-0.0835,-0.0865,-0.092,-0.0976
2006-12-22,19.4739,-155.6029,N,,0.0126,0.0205,0.0216,0.0158,-0.0021,-0.0309,0.0109,0.0144,0.0068,0.0134,0.0206,0.0033,-0.0129,-0.0205,-0.025,-0.019,-0.0033,0.0275,0.0353,0.0476,0.0476,0.0325,0.021,0.0122,-0.0078,-0.0084,-0.0084,-0.0066,-0.0573
2006-12-22,19.4739,-155.6029,NE,0.0433,0.0339,,,,,,,,,,-0.0883,-0.0838,0.0369,0.0358,0.0327,0.0257,0.031,0.0341,0.0293,0.0294,0.0263,-0.0124,-0.0134,-0.0158,-0.0089,-0.0133,-0.009,0.0268,0.0204
2006-12-22,19.4739,-155.6029,NO,0.02,0.003,0.0062,0.0026,0.0023,0.0021,-0.0097,-0.0181,-0.0165,-0.0017,0.0073,-0.0021,0.0003,-0.003,-0.0052,-0.0082,-0.0,0.0059,0.0089,-0.001,-0.0066,-0.0084,0.0005,0.0089,-0.0009,-0.0088,-0.0092,0.0009,0.0023,0.0071
2006-12-22,19.4739,-155.6029,O,,0.1166,0.1043,0.0935,0.0933,0.0847,0.0729,0.0705,0.0736,0.0697,0.0697,0.052,0.0066,0.0065,0.0102,0.001,0.0159,0.0159,-0.0064,-0.0029,0.0038,0.0025,-0.0429,-0.0079,-0.0149,,,,,
2006-12-22,19.4739,-155.6029,S,,0.1209,0.1094,0.1121,0.0832,0.0802,0.0825,0.0931,0.1212,0.1727,0.1601,0.0855,0.0312,0.0016,0.0117,-0.0037,-0.0107,-0.0023,-0.0019,-0.0113,-0.0158,-0.018,-0.046,-0.0511,-0.0534,-0.0524,-0.0507,-0.0624,-0.0679,-0.0708
2006-12-22,19.4739,-155.6029,SE,0.3536,0.3527,,,,,,,,,,,0.3071,,0.2099,0.1456,0.0545,0.0091,-0.0269,-0.0307,-0.025,-0.0202,-0.0154,-0.0096,-0.0058,-0.0039,-0.0,0.0038,0.0072,0.011
2006-12-22,19.4739,-155.6029,SO,0.1713,0.0722,0.0694,0.0625,0.0579,0.0369,0.0353,0.028,0.0108,0.0261,0.0327,0.0196,0.0629,0.0798,0.067,0.0341,0.0492,0.0264,0.0164,0.0024,-0.0138,-0.0094,-0.0218,-0.0269,-0.0344,-0.0394,-0.0621,-0.0617,-0.0548,-0.105
2007-10-22,19.473,-155.5998,E,,0.0671,,0.0558,,0.0329,,,0.0351,,0.0355,,0.0389,0.0296,0.0281,0.0286,0.0345,0.0479,0.0418,-0.0042,-0.0273,0.031,,,,,,,,
2007-10-22,19.4745,-155.6003,E,,,,,,,,,,0.0213,,,,,,,,,,,,,,,,,,,,
2007-10-22,19.476,-155.6008,E,,,0.0632,,0.0179,,0.05,0.0334,,,,0.032,,,,,,,,,,,0.0155,0.0027,-0.0063,-0.0144,-0.0147,-0.0173,-0.0277,-0.0289
2007-10-22,19.473,-155.5998,N,,,0.016,,,,,,,,,,,,,,,,,,,,,,,,,,,-0.0151
2007-10-22,19.4745,-155.6003,N,0.0304,0.0372,,0.0246,0.0164,,0.0142,0.0076,0.0046,,,,,,,,,,,,,,,,,,,,,
2007-10-22,19.476,-155.6008,N,,,,,,0.0057,,,,0.0037,-0.0102,0.0086,0.0006,0.0005,0.0005,0.0008,0.0056,0.003,0.0089,0.0197,0.0214,0.0144,0.0133,0.0105,0.0031,-0.0081,-0.0052,-0.0097,-0.0131,
2007-10-22,19.473,-155.5998,NE,,,0.0586,,0.0202,,,,0.0332,,0.041,0.0015,,-0.0065,-0.0003,0.0049,0.0077,-0.0054,0.0049,0.0306,0.0306,0.0183,0.0134,0.0174,0.0103,0.006,0.001,,,
2007-10-22,19.4745,-155.6003,NE,,,,,,0.0493,0.0398,,,,,,,,,,,,,,,,,,,,,,,
2007-10-22,19.476,-155.6008,NE,,0.0556,,0.0355,,,,0.041,,0.0504,,,0.0165,,,,,,,,,,,,,,,-0.0057,-0.0195,-0.0234
2007-10-22,19.473,-155.5998,NO,,,,,,,,,,,,,,,,,,,,0.0012,0.0046,-0.0009,1e-04,0.0002,0.0063,-0.0022,-0.0016,-0.0075,-0.008,-0.0066
2007-10-22,19.4745,-155.6003,NO,,,0.0166,,,,,,,,,,,,,,,-0.0014,0.0092,,,,,,,,,,,
2007-10-22,19.476,-155.6008,NO,,0.0343,,0.0283,0.0371,0.0245,0.0187,-0.0017,-0.0075,0.0045,0.0109,0.0112,0.0113,-0.0051,-0.0152,-0.0123,0.0003,,,,,,,,,,,,,
2007-10-22,19.473,-155.5998,O,0.0457,,,,,,,,,,,0.0358,0.0321,0.0352,0.0433,0.0145,0.0216,0.0377,0.0129,0.0066,-0.0058,-0.0109,-0.0017,-0.0,0.0159,0.0193,0.002,-0.0123,,
2007-10-22,19.4745,-155.6003,O,,,,,,,,,,,,,,,,,,,,,,,,,,,,,,-0.003
2007-10-22,19.476,-155.6008,O,,0.0689,0.0513,0.0414,0.044,0.033,0.0025,-0.0012,0.0278,0.0356,0.0321,,,,,,,,,,,,,,,,,,-0.0064,
2007-10-22,19.473,-155.5998,S,,0.1255,,,,,,,,,,,,,,,,,,,,,,,,,,,,
2007-10-22,19.4745,-155.6003,S,0.151,,0.0651,0.0541,,,,,,,,,,,,,,,,,,,,,,,,,,
2007-10-22,19.476,-155.6008,S,,,,,0.0083,0.0247,0.0438,0.0145,-0.0272,-0.0069,0.0145,0.0547,0.0129,0.0435,0.0637,0.0903,0.1536,0.1118,0.0438,0.0373,0.041,0.037,-0.0155,-0.0352,-0.0406,-0.0557,-0.055,-0.0546,-0.065,-0.0697
2007-10-22,19.473,-155.5998,SE,,,0.1203,,0.088,,0.0462,,,,,0.0645,,0.0143,,-0.0271,-0.0298,-0.0285,-0.0231,-0.0326,-0.0314,0.0065,0.0183,0.0198,-0.0201,-0.0245,-0.0254,-0.0312,-0.0347,-0.0387
2007-10-22,19.4745,-155.6003,SE,,0.0628,,,,,,0.0212,0.0247,0.0029,,,,,,,,,,,,,,,,,,,,
2007-10-22,19.476,-155.6008,SE,,,,-0.0281,,-0.024,,,,,0.0295,,0.1055,,0.1002,,,,,,,,,,,,,,,
2007-10-22,19.473,-155.5998,SO,,,,,,,,,,,,,,0.0801,0.0412,0.0413,0.0071,-0.0167,-0.0082,0.0104,0.0057,-0.0124,-0.0154,-0.0188,-0.0071,-0.0026,0.0057,-0.0207,-0.026,-0.0287
2007-10-22,19.476,-155.6008,SO,,-0.0193,-0.0245,-0.0301,0.0002,0.0535,0.0712,0.0963,0.1063,0.1014,0.106,0.0512,0.0127,,,,,,,,,,,,,,,,,
2007-11-23,19.4736,-155.6021,E,0.1185,0.0966,0.0943,0.0963,0.0957,0.0329,0.0267,0.0097,-0.0164,-0.0218,-0.0237,-0.0252,-0.0215,-0.0127,-0.0091,0.0021,0.0196,0.0755,0.0958,0.0446,,,,,,,-0.0338,-0.0383,-0.0501,-0.0598
2007-11-23,19.4736,-155.6021,N,,0.0296,0.0031,-0.0107,0.0301,0.0164,0.0144,0.0204,0.0116,-0.0012,-0.0072,-0.0081,-0.0099,-0.008,-0.0076,0.0003,0.0003,-0.0015,0.0058,0.0107,0.0065,0.0099,0.0042,0.0054,0.0063,-0.0318,-0.0154,-0.0343,-0.0121,-0.0032
2007-11-23,19.4736,-155.6021,NE,,0.0281,-0.0003,-0.0115,-0.0161,-0.0026,0.0206,0.0216,0.0169,0.0173,0.0173,0.0079,-0.0069,-0.0067,-0.0088,-0.0032,0.0061,0.0086,-0.0011,-0.0185,-0.017,-0.0123,-0.0141,-0.0109,0.0241,0.0226,0.036,0.0273,-0.0102,0.013
2007-11-23,19.4736,-155.6021,NO,0.036,0.0161,0.0052,0.0033,0.006,0.0155,0.0071,0.012,0.0037,-0.0019,-0.0041,-0.0002,-0.0084,0.0065,0.0201,0.0504,0.076,0.0557,0.0102,-0.0442,-0.0403,-0.0334,0.0019,0.011,-0.0041,0.003,0.0055,0.0086,0.0068,0.0108
2007-11-23,19.4736,-155.6021,O,,0.1141,0.0996,0.1079,0.0946,0.08,,,,,,,,,,-0.0376,0.0452,0.0094,0.0137,0.0137,0.0073,-0.0205,-0.0197,-0.0088,-0.0003,0.0019,-0.0132,-0.0063,-0.0191,-0.0149
2007-11-23,19.4736,-155.6021,S,0.1147,0.1018,0.1112,0.1161,0.0302,0.0394,0.0393,-0.0065,-0.0053,0.0074,0.0245,0.0834,0.1333,0.16,0.0977,0.0403,0.0162,-0.0051,-0.0294,-0.0278,-0.041,-0.0445,-0.0394,-0.0432,-0.0442,-0.0538,-0.0563,-0.0587,-0.0492,-0.0666
2007-11-23,19.4736,-155.6021,SE,,0.1005,0.0905,0.0994,0.0017,-0.0007,-0.008,-0.0079,-0.0215,-0.0142,-0.0045,0.0203,0.059,0.0838,0.1199,0.1033,0.0964,0.0529,0.0089,-0.0192,-0.0263,-0.0301,-0.0367,-0.0399,-0.0455,-0.051,-0.0543,-0.0597,-0.0619,-0.0652
2007-11-23,19.4736,-155.6021,SO,,0.1466,0.1406,0.135,0.133,0.1194,0.0568,0.0607,0.0076,0.0272,0.0375,,,,,,0.0183,0.0176,0.0086,-0.0012,0.0099,0.0247,0.0272,0.0214,0.0014,-0.0152,-0.0114,-0.0216,-0.0166,-0.0167
2009-08-08,19.476,-155.6006,E,0.1231,0.1196,0.1184,0.1184,0.1137,0.1161,0.1176,-0.0053,-0.0116,-0.0116,-0.0198,-0.0797,-0.071,-0.0378,-0.0089,0.0013,0.0309,0.0031,-0.0074,-0.0195,-0.041,,,,,,-0.034,-0.0214,-0.0271,-0.0348
2009-08-08,19.476,-155.6006,N,-0.0055,-0.0102,-0.0048,-0.0161,-0.0396,-0.0634,-0.0765,-0.0478,-0.087,-0.0805,-0.0703,-0.0604,-0.0606,-0.0437,-0.0199,-0.012,-0.0062,0.0313,0.0494,0.0597,0.057,0.0506,0.0401,0.0427,0.0314,0.0194,0.0007,-0.0123,-0.0111,-0.0031
2009-08-08,19.476,-155.6006,NE,,-0.0413,-0.038,0.0031,-0.0194,-0.0081,0.0021,0.0087,0.0141,0.0212,0.0116,-0.0214,-0.0219,-0.0311,-0.0432,-0.0007,0.0073,0.0081,0.0374,0.0514,0.0639,0.0736,0.0714,0.0581,0.062,0.0136,-0.0008,-0.0285,-0.0016,-0.0431
2009-08-08,19.476,-155.6006,NO,,0.0222,0.0074,0.0035,0.0025,-0.0049,-0.0195,-0.0368,-0.0417,-0.0415,-0.0342,-0.0091,-0.0034,-0.0049,0.0008,0.0105,0.0305,0.036,0.0233,0.0585,0.0846,0.0553,0.0271,0.0119,-0.0004,-0.0028,-0.0015,0.0112,-0.0216,-0.0012
2009-08-08,19.476,-155.6006,O,,0.1055,0.0948,0.0799,0.0752,0.0654,0.0622,,,,,,,,,0.023,0.0362,0.0379,0.0306,0.0416,0.0311,0.0215,0.008,0.0026,0.0061,0.0033,-0.0123,-0.0232,-0.0208,0.0004
2009-08-08,19.476,-155.6006,S,,0.2128,0.0339,0.0306,0.0293,0.0188,0.0253,0.0266,-0.0021,-0.0175,-0.0079,-0.0008,0.0025,0.0081,0.0667,0.1245,0.1537,0.1325,0.0868,0.0296,0.002,-0.0279,-0.037,-0.0448,-0.05,-0.0539,-0.0578,-0.063,-0.0669,-0.0702
2009-08-08,19.476,-155.6006,SE,,0.2529,0.0759,0.0599,0.0563,0.052,0.0494,0.0558,0.0544,0.025,-0.0173,-0.0199,0.0084,0.0518,0.0729,0.0538,0.0538,0.0526,0.0399,0.0118,-0.0025,-0.0318,-0.0585,-0.0643,-0.0681,-0.0739,-0.0768,-0.0796,-0.0888,-0.0888
2009-08-08,19.476,-155.6006,SO,0.2668,0.2612,0.0836,0.0614,0.0823,0.1579,0.1708,0.207,0.2057,0.0431,0.0347,,,,,0.1646,0.1575,0.1437,0.0102,0.0177,-0.0362,-0.0211,-0.0151,-0.0012,0.0239,-0.0009,-0.0133,-0.0277,-0.0363,-0.0396
2009-11-28,19.476,-155.6006,E,0.1207,0.1134,0.0986,0.0856,0.071,0.0729,0.0554,-0.0354,-0.0418,-0.0143,0.0072,0.031,0.0551,0.0939,0.1271,0.0917,,,,,,,,-0.0402,-0.0332,-0.0405,-0.0453,-0.0425,-0.0419,-0.0501
2009-11-28,19.476,-155.6006,N,0.0288,0.0198,0.0179,0.0084,0.0079,-0.0039,-0.0048,0.0089,-0.0147,-0.0147,-0.0154,-0.0109,-0.0113,-0.0149,-0.0061,-0.0052,0.0049,0.0285,0.034,0.034,0.0287,0.0242,0.0214,0.0161,-0.0033,-0.0099,-0.0068,-0.0093,-0.0108,-0.0176
2009-11-28,19.476,-155.6006,NE,,-0.0005,-0.0054,0.018,0.0084,0.018,0.0193,0.0227,0.034,0.0357,0.031,0.0042,-0.0014,-0.0153,-0.0164,-0.0095,-0.0046,-0.0047,0.0281,0.0232,0.0173,0.0234,0.0259,0.0139,0.0139,-0.0091,-0.0211,-0.0187,-0.0375,-0.073
2009-11-28,19.476,-155.6006,NO,,0.0288,0.0171,0.0249,0.0216,0.0157,0.0055,-0.0032,0.0006,0.0089,0.0142,0.0142,0.0135,0.0003,0.0126,0.0167,0.0242,0.0181,0.0077,0.0033,0.0029,-0.0041,-0.0147,-0.0058,-0.0184,-0.0176,-0.0055,-0.0052,-0.0007,-0.001
2009-11-28,19.476,-155.6006,O,,0.0879,0.0771,0.0756,0.073,0.0613,0.0591,0.0602,0.0718,0.0724,,,,,,,,,0.014,0.025,0.0287,0.0217,0.0132,0.0007,0.0139,0.0187,0.004,-0.004,-0.0238,0.0018
2009-11-28,19.476,-155.6006,S,,0.1433,0.0122,0.0015,-0.0119,-0.0389,-0.0392,-0.0383,-0.0442,-0.0397,-0.028,-0.017,0.0028,0.0326,0.0852,0.1522,0.1288,0.1323,0.0731,0.006,-0.0078,-0.0294,-0.0391,-0.046,-0.0504,-0.0495,-0.056,-0.056,-0.0598,-0.0641
2009-11-28,19.476,-155.6006,SE,,0.1556,0.0279,-0.0054,-0.024,-0.0415,-0.0417,-0.0251,-0.0043,0.0138,0.0515,0.1053,0.1425,0.146,0.1038,0.0488,0.0156,-0.0017,-0.0132,-0.0379,-0.0523,-0.0642,-0.0692,-0.0727,-0.0758,-0.0786,-0.0814,-0.0828,-0.0856,-0.0863
2009-11-28,19.476,-155.6006,SO,0.1706,0.1612,0.0301,0.0207,0.0295,0.0903,0.0935,0.0954,0.1045,0.1015,-0.0129,-0.0124,-0.0165,-0.0216,-0.0262,-0.0083,,,0.0819,0.0775,-0.0182,-0.0489,-0.0278,-0.0435,0.0161,-0.0023,-0.0062,-0.0178,-0.0122,-0.0259
2009-12-14,19.4773,-155.6,E,,0.0292,0.0277,0.0237,0.021,0.0329,-0.0129,-0.0191,0.0007,0.0025,0.1082,0.0989,0.0859,0.0852,0.0989,0.0338,-0.0123,-0.0278,,,,,,,-0.063,-0.0561,-0.066,-0.0737,-0.0827,-0.0871
2009-12-14,19.4773,-155.6,N,0.0321,0.021,0.0119,0.0073,0.0203,0.0167,0.0213,-0.0104,-0.0104,-0.0114,-0.009,-0.0053,-0.0045,0.0178,0.0243,0.0259,0.0264,0.0296,0.0158,0.0185,0.017,-0.0013,-0.0013,-0.0029,-0.0036,-0.0095,-0.013,-0.0114,-0.0154,-0.0216
2009-12-14,19.4773,-155.6,NE,,0.04,0.0244,0.0239,0.0144,0.0195,0.0236,0.0163,0.0002,-0.0083,-0.0017,0.0017,-0.0097,-0.0183,0.025,0.0126,-0.0375,0.0252,0.0225,0.0188,0.0271,0.0347,0.0292,0.0264,0.0067,0.015,0.026,-0.0087,-0.0302,-0.0324
2009-12-14,19.4773,-155.6,NO,,0.0255,0.0098,0.0105,0.0112,0.0266,0.0266,0.0082,0.001,-0.0021,0.0042,0.0083,0.0114,0.012,0.0056,0.0041,0.0031,0.0111,0.0133,0.0237,0.0334,0.0281,0.0291,0.0152,0.0294,-0.0041,-0.009,-0.0165,-0.0247,-0.0376
2009-12-14,19.4773,-155.6,O,,,0.0455,0.0432,0.0426,0.0404,0.0345,0.0383,0.0412,,,,,,,,0.0026,-0.0004,0.0036,0.0069,0.0059,0.0046,0.0099,0.0115,0.0069,0.003,-0.0031,-0.0171,-0.0008,0.0018
2009-12-14,19.4773,-155.6,S,0.0784,0.05,0.0478,0.0434,-0.0593,-0.0603,-0.0614,-0.0521,-0.032,-0.0119,-0.0066,0.0194,0.0597,0.1176,0.1068,0.1222,0.1328,0.148,0.1305,0.0783,0.0077,-0.0207,-0.047,-0.0535,-0.0584,-0.0595,-0.0683,-0.0715,-0.0759,-0.083
2009-12-14,19.4773,-155.6,SE,,0.1248,0.1148,0.0705,0.0394,0.0366,0.0412,0.083,0.1413,0.1634,0.1494,0.1061,0.0568,0.0258,0.0135,0.0083,-0.0049,-0.0117,-0.0201,-0.0256,-0.0321,-0.0384,-0.0477,-0.0496,-0.0545,-0.0596,-0.063,-0.0667,-0.0701,-0.0721
2009-12-14,19.4773,-155.6,SO,,0.0996,0.1015,0.1082,0.1137,0.0625,0.0138,0.0191,0.011,0.0276,0.041,0.0426,0.0164,0.0175,,,,0.0563,0.0499,0.0129,0.0177,0.0111,0.0014,-0.0011,-0.0052,0.0077,-0.0192,-0.0057,-0.0197,-0.0305
2009-12-30,19.4781,-155.6043,E,,0.3013,,,,,,,,,,-0.0136,-0.0054,-0.0046,-0.0101,-0.0077,-0.0062,0.0033,0.0141,0.0036,0.0081,0.0061,-0.0047,-0.0137,-0.0134,-0.0111,-0.001,-0.0057,-0.0045,-0.0066
2009-12-30,19.4781,-155.6043,N,,-0.5289,-0.3179,-0.2928,-0.196,-0.1054,-0.0673,-0.0404,-0.0575,-0.0756,-0.0892,-0.0348,0.0186,0.014,0.0307,0.0326,0.0452,0.031,0.0264,0.0205,0.0145,0.0205,0.002,-0.0027,-0.0075,-0.0051,-0.0004,0.009,0.0109,0.0242
2009-12-30,19.4781,-155.6043,NE,0.3011,0.2702,0.2404,,,,,,,,,-0.0255,-0.0282,-0.0421,0.0074,-0.0198,0.0176,0.0058,0.002,-0.0054,-0.0166,-0.0227,-0.0243,-0.0243,-0.0166,-0.0223,-0.0303,-0.0257,-0.0376,-0.0256
2009-12-30,19.4781,-155.6043,NO,-0.9353,-0.6415,-0.4999,-0.2888,-0.1393,-0.1235,-0.0876,-0.0799,-0.0693,-0.0917,-0.0874,-0.0663,-0.0669,-0.0439,0.0167,0.01,0.0262,0.0188,0.0156,0.018,0.033,0.0274,0.028,0.0217,0.0147,0.0167,0.0189,0.0119,0.0026,0.0068
2009-12-30,19.4781,-155.6043,O,,0.0912,0.0764,0.0731,0.0551,0.04,0.011,0.0051,-0.0035,-0.0035,-0.0108,-0.0056,0.003,0.0023,-0.0039,0.0066,-0.0039,-0.0112,-0.0133,-0.0234,-0.0266,-0.0427,0.0755,0.0936,0.0934,,,,,
2009-12-30,19.4781,-155.6043,S,0.3562,0.3586,0.2816,0.2083,0.1321,0.0748,0.0528,0.0205,0.0043,0.0013,-0.0002,-0.0037,-0.0042,0.0026,0.0033,0.0068,0.0081,-0.0028,-0.0037,-0.0044,-0.0054,-0.0067,-0.007,-0.0072,-0.0089,-0.0069,-0.0027,-0.0031,-0.0054,-0.0038
2009-12-30,19.4781,-155.6043,SE,,0.2658,0.2183,,0.0486,,,,,,,,,-0.0346,-0.0319,-0.025,-0.0163,-0.0077,0.0012,-0.0166,-0.0079,-0.0044,-0.01,-0.0178,-0.0112,-0.0133,-0.0106,-0.0092,-0.0074,-0.0043
2009-12-30,19.4781,-155.6043,SO,0.2546,0.1878,0.2239,0.2085,0.176,0.1517,0.1333,0.0527,0.0439,-0.0214,-0.0064,-0.0239,-0.0183,-0.0275,-0.0257,-0.0213,-0.0247,-0.0255,-0.0219,-0.0132,-0.0101,0.0076,-0.0045,-0.0101,-0.0131,-0.0057,0.0057,0.0146,0.0147,0.0188
2010-02-16,19.4733,-155.5999,E,,0.0924,0.0756,0.0418,0.0507,0.061,0.06,0.0527,0.0533,0.051,0.0529,0.0367,0.0483,0.0435,0.0394,0.0292,0.03,0.0032,0.008,0.0,-0.0913,-0.0732,-0.0049,0.0441,,,,,,
2010-02-16,19.4733,-155.5999,N,0.0311,0.0256,0.0274,0.0274,-0.0125,-0.0144,-0.0163,-0.0154,-0.0012,0.0015,0.0113,0.0073,0.0051,0.0069,0.0005,0.0007,0.0025,0.0073,-0.0328,-0.0328,-0.0244,-0.0055,0.0037,0.0105,0.0098,0.0038,-0.0016,-0.006,-0.0052,-0.0034
2010-02-16,19.4733,-155.5999,NE,,0.0284,0.0055,-0.0128,-0.0259,-0.0228,-0.0154,-0.0063,-0.0229,-0.0112,-0.0138,-0.0212,-0.025,-0.0266,-0.0132,-0.0112,-0.0043,0.0012,0.0115,0.013,0.0265,0.021,0.0238,0.0131,0.0176,0.0201,0.0178,0.0155,-0.0072,-0.0064
2010-02-16,19.4733,-155.5999,NO,,-0.0225,-0.0171,-0.0224,-0.0278,-0.0307,-0.0252,0.0306,,,,,,,,-0.0179,-0.0151,-0.0124,-0.0102,-0.0048,0.0004,0.0056,-0.0,0.0026,-0.0,0.0025,0.0107,0.0105,0.0073,0.0004
2010-02-16,19.4733,-155.5999,O,0.0296,0.0285,0.0493,,,,,,,,,,0.0197,0.0268,0.0347,0.0395,0.0442,0.0362,0.0479,0.0202,0.0176,-0.0274,-0.0525,-0.035,-0.028,0.008,0.0048,0.0094,0.0042,-0.0532
2010-02-16,19.4733,-155.5999,S,0.1327,0.1375,0.1219,0.0613,0.0607,0.0712,0.0927,0.0921,0.0845,0.0772,0.0696,-0.0411,-0.0332,-0.0325,-0.0361,-0.0401,-0.0239,0.0093,0.0452,0.0711,0.1182,0.1201,0.0664,-0.0164,-0.0176,-0.0182,-0.0219,-0.0249,-0.0273,-0.0295
2010-02-16,19.4733,-155.5999,SE,,0.1559,0.1499,0.135,0.0791,0.125,0.0736,0.0799,0.0737,0.0351,0.0021,-1e-04,-0.0154,-0.0373,-0.0514,-0.0491,-0.0346,-0.0206,0.0023,0.0515,0.0604,0.0935,0.1004,0.0706,-0.0038,-0.0435,-0.0444,-0.0457,-0.0473,-0.0486
2010-02-16,19.4733,-155.5999,SO,,0.1408,0.1462,,,,,,,,,,0.0724,0.0667,0.0637,0.0598,0.0519,0.0274,-0.004,-0.026,-0.0003,0.0055,-0.0169,0.0076,-0.0045,-0.0015,-0.0096,-0.0122,-0.0158,-0.0186
2010-12-17,19.4775,-155.604,E,,,,,,,,,,,,,,,,,,,,,,,,,,,,,0.0,0.0017
2010-12-17,19.4771,-155.6037,N,,,0.1176,,,,,,,,,,,,,,,,,,,,,,,,,,,
2010-12-17,19.4775,-155.604,N,,0.1783,,0.1316,,,,,,,,,,,,,,,,,,,,,,,,,,
2010-12-17,19.4771,-155.6037,NE,,0.1337,,,,,,,,,,,,,,,,,,,,,,,,,,,,
2010-12-17,19.4775,-155.604,NE,0.1423,,,,,,,,,,,,,,,,,,,,,0.0,,,,,,,,-0.0041
2010-12-17,19.4771,-155.6037,NO,0.1456,,,,,,,,,,,,,,,,,,,,,,,,,,,,,
2010-12-17,19.4771,-155.6037,O,,,0.1285,,,,,,,,,,,,,,,,,,0.004,-0.0006,-0.0011,0.0026,0.0026,,,,,
2010-12-17,19.4775,-155.604,O,-0.6709,,,-0.1324,-0.6717,,,,,,,,,,,,,,,,,,,,,,,0.0,,
2010-12-17,19.4771,-155.6037,SO,,0.1439,0.1399,,,,,,,,,,,,,,,,,,,,,,,,,,,
2010-12-17,19.4775,-155.604,SO,,,,0.1574,,,,,,,,,,,,,,,,,,,,,,,,,,
2011-02-03,19.4757,-155.6009,E,0.0629,,,0.0572,,0.0483,,,,,-0.0406,,0.051,,0.0375,,,,-0.0824,-0.1033,-0.1114,,-0.1325,,,,,,,
2011-02-03,19.4758,-155.6009,E,,0.0645,0.0627,,,,,,-0.0436,-0.0453,,,,,,0.017,,-0.0161,,,,,,,,,,,,
2011-02-03,19.476,-155.6008,E,,,,,0.048,,0.0483,0.0395,,,,0.0091,,0.0792,,,-0.0031,,,,,-0.12,,,,,,-0.1098,-0.1094,-0.1123
2011-02-03,19.4757,-155.6009,N,,,0.1205,,,0.0979,,,0.0587,,,-0.1119,,,,,-0.0922,0.1019,,0.1248,,,0.117,,,,,,,-0.0024
2011-02-03,19.4758,-155.6009,N,0.1379,0.1334,,0.1182,0.108,,0.0828,0.0658,,,,,,,-0.1137,-0.0996,,,,,,0.1149,,,-0.0849,,,,,
2011-02-03,19.476,-155.6008,N,,,,,,,,,,-0.1208,-0.1172,,-0.1121,-0.1127,,,,,0.1062,,0.1259,,,0.0948,,0.0669,0.0877,0.0737,-0.0904,
2011-02-03,19.4757,-155.6009,NE,,,0.131,,0.1292,,0.1204,,0.1291,,0.119,-0.0729,,-0.0798,,-0.0853,,-0.0319,,0.0274,0.014,-0.0584,-0.0753,0.0835,-0.0833,-0.0816,-0.0792,-0.0794,,
2011-02-03,19.4758,-155.6009,NE,,,,,,,,,,,,,,,,,,,,,,,,,,,,,-0.0785,-0.0899
2011-02-03,19.476,-155.6008,NE,,0.1344,,0.1275,,0.1272,,0.1198,,0.1243,,,-0.0803,,-0.0872,,-0.0796,,-0.0669,,,,,,,,,,,
2011-02-03,19.4757,-155.6009,NO,,,0.0711,,0.1006,,,,,,,,,,,0.1229,0.1229,,0.1373,0.1794,,0.1916,0.1395,-0.0677,,,-0.0883,,-0.078,
2011-02-03,19.4758,-155.6009,NO,,,,,,,,,,0.0826,,,,,,,,,,,0.2017,,,,-0.069,-0.0864,,,,-0.0747
2011-02-03,19.476,-155.6008,NO,,0.1398,,0.1139,,0.1152,0.0895,0.0544,0.0343,,0.1027,0.1103,0.1058,0.1039,0.0954,,,0.1124,,,,,,,,,,-0.0884,,
2011-02-03,19.4757,-155.6009,O,,,,,,,,,,,,,,0.1442,0.1555,0.1516,0.1611,,,,,-0.0503,,,-0.0471,,,-0.0382,,-0.0271
2011-02-03,19.4758,-155.6009,O,,0.1802,,0.1454,,,,,,,,,,,,,,0.1617,-0.0154,,-0.0391,,-0.0561,,,-0.0461,,,,
2011-02-03,19.476,-155.6008,O,,,0.1501,,0.1616,0.1351,,,,,,,,,,,,,,-0.0279,,,,-0.0567,,,-0.0448,,-0.0372,
2011-02-03,19.4757,-155.6009,S,,0.0059,,0.0036,,,0.0166,,,-0.0173,,,,,,0.2558,,0.0863,0.0137,,,,,,,,,-0.072,,
2011-02-03,19.4758,-155.6009,S,,,0.0074,,0.007,,,,,,,,0.0698,,0.2093,,,,,,,-0.0317,,,,,,,,-0.0842
2011-02-03,19.476,-155.6008,S,0.1081,,,,,0.013,,-0.0188,-0.0296,,-0.007,-0.0036,,0.1542,,,0.233,,,-0.0034,-0.018,,-0.0392,-0.048,-0.058,-0.064,-0.064,,-0.0814,
2011-02-03,19.4757,-155.6009,SE,,,0.0118,,-0.0191,,-0.0807,,-0.0029,,0.0454,,,0.202,,0.0405,,0.0,,-0.0249,,-0.0465,,-0.0643,,,-0.0829,,-0.0941,
2011-02-03,19.4758,-155.6009,SE,,0.0096,,,,,,,,,,0.1204,,,,,,,,,,,,,-0.0722,,,,,
2011-02-03,19.476,-155.6008,SE,,,,-0.0149,,-0.0996,,-0.0283,,0.0045,,,0.1805,,0.1196,,0.016,,-0.0137,,-0.0341,,-0.0539,,,-0.0775,,-0.089,,-0.1026
2011-02-03,19.4757,-155.6009,SO,0.23,,0.1183,,0.1518,,,,,,,,,,-0.0041,-0.0182,,,,-0.0243,,,,,-0.0124,,-0.0312,,-0.0371,
2011-02-03,19.4758,-155.6009,SO,,0.1222,,,,,,,,,,,,,,,-0.0298,-0.0221,,,,0.0204,0.0627,-0.0111,,-0.0253,,,,
2011-02-03,19.476,-155.6008,SO,,,,0.1021,,0.1656,0.2049,0.213,0.2109,,,,,,,,,,-0.0061,,0.0171,,,,,,,-0.0327,,-0.0413
2013-12-17,19.473,-155.601,E,0.0985,0.0966,0.0958,0.0636,0.0788,0.0826,0.0875,0.0629,0.077,0.0271,0.0526,-0.0079,0.038,0.0302,-0.0086,0.018,0.0147,0.0088,0.0008,0.0057,0.0176,0.0201,0.0389,0.0229,0.0054,0.0057,-0.0395,-0.0588,-0.061,-0.0573
2013-12-17,19.473,-155.601,N,,0.0414,0.0354,0.0324,0.0114,0.0208,-0.0024,-0.0095,-0.0072,-0.0028,0.0032,0.0311,0.0211,0.03,0.0302,0.0222,0.0291,0.0219,0.0068,0.0034,-0.0004,-0.0296,-0.0327,-0.032,-0.0094,-0.0032,0.0065,0.0036,0.0034,-0.0003
2013-12-17,19.473,-155.601,NE,,0.0381,0.0239,0.0152,0.0136,0.0178,-0.0042,0.0027,-0.0074,-0.0153,-0.015,-0.0141,-0.0175,-0.021,-0.0096,-0.0128,-0.0136,-0.0137,-0.0008,-0.005,-0.0019,-0.0037,-0.0061,-0.0066,0.0006,0.0092,0.0133,0.0142,0.0111,0.0087
2013-12-17,19.473,-155.601,NO,0.0382,0.0169,0.0154,0.0142,0.0104,0.0086,0.0067,0.0067,0.0033,-0.0008,0.0039,0.0008,-0.0018,-0.0028,0.0029,0.0006,-0.0013,-0.0039,-0.0076,-0.009,-0.0118,-0.0093,-0.0053,0.0006,-0.0118,-0.0045,0.0049,0.0105,0.017,0.0179
2013-12-17,19.473,-155.601,O,,0.0522,0.0369,0.065,0.0709,0.0669,0.0794,0.0706,0.0297,0.021,0.0113,0.0054,0.0032,0.0052,0.0107,-0.0044,-0.0182,-0.0186,-0.0202,-0.0439,-0.0433,-0.0276,-0.0281,-0.0288,-0.0304,-0.0263,-0.0398,-0.0257,-0.0009,0.0342
2013-12-17,19.473,-155.601,S,0.0619,0.0668,0.074,0.0776,0.0795,0.082,0.0823,0.0883,0.0018,0.007,0.0076,-0.022,-0.0112,0.0083,0.0224,0.059,0.0809,0.0779,0.0712,0.0463,0.0158,0.0066,-0.0175,-0.016,-0.0299,-0.0333,-0.0346,-0.036,-0.0408,-0.044
2013-12-17,19.473,-155.601,SE,,0.039,0.0376,0.0475,0.0524,0.0479,0.0491,0.0583,0.0565,-0.0243,-0.0331,-0.0332,-0.0339,-0.0301,-0.0194,-0.001,0.0175,0.0441,0.0654,0.0947,0.0645,0.0687,0.0313,0.008,-0.0267,-0.0319,-0.0362,-0.0406,-0.0437,-0.0461
2013-12-17,19.473,-155.601,SO,,0.0965,0.099,0.0981,0.0976,0.0985,0.0965,0.0953,0.0941,0.0697,0.0661,0.0178,-0.0169,-0.0147,-0.012,-0.0109,-0.0029,-0.0015,-0.0022,0.002,0.0111,0.0106,0.0125,0.0105,0.0009,-0.0096,-0.0185,-0.0221,-0.0113,-0.016
2014-01-02,19.4738,-155.5998,E,0.0086,0.0133,0.0146,0.0149,0.0198,0.0153,0.0189,0.0216,0.0261,0.0156,0.0162,0.0162,0.0217,0.0259,0.0319,0.0264,0.0213,0.0148,0.002,-0.0125,0.0048,0.0293,0.0334,0.0195,-0.0089,-0.03,-0.0236,-0.0532,-0.0624,-0.0677
2014-01-02,19.4738,-155.5998,N,0.0415,0.0421,-0.0003,0.0021,0.0022,-0.0006,1e-04,0.0125,0.0112,0.01,0.0092,0.0106,0.0141,0.0168,0.0048,0.0022,-0.0015,-0.0368,-0.0366,-0.037,-0.0134,-0.0073,-0.0018,0.0005,-0.0047,0.0018,0.0036,0.0063,0.0055,0.0049
2014-01-02,19.4738,-155.5998,NE,,-0.0182,-0.0131,-0.0191,-0.0245,-0.0319,-0.0341,-0.0301,-0.0348,-0.027,-0.0158,-0.0164,-0.0162,-0.001,-0.0049,0.0032,0.0022,0.0019,0.0028,0.029,0.0292,0.0203,0.0138,0.0143,0.0254,0.0235,0.0147,0.0044,0.0004,-0.0027
2014-01-02,19.4738,-155.5998,NO,,0.0237,0.0234,-0.0138,-0.0173,-0.022,-0.0187,-0.0078,0.0158,0.0411,0.0479,0.0499,0.048,0.0297,0.0162,0.0004,-0.0062,-0.0115,-0.014,-0.0335,-0.0325,-0.0264,-0.0145,-0.009,0.0013,0.011,0.0181,0.0149,0.0169,0.0033
2014-01-02,19.4738,-155.5998,O,,0.0501,0.0548,0.0224,0.0288,0.0267,0.0286,0.0244,0.0262,0.0283,0.0245,0.0207,0.021,0.0205,0.0182,0.0224,0.0173,0.0214,0.019,0.0322,0.0283,0.0062,0.0071,0.0033,-0.0014,-0.0049,-0.0028,0.0062,-0.0032,0.0569
2014-01-02,19.4738,-155.5998,S,0.1236,0.1073,0.1066,0.1085,0.0538,0.0548,0.0645,0.0676,0.0674,0.0699,0.0761,0.0514,-0.0164,-0.0207,-0.019,-0.0303,-0.0197,-0.0101,-0.0022,0.0299,0.0592,0.0745,0.0407,-0.0215,-0.023,-0.0245,-0.0299,-0.0345,-0.0376,-0.0414
2014-01-02,19.4738,-155.5998,SE,,0.0782,0.078,0.0795,0.0807,0.0744,0.0395,0.0499,-0.0195,-0.0135,-0.0113,-0.039,-0.0381,-0.0353,-0.0328,-0.022,-0.0052,0.0124,0.036,0.0613,0.0675,0.0769,0.0517,-0.0073,-0.0343,-0.0372,-0.042,-0.0452,-0.0493,-0.0533
2014-01-02,19.4738,-155.5998,SO,,0.1683,0.169,0.1711,0.1714,0.1496,0.1144,0.1144,0.1059,0.1004,0.0968,0.0847,0.0838,0.0733,0.0656,0.05,-0.006,-0.0433,-0.0501,-0.049,-0.0476,-0.0234,-0.0409,-0.0235,-0.0369,-0.0305,-0.0323,-0.013,-0.007,-0.0074
2014-01-18,19.4736,-155.6009,E,0.1064,0.0925,0.0908,0.0632,0.0886,0.0804,0.0732,0.035,0.0641,0.0121,0.0314,-0.0058,0.0284,0.0237,0.024,0.0208,-0.0081,-0.0009,0.0071,0.025,0.0574,0.0319,0.0149,0.0025,-0.0153,-0.0448,-0.0572,-0.0632,-0.0696,-0.073
2014-01-18,19.4736,-155.6009,N,,0.0398,0.0276,0.0332,0.0365,0.0372,0.003,-0.0015,-0.0039,-0.0044,0.0066,0.0114,0.0103,0.0132,0.0131,0.0142,0.0175,0.0209,0.0068,0.0036,-0.0004,-0.0209,-0.034,-0.0289,-0.0145,-0.0063,0.0013,0.003,-0.0039,-0.0031
2014-01-18,19.4736,-155.6009,NE,,0.0466,0.0322,0.021,0.0225,0.0102,0.0061,0.0115,0.0044,-0.0081,-0.0174,-0.0165,-0.0177,-0.0111,-0.0085,-0.0091,-0.0108,-0.0091,-0.0095,-0.0126,-0.0019,-0.0003,0.0013,0.0192,0.0163,0.0292,0.0343,0.0397,0.0439,0.0429
2014-01-18,19.4736,-155.6009,NO,0.0439,0.032,0.0283,0.0182,0.0127,0.0051,0.0049,0.0031,0.0071,-0.002,0.0028,0.0077,0.0141,0.013,0.0124,0.0153,0.007,0.0053,0.0019,-0.003,-0.0143,-0.0131,-0.014,-0.0094,-0.0257,-0.0218,-0.0157,0.0031,0.0081,0.0128
2014-01-18,19.4736,-155.6009,O,,0.0508,0.0215,0.0151,0.0113,0.0256,0.0306,0.0269,0.0449,0.0344,0.0112,0.0081,-0.007,-0.0071,-0.0066,0.0022,0.0109,-0.0129,-0.0248,-0.0159,-0.0311,-0.0532,-0.0314,-0.024,-0.0248,-0.0233,-0.0334,-0.0195,-0.029,0.0071
2014-01-18,19.4736,-155.6009,S,0.0571,0.0654,0.0716,0.0752,0.0764,0.0754,0.0854,0.0794,-0.0079,-0.0008,-0.0018,-0.0233,-0.0111,0.0057,0.0175,0.0682,0.1049,0.1165,0.0748,0.0347,0.0107,-0.0065,-0.0339,-0.0389,-0.0424,-0.0464,-0.0489,-0.0509,-0.0534,-0.0564
2014-01-18,19.4736,-155.6009,SE,,0.0367,0.0344,0.0462,0.0515,0.0551,0.0617,0.0701,-0.0024,-0.0225,-0.0307,-0.0305,-0.0273,-0.0221,0.0047,0.0293,0.0719,0.1169,0.1166,0.1,0.0944,0.0472,-0.0009,-0.0321,-0.0377,-0.0434,-0.0496,-0.0546,-0.0586,-0.0648
2014-01-18,19.4736,-155.6009,SO,,0.0876,0.0937,0.095,0.0971,0.0954,0.0881,0.0821,0.0813,0.0813,0.0811,0.0641,0.0073,-0.016,-0.0169,-0.0166,-0.0154,-0.0098,-0.0053,0.0,0.0005,0.0064,0.016,0.0214,0.0133,-0.0081,-0.0218,-0.0333,-0.0422,-0.0441
2015-02-06,19.4748,-155.6028,E,,0.0652,0.0606,0.0424,-0.0493,-0.0676,-0.0805,-0.0708,-0.0521,-0.0664,-0.062,0.001,0.0962,0.1363,0.1623,0.0866,0.0725,0.1016,0.0804,-0.0166,-0.0432,-0.0501,-0.0501,-0.0612,-0.0646,-0.0701,-0.075,-0.0805,-0.09,-0.0895
2015-02-06,19.4748,-155.6028,N,0.1805,0.1622,-0.006,-0.0174,0.0435,-0.0308,-0.0457,-0.0488,0.1367,0.1325,0.1121,-0.0546,-0.0621,-0.0628,-0.0603,-0.0577,-0.0573,-0.055,-0.0515,-0.0532,-0.055,-0.0502,-0.0467,-0.0417,-0.0443,-0.0513,-0.055,-0.0546,-0.0563,-0.0599
2015-02-06,19.4748,-155.6028,NE,,0.1474,0.1278,0.12,0.1062,0.0123,0.0397,0.0048,0.0048,0.0887,0.1714,0.0039,-0.007,-0.0139,-0.0193,-0.0238,-0.0255,-0.0343,-0.0309,-0.0426,-0.0411,-0.0466,-0.0387,-0.0395,-0.0385,-0.0146,-0.0311,-0.0335,-0.0335,-0.0401
2015-02-06,19.4748,-155.6028,NO,,0.1366,-0.0661,-0.0607,0.0807,0.0718,0.0402,-0.0822,-0.0966,0.0368,0.0466,-0.0787,0.0705,0.0709,0.1133,0.1059,0.1102,0.1126,-0.0562,0.0889,0.0922,0.0196,-0.0433,-0.0555,-0.0673,-0.0711,-0.0802,-0.0819,-0.0726,-0.0906
2015-02-06,19.4748,-155.6028,O,0.2403,0.2334,0.1436,0.117,0.0582,0.1937,0.0416,0.0206,0.0099,-0.0095,-0.0152,-0.0177,-0.0234,-0.0283,-0.0328,-0.0311,-0.0314,-0.0284,-0.0264,-0.0238,-0.0209,-0.0184,-0.0173,-0.0232,-0.0366,-0.041,-0.0445,-0.052,-0.0582,-0.059
2015-02-06,19.4748,-155.6028,S,,0.0908,0.1012,0.0659,0.0467,0.1108,0.1141,0.1067,0.1417,0.1814,0.2153,0.1954,0.1107,0.055,0.0068,-0.0037,-0.0349,-0.0342,-0.029,0.0146,-0.0007,0.003,-0.0305,-0.0095,-0.0185,-0.0301,-0.0444,-0.0287,-0.0272,-0.0247
2015-02-06,19.4748,-155.6028,SE,0.234,0.1446,0.1449,0.0833,0.1165,0.155,0.1625,0.1846,0.2096,0.2336,0.2334,0.2395,0.214,0.0944,0.0949,0.015,-0.013,-0.0257,-0.0304,-0.0342,-0.0385,-0.0437,-0.0463,-0.0482,-0.0506,-0.0506,-0.0514,-0.0602,-0.0572,-0.0557
2015-02-06,19.4748,-155.6028,SO,,0.11,0.1079,0.1131,0.123,0.0977,0.1165,0.1037,0.1007,0.0298,0.0134,0.0206,0.0488,0.0465,0.0567,0.0483,0.0542,0.0287,0.0117,0.0083,-0.0137,-0.0097,-0.0089,-0.0178,-0.02,-0.0227,-0.0278,-0.034,-0.0428,-0.0317
2015-03-18,19.4792,-155.6017,E,,0.1942,0.1077,0.0207,0.0067,-0.003,0.0046,0.008,0.009,0.0201,,,,,,,,0.0109,0.0094,0.0053,-0.0005,0.0022,-0.0025,-0.0029,-0.0002,0.0036,0.0035,0.0024,0.0032,-0.0051
2015-03-18,19.4792,-155.6017,N,0.2245,0.1383,0.0824,0.0577,0.0393,0.0071,-0.0049,-0.0085,-0.013,-0.0213,-0.0167,-0.0117,-0.0066,-0.0095,-0.0027,-0.0138,-0.0159,-0.0163,-0.0159,-0.0159,-0.012,-0.0094,-0.007,-0.0095,-0.0044,-0.0029,0.0044,0.0103,0.0078,0.0212
2015-03-18,19.4792,-155.6017,NE,,0.2298,0.1563,0.1466,0.142,0.1221,0.1224,0.0944,0.0983,0.0544,0.0559,0.0314,-0.0113,0.002,-0.0287,-0.0324,,,-0.0381,-0.0297,-0.042,-0.0273,-0.0175,-0.0168,-0.0147,-0.0204,-0.0245,-0.0447,-0.0058,-0.0514
2015-03-18,19.4792,-155.6017,NO,,0.3401,0.0181,-0.0536,-0.0775,-0.0542,-0.0204,-0.0432,-0.0381,-0.0723,-0.0645,-0.048,-0.0337,-0.0207,-0.0187,-0.0337,-0.0509,-0.0509,-0.0389,-0.0473,-0.0261,-0.0391,-0.0087,0.0047,0.0382,0.0429,0.0821,0.1353,0.1318,0.1563
2015-03-18,19.4792,-155.6017,O,-0.0199,0.0425,0.002,-0.0309,-0.0474,-0.0301,-0.0171,-0.0258,-0.0237,0.0008,-0.0171,0.0187,0.0381,0.045,0.0286,-0.0053,0.0353,0.0648,,,,,,-0.0474,-0.0344,-0.0309,-0.0248,-0.0235,-0.0157,-0.0084
2015-03-18,19.4792,-155.6017,S,0.2954,0.2091,0.1712,0.1124,0.0854,0.0378,0.0139,0.0034,0.0061,0.0063,0.0101,-0.0016,-0.008,-0.0039,-0.0018,0.0004,0.0009,-0.0009,-0.0039,-0.0068,-0.0096,-0.003,0.0036,-0.0025,-0.0081,-0.0092,-0.0087,-0.0064,0.0032,0.0094
2015-03-18,19.4792,-155.6017,SE,,0.1608,0.063,0.0131,0.0113,0.0073,0.0033,0.0034,0.0034,0.0035,-0.0005,-0.0046,-0.0005,0.0037,0.0077,0.0078,0.0078,-0.0003,-0.0043,-0.0022,-0.0063,-0.0084,-0.0166,-0.0125,-0.0166,-0.0187,-0.0082,0.0021,0.0184,0.0124
2015-03-18,19.4792,-155.6017,SO,,,0.1542,0.0797,0.0445,0.0486,0.0053,-0.0075,-0.0078,-0.0056,-0.0091,-0.0128,-0.0031,0.0167,0.0123,0.0318,-0.0052,0.0024,-0.0286,-0.0286,-0.0324,-0.0338,-0.0372,-0.0429,-0.0411,-0.0146,-0.0038,0.0603,0.022,0.0304
2015-05-29,19.473,-155.5998,E,,0.1195,0.1084,0.0859,0.0614,0.0702,0.0747,0.077,0.0735,0.0729,0.0789,0.0616,0.0511,0.0473,0.0476,0.0499,0.0558,0.0635,0.0508,0.0319,0.0132,0.0136,-0.1006,-0.1052,-0.0351,0.01,-0.0357,0.0054,-0.0111,-0.0409
2015-05-29,19.473,-155.5998,N,0.004,0.0072,-0.0023,-0.0126,-0.0177,-0.0025,0.0612,0.0646,0.0683,0.0624,0.0627,0.0621,0.0624,0.0618,0.023,0.0136,0.0114,-0.0371,-0.0646,-0.0597,-0.0131,-0.0043,-0.002,-0.0002,-0.0036,-0.0017,-0.003,-0.0021,-0.0171,-0.0253
2015-05-29,19.473,-155.5998,NE,,0.0533,0.0434,0.0121,-0.0181,-0.0099,-0.0087,-0.0082,-0.0063,0.0028,-0.0003,-0.015,-0.0177,-0.0229,-0.0215,-0.011,0.0017,0.0023,-0.0065,0.0431,0.0287,0.0187,0.0161,0.0294,0.0088,0.0064,0.0168,0.0172,0.0094,-0.0227
2015-05-29,19.473,-155.5998,NO,,-0.0238,-0.0254,-0.0291,-0.0304,-0.0237,-0.0047,0.0275,0.0628,0.0876,0.0664,0.0533,0.0369,0.0266,0.0216,0.0097,0.0089,0.011,0.013,-0.017,-0.0275,-0.0228,-0.0098,-0.0057,0.0009,-0.0005,0.0015,-0.0019,-0.0153,-0.0059
2015-05-29,19.473,-155.5998,O,-0.0311,-0.0075,-0.0035,-0.0019,-0.0111,-0.0062,0.0126,0.0056,0.0103,0.0238,0.0363,0.0313,0.0422,0.0512,0.0585,0.0435,0.0538,0.0559,0.0251,0.0106,-0.0339,-0.0263,-0.0235,-0.014,0.0019,0.0075,0.0038,0.0079,0.0229,0.0656
2015-05-29,19.473,-155.5998,S,0.2817,0.2571,0.2567,0.251,0.1626,0.1581,0.1567,0.1483,0.1392,0.1324,0.1208,0.1133,-0.0282,-0.0326,-0.026,-0.0598,-0.0518,-0.0312,-0.0018,0.0276,0.061,0.0573,0.0462,0.0141,-0.0138,-0.0169,-0.0208,-0.0249,-0.0276,-0.0315
2015-05-29,19.473,-155.5998,SE,,0.2026,0.1976,0.1951,0.1935,0.1411,0.1001,0.1054,0.1028,0.1004,0.0823,0.0139,0.0082,-0.0178,-0.0325,-0.0381,-0.0441,-0.0404,-0.0408,-0.0424,-0.0254,-0.0068,-0.0088,-0.0018,0.0075,-0.0086,-0.0086,-0.0136,-0.0186,-0.0236
2015-05-29,19.473,-155.5998,SO,,0.1971,0.1933,0.1923,0.1935,0.1637,0.1371,0.1393,0.1271,0.1158,0.1172,0.1117,0.0974,0.1002,0.1032,-0.0585,-0.0582,-0.0679,-0.0609,-0.062,-0.0941,-0.0629,-0.0278,-0.0053,-0.0171,0.0128,0.0145,0.0185,0.0125,0.0121
2015-10-20,19.4739,-155.6029,E,,0.0789,0.0787,0.0737,0.0362,0.0293,0.0232,0.0096,-0.0031,-0.0101,-0.0034,-0.0022,-0.0028,0.0003,0.0064,0.0038,0.022,0.0327,0.0295,0.0122,0.02,0.0027,-0.0071,-0.0239,-0.037,-0.046,-0.0554,-0.0628,-0.0694,-0.0749
2015-10-20,19.4739,-155.6029,N,,0.0605,0.0504,0.0432,0.0369,0.0222,0.011,0.0538,0.0382,0.0287,0.027,0.0232,0.007,0.0013,-0.012,-0.0156,-0.0146,-0.0125,-0.0009,0.002,0.0022,0.0016,0.0023,0.0049,0.0025,-0.0087,-0.0074,-0.0088,-0.0116,-0.0198
2015-10-20,19.4739,-155.6029,NE,0.0769,0.0691,0.0692,0.0653,0.0536,0.0331,-0.0033,-0.0385,-0.046,0.0525,0.0422,0.0442,0.0378,0.0297,0.0268,0.0289,0.0226,0.0257,0.0268,0.0216,0.0225,0.0215,-0.0066,-0.0117,-0.0153,-0.0129,-0.0125,-0.0111,-0.0096,0.0015
2015-10-20,19.4739,-155.6029,NO,0.0355,0.0109,0.0107,0.0089,0.014,0.006,-0.0023,-0.0129,-0.0096,0.0046,0.0062,0.0035,0.0054,0.0048,0.005,0.0022,0.0026,0.0011,0.0063,0.0018,0.0079,0.006,0.007,0.0094,-0.0009,-0.0058,-0.007,-0.0006,-0.0022,-0.0036
2015-10-20,19.4739,-155.6029,O,,0.1213,0.1082,0.1015,0.1004,0.0878,0.0758,0.073,0.0736,0.0737,0.0734,0.0531,0.0216,0.0217,0.0209,0.0158,0.0264,0.029,0.0026,0.005,0.0106,0.0131,-0.0151,-0.0134,-0.0177,-0.0159,-0.0266,-0.0219,-0.0164,-0.0163
2015-10-20,19.4739,-155.6029,S,,0.1765,0.1727,0.1836,0.1631,0.1618,0.17,0.1657,0.1617,0.1563,0.1271,0.0994,0.0701,0.0459,0.0509,0.0108,-0.0067,0.0003,0.0069,-0.0069,-0.0124,-0.0204,-0.0576,-0.0556,-0.0578,-0.0482,-0.0482,-0.0588,-0.0633,-0.0641
2015-10-20,19.4739,-155.6029,SE,0.0801,0.0811,0.0655,0.0707,0.078,0.0692,0.0709,0.0711,0.0779,0.1075,0.1325,0.1469,0.1663,0.1225,0.0571,0.0575,0.0149,-0.0039,-0.0156,-0.0216,-0.0246,-0.0285,-0.0315,-0.0375,-0.0415,-0.0439,-0.0474,-0.0514,-0.0544,-0.0583
2015-10-20,19.4739,-155.6029,SO,0.1489,0.0497,0.0474,0.0454,0.0482,0.0336,0.034,0.0354,0.0234,0.0347,0.046,0.032,0.0642,0.0676,0.073,0.0598,0.0615,0.0527,0.0378,0.0281,0.0177,0.0124,0.0025,-0.0114,-0.0198,-0.0228,-0.0451,-0.0403,-0.0473,-0.0537
2016-01-08,19.473,-155.5998,E,,0.1144,0.1068,0.0891,0.0617,0.065,0.0649,0.067,0.0656,0.06,0.0552,0.0423,0.036,0.0314,0.0294,0.0242,0.0255,0.0278,0.0169,0.0101,-0.0042,-0.0032,-0.0155,-0.0068,0.0137,0.0191,-0.0232,-0.0309,-0.0493,-0.0531
2016-01-08,19.473,-155.5998,N,0.0289,0.0308,0.0235,0.0171,0.0127,0.0241,0.0586,0.0602,0.0553,0.0503,0.0501,0.0504,0.046,0.0414,0.0125,0.0061,0.0062,-0.041,-0.0611,-0.0581,-0.0108,-0.0044,0.0077,0.0058,0.0013,0.0024,0.0062,0.0074,-0.0099,-0.0089
2016-01-08,19.473,-155.5998,NE,,0.067,0.0595,0.0338,0.011,0.0167,0.0102,0.0052,0.0036,-0.0003,-0.0047,-0.0158,-0.0179,-0.0251,-0.0221,-0.0125,-0.0021,-0.0003,-0.0085,0.032,0.0277,0.0208,0.0226,0.025,0.0058,0.0037,0.0164,0.0255,0.0202,0.0039
2016-01-08,19.473,-155.5998,NO,,0.0078,0.0087,0.0041,0.0006,0.0063,0.0177,0.0373,0.0534,0.0651,0.052,0.0293,0.0177,0.0064,0.0011,-0.0035,-0.0065,-0.0054,0.0005,-0.0248,-0.0174,-0.0061,-0.0101,-0.0008,0.0101,0.0101,0.0125,0.0117,-0.0065,-0.0113
2016-01-08,19.473,-155.5998,O,0.0237,0.0454,0.0492,0.0485,0.0459,0.0498,0.0594,0.0474,0.0423,0.0375,0.0347,0.0197,0.023,0.0295,0.0322,0.0172,0.0305,0.0334,0.014,0.0111,-0.033,-0.0268,-0.0257,-0.0159,0.001,0.0036,0.0011,-0.0011,0.009,0.0353
2016-01-08,19.473,-155.5998,S,0.1772,0.161,0.1688,0.1622,0.1086,0.1166,0.117,0.1173,0.1158,0.1116,0.1116,0.1085,-0.0047,-0.0159,-0.0232,-0.0555,-0.0526,-0.045,-0.0207,0.0184,0.0426,0.0368,0.0204,-0.0048,-0.0094,-0.0115,-0.0155,-0.021,-0.0237,-0.0278
2016-01-08,19.473,-155.5998,SE,,0.1413,0.1392,0.141,0.1445,0.1121,0.0951,0.1122,0.0936,0.0996,0.0978,0.0063,-0.0077,-0.0263,-0.0455,-0.0498,-0.0543,-0.0507,-0.0339,-0.0137,0.0102,0.0412,0.0546,0.0496,0.0297,-0.021,-0.0241,-0.0268,-0.0302,-0.0336
2016-01-08,19.473,-155.5998,SO,,0.1828,0.1886,0.192,0.1965,0.1745,0.15,0.1436,0.1278,0.1186,0.114,0.0942,0.0912,0.0816,0.0763,-0.0077,-0.0396,-0.0477,-0.04,-0.0332,-0.0289,-0.0278,-0.0261,-0.0214,-0.0192,-0.0241,-0.0168,-0.0153,-0.0014,0.0057
2016-01-16,19.476,-155.6008,E,,,,,,,0.0471,-0.0355,-0.0339,-0.0623,,,,,,,,,,,,0.0179,,-0.0129,,-0.0312,,,-0.0304,
2016-01-16,19.476,-155.6007,E,,0.0663,0.059,,0.0462,0.0502,,,,,,,,,,,,,,,,,,,-0.0219,,,,,
2016-01-16,19.476,-155.6006,E,0.0643,,,0.0546,,,,,,,,,,,,,,0.2039,0.1272,0.0414,0.0308,,0.0011,,,,-0.0281,-0.0317,,-0.0408
2016-01-16,19.476,-155.6008,N,,,,,,,,,,-0.0029,0.0002,,-0.0041,,,1e-04,,0.0158,,,,,,,,,-0.0135,-0.0227,-0.029,
2016-01-16,19.476,-155.6007,N,0.0593,0.0503,,0.0426,0.0355,0.0316,0.0303,,0.0043,,,,,-0.0044,,,,,,,0.0388,,0.0337,,,,,,,
2016-01-16,19.476,-155.6006,N,,,0.0384,,,,,0.0131,,,,-0.0009,,,-0.0024,,0.0039,,0.0304,0.0368,,0.0364,,0.0111,-0.0022,-0.0041,,,,-0.0283
2016-01-16,19.476,-155.6008,NE,,,,0.0301,,,,0.0542,,0.0626,,,0.0228,,,,,,,,-0.0028,,-0.0405,,,0.0352,-0.0091,-0.0116,,-0.0186
2016-01-16,19.476,-155.6007,NE,,0.0413,0.0318,,,0.0489,0.0542,,,,,0.0255,,,0.0154,,,,,-0.0313,,,,,0.0216,,,,-0.0219,
2016-01-16,19.476,-155.6006,NE,,,,,0.0461,,,,0.0573,,0.0642,,,0.0228,,0.0143,,,-0.0315,,,-0.0302,,-0.0289,,,,,,
2016-01-16,19.476,-155.6008,NO,,0.072,,0.0621,,0.0526,,0.0301,,0.0291,,,0.017,,-0.007,,0.0129,,,,0.0212,,-0.0016,,,,,-0.0336,,
2016-01-16,19.476,-155.6007,NO,,,,,,,,,,,0.0263,,,,,,,0.0331,0.0306,,,0.0087,,,-0.0453,-0.0561,,,-0.0216,-0.0191
2016-01-16,19.476,-155.6006,NO,,,0.0562,,0.0637,,0.0364,,0.0236,,,0.0243,,-0.0058,,0.0015,,,,0.027,,,,-0.024,,,-0.0509,,,
2016-01-16,19.476,-155.6008,O,,,0.0517,,0.0524,,0.0337,,,,,0.0256,,0.0263,,,0.0456,,,,,,,-0.0184,-0.0231,,,0.0137,,
2016-01-16,19.476,-155.6007,O,,0.0752,,0.034,,,,0.0145,0.0229,0.0333,0.0429,,,,,,,,,,,,,,,-0.0157,-0.0305,,0.0092,
2016-01-16,19.476,-155.6006,O,,,,,,0.0409,,,,,,,0.0103,,0.0407,0.0504,,,,,,,,,,,,,,0.0177
2016-01-16,19.476,-155.6008,S,0.1565,,,,,-0.023,,,-0.0328,,-0.0119,,,0.0767,,,,,0.0788,,,-0.0334,,-0.0492,-0.054,,-0.0613,,-0.0653,
2016-01-16,19.476,-155.6007,S,,0.0733,,-0.0023,,,-0.0052,,,,,-0.0063,,,0.1169,0.1606,0.1659,0.1529,,,,,,,,-0.0573,,-0.062,,
2016-01-16,19.476,-155.6006,S,,,-0.0063,,-0.0097,,,-0.0168,,-0.0276,,,0.0402,,,,,,,0.0023,-0.0134,,-0.0416,,,,,,,-0.0693
2016-01-16,19.476,-155.6008,SE,,,,-0.0159,,-0.0277,,,,0.0128,,0.0995,0.1715,,0.2212,,0.155,0.0997,0.0287,-0.038,,,-0.0782,,,-0.0934,,-0.1027,-0.1045,
2016-01-16,19.476,-155.6007,SE,,0.0686,,,,,,-0.0135,,,0.0407,,,,,0.1873,,,,,-0.0595,,,,,,,,,
2016-01-16,19.476,-155.6006,SE,,,0.0062,,-0.0173,,-0.0177,,0.0031,,,,,0.2139,,,,,,,,-0.0724,,-0.0863,-0.0894,,-0.099,,,-0.1051
2016-01-16,19.476,-155.6008,SO,,,,0.0231,,0.0851,,,0.115,,,,0.0271,0.0066,,,-0.0153,,,,,,0.0132,,,-0.1036,-0.1157,-0.1027,-0.1025,-0.0837
2016-01-16,19.476,-155.6007,SO,,0.0965,,,,,0.0862,,,0.1162,,0.0236,,,0.0015,,,,,,,,,,,,,,,
2016-01-16,19.476,-155.6006,SO,0.1699,,0.0242,,0.0321,,,0.0945,,,0.1045,,,,,-0.0091,,-0.0089,0.0149,0.0841,0.1127,0.0913,,-0.0279,-0.0819,,,,,
2016-02-09,19.4733,-155.5999,E,,0.0573,0.0458,0.0101,0.0236,0.0291,0.0295,0.0283,0.0354,0.042,0.0439,0.0292,0.0311,0.0295,0.0352,0.0341,0.0329,0.028,0.0131,-0.0089,-0.0096,-0.0207,-0.0135,0.0129,0.0268,-0.0085,-0.0423,-0.025,-0.0293,-0.0443
2016-02-09,19.4733,-155.5999,N,0.0535,0.0501,0.0532,0.0511,0.013,0.008,0.0047,0.0051,0.0125,0.0097,0.0215,0.015,0.0156,0.0272,0.0074,0.004,0.0031,0.0054,-0.0273,-0.0414,-0.0349,-0.0039,-0.0005,0.0098,0.0076,-0.0007,-0.0038,-0.0003,-0.0063,-0.005
2016-02-09,19.4733,-155.5999,NE,,0.0475,0.0363,0.0147,-0.0033,-0.0033,-0.0041,-0.0033,-0.0104,-0.0058,-0.0087,-0.0159,-0.0164,-0.017,-0.0111,-0.0089,-0.0034,-0.0028,0.0113,0.0043,0.0295,0.0085,0.0222,0.0097,0.0085,0.0078,0.0109,-0.0082,-0.0212,-0.0247
2016-02-09,19.4733,-155.5999,NO,,-0.0088,-0.0037,-0.0095,-0.0137,-0.0203,-0.0181,-0.0012,0.0147,0.038,0.0399,0.0264,0.018,-0.0009,-0.0026,-0.0068,-0.0109,-0.0128,-0.0125,-0.0164,-0.0276,-0.0247,-0.0136,0.0028,0.0086,0.0183,0.0138,0.0064,-0.0003,-0.0013
2016-02-09,19.4733,-155.5999,O,0.0092,0.0069,0.0216,0.0201,0.0179,0.0189,0.0233,0.0237,0.0157,0.0119,0.014,0.0127,0.0083,0.0229,0.0265,0.027,0.0297,0.0292,0.0397,0.0158,0.024,-0.0179,-0.0504,-0.0247,-0.0161,0.0212,0.0124,0.008,0.0047,-0.055
2016-02-09,19.4733,-155.5999,S,0.1589,0.1627,0.1632,0.1046,0.1041,0.1082,0.1103,0.1064,0.1028,0.097,0.0913,-0.0223,-0.0274,-0.0245,-0.0403,-0.0299,-0.0126,-0.0094,0.0247,0.0467,0.0668,0.0689,0.0577,0.0307,0.0007,-0.0175,-0.0233,-0.0259,-0.028,-0.0306
2016-02-09,19.4733,-155.5999,SE,,0.1253,0.1233,0.1121,0.0646,0.1134,0.0555,0.0619,0.0639,0.0262,-0.0082,-0.0066,-0.0112,-0.0398,-0.0411,-0.0383,-0.0298,-0.0093,0.0103,0.0324,0.0371,0.0788,0.0818,0.0671,0.0345,-0.0117,-0.0353,-0.039,-0.0417,-0.0451
2016-02-09,19.4733,-155.5999,SO,,0.151,0.1566,0.1605,0.1257,0.1283,0.1254,0.1202,0.1169,0.1119,0.0961,0.089,0.0865,0.0777,0.0275,0.0794,-0.0461,-0.0435,-0.0591,-0.0553,-0.0346,-0.0365,-0.0239,-0.0184,-0.0101,-0.0042,0.0019,0.0077,-0.0024,0.0031
2016-03-28,19.473,-155.5998,E,,0.0616,,,,-0.0018,,,0.0036,,,,,,,0.0335,,0.0491,,,0.0083,,,,,-0.0011,-0.0396,,,
2016-03-28,19.4731,-155.5998,E,,,,-0.0024,,,,-0.0011,,0.0145,0.0189,,0.016,0.0198,,,,,0.042,0.019,,,,-0.0124,0.0043,,,,-0.043,
2016-03-28,19.4733,-155.5999,E,,,0.048,,-0.0067,,-0.0029,,,,,0.0134,,,0.0289,,0.041,,,,,-0.0011,-0.0257,,,,,-0.0408,,-0.0509
2016-03-28,19.473,-155.5998,N,,,0.0418,,,,,,,,,0.042,,,0.0246,0.017,,-0.0022,,-0.0375,,-0.0026,,,-0.0051,,-0.0087,,,-0.0135
2016-03-28,19.4731,-155.5998,N,0.0611,0.0618,,,0.039,,0.0283,0.022,0.0402,0.041,,,0.0467,,,,,,,,,,,,,,,-0.0105,,
2016-03-28,19.4733,-155.5999,N,,,,0.0461,,0.0263,,,,,0.0459,,,0.0525,,,0.0162,,-0.0279,,-0.0266,,-0.0026,0.0011,,-0.0057,,,-0.0127,
2016-03-28,19.473,-155.5998,NE,,,,,-0.0134,,-0.0148,,-0.0152,,-0.0064,,,,-0.0123,,,-0.0026,,0.0039,,0.0157,,0.0212,,0.0177,,,-0.0111,
2016-03-28,19.4731,-155.5998,NE,,0.0537,0.0451,0.017,,,,,,,,-0.0127,,-0.0195,,,,,,,,,,,,,,,,-0.0295
2016-03-28,19.4733,-155.5999,NE,,,,,,-0.02,,-0.0151,,-0.0071,,,-0.0156,,,-0.011,-0.0051,,0.0025,,0.0111,,0.0164,,0.0185,,0.0243,-0.0042,,
2016-03-28,19.473,-155.5998,NO,,,,,,,0.0263,,0.0319,,0.0822,,,,0.0059,,,-0.0126,,-0.0341,,-0.0288,,-0.0078,,0.0135,,,-0.0154,
2016-03-28,19.4731,-155.5998,NO,,0.0349,0.0377,0.0345,0.0244,0.0257,,,,,,,0.0216,,,,,,,,,,,,,,,,,
2016-03-28,19.4733,-155.5999,NO,,,,,,,,0.0292,,0.0824,,0.0378,,0.0086,,-0.0035,-0.0078,,-0.012,,-0.031,,-0.0237,,0.0061,,0.0132,-0.0024,,-0.0123
2016-03-28,19.473,-155.5998,O,,,,,,0.0645,,0.0545,,0.0379,,,,,,0.021,,,,0.0005,,,,,-0.0085,0.0167,,0.0203,,
2016-03-28,19.4731,-155.5998,O,0.0558,0.0632,,0.0717,,,0.0687,,,,0.0329,,0.0168,,0.0303,,0.0276,,0.0097,,-0.0027,,-0.0405,,,,,,0.0318,
2016-03-28,19.4733,-155.5999,O,,,0.07,,0.0692,,,,0.0387,,,0.0266,,0.0227,,,,0.0245,,,,-0.0127,,-0.0184,,,0.0166,,,0.0201
2016-03-28,19.473,-155.5998,S,,0.1595,,0.148,,,0.0708,,,0.0562,,,-0.0401,,,-0.0412,,,0.036,,,0.0814,,-0.0089,-0.0207,,-0.0281,-0.0318,,
2016-03-28,19.4731,-155.5998,S,0.1621,,,,0.0784,,,,0.0596,,,0.0031,,,,,,,,,0.103,,,,,,,,,-0.038
2016-03-28,19.4733,-155.5999,S,,,0.1458,,,0.075,,0.0666,,,0.0555,,,-0.0268,-0.03,,-0.0196,0.0045,,0.0702,,,0.0568,,,-0.023,,,-0.0344,
2016-03-28,19.473,-155.5998,SE,,,0.098,,0.0634,0.06,,0.0232,,0.031,,-0.0327,,-0.0449,,-0.032,,-0.0034,0.0136,,0.0529,,0.0645,,0.0231,,-0.0348,,,-0.0462
2016-03-28,19.4733,-155.5999,SE,,0.1024,,0.0864,,,0.0141,,0.0245,,-0.0331,,-0.0247,,-0.0398,,-0.0181,,,0.0296,,0.0765,,0.0467,,-0.0257,,-0.0378,-0.0422,
2016-03-28,19.473,-155.5998,SO,,,0.2082,,,,,0.1508,,0.1164,,0.0945,,,,0.049,,-0.0609,,,-0.0248,,-0.0312,,,,-0.0126,,,-0.014
2016-03-28,19.4731,-155.5998,SO,,,,,0.2113,0.1669,0.1619,,,,,,,0.0759,,,,,,-0.0546,,,,,-0.0163,,,,-0.0152,
2016-03-28,19.4733,-155.5999,SO,,0.1906,,0.2061,,,,,0.1388,,0.1032,,0.0845,,0.0611,,-0.0638,,-0.041,,,-0.0372,,-0.0181,,-0.012,,-0.0123,,
2016-11-07,19.4733,-155.5999,E,,0.0898,0.0742,0.0259,0.0381,0.042,0.0408,0.0387,0.0419,0.047,0.0463,0.0221,0.0258,0.0287,0.0367,0.0413,0.0487,0.0432,0.0291,0.0077,0.0067,-0.025,-0.013,0.008,0.0233,-0.0018,-0.0508,-0.0474,-0.0384,-0.0486
2016-11-07,19.4733,-155.5999,N,0.0895,0.0843,0.0832,0.078,0.0298,0.0214,0.017,0.0159,0.0209,0.0171,0.0338,0.0319,0.0355,0.0451,0.0209,0.008,0.0015,0.0065,-0.0249,-0.0422,-0.0356,-0.0163,-0.0158,0.0051,-0.0003,0.0007,-0.005,-0.0034,-0.0077,0.0009
2016-11-07,19.4733,-155.5999,NE,,0.0614,0.0473,0.0195,-0.0056,-0.0103,-0.0123,-0.0108,-0.0196,-0.0052,-0.002,-0.0115,-0.0132,-0.0116,-0.0051,-0.0008,-0.0014,-0.0011,0.02,0.014,0.0351,0.0152,0.0222,0.0065,0.0034,-0.0022,0.0006,-0.0178,-0.0281,-0.0275
2016-11-07,19.4733,-155.5999,NO,,0.034,0.0402,0.0346,0.0356,0.0325,0.0237,0.0314,0.0345,0.071,0.0774,0.053,0.0466,0.0235,0.016,0.0063,-0.0056,-0.0106,-0.0121,-0.0219,-0.0301,-0.0277,-0.022,-0.0141,-0.0007,0.0156,0.0093,-0.018,-0.022,-0.0253
2016-11-07,19.4733,-155.5999,O,0.0276,0.0235,0.0504,0.046,0.0426,0.0412,0.0565,0.0569,0.0359,0.0361,0.0389,0.0363,0.0187,0.027,0.0297,0.0244,0.0245,0.0294,0.0428,0.0214,0.0152,-0.0279,-0.06,-0.0447,-0.0298,0.0121,0.0135,0.0083,0.0074,-0.0637
2016-11-07,19.4733,-155.5999,S,0.1899,0.1946,0.1957,0.1298,0.129,0.1364,0.1429,0.1456,0.1432,0.1323,0.119,-0.0104,-0.0139,-0.0198,-0.0307,-0.0363,-0.025,-0.0344,-0.005,0.0231,0.0547,0.0661,0.0542,0.0396,0.0101,-0.0149,-0.0219,-0.027,-0.0315,-0.0352
2016-11-07,19.4733,-155.5999,SE,,0.1724,0.1687,0.1538,0.1039,0.1526,0.0975,0.1074,0.0984,0.0491,0.0006,-0.0031,-0.0097,-0.044,-0.0442,-0.0438,-0.035,-0.0224,-0.0075,0.0119,0.0356,0.0637,0.0737,0.0659,0.0295,-0.0103,-0.0311,-0.0349,-0.0383,-0.0425
2016-11-07,19.4733,-155.5999,SO,,0.1971,0.2054,0.21,0.1729,0.1713,0.1689,0.1652,0.1597,0.1502,0.1334,0.1211,0.1165,0.1034,0.0403,0.0934,-0.039,-0.0448,-0.0561,-0.0509,-0.029,-0.0365,-0.0308,-0.0401,-0.0349,-0.0314,-0.0239,0.0015,-0.0221,0.0121
2017-01-10,19.4743,-155.6028,E,,,,,,-0.044,,-0.0795,-0.0949,,,,0.0682,,,,,,0.0286,,-0.0407,,-0.0533,,,-0.0678,,-0.0759,-0.0821,-0.0863
2017-01-10,19.4744,-155.6028,E,,,0.127,0.0899,,,-0.0649,,,,-0.052,,,0.1155,,0.1173,,0.0689,,,,,,,,,,,,
2017-01-10,19.4744,-155.6029,E,,0.1694,,,-0.0208,,,,,-0.0909,,-0.0238,,,0.1353,,0.0939,,,-0.0039,,-0.0481,,-0.0574,-0.0637,,-0.0713,,,
2017-01-10,19.4743,-155.6028,N,0.2626,,,,0.0406,0.0208,,,,,,,,,-0.0164,-0.0113,-0.0037,-0.0065,,0.005,0.0057,,,0.0219,,,-0.0034,0.0092,-0.0066,-0.0011
2017-01-10,19.4744,-155.6028,N,,0.1836,0.1017,0.0713,,,0.0108,,,-0.0087,-0.0116,-0.0134,,,,,,,0.0014,,,,,,,,,,,
2017-01-10,19.4744,-155.6029,N,,,,,,,,-0.0027,-0.0088,,,,-0.0113,-0.0184,,,,,,,,0.0111,0.0219,,0.0153,0.0058,,,,
2017-01-10,19.4743,-155.6028,NE,,,0.0808,,0.1595,,0.0639,,0.0447,,,,0.0345,0.0232,,-0.0072,,-0.0263,,,,-0.0491,,-0.0461,,,-0.0428,,-0.0404,-0.0388
2017-01-10,19.4744,-155.6028,NE,,0.2466,,,,,,,,,,0.0569,,,,,,,,-0.0378,-0.0459,,,,,,,,,
2017-01-10,19.4744,-155.6029,NE,0.264,,,0.1637,,0.0611,,0.0541,,0.0669,0.0473,,,,0.0139,,-0.0181,,-0.0272,,,,-0.0479,,-0.0492,-0.0342,,-0.0396,,
2017-01-10,19.4743,-155.6028,NO,,0.0595,,,0.0424,,0.0339,,0.0095,0.0047,,,,0.0211,,,0.0145,,,-0.0038,-0.013,0.0021,-0.014,0.0054,-0.0038,,,,-0.0328,
2017-01-10,19.4744,-155.6028,NO,,,0.045,,,,,,,,0.0143,,,,,0.0039,,,,,,,,,,-0.0217,,,,
2017-01-10,19.4744,-155.6029,NO,0.2335,,,0.0563,,0.0524,,0.0209,,,,0.0111,0.0212,,0.0213,,,0.0184,0.009,,,,,,,,-0.0306,-0.0271,,-0.0347
2017-01-10,19.4743,-155.6028,O,0.2251,,,0.1936,,0.1649,,0.0914,,,0.029,,0.0154,0.0133,,0.0104,,-0.0004,,,,,-0.0141,-0.02,-0.0223,-0.0223,,-0.0206,,
2017-01-10,19.4744,-155.6028,O,,0.2991,0.2152,,,,,,,0.041,,,,,0.0136,,,,-0.0025,,-0.0078,,,,,,,,-0.0195,
2017-01-10,19.4744,-155.6029,O,,,,,0.1955,,0.1313,,0.0603,,,0.0197,,,,,0.006,,,-0.0069,,-0.0121,,,,,-0.0206,,,-0.0187
2017-01-10,19.4743,-155.6028,S,,0.2218,,0.1538,,,0.075,,,,,,,,,,,,-0.0279,-0.0273,,-0.0184,,,-0.0208,,,,,-0.0257
2017-01-10,19.4744,-155.6028,S,,,,,0.1089,0.1084,,0.1048,0.0993,,0.1465,,,0.0648,,0.0047,-0.0167,,,,-0.0198,,-0.0226,-0.0212,,,,-0.0225,,
2017-01-10,19.4744,-155.6029,S,,,0.2328,,,,,,,0.1179,,0.1196,0.1017,,0.0234,,,-0.0285,,,,,,,,-0.0209,-0.0207,,-0.0248,
2017-01-10,19.4743,-155.6028,SE,,,0.148,,0.045,,,,,0.1513,,,0.1474,,,,,0.004,,,-0.0345,-0.0409,,-0.0462,-0.0483,,,-0.0546,-0.0545,
2017-01-10,19.4744,-155.6028,SE,0.2382,0.1936,,,,,,0.0727,,,0.176,,,0.095,0.0649,0.0498,0.0232,,,-0.0223,,,,,,,,,,
2017-01-10,19.4744,-155.6029,SE,,,,0.0766,,0.054,0.0532,,0.1478,,,0.2011,,,,,,,-0.0127,,,,-0.0439,,,-0.0497,-0.0517,,,-0.0545
2017-01-10,19.4743,-155.6028,SO,,,0.2465,,,,0.0945,,,0.0204,,0.0032,,0.042,,,,0.0326,,,0.0108,,,,-0.0216,,-0.0358,,-0.0352,
2017-01-10,19.4744,-155.6028,SO,,,,0.2401,0.2218,,,0.0587,0.0288,,,,,,0.0506,0.0511,,,,0.0224,,0.0083,,-0.0148,,,,,,
2017-01-10,19.4744,-155.6029,SO,0.2417,0.2414,,,,0.1894,,,,,0.0119,,0.0375,,,,0.0441,,0.0244,,,,-0.0071,,,-0.026,,-0.0385,,-0.0368
2017-02-03,19.475,-155.6029,E,,0.2025,0.1919,0.1879,0.1676,0.1654,,,,,,,,,0.269,0.1895,0.0295,0.0089,-0.0142,-0.0234,-0.0294,-0.0336,-0.0381,-0.0405,-0.046,-0.0496,-0.0551,-0.0514,-0.042,-0.0315
2017-02-03,19.475,-155.6029,N,,0.1247,0.0835,0.1105,0.0804,0.0582,0.0406,0.1111,0.0958,0.0992,0.0808,0.0764,0.0744,0.0842,0.0803,0.0783,0.0742,0.0651,-0.0176,-0.1092,-0.105,-0.0936,0.081,0.1012,0.0995,0.0213,-0.0993,-0.1046,-0.122,-0.093
2017-02-03,19.475,-155.6029,NE,0.0988,0.0991,0.0883,0.0803,0.0725,0.0492,0.0439,0.0346,0.1433,0.1355,,,,,,,0.0808,0.1026,0.0946,0.082,0.0499,0.0692,0.0542,-0.0216,-0.0392,0.0347,0.0155,-0.0932,-0.0549,-0.1022
2017-02-03,19.475,-155.6029,NO,0.0438,0.0914,0.0486,0.0343,0.0705,0.0533,0.0412,0.0429,0.0534,0.039,0.0275,0.0378,0.0542,0.0529,0.0669,0.0863,0.0846,0.0789,0.0894,0.0833,0.0831,0.0848,0.102,0.1231,0.1029,0.0922,-0.1185,-0.1487,-0.1617,-0.1445
2017-02-03,19.475,-155.6029,O,,0.2053,0.1481,0.1772,0.1844,0.1733,0.1597,0.1542,0.1483,0.1356,0.1236,0.057,0.0372,0.0291,0.0703,-0.0492,-0.0515,-0.0534,0.1097,-0.0384,,,,,,,-0.1152,-0.0583,-0.0769,-0.0858
2017-02-03,19.475,-155.6029,S,,0.2347,0.2303,0.2311,0.2166,0.2226,0.2348,0.2437,0.2561,0.2415,0.1512,0.112,0.0748,0.0142,-0.0094,-0.0254,-0.0339,-0.0354,-0.032,-0.0265,-0.0203,-0.0284,-0.0363,-0.0393,-0.0419,-0.0424,-0.0383,-0.0341,-0.0347,-0.0363
2017-02-03,19.475,-155.6029,SE,0.1957,0.1904,0.1933,0.1912,0.1903,0.1955,0.2067,0.2451,0.2723,0.2982,0.1811,0.0988,0.0428,0.033,0.0338,0.0304,0.0116,-0.0022,-0.01,-0.0255,-0.0389,-0.043,-0.0473,-0.0536,-0.0565,-0.0594,-0.0652,-0.0672,-0.0568,-0.0422
2017-02-03,19.475,-155.6029,SO,0.0551,0.056,0.0451,0.0497,0.0523,0.0505,0.0378,0.0424,0.0423,0.046,0.059,0.0266,0.1199,0.1036,0.075,0.0594,0.05,0.0076,0.0026,0.037,0.0073,-0.0288,-0.0732,-0.0723,-0.103,-0.1111,-0.1197,-0.1287,-0.1071,-0.1358
2017-03-15,19.476,-155.6008,E,,,,,,,-0.0382,-0.0535,,,,0.0401,,0.0653,,,0.0225,,,,,-0.0443,,-0.0369,,-0.0283,,,-0.0146,
2017-03-15,19.476,-155.6007,E,,0.2012,0.1956,,0.17,0.1648,,,-0.0601,,,,,,0.0506,0.0302,,0.0043,-0.0303,,,,,,-0.0326,,,,,
2017-03-15,19.476,-155.6006,E,0.2116,,,0.1862,,,,,,-0.0621,0.0027,,0.0695,,,,,,,-0.0372,-0.0455,,-0.0359,,,,-0.0245,-0.0124,,0.0118
2017-03-15,19.476,-155.6008,N,,,,,,,,,,-0.0902,-0.086,,-0.0874,,,-0.0482,,-0.0391,,,0.173,,,,,,-0.0599,-0.0535,-0.0611,
2017-03-15,19.476,-155.6007,N,0.212,0.2106,,0.0886,-0.0359,-0.0563,-0.0645,,-0.081,,,,,-0.0863,,,,,,,,,,-0.0541,-0.0511,,,,,
2017-03-15,19.476,-155.6006,N,,,-0.008,,,,,-0.0743,,,,-0.0833,,,-0.0691,,-0.0482,,-0.028,0.1755,,0.1773,-0.0379,,,-0.0533,,,,-0.0682
2017-03-15,19.476,-155.6008,NE,,,,0.2686,,,,0.032,,0.0153,,,-0.0072,,-0.0128,,-0.0074,,-0.0062,,-0.0073,,,-0.0137,,,-0.0031,-0.0032,,
2017-03-15,19.476,-155.6007,NE,,0.2714,0.2675,,,0.0491,0.0389,,,,,,,,,,,,,,,,-0.013,,,,,,,0.0048
2017-03-15,19.476,-155.6006,NE,,,,,0.0487,,,,0.0263,,0.0083,-0.0011,,-0.0127,,-0.0103,,-0.0058,,-0.0089,,-0.0116,,,-0.0071,-0.0103,,,0.004,
2017-03-15,19.476,-155.6008,NO,,0.2285,,0.208,,0.1853,,-0.0337,,-0.0421,,,-0.0355,,-0.0319,,0.1991,,,,-0.0249,-0.0366,,,,-0.0825,,-0.0925,,-0.0874
2017-03-15,19.476,-155.6007,NO,,,,,,,,,,,-0.0389,,,,,,,0.2188,0.2131,,,,,-0.0655,-0.0696,,,,,
2017-03-15,19.476,-155.6006,NO,,,0.0078,,0.2037,,-0.0266,,-0.0375,,,-0.0384,,-0.032,,-0.0257,,,,0.2012,,,-0.0536,,,,-0.089,,-0.0869,
2017-03-15,19.476,-155.6008,O,,,-0.0576,,-0.0536,,-0.0656,,,,,0.1892,,0.13,0.2055,,0.0056,0.027,,-0.0147,,,,,,,,-0.0274,,
2017-03-15,19.476,-155.6007,O,,0.1986,,-0.0749,,,,-0.0869,-0.0398,-0.0428,0.0852,,,,,,,,,,-0.0313,,-0.0654,-0.0662,-0.0512,-0.0393,,,-0.0203,
2017-03-15,19.476,-155.6006,O,,,,,,-0.0569,,,,,,,0.1218,,,0.0283,,,0.0032,,,-0.0548,,,,,-0.0375,,,0.0051
2017-03-15,19.476,-155.6008,S,0.2506,,,,,0.0765,,,0.0025,,-0.0184,,,0.0599,,,,,0.1043,,,-0.0138,,-0.0499,-0.0532,,-0.0593,,-0.0656,-0.0696
2017-03-15,19.476,-155.6007,S,,0.1797,,0.1071,,,0.0924,,,,,-0.0138,,,0.079,0.116,0.1414,0.124,,,,,,,,-0.0567,,-0.0626,,
2017-03-15,19.476,-155.6006,S,,,0.1074,,0.0961,,,0.0651,,-0.0316,,,0.0514,,,,,,,0.089,0.0422,,-0.0444,,,,,,,
2017-03-15,19.476,-155.6008,SE,,,,0.035,,-0.0136,,,,0.0665,,,0.1329,,0.0841,,0.0987,,0.0821,,-0.0178,,-0.0543,,,-0.0695,,-0.0749,,-0.0809
2017-03-15,19.476,-155.6007,SE,,0.2004,,,,,,-0.0253,,,0.0848,0.1109,,,,,,,,,,,,-0.0615,,,,,-0.0786,
2017-03-15,19.476,-155.6006,SE,,,0.1332,,0.0087,,-0.0264,,-0.0198,,,,,0.1445,,0.0617,,0.088,,-0.0005,,-0.0382,,,-0.066,,-0.0713,,,
2017-03-15,19.476,-155.6008,SO,,,,0.0673,,0.0301,,,0.2203,,,,0.1206,0.1002,,,-0.0436,,,,-0.0702,,-0.0593,,,-0.0491,,-0.0461,,-0.0417
2017-03-15,19.476,-155.6007,SO,,0.1871,,,,,0.0945,,,0.221,,0.137,,,-0.0028,,,-0.0526,-0.0585,,,,,-0.0602,,,,,,
2017-03-15,19.476,-155.6006,SO,0.2468,,0.1304,,0.0259,,,0.2204,,,0.2104,,,,,-0.0249,,,,-0.067,,-0.0682,,,-0.0467,,-0.0349,,-0.0428,
2017-04-16,19.4733,-155.5999,E,,0.1505,0.1295,0.0803,0.0901,0.0967,0.0986,0.0976,0.104,0.1047,0.1019,0.0722,0.0686,0.0613,0.0627,0.0547,0.0555,0.048,0.0316,0.0067,0.0055,-0.0685,-0.0706,-0.0405,-0.0036,-0.0062,-0.0075,-0.018,-0.0231,-0.0291
2017-04-16,19.4733,-155.5999,N,0.0564,0.0552,0.0587,0.0582,0.0059,0.0016,-0.0033,-0.0038,0.0058,0.0094,0.0212,0.02,0.0226,0.0306,0.0222,0.0182,0.0166,0.0222,-0.0139,-0.0361,-0.0258,-0.0161,-0.0109,0.0088,-0.0009,-0.0086,-0.0151,-0.0117,-0.0195,-0.0128
2017-04-16,19.4733,-155.5999,NE,,0.0817,0.0602,0.032,0.0047,0.0087,0.0135,0.0221,0.0106,0.016,0.0065,-0.0107,-0.0212,-0.0207,-0.0199,-0.0,-0.0065,0.0018,0.0606,0.0281,0.0688,0.0442,0.0541,0.0137,0.0067,-0.0028,-0.0004,-0.0015,-0.0223,-0.0465
2017-04-16,19.4733,-155.5999,NO,,-0.011,-0.0041,-0.0085,-0.0081,-0.0118,-0.0151,0.0086,0.0223,0.0653,0.0753,0.0639,0.0559,0.0377,0.0235,0.0105,0.0012,-0.0057,-0.0058,-0.0204,-0.0284,-0.0323,-0.0256,-0.0227,-0.006,0.0052,0.0091,-0.0165,-0.0135,-0.0115
2017-04-16,19.4733,-155.5999,O,0.0002,-0.0039,0.0243,0.019,0.0174,0.0172,0.0393,0.0427,0.0281,0.0353,0.0417,0.0336,0.0326,0.0446,0.047,0.0486,0.0461,0.0449,0.055,0.0259,0.0219,-0.0446,-0.0799,-0.0617,-0.0431,0.0157,0.016,0.0153,0.0171,-0.091
2017-04-16,19.4733,-155.5999,S,0.1997,0.201,0.1963,0.1155,0.1143,0.1157,0.1176,0.1192,0.1158,0.1132,0.114,-0.0283,-0.0192,-0.0179,-0.0326,-0.044,-0.0378,-0.019,0.0267,0.0265,0.0935,0.0858,0.0765,0.0419,0.011,-0.0134,-0.0291,-0.0351,-0.0399,-0.0459
2017-04-16,19.4733,-155.5999,SE,,0.2198,0.2131,0.1914,0.1303,0.1908,0.1139,0.1253,0.1276,0.0828,0.0378,0.0352,0.0265,-0.0235,-0.0305,-0.0327,-0.0327,-0.03,-0.0263,-0.0146,0.0189,0.0479,0.0177,0.0272,-0.0016,-0.0055,-0.0089,-0.0144,-0.0194,-0.0256
2017-04-16,19.4733,-155.5999,SO,,0.1965,0.2062,0.208,0.1519,0.1544,0.1564,0.1441,0.1428,0.1307,0.1196,0.111,0.1014,0.1005,0.0376,0.0997,-0.0289,-0.0389,-0.0424,-0.0462,-0.0311,-0.0379,-0.0362,-0.0302,-0.0223,-0.0143,-0.0207,-0.0059,-0.0435,-0.018
2017-12-12,19.4779,-155.6008,E,,,0.2662,,,0.2487,,,,,,,,-0.0183,,,,,,,,-0.0186,,-0.0249,,,,-0.0278,,
2017-12-12,19.4779,-155.6008,E,,,,,0.2649,,0.2326,,0.1366,0.1102,0.0576,0.0142,-0.0093,,-0.0199,,-0.0258,-0.0238,-0.0243,-0.0228,-0.0217,,,,,-0.0248,,,-0.0249,-0.0232
2017-12-12,19.4779,-155.6009,E,0.2703,0.2718,,0.2753,,,,0.2084,,,,,,,,-0.0245,,,,,,,-0.0232,,-0.0237,,-0.0258,,,
2017-12-12,19.4779,-155.6008,N,,,0.0375,,,,,,,,,-0.0204,,,,,,,0.0285,,,0.0165,,,0.0012,,-0.0014,-0.006,,-0.0068
2017-12-12,19.4779,-155.6008,N,0.0302,0.0249,,0.0297,,0.0162,0.0068,0.012,0.0107,0.0068,-0.0177,,-0.0212,-0.0215,,-0.0159,0.0029,,,,,,,,,,,,-0.0037,
2017-12-12,19.4779,-155.6009,N,,,,,0.0215,,,,,,,,,,-0.0192,,,0.0233,,0.0287,0.0266,,0.018,0.0178,,0.0016,,,,
2017-12-12,19.4779,-155.6008,NE,,,,,0.069,,0.0204,,0.0125,,0.0122,,,,,0.0468,,0.0314,,,,0.0081,,,-0.0121,-0.0252,,,-0.0316,
2017-12-12,19.4779,-155.6008,NE,,-0.0133,-0.0133,,,,,,,,,0.043,0.0364,0.0628,,,,,0.0026,0.0258,,,-0.0078,-0.0211,,,,,,
2017-12-12,19.4779,-155.6009,NE,,,,0.0728,,0.0673,,-0.0071,,0.0261,,,,,0.0296,,0.0071,,,,0.0194,,,,,,-0.0221,-0.0256,,-0.0322
2017-12-12,19.4779,-155.6008,NO,,0.0359,,0.0318,,0.0255,0.0194,,,0.0067,0.0019,,-0.0124,,-0.0092,,-0.0002,,0.003,,,0.0114,,,0.0127,0.0067,,0.0038,,
2017-12-12,19.4779,-155.6008,NO,,,,,,,,,0.0119,,,,,,,,,,,,,,,,,,,,-0.0179,
2017-12-12,19.4779,-155.6009,NO,,,0.0232,,0.027,,,0.0154,,,,-0.0065,,-0.0164,,-0.0066,,0.0077,,0.0084,0.0027,,0.0114,0.0105,,,0.0055,,,-0.0234
2017-12-12,19.4779,-155.6008,O,,,,0.0445,,,0.0367,,,,,,0.0135,,0.0057,0.0196,,,,,,,,,0.0257,,,,,
2017-12-12,19.4779,-155.6008,O,,0.0617,0.0507,,0.0359,,,0.0432,0.036,0.0298,0.0202,0.0187,,,,,0.0212,0.0174,0.0147,0.0102,0.0062,0.0188,0.0087,0.0091,,0.0057,-0.006,-0.0105,,
2017-12-12,19.4779,-155.6009,O,,,,,,0.0333,,,,,,,,0.0124,,,,,,,,,,,,,,,0.007,0.0033
2017-12-12,19.4779,-155.6008,S,0.1005,,,,,,0.0598,,,0.1141,,0.1302,,,0.1371,,,0.044,-0.0013,,,,,-0.0514,-0.0539,,-0.0558,,,-0.0652
2017-12-12,19.4779,-155.6008,S,,0.0105,,0.0202,,0.0436,,,,,0.1352,,0.1443,,,,,,,,,,-0.0439,,,,,,,
2017-12-12,19.4779,-155.6009,S,,,0.0263,,0.0241,,,0.0735,0.0911,,,,,0.1407,,0.1054,0.0668,,,-0.0264,-0.0344,-0.0389,,,,-0.0626,,-0.0562,-0.0614,
2017-12-12,19.4779,-155.6008,SE,,,0.3079,0.3174,,0.2867,,,,0.0287,,,-0.0227,,,,-0.022,,,-0.0109,-0.0163,,-0.0088,-0.0036,,0.0032,,0.0018,,
2017-12-12,19.4779,-155.6008,SE,,0.2997,,,,,,0.1432,,,-0.0019,,,,-0.0243,-0.0235,,,-0.0137,,,,,,,,,,,0.0104
2017-12-12,19.4779,-155.6009,SE,,,,,0.3175,,0.2108,,0.0683,,,-0.0184,,-0.0267,,,,-0.0191,,,,-0.0134,,,0.0036,,0.0125,,0.0084,
2017-12-12,19.4779,-155.6008,SO,,,-0.0009,,,,,,0.0112,,,,0.0335,,,0.0185,,,,0.0129,,,-0.0067,,,,-0.0349,,-0.0399,
2017-12-12,19.4779,-155.6008,SO,,0.0034,,,-0.0017,0.0003,0.0005,0.0061,,0.0152,,0.0177,,,0.0109,,0.0171,,,,,,,-0.0276,-0.0334,-0.0389,,,,
2017-12-12,19.4779,-155.6009,SO,0.11,,,0.0006,,,,,,,0.026,,,0.0161,,,,0.0229,0.0146,,0.0114,-0.0046,,,,,,-0.0413,,-0.0297
2017-12-28,19.4746,-155.6028,E,,,,,,-0.0368,,-0.0601,-0.061,,0.0024,,0.0764,,,,,0.0356,,,-0.0404,,-0.0525,,,,,-0.0657,-0.067,-0.0668
2017-12-28,19.4748,-155.6028,E,,,0.0953,0.0403,,,-0.0368,,,-0.0271,,,,0.1029,0.0846,,,,0.0016,,,,,,,-0.0608,,,,
2017-12-28,19.475,-155.6029,E,,0.0805,,,-0.0264,,,,,,,0.0596,,,,0.0858,0.0756,,,-0.0266,,-0.0459,,-0.0552,-0.0594,,-0.0638,,,
2017-12-28,19.4746,-155.6028,N,0.2539,,,,0.0273,0.013,,,,,,-0.0054,,,,-0.0159,-0.0128,,-0.0102,-0.0115,,-0.0029,,,,,,,,0.0132
2017-12-28,19.4748,-155.6028,N,,0.1793,0.1304,0.0672,,,,,,,-0.0057,,,-0.0294,-0.0306,,,-0.0293,,,,,0.0199,,0.0266,,,0.022,,
2017-12-28,19.475,-155.6029,N,,,,,,,-0.0021,-0.0123,-0.0096,0.0015,,,-0.0184,,,,,,,,-0.0208,,,0.0301,,0.0214,0.0076,,0.006,
2017-12-28,19.4746,-155.6028,NE,,,0.1133,,,,0.0623,,0.0538,,,,0.0083,-0.0067,,-0.0215,,-0.0302,,,-0.0344,-0.0334,,-0.031,,,-0.0326,,-0.0259,-0.032
2017-12-28,19.4748,-155.6028,NE,,0.2397,,,0.0946,0.0688,,,,,,0.0322,,,,,,,,-0.0238,,,,,,-0.0281,,,,
2017-12-28,19.475,-155.6029,NE,0.2335,,,0.1001,,,,0.0533,,0.0658,0.0501,,,,-0.0151,,-0.0232,,-0.0284,,,,-0.0296,,-0.0332,,,-0.0291,,
2017-12-28,19.4746,-155.6028,NO,,,0.0855,,0.0468,,0.0263,,0.0054,-0.0116,,,,-0.0084,,,0.0142,,,0.0237,,,0.0431,,0.0137,,,,-0.0374,
2017-12-28,19.4748,-155.6028,NO,,0.1572,,,,,,,,,,-0.0146,,,,0.0005,,,,,0.0299,0.0476,,,,-0.0053,,-0.0264,,
2017-12-28,19.475,-155.6029,NO,0.2417,,,0.0844,,0.0425,,0.0093,,,-0.006,,0.0003,,0.0112,,,0.0117,0.0262,,,,,0.044,,,-0.0168,,,-0.0399
2017-12-28,19.4746,-155.6028,O,0.25,,,0.2295,,0.1817,,,,,0.0286,,0.0052,0.0017,,0.0008,,-0.0034,-0.0062,,,,-0.0145,-0.0178,,-0.0202,,,,
2017-12-28,19.4748,-155.6028,O,,0.2483,,,,,0.1562,0.1288,0.0932,0.0546,,,,,0.001,,,,,,-0.0099,,,,-0.0203,,,-0.0201,-0.0199,
2017-12-28,19.475,-155.6029,O,,,0.2502,,0.2301,,,,,,,0.0121,,,,,-0.0019,,,-0.0096,,-0.0134,,,,,-0.0196,,,-0.0195
2017-12-28,19.4746,-155.6028,S,,0.249,,0.1607,,,0.1119,0.0791,0.0761,,,,,,,,-0.0089,,-0.0078,-0.0092,-0.0085,-0.0094,-0.0118,,-0.0151,-0.0169,,,,-0.0183
2017-12-28,19.4748,-155.6028,S,,,0.178,,0.1384,0.1431,,,,,,,,,,-0.003,,,,,,,,-0.0146,,,,,,
2017-12-28,19.475,-155.6029,S,,,,,,,,,,0.0912,0.081,0.0866,0.0644,0.0314,0.0062,,,-0.01,,,,,,,,,-0.0175,-0.0151,-0.0156,
2017-12-28,19.4746,-155.6028,SE,,,0.215,,0.1007,,,0.1085,0.1208,,,,0.0879,0.0511,,-0.0005,,,,-0.0204,,-0.0212,,,-0.024,,,-0.0267,-0.0282,
2017-12-28,19.4748,-155.6028,SE,0.3031,0.2482,,,,,0.1311,,,,,,,,,,-0.0126,-0.0183,,,-0.0209,,,,,,,,,
2017-12-28,19.475,-155.6029,SE,,,,0.1598,,0.1457,,,,0.1467,0.1578,0.0967,,,0.0187,,,,-0.0209,,,,-0.0211,-0.0203,,-0.0161,-0.0142,,,-0.0098
2017-12-28,19.4746,-155.6028,SO,,,0.1944,,,,0.0859,,,0.0308,,,,0.0405,0.0458,,,0.0304,,0.014,,,,,-0.0233,,-0.0308,,-0.0307,
2017-12-28,19.4748,-155.6028,SO,,,,0.1929,,,,,0.0393,,0.0081,-0.009,,,,,,,,,0.0078,0.0062,,-0.0159,,,,,,
2017-12-28,19.475,-155.6029,SO,0.2221,0.2428,,,0.1606,0.185,,0.06,,,,,0.0415,,,0.048,0.0306,,0.0131,,,,-0.0033,,,-0.0274,,-0.032,,-0.0317
2018-01-13,19.4739,-155.6029,E,,0.0687,0.0666,0.0572,0.0252,0.0248,0.0151,-0.0037,-0.0125,-0.029,-0.019,-0.0427,0.0026,0.0224,0.0415,0.049,0.0717,0.0632,0.0338,0.0213,0.0234,-0.0223,-0.0574,-0.0782,-0.0863,-0.0915,-0.0966,-0.1026,-0.1095,-0.1155
2018-01-13,19.4739,-155.6029,N,,0.1911,0.1828,0.1803,0.17,0.1471,0.136,-0.0432,-0.0647,-0.0781,-0.0845,-0.091,-0.0855,-0.0705,-0.0673,-0.0612,-0.0492,-0.0466,-0.0525,-0.0493,-0.0377,0.1537,0.0672,-0.0456,-0.0579,-0.0632,-0.0691,-0.0648,-0.0705,-0.0661
2018-01-13,19.4739,-155.6029,NE,0.2049,0.2029,0.1958,0.1919,0.1813,0.0136,0.0562,0.1037,0.093,0.1063,0.1693,0.1699,0.17,0.1602,0.0231,0.1543,0.1388,-0.0206,-0.0299,-0.0452,-0.0577,-0.0743,-0.0827,-0.0863,-0.0901,-0.0855,-0.0858,-0.0756,-0.0663,-0.0751
2018-01-13,19.4739,-155.6029,NO,0.091,-0.0228,0.0128,0.0452,0.1041,0.0992,0.0633,-0.1195,0.0411,0.0978,0.1201,0.1393,-0.0221,-0.0408,-0.062,-0.099,-0.0835,-0.0863,-0.1043,-0.1084,-0.0962,-0.078,-0.062,-0.0499,-0.0479,-0.0472,-0.0866,-0.0748,-0.0798,-0.0543
2018-01-13,19.4739,-155.6029,O,,0.3539,0.3404,0.3253,0.3121,0.1237,0.0996,0.0786,0.0646,0.0552,0.0483,0.0474,0.0335,0.0249,0.0218,0.015,0.0133,0.0052,0.0032,-0.0039,-0.0075,-0.0118,-0.0192,-0.0256,-0.0283,-0.03,-0.0216,-0.0184,-0.0148,-0.0111
2018-01-13,19.4739,-155.6029,S,,0.2348,0.2135,0.2078,0.18,0.1757,0.1744,0.1702,0.1993,0.2269,0.1779,0.1035,0.0636,0.0327,0.0266,-0.0027,-0.0128,-0.0132,-0.0208,-0.0229,-0.0223,-0.0254,-0.0313,-0.0345,-0.0379,-0.0441,-0.0475,-0.053,-0.0549,-0.058
2018-01-13,19.4739,-155.6029,SE,0.1185,0.1202,0.0846,0.0857,0.0868,0.0446,0.0769,0.0817,0.1063,0.1454,0.1862,0.2177,0.2497,0.1018,0.0616,0.0674,0.0202,0.0071,-0.0049,-0.0214,-0.0272,-0.0336,-0.0385,-0.0482,-0.0547,-0.0587,-0.0644,-0.0709,-0.0757,-0.0822
2018-01-13,19.4739,-155.6029,SO,0.2977,0.2117,0.202,0.1902,0.179,0.152,0.1494,0.0417,0.0369,0.0435,0.0457,0.0156,0.0789,0.0902,0.0613,0.0375,0.0416,0.0356,0.0201,0.023,0.012,-0.0019,-0.0121,-0.0285,-0.0342,-0.0354,-0.0425,-0.0388,-0.0425,-0.0423
2018-01-29,19.476,-155.6008,E,,0.0971,0.0892,0.0792,0.0649,0.0578,0.0462,-0.0284,-0.0372,-0.0336,-0.0253,0.0151,0.0235,0.0581,0.0725,0.0813,0.0556,0.0302,0.0167,0.0127,-0.0128,-0.0298,-0.043,-0.0499,-0.0575,-0.0609,-0.0604,-0.0617,-0.0655,-0.0678
2018-01-29,19.476,-155.6008,N,0.1342,0.1379,0.1329,0.1319,0.1227,0.1038,0.0995,0.0843,0.0837,0.0795,0.0781,-0.0783,-0.0761,0.0649,-0.089,-0.0881,-0.0807,0.0756,0.0702,0.0772,0.0481,-0.0744,-0.0776,-0.0985,-0.091,0.0581,0.0754,0.0785,0.0783,0.0735
2018-01-29,19.476,-155.6008,NE,,0.1322,0.1226,0.1186,0.125,0.1202,0.1134,0.1095,0.0995,0.1077,0.0943,0.1007,0.0835,0.0372,0.0648,0.0588,0.0046,0.0572,0.0517,0.0084,0.0201,-0.0147,-0.0159,-0.0142,-0.0343,-0.0293,-0.0257,-0.0141,-0.0224,-0.0165
2018-01-29,19.476,-155.6008,NO,,0.1785,0.1674,0.1621,0.1591,0.1486,0.145,0.1303,0.1382,0.1322,0.1411,0.1451,0.1415,0.1379,0.1436,0.1468,0.159,0.1624,0.161,0.011,-0.0439,-0.0582,-0.0815,-0.0846,-0.0958,-0.1109,-0.1126,-0.1363,-0.1258,-0.1275
2018-01-29,19.476,-155.6008,O,,0.1255,0.0647,0.0639,0.1063,0.0994,0.0879,0.0737,0.0764,0.0869,0.1247,0.1386,0.0978,0.1551,0.1717,0.1833,0.1848,0.1993,0.045,-0.0066,-0.0609,-0.1088,-0.1105,-0.1291,-0.1165,-0.1071,-0.1111,-0.0929,-0.08,-0.0478
2018-01-29,19.476,-155.6008,S,0.1688,0.0844,0.0848,0.0801,0.0747,0.0775,0.075,0.0477,0.0067,0.0051,0.0085,0.012,0.0139,0.0385,0.0659,0.1133,0.1121,0.1005,0.0454,0.0101,0.0008,-0.0091,-0.0166,-0.0234,-0.0273,-0.0293,-0.0343,-0.0376,-0.0374,-0.0393
2018-01-29,19.476,-155.6008,SE,,0.0916,0.0859,0.0713,0.0572,0.0414,0.0273,0.011,-0.036,0.0232,0.0521,0.0903,0.1313,0.1664,0.1157,0.0721,0.0326,0.0117,-0.0038,-0.0095,-0.0166,-0.0251,-0.0308,-0.0379,-0.0435,-0.0472,-0.0506,-0.0552,-0.0513,-0.0565
2018-01-29,19.476,-155.6008,SO,,0.1455,0.1437,0.1391,0.1572,0.191,0.2003,0.2072,0.2097,0.2074,0.2027,0.1371,0.1305,0.1056,0.0662,0.0091,-0.0135,-0.0399,-0.0635,-0.0735,-0.0984,-0.0851,-0.0237,-0.0716,-0.0141,-0.0353,-0.0384,-0.0495,-0.0487,-0.0366
2018-09-02,19.473,-155.601,E,,,,,,,,,,,,,-0.0255,,,,,,,-0.0169,-0.0286,,-0.0191,-0.0589,-0.0313,-0.0239,-0.0039,-0.0356,-0.0334,-0.0306
2018-09-02,19.4745,-155.6009,E,,,,,,,,,,,-0.0084,-0.0294,,-0.0196,-0.0089,0.0295,,,-0.0169,,,,,,,,,,,
2018-09-02,19.476,-155.6008,E,,0.1158,0.1043,0.0982,0.0962,0.096,0.0882,0.0022,-0.0187,-0.0115,,,,,,,0.0214,0.0006,,,,-0.0226,,,,,,,,
2018-09-02,19.4745,-155.6009,N,,0.048,0.0365,,,,,,,,,,,,,,,,,,,,,,,,,,,
2018-09-02,19.476,-155.6008,N,0.0338,,,0.0266,0.0198,0.0111,0.0031,-0.0152,-0.0078,-0.0048,-0.0217,-0.0169,-0.0201,-0.0244,-0.0189,-0.0042,0.0265,0.0181,0.0092,0.0239,0.0344,0.0253,0.0152,0.0172,-0.0119,-0.0073,-0.0015,-0.012,-0.0147,-0.0189
2018-09-02,19.473,-155.601,NE,,,,,,,,,,,,,,,,-0.0048,,-0.0147,,0.0057,,-0.0173,-0.0216,,0.0168,0.0239,0.0196,0.0234,0.0234,0.0249
2018-09-02,19.476,-155.6008,NE,,0.0242,0.0095,0.0072,0.0205,0.0403,0.0303,0.0355,0.0386,0.0425,0.0188,0.0125,0.009,-0.0112,-0.0109,,-0.0006,,0.0009,,-0.0007,,,-0.0119,,,,,,
2018-09-02,19.473,-155.601,NO,0.0676,,0.0241,0.0186,0.0115,0.0023,-0.0048,-0.0094,-0.0075,-0.0044,0.007,-0.0044,-0.0072,0.0049,-0.0058,0.0032,0.0063,0.0152,0.0159,0.024,0.019,0.0087,0.0026,0.0012,-0.0074,-0.0185,-0.0114,-0.0076,-0.0083,
2018-09-02,19.476,-155.6008,NO,,0.0389,,,,,,,,,,,,,,,,,,,,,,,,,,,,-0.0101
2018-09-02,19.473,-155.601,O,,,0.0931,0.1174,0.1141,0.0989,0.0901,0.0778,0.0394,0.0421,0.0384,,0.0313,,,0.0245,,,,,-0.0158,,,,,,,,,
2018-09-02,19.4745,-155.6009,O,,0.0886,,,,,,,,,,0.04,,0.0297,,,,0.0199,0.0231,-0.0102,,,-0.0122,,,,,,,
2018-09-02,19.476,-155.6008,O,,,,,,,,,,,,,,,0.0251,,0.0147,,,,,-0.0155,,0.0061,0.0303,0.0077,-0.0103,-0.0087,-0.0051,-0.0451
2018-09-02,19.473,-155.601,S,,,0.2074,0.2014,0.1888,0.1722,0.1722,,0.0292,0.0263,,-0.0262,-0.0266,0.0009,0.0176,0.1008,0.1283,0.0996,0.0795,0.0207,-0.004,-0.0159,-0.0238,-0.0323,-0.0356,-0.04,-0.0415,-0.0416,-0.0459,-0.0506
2018-09-02,19.4745,-155.6009,S,0.2104,0.1348,,,,,,0.1042,,,0.0237,,,,,,,,,,,,,,,,,,,
2018-09-02,19.473,-155.601,SE,,,,,,,,,,,,,,,,,,,,,,-0.0046,,,,,,,-0.0404,
2018-09-02,19.476,-155.6008,SE,,0.0295,0.0186,0.0089,0.0053,0.0101,0.0155,0.032,0.0438,0.0413,0.0338,0.0401,0.0682,0.0766,0.0893,0.0439,0.0312,0.0127,-0.0061,0.0058,-0.0063,,-0.0124,-0.0169,-0.0208,-0.0267,-0.0301,-0.0348,,-0.0446
2018-09-02,19.473,-155.601,SO,,,0.181,0.1793,0.1805,0.1723,0.1713,0.1725,0.1606,0.1439,0.1439,0.094,0.034,0.0097,0.0017,-0.0187,,-0.0002,,-0.0034,,0.0049,,-0.0058,,,,,,
2018-09-02,19.4745,-155.6009,SO,,0.1313,,,,,,,,,,,,,,,,,-0.01,,,,,,,,,,,
2018-09-02,19.476,-155.6008,SO,,,,,,,,,,,,,,,,,0.0042,,,,0.0112,,0.0247,,-0.0002,-0.0205,-0.0217,-0.029,-0.0356,-0.0419
2018-11-21,19.476,-155.6006,E,0.079,0.0795,0.0734,0.0656,0.066,0.0665,0.0558,-0.0399,-0.055,-0.0463,-0.0331,-0.0171,0.017,0.0559,0.0594,0.0193,0.0207,0.0148,-0.0158,-0.0264,-0.0383,-0.0461,-0.053,-0.0863,-0.1099,-0.1264,,,,
2018-11-21,19.476,-155.6006,N,0.0329,0.0193,0.0117,0.0046,-0.0013,-0.0053,0.0013,0.019,0.0179,0.0131,-0.0191,-0.0204,-0.0252,-0.0226,-0.0111,-0.014,-0.0043,0.0335,0.0393,0.04,0.0321,0.03,0.0292,0.023,0.0153,-0.0018,-0.0033,-0.0032,-0.0098,-0.0148
2018-11-21,19.476,-155.6006,NE,,0.0289,0.0309,0.0475,0.037,0.057,0.0617,0.0594,0.0594,0.0522,0.057,0.0373,0.0216,0.0074,0.0015,0.0074,0.0064,0.0084,0.0368,0.0392,0.0294,0.0395,0.037,0.0423,0.0226,0.0078,-0.0092,-0.0242,-0.0285,-0.0302
2018-11-21,19.476,-155.6006,NO,,,,,,,,,,,,,-0.0061,-0.0172,-0.014,0.0359,0.0554,0.0548,0.077,0.0649,0.0843,0.0496,0.0373,0.0145,-0.0109,-0.017,-0.0251,-0.0147,-0.0165,-0.0054
2018-11-21,19.476,-155.6006,O,,,,,,,,,,0.0315,0.0483,0.0396,0.029,0.0301,0.018,0.0314,0.0315,0.0311,0.0323,0.0239,0.0213,0.0084,0.0002,-0.0072,-0.0027,-0.0203,-0.0067,-0.0028,-0.0275,0.0122
2018-11-21,19.476,-155.6006,S,,0.1703,,0.0187,0.0064,-0.0059,-0.0087,-0.0059,-0.0114,-0.0124,0.0207,0.0464,0.0942,0.1718,0.2004,0.1955,0.1708,0.0881,0.0175,-0.0244,-0.0295,-0.0339,-0.0327,-0.0433,-0.0469,-0.0386,-0.0551,-0.0534,-0.0557,-0.0599
2018-11-21,19.476,-155.6006,SE,,0.1872,0.0501,0.0269,0.0147,0.0034,-0.0039,0.0038,0.0199,0.0247,0.0522,0.1058,0.1453,0.166,0.1176,0.0653,0.0381,0.0181,-0.0032,-0.0244,-0.0356,-0.0412,-0.049,-0.0558,-0.0607,-0.065,-0.0688,-0.0718,-0.0795,-0.0778
2018-11-21,19.476,-155.6006,SO,0.1481,,,,,,,,,0.1397,0.1398,0.1317,0.1189,0.0755,0.0656,0.021,-0.0146,-0.0079,-0.0061,0.0048,-0.0021,0.0016,-0.0154,-0.0191,-0.0108,-0.034,-0.0327,-0.0351,-0.0364,-0.0436
2019-02-09,19.4748,-155.6028,E,,0.0391,0.0439,0.0309,0.0233,-0.0292,-0.0307,-0.023,-0.0057,-0.0027,0.0166,0.0308,0.1057,0.2818,,,,,,,,0.0532,0.0272,-0.0015,-0.0184,-0.0325,-0.0397,-0.0494,-0.0556,-0.0553
2019-02-09,19.4748,-155.6028,N,0.0965,0.0719,0.0425,0.0175,-0.0082,-0.0291,0.0205,0.0206,0.0135,0.0138,0.0042,0.0074,-0.0029,-0.0072,-0.0202,-0.0166,-0.0027,-0.0089,-0.0085,-0.0052,0.0007,0.0087,0.0135,0.0164,0.0154,0.0215,0.0231,0.0256,0.0198,0.0048
2019-02-09,19.4748,-155.6028,NE,,0.0451,0.0332,0.0243,0.0067,-0.0229,-0.0299,-0.0374,0.0091,0.0395,0.0203,0.0291,0.0278,0.0365,0.0137,0.022,0.0232,0.0229,-0.0076,-0.0054,-0.0028,0.0346,0.052,0.0638,0.0173,0.0072,-0.0181,-0.0219,-0.0269,-0.0675
2019-02-09,19.4748,-155.6028,NO,,0.0678,0.0352,0.0256,0.0241,0.026,-0.0102,-0.0362,-0.0187,-0.0184,-0.0153,-0.0109,-0.0159,-0.0221,-0.0124,-0.0251,-0.0133,-0.0049,0.0119,0.0338,0.0595,0.0699,0.0561,0.0431,0.0382,0.0127,-0.0108,-0.0113,-0.0262,-0.0268
2019-02-09,19.4748,-155.6028,O,0.1538,0.1452,0.1278,0.1018,0.1165,0.1012,0.0915,0.0906,0.0811,0.055,0.0527,0.045,0.0348,,,,,,,-0.0282,0.0028,-0.0078,-0.0005,0.0034,-0.0109,0.006,-0.0408,-0.0481,-0.0471,-0.0506
2019-02-09,19.4748,-155.6028,S,,0.1297,0.125,0.1184,0.1019,0.105,0.1158,0.1328,0.1677,0.2089,0.2443,0.2016,0.1237,0.0386,0.0186,0.01,-0.0033,-0.0098,-0.0142,-0.0161,-0.0164,-0.0273,-0.0328,-0.0372,-0.0414,-0.0458,-0.0485,-0.0534,-0.0566,-0.0642
2019-02-09,19.4748,-155.6028,SE,0.2037,0.1044,0.1007,0.0848,0.0899,0.0875,0.0954,0.1234,0.1611,0.1992,0.2274,0.2315,0.197,0.0665,0.0663,-0.0144,-0.0446,-0.0511,-0.0547,-0.0593,-0.064,-0.0677,-0.0705,-0.0751,-0.077,-0.0789,-0.0821,-0.0863,-0.0897,-0.092
2019-02-09,19.4748,-155.6028,SO,,0.0181,0.0144,0.0131,0.0139,0.0281,0.0067,0.0096,-0.0052,-0.0052,-0.005,0.0543,0.1111,0.1774,0.1474,0.1157,0.0322,-0.0065,-0.0267,-0.0353,-0.0314,-0.001,0.0209,-0.0273,-0.0376,-0.0532,-0.0623,-0.068,-0.0712,-0.071
2019-08-04,19.475,-155.6029,E,,0.1219,0.1019,0.0828,0.0631,0.0408,0.0422,0.023,0.0169,-0.0363,-0.0625,-0.0507,-0.0229,-0.0224,-0.0121,0.001,0.0098,0.0212,-0.0195,-0.0414,,,,,,,,-0.0246,-0.0093,-0.0206
2019-08-04,19.475,-155.6029,N,,0.0802,0.0158,0.0229,0.0084,-0.0366,-0.0302,0.034,0.0318,0.0236,0.0196,0.0172,0.0046,-0.0136,-0.0104,-0.0062,-0.0059,-0.0032,-0.0068,-0.0137,-0.0104,-0.0069,-0.0007,0.0029,-0.0008,-0.0008,0.0133,0.0207,0.0099,0.0171
2019-08-04,19.475,-155.6029,NE,0.0144,0.0272,0.0131,-0.0068,-0.0289,-0.0766,-0.0705,-0.0937,-0.0853,0.05,0.0338,0.0325,0.0226,0.0252,0.0267,0.0341,0.0391,0.0315,0.0343,0.0335,0.0312,0.0202,0.0012,-0.0013,0.0011,0.0026,-0.0016,0.043,0.0376,0.0507
2019-08-04,19.475,-155.6029,NO,0.0411,0.0612,0.0264,0.0126,0.0288,0.0241,-0.0075,-0.0163,0.0075,0.0134,0.002,0.0083,0.0262,0.0207,-0.0036,-0.0311,-0.031,-0.0234,0.0072,-0.0027,-0.0014,-0.0058,-0.0122,-0.0134,-0.0068,0.003,0.0118,0.0118,0.0172,0.0177
2019-08-04,19.475,-155.6029,O,,0.1868,0.1185,0.161,0.1708,0.1635,,,,,,,,,-0.0195,0.0677,-0.0005,0.027,0.0462,0.0199,0.0364,0.0381,-0.0054,0.0012,0.0051,1e-04,-0.0329,-0.0222,-0.0326,-0.0245
2019-08-04,19.475,-155.6029,S,,0.2826,0.2744,0.269,0.2431,0.2436,0.2222,0.1835,0.1656,0.1433,0.1124,0.0862,0.0577,0.0363,0.0029,-0.0144,-0.0236,-0.0254,-0.029,-0.0284,-0.033,-0.0395,-0.0473,-0.0498,-0.0506,-0.052,-0.0538,-0.055,-0.0566,-0.058
2019-08-04,19.475,-155.6029,SE,0.262,0.2541,0.2467,0.2433,0.2384,0.2243,0.2118,0.2053,0.182,0.1764,0.1469,0.1059,0.0572,0.0393,0.0136,-0.008,-0.0192,-0.0238,-0.0271,-0.0295,-0.0317,-0.0341,-0.0363,-0.0384,-0.0403,-0.0417,-0.0436,-0.0449,-0.0371,-0.0356
2019-08-04,19.475,-155.6029,SO,0.0924,0.1026,0.0831,0.0873,0.0823,0.0645,0.0671,0.052,0.0492,0.1158,,,,,,0.0487,0.0775,0.1125,0.0406,0.0743,0.0609,0.0268,0.0145,0.0021,-0.0059,-0.0083,-0.018,-0.03,-0.0428,-0.0544
2019-12-10,19.476,-155.6008,E,,0.0999,0.0904,0.0779,0.0649,0.0625,0.0533,-0.024,-0.0372,-0.0366,-0.0144,0.0656,0.0824,0.1428,0.1984,,,,,,,,-0.0211,-0.011,-0.0463,-0.0489,-0.0537,-0.0575,-0.0593,-0.0616
2019-12-10,19.476,-155.6008,N,0.0841,0.0879,-0.0324,0.0606,0.0437,0.0262,0.022,-0.0037,-0.0076,-0.0123,-0.0128,-0.0089,-0.0046,-0.0014,-0.0063,0.007,0.0177,0.0266,0.0349,0.045,0.0517,0.0364,0.026,0.0294,0.0079,0.0157,0.0132,0.0056,-0.0018,-0.0028
2019-12-10,19.476,-155.6008,NE,,0.0845,0.0684,0.0675,0.0564,0.0593,0.0435,0.0372,0.0364,0.0513,0.0411,0.0272,0.0254,0.0193,-0.0066,-0.0122,-0.0184,-0.0112,0.0168,0.0139,0.0079,0.0134,0.0134,0.0134,0.1204,-0.0079,-0.0336,-0.0358,-0.0689,-0.0798
2019-12-10,19.476,-155.6008,NO,,0.0611,0.0434,0.0348,0.0415,0.0444,0.0161,0.0019,-0.0023,0.0157,0.024,0.0277,0.0143,-0.0026,-0.0018,0.0171,0.0236,0.0332,0.0286,0.0178,0.005,-0.0091,-0.0128,-0.0258,-0.01,-0.0126,-0.0232,-0.0113,-0.0077,-0.0086
2019-12-10,19.476,-155.6008,O,,0.099,0.0698,0.0531,0.0587,0.0566,0.0419,0.0358,0.0431,0.0562,0.0692,,,,,,,,0.0204,0.0162,0.028,0.0195,0.0203,-0.0048,0.0301,-0.0153,-0.0416,-0.0149,0.0075,0.0035
2019-12-10,19.476,-155.6008,S,0.1546,0.0424,0.0329,0.0256,0.0238,0.0324,0.0354,0.0124,-0.0187,-0.0118,0.0002,-0.0024,0.0347,0.0759,0.124,0.1567,0.1889,0.1609,0.0595,0.001,-0.0162,-0.03,-0.0447,-0.0478,-0.0627,-0.0704,-0.076,-0.0887,-0.0785,-0.0669
2019-12-10,19.476,-155.6008,SE,,0.001,-0.0106,-0.0321,-0.0458,-0.0527,-0.0488,-0.0438,-0.0321,-0.0183,0.0372,0.1055,0.1633,0.204,0.1791,0.0256,0.0045,-0.0192,-0.0354,-0.0433,-0.0512,-0.0631,-0.073,-0.0799,-0.0868,-0.0957,-0.0996,-0.0908,-0.1145,-0.1145
2019-12-10,19.476,-155.6008,SO,,0.0344,0.0261,0.0152,0.05,0.0734,0.0911,0.1159,0.1319,0.1239,0.0375,0.0465,0.0323,0.0021,-0.0032,-0.0017,0.0405,,,-0.0302,-0.0438,-0.0523,-0.0534,-0.0494,-0.0261,-0.0347,-0.0354,-0.0323,-0.0324,-0.0348
2020-01-03,19.473,-155.601,E,0.0958,0.0926,0.0901,0.0586,0.0676,0.0692,0.0749,0.0543,0.0687,0.021,0.0624,-0.002,0.0531,0.0475,-0.0247,0.0312,0.0249,-0.0162,-0.0482,-0.0414,-0.004,0.0242,0.0367,0.019,0.0192,0.0084,-0.0241,-0.0406,-0.049,-0.0538
2020-01-03,19.473,-155.601,N,,0.0378,0.0296,0.0239,0.0072,0.0197,0.0017,-0.0016,0.0039,0.0046,0.0141,0.0385,0.029,0.0394,0.0381,0.03,0.0314,0.0243,0.0065,-0.0031,-0.009,-0.0383,-0.0418,-0.0376,-0.0149,-0.0077,0.0033,0.0031,-0.002,-0.0018
2020-01-03,19.473,-155.601,NE,,0.0268,0.0134,0.0026,0.0,0.0002,-0.0144,-0.0047,-0.0077,-0.0131,-0.0113,-0.0127,-0.0137,-0.0183,-1e-04,-0.0032,-0.0062,-0.0111,-0.0004,0.0035,-0.0008,-0.002,-0.0078,-0.0077,0.0045,0.0165,0.0132,0.0122,0.0081,0.0096
2020-01-03,19.473,-155.601,NO,0.0369,0.0162,0.0156,0.0138,0.0097,0.0093,0.01,0.0095,0.006,0.0063,0.0082,0.0054,0.0003,-0.0017,0.003,-1e-04,-0.0037,-0.0055,-0.0124,-0.0099,-0.0101,-0.0069,-0.0027,-0.0062,-0.0073,-0.0023,0.0038,0.0105,0.0139,0.0149
2020-01-03,19.473,-155.601,O,,0.0568,0.0455,0.0734,0.0797,0.071,0.0818,0.0729,0.0311,0.0215,0.011,0.0038,0.0029,0.0083,0.0133,-0.0054,-0.0196,-0.0216,-0.0228,-0.0435,-0.0442,-0.0263,-0.0269,-0.0275,-0.031,-0.031,-0.0507,-0.0343,-0.0045,0.0367
2020-01-03,19.473,-155.601,S,0.1009,0.1091,0.1146,0.1124,0.1072,0.1017,0.1017,0.1049,0.0076,0.0106,0.008,-0.0251,-0.0175,-0.0058,0.0095,0.0499,0.0839,0.0777,0.0619,0.0201,-0.0017,-0.0062,-0.0166,-0.0198,-0.0247,-0.0293,-0.0293,-0.0324,-0.0359,-0.037
2020-01-03,19.473,-155.601,SE,,0.0928,0.0894,0.0984,0.1033,0.0941,0.0919,0.0917,0.0865,0.0053,-0.022,-0.0287,-0.0371,-0.0435,-0.0289,-0.0149,0.0063,0.0346,0.059,0.0864,0.0732,0.079,0.0081,-0.0105,-0.0226,-0.027,-0.0311,-0.0351,-0.0381,-0.0403
2020-01-03,19.473,-155.601,SO,,0.1257,0.1304,0.1276,0.1237,0.1142,0.1094,0.1067,0.099,0.0819,0.0781,0.0188,-0.0167,-0.0144,-0.0134,-0.0091,-0.0029,0.0007,-0.0027,0.0051,0.0115,0.0161,0.0218,0.0119,0.0016,-0.0094,-0.0138,-0.0225,-0.014,-0.0144
2020-01-27,19.476,-155.6008,E,,0.0292,0.026,0.0181,0.0094,0.0068,0.0051,-0.0822,,,,,,,,0.1782,0.0999,0.0083,0.028,0.0474,0.092,0.0891,0.0022,-0.0221,-0.051,-0.0667,-0.0667,-0.0649,-0.0827,-0.0848
2020-01-27,19.476,-155.6008,N,0.1622,0.1671,0.1521,0.1482,0.1386,0.1201,0.1095,0.0909,0.0779,-0.0934,-0.0837,-0.0923,-0.0907,-0.0867,-0.0851,-0.0773,-0.0651,0.1184,0.1166,0.1286,0.1269,0.1129,0.1077,-0.0502,-0.0879,-0.0884,0.0895,0.0784,-0.0934,-0.1133
2020-01-27,19.476,-155.6008,NE,,0.1521,0.058,0.0618,0.1373,0.1495,0.1414,0.1348,0.1348,0.1268,0.1185,-0.0861,,,,,0.0277,0.0176,0.0393,0.0398,0.051,0.0393,0.0256,0.004,0.0067,-0.008,-0.0253,-0.0281,-0.0472,-0.0619
2020-01-27,19.476,-155.6008,NO,,0.1644,0.1539,0.1403,0.1437,0.1417,0.1354,0.1229,0.1142,0.0972,0.1073,0.1234,0.1186,0.1105,0.0987,0.1166,0.1217,0.1408,0.139,0.1157,-0.0702,-0.0889,-0.1044,-0.1081,-0.1116,-0.1227,-0.112,-0.1139,-0.1112,-0.1112
2020-01-27,19.476,-155.6008,O,,0.0302,-0.0252,-0.0342,0.0013,-0.0027,-0.0398,-0.0411,-0.0337,-0.0021,0.0196,0.0413,0.0176,0.0395,0.0473,0.0563,0.0569,0.0945,,0.0041,,,,,,-0.1074,-0.0732,-0.0318,-0.0771,-0.0468
2020-01-27,19.476,-155.6008,S,0.1141,0.0069,0.005,0.0014,-0.0005,0.005,0.0086,0.0012,-0.0275,-0.0201,-0.001,-0.0094,0.0347,0.0933,0.126,0.1271,0.1909,0.0955,0.0378,-0.0074,-0.0102,-0.0166,-0.0239,-0.0322,-0.0442,-0.0497,-0.0497,-0.0534,-0.0589,-0.0607
2020-01-27,19.476,-155.6008,SE,,-0.0245,-0.0303,-0.0419,-0.051,-0.0581,-0.0475,-0.0373,-0.0236,-0.0055,0.0394,0.1058,0.1933,0.2623,0.2902,0.2772,0.1505,0.0619,0.01,0.0027,-0.0139,-0.0213,-0.0307,-0.0441,-0.0494,-0.0557,-0.0608,-0.0682,-0.066,-0.0712
2020-01-27,19.476,-155.6008,SO,,-0.0092,-0.0117,-0.0148,0.0094,0.0354,0.047,0.0457,0.0678,0.0678,0.0716,0.0049,0.0208,0.005,-0.0173,-0.0205,-0.0214,-0.0263,-0.0245,0.0889,0.0871,0.1374,0.0757,0.0835,-0.0819,-0.1039,-0.1136,-0.0562,-0.0331,-0.0144
2020-08-30,19.4779,-155.6,E,,0.2378,0.2576,0.2643,0.1089,0.0857,0.0933,0.0943,0.0823,0.1096,0.1271,0.1044,0.0871,0.0589,0.0351,0.0147,0.0049,-0.0093,-0.0205,-0.0244,-0.0252,-0.0216,-0.0313,-0.038,-0.0396,-0.0389,-0.044,-0.0408,-0.0455,-0.0383
2020-08-30,19.4779,-155.6,N,0.1014,0.1041,0.0885,0.0724,0.0714,0.054,0.0411,0.0101,-0.0053,-0.0056,-0.0062,-0.0095,-0.0132,-0.0082,0.0447,0.0516,0.051,0.0324,0.0286,0.0246,0.0233,0.0127,-0.0064,-0.0081,-0.0078,0.0002,-0.0052,-0.0112,-0.0136,-0.0167
2020-08-30,19.4779,-155.6,NE,,0.145,0.1556,0.1503,0.1425,0.1407,0.129,0.1097,0.0865,0.1246,0.0196,0.061,0.0373,0.0091,-0.0007,-0.0207,-0.0208,0.1031,-0.0142,0.0765,-0.0204,-0.0393,-0.033,-0.0109,-0.0158,-0.0156,-0.0105,-0.0062,-0.0031,-0.0045
2020-08-30,19.4779,-155.6,NO,,0.1048,0.0934,0.077,0.0642,0.0558,0.0469,0.0384,0.0282,-0.0071,-0.0133,-0.0113,-0.0085,-0.0073,-0.0019,0.0146,0.0132,0.0119,0.0184,0.009,0.0212,0.0198,0.0158,-0.0015,0.0072,-0.0064,-0.0079,-0.0199,-0.0122,-0.015
2020-08-30,19.4779,-155.6,O,,0.0623,0.0636,0.0526,0.0387,0.033,0.0315,0.0485,0.0403,0.0264,0.0119,-0.005,-0.0121,-0.0223,-0.0331,0.0099,0.0142,0.0228,0.0009,0.0036,0.0037,0.0121,0.0051,0.0075,0.0037,0.0044,-0.0062,-0.0094,-0.014,-0.0213
2020-08-30,19.4779,-155.6,S,0.2126,0.1834,0.1298,0.1907,0.0304,0.0249,0.0282,0.0127,0.0127,0.014,0.0045,0.0103,0.0735,0.0319,0.0606,0.0652,0.0818,0.0829,0.0653,0.0858,0.0416,0.0192,-0.0237,-0.0437,-0.0577,-0.066,-0.0703,-0.0736,-0.0637,-0.0704
2020-08-30,19.4779,-155.6,SE,0.5959,0.4575,0.4809,0.4855,0.4742,0.3917,0.3326,0.2709,0.1471,0.0627,0.0398,0.022,0.0147,0.0065,-0.0023,-0.0152,-0.0173,-0.0213,-0.0256,-0.0393,-0.0344,-0.0312,-0.0247,-0.0222,-0.0198,-0.0149,-0.0037,0.0003,0.0029,0.0046
2020-08-30,19.4779,-155.6,SO,,0.1222,0.1225,0.1204,0.1082,-0.0344,-0.0293,-0.0407,-0.0412,-0.0363,-0.0215,-0.0159,0.0144,0.0473,-0.004,0.0037,0.0053,-1e-04,0.0028,0.007,0.0134,0.0031,0.0115,0.0116,0.0055,-0.0301,-0.0371,-0.0278,-0.0497,-0.0514
2020-10-09,19.476,-155.6008,E,,0.1113,0.1037,0.097,0.0872,0.0879,0.0889,-0.012,-0.0289,-0.0276,-0.0287,0.0031,,,,,,,,,0.0499,0.0559,0.0224,0.008,-0.0016,-0.0097,-0.0067,-0.0121,-0.0165,-0.0119
2020-10-09,19.476,-155.6008,N,0.0546,0.0558,0.0348,0.0271,0.0069,-0.0044,-0.0044,-0.026,-0.0311,-0.0336,-0.0349,-0.0361,-0.0284,-0.0133,-0.0197,-0.0029,0.0149,0.0274,0.031,0.0488,0.0501,0.0384,0.0368,0.03,0.0198,0.011,0.0078,0.0022,-0.0084,-0.0077
2020-10-09,19.476,-155.6008,NE,,0.0871,0.0675,0.0711,0.0761,0.0976,0.0763,0.0838,0.0775,0.0733,0.0733,0.055,0.0485,0.0265,0.0227,0.0196,0.0453,0.0485,0.074,0.0664,,-0.0198,-0.0533,-0.1024,-0.0615,-0.055,-0.0714,-0.0542,-0.0504,-0.0603
2020-10-09,19.476,-155.6008,NO,,0.0531,0.0441,0.0304,0.0305,0.0262,0.0172,0.006,-0.002,0.0015,0.011,0.0192,0.0138,-0.0037,-0.0148,0.0089,0.0278,0.0376,0.0376,0.033,0.0275,0.0135,0.0065,-0.0027,-0.035,-0.0439,-0.0426,-0.0174,-0.0123,-0.0072
2020-10-09,19.476,-155.6008,O,,0.0708,0.0417,0.0321,0.0273,0.0161,-0.0008,0.002,0.0224,0.0271,0.0339,0.0299,0.0163,0.0264,,,,,,,,-0.0155,-0.0274,-0.0097,-0.0026,0.0202,0.0064,-0.0,0.0088,-0.0158
2020-10-09,19.476,-155.6008,S,0.1853,0.0341,0.0326,0.0342,0.0326,0.0402,0.0417,0.0148,-0.0237,-0.0039,0.0021,0.0145,0.0301,0.0801,0.1152,0.1257,0.1716,0.1322,0.0733,0.0223,-0.0018,-0.0242,-0.0377,-0.0454,-0.0545,-0.0596,-0.0621,-0.0667,-0.0698,-0.0774
2020-10-09,19.476,-155.6008,SE,,0.0173,0.0113,-0.0017,-0.0074,-0.0115,-0.008,0.0034,0.0017,-0.0038,0.0148,0.0644,0.1153,0.1502,0.1463,0.0916,0.0472,0.0332,1e-04,-0.0255,-0.0523,-0.066,-0.073,-0.0806,-0.0854,-0.0882,-0.0933,-0.0965,-0.1011,-0.0878
2020-10-09,19.476,-155.6008,SO,,-0.0003,-0.068,-0.011,0.0183,0.0673,0.0819,0.1099,0.1289,0.1224,0.1251,0.0257,0.0294,0.0157,-0.0185,-0.0216,-0.0173,0.0253,0.0802,0.1469,0.1289,0.0942,-0.0679,-0.0695,-0.0589,-0.051,-0.0562,-0.0533,-0.0372,-0.0481
2021-01-05,19.4739,-155.6029,E,,0.0559,0.0555,0.0513,0.0154,0.01,0.0017,-0.0145,-0.0256,-0.0262,-0.0123,-0.0052,0.0041,0.0191,0.0283,0.0287,0.0471,0.0458,0.0274,0.0288,0.0249,-0.0069,-0.0271,-0.0416,-0.0527,-0.0614,-0.0689,-0.0737,-0.0791,-0.084
2021-01-05,19.4739,-155.6029,N,,0.0518,0.0362,0.0265,0.0117,-0.0073,-0.0161,0.0254,0.0171,0.0108,0.0111,0.0067,-0.0043,-0.0123,-0.0185,-0.0186,-0.0161,-0.0103,-0.0033,0.0002,0.0002,-0.0006,0.0023,0.0054,0.0041,-0.0002,-0.0017,-0.0006,-0.0042,-0.004
2021-01-05,19.4739,-155.6029,NE,0.0593,0.0521,0.0493,0.046,0.0349,0.0062,-0.0255,-0.0508,-0.0616,0.0283,0.0215,0.0262,0.0248,0.018,0.0142,0.0191,0.0136,0.016,0.0167,0.0125,0.0192,0.0193,-0.0062,-0.0132,-0.0106,-0.0102,-0.0102,-0.0092,-0.0083,0.0121
2021-01-05,19.4739,-155.6029,NO,0.0273,0.0031,0.0026,-0.0005,-1e-04,-0.0089,-0.0163,-0.0238,-0.0202,-0.0038,0.0017,0.003,0.0053,0.0051,0.0028,-0.0012,-0.0019,0.0013,0.0113,0.0019,0.0067,0.0058,0.0121,0.0142,0.0068,0.0027,0.0035,-0.0033,-0.0002,-0.006
2021-01-05,19.4739,-155.6029,O,,0.1398,0.1265,0.1161,0.1108,0.0989,0.0896,0.0865,0.0859,0.0837,0.0827,0.0637,0.0266,0.0261,0.0252,0.0192,0.0296,0.0296,0.0071,0.0129,0.0141,0.0123,-0.0212,-0.0217,-0.0236,-0.0296,-0.0229,-0.0155,-0.0044,-0.0067
2021-01-05,19.4739,-155.6029,S,,0.1465,0.1362,0.1422,0.121,0.1241,0.13,0.132,0.1373,0.1467,0.1249,0.0972,0.0584,0.0277,0.0298,-0.0054,-0.0183,-0.0141,-0.0024,-0.008,-0.0073,-0.0137,-0.0474,-0.0504,-0.0514,-0.0408,-0.0431,-0.0477,-0.0507,-0.051
2021-01-05,19.4739,-155.6029,SE,0.0674,0.0685,0.0501,0.0541,0.0607,0.052,0.0551,0.0605,0.0771,0.1081,0.1222,0.1445,0.1663,0.1024,0.0388,0.0532,0.003,-0.0074,-0.0122,-0.0176,-0.0213,-0.0253,-0.0283,-0.0344,-0.0385,-0.041,-0.0445,-0.0486,-0.0516,-0.0557
2021-01-05,19.4739,-155.6029,SO,0.1589,0.0629,0.057,0.0501,0.048,0.0341,0.0328,0.0293,0.0211,0.0319,0.0489,0.0305,0.0848,0.0856,0.084,0.0546,0.0584,0.0407,0.0228,0.0136,0.0089,-0.0005,-0.0091,-0.016,-0.0295,-0.0281,-0.0409,-0.0427,-0.0463,-0.0506
2021-03-26,19.4733,-155.601,E,0.1257,0.1251,0.1139,0.0848,0.1084,0.1102,0.0983,0.0469,0.1025,0.0317,0.0683,0.0054,0.0485,0.041,-0.0029,0.0349,0.0329,-0.0428,-0.0396,-0.0385,0.0218,0.0299,0.0041,-0.0131,-0.0245,-0.0584,-0.0632,-0.066,-0.075,-0.0744
2021-03-26,19.4733,-155.601,N,,0.0763,0.0618,0.0702,0.0766,0.0525,0.0235,0.0218,0.0392,0.0526,0.0515,0.0565,0.0548,0.0842,0.0734,0.0653,0.0578,0.0501,0.0382,0.0279,-0.1451,-0.0248,-0.0356,-0.0411,0.0113,0.0074,0.0228,0.0326,0.0342,0.0375
2021-03-26,19.4733,-155.601,NE,,0.0443,0.0324,0.0221,0.028,0.0101,0.0098,0.0162,0.0095,-0.0005,1e-04,-0.0007,-0.003,-0.004,0.0007,-0.003,-0.0005,-0.0073,0.0032,0.0018,0.0048,-0.0005,0.007,0.0095,0.0242,0.0292,0.025,0.0264,0.0291,0.0295
2021-03-26,19.4733,-155.601,NO,0.1091,0.1027,0.0853,0.0778,0.0722,0.0706,0.0706,0.0705,0.0677,0.0669,0.0686,0.0709,0.0705,0.0748,0.0771,0.0805,0.0731,0.0705,-0.0419,-0.144,-0.1546,-0.1311,0.0719,0.0594,0.0598,0.0404,0.0385,-0.1218,0.0812,0.0772
2021-03-26,19.4733,-155.601,O,,0.1818,0.132,0.1437,0.1597,0.1594,0.1548,0.1505,0.1625,0.1224,0.1168,0.1006,0.0844,-0.0693,-0.0714,-0.0673,-0.0645,-0.061,-0.0607,-0.0655,-0.0252,-0.0637,-0.0625,-0.0663,-0.0612,-0.0523,-0.045,-0.0348,-0.0385,-0.0246
2021-03-26,19.4733,-155.601,S,0.1052,0.1122,0.1148,0.1128,0.1051,0.0978,0.1008,0.0985,0.0075,0.0085,0.0008,-0.0333,-0.0191,-0.0048,0.0056,0.0823,0.1486,0.1626,0.093,0.0952,0.0452,-0.0048,-0.0445,-0.0531,-0.0612,-0.0745,-0.0765,-0.0795,-0.0832,-0.0885
2021-03-26,19.4733,-155.601,SE,,0.0853,0.0836,0.0855,0.0876,0.0802,0.0776,0.0774,0.0112,-0.0065,-0.0247,-0.0266,-0.0332,-0.0358,-0.0158,0.0055,0.0617,0.1083,0.1518,0.0937,0.0721,0.0474,-0.0058,-0.0248,-0.0329,-0.041,-0.0519,-0.06,-0.0672,-0.0735
2021-03-26,19.4733,-155.601,SO,,0.1343,0.1399,0.1358,0.1305,0.1253,0.1177,0.117,0.1098,0.1014,0.026,0.0848,-0.0073,-0.0039,-0.005,-0.0003,0.0016,0.0084,0.0127,0.0188,0.0322,0.0233,0.013,0.0026,-0.0075,0.0049,0.0079,-0.0344,-0.0593,-0.0553
2021-04-19,19.4719,-155.6004,E,,0.0861,0.073,0.0652,0.06,0.0721,0.0594,0.0467,,,,,,,,,0.0457,0.0516,0.0523,0.0535,0.0542,0.0511,-0.0033,-0.0022,-0.0482,-0.042,-0.0098,-0.0157,-0.0188,-0.0098
2021-04-19,19.4719,-155.6004,N,0.0507,0.0455,0.0293,0.0241,0.0333,0.0331,0.0125,0.0475,0.063,0.0862,0.0809,0.0453,0.0347,0.0347,0.0416,0.0377,0.0003,-0.0065,-0.0065,0.0043,-0.0388,-0.0275,-0.009,-0.0038,0.0062,0.0214,0.0059,-0.0102,-0.0102,-0.005
2021-04-19,19.4719,-155.6004,NE,,0.0393,0.0352,0.0181,0.0122,0.0305,0.028,0.0217,-0.0184,-0.0066,0.005,0.0194,0.0391,,,,,0.0025,-0.0362,-0.0244,-0.0113,-0.0152,-0.006,-0.006,0.0367,0.036,0.0216,0.0163,0.0145,0.0249
2021-04-19,19.4719,-155.6004,NO,,0.0438,0.0211,0.0196,0.0184,0.009,-0.0004,-0.0123,-0.0284,-0.0167,-0.0033,-0.0003,0.0045,0.0044,0.006,0.0045,0.0099,0.0144,0.0071,-0.0007,0.0003,-0.0164,-0.0039,0.0031,0.004,0.0063,0.0045,0.0054,0.0136,0.0245
2021-04-19,19.4719,-155.6004,O,0.086,0.0922,0.0878,0.0749,0.064,0.0584,0.0568,0.0591,0.0642,0.0646,0.0296,0.0122,0.0207,0.0282,-0.0412,0.0386,0.0448,,,,,,,,-0.1331,-0.0799,-0.0786,-0.0116,0.0227,0.06
2021-04-19,19.4719,-155.6004,S,0.2046,0.169,0.1587,0.1413,0.1403,0.1342,0.1333,0.1295,0.1247,0.0105,0.0005,0.0014,-0.0017,-0.0478,-0.0372,-0.026,-1e-04,0.0742,0.112,0.1192,0.1276,0.0621,0.0073,-0.0166,-0.0248,-0.0286,-0.0338,-0.0371,-0.0366,-0.0394
2021-04-19,19.4719,-155.6004,SE,,0.122,0.0953,0.091,0.0873,0.0627,0.0771,0.0979,0.1015,0.0957,0.0935,-0.0021,-0.0269,-0.0296,-0.0592,-0.0628,-0.0589,-0.0461,-0.0069,0.0398,0.0862,-0.0665,-0.0642,-0.0377,-0.0275,0.0274,0.0505,0.0209,-0.0383,-0.0411
2021-04-19,19.4719,-155.6004,SO,,0.1597,0.1397,0.1275,0.1068,0.0934,0.0794,0.073,0.0705,0.0671,0.0689,0.0708,0.0337,0.0331,-0.0364,-0.04,-0.0426,-0.0575,-0.0429,-0.0008,0.0366,0.06,0.0279,-0.0269,-0.0319,-0.0319,-0.0231,0.0019,0.0019,-0.0225
2021-04-27,19.473,-155.5998,E,,0.1043,0.0896,0.0687,0.0447,0.0505,0.0559,0.0594,0.0574,0.0628,0.0675,0.0507,0.0458,0.0415,0.0435,0.0365,0.0487,0.0516,0.0354,0.0368,0.0196,0.0172,-0.0885,-0.0722,-0.0104,0.0133,-0.0171,-0.0151,-0.0401,-0.0394
2021-04-27,19.473,-155.5998,N,-0.0161,-0.0142,-0.0231,-0.0281,-0.0323,-0.0212,0.0259,0.0263,-0.0177,-0.015,-0.0145,-0.0123,-0.0099,-0.0082,-0.0054,-0.0063,-0.0027,0.0079,0.0077,0.0045,0.0012,0.0065,0.011,0.0072,0.0054,-0.0007,-0.0241,-0.0219,-0.0195,
2021-04-27,19.473,-155.5998,NE,,0.0413,0.0303,-0.0015,-0.0301,-0.0235,-0.0265,-0.0277,-0.0252,-0.0224,-0.0249,-0.0353,-0.0365,-0.0389,-0.0225,-0.0119,1e-04,0.0015,-0.0042,0.0338,0.0273,0.0167,0.0148,0.0298,0.0088,0.0064,0.0215,0.0281,0.025,0.0068
2021-04-27,19.473,-155.5998,NO,,-0.0117,-0.0112,-0.0159,-0.0189,-0.0223,-0.0086,0.0142,0.0137,0.0064,-0.0145,-0.0288,,,,,,,,,,,,,,,,,,
2021-04-27,19.473,-155.5998,O,0.0129,0.0514,0.0579,0.0591,0.0434,0.0475,0.0698,0.0453,0.0521,0.056,0.0596,0.0441,0.0442,0.0438,0.0449,0.0353,0.047,0.0452,-0.0322,-0.05,-0.0924,-0.0605,-0.0391,-0.038,-0.046,-0.0324,-0.0323,-0.0278,-0.0204,-0.0429
2021-04-27,19.473,-155.5998,S,0.229,0.2074,0.2124,0.2033,0.1412,0.1463,0.152,0.1518,0.1454,0.1384,0.1315,0.1241,0.0019,-0.0107,-0.0161,-0.0608,-0.0576,-0.047,-0.0305,0.0032,0.0459,0.0597,0.0498,0.0172,-0.0141,-0.0188,-0.0231,-0.0295,-0.0328,-0.0377
2021-04-27,19.473,-155.5998,SE,,0.1675,0.1591,0.1569,0.1541,0.1166,0.0951,0.1154,0.1004,0.106,0.1083,0.0245,0.0156,-0.0195,-0.0321,-0.0388,-0.0473,-0.0495,-0.0507,-0.0413,-0.0223,0.0053,0.0213,0.0184,0.0294,-0.0007,-0.018,-0.023,-0.028,-0.033
2021-04-27,19.473,-155.5998,SO,,0.1795,0.1829,0.1854,0.1905,0.17,0.1485,0.1469,0.1415,0.1314,0.1173,0.1122,0.1096,0.1034,0.1071,-0.0271,-0.0279,-0.0364,-0.0317,-0.0341,-0.0581,-0.0319,-0.0305,-0.0269,-0.0268,-0.0234,-0.0138,-0.0138,-0.0028,0.0052
2021-10-20,19.4733,-155.6008,E,,0.1085,0.0717,0.0566,0.087,0.0923,0.0927,0.0838,0.0932,0.095,0.0944,0.0595,0.0478,0.0366,0.0223,0.0215,0.0227,-0.074,-0.0611,-0.0427,-0.0056,0.0194,0.0233,0.0419,0.0325,0.0037,-0.0117,-0.0202,-0.0199,-0.0784
2021-10-20,19.4733,-155.6008,N,0.0731,0.0642,0.0453,0.0631,0.0577,0.0547,0.0519,0.002,-0.0,-0.0048,0.0173,0.0268,0.0285,0.0291,0.0277,0.0329,0.0308,0.0139,0.0056,0.0004,-0.0052,-0.0158,-0.0481,-0.0368,-0.0193,-0.008,0.0014,0.0007,-0.0089,-0.0087
2021-10-20,19.4733,-155.6008,NE,,0.0238,0.0126,0.0014,0.0104,-0.0165,-0.0097,-0.0077,-0.0116,-0.0081,0.0011,0.0014,-0.0179,-0.0126,-0.0189,-0.0265,-0.0259,-0.0123,-0.0129,-0.0056,-0.0064,-0.0069,0.0068,0.0271,0.0259,0.0233,0.0246,0.026,0.0295,0.0269
2021-10-20,19.4733,-155.6008,NO,0.0491,0.0368,0.0364,0.0328,0.0235,0.0224,0.0182,0.0178,0.0168,0.009,0.0089,0.0113,0.0046,0.028,0.0133,0.0089,0.007,0.0052,-0.0019,-0.0068,-0.0065,-0.0069,-0.007,0.0008,-0.0148,-0.0128,-0.0055,0.0022,0.008,-0.002
2021-10-20,19.4733,-155.6008,O,,0.0317,0.0221,0.0506,0.0497,0.0537,0.0541,0.0842,0.0622,0.0467,0.0664,0.0581,0.0658,0.0444,0.0568,0.0507,0.0427,0.0061,0.0369,-0.0547,-0.0859,-0.0582,-0.0512,-0.0483,-0.0284,-0.0138,-0.0467,-0.0508,-0.0027,0.0372
2021-10-20,19.4733,-155.6008,S,0.1406,0.1397,0.156,0.1561,0.1549,0.1435,0.1333,0.129,0.0031,0.0042,0.0088,-0.0141,-0.0196,-0.0036,0.0018,0.0308,0.0786,0.1164,0.1243,0.1028,0.0659,0.0249,0.0068,-0.0098,-0.03,-0.0343,-0.0403,-0.0415,-0.0472,-0.043
2021-10-20,19.4733,-155.6008,SE,,0.1188,0.1224,0.1199,0.1184,0.1173,0.1131,0.1102,0.1086,0.018,0.0111,-0.0256,-0.0323,-0.0344,-0.0243,-0.0129,0.011,0.0439,0.0815,0.1109,0.1019,0.0907,0.061,0.0026,-0.0272,-0.0319,-0.0381,-0.0428,-0.0466,-0.0499
2021-10-20,19.4733,-155.6008,SO,,0.1877,0.1875,0.1874,0.183,0.1781,0.1693,0.1587,0.152,0.1309,0.1208,0.0046,0.0018,0.005,-0.037,-0.0282,-0.0274,-0.0091,-0.0153,-0.0133,-0.0046,0.0032,0.0243,0.0192,-0.0034,-0.0194,-0.0318,-0.0354,-0.0375,-0.0329
2021-11-05,19.4738,-155.6028,E,,0.1205,0.1185,0.118,0.1167,0.0268,0.0241,0.0047,0.0023,-0.0206,-0.0224,-0.0179,-0.0121,-0.002,0.0043,0.0158,0.0112,0.0148,0.0409,0.0278,0.0387,0.0286,0.0322,0.0024,-0.0264,-0.0403,-0.0518,-0.0666,-0.0787,-0.0823
2021-11-05,19.4738,-155.6028,N,0.0654,0.052,0.0363,0.0241,0.0108,-0.0036,-0.0032,0.0418,0.0275,0.0198,0.0172,0.0089,0.0139,0.0109,-0.0038,-0.0145,-0.0059,-0.0019,0.002,0.0018,0.0014,0.0028,0.005,-0.0061,-0.0066,-0.006,-0.0078,-0.0109,-0.0198,-0.0262
2021-11-05,19.4738,-155.6028,NE,,0.0567,0.0445,0.0437,0.0357,0.0048,-0.0232,-0.055,-0.0093,0.0321,0.0343,0.03,0.0235,0.0165,0.0202,0.026,0.0336,0.0212,0.0176,0.0224,0.0186,0.0233,-0.013,-0.0165,-0.0158,-0.0182,-0.0178,-0.019,0.0129,0.0018
2021-11-05,19.4738,-155.6028,NO,,0.0145,0.0123,0.0191,0.0186,0.0039,-0.0089,-0.0097,-0.0068,-0.0096,0.023,0.0223,0.0176,0.0127,0.0062,0.0044,-0.0009,-0.0016,-0.0048,-0.0039,-0.0038,1e-04,0.0077,0.0073,-0.001,0.0033,0.0005,0.0011,0.004,0.0145
2021-11-05,19.4738,-155.6028,O,0.1439,0.1306,0.1298,0.082,0.1049,0.0929,0.0844,0.0862,0.0822,0.0798,0.0562,0.0502,0.0512,0.0457,0.0367,0.0361,0.0395,0.0061,0.0027,0.0007,0.0024,-0.013,-0.0329,-0.0348,-0.037,-0.0369,-0.0364,-0.0217,-0.0327,-0.0299
2021-11-05,19.4738,-155.6028,S,,0.1167,0.1265,0.1218,0.1001,0.1034,0.1063,0.0949,0.1186,0.1343,0.1551,0.1502,0.132,0.1031,0.0829,0.0758,0.032,0.019,0.0093,-0.0028,-0.0162,-0.0514,-0.0562,-0.0581,-0.0606,-0.0635,-0.0664,-0.0681,-0.0707,-0.0737
2021-11-05,19.4738,-155.6028,SE,0.1757,0.0657,0.0651,0.0675,0.0692,0.0718,0.0674,0.0645,0.0606,0.0659,0.089,0.1093,0.1314,0.1339,0.1308,0.0808,0.0769,0.0584,-0.0006,-0.0185,-0.0284,-0.0311,-0.0356,-0.0396,-0.0457,-0.0498,-0.0518,-0.0549,-0.0589,-0.0625
2021-11-05,19.4738,-155.6028,SO,,0.0657,0.0572,0.0669,0.0733,0.0381,0.0273,0.0289,0.0255,0.0354,0.0338,0.0452,0.0743,0.0633,0.0483,0.0673,0.0531,0.0554,0.0373,0.0273,0.015,0.007,-0.0024,-0.0152,-0.0284,-0.0417,-0.0586,-0.0614,-0.0617,-0.0732
2021-11-24,19.473,-155.5998,E,,0.0458,,,,0.0103,,,0.0253,,,,,,,0.0238,,0.027,,,-0.0034,,,,,0.022,-0.0317,,,
2021-11-24,19.4731,-155.5998,E,,,,0.0036,,,,0.0214,,0.0341,0.0358,,0.0258,0.0251,,,,,0.021,0.0091,,,-0.0045,0.0075,0.0247,,,,-0.0216,
2021-11-24,19.4733,-155.5999,E,,,0.0396,,0.0037,,0.0137,,,,,0.0254,,,0.0252,,0.0277,,,,,-0.0048,,,,,,-0.0141,,-0.0381
2021-11-24,19.473,-155.5998,N,,,-0.0015,,,,,,,,,0.0142,,,0.007,0.0046,,-0.0003,,-0.0374,,0.0024,,,0.0103,,0.0016,,,-0.0024
2021-11-24,19.4731,-155.5998,N,0.0107,0.0132,,,0.0002,,0.0015,0.0009,0.0039,0.0062,,,0.0212,,,,,,,,,,,,,,,0.0014,,
2021-11-24,19.4733,-155.5999,N,,,,0.0053,,-0.0016,,,,,0.0244,,,0.0271,,,0.0041,,-0.0323,,-0.0261,,0.0057,0.0096,,0.0059,,,-0.0011,
2021-11-24,19.473,-155.5998,NE,,,,,-0.0174,,-0.0129,,-0.0119,,-0.0104,,,,-0.0074,,,-0.0042,,0.0147,,0.0065,,0.014,,0.0041,,,0.0028,
2021-11-24,19.4731,-155.5998,NE,,0.0339,0.0287,0.0067,,,,,,,,-0.0184,,-0.0206,,,,,,,,,,,,,,,,-0.0075
2021-11-24,19.4733,-155.5999,NE,,,,,,-0.0158,,-0.0098,,-0.0109,,,-0.02,,,-0.0057,0.0011,,0.0046,,0.0119,,0.0154,,0.0059,,0.0132,0.012,,
2021-11-24,19.473,-155.5998,NO,,,,,,,-0.0096,,0.0083,,0.0446,,,,-0.0049,,,-0.0204,,-0.0289,,-0.0144,,0.0018,,0.0202,,,0.0061,
2021-11-24,19.4731,-155.5998,NO,,-0.0263,-0.0188,-0.0168,-0.0231,-0.0194,,,,,,,0.0141,,,,,,,,,,,,,,,,,
2021-11-24,19.4733,-155.5999,NO,,,,,,,,-0.0015,,0.0483,,0.021,,0.0021,,-0.0132,-0.0197,,-0.0172,,-0.0225,,-0.0072,,0.0124,,0.022,0.0143,,0.0037
2021-11-24,19.473,-155.5998,O,,,,,,0.0321,,0.0357,,0.0261,,,,,,0.0232,,,,0.0031,,,,,0.0125,0.0306,,0.0254,,
2021-11-24,19.4731,-155.5998,O,0.0102,0.018,,0.0292,,,0.0355,,,,0.0236,,0.0192,,0.0269,,0.025,,0.021,,-0.0014,,-0.0338,,,,,,0.0277,
2021-11-24,19.4733,-155.5999,O,,,0.0235,,0.0301,,,,0.0295,,,0.0187,,0.0254,,,,0.0276,,,,-0.006,,-0.0006,,,0.027,,,-0.0141
2021-11-24,19.473,-155.5998,S,,0.148,,0.1354,,,0.0852,,,0.0722,,,-0.017,,,-0.0352,,,0.0179,,,0.0494,,0.0179,-0.0078,,-0.0208,-0.0245,,
2021-11-24,19.4731,-155.5998,S,0.1536,,,,0.0845,,,,0.0782,,,0.023,,,,,,,,,0.0576,,,,,,,,,-0.03
2021-11-24,19.4733,-155.5999,S,,,0.1417,,,0.0849,,0.082,,,0.0698,,,-0.0124,-0.0195,,-0.025,-0.011,,0.0429,,,0.0387,,,-0.0163,,,-0.0271,
2021-11-24,19.473,-155.5998,SE,,,0.0996,,0.0821,0.0848,,0.0435,,0.0477,,-0.0199,,-0.036,,-0.0384,,-0.0186,0.0036,0.0264,0.0401,,0.0762,,0.0374,,-0.0371,,,-0.0482
2021-11-24,19.4733,-155.5999,SE,,0.1039,,0.0949,,,0.0366,,0.0455,,-0.0112,,-0.0253,,-0.0441,,-0.033,,,,,0.075,,0.068,,-0.006,,-0.043,-0.0452,
2021-11-24,19.473,-155.5998,SO,,,0.1639,,,,,0.1247,,0.1047,,0.0943,,,,0.0689,,-0.0364,,,-0.0245,,-0.0277,,,,-0.0098,,,0.0069
2021-11-24,19.4731,-155.5998,SO,,,,,0.1703,0.1275,0.1289,,,,,,,0.08,,,,,,-0.0392,,,,,-0.0267,,,,0.0055,
2021-11-24,19.4733,-155.5999,SO,,0.1527,,0.1653,,,,,0.1178,,0.1014,,0.0837,,0.0743,,-0.0406,,-0.0403,,,-0.0331,,-0.0268,,-0.0278,,-0.0002,,
2021-12-15,19.4792,-155.6017,E,,,0.0913,0.0295,0.0149,0.012,0.0108,0.0085,0.0062,0.0028,,,,,,,,,0.0039,-0.0022,-0.0016,0.0013,0.0025,-0.0004,0.0014,0.0054,0.0066,0.002,0.0051,-0.0067
2021-12-15,19.4792,-155.6017,N,0.2335,0.2021,0.1315,0.1177,0.0971,0.0691,0.037,0.0189,0.0077,-0.011,-0.0183,-0.0145,-0.0185,-0.0183,-0.0145,-0.0146,-0.0146,-0.0145,-0.007,-0.0033,-0.0033,-0.0033,-0.0051,0.0023,0.0043,0.0079,0.0134,0.0134,0.0078,0.0153
2021-12-15,19.4792,-155.6017,NE,,0.2158,0.1769,0.1579,0.1541,0.1756,0.1725,0.0999,0.1526,0.1369,0.1454,0.1547,0.0622,0.0135,-0.0287,-0.0583,,,-0.0595,-0.0595,-0.0472,-0.0436,-0.0371,-0.0271,-0.0287,-0.0293,-0.0354,-0.0427,-0.0322,-0.0422
2021-12-15,19.4792,-155.6017,NO,,0.3243,0.1218,-0.0027,-0.0289,-0.0332,-0.02,-0.0144,-0.0091,-0.025,-0.0321,-0.0305,-0.0181,-0.0054,-0.0061,-0.0196,-0.0362,-0.0347,-0.0204,-0.0185,-0.0159,-0.0174,-0.0009,0.0034,0.0281,0.0354,0.0547,0.0651,0.0607,0.0695
2021-12-15,19.4792,-155.6017,O,0.1255,0.1457,0.0492,0.0183,-0.0331,-0.0345,-0.0321,-0.024,-0.0293,-0.0021,0.0085,0.0517,0.0587,0.0457,0.017,0.0077,,,,,,,,0.0195,0.0134,-0.0063,-0.0205,-0.0107,-0.0168,-0.0274
2021-12-15,19.4792,-155.6017,S,0.3385,0.2608,0.1541,0.0929,0.0501,0.0136,-0.0107,-0.0124,-0.0071,-0.0073,-0.0003,0.0041,0.0009,-0.0049,-0.009,-0.0098,-0.01,-0.0092,-0.0063,-0.0075,-0.0083,-0.0083,-0.0072,-0.0062,-0.0017,0.0008,0.0012,-0.0023,-0.0003,0.0032
2021-12-15,19.4792,-155.6017,SE,,0.1769,0.0742,0.0095,0.0081,0.0067,0.0056,0.0044,0.0018,0.0002,-0.001,-0.0031,-0.0031,-0.0063,-0.0014,-0.0037,-0.0093,-0.0071,-0.0091,-0.0105,-0.0033,0.0041,0.0011,-0.0008,-0.0024,-0.0074,-0.0043,0.003,0.0054,-0.0012
2021-12-15,19.4792,-155.6017,SO,,0.2241,0.2105,0.1747,0.1565,0.1244,0.1456,0.1035,0.1249,0.0784,0.0467,-0.0086,0.0832,0.0576,-0.002,0.0257,-0.0237,-0.0319,-0.0556,-0.0663,-0.0774,-0.0789,-0.0833,-0.0906,-0.0977,-0.0358,0.0076,0.0311,-0.0235,-0.02
2022-01-08,19.476,-155.6005,E,,,0.1344,0.1208,-0.0457,-0.0563,-0.0704,-0.0762,-0.0729,-0.058,-0.0354,0.0301,0.1032,0.1374,0.1218,0.0943,0.0635,0.0526,0.0353,-0.0102,-0.0273,-0.0399,-0.047,-0.0535,-0.0587,-0.0626,-0.0658,-0.0691,-0.0729,-0.0762
2022-01-08,19.476,-155.6005,N,0.1928,0.195,0.1973,0.0062,-0.0123,-0.0344,-0.0423,-0.0552,-0.0615,-0.0628,-0.0552,-0.0493,-0.0488,-0.0342,-0.0228,-0.0165,-0.0121,-0.0068,-0.0061,0.0029,-0.0057,0.0038,-0.0139,-0.0152,-0.0122,-0.0014,-0.0274,-0.0367,-0.032,-0.0373
2022-01-08,19.476,-155.6005,NE,,0.2123,0.1243,0.038,0.0252,0.0159,0.0113,0.0024,-0.0028,-0.0101,-0.0182,-0.0179,-0.0208,-0.0209,-0.0174,-0.0133,-0.0129,-0.0005,-0.0099,-0.0026,0.0012,-0.0043,-0.0049,-0.0036,-0.0002,-0.0,0.0082,0.0099,0.0048,0.0156
2022-01-08,19.476,-155.6005,NO,,0.1167,0.1998,0.0239,0.0086,0.0004,-0.0102,-0.0128,-0.0155,-0.0082,-0.0073,0.0007,0.0014,-0.0052,0.0031,0.0108,0.0209,0.0261,0.0114,0.0088,0.0108,-0.0102,-0.0312,-0.0334,-0.0351,-0.0442,-0.0452,-0.056,-0.0478,-0.0537
2022-01-08,19.476,-155.6005,O,,,-0.0135,-0.0204,-0.0056,-0.0286,-0.0387,-0.0497,-0.0065,-0.0134,0.0118,0.0234,0.094,0.0087,0.0193,0.0303,0.031,0.0469,0.0187,-0.0017,-0.0115,-0.0381,-0.0436,-0.0448,-0.0493,-0.0432,-0.0366,-0.0314,-0.022,0.0031
2022-01-08,19.476,-155.6005,S,0.173,0.1692,0.0701,-0.023,0.0222,0.0548,0.0561,-0.0309,-0.0345,-0.0446,-0.0339,-0.0247,-0.017,0.083,0.1177,0.1281,0.1677,0.1355,0.0943,0.0643,0.0391,0.0061,-0.0162,-0.0319,-0.0473,-0.0583,-0.0656,-0.0641,-0.0648,-0.0637
2022-01-08,19.476,-155.6005,SE,,0.1443,-0.024,-0.0449,-0.0678,-0.0866,-0.0992,-0.0924,-0.0719,-0.0379,0.0692,0.1209,0.1734,0.2075,0.1855,0.1071,0.0456,-0.0008,-0.0165,-0.024,-0.0268,-0.0346,-0.0431,-0.0506,-0.0581,-0.0636,-0.0663,-0.069,-0.0683,-0.0719
2022-01-08,19.476,-155.6005,SO,,0.2064,0.0681,0.0194,0.0191,0.0162,0.0268,0.0408,0.1851,0.1986,0.2034,0.1705,0.0978,0.1225,0.0097,-0.0009,-0.0269,-0.0438,-0.0629,-0.0616,-0.0675,-0.071,-0.0707,-0.0551,-0.0074,-0.0128,-0.0373,-0.0398,-0.0508,-0.0417
2022-01-16,19.4738,-155.6028,E,,,,,,,,,,,,,,,,,,,0.0557,,0.0329,,-0.0554,,,,,,,
2022-01-16,19.4738,-155.6028,E,,,,,,,,,,,,,,,,,,,,,,-0.0094,,,,,,,,
2022-01-16,19.4739,-155.6029,E,,,,,,,,,,,,,,,,,,,,0.0462,,,,-0.0656,-0.071,,,,,
2022-01-16,19.4739,-155.6029,E,,,,,0.0277,,-0.0327,,,,,,,0.0812,,,0.0415,,,,,,,,,,-0.08,,,
2022-01-16,19.4739,-155.6028,E,,,,,,,,,,,,,,,,,,0.0529,,,,,,,,,,,,
2022-01-16,19.4739,-155.6028,E,,,,,,,,,,,,,,,,,,,,,,,,,,-0.0737,,-0.0873,-0.0955,-0.0954
2022-01-16,19.4743,-155.6029,E,,0.0354,,,,,,,,-0.0554,,0.0129,,,0.076,,,,,,,,,,,,,,,
2022-01-16,19.4743,-155.6028,E,,,0.0634,,,,,,,,-0.0449,,,,,,,,,,,,,,,,,,,
2022-01-16,19.4743,-155.6028,E,,,,,,-0.0358,,-0.0374,-0.0399,,,,0.045,,,,,,,,,,,,,,,,,
2022-01-16,19.4747,-155.6029,E,,,,,,,,,,,,,,,,0.0701,,,,,,,,,,,,,,
2022-01-16,19.4747,-155.6028,E,,,,0.0558,,,,,,,,,,,,,,,,,,,,,,,,,,
2022-01-16,19.4739,-155.6029,N,,,,,,,,,-0.0346,,,,,-0.0435,,,,,,,,,,,,,,,,
2022-01-16,19.4739,-155.6028,N,,,,,,,,,,,-0.0433,-0.0504,,,-0.0402,,-0.0284,,-0.0285,,,,,,,,,,,
2022-01-16,19.4743,-155.6029,N,,,,,,,,,,-0.0393,,,,,,-0.0325,,,,,,,,,,,,,,
2022-01-16,19.4743,-155.6028,N,,0.1734,0.1643,0.0925,,,-0.0082,,,,,,,,,,,,,,,,,,,,,,,
2022-01-16,19.4743,-155.6028,N,,,,,0.1257,-0.0049,,,,,,,,,,,,,,,,,,,,,,,,
2022-01-16,19.4743,-155.6028,N,0.1133,,,,,,,,,,,,,,,,,,,,,,,,,,,,,
2022-01-16,19.4747,-155.6029,N,,,,,,,,-0.0246,,,,,-0.0457,,,,,,,,,,,,,,,,,
2022-01-16,19.4747,-155.6028,N,,,,,,,,,,,,,,,,,,-0.0303,,-0.022,-0.0232,-0.0262,-0.025,-0.0296,-0.0291,-0.0292,-0.0281,-0.0349,-0.0452,-0.0409
2022-01-16,19.4739,-155.6029,NE,,,,,,0.0822,,0.0201,,,,,,,,,-0.0335,,-0.0428,,-0.0481,,-0.0476,,-0.0392,-0.03,,,,
2022-01-16,19.4739,-155.6028,NE,,,,,,,,,,,,,,,,,,,,-0.0459,,,,,,,,,,
2022-01-16,19.4739,-155.6028,NE,,,,,,,,,,,,,,,,,,-0.0387,,,,-0.0493,,-0.0426,,,-0.027,-0.0255,-0.0276,-0.0247
2022-01-16,19.4743,-155.6029,NE,0.1379,,,,,,,,,,,,,,,,,,,,,,,,,,,,,
2022-01-16,19.4743,-155.6029,NE,,,,0.1273,,,,,,0.0709,0.1492,,,,-0.0244,,,,,,,,,,,,,,,
2022-01-16,19.4743,-155.6028,NE,,0.1368,,,,,,,,,,,,,,,,,,,,,,,,,,,,
2022-01-16,19.4743,-155.6028,NE,,,0.1537,,,,,,0.0455,,,,0.1035,0.13,,-0.029,,,,,,,,,,,,,,
2022-01-16,19.4747,-155.6029,NE,,,,,,,,,,,,0.1461,,,,,,,,,,,,,,,,,,
2022-01-16,19.4747,-155.6028,NE,,,,,0.1048,,0.0163,,,,,,,,,,,,,,,,,,,,,,,
2022-01-16,19.4738,-155.6028,NO,,0.095,,,,,,,,,,,,,,,,,,,,,,,,,,,,
2022-01-16,19.4739,-155.6029,NO,,,,0.1214,,0.1321,,-0.0289,,,-0.0178,,,,,-0.0399,,-0.0289,-0.0342,,,,-0.0314,-0.023,,-0.0198,-0.0256,-0.0236,,-0.008
2022-01-16,19.4739,-155.6028,NO,,,,,,,,,,0.1114,,,,,-0.0353,,,,,,,,,,,,,,,
2022-01-16,19.4739,-155.6028,NO,,,,,,,,,-0.0167,,,-0.0164,-0.0133,-0.0243,,,-0.0335,,,-0.0271,-0.0451,-0.0339,,,-0.0303,,,,-0.0075,
2022-01-16,19.4743,-155.6029,NO,0.1519,,,,,,,,,,,,,,,,,,,,,,,,,,,,,
2022-01-16,19.4743,-155.6028,NO,,,,,0.1435,,,,,,,,,,,,,,,,,,,,,,,,,
2022-01-16,19.4747,-155.6028,NO,,,0.1144,,,,,,,,,,,,,,,,,,,,,,,,,,,
2022-01-16,19.4747,-155.6028,NO,,,,,,,0.1126,,,,,,,,,,,,,,,,,,,,,,,
2022-01-16,19.4738,-155.6028,O,,,,,,,,,,0.0244,0.0213,,0.0164,0.012,0.0048,0.0039,,,,,,,,,,,,,,
2022-01-16,19.4739,-155.6029,O,,,,,,,,,0.0288,,,0.0212,,,,,,,,,,,,,,,,,,
2022-01-16,19.4739,-155.6029,O,,0.2747,,,,,0.0607,,,,,,,,,,,0.0079,,,,,,-0.0065,,,-0.0148,,,
2022-01-16,19.4739,-155.6028,O,,,,,,,,,,,,,,,,,0.0081,,,,,,,,,,,,,
2022-01-16,19.4739,-155.6028,O,,,,,,,,0.0446,,,,,,,,,,,0.0032,,,,,,,,,,,
2022-01-16,19.4743,-155.6029,O,,,,,0.2218,,,,,,,,,,,,,,,0.002,,0.0026,,,,,,,,-0.01
2022-01-16,19.4743,-155.6028,O,,,0.2618,,,,,,,,,,,,,,,,,,,,,,,,,-0.0124,-0.0122,
2022-01-16,19.4743,-155.6028,O,,,,,,,,,,,,,,,,,,,,,,,,,-0.0124,,,,,
2022-01-16,19.4743,-155.6028,O,0.2705,,,,,,,,,,,,,,,,,,,,,,,,,,,,,
2022-01-16,19.4747,-155.6028,O,,,,0.2499,,0.184,,,,,,,,,,,,,,,0.0015,,-0.0007,,,-0.0162,,,,
2022-01-16,19.4739,-155.6029,S,,,,,,,,,,,,0.1857,,0.0459,0.0252,,,-0.0296,,,,,,-0.0362,,-0.0412,-0.0439,,-0.0475,
2022-01-16,19.4739,-155.6028,S,,,0.1624,,,,,,,,,,,,,0.0017,,,,,,,,,,,,,,
2022-01-16,19.4739,-155.6028,S,,,,,,,,,,,,,,,,,-0.0198,,-0.0317,-0.0354,-0.032,-0.0309,-0.033,,-0.0392,,,-0.0456,,-0.0475
2022-01-16,19.4743,-155.6029,S,,,,,,,,,,,,,0.0937,,,,,,,,,,,,,,,,,
2022-01-16,19.4743,-155.6028,S,,,,,,0.0605,,0.1046,0.182,0.2302,,,,,,,,,,,,,,,,,,,,
2022-01-16,19.4743,-155.6028,S,,,,0.1313,,,0.0712,,,,,,,,,,,,,,,,,,,,,,,
2022-01-16,19.4747,-155.6028,S,,0.1564,,,0.0764,,,,,,0.2283,,,,,,,,,,,,,,,,,,,
2022-01-16,19.4739,-155.6029,SE,,,,,,0.0055,,,,,,,,,,,,,,-0.0333,,,-0.0512,,,-0.0641,-0.0692,,,-0.0809
2022-01-16,19.4739,-155.6028,SE,,,,,,,,,,,0.2077,,,,,,,,,,,-0.0461,,,,,,,-0.0768,
2022-01-16,19.4739,-155.6028,SE,,,,,,,,,,,,,,0.1003,,,0.0089,,,,-0.0413,,,-0.0541,-0.0614,,,-0.0722,,
2022-01-16,19.4743,-155.6029,SE,,,,0.0387,,,,,,,,0.2203,,,,,,,-0.0209,,,,,,,,,,,
2022-01-16,19.4743,-155.6028,SE,0.1346,0.0889,,,,,,0.0949,,,,,,,,,,,,,,,,,,,,,,
2022-01-16,19.4743,-155.6028,SE,,,0.0651,,0.0103,,,,,0.2139,,,,,,,,,,,,,,,,,,,,
2022-01-16,19.4747,-155.6029,SE,,,,,,,0.0231,,0.1563,,,,,,0.0725,0.0321,,-0.01,,,,,,,,,,,,
2022-01-16,19.4747,-155.6028,SE,,,,,,,,,,,,,0.2005,,,,,,,,,,,,,,,,,
2022-01-16,19.4738,-155.6028,SO,,,,,,,,,,,,-0.0021,,0.0599,0.0488,0.0277,,,,,,,,,,,,,,
2022-01-16,19.4739,-155.6029,SO,,,,,,,,,,,,,0.0559,,,,,,,,,,,,,,,,,
2022-01-16,19.4739,-155.6029,SO,,,,0.1612,,0.0651,,,0.0155,,0.0139,,,,,,0.027,,0.0207,,,-0.0058,-0.0115,-0.0201,,-0.0262,,-0.0367,,-0.036
2022-01-16,19.4739,-155.6028,SO,,,,,,,,,,,,,,,,,,,,,,,,,,,-0.0353,,,
2022-01-16,19.4739,-155.6028,SO,,,,,,,,0.0356,,0.0215,,,,,,,,0.0224,,0.02,0.0113,,,,-0.0214,,,,-0.0346,
2022-01-16,19.4743,-155.6029,SO,0.2073,,,,,,,,,,,,,,,,,,,,,,,,,,,,,
2022-01-16,19.4747,-155.6029,SO,,0.1399,,,,,,,,,,,,,,,,,,,,,,,,,,,,
2022-01-16,19.4747,-155.6028,SO,,,0.1399,,0.1265,,0.0527,,,,,,,,,,,,,,,,,,,,,,,
2022-01-24,19.4733,-155.6008,E,,,,,,,,,,,,-0.0714,0.1031,0.0905,0.0873,0.0816,-0.0747,0.004,-0.0705,-0.0237,0.0244,0.0486,0.0677,0.0117,0.0041,-0.0025,-0.0595,-0.0614,-0.0648,-0.0689
2022-01-24,19.4733,-155.6008,N,0.1349,0.1275,-0.0705,-0.0756,-0.0835,-0.0805,-0.074,0.0174,-0.0629,0.1009,0.115,0.1187,0.1204,0.1189,0.1211,0.1193,0.0251,-0.0644,-0.0762,-0.0807,-0.0854,-0.0853,-0.0841,-0.0783,-0.0712,-0.0654,-0.0587,0.0998,0.1042,0.1017
2022-01-24,19.4733,-155.6008,NE,,,,,,-0.0623,0.1139,0.1118,0.1137,0.1113,0.116,0.0289,-0.0553,-0.055,-0.0605,-0.059,-0.061,-0.056,-0.0639,-0.0606,-0.0631,-0.058,0.1069,-0.056,-0.0586,-0.0527,-0.0587,-0.063,-0.0531,-0.0622
2022-01-24,19.4733,-155.6008,NO,0.1159,0.0927,0.0977,0.0937,0.0221,0.1112,0.1048,0.1093,0.1111,0.1086,0.0862,0.1016,-0.0582,0.1356,0.1175,0.1216,-0.0518,-0.0741,-0.0938,-0.0884,-0.091,-0.0838,-0.0624,-0.0456,-0.0394,-0.0405,-0.0351,-0.0215,-0.0474,0.0946
2022-01-24,19.4733,-155.6008,O,,0.2006,0.1994,0.2058,0.2046,0.2053,0.2005,0.0391,0.0247,0.0132,0.0042,-0.0046,-0.0134,-0.0138,-0.0124,-0.0138,-0.0194,-0.0178,-0.0201,-0.0193,-0.0177,-0.0168,-0.0158,-0.0149,-0.012,-0.0094,-0.0056,-0.0045,-0.002,0.0074
2022-01-24,19.4733,-155.6008,S,0.0834,0.0824,0.0943,0.1002,0.1025,0.103,0.1026,0.1049,0.0392,0.0418,0.0356,0.0079,-0.0145,-0.0329,-0.0316,0.0259,0.0816,0.1197,0.1481,0.1117,0.0591,0.0385,0.0167,-0.0093,-0.0352,-0.0403,-0.0455,-0.0466,-0.048,-0.0503
2022-01-24,19.4733,-155.6008,SE,,,,,,,0.0785,0.0825,0.0844,0.0083,0.0117,0.0018,-0.0124,-0.06,-0.0363,0.007,0.0274,0.0603,0.1082,0.1368,0.1079,0.1239,0.0363,0.0199,-0.0316,-0.0363,-0.0439,-0.0504,-0.0551,-0.0592
2022-01-24,19.4733,-155.6008,SO,,0.1942,0.1957,0.1953,0.1956,0.1878,0.183,0.0254,0.024,0.0166,0.0105,0.0073,0.0033,-0.0004,-0.0012,-0.0038,-0.0036,0.0008,0.0002,0.0044,-0.0027,1e-04,0.008,0.0039,-0.0008,-0.0087,-0.0182,-0.0252,-0.0331,-0.0333
2022-02-17,19.4748,-155.6028,E,,0.0402,,,,,,,,,,,,,,,,0.0299,,,-0.0439,-0.0477,-0.0512,,,,,,,-0.0672
2022-02-17,19.4749,-155.6028,E,,,,,,,,,,,,,0.0867,,,0.086,,,,,,,,,-0.0653,-0.0708,-0.0793,,,
2022-02-17,19.475,-155.6029,E,,,,,,,,,,,0.0201,0.0127,,0.1104,0.0745,,0.0844,,-0.0228,-0.0363,,,,-0.0595,,,,-0.0857,-0.0772,
2022-02-17,19.4748,-155.6028,N,0.0642,,,,0.0066,-1e-04,,0.0323,,0.0286,0.016,,,0.0346,,,,,0.017,0.0301,,0.0348,,0.0396,,,,0.0282,,0.0198
2022-02-17,19.4749,-155.6028,N,,0.0575,0.0308,0.029,,,,,,,,-0.1368,0.0292,,0.0361,0.0381,,0.0292,,,0.034,,0.0391,,,,0.0289,,,
2022-02-17,19.475,-155.6029,N,,,,,,,0.0251,,0.024,,,,,,,,0.029,,,,,,,,0.0385,0.0247,,,0.0201,
2022-02-17,19.4748,-155.6028,NE,,,0.0087,,,,,,,,,,,,,0.0396,0.0309,,,,,0.0125,,0.0117,,,0.0211,,-0.0152,
2022-02-17,19.4749,-155.6028,NE,,0.034,,,,,,,,,,,-0.0099,0.0267,,,,,,0.0211,,,,,,0.0282,,,,
2022-02-17,19.475,-155.6029,NE,0.0324,,,,,,,,,,,-0.052,,,-0.0364,,,0.0272,0.0396,,0.0253,,0.0054,,0.0233,,,0.0046,,-0.0401
2022-02-17,19.4748,-155.6028,NO,,,0.0442,,0.0495,,-0.0776,,0.0419,0.0306,,0.0317,,0.0533,,,0.0639,,,0.0573,,0.0033,-0.0906,,0.0493,,,,-0.1035,
2022-02-17,19.4749,-155.6028,NO,,0.0764,,-0.0146,,,,,,,,,,,,0.0645,,,,,,,,,,,,,,
2022-02-17,19.475,-155.6029,NO,0.0582,,,,,0.0139,,0.0132,,,0.0254,,0.0377,,0.0569,,,0.0554,0.0581,,0.0591,,,-0.0581,,0.0696,0.0642,0.0313,,-0.1058
2022-02-17,19.4748,-155.6028,O,0.1258,,,0.0842,,0.0729,,,,,0.0625,,0.018,0.0141,0.0413,-0.0094,,-0.0187,,,-0.0565,,,,,,,,,
2022-02-17,19.4749,-155.6028,O,,0.1259,0.066,,,,,0.0888,0.0895,0.0586,,,,,,,,,-0.0271,,,,,,-0.0292,,,,,
2022-02-17,19.475,-155.6029,O,,,,,0.0908,,0.075,,,,,0.0769,,,,,-0.0292,,,-0.0664,,-0.0464,-0.0402,-0.0271,,,,,,
2022-02-17,19.4748,-155.6028,S,,0.1063,,0.087,0.0787,,0.1309,0.1778,0.204,0.2269,0.2369,,0.1078,,,-0.0101,,,-0.0316,-0.0285,-0.0297,-0.0354,,-0.0464,-0.0503,-0.0501,,,,-0.0537
2022-02-17,19.4749,-155.6028,S,,,,,,0.1353,,,,,,0.189,,,0.0081,,-0.0244,-0.0293,,,,,-0.0403,,,,,,,
2022-02-17,19.475,-155.6029,S,,,0.1626,,,,,,,,,,,0.033,,,,,,,,,,,,,-0.0487,-0.0526,-0.0513,
2022-02-17,19.4748,-155.6028,SE,,,0.3267,0.3156,0.3109,0.3202,,,,,,,,,,,0.0255,,,,,,,,-0.0056,,,-0.0027,0.0072,
2022-02-17,19.4749,-155.6028,SE,0.377,0.3271,,,,,,,,,,,,,0.0708,,,,,-0.012,-0.0109,-0.0097,,-0.0078,,,,,,0.0166
2022-02-17,19.475,-155.6029,SE,,,,,,,,,,,,,0.1198,0.1035,,0.0201,,-0.0013,-0.0093,,,,-0.0091,,,-0.0046,-0.0033,,,
2022-02-17,19.4748,-155.6028,SO,,,0.0414,,,,0.025,,,0.0266,,0.0285,,,,,,0.0315,,0.0083,-0.0217,,,,,,,-0.1134,-0.1241,
2022-02-17,19.4749,-155.6028,SO,,,,0.0461,0.0459,,,,0.0227,,,,,0.1007,0.0777,0.1046,0.0602,,,,,,,,,-0.0872,,,,
2022-02-17,19.475,-155.6029,SO,0.048,0.0517,,,,0.0221,,0.0285,,,0.0236,,0.1281,,,,,,0.0004,,,-0.024,-0.0347,-0.0361,-0.0722,,-0.105,,,-0.1204
2022-02-25,19.4739,-155.6029,E,,0.0674,0.0681,0.0604,0.0302,0.0242,0.0157,0.0016,-0.014,-0.0253,-0.02,-0.0126,-0.0082,0.0064,0.0123,0.0101,0.0272,0.0338,0.0098,0.0117,0.0265,-0.0273,-0.0533,-0.0749,-0.0806,-0.0871,-0.0936,-0.0952,-0.1,-0.1065
2022-02-25,19.4739,-155.6029,N,,0.0261,0.0289,0.0425,0.038,0.0173,0.0075,0.0495,0.0314,0.0193,0.0276,0.0233,0.0126,0.0042,-0.003,0.006,0.0143,0.0137,0.0131,0.0185,0.0196,0.028,0.018,0.0123,0.0127,0.0104,0.0112,-0.002,-0.0408,-0.0203
2022-02-25,19.4739,-155.6029,NE,0.0669,0.0562,0.0559,0.0532,0.0421,0.0202,-0.0102,-0.041,-0.0484,0.0373,0.0289,0.0336,0.0326,0.0254,0.0241,0.0278,0.0239,0.0251,0.0269,0.0247,0.0252,0.0241,1e-04,-0.0054,-0.0081,-0.0099,-0.0109,-0.0117,-0.0028,0.0051
2022-02-25,19.4739,-155.6029,NO,0.0701,0.0199,0.0279,0.0353,0.0538,0.0402,0.0256,0.0198,0.0282,0.0357,0.0455,0.0466,0.0516,0.0519,0.0431,0.0398,0.036,0.0253,0.022,0.0337,0.036,0.0369,0.0445,0.0481,0.0314,0.0212,0.0025,-0.0124,0.026,0.0113
2022-02-25,19.4739,-155.6029,O,,0.1795,0.1634,0.1552,0.1534,0.1423,0.1312,0.1279,0.1273,0.1239,0.121,0.1014,0.0267,0.0663,0.0616,0.0338,0.0193,0.0371,0.0016,0.0362,0.0391,-0.0207,0.0006,-0.0351,-0.0045,-0.063,-0.0126,-0.0414,-0.0698,-0.042
2022-02-25,19.4739,-155.6029,S,,0.2043,0.2031,0.2118,0.1943,0.1968,0.202,0.2019,0.2045,0.2118,0.1832,0.1461,0.1014,0.0606,0.0267,0.0115,-0.005,0.0403,0.0017,-0.0492,-0.0418,-0.05,-0.0644,-0.0712,-0.0725,-0.0712,-0.0533,-0.0687,-0.0663,-0.0487
2022-02-25,19.4739,-155.6029,SE,0.1239,0.1251,0.1073,0.1152,0.1235,0.1172,0.1163,0.1222,0.1315,0.1587,0.1935,0.2121,0.2153,0.1489,0.1158,0.1147,0.0574,0.0135,0.0189,-0.033,-0.0516,-0.0578,-0.0615,-0.0677,-0.0739,-0.0764,-0.0807,-0.085,-0.0895,-0.0937
2022-02-25,19.4739,-155.6029,SO,0.1777,0.0924,0.0894,0.0846,0.0816,0.0723,0.0741,0.0665,0.0549,0.0677,0.0813,0.0601,0.1116,0.1067,0.1092,0.0967,0.0961,0.0886,0.0333,0.0118,0.0237,0.0252,0.0083,-0.0198,-0.0362,-0.0359,-0.0714,-0.0749,-0.0867,-0.0935
2022-05-14,19.4738,-155.6022,E,,0.1867,0.1623,0.1664,0.1599,-0.0074,0.1018,0.0764,0.0679,0.0336,0.0143,0.0062,,-0.0039,,,-0.0152,-0.0306,-0.0034,-0.0164,-0.0024,-0.0108,-0.0068,0.0103,-0.0032,-0.0031,-0.018,-0.0118,-0.029,-0.0377
2022-05-14,19.4738,-155.6022,N,0.075,0.0539,0.0184,-0.0089,-0.0116,0.0449,0.041,0.0283,0.031,0.0171,0.0157,0.0157,-0.0014,-0.0144,-0.0159,-0.0014,0.009,0.0134,0.0203,0.0212,0.0328,0.0372,0.0181,0.0253,0.0294,0.0337,0.0182,-0.0198,-0.0204,0.0021
2022-05-14,19.4738,-155.6022,NE,,0.0848,0.0482,0.0417,0.0252,-0.0011,0.0671,-0.0334,0.0641,0.084,0.0861,0.0645,0.0549,0.0218,0.0066,0.0047,0.0031,0.0238,0.0102,0.0199,0.0126,0.0088,-0.0247,-0.0258,-0.0186,-0.0175,0.0057,0.0297,0.0289,0.0222
2022-05-14,19.4738,-155.6022,NO,,0.036,0.0007,-0.0155,0.0009,0.0129,0.0158,0.024,-0.0069,-0.0103,0.0002,-0.0006,0.0025,0.0076,0.0124,0.0089,0.0094,0.0216,0.0215,0.0254,0.0463,0.042,0.0354,0.0354,0.002,0.0065,0.0036,0.0054,-0.0187,-0.0019
2022-05-14,19.4738,-155.6022,O,0.1221,0.105,0.1078,0.0988,0.0858,0.0619,0.058,0.0575,0.0575,0.0595,0.0445,0.0398,0.0382,0.0265,0.0236,0.0282,0.0347,0.1341,0.124,0.1305,,-0.0476,-0.0428,-0.0345,-0.035,-0.0224,-0.0224,-0.0126,-0.0042,0.0004
2022-05-14,19.4738,-155.6022,S,,0.2104,0.1991,0.0897,0.1018,0.0729,0.0358,0.0171,0.0231,0.0281,0.1043,0.1771,0.2318,0.2358,0.1638,0.0999,0.07,0.0343,0.024,0.003,-0.0277,-0.0297,-0.0391,-0.0465,-0.05,-0.0536,-0.059,-0.0637,-0.0685,-0.0763
2022-05-14,19.4738,-155.6022,SE,0.1999,0.1734,0.1694,0.1777,0.0594,0.0469,0.0315,0.0042,-0.0068,-0.0068,0.0232,0.0806,0.1138,0.174,0.2068,0.1523,0.0988,0.0215,0.0059,-0.0118,-0.0161,-0.0232,-0.0326,-0.0369,-0.0404,-0.0462,-0.0519,-0.0591,-0.0633,-0.0676
2022-05-14,19.4738,-155.6022,SO,,0.17,0.1561,0.1504,0.0435,0.0436,0.0215,0.0089,-0.0257,-0.0144,0.0002,-0.0154,-0.0073,0.005,-0.0059,0.0874,0.0576,0.0752,0.0585,0.0197,-0.0268,-0.052,-0.0579,-0.0115,-0.0576,-0.0515,-0.0738,-0.09,-0.0942,-0.0808
2022-06-17,19.4779,-155.6,E,,0.195,0.1991,0.2035,0.0615,0.0239,0.009,0.0284,0.029,0.0623,0.079,0.0805,,,0.0011,-0.0081,0.0172,0.0124,0.0026,-0.0026,-0.0028,0.0011,-0.002,-0.017,-0.0091,-0.0079,-0.0111,-0.0002,-0.0073,-0.0065
2022-06-17,19.4779,-155.6,N,0.0481,0.0533,0.0402,0.0442,0.0523,0.0288,0.0236,-0.011,-0.0187,-0.0142,-0.0086,-0.007,-0.0033,-0.0008,0.0477,0.0522,0.0535,0.0406,0.0393,0.0364,0.0352,0.0364,0.0038,0.0051,0.0039,0.0197,0.0072,0.0072,0.0087,0.0028
2022-06-17,19.4779,-155.6,NE,,0.0852,0.084,0.0839,0.0787,0.0787,0.0803,0.0612,0.0559,0.0726,-0.0239,-0.0128,0.1218,0.1242,0.1192,0.0692,0.11,0.1059,-0.1084,-0.0325,-0.056,-0.0454,-0.08,-0.0292,-0.0071,-0.0034,0.0254,0.0383,0.0323,0.0417
2022-06-17,19.4779,-155.6,NO,,0.074,0.0765,0.0636,0.0481,0.0355,0.0287,0.0333,0.0352,-0.0017,-0.006,-0.0057,0.0011,0.0036,0.0042,0.0162,0.0211,0.029,0.0195,0.0276,0.0342,0.0364,0.0331,0.0136,0.0106,-0.0157,0.002,0.0066,0.0046,-0.0118
2022-06-17,19.4779,-155.6,O,,0.0474,0.0709,0.0643,0.0529,0.0472,0.0429,0.0597,0.0504,0.0492,-0.2319,0.0393,0.0263,0.0219,0.0163,0.0326,0.0268,0.0349,0.0168,0.0021,0.0623,0.0212,0.0078,0.0288,0.0306,0.0291,0.0291,-0.0228,-0.0129,-0.0167
2022-06-17,19.4779,-155.6,S,0.2453,0.2062,0.1428,0.1922,0.0448,0.0253,0.0233,0.0049,0.0127,-0.0158,-0.0284,-0.0131,0.0232,0.0108,0.0271,0.0266,0.0499,0.0475,0.0528,0.0679,0.0144,-0.0194,-0.0264,-0.0328,-0.0383,-0.0443,-0.0473,-0.0493,-0.0523,-0.0542
2022-06-17,19.4779,-155.6,SE,0.4826,0.3556,0.3542,0.3409,0.2892,0.2236,0.1777,0.1439,0.073,0.0333,0.0125,0.019,0.0156,-0.0014,0.0048,-0.0022,-0.0012,0.0011,-0.0104,-0.0189,-0.0049,-0.0204,-0.028,-0.0291,-0.0212,-0.019,-0.0057,-1e-04,0.0028,0.0218
2022-06-17,19.4779,-155.6,SO,,0.1557,0.1542,0.1526,0.1526,-0.004,0.0072,-0.0025,-0.0264,-0.017,0.0129,-0.0117,0.0432,0.0668,-0.0282,-0.0113,-0.0098,-0.0076,-0.0113,0.0136,-0.0068,-0.0146,0.0029,0.0597,0.0237,-0.0432,-0.0571,-0.0474,-0.0763,-0.0482
2022-07-27,19.473,-155.601,E,0.1699,0.1671,0.1642,0.118,0.1304,0.1312,0.139,0.1192,0.1262,0.066,0.1255,0.0351,0.1079,0.1043,0.004,0.0817,0.0712,-0.0254,-0.0947,-0.1117,-0.1035,-0.0918,-0.041,-0.0478,0.0164,0.0164,0.0129,0.0057,0.0,-0.0195
2022-07-27,19.473,-155.601,N,,0.041,0.0346,0.0287,0.0097,0.0233,-0.0069,-0.0132,-0.0126,-0.0015,0.0183,0.0579,0.0396,0.0547,0.0527,0.0374,0.0515,0.0454,0.0094,0.0015,0.0041,-0.0464,-0.049,-0.0502,-0.0151,-0.0083,0.0056,0.0057,0.0021,-0.0055
2022-07-27,19.473,-155.601,NE,,0.0572,0.0365,0.0217,0.0175,0.0134,-0.0127,0.0013,-0.0081,-0.0063,-0.0058,-0.0117,-0.0108,-0.0245,0.0016,-0.0043,-0.0061,-0.0145,0.0104,0.0139,0.0057,-0.0032,-0.0141,-0.015,0.0078,0.0227,0.0146,0.0169,0.0136,0.0155
2022-07-27,19.473,-155.601,NO,0.0403,0.0111,0.0105,0.0087,0.0064,0.0042,0.002,0.0014,-0.0022,-0.0018,0.009,0.0115,0.0069,0.0096,0.0193,0.0153,0.0128,0.0063,0.0024,0.0017,-0.0048,-0.0048,-0.002,0.0028,-0.0284,-0.0245,-0.0166,-0.0063,-0.0069,-0.0062
2022-07-27,19.473,-155.601,O,,0.0548,0.0349,0.068,0.0755,0.0694,0.0834,0.0705,0.0201,0.0143,0.0025,0.0007,-0.0022,0.0028,0.0086,-0.0156,-0.0375,-0.0349,-0.033,-0.0591,-0.0612,-0.0365,-0.0368,-0.0375,-0.0421,-0.0446,-0.0508,-0.0312,0.0022,0.0653
2022-07-27,19.473,-155.601,S,0.0984,0.1104,0.1256,0.1343,0.1403,0.143,0.1418,0.1508,0.0233,0.0287,0.0229,-0.0243,-0.0098,-0.0055,-0.0012,0.046,0.0805,0.1011,0.0846,0.0448,0.0133,-0.0008,-0.0149,-0.0248,-0.0307,-0.0383,-0.0395,-0.0424,-0.0483,-0.0576
2022-07-27,19.473,-155.601,SE,,0.1268,0.1255,0.1523,0.1671,0.1545,0.1582,0.168,0.1541,0.0297,0.0128,0.0027,-0.0231,-0.0376,-0.0377,-0.0339,-0.0089,0.0226,0.029,0.036,0.0006,0.019,0.0218,0.0159,0.0023,-0.0123,-0.0183,-0.0243,-0.0287,-0.032
2022-07-27,19.473,-155.601,SO,,0.1159,0.1242,0.1237,0.1214,0.1221,0.1182,0.1198,0.119,0.0887,0.0862,0.0148,-0.038,-0.0381,-0.0355,-0.032,-0.0184,-0.0175,-0.016,0.0033,0.0141,0.0292,0.0276,0.0158,0.0014,-0.0078,-0.0074,-0.0199,-0.0235,-0.0077
2022-08-28,19.4738,-155.5998,E,0.1096,0.1241,0.131,0.1364,0.1385,0.1355,0.1301,0.1251,0.1149,0.094,0.0918,0.0855,0.0835,0.0843,0.0903,0.0745,0.0728,0.0717,0.0508,-0.0949,-0.0953,-0.0746,0.0057,-0.0303,-0.0239,-0.007,-0.0019,-0.0103,-0.018,-0.0283
2022-08-28,19.4738,-155.5998,N,0.0524,0.053,-0.0109,0.0011,0.0021,0.0047,0.0095,0.0356,0.0323,0.032,0.0295,0.0316,0.0381,0.0359,0.0248,0.0211,0.0254,-0.0333,-0.0207,-0.0203,0.005,0.0126,0.0167,0.015,0.0003,-0.0011,-0.0063,-0.0038,-0.0131,-0.0188
2022-08-28,19.4738,-155.5998,NE,,0.0423,0.0559,0.0497,0.0474,0.0393,0.0304,0.0327,0.0184,0.0211,0.0257,0.0237,0.0185,0.0144,0.0034,0.0083,-0.0056,-0.0101,-0.0137,0.0489,0.0419,0.0271,0.0268,0.0256,0.0259,0.009,-0.0224,-0.0296,-0.0338,-0.0397
2022-08-28,19.4738,-155.5998,NO,,-0.0005,0.0058,-0.0487,-0.0533,-0.0559,-0.0473,-0.0247,0.0324,0.0722,0.0801,0.0833,0.0821,0.052,0.0238,0.0166,-0.0018,-0.0035,0.0019,-0.026,-0.0231,-0.0129,-0.0081,-0.0054,-0.0013,-0.0005,0.0013,-0.016,-0.0211,-0.0253
2022-08-28,19.4738,-155.5998,O,,0.0607,0.0774,0.015,0.0245,0.0217,0.0281,0.0251,0.0252,0.0314,0.0298,0.0328,0.0431,0.043,0.0442,0.0526,0.0463,0.0542,0.0523,0.0591,0.0562,0.0126,0.0089,-0.0118,-0.031,-0.0411,-0.0352,-0.0233,-0.0411,0.0918
2022-08-28,19.4738,-155.5998,S,0.2486,0.2217,0.2198,0.2171,0.1265,0.1269,0.1365,0.1436,0.1415,0.1392,0.144,0.1351,-0.0239,-0.0154,-0.0168,-0.0619,-0.0657,-0.0591,-0.056,-0.0332,0.0147,0.0387,0.0177,-0.0034,-0.0045,-0.0068,-0.0157,-0.0213,-0.0269,-0.0314
2022-08-28,19.4738,-155.5998,SE,,0.2191,0.227,0.2326,0.2347,0.2179,0.155,0.1677,0.0534,0.0552,0.0478,-0.0011,-0.0153,-0.0252,-0.034,-0.0388,-0.0476,-0.0597,-0.061,-0.0376,-0.0352,0.0148,0.0151,0.0086,0.0005,-0.0033,-0.0098,-0.0142,-0.0196,-0.025
2022-08-28,19.4738,-155.5998,SO,,0.1977,0.1952,0.1945,0.187,0.1506,0.0918,0.1036,0.0993,0.103,0.1071,0.1067,0.1089,0.109,0.0928,0.0981,-0.0094,-0.0491,-0.0479,-0.0491,-0.0444,-0.0339,-0.0307,-0.0349,-0.0272,-0.0175,-0.0059,-0.0104,-0.0142,-0.0258
2022-09-10,19.476,-155.6008,E,,,,,,,0.0906,0.0037,-0.0016,-0.0424,,,,,,,,,,,,0.0166,,0.0022,,-0.0113,,,-0.0151,
2022-09-10,19.476,-155.6007,E,,0.0146,0.1021,,0.0981,0.0924,,,,,,,,,,,,,,,,,,,-0.0046,,,,,
2022-09-10,19.476,-155.6006,E,0.1258,,,0.0975,,,,,,,,,,,,,0.1418,0.0921,0.0549,0.0402,0.0256,,0.0062,,,,-0.0151,-0.0125,,-0.0249
2022-09-10,19.476,-155.6008,N,,,,,,,,,,-0.0016,-0.0026,,0.0088,,,0.0073,,0.0334,,,,,,,,,0.0068,1e-04,-0.0055,
2022-09-10,19.476,-155.6007,N,0.0812,0.068,,0.0431,0.0314,0.0107,0.0124,,-0.0112,,,,,0.0018,,,,,,0.0451,0.0376,,,,0.017,0.0151,,,,
2022-09-10,19.476,-155.6006,N,,,0.0396,,,,,-0.0052,,,,0.0067,,,0.0053,,0.0244,,0.0406,,,0.0388,0.0312,0.0304,,,,,,-0.0015
2022-09-10,19.476,-155.6008,NE,,,,0.0844,,,,0.0934,,0.0892,,0.0562,0.0529,,0.044,,,,,,-0.0275,,-0.0413,,,0.0336,-0.0059,0.0034,,0.0004
2022-09-10,19.476,-155.6007,NE,,0.108,0.0877,,,0.0891,0.0975,,,,,,,,,,,,-0.0365,-0.0219,,,,0.0065,0.0007,,,,,
2022-09-10,19.476,-155.6006,NE,,,,,0.0827,,,,0.0925,,0.0919,,,0.0525,,0.0506,0.0541,-0.041,,,,-0.0374,,,,,,,0.0002,
2022-09-10,19.476,-155.6008,NO,,0.0842,,0.0592,,0.0557,,0.0345,,0.0271,,,0.0236,,-0.0109,,0.028,,,,0.0403,0.0413,,-0.0053,,,,-0.0112,,-0.005
2022-09-10,19.476,-155.6007,NO,,,,,,,,,,,0.0282,,,,,,,0.0583,0.0529,,,,,,,-0.0324,,,,
2022-09-10,19.476,-155.6006,NO,,,0.0478,,0.067,,0.0394,,0.033,,,0.0245,,0.0031,,0.0171,,,,0.0378,,,0.0282,,-0.023,,-0.024,,-0.0187,
2022-09-10,19.476,-155.6008,O,,,0.0217,,0.0104,,-0.0014,,,,,0.0267,,0.0261,0.0332,,,,,,,,,-0.0139,-0.0205,-0.0054,,-0.0443,,
2022-09-10,19.476,-155.6007,O,,0.0647,,0.0069,,,,-0.0223,-0.0074,0.0138,0.0268,,,,,,,0.0303,,,,,,,,,,,-0.0013,
2022-09-10,19.476,-155.6006,O,,,,,,0.0117,,,,,,,0.0236,,,0.0326,0.0307,,,,,,,,,,0.01,,,0.0212
2022-09-10,19.476,-155.6008,S,0.1721,,,,,-0.0016,,,-0.025,,-0.0145,,,0.067,,,,,0.0795,,,-0.0326,,-0.0458,-0.0512,,-0.0593,,-0.062,
2022-09-10,19.476,-155.6007,S,,0.0876,,0.0229,,,0.0174,,,,,-0.012,,,0.117,0.1476,0.1683,0.1455,,,,,,,,-0.0553,,-0.0593,,-0.066
2022-09-10,19.476,-155.6006,S,,,0.0103,,0.0144,,,0.0007,,-0.0208,,,0.0274,,,,,,,0.0121,-0.0112,,-0.0386,,,,,,,
2022-09-10,19.476,-155.6008,SE,,,,-0.0226,,0.0011,,,,0.0028,0.0046,0.0532,0.101,,0.1456,,0.0695,,,,-0.0244,,,,,-0.0623,,-0.0738,-0.0785,
2022-09-10,19.476,-155.6007,SE,,0.102,,,,,,0.0071,,,,,,,,0.1092,,0.0551,0.0139,-0.0056,,,-0.046,,,,,,,-0.0811
2022-09-10,19.476,-155.6006,SE,,,0.0357,,0.0101,,1e-04,,0.0124,,,,,0.1392,,,,,,,,-0.0373,,-0.0483,-0.0511,,-0.069,,,
2022-09-10,19.476,-155.6008,SO,,,,-0.0049,,0.0459,,,0.0981,,,,0.0284,0.013,,,-0.0298,,,,,,0.0571,,,-0.0636,-0.0671,-0.0576,-0.0447,-0.0486
2022-09-10,19.476,-155.6007,SO,,0.0684,,,,,0.0583,,,0.1046,,0.026,,,0.0044,,,,,,,,,,,,,,,
2022-09-10,19.476,-155.6006,SO,0.1329,,-0.0025,,0.008,,,0.0872,,,0.0981,,,,,-0.0073,,-0.0383,-0.0316,0.063,0.0652,0.0974,,-0.0284,-0.0617,,,,,
2022-11-16,19.4779,-155.6,E,,0.1411,0.1522,0.1577,0.0514,0.0411,0.0624,0.0599,0.0839,0.1061,0.1113,0.0863,0.0758,0.0521,0.0282,0.0147,0.0004,-0.009,-0.0154,-0.0189,-0.0203,-0.0181,-0.0264,-0.0347,-0.031,-0.0396,-0.0423,-0.0436,-0.0504,-0.0487
2022-11-16,19.4779,-155.6,N,0.0355,0.0316,0.0211,0.016,0.023,0.0169,0.0124,-0.0158,-0.0206,-0.0182,-0.0185,-0.0164,-0.0106,-0.0065,0.0186,0.0358,0.0396,0.0274,0.0268,0.023,0.0224,0.0115,-1e-04,-0.0022,-0.0045,-0.0002,-0.004,-0.007,-0.0091,-0.0137
2022-11-16,19.4779,-155.6,NE,,0.0735,0.0763,0.0733,0.0702,0.0676,0.0588,0.0451,0.0376,0.0557,0.0144,0.028,0.0394,0.0091,-0.0136,-0.0219,0.0237,0.0779,0.0105,0.0659,-0.0012,-0.0165,-0.0167,0.0133,-0.001,-0.003,-0.0126,-0.0155,-0.0141,-0.0128
2022-11-16,19.4779,-155.6,NO,,0.0285,0.023,0.0177,0.0125,0.0108,0.0072,0.003,0.0017,-0.0227,-0.0212,-0.0168,-0.0106,-0.0057,-0.0008,0.006,0.0152,0.0118,0.0167,0.0095,0.0173,0.0098,0.0079,-0.0011,0.0111,-0.0,-0.0015,-0.0127,-0.01,-0.0093
2022-11-16,19.4779,-155.6,O,,0.0076,0.0181,0.0187,0.0232,0.0198,0.0115,0.017,0.0145,0.0137,0.0127,0.0031,-0.0005,-0.0018,-0.0035,0.0147,0.0099,0.0148,-1e-04,-0.0,0.0054,0.009,0.0114,0.0119,0.0088,0.0047,0.0049,-0.0008,-0.0107,-0.0195
2022-11-16,19.4779,-155.6,S,0.1474,0.1245,0.0789,0.1247,0.0027,0.0064,0.0073,0.0071,0.0137,0.0302,0.0385,0.0462,0.065,0.0726,0.0658,0.0409,0.0804,0.0799,0.0341,0.0424,-0.002,-0.0169,-0.0299,-0.0375,-0.044,-0.051,-0.0545,-0.0568,-0.0603,-0.0627
2022-11-16,19.4779,-155.6,SE,0.4444,0.3409,0.3536,0.3592,0.3643,0.3256,0.3096,0.2741,0.1867,0.0991,0.0613,0.0241,-0.0027,-0.0175,-0.0325,-0.0355,-0.0358,-0.0366,-0.029,-0.026,-0.0217,-0.0199,-0.0189,-0.0184,-0.0144,-0.0116,-0.0043,-0.0028,-0.0012,0.0018
2022-11-16,19.4779,-155.6,SO,,0.1436,0.1433,0.1437,0.1428,0.014,0.0117,0.0088,0.0082,0.0064,0.0216,0.0247,0.0357,0.0673,-0.0051,-0.004,-0.0036,-0.0032,-0.0093,0.0055,-0.0005,-0.0113,-0.0122,0.0033,-0.0197,-0.0366,-0.0331,-0.0317,-0.0585,-0.0388
2022-12-21,19.4765,-155.5997,E,,0.2348,0.071,0.0638,0.0622,0.0638,0.0539,0.0507,0.0373,0.0368,,,,,,-0.0189,-0.0189,0.0409,0.0285,0.0213,0.0135,0.0068,-0.0005,-0.0047,-0.0074,-0.0131,-0.0169,-0.019,-0.0232,-0.0273
2022-12-21,19.4765,-155.5997,N,0.193,0.0285,0.0285,0.0232,0.0192,0.0265,0.0259,0.0061,0.0167,0.0068,0.0953,0.081,-0.0104,0.0002,0.0002,-0.0334,-0.0319,-0.016,0.0053,-0.004,-0.0155,-0.0026,-0.0092,-0.0156,-0.0202,-0.0352,-0.0385,-0.0523,-0.0523,-0.0574
2022-12-21,19.4765,-155.5997,NE,,0.1908,0.3458,0.1959,0.3277,0.3473,0.188,0.1707,0.1504,0.1354,0.1208,0.1063,0.1045,0.0635,0.0329,0.0048,-0.0519,-0.053,-0.06,-0.0517,-0.0657,-0.0384,-0.0465,-0.0203,-0.0326,-0.0244,-0.024,-0.0192,-0.0402,-0.0386
2022-12-21,19.4765,-155.5997,NO,,0.1459,0.0679,-0.0146,-0.0214,0.1254,0.048,0.112,-0.0225,-0.0313,-0.026,0.1131,0.0977,0.0838,-0.0431,-0.0407,-0.0385,-0.0456,0.0896,0.0849,-0.0597,-0.0712,-0.0688,-0.0697,-0.0673,0.0431,-0.0799,-0.0712,-0.0678,-0.07
2022-12-21,19.4765,-155.5997,O,,0.1264,-0.0152,-0.0184,0.0187,-0.0925,0.0507,-0.067,-0.0913,-0.0078,0.0597,0.0614,0.0785,-0.0139,0.0334,0.1157,-0.0018,-0.0461,-0.0052,,,,,-0.0312,-0.0545,-0.0567,-0.0427,-0.0321,-0.0229,0.0235
2022-12-21,19.4765,-155.5997,S,-0.0183,-0.0202,0.041,0.1165,-0.0137,-0.0123,-0.0053,-0.004,-0.0059,-0.0077,0.0138,-0.0048,0.0065,-0.0005,-0.0021,0.0054,0.0344,0.0459,0.0518,0.0559,0.0426,0.0321,0.0173,0.0067,0.0025,-0.0088,-0.0257,-0.0295,-0.0389,-0.0426
2022-12-21,19.4765,-155.5997,SE,,0.0833,0.1479,0.1443,0.0315,0.1682,0.0923,0.0884,0.0233,0.0214,-0.0208,-0.0329,-0.0268,-0.003,0.0849,0.0879,0.0729,0.0552,0.0384,0.0234,0.0106,0.0034,-0.0128,-0.0272,-0.0362,-0.0434,-0.0479,-0.0542,-0.0578,-0.0569
2022-12-21,19.4765,-155.5997,SO,,0.055,0.056,-0.0134,-0.0142,-0.0206,0.0911,0.0558,0.0691,0.0406,-0.0035,0.0005,0.0235,-0.0041,-0.0058,-0.0116,-0.0137,-0.0158,-0.0159,-0.0234,-0.014,-0.0258,0.0192,0.0577,0.0345,-0.0126,-0.0401,-0.0645,-0.0744,-0.0684
2023-01-11,19.4757,-155.6008,E,,,,,,,,,,,,,,,0.1322,0.1451,0.0733,0.0454,,0.0232,,,,,-0.073,-0.0799,,,,
2023-01-11,19.4757,-155.6009,E,,,,,,,,,,,,,0.008,,,,,,,,,,,-0.0611,,,,,-0.1052,-0.1116
2023-01-11,19.4757,-155.6009,E,0.1598,0.1563,0.1519,0.0414,0.0336,0.0341,0.0396,0.038,0.0234,0.0024,-0.0431,-0.0402,,0.0442,,,,,0.0026,,-0.0126,-0.0197,-0.0419,,,,-0.0828,-0.0955,,
2023-01-11,19.4757,-155.6009,N,0.1044,,,,,,,,,,,,,,,,,,,,,,,,,,,,,
2023-01-11,19.4757,-155.6008,NE,,,,,,,,,,,,,,,,0.048,0.1147,-0.0706,,,-0.1548,,-0.1732,-0.1818,,,,-0.1964,,
2023-01-11,19.4757,-155.6009,NE,,,,,,,,,,,,,,,,,,,-0.0962,,,,,,,-0.1984,,,,
2023-01-11,19.4757,-155.6009,NE,,0.3473,,,,,,,,,,,,,,,,,,-0.1348,,-0.1592,,,-0.1792,,-0.1841,,-0.1781,-0.1965
2023-01-11,19.4757,-155.6009,NO,,0.1189,0.1019,0.1213,0.1251,,0.076,,,,,,,,,,,,,,,,,,,,,,,
2023-01-11,19.4757,-155.6009,O,,,,,0.0369,,,,,,,,,,,,,,,,,,,,,,,,,
2023-01-11,19.4757,-155.6009,O,,0.0197,0.0007,0.0214,,0.0232,0.0091,0.0176,0.0273,0.0478,0.0574,0.0482,0.0156,0.0509,0.0658,0.0592,0.0792,0.0954,0.0618,0.045,0.0247,-0.0099,-0.0068,-0.0021,-0.0023,-0.0285,-0.0245,-0.0493,-0.0693,-0.0714
2023-01-11,19.4757,-155.6008,S,,,,,,0.0657,,0.0361,0.019,,0.0216,,,,,,,,,,0.015,,,,-0.0689,-0.0811,-0.0818,,-0.0972,
2023-01-11,19.4757,-155.6009,S,,,0.0711,,0.0595,,,,,,,0.0273,,,0.1437,,,,,,,,-0.0326,-0.0546,,,,-0.0875,,
2023-01-11,19.4757,-155.6009,S,,0.0834,,0.0616,,,0.0754,,,0.0191,,,0.0468,0.0955,,0.1812,0.2014,0.1363,0.0684,0.0338,,-0.0091,,,,,,,,-0.0959
2023-01-11,19.4757,-155.6008,SE,,,,,,0.099,,,,,,0.0681,,,0.2691,,0.1179,,0.0158,,-0.022,,-0.0501,,-0.0776,-0.0884,,-0.1075,,-0.1184
2023-01-11,19.4757,-155.6009,SE,,0.1297,0.1282,0.1191,0.1095,,0.085,0.0827,0.0638,0.0515,0.0517,,0.1331,0.236,,0.1793,,0.052,,-0.0125,,-0.0386,,-0.0662,,,-0.0967,,-0.1133,
2023-01-11,19.4757,-155.6008,SO,,,,0.0898,,0.1181,,0.1169,0.1203,,,,,,,,,,,,,,,,,,,,,
2023-01-11,19.4757,-155.6009,SO,,0.0649,,,,,,,,,0.1018,0.0667,,,,,,,,,,,,,,,,,,
2023-01-11,19.4757,-155.6009,SO,0.1764,,0.0587,,0.1221,,0.1211,,,0.112,,,0.1099,0.0503,0.0488,0.0176,0.0412,0.0377,0.0475,0.0305,0.0451,0.0493,0.0434,0.0149,-0.0024,-0.0353,-0.0712,-0.0893,-0.0868,-0.0959
2023-03-09,19.4738,-155.6009,E,0.0878,0.083,0.0859,0.0718,0.0847,0.0833,0.014,-0.048,-0.0487,-0.0037,-0.0056,0.003,0.0424,0.0117,-0.0219,0.0271,0.0229,0.0112,0.0498,0.0533,-0.0203,-0.0047,-0.0604,-0.0756,-0.0785,-0.0834,,,,
2023-03-09,19.4738,-155.6009,N,,0.1004,0.0946,0.0812,0.082,0.0757,0.0722,0.077,0.0852,0.084,0.0867,0.082,0.0834,0.0779,0.0756,-0.0712,-0.0641,-0.0586,0.0627,0.0018,-0.055,-0.0537,0.0655,-0.0545,-0.0566,-0.0582,-0.0583,-0.0653,-0.068,-0.0648
2023-03-09,19.4738,-155.6009,NE,,0.1462,0.1305,0.033,0.1183,0.1214,0.1216,-0.0296,-0.0212,0.1026,0.1041,0.1231,-0.0094,0.1083,0.0987,0.0951,-0.027,0.0658,0.0462,-0.027,-0.0211,-0.0408,-0.027,-0.0711,-0.0519,-0.0374,-0.0436,-0.0341,-0.1118,-0.084
2023-03-09,19.4738,-155.6009,NO,0.2186,,,,,,,,,,,,0.0578,0.0327,0.0184,-0.0084,0.0051,-0.0111,-0.0088,-0.0139,-0.0035,0.0005,0.0051,0.0074,0.007,0.0058,-0.0005,-0.0042,-0.0189,-0.0252
2023-03-09,19.4738,-155.6009,O,,,,,,,,,,,0.1454,0.1387,0.0219,0.0045,-0.0051,0.0984,0.0059,0.0042,0.0378,0.0205,0.0009,-0.0181,-0.0207,-0.0017,-0.0194,-0.0126,-0.0091,-0.0147,0.0116,0.0017
2023-03-09,19.4738,-155.6009,S,,,0.0801,-0.0231,0.083,-0.0196,0.0919,-0.0158,0.0053,0.014,-0.0236,0.028,0.0324,0.0298,0.0463,0.0718,0.1178,0.1184,0.0805,0.0321,0.0185,0.0049,-0.0026,-0.0094,-0.0154,-0.0188,-0.0249,-0.0283,-0.0317,-0.0385
2023-03-09,19.4738,-155.6009,SE,,0.0298,0.0298,0.0351,-0.0693,0.0415,-0.0033,0.01,-0.0246,-0.0108,-0.0332,-0.0065,-0.0185,0.0081,0.0328,0.0678,0.075,0.1306,0.1097,0.0895,0.0311,0.0118,-0.0051,-0.0169,-0.0261,-0.0331,-0.04,-0.0477,-0.0538,-0.0615
2023-03-09,19.4738,-155.6009,SO,,,,,,,,,,,0.1229,0.119,-0.0069,0.0559,0.0277,0.0,-0.0174,-0.0002,0.0007,-0.006,0.002,-0.006,-0.0037,0.0046,0.0049,-0.0098,-0.0185,-0.0321,-0.0366,-0.0355
2023-03-16,19.4738,-155.6009,E,0.0706,0.0697,0.0685,0.0473,0.0568,0.0524,0.057,0.012,0.049,0.0408,0.0379,0.0027,0.0435,0.0542,0.0525,-0.0058,-0.0205,-0.0271,0.0019,0.0358,0.0054,0.0297,-0.0024,-0.0155,-0.0634,-0.0583,-0.099,-0.116,-0.1223,-0.1302
2023-03-16,19.4738,-155.6009,N,,0.0404,0.032,0.0308,0.0347,0.0226,0.0094,0.0109,0.0039,0.0034,0.0097,0.0231,0.024,0.0209,0.018,0.0171,0.0143,0.0107,0.003,0.003,-0.0006,-0.0104,-0.0138,-0.013,-0.0049,-0.0018,-0.0025,-0.0031,-0.0111,-0.0107
2023-03-16,19.4738,-155.6009,NE,,0.1353,0.1207,0.0918,0.1014,0.0955,0.0993,0.0926,0.0841,0.084,0.088,0.1037,0.0974,0.0936,0.0921,0.0855,0.0854,0.063,0.0539,0.0768,0.0825,0.0727,0.1012,0.0603,-0.0835,-0.1218,-0.1364,-0.1989,-0.2315,-0.2553
2023-03-16,19.4738,-155.6009,NO,0.0602,0.0533,0.0381,0.052,0.074,0.0599,0.0508,0.0273,0.0563,0.0595,0.0656,0.0448,0.036,0.0286,0.0491,0.0633,0.0416,0.04,0.0337,0.0128,0.0327,0.0384,0.0561,0.0456,0.0669,0.065,0.0395,-0.0322,-0.129,-0.1218
2023-03-16,19.4738,-155.6009,O,,0.0918,0.1067,0.1066,0.0453,0.0451,0.093,0.1057,0.1006,0.1276,0.1423,0.1243,0.1057,0.075,0.0544,0.0522,0.0615,0.0759,0.0425,0.0504,0.0237,-0.0039,-0.0047,0.0009,-0.0522,-0.0556,-0.0341,-0.0367,-0.0058,0.0201
2023-03-16,19.4738,-155.6009,S,0.11,0.1133,0.1211,0.1235,0.1129,0.108,0.1129,0.1161,0.0389,0.0404,0.0112,-0.0074,-0.0048,0.005,-0.0016,0.0941,0.16,0.2074,0.1482,0.0831,0.0222,-0.0065,-0.0349,-0.0499,-0.0625,-0.0711,-0.0775,-0.085,-0.0963,-0.1133
2023-03-16,19.4738,-155.6009,SE,,0.0503,0.0557,0.0662,0.0586,0.0568,0.0133,0.019,0.0101,-0.0093,-0.0196,-0.0204,-0.0193,-0.0069,0.0119,0.0585,0.1317,0.2025,0.1741,0.1612,0.1158,0.0564,-0.0112,-0.0376,-0.0609,-0.075,-0.0889,-0.1029,-0.1141,-0.1225
2023-03-16,19.4738,-155.6009,SO,,0.1168,0.1226,0.1275,0.1273,0.1193,0.1218,0.1171,0.1164,0.1176,0.1127,0.1055,0.046,0.0407,0.0133,0.01,0.0078,0.0009,0.0008,-0.0055,-0.0009,-0.0198,0.0085,0.025,0.0294,-0.0244,-0.0318,-0.0596,-0.0774,-0.0934
2023-03-24,19.4733,-155.6008,E,,0.1223,0.0962,0.0851,0.1027,0.1065,0.0981,0.0844,0.0876,0.0898,0.0899,0.0633,0.056,0.0552,0.0528,0.0598,0.0581,-0.0211,-0.0245,-0.0386,-0.0123,0.021,-0.0152,-0.0057,-0.0224,-0.0306,-0.0719,-0.0737,-0.08,-0.0939
2023-03-24,19.4733,-155.6008,N,0.0701,0.0689,0.0567,0.0685,0.0625,0.06,0.0576,0.0275,0.0238,0.0187,0.0287,0.0347,0.0323,0.0267,0.0208,0.0211,0.0211,0.0108,0.0047,0.0017,0.0006,-0.0175,-0.0297,-0.0264,-0.0045,-0.0028,0.0024,-0.0028,-0.0106,-0.0146
2023-03-24,19.4733,-155.6008,NE,,0.0743,0.0739,0.0682,0.0503,0.035,0.0283,0.0273,0.0227,0.0227,0.0267,0.0341,0.0252,0.0349,0.026,0.0255,0.0177,0.0094,0.0003,-0.0046,-0.0128,-0.0169,0.0059,0.0072,-0.0129,0.0103,-0.0046,-0.014,-0.0298,-0.0393
2023-03-24,19.4733,-155.6008,NO,0.0757,0.065,0.0722,0.0673,0.0716,0.0678,0.0566,0.0477,0.041,0.0252,0.0117,0.0076,-0.0,0.0258,0.0128,0.0102,0.0116,0.004,0.0049,0.0099,0.0072,0.0069,-0.0014,0.0033,-0.0005,-0.0008,0.0014,0.0028,0.004,-0.0028
2023-03-24,19.4733,-155.6008,O,,0.0778,0.0667,0.0974,0.102,0.1045,0.1069,0.1369,0.1073,0.0933,0.0881,0.0732,0.0716,0.0329,0.0354,0.0449,0.0151,0.0222,0.0389,-0.017,-0.0282,-0.0401,-0.0217,-0.0186,-0.0074,-0.0655,-0.0201,-0.0171,-0.0116,-0.0283
2023-03-24,19.4733,-155.6008,S,0.1351,0.1327,0.1412,0.1431,0.1397,0.1322,0.1218,0.125,0.045,0.0396,0.0311,-0.0277,-0.0294,-0.0269,-0.0295,0.0121,0.1215,0.171,0.1801,0.1575,0.1081,0.0634,0.0224,-0.0194,-0.0392,-0.0513,-0.0656,-0.073,-0.0874,-0.079
2023-03-24,19.4733,-155.6008,SE,,0.1051,0.1059,0.1031,0.1082,0.1079,0.0946,0.0921,0.0917,0.0249,0.0126,-0.0038,-0.0224,-0.0275,-0.0305,-0.0159,0.0008,0.0408,0.1298,0.172,0.1126,0.1186,0.0745,0.025,-0.0301,-0.0426,-0.0589,-0.0714,-0.0814,-0.0902
2023-03-24,19.4733,-155.6008,SO,,0.1634,0.1541,0.1569,0.1549,0.1533,0.1495,0.1463,0.1456,0.133,0.1126,0.0493,0.0423,0.0302,-0.0005,-0.0057,-0.012,-0.009,-0.015,-0.0067,-0.0032,-0.01,0.0348,0.0382,0.0104,-0.0078,-0.0364,-0.0553,-0.0746,-0.0823
2023-12-28,19.4792,-155.6017,E,,0.1961,0.0493,0.0331,0.0275,0.0149,0.0158,0.0171,0.0123,0.0142,-0.0179,-0.0133,-0.0291,-0.0214,0.0067,-0.0116,-0.0112,-0.0059,-0.0197,-0.0248,-0.0057,-0.0148,-0.0063,-0.0089,-0.0121,-0.0007,0.004,0.0043,0.0104,0.0061
2023-12-28,19.4792,-155.6017,N,-0.056,0.0169,0.0201,0.0261,0.0251,0.0502,0.0553,0.0278,0.005,-0.0629,-0.0713,-0.0641,-0.0632,0.0025,0.0076,-0.0765,0.0066,0.0213,0.013,-0.0081,0.0147,0.0648,0.0716,0.0047,0.0265,-0.0624,0.0008,0.0194,0.0379,0.0457
2023-12-28,19.4792,-155.6017,NE,,0.1267,0.1153,0.1293,0.1223,0.1178,0.1229,0.09,0.1096,0.0553,0.0735,0.0369,0.0344,0.0012,-0.0042,-0.0038,-0.0099,-0.0048,-0.0155,-0.0055,-0.0135,-0.0257,-0.0235,-0.0151,-0.0199,-0.0194,-0.0238,-0.0238,-0.0168,-0.0323
2023-12-28,19.4792,-155.6017,NO,,-0.0266,-0.0122,-0.0475,-0.0346,-0.0131,0.0302,0.0465,-0.0138,0.0551,0.0541,-0.0671,0.0593,0.0534,0.0518,0.0433,0.0294,0.0273,0.0314,0.0331,0.0314,0.0356,-0.027,0.0377,0.0383,0.0419,0.0298,-0.0662,0.0628,0.0614
2023-12-28,19.4792,-155.6017,O,0.0539,0.0482,0.013,-0.0183,-0.0273,-0.0216,-0.0667,-0.0473,-0.0308,-0.0285,-0.0255,-0.0247,-0.0573,0.0082,0.0191,0.0229,-0.0527,0.0512,0.0258,0.0683,0.0626,0.0642,0.0661,0.053,0.0429,0.0468,-0.0143,-0.0236,-0.0641,-0.069
2023-12-28,19.4792,-155.6017,S,0.2865,0.2153,0.1706,0.1259,0.0926,0.0651,0.0489,0.0562,0.0479,0.0439,0.0148,0.0191,0.0025,-0.0168,-0.0221,-0.0194,-0.0173,-0.0173,-0.0138,-0.0138,-0.0104,-0.0097,-0.0069,-0.0038,-0.0021,0.0007,0.0007,0.0035,0.0076,0.0083
2023-12-28,19.4792,-155.6017,SE,,0.1933,0.0991,0.0751,0.0091,0.0269,-0.0009,-0.0074,0.0078,0.0267,0.0272,-0.0179,-0.0182,-0.0208,-0.0205,-0.0199,-0.015,-0.0073,-0.0067,0.0023,0.0023,0.01,0.0064,-0.0079,-0.0103,-0.0091,-0.0138,-0.003,-0.0065,-0.0069
2023-12-28,19.4792,-155.6017,SO,,0.1216,0.0903,0.0669,0.0607,0.0918,0.0928,0.0572,0.0627,0.0979,0.0965,0.0401,0.1364,0.1248,0.0751,0.0855,0.0062,0.0136,-0.0169,0.009,-0.0458,-0.0193,-0.0234,-0.0552,-0.0387,-0.0584,-0.051,-0.0631,-0.0663,-0.0467
2024-03-02,19.4738,-155.6009,E,0.1431,0.1442,0.1431,0.1083,0.121,0.1173,0.1166,0.0237,0.0796,0.0739,0.0694,-0.004,0.0634,0.0658,0.0674,-0.0395,-0.0456,-0.0469,-0.0301,0.0273,-0.0109,0.0216,0.0112,0.0078,-0.035,-0.0287,-0.0335,-0.0199,-0.0405,-0.0396
2024-03-02,19.4738,-155.6009,N,,0.0457,0.0359,0.0346,0.0442,0.0224,0.0018,0.0033,-0.0059,-0.0054,0.0015,0.0208,0.0212,0.0211,0.0211,0.0219,0.0239,0.0226,0.0129,0.0116,-0.0103,-0.0196,-0.0234,-0.0209,-0.0026,0.005,0.0072,-0.0004,-0.008,-0.0107
2024-03-02,19.4738,-155.6009,NE,,0.0619,0.0581,0.0472,0.046,0.0274,0.0288,0.0276,0.0199,0.0079,0.0055,0.0118,0.0194,0.0206,0.0209,0.0238,0.023,0.0114,0.0037,-0.0009,0.0037,-0.0165,0.0057,0.0095,0.0132,0.0145,0.0099,0.0004,-0.0062,-0.0232
2024-03-02,19.4738,-155.6009,NO,0.0645,0.056,0.0468,0.0476,0.0472,0.0272,0.0237,0.0174,0.0214,0.0182,0.0171,0.0056,-0.0046,-0.0021,0.023,0.0216,0.011,0.0039,-0.0029,-0.0124,-0.0164,-0.0183,-0.0207,-0.0157,-0.0144,-0.0069,-0.0039,0.003,0.0082,0.0123
2024-03-02,19.4738,-155.6009,O,,0.0942,0.1012,0.098,0.0413,0.0379,0.0659,0.0716,0.0541,0.0556,0.0604,0.0346,0.0238,-0.0085,-0.0099,-0.0026,-0.0015,0.0075,-0.0101,-0.0289,0.0122,-0.0286,-0.0551,-0.0387,-0.0235,-0.0282,-0.0468,-0.007,-0.0069,0.0217
2024-03-02,19.4738,-155.6009,S,0.1962,0.1996,0.1931,0.1865,0.1744,0.1632,0.1564,0.1543,0.0237,0.0184,0.0113,-0.0124,-0.009,0.0004,0.0058,0.0547,0.0898,0.1041,0.0637,0.0232,-0.004,-0.0181,-0.0271,-0.0362,-0.0403,-0.0421,-0.0453,-0.0473,-0.0493,-0.0521
2024-03-02,19.4738,-155.6009,SE,,0.1463,0.1499,0.1449,0.1353,0.127,0.0345,0.0313,0.022,-0.0164,-0.0251,-0.021,-0.0197,-0.0084,0.0041,0.0379,0.0688,0.1193,0.0826,0.0941,0.0593,0.0347,-0.0092,-0.0276,-0.0344,-0.041,-0.0464,-0.0524,-0.0572,-0.0608
2024-03-02,19.4738,-155.6009,SO,,0.1965,0.1923,0.1877,0.1828,0.1738,0.1654,0.1594,0.1525,0.144,0.1347,0.1359,0.0221,0.0164,-0.0132,-0.0347,-0.0076,-0.0227,0.0087,-0.0198,0.0078,-0.0175,0.0079,0.0021,0.0119,-0.0007,-0.0112,-0.0192,-0.0248,-0.0393
2025-01-08,19.4733,-155.6008,E,,,0.1024,,,,0.0876,,,,,,,,0.0351,,-0.0273,,,,,0.0288,,0.01,,,,,,
2025-01-08,19.4734,-155.6008,E,,0.1079,,,0.0948,,,0.0793,0.0758,0.0648,0.0529,0.0411,,0.0379,,0.0399,,-0.0321,-0.0177,0.0039,,,0.0176,,-0.0089,-0.0336,-0.0481,,-0.0569,
2025-01-08,19.4736,-155.6009,E,0.1207,,,0.0692,,0.0937,,,,,,,0.0401,,,,,,,,0.0326,,,,,,,-0.0439,,-0.0636
2025-01-08,19.4733,-155.6008,N,0.0637,,0.0491,,,0.0529,,,0.0151,,0.0292,,,,,0.0343,,,,,,,,-0.0391,-0.013,-0.0093,,,-0.0179,
2025-01-08,19.4734,-155.6008,N,,,,,,,0.0203,0.0166,,,,0.0321,0.0339,0.0337,0.0313,,0.0366,0.0258,,,-0.0041,,-0.0424,,,,-0.0039,-0.0101,,
2025-01-08,19.4736,-155.6009,N,,0.0613,,0.053,0.049,,,,,0.0071,,,,,,,,,0.006,0.0023,,-0.0298,,,,,,,,-0.0223
2025-01-08,19.4733,-155.6008,NE,,,,0.0579,,0.0298,,,,0.0147,,,0.0096,,0.0126,,0.0049,,,,-0.0081,,-0.014,,0.0078,0.0158,,0.0042,,
2025-01-08,19.4734,-155.6008,NE,,0.0768,,,,,,0.0244,,,,0.006,,,,,,,-0.006,,,,,,,,,,,
2025-01-08,19.4736,-155.6009,NE,,,0.0659,,0.0506,,0.0277,,0.0192,,0.0082,,,0.0148,,0.0097,,0.0037,,-0.0103,,-0.0181,,0.0098,,,0.0086,,-0.0052,-0.0108
2025-01-08,19.4733,-155.6008,NO,,,,0.0294,,0.0206,,0.0187,0.0195,,0.0096,,,,0.022,,0.0111,,,,,,-0.0149,,,-0.0072,,-0.0018,,-0.0011
2025-01-08,19.4734,-155.6008,NO,0.0458,0.0361,,,,,,,,,,0.0066,0.0064,,,,,,,-0.0085,-0.0125,-0.013,,,-0.0099,,,,,
2025-01-08,19.4736,-155.6009,NO,,,0.0297,,0.0225,,0.0174,,,0.0099,,,,0.0289,,0.0157,,0.005,-0.0028,,,,,-0.0099,,,-0.0047,,0.0005,
2025-01-08,19.4733,-155.6008,O,,0.0563,,,0.047,,0.066,,0.06,,,0.0391,,0.0376,0.0436,,,-0.018,,,,-0.0548,,-0.0431,,,,,-0.0097,0.0136
2025-01-08,19.4734,-155.6008,O,,,0.0331,,,,,0.0707,,0.0509,,,,,,,,,,,,,,,-0.034,-0.0302,-0.0364,,,
2025-01-08,19.4736,-155.6009,O,,,,0.0495,,0.0694,,,,,0.0508,,0.0494,,,0.0419,0.0368,,0.0311,-0.0326,-0.045,,-0.0415,,,,,-0.0366,,
2025-01-08,19.4733,-155.6008,S,,,,,,,,,,0.014,0.0128,,-0.0107,,,,,,,,0.0527,,,,,,-0.0415,-0.0429,-0.0471,
2025-01-08,19.4734,-155.6008,S,0.0987,0.1017,,0.1131,0.1145,,0.1146,0.1131,,,,,,0.0039,-0.0012,0.0388,,0.0886,0.0808,,,,,-0.0158,-0.0305,,,,,
2025-01-08,19.4736,-155.6009,S,,,0.1127,,,0.1119,,,0.0108,,,-0.0085,,,,,0.066,,,0.0699,,0.0287,-0.0039,,,-0.0369,,,,-0.0464
2025-01-08,19.4733,-155.6008,SE,,0.0702,,0.072,,0.0736,,,,,-0.0145,,-0.0241,,-0.0169,,,,0.0807,,0.0789,,,-0.0196,,,-0.0379,-0.0412,,-0.0512
2025-01-08,19.4734,-155.6008,SE,,,,,,,,0.0826,0.0166,-0.0084,,,,,,-0.0032,0.0218,,,,,,0.0104,,,-0.0321,,,,
2025-01-08,19.4736,-155.6009,SE,,,0.0676,,0.0715,,0.0778,,,,,-0.0235,,-0.0278,,,,0.0543,,0.0927,,0.0537,,,-0.0272,,,,-0.0472,
2025-01-08,19.4733,-155.6008,SO,,0.1472,,0.1464,,0.14,,,0.1268,,,,0.0226,,-0.0196,,-0.0232,,,,-0.0115,,,1e-04,,-0.0049,,-0.0253,,-0.0342
2025-01-08,19.4734,-155.6008,SO,,,,,,,,0.1312,,0.1194,0.0893,,,,,,,,-0.0206,,,,,,,,,,,
2025-01-08,19.4736,-155.6009,SO,,,0.1484,,0.1467,,0.1381,,,,,0.0509,,0.001,,-0.0189,,-0.0236,,-0.0157,,-0.0102,-0.003,,0.0045,,-0.0187,,-0.0333,
2025-08-04,19.4779,-155.6,E,,0.2428,0.2435,0.2351,0.0872,0.0596,0.0587,0.055,0.0406,0.0605,0.0799,0.0678,0.0573,0.0407,0.0304,0.0124,0.0023,-0.0058,-0.0084,-0.0089,-0.0087,-0.0093,-0.0183,-0.023,-0.024,-0.0207,-0.0263,-0.0254,-0.0295,-0.0263
2025-08-04,19.4779,-155.6,N,0.092,0.0964,0.0777,0.0694,0.0707,0.0592,0.0558,0.0194,0.0237,0.0174,0.0051,-0.0016,-0.0027,0.0035,0.0417,0.05,0.0484,0.0337,0.0256,0.0176,0.0133,0.0029,-0.0225,-0.0247,-0.0228,-0.0088,-0.0235,-0.0284,-0.028,-0.0287
2025-08-04,19.4779,-155.6,NE,,0.1259,0.1232,0.1189,0.1184,0.1135,0.1031,0.0789,0.0703,0.083,-0.0005,0.0562,0.0153,-0.0031,-0.0122,-0.0072,-0.0092,0.1159,-0.024,0.0639,-0.0281,-0.0401,-0.0293,-0.0022,-0.002,-0.0098,-0.003,0.0013,0.0034,-0.006
2025-08-04,19.4779,-155.6,NO,,0.0737,0.0685,0.0674,0.0552,0.0541,0.0482,0.0414,0.0442,0.0147,0.0146,0.0118,0.009,0.0093,0.0086,0.0055,0.0259,0.0133,0.01,0.0034,0.0045,0.0046,0.0107,-0.001,0.0075,-0.0067,-0.0087,-0.0298,-0.0225,-0.0251
2025-08-04,19.4779,-155.6,O,,0.0349,0.0376,0.0299,0.0183,0.0193,0.0189,0.0439,0.0363,0.0229,0.012,-0.0003,-0.0028,-0.0189,-0.0217,0.0111,0.0092,0.0224,0.0015,-0.0042,0.0018,0.0012,-0.0014,0.0047,-0.0036,-0.006,-0.011,-0.0191,-0.0187,-0.0225
2025-08-04,19.4779,-155.6,S,0.2043,0.1802,0.1269,0.1961,0.0432,0.0406,0.0312,-0.0037,0.0098,-0.008,-0.0197,-0.0078,-0.0018,0.0173,0.044,0.0488,0.0718,0.0749,0.0754,0.0903,0.0622,0.0149,-0.0114,-0.0337,-0.0482,-0.056,-0.0597,-0.0621,-0.0658,-0.0683
2025-08-04,19.4779,-155.6,SE,0.478,0.3505,0.3548,0.3446,0.3175,0.257,0.209,0.1685,0.0945,0.0514,0.0251,0.0086,-0.0007,-0.0035,-0.0082,-0.0123,-0.012,-0.0104,-0.0087,-0.0246,-0.0194,-0.025,-0.0219,-0.0191,-0.0174,-0.018,-0.013,-0.0058,-0.0091,-0.0007
2025-08-04,19.4779,-155.6,SO,,0.1154,0.1186,0.1208,0.1131,-0.0292,-0.0293,-0.039,-0.0412,-0.04,-0.0317,-0.0303,-0.012,0.0357,-0.0133,-0.0117,-0.0112,-0.0093,-0.0076,0.0014,-0.0005,-0.0016,0.0063,0.0135,0.0102,-0.013,-0.0196,-0.0131,-0.0328,-0.03
2025-11-24,19.4738,-155.6009,E,0.1366,0.1351,0.1345,0.1023,0.1222,0.1191,0.12,0.0345,0.0853,0.0794,0.0713,-0.0006,0.0591,0.0507,0.0457,-0.0479,-0.0401,-0.018,0.018,0.0421,0.0277,0.0144,0.0103,-0.0154,-0.0371,-0.0262,-0.0332,-0.0426,-0.0576,-0.0698
2025-11-24,19.4738,-155.6009,N,,0.0642,0.0539,0.0482,0.0508,0.0354,0.0072,0.0086,0.0093,0.0089,0.0124,0.0299,0.0275,0.024,0.021,0.0179,0.0153,0.0136,-0.0011,-0.0017,-0.0061,-0.0168,-0.0316,-0.0276,-0.0123,-0.0084,-0.0045,-0.0077,-0.0146,-0.0154
2025-11-24,19.4738,-155.6009,NE,,0.0747,0.0698,0.0629,0.0635,0.0489,0.0476,0.0485,0.0373,0.0174,0.0141,0.0222,0.0289,0.0225,0.0166,0.0127,0.0078,-0.0031,-0.0126,-0.0117,-0.0198,-0.0304,-0.0245,0.0021,0.0129,0.0156,0.0164,0.0142,0.0109,-0.0029
2025-11-24,19.4738,-155.6009,NO,0.0611,0.049,0.0373,0.0359,0.0344,0.0167,0.0112,0.0029,0.0143,0.0064,0.0096,0.0092,0.0087,0.0179,0.0318,0.0321,0.0163,0.0114,0.0096,-0.0002,-0.0123,-0.0112,-0.0165,-0.0112,-0.0234,-0.0182,-0.0134,-0.0037,0.0017,0.0061
2025-11-24,19.4738,-155.6009,O,,0.087,0.0901,0.0858,0.0368,0.0345,0.0577,0.0626,0.0521,0.0483,0.0546,0.0214,0.0128,-0.0087,-0.0178,-0.0139,-0.0048,0.0002,-0.0222,-0.0375,0.0077,-0.0431,-0.0505,-0.031,-0.0132,-0.0132,-0.0492,-0.0042,-0.0182,0.0018
2025-11-24,19.4738,-155.6009,S,0.155,0.1553,0.1466,0.1367,0.127,0.1205,0.115,0.1082,-0.0006,-0.0059,-0.0057,-0.0203,-0.0079,0.0155,0.0312,0.058,0.0747,0.0874,0.0655,0.0326,0.0029,-0.0136,-0.0238,-0.0385,-0.0419,-0.0363,-0.0413,-0.0441,-0.0494,-0.0517
2025-11-24,19.4738,-155.6009,SE,,0.1223,0.1205,0.1151,0.1072,0.0998,0.0216,0.0171,0.0106,-0.0227,-0.0316,-0.0304,-0.0236,-0.0149,0.0038,0.0469,0.0726,0.1099,0.1001,0.105,0.0592,0.0285,-0.0193,-0.0304,-0.0361,-0.0403,-0.0446,-0.0493,-0.0531,-0.0559
2025-11-24,19.4738,-155.6009,SO,,0.1848,0.1785,0.1691,0.1627,0.1556,0.1466,0.142,0.136,0.128,0.1234,0.124,0.0188,0.0111,-0.0172,-0.0245,-0.0109,-0.0203,0.0018,-0.0177,-0.0003,-0.0211,-0.0073,-0.0107,-0.0002,0.0006,-0.0089,-0.0134,-0.0265,-0.0388
