date,center_lat,center_long,direction,15m,45m,75m,105m,135m,165m,195m,225m,255m,285m,315m,345m,375m,405m,435m,465m,495m,525m,555m,585m,615m,645m,675m,705m,735m,765m,795m,825m,855m,885m
2001-08-05,-1.5217,29.2507,E,,0.1642,0.0921,0.0332,0.0471,0.0445,0.0655,0.0763,0.0767,0.0675,0.051,0.0272,0.009,0.0088,-0.0214,-0.018,-0.0063,-0.0234,-0.0626,-0.0739,-0.0776,-0.0779,-0.0021,0.027,0.0525,0.0523,0.0472,0.0313,0.0166,-0.0101
2001-08-05,-1.5217,29.2507,N,0.284,0.2162,0.1916,0.1856,0.1862,0.1634,0.1452,0.1299,0.1228,0.108,0.0933,-0.0116,-0.0453,-0.0404,-0.0388,-0.0352,-0.0287,-0.0179,-0.0003,0.0111,0.0109,0.0607,-0.0061,-0.0122,-0.0214,-0.0333,0.0104,-0.0481,-0.0517,-0.0258
2001-08-05,-1.5217,29.2507,NE,,0.2556,0.2176,0.2031,0.2048,0.184,0.1482,0.1224,0.0818,0.0369,-0.0136,-0.0257,-0.0261,-0.0277,-0.0329,-0.0324,-0.0318,-0.0095,0.0087,0.0079,0.0102,-0.0004,-0.0037,-0.0035,-0.0072,-0.0118,-0.0183,-0.0189,-0.0249,-0.0255
2001-08-05,-1.5217,29.2507,NO,0.1407,0.1033,0.0915,0.0735,0.0751,0.0735,0.0856,0.0928,0.1072,0.0843,0.1032,0.1042,0.0699,0.0236,-0.0329,-0.0476,-0.044,-0.0238,0.0079,0.0401,0.0383,0.028,0.0055,0.0075,-0.0209,-0.0171,-0.0326,-0.0479,-0.0668,-0.0945
2001-08-05,-1.5217,29.2507,O,,0.0538,0.0364,0.0155,0.0137,0.0211,0.0364,0.0484,0.0624,0.0635,0.0626,0.054,0.046,0.0389,0.0126,-0.0359,-0.0429,-0.0501,-0.005,0.0292,0.0411,0.0502,0.039,0.009,-0.0193,-0.0463,-0.0661,-0.0761,-0.1033,-0.0887
2001-08-05,-1.5217,29.2507,S,0.1605,0.1559,0.1193,0.0816,0.0616,0.0361,-0.0062,-0.0171,-0.0526,-0.01,-0.0108,-0.0027,-0.0203,-0.0077,-0.0111,-0.0193,-0.007,0.0183,0.0506,0.0692,0.0542,0.0736,0.0808,0.0358,0.0024,-0.05,-0.0753,-0.1073,-0.1204,
2001-08-05,-1.5217,29.2507,SE,,0.1336,0.0854,0.0369,0.0015,-0.0213,-0.0383,0.0178,0.0257,-0.005,0.0118,0.0023,-0.0057,0.0088,0.0066,-0.0005,-0.0057,0.0355,0.0163,-0.0048,-0.016,-0.0127,-0.0113,-0.003,0.0193,-0.002,-0.0002,0.012,-0.0112,-0.0376
2001-08-05,-1.5217,29.2507,SO,0.0625,0.0581,0.0492,0.031,0.017,0.0143,0.0196,0.0182,0.024,0.0117,0.0137,0.0101,0.0302,0.0198,0.0232,0.0063,-0.017,-0.0306,-0.0332,0.0017,0.0489,0.0861,0.0961,0.0904,0.0316,-0.0152,-0.0451,-0.0795,-0.0927,-0.1115
2001-12-11,-1.5217,29.2507,E,,0.1708,0.1673,0.0983,0.0915,0.0763,0.0583,0.0376,0.0303,0.0189,0.0124,0.0223,0.0215,0.0304,0.0465,0.0439,0.027,0.0229,0.0208,0.0535,0.0813,0.0868,0.076,0.0364,-0.0051,-0.0321,-0.0575,-0.0812,-0.1056,-0.13
2001-12-11,-1.5217,29.2507,N,0.2678,0.2073,0.1921,0.2006,0.1968,0.2046,0.2004,0.1845,0.1735,0.1928,0.1736,0.0988,0.0224,-0.0599,-0.0643,-0.0565,-0.0421,-0.0172,0.0064,0.0213,0.021,0.0621,-0.0127,-0.0187,-0.0387,-0.0531,-0.0251,-0.0917,-0.1091,-0.0839
2001-12-11,-1.5217,29.2507,NE,,0.2641,0.2305,0.226,0.2193,0.2055,0.1826,0.1844,0.1725,0.185,0.1659,0.1029,0.0231,-0.0081,0.0293,0.0322,0.0476,0.0566,0.0322,0.016,0.0027,-0.0087,-0.0153,-0.0265,-0.0424,-0.0526,-0.0632,-0.0694,-0.0785,-0.0876
2001-12-11,-1.5217,29.2507,NO,0.1846,0.1612,0.1582,0.1494,0.14,0.14,0.1395,0.1397,0.1349,0.1276,0.1017,0.0533,-0.0472,-0.1053,-0.0949,-0.0955,-0.0796,-0.0389,0.0088,0.0355,0.0262,0.0434,0.0204,0.0524,0.0185,0.0131,-0.0046,-0.0241,-0.0402,-0.0674
2001-12-11,-1.5217,29.2507,O,,0.0929,0.0828,0.0675,0.0615,0.0597,0.0658,0.082,0.1024,0.0986,0.0997,0.0987,0.0937,0.086,0.0401,-0.0668,-0.1375,-0.1421,-0.1408,-0.1344,-0.1056,-0.0482,0.0216,0.062,0.0654,0.0407,0.0232,0.0141,-0.0355,-0.0321
2001-12-11,-1.5217,29.2507,S,0.1568,0.1524,0.1147,0.1005,0.087,0.0747,0.0606,0.0247,-0.0009,-0.0425,-0.0195,-0.0269,0.0075,-0.0136,0.0459,0.0435,-0.0031,0.0286,0.0268,0.0132,0.0449,0.0689,0.0745,0.0491,0.0141,0.004,-0.0259,-0.0351,-0.0519,-0.075
2001-12-11,-1.5217,29.2507,SE,,0.1374,0.1343,0.0965,0.0672,0.0502,0.0157,-0.0008,-0.0287,-0.0799,0.0196,0.0533,0.0716,0.0575,0.0465,-0.0006,0.0308,-0.0067,0.0246,0.0335,0.0575,0.1106,0.1287,0.1169,0.0665,-0.0066,-0.0383,-0.0617,-0.0806,-0.1037
2001-12-11,-1.5217,29.2507,SO,0.0587,0.0545,0.0545,0.0438,0.0374,0.0351,0.0397,0.0365,0.0439,0.0121,0.0197,0.0098,0.029,0.0432,0.0509,0.0423,0.0145,-0.0078,-0.0342,-0.033,-0.0443,-0.0458,-0.0174,0.0151,0.0295,0.0252,0.015,-0.0062,-0.0305,-0.0491
2002-01-28,-1.5228,29.2477,E,,,0.4906,0.3528,0.3205,0.3125,0.2744,0.1769,0.0881,0.0785,0.0853,0.1358,0.0422,0.1393,0.0968,-0.018,-0.0327,-0.0839,-0.1435,-0.143,-0.1587,-0.0751,0.0257,-0.0196,,,,,,
2002-01-28,-1.5228,29.2477,N,-0.0111,-0.0855,-0.2592,-0.3242,-0.1325,-0.0149,-0.0771,-0.0666,-0.1127,,,,,,,,,,,,,,,,,,,,,
2002-01-28,-1.5228,29.2477,NE,,0.5279,0.4052,0.2853,0.2959,0.3465,0.3435,0.2162,0.1536,,,,,,,,,,,-0.0709,-0.0552,-0.0997,-0.0333,0.0413,0.0124,,,,,
2002-01-28,-1.5228,29.2477,NO,0.2597,0.2056,0.234,0.292,0.3483,0.3767,0.3249,0.2665,0.1674,-0.1035,-0.3057,-0.3548,,,,-0.3143,-0.2374,-0.1842,-0.1627,-0.1185,-0.0173,0.092,0.1387,0.1173,0.1093,0.0921,0.0304,-0.0364,-0.0969,-0.1452
2002-01-28,-1.5228,29.2477,O,,0.679,0.6537,0.608,0.5358,0.3573,0.2488,0.1706,0.098,0.0614,0.0491,0.0297,0.0252,0.0069,-0.0096,0.0075,0.0069,0.0043,0.0041,0.0174,0.018,0.0266,-0.0262,-0.0364,-0.0407,-0.047,-0.0546,-0.0619,-0.0701,-0.0809
2002-01-28,-1.5228,29.2477,S,,0.8385,0.7099,0.6337,0.4039,0.292,0.1621,0.1171,0.1021,0.1018,0.1178,0.0982,0.0794,0.0666,0.0169,-0.038,-0.0449,-0.0533,-0.0521,-0.0589,-0.0706,-0.083,-0.0895,-0.0135,-0.0079,-0.021,-0.0299,-0.0927,-0.1017,-0.1232
2002-01-28,-1.5228,29.2477,SE,0.834,,0.7773,0.7822,0.759,0.6561,0.5917,0.4616,0.2793,0.2005,0.1405,0.1033,0.0998,0.0928,0.0825,0.0841,0.0565,0.0304,0.0151,0.0038,-0.0065,-0.0241,-0.0478,-0.0607,-0.0884,-0.1021,-0.1159,-0.1309,-0.1487,-0.1647
2002-01-28,-1.5228,29.2477,SO,0.7985,0.7853,0.735,0.6028,0.4027,0.2518,0.1821,0.1328,0.103,0.0541,0.0365,0.0217,-0.0032,-0.0292,,,,-0.0875,-0.0798,-0.0661,-0.0666,-0.0596,-0.0525,-0.0481,-0.038,-0.0356,-0.0308,-0.0232,-0.0154,-0.0209
2002-06-05,-1.5218,29.249,E,,0.4486,0.1875,0.1323,0.1797,0.1817,0.0793,0.092,0.0333,-0.013,-0.0151,-0.0529,-0.051,-0.0403,-0.0522,-0.0436,-0.0659,-0.0528,-0.0882,-0.1077,-0.1365,-0.1574,-0.0969,-0.0176,0.0413,0.086,0.0955,0.0975,0.103,0.114
2002-06-05,-1.5218,29.249,N,0.5207,0.2761,0.1693,0.1553,,0.0951,0.0628,,,,,0.1165,0.1452,0.1632,0.0928,0.0048,-0.0679,-0.0943,-0.1219,-0.1367,-0.1232,-0.0936,-0.0093,0.0219,0.0661,0.0489,0.0231,0.0055,-0.0081,-0.0193
2002-06-05,-1.5218,29.249,NE,,0.3181,0.1724,0.1579,0.1014,0.0635,0.0251,-0.0136,-0.0342,-0.0609,-0.0105,0.0807,0.1612,0.1456,0.0534,1e-04,-0.1029,-0.1246,-0.1763,-0.2273,-0.2362,-0.1865,-0.0617,0.0501,0.0856,0.1296,0.1211,0.1318,0.1315,0.117
2002-06-05,-1.5218,29.249,NO,0.5539,0.3885,,,,,,,,,,,,,,,,,,,,,,,,,,,,
2002-06-05,-1.5218,29.249,S,0.5326,,,0.4441,0.2853,0.1989,0.1389,0.1036,0.0715,0.0104,0.0229,-0.0033,-0.0174,-0.0419,-0.03,0.0271,0.0255,0.0229,-0.0233,-0.0294,0.0104,,,,,,,,,
2002-06-05,-1.5218,29.249,SE,,0.5592,0.3796,0.105,0.0509,0.0492,0.0296,0.0342,0.0124,0.0806,0.0803,0.0564,0.0163,-0.0205,-0.0107,-0.0245,-0.0362,-0.0333,-0.0169,-0.0023,0.0171,0.0245,0.0107,0.0178,0.0022,-0.0051,-0.0036,0.007,0.0047,0.0072
2002-06-05,-1.5218,29.249,SO,,,,,,,0.3994,0.3378,,0.2641,0.2505,0.1836,0.1669,0.1509,0.1477,0.1799,0.1985,0.2313,0.2334,0.1632,0.0609,-0.0181,-0.0681,-0.1122,-0.1321,-0.1395,-0.1607,-0.1765,-0.1905,-0.2022
2002-07-23,-1.5139,29.2488,E,,,0.1223,0.1351,0.1354,0.1176,0.0973,0.0709,0.0475,0.0304,0.0157,-0.0012,-0.0151,-0.0211,-0.0169,-0.0185,-0.0216,-0.0211,-0.018,-0.0142,-0.0141,-0.0075,-0.0034,-0.0068,-0.0029,-0.0041,0.0034,0.006,0.0036,-0.0007
2002-07-23,-1.5139,29.2488,N,0.0706,0.0661,0.0606,0.059,0.0556,0.0556,0.0564,0.0428,0.0098,0.0127,0.0155,-0.0014,0.0086,0.013,0.0028,-0.0036,-0.0126,-0.0223,-0.0266,-0.0263,-0.0266,-0.0208,-0.011,-0.0065,0.0024,0.0053,0.011,0.0194,0.0236,
2002-07-23,-1.5139,29.2488,NE,,0.0724,0.0899,0.1081,0.0926,0.112,0.0927,0.068,0.0516,0.0301,0.0295,0.0024,-0.0014,-0.0258,-0.0251,-0.034,-0.0247,-0.0321,-0.0198,-0.0089,-0.0144,-0.0094,-0.0078,-0.0056,-0.0026,-0.0017,0.0051,0.0049,0.0158,0.0097
2002-07-23,-1.5139,29.2488,NO,,0.1316,0.112,0.0853,0.0869,0.0554,0.0093,0.0123,-0.0205,-0.0027,-0.0344,-0.0289,0.0041,0.0222,0.0587,,,,,,,,,,,,,,,
2002-07-23,-1.5139,29.2488,O,,,0.1081,0.0916,0.0886,0.066,0.0257,-0.009,-0.0153,-0.0068,0.0059,0.0125,0.0047,-0.0253,-0.0801,,,,,,,,,,,,,,,
2002-07-23,-1.5139,29.2488,S,0.1097,0.1116,0.1033,0.0987,0.0937,0.0884,0.0854,0.0259,0.0229,0.0117,0.0076,-0.0051,-0.0299,-0.0837,,,,,,,,,,,,,,,,
2002-07-23,-1.5139,29.2488,SE,,0.0474,0.0571,0.0593,0.0615,0.064,0.0609,0.0594,0.0422,0.036,0.0284,0.0068,-0.0131,-0.0206,-0.041,-0.0395,-0.036,-0.0322,-0.0223,-0.0135,-0.0052,-0.0077,-0.0007,-0.0053,0.0063,0.0061,-0.0007,0.0099,0.0041,0.012
2002-07-23,-1.5139,29.2488,SO,,0.2067,0.1948,0.174,0.1573,0.134,,,,,,,,,,,,,,,,,,,,,,,,
2003-01-15,-1.5217,29.2501,E,,0.4139,,,,,,,,,,,0.1173,0.0955,0.0649,0.0639,0.0436,0.0459,0.0351,0.0461,0.0542,0.0613,0.0578,0.0164,-0.0412,-0.0643,-0.0656,-0.0592,-0.0455,-0.0491
2003-01-15,-1.5217,29.2501,N,0.3836,0.283,0.2618,0.0756,0.0684,0.0368,0.0207,0.0251,0.0439,0.0396,0.04,0.0707,0.0621,0.0275,-0.0589,-0.0558,-0.0547,-0.0523,-0.0277,-0.016,-0.0076,0.0158,0.0349,0.0081,-0.008,-0.0175,-0.0296,-0.0376,-0.0543,-0.0461
2003-01-15,-1.5217,29.2501,NE,,0.1686,0.0263,,,,,-0.0233,0.026,0.0523,0.0588,0.0426,0.0146,-0.0113,0.052,-0.0098,-0.0713,-0.0235,-0.0277,0.0028,0.0181,0.0245,0.0117,0.021,0.019,0.0112,-0.0137,-0.0388,-0.0578,-0.0632
2003-01-15,-1.5217,29.2501,NO,0.6832,0.4758,0.3617,0.2223,0.1208,0.0418,0.0229,0.0415,0.0339,0.0394,0.0418,0.0731,0.0539,0.019,-0.0429,-0.0754,-0.0751,-0.0752,-0.0552,0.0057,0.0163,0.0125,0.0622,0.0494,0.0069,0.012,0.0082,-0.0055,-0.0067,-0.0096
2003-01-15,-1.5217,29.2501,O,,0.4794,0.3374,0.1947,0.1001,0.0122,-0.0296,-0.0327,-0.0447,-0.049,-0.0302,0.002,0.0365,0.057,0.0661,0.0338,-0.0057,-0.0663,-0.0718,-0.0844,-0.0856,-0.0627,0.0011,0.0626,0.0825,0.0613,0.0313,0.0029,0.0041,-0.0171
2003-01-15,-1.5217,29.2501,S,0.7166,,,,,,,,,0.007,0.0091,-0.0033,-0.01,,-0.006,,,,,,,,,,,,,,,
2003-01-15,-1.5217,29.2501,SE,,,,,,,,,,,0.0085,-0.0133,-0.0111,-0.0157,-0.0153,,-0.0177,,0.0472,0.0734,0.1067,0.0803,0.0755,0.0111,-0.0602,-0.0598,-0.0563,-0.053,-0.0498,-0.0479
2003-01-15,-1.5217,29.2501,SO,,,,,,,0.0901,0.0129,0.008,-0.0018,0.0031,0.0103,0.0174,0.018,0.0134,-0.0094,-0.0175,-0.0313,-0.0346,-0.0314,-0.0139,-0.0029,0.0038,-0.0028,0.0147,-0.0079,-0.008,-0.0113,0.0571,0.0464
2003-01-31,-1.5231,29.2491,E,,,,,,,,0.6203,0.1937,0.0344,-0.0093,-0.0412,-0.1408,,,-0.0951,,,,,,,0.0513,0.0029,0.0181,0.0094,0.0031,0.0366,-0.0129,-0.0136
2003-01-31,-1.5231,29.2491,N,,,0.4639,0.3765,0.2357,0.1423,0.2115,0.1346,0.0664,0.0623,0.086,0.0657,0.029,-0.0002,-0.0198,-0.0316,-0.0336,-0.1131,-0.107,-0.0847,-0.0809,-0.0729,-0.0396,0.0198,0.026,0.0606,0.0454,0.0176,-0.0102,-0.0247
2003-01-31,-1.5231,29.2491,NE,,,,,,,0.7121,0.5082,0.2726,0.1785,0.1576,0.0789,0.0675,0.0558,0.0475,0.0515,0.029,-0.0087,-0.0505,-0.073,-0.0323,-0.0461,-0.0415,-0.0318,-0.0263,-0.0021,0.0069,0.0171,0.0219,0.0143
2003-01-31,-1.5231,29.2491,NO,0.542,0.5264,0.4085,0.2913,0.1922,0.1663,0.1823,0.1734,0.1735,,,,0.0553,0.0514,0.0145,0.0015,-0.0101,-0.0794,-0.0832,-0.0386,0.0002,0.0372,0.073,0.0575,0.025,0.0073,-0.0127,-0.0177,-0.0073,-0.0105
2003-01-31,-1.5231,29.2491,O,,0.3699,0.2629,0.2187,0.1783,0.1562,0.1153,0.1062,0.1108,0.1087,0.0776,0.0364,0.0095,-0.0075,0.0042,0.0249,0.0181,0.0239,0.0302,0.0401,0.0348,0.0082,-0.0329,-0.0389,-0.0419,-0.0502,-0.0633,-0.0701,-0.0809,-0.0577
2003-01-31,-1.5231,29.2491,S,,0.7311,0.4912,0.4997,0.292,0.2656,0.1841,0.0993,0.0601,0.0101,0.0124,-0.0052,0.0182,0.0202,,,,,,,,,,,,,,,,
2003-01-31,-1.5231,29.2491,SE,0.8004,,,,0.5983,0.7481,0.2943,0.3468,0.2216,0.125,0.0499,0.0124,-0.0054,0.0045,-0.0136,-0.0262,-0.0224,-0.0128,0.0436,0.0282,0.0879,0.0878,0.1313,0.1055,0.0252,-0.0437,-0.0614,-0.0763,-0.095,-0.1156
2003-01-31,-1.5231,29.2491,SO,0.5172,0.4668,0.3165,0.2486,0.1934,0.1503,0.1159,0.0917,0.0649,0.0745,0.0196,-0.007,-0.0102,,,,,0.0409,0.0325,0.0266,0.0089,0.0034,-0.0112,-0.0333,-0.0548,-0.0634,-0.0695,-0.0739,-0.0962,-0.1097
2003-12-17,-1.5223,29.2507,E,,0.4323,0.3193,0.2135,,,,,,0.1005,0.0823,0.0772,,,,,,,,,,,0.0188,0.0306,0.0289,0.0115,0.0005,-0.0235,-0.0294,-0.038
2003-12-17,-1.5223,29.2507,N,0.28,0.1561,0.1112,0.0801,0.0977,0.0548,0.0899,0.0849,0.0799,0.0681,0.0619,0.0524,-0.0149,,,,-0.0078,-0.0092,-0.0068,-0.003,0.0207,0.0154,-0.0104,-0.0287,-0.04,-0.0411,-0.0426,-0.0502,-0.0559,-0.0601
2003-12-17,-1.5223,29.2507,NE,,0.2156,0.138,0.1287,0.0547,0.0419,0.0212,0.0394,0.0769,0.0694,0.0683,0.0544,,,,,-0.0084,-0.0073,-0.0022,-0.0027,-0.0003,-0.0019,-0.0112,-0.0039,-0.0086,-0.0105,-0.0319,-0.0294,-0.0334,-0.0349
2003-12-17,-1.5223,29.2507,NO,0.1938,0.1324,0.1084,0.0765,0.0592,0.0417,0.0544,0.082,0.0942,0.1276,0.1082,-0.0098,0.0273,,-0.0346,-0.0288,-0.0146,0.0165,-0.0057,0.0266,0.0277,0.0148,0.0024,0.0046,-0.0113,-0.0191,-0.0235,-0.0407,-0.0427,-0.059
2003-12-17,-1.5223,29.2507,O,,0.091,0.0356,-0.0115,-0.0472,-0.0465,,-0.0289,0.0009,0.0474,0.0731,0.0854,0.0566,0.0429,-0.0166,-0.0497,-0.0592,-0.0699,-0.0699,-0.0393,0.0037,0.0485,0.032,0.0182,0.0042,-0.0046,-0.0036,-0.0261,-0.0618,-0.0936
2003-12-17,-1.5223,29.2507,S,0.4947,,,,,,,,,,,,,,,,,,,,,,,,,,,,,
2003-12-17,-1.5223,29.2507,SE,,,,,,,,,,,,,,-0.0099,-0.0236,0.0199,0.0257,0.0088,-0.0275,-0.0466,-0.0355,-0.0287,0.0231,0.0979,0.0922,0.0489,0.0022,-0.0298,-0.0318,
2003-12-17,-1.5223,29.2507,SO,0.2466,,0.2153,0.1141,0.0467,0.0441,0.042,0.0073,-0.0056,-0.0232,-0.0231,,,,,,,,,,,,,-0.0045,0.0002,0.0143,0.0234,,,
2004-07-12,-1.5215,29.248,E,,0.63,0.4868,0.3425,0.275,0.2316,0.2931,,,,,,,,,,,,,,,,,,,,,,,
2004-07-12,-1.5215,29.248,N,,,,,,,,,,,,,,,,,,,,,,,,,,,,,0.0,0.0
2004-07-12,-1.5215,29.248,NE,,0.816,,,,,,,,,,,,,,,,,,,,,-0.0451,-0.0844,-0.0444,0.0251,,0.0669,0.0552,0.0431
2004-07-12,-1.5215,29.248,O,,0.7913,0.6605,0.2888,0.0156,,,,,,,,,,,,,,,,,,,,,,,,,
2004-07-12,-1.5215,29.248,S,0.7926,0.429,0.2639,0.1256,-0.0025,0.0357,0.0028,-0.0103,0.0379,0.045,0.0382,0.0442,0.0481,0.0527,0.0417,-0.0005,-0.0193,-0.0065,-0.0169,-0.0315,-0.044,-0.0519,-0.0571,0.0307,-0.0252,-0.038,,-0.0635,-0.0738,-0.0837
2004-07-12,-1.5215,29.248,SE,,0.4483,0.3593,0.3112,0.2535,0.2404,0.2628,0.236,0.2063,,,,,,,,,,,,,,,,,,,,,
2004-07-12,-1.5215,29.248,SO,,0.4914,0.3431,0.1549,,,,,,,,,,,,,,,,,,,,,,,,,,
2005-02-21,-1.5212,29.2493,E,,0.6732,0.2669,0.1826,0.1536,0.1307,0.0906,0.0762,0.0617,,,0.064,0.0443,0.0215,,,,,0.0905,0.0867,0.0449,0.0141,-0.0111,-0.0174,-0.0016,0.0029,0.0025,-0.0033,-0.0127,-0.0119
2005-02-21,-1.5212,29.2493,N,0.7346,0.5535,0.4888,0.3097,0.2544,0.1737,0.0964,0.0229,0.1651,,,,,,,0.0868,0.0571,-0.0053,-0.0382,-0.0356,-0.0096,-0.0136,-0.0159,-0.0178,-0.0081,-0.0039,0.0033,-0.014,-0.0242,-0.0372
2005-02-21,-1.5212,29.2493,NE,,0.4843,0.2858,0.1967,0.1582,0.1316,0.1169,0.107,0.087,0.0939,,,,,,,,,,-0.0661,-0.0385,-0.003,0.0064,0.0177,0.0085,-0.0005,-0.0156,-0.0223,-0.0174,-0.0107
2005-02-21,-1.5212,29.2493,NO,,0.7055,,0.3828,0.361,0.3564,0.2534,0.1495,0.0922,0.038,-0.0006,-0.0285,-0.0289,-0.0114,-0.0058,0.0146,0.0232,-0.0049,-0.1134,-0.1176,-0.103,-0.087,-0.0351,-0.0203,0.0291,0.0205,0.0678,0.0271,-0.0381,-0.0336
2005-02-21,-1.5212,29.2493,O,,,,,,0.5561,0.4924,0.2756,0.1458,0.0528,0.0087,0.0037,-0.0148,-0.0455,-0.0478,-0.0244,-0.0148,-0.0354,-0.0687,-0.0829,-0.0907,-0.0565,-0.0314,-0.0054,0.0195,0.0538,0.0777,0.0261,-0.0122,-0.0497
2005-02-21,-1.5212,29.2493,S,0.7642,,0.7052,0.4481,0.4183,0.2737,0.2349,0.2158,0.0802,-0.0113,0.012,0.0125,-0.024,-0.0369,0.0106,0.0132,,,,,,,,,,,,,,
2005-02-21,-1.5212,29.2493,SE,,0.7155,0.4738,0.2771,0.1906,0.1069,0.0721,0.0887,0.0841,,0.0496,0.0566,0.0415,0.0386,,,0.0354,0.063,0.0845,0.0477,-0.003,-0.0373,-0.0546,-0.0588,-0.0536,-0.039,-0.03,-0.0246,-0.0327,-0.0299
2005-02-21,-1.5212,29.2493,SO,,,,,,,0.6845,0.3246,0.1265,0.0331,-0.0184,0.0038,-0.0211,-0.0115,-0.0156,-0.024,-0.0232,-0.0325,-0.0214,0.0078,0.0247,0.048,0.0487,0.0051,0.0339,-0.0239,-0.0093,-0.0893,-0.0564,-0.0633
2005-06-13,-1.5217,29.2504,E,,0.786,0.5023,,,,,0.098,0.0794,0.0653,0.0237,-0.0161,-0.0357,-0.0382,-0.0521,-0.0182,-0.0037,0.0086,-0.0274,-0.0716,-0.0797,-0.0903,-0.0195,0.0064,0.0326,0.0437,0.0419,0.0374,0.0379,0.0366
2005-06-13,-1.5217,29.2504,N,0.8537,,,,0.2727,,,,,,,,,,,,-0.0366,-0.0315,-0.0213,-0.019,0.0121,0.0246,0.019,-0.0017,-0.0128,-0.0206,-0.0182,-0.0188,-0.016,-0.0108
2005-06-13,-1.5217,29.2504,NE,,,,,,,,,,,,0.0577,-0.0113,-0.0218,-0.0487,-0.0735,-0.0735,-0.0526,-0.0269,-0.0049,0.0296,0.0092,0.0057,0.0118,0.0011,0.0074,0.008,0.0032,-0.0027,-0.0082
2005-06-13,-1.5217,29.2504,NO,0.5974,,0.3342,0.2067,0.1591,0.1373,0.0904,0.0047,-0.0172,0.0006,0.0256,0.0375,0.0708,,,,,,,,0.0388,0.0323,0.0127,,-0.046,,-0.0372,,-0.1116,-0.1551
2005-06-13,-1.5217,29.2504,O,,0.5486,0.4917,0.2418,0.2262,0.1993,0.1696,0.0674,0.0305,0.0097,-0.0159,-0.0409,-0.0436,-0.0325,-0.0391,-0.0856,-0.0957,-0.0825,-0.0619,-0.0081,0.0432,0.0386,0.0496,0.0523,0.0345,0.0082,-0.0143,,,
2005-06-13,-1.5217,29.2504,S,0.6116,,,,,,,,0.5612,0.3381,0.3871,0.1907,0.1039,0.0568,0.0039,-0.0666,-0.1287,-0.0545,0.0605,0.1694,0.3408,,,,,,,,,
2005-06-13,-1.5217,29.2504,SE,,0.8143,0.6193,0.5423,0.6283,,,0.382,0.1288,0.1536,0.0961,0.0766,0.0591,0.0392,0.0188,-0.0142,-0.0288,-0.0462,-0.0429,-0.0387,-0.0182,0.0014,0.0132,0.0195,0.021,0.0019,0.0003,-0.0025,0.0104,0.0047
2005-06-13,-1.5217,29.2504,SO,,,,,,,0.4821,0.2823,0.2138,0.2733,0.116,0.0418,0.0072,0.0066,0.0043,-0.0213,-0.0725,-0.1,-0.0535,-0.0154,0.0214,0.0446,0.0627,0.0361,-0.0463,-0.0463,0.0104,,,
2005-07-15,-1.5152,29.2464,E,,,,,,-0.0231,-0.0071,0.0028,0.0026,-0.0216,0.0086,0.013,-0.0004,-0.0084,,,,,,,,,,,,,,,,
2005-07-15,-1.5152,29.2464,NE,,,,,,-0.0237,0.0048,,-0.0141,-0.0127,-0.002,-0.0084,0.0425,0.024,-0.0227,-0.0288,,,,,,,,,,,,,,
2005-07-15,-1.5152,29.2464,O,,0.0671,0.0442,0.0048,0.0,,,,,,,,,,,,,,,,,,,,,,,,,
2005-07-15,-1.5152,29.2464,S,0.0818,,,,,,,,0.0,,,,,,,,,,,,,,,,,,,,,
2005-07-15,-1.5152,29.2464,SE,,0.0513,,,,,0.0,,,,,,,,,,,,,,,,,,,,,,,
2005-07-15,-1.5152,29.2464,SO,,0.0603,0.0484,0.0349,,,,,,,,,,,,,,,,,,,,,,,,,,
2005-10-19,-1.5166,29.2472,E,,,,,,,,,,,,-0.0037,-0.0036,-0.0004,0.002,0.0098,0.0106,0.0044,-0.0077,-0.0293,-0.0479,,,,,,,,,
2005-10-19,-1.5166,29.2472,NE,,,,,,,,,,,,,0.0153,0.0019,0.0073,0.0139,0.0226,0.0166,0.0116,0.0049,0.0063,-0.0269,-0.018,-0.0102,-0.008,-0.0145,-0.0138,-0.004,0.0011,0.002
2005-10-19,-1.5166,29.2472,S,-0.0248,-0.0346,,,,,,,,,,,,,,,,,,,,,,,-0.0029,0.0029,0.0031,0.0039,0.0053,-0.0022
2005-10-19,-1.5166,29.2472,SE,,0.0077,,-0.018,,-0.0303,-0.0269,-0.0225,-0.0232,-0.0252,-0.022,-0.0132,-0.0108,-0.0058,0.0006,0.0073,0.008,0.0125,0.0183,0.0192,0.0207,0.0255,0.0194,0.007,-0.0021,-0.0009,-0.0011,0.0002,-0.0048,-0.0153
2008-02-14,-1.5212,29.2504,E,,0.8901,0.7466,0.6908,0.6653,0.5888,0.347,0.0769,0.0285,-0.0401,,,,,,,,,,,,,,,,,,,,
2008-02-14,-1.5212,29.2504,N,0.9075,0.7632,,,,,,,,,,0.004,-0.0133,-0.0192,-0.0246,-0.0246,-0.0206,-0.0161,-0.0188,-0.0162,-0.0134,-0.011,0.0063,0.0115,-0.0037,-0.0178,-0.0216,-0.0238,-0.0234,-0.0231
2008-02-14,-1.5212,29.2504,NE,,0.6473,0.5906,0.5497,,0.1677,0.0884,0.0908,0.0572,0.0252,0.0228,-0.0012,-0.0354,-0.0217,-0.0063,0.0085,0.0023,0.0139,0.0101,0.0093,0.013,0.0086,-0.0003,-0.0082,-0.0147,-0.0303,-0.0425,-0.0547,-0.0585,-0.0608
2008-02-14,-1.5212,29.2504,NO,0.9465,0.8631,0.9466,,,,,,,,,,,,,0.061,0.1019,-0.0404,-0.0588,-0.0562,-0.0515,-0.0178,0.0038,0.0022,0.0006,0.0308,0.0329,0.0263,0.0254,0.0244
2008-02-14,-1.5212,29.2504,O,,0.7116,,,,,,,,,,0.7109,0.2511,0.1643,0.0037,0.0045,-0.0211,-0.0729,-0.1159,-0.1232,-0.0912,-0.0436,-0.0546,-0.0248,0.0189,0.043,0.0368,0.0203,0.0006,-0.0265
2008-02-14,-1.5212,29.2504,S,0.5528,,,,,0.5847,0.5165,0.4631,0.4715,0.289,0.3492,0.1891,0.1341,0.0335,-0.0399,-0.1038,-0.1357,-0.0786,-0.0839,-0.0479,0.0231,0.0092,-0.0024,-0.0041,0.009,0.043,0.149,0.1445,0.0547,-0.008
2008-02-14,-1.5212,29.2504,SE,,0.6006,0.5748,0.5022,0.6227,0.4825,0.3556,0.2183,0.1709,0.1264,0.0799,-0.063,-0.0633,-0.0676,-0.1023,-0.1229,-0.0752,0.3646,,,,,,,,,,,,
2008-02-14,-1.5212,29.2504,SO,,,,,,,,,,,0.546,0.4728,0.2807,0.12,0.0375,-0.0302,-0.0655,-0.0701,-0.0816,-0.0683,-0.0335,0.0217,0.0402,0.0633,0.0612,0.0315,0.0034,-0.0398,-0.0883,-0.1175
2009-01-15,-1.522,29.2491,E,,0.2507,0.0221,,,,,,,,,,,,,,,,,,,,,,,,,,,
2009-01-15,-1.522,29.2491,N,0.3312,,,,,,,,,,,,,,,,,,,,,,,,,,,,,
2009-01-15,-1.522,29.2491,S,0.4015,0.3695,0.2949,0.0,,,,,,,,,,,,,,,,,,,,,,,,,,
2009-01-15,-1.522,29.2491,SE,,0.1793,0.0231,,,,,,,,,,,,,,,,,,,,,,,,,,,
2009-06-24,-1.5147,29.2488,E,,,0.0016,0.014,0.0191,0.0334,0.0474,0.0441,0.0356,0.0227,-0.0062,-0.0175,-0.0178,-0.028,-0.0319,-0.0278,-0.0197,-0.0133,-0.0054,-0.0041,-0.0081,0.0009,0.0087,0.0121,0.0089,0.0218,0.0407,0.042,,
2009-06-24,-1.5147,29.2488,N,0.1096,0.0946,0.0882,0.0889,0.0762,0.0706,0.072,0.0613,0.071,0.053,0.0449,0.0011,-0.0106,-0.0033,-0.0106,-0.0027,-0.0066,-0.0112,-0.0162,-0.0264,-0.0287,-0.0282,-0.02,-0.0141,-0.0092,-0.0031,-0.001,0.0025,0.0063,0.0102
2009-06-24,-1.5147,29.2488,NE,,0.0813,0.0815,0.0843,0.0732,0.0806,0.0756,0.0681,0.0644,0.0399,0.0382,-0.0031,-0.0019,0.0009,-0.0072,-0.0185,-0.0226,-0.0301,-0.0236,-0.0192,-0.016,-0.0114,-0.0091,-0.0098,-0.0015,-0.0015,0.0083,0.0097,0.0097,0.0118
2009-06-24,-1.5147,29.2488,NO,,0.1449,0.1122,0.0778,0.0841,0.0159,0.0051,0.0214,-0.0068,-0.0208,0.0207,0.0106,0.0119,-0.0158,-0.0199,-0.0005,-0.0022,0.0277,0.0412,0.0367,0.023,0.0071,-0.0079,-0.019,-0.0209,-0.0142,-0.0129,-0.016,-0.0258,-0.0262
2009-06-24,-1.5147,29.2488,O,,,0.0579,0.0129,-0.0213,-0.0175,-0.0016,-1e-04,-0.0062,-0.0123,-0.0044,0.0047,0.0267,,,,,,,,,,,,,,,,,
2009-06-24,-1.5147,29.2488,S,0.0711,0.0669,0.0649,0.0669,0.0626,0.0495,0.0371,0.0345,0.0255,0.0207,0.0118,-0.0118,-0.035,-0.0397,,,,,,,,,,,,,,,,
2009-06-24,-1.5147,29.2488,SE,,-0.015,-0.0177,-0.0096,-0.0045,0.0024,0.007,0.0073,0.0107,0.0015,0.003,0.0071,-0.0197,-0.0235,-0.0378,-0.0661,-0.0732,,,,,,,,,,,,,
2009-06-24,-1.5147,29.2488,SO,,0.0873,0.0746,0.0769,0.0748,0.049,0.028,0.0268,0.0037,0.0071,0.0117,0.0136,0.0059,0.008,-0.0032,0.0008,-0.0348,-0.0441,-0.0535,-0.0629,,,,,,,,,,
2009-09-28,-1.5215,29.2469,E,,0.5034,0.4804,0.434,0.3139,0.2581,0.1647,0.1512,0.1349,0.12,0.1082,0.0993,0.0846,0.0893,0.0889,0.0789,0.0607,0.0626,0.047,0.0292,0.0085,-0.003,-0.0139,-0.0292,-0.0309,-0.0309,-0.039,-0.0541,-0.0519,-0.0591
2009-09-28,-1.5215,29.2469,NE,,,,,,,,,,,,,0.1337,0.004,-0.0536,-0.0616,-0.0605,-0.0353,-0.0168,0.017,0.0331,0.0391,0.0302,-0.0005,-0.0007,0.0016,0.0021,-0.0089,-0.0179,-0.0425
2009-09-28,-1.5215,29.2469,O,,,,,0.3516,,,,,0.0821,,,,,,,,,,,,,,,,,0.0111,-0.0144,-0.0098,-0.0081
2009-09-28,-1.5215,29.2469,S,0.6409,0.4761,0.3214,0.2514,0.2134,0.1626,0.1357,0.0887,,,,,,,,,,,,,,,,,,,,,,
2009-09-28,-1.5215,29.2469,SE,,0.4321,0.3559,0.3344,0.2478,0.263,0.1603,0.1301,0.1139,0.1352,0.14,0.1105,0.0763,0.063,0.0299,-0.0126,-0.0483,-0.0474,-0.0449,-0.0415,-0.0361,-0.0402,-0.0363,-0.0274,-0.0199,-0.0131,-0.0012,-0.0032,0.0137,0.0189
2009-09-28,-1.5215,29.2469,SO,,0.4929,0.4785,0.3244,0.2465,0.1732,0.1352,0.1329,0.1123,,,,,,,,,,,,,,,,,,,-0.0002,-0.0002,-1e-04
2010-10-01,-1.5215,29.2504,E,,0.6452,0.4313,0.3795,0.3796,0.4133,0.4259,0.4133,0.291,0.113,0.0077,-0.05,-0.0752,-0.0583,-0.0156,0.0042,0.0212,0.0051,-0.0046,0.0165,0.0326,0.0476,0.0392,0.0065,-0.0038,-0.0169,-0.0267,-0.0435,-0.0586,-0.068
2010-10-01,-1.5215,29.2504,N,0.7457,0.6348,0.5253,0.463,0.3332,0.1814,0.1397,0.1074,0.1356,0.1316,0.1035,0.0598,0.0197,-0.0363,-0.0296,-0.0354,-0.0264,-0.0183,-0.0132,-0.0023,0.0184,0.0228,0.0079,-0.0155,-0.03,-0.0374,-0.0408,-0.0495,-0.0535,-0.0613
2010-10-01,-1.5215,29.2504,NE,,0.6427,0.5212,0.5133,0.4875,0.3762,0.1616,0.0939,0.0737,0.0643,0.0548,0.0262,-0.013,-0.0357,-0.0225,-0.0172,-0.0166,0.0034,0.0092,0.0161,0.0138,0.0121,0.0035,0.0012,-0.0048,-0.0105,-0.0215,-0.0359,-0.0452,-0.0474
2010-10-01,-1.5215,29.2504,NO,0.7197,0.5765,0.5465,0.4233,0.3668,0.2424,0.1406,0.0723,0.0431,0.0454,0.0558,0.0605,0.0616,0.0477,0.014,-0.0282,-0.0527,-0.0367,-0.0204,0.0118,0.018,0.0463,0.0467,0.0233,-0.0209,-0.0236,-0.0388,-0.0551,-0.0722,-0.0924
2010-10-01,-1.5215,29.2504,O,,0.6282,0.6149,0.6329,0.4774,0.3888,0.2793,0.1762,0.0687,0.0002,-0.0272,-0.0281,-0.0157,0.0039,0.0201,-0.007,-0.041,-0.0414,-0.0551,-0.0228,0.022,0.0455,0.0377,0.0284,0.0031,-0.0202,-0.043,-0.0734,-0.0812,-0.0995
2010-10-01,-1.5215,29.2504,S,0.5797,,,,,,,,0.5481,0.4659,0.4323,0.2992,0.2126,0.124,-0.0025,-0.1161,-0.1596,-0.1284,-0.1379,-0.0856,-0.0224,-0.006,0.0008,-0.0067,0.0133,0.085,-0.0622,-0.0895,,
2010-10-01,-1.5215,29.2504,SE,,0.597,0.5004,0.3543,0.3046,0.2612,0.2711,0.3056,0.3189,0.3111,0.1855,0.2612,0.0885,-0.0134,-0.1141,-0.1317,-0.1178,-0.0678,-0.014,0.0428,0.0881,0.1059,0.1218,0.0972,0.0437,-0.0056,-0.0462,-0.0878,-0.1274,-0.1521
2010-10-01,-1.5215,29.2504,SO,,,,,,,0.5408,0.3576,0.1309,0.0736,0.0154,-0.036,-0.0764,-0.0849,-0.0608,-0.0515,-0.0559,-0.0756,-0.0807,-0.0531,0.0108,0.0648,0.087,0.0787,0.0508,-0.0021,-0.0256,-0.058,-0.0964,-0.1136
2010-12-04,-1.5212,29.2496,E,,0.2617,0.1747,0.2064,0.1718,0.1515,0.1986,0.1917,0.1564,,,-0.0927,-0.1162,,-0.0445,,,,,,,,,,,,,,,
2010-12-04,-1.5212,29.2496,N,0.8572,,,,,,,,,,0.0567,,,0.0355,0.0478,0.0208,-0.0049,-0.0308,-0.0311,-0.0303,-0.0136,-0.0149,-0.0048,-0.0062,-0.0079,-0.0196,-0.0259,-0.0306,-0.032,-0.033
2010-12-04,-1.5212,29.2496,NE,,0.1525,,,,,,0.0743,-0.0138,-0.0998,,,,,,,,,,,,,,,,,0.1222,0.0665,0.0247,-0.0217
2010-12-04,-1.5212,29.2496,NO,,,,,0.7253,0.4839,0.37,0.249,0.1329,0.0041,-0.0013,-0.0153,-0.0215,-0.0025,0.0131,-0.0042,-0.0434,-0.0785,-0.0954,-0.0915,-0.0833,-0.0503,-0.0123,0.0266,0.0569,0.0607,0.0267,0.019,0.0,-0.0154
2010-12-04,-1.5212,29.2496,O,,,,,,,0.6775,0.5501,0.3038,0.1992,0.0871,0.0121,-0.0684,-0.0784,-0.0298,-0.0127,-0.0185,-0.0607,-0.123,-0.1242,-0.099,-0.0755,-0.063,-0.0329,0.031,0.0457,0.0409,0.0218,-0.0163,-0.0454
2010-12-04,-1.5212,29.2496,S,0.7948,,,0.4898,0.5231,0.2551,0.083,0.1172,0.0198,-0.0766,0.0221,0.0486,0.0516,0.048,0.0228,-0.0056,0.0217,0.0447,0.012,-0.0115,,,,,,,,,,
2010-12-04,-1.5212,29.2496,SE,,0.4217,0.3622,0.2531,0.1511,0.1243,,,,,,,,,,,0.0,,,,,,,,,,,,,
2010-12-04,-1.5212,29.2496,SO,,,,,,,,0.5722,0.5185,0.2391,0.1408,0.0493,-0.0298,-0.0956,-0.146,-0.1111,-0.0575,-0.035,-0.0361,0.0081,0.0287,0.0347,0.0432,0.0172,0.0971,0.0656,0.0351,-0.0122,,
2011-02-06,-1.5212,29.248,E,,0.559,0.4472,0.3034,0.2306,0.2903,0.2539,0.2083,0.1639,0.0671,0.0497,0.0324,0.0364,0.0464,0.056,0.0761,0.1031,0.1282,0.1502,0.0257,-0.0229,,-0.0092,-0.0302,-0.0464,-0.0348,-0.0417,-0.0555,-0.0633,-0.0686
2011-02-06,-1.5212,29.248,N,,,,,,0.323,0.3383,0.1818,-0.0043,-0.0398,-0.0723,-0.111,-0.1847,,,,,,,,,,,,,-0.1752,-0.1159,-0.057,0.0163,0.0485
2011-02-06,-1.5212,29.248,NE,,0.5772,0.5505,0.4558,0.3969,0.3376,0.2575,0.1915,0.16,0.121,0.0947,-0.0095,-0.0669,-0.1015,-0.0904,-0.07,-0.0231,,,,,,,0.1081,0.0908,0.0588,0.0282,-0.0145,-0.0585,-0.0862
2011-02-06,-1.5212,29.248,NO,,,,,,,,,,,0.5234,0.2565,0.132,0.0155,,,-0.0587,-0.0725,-0.0787,-0.0942,-0.1029,-0.1133,,,,-0.0105,-0.0383,-0.0298,0.0239,0.0651
2011-02-06,-1.5212,29.248,O,,,,,,,,,,,,,,,,0.0404,0.045,0.0142,-0.0079,-0.0091,-0.0121,0.0113,0.0023,0.013,0.0218,0.0097,0.0118,-0.0082,-0.0226,-0.0502
2011-02-06,-1.5212,29.248,S,0.7399,0.6214,0.435,0.2081,0.1923,0.127,0.0743,0.0449,0.0414,0.0003,1e-04,0.011,,,,,,,,,,,,,,,,,,
2011-02-06,-1.5212,29.248,SE,,0.308,0.2311,0.1733,0.1344,0.1334,0.0983,0.083,0.0518,0.0711,0.0605,0.0637,0.0603,0.0822,0.0781,0.0886,0.1001,,,-0.0555,-0.081,-0.088,-0.0983,,,,-0.1102,-0.1199,,-0.1411
2011-02-06,-1.5212,29.248,SO,,,,0.475,0.2438,0.1868,0.113,0.0595,0.0095,-0.0118,-0.0254,0.0127,0.0533,,,,,,,,,,,,,,,,,
2011-06-30,-1.5209,29.2469,E,,0.2515,0.2287,0.1961,0.134,0.1049,0.0889,0.0618,0.0183,0.0183,0.0178,0.0109,-0.0002,-0.0082,-0.0086,0.0027,-0.013,-0.0091,-0.0052,0.021,-0.0249,0.0086,,,,,,,,
2011-06-30,-1.5209,29.2469,NE,,0.4174,,,,,,,,,,,,,,,,,-0.0008,-0.001,-0.0138,0.003,0.0336,,,,,,,
2011-06-30,-1.5209,29.2469,O,,,,0.2598,0.1928,0.1401,0.1064,0.0479,0.017,-0.0211,-0.0099,0.0327,0.0572,0.0117,-0.0178,,0.0056,,,,,,,,,,,,,
2011-06-30,-1.5209,29.2469,S,0.4294,0.3597,0.314,0.2772,0.2035,0.168,0.0174,-0.0115,-0.0216,-0.0311,,,,,,,,,,,,,,,,,,,,
2011-06-30,-1.5209,29.2469,SE,,0.0986,0.0768,0.0656,0.0352,0.0139,0.0526,0.0469,0.0644,0.0364,0.0317,0.0306,0.019,-0.0032,-0.0093,-0.0296,-0.075,-0.1039,,,,,,,,,,,,
2011-06-30,-1.5209,29.2469,SO,0.3335,,,,0.1153,0.0723,0.0182,0.0,0.0,0.0,0.0,,,,,,,,,,,,,,,,,,,
2011-07-16,-1.5217,29.2504,E,,0.7669,0.5363,0.3694,0.3448,0.3391,0.3278,0.3207,0.2673,0.1741,0.0705,-0.0462,-0.1226,-0.1299,-0.1241,-0.054,-0.0361,-0.0206,-0.0243,-0.0917,-0.1278,-0.0446,-0.0309,0.0289,0.0306,0.0333,0.0358,0.0417,0.0468,0.0487
2011-07-16,-1.5217,29.2504,N,0.7027,0.5555,0.4603,0.3521,0.2337,0.1018,0.0969,0.1237,0.1688,0.1216,0.0595,-0.008,-0.0504,-0.0593,-0.0487,-0.0487,-0.0426,-0.0198,-0.0095,0.0106,0.0527,0.0478,0.0231,0.0086,-0.0112,-0.0203,-0.0424,-0.0567,-0.0684,-0.0825
2011-07-16,-1.5217,29.2504,NE,,0.6405,0.4955,0.4363,0.3769,0.2716,0.1394,0.0764,0.0324,0.0294,-0.0011,-0.0384,-0.04,-0.043,-0.0675,-0.0889,-0.0874,-0.0682,-0.0187,0.0053,0.0363,0.0216,0.0103,0.0287,0.0168,0.0178,0.0096,0.0065,0.0078,0.0088
2011-07-16,-1.5217,29.2504,NO,0.4738,0.3602,0.3926,0.2973,0.1998,0.0828,0.0066,-0.0155,-0.0116,-0.0054,0.0177,0.0421,0.0382,0.0149,-0.0142,-0.0237,-0.0625,-0.0468,-0.0103,0.1622,0.176,0.2342,,,,,,,,
2011-07-16,-1.5217,29.2504,O,,0.4992,0.5115,0.5156,0.3269,0.2786,0.1227,0.042,-0.0027,-0.0219,-0.0266,,0.0073,0.01,0.0098,-0.0214,-0.0536,-0.0538,-0.005,0.0388,0.0694,0.0614,0.0308,-0.0089,-0.0391,-0.0473,-0.0258,-0.1232,-0.1644,-0.1736
2011-07-16,-1.5217,29.2504,S,0.5732,,,,,,,,,0.3782,0.4424,0.1802,0.0829,0.0239,-0.0189,-0.0756,-0.0973,-0.0683,-0.0604,-0.0434,-0.0052,0.0009,0.0119,0.0018,0.011,0.017,-0.0049,-0.0098,-0.0716,-0.0919
2011-07-16,-1.5217,29.2504,SE,,,0.5717,0.4541,0.3395,0.3153,0.3745,0.2787,0.2583,0.2284,0.2067,0.2177,0.1247,0.0423,-0.002,-0.1175,-0.1167,-0.1057,-0.0933,-0.0641,-0.0476,-0.0072,0.0324,0.0606,0.0615,0.0423,0.007,-0.0198,-0.0606,-0.0824
2011-07-16,-1.5217,29.2504,SO,0.5635,,,,,0.5706,0.3512,0.3825,0.2612,0.2318,0.141,0.0708,-0.013,-0.0626,-0.0704,-0.0465,-0.0685,-0.0933,-0.0352,0.0121,0.0819,0.1152,0.1331,0.1028,0.046,-0.0407,-0.0879,-0.1115,-0.1391,-0.1643
2011-08-01,-1.5139,29.2504,E,,,,,0.0752,0.0711,0.0817,0.0457,0.0354,0.0437,0.0371,,-0.0141,-0.018,-0.0126,-0.0074,-0.0045,-0.0019,-0.0023,-0.0045,-0.0103,-0.0112,-0.0157,-0.0147,-0.0106,-0.0098,-0.0115,-0.0139,-0.0139,-0.0219
2011-08-01,-1.5139,29.2504,N,,,,,,,,,,,,,,,,,0.0,,,,,,,,,,,,,
2011-08-01,-1.5139,29.2504,NE,,,,,,,,,,,0.0015,,,0.0028,0.0048,0.0028,,,-0.0023,0.0034,0.0027,0.0023,0.0048,-0.0028,-0.0038,-0.0035,-0.0038,-0.0031,-0.003,-0.0021
2011-08-01,-1.5139,29.2504,S,-0.0347,,,,,,,,,,,,,0.0111,-0.0021,-0.003,-0.0058,-0.007,0.0051,0.0101,0.0143,0.0012,-0.0102,-0.0205,-0.0188,,,,,
2011-08-01,-1.5139,29.2504,SE,,-0.0684,-0.0469,-0.0395,-0.0124,-0.011,-0.0009,0.0081,0.0109,-0.0211,-0.0159,-0.0174,-0.0002,-0.0121,0.0033,0.0101,0.0129,-0.0043,0.0029,0.004,0.016,0.0179,0.0177,0.004,-0.0026,0.004,0.0105,0.0083,0.0042,0.0006
2012-02-09,-1.5217,29.2507,E,,0.7045,0.5544,0.3815,0.3607,0.3157,0.3056,0.2599,0.2104,0.1515,0.0859,-0.0285,-0.0471,-0.0418,-0.0154,0.0323,0.0383,0.0363,0.0385,0.0345,0.0548,0.0618,0.0691,0.0338,-0.0045,-0.0392,-0.0759,-0.0835,-0.0942,-0.1134
2012-02-09,-1.5217,29.2507,N,0.7493,,,,,,,,,0.1458,0.0884,0.0169,0.0002,-0.0329,-0.0342,-0.0341,-0.0189,-0.0121,-0.0038,0.0024,0.0142,0.0352,0.0076,-0.0116,-0.0243,-0.0247,0.0024,-0.0346,-0.0347,-0.0163
2012-02-09,-1.5217,29.2507,NE,,0.6381,,,,,,,,,0.075,0.0348,0.0202,-0.0084,-0.0164,-0.0137,-0.0026,0.0054,-0.0048,0.0022,0.0041,0.0039,1e-04,-1e-04,-0.0103,-0.009,-0.0202,-0.0294,-0.0265,-0.0265
2012-02-09,-1.5217,29.2507,NO,0.797,,,,,,,,,,,,-0.0157,-0.0456,-0.0491,-0.0425,-0.0423,0.0029,-0.0167,-0.0049,-0.036,-0.0052,-0.0112,0.0058,0.0094,0.0154,0.014,0.0152,0.0186,-0.0054
2012-02-09,-1.5217,29.2507,O,,0.6242,0.6392,0.454,0.3388,0.3048,0.1762,0.1313,0.067,0.029,-0.0076,1e-04,0.0125,0.0103,-0.0008,-0.0547,-0.0873,-0.1037,-0.1038,-0.0945,-0.0922,-0.0478,0.0015,0.0482,0.0891,0.0951,0.0554,0.021,-0.0083,-0.0275
2012-02-09,-1.5217,29.2507,S,0.4607,,,,,,,,,,0.3636,0.2203,0.1627,0.3235,0.1574,0.0264,-0.0591,-0.0745,-0.0614,-0.0689,-0.036,0.0134,0.034,0.0243,0.0107,0.0172,0.0376,0.0166,-0.0289,-0.065
2012-02-09,-1.5217,29.2507,SE,,,0.5973,0.3142,0.5033,0.4186,0.3573,0.2388,0.2511,0.235,0.252,0.1548,0.0732,0.0407,-0.0075,-0.1151,-0.1275,-0.1119,-0.0883,-0.013,0.046,0.0967,0.1386,0.1504,0.0975,0.0211,-0.0454,-0.0828,-0.1086,-0.1332
2012-02-09,-1.5217,29.2507,SO,,,,,,0.5301,0.4004,0.2713,0.2819,0.2453,0.1565,0.0854,0.0496,0.0399,0.0068,-0.024,-0.0642,-0.091,-0.087,-0.0585,-0.0239,0.006,0.0211,0.0333,0.037,0.022,-0.0136,-0.0489,-0.0768,-0.0845
2012-03-28,-1.5215,29.2501,E,,0.7942,0.4307,0.3746,0.3968,,0.356,0.3652,0.3148,0.2466,0.1457,0.0744,-0.0047,-0.0418,-0.0411,-0.0387,-0.0119,0.0219,0.0445,0.0526,0.0684,0.0599,0.0407,0.0167,0.0172,0.0046,-0.0169,-0.0352,-0.0458,-0.0605
2012-03-28,-1.5215,29.2501,N,0.9351,,,,,,,,,,,,,,,,,,,,,,,,,,,,,
2012-03-28,-1.5215,29.2501,NE,,0.6898,,,,,,,,,,,,,,,,,-0.0208,-0.0241,-0.0139,0.0123,0.0116,0.013,0.0228,0.0056,-0.0099,-0.008,-0.0059,-0.004
2012-03-28,-1.5215,29.2501,NO,1.0,,,0.8172,,,,,,,,,,,,,,,,,,,,,,,,,,
2012-03-28,-1.5215,29.2501,O,,0.6692,,,0.5645,0.4163,0.3262,0.2856,0.1841,0.0875,-0.0334,0.0732,-0.0709,-0.1355,-0.1277,-0.1374,-0.1504,-0.1507,-0.1544,-0.0726,-0.0153,-0.0155,0.0053,,,,,,,
2012-03-28,-1.5215,29.2501,S,0.5412,,,,,,,0.4757,0.3675,0.2384,0.337,0.3519,0.1682,0.0233,-0.1041,-0.1587,-0.0926,-0.0798,0.3532,,,,,,,,,,,
2012-03-28,-1.5215,29.2501,SE,,0.7098,0.4706,0.5196,0.533,0.3869,0.389,0.223,0.259,0.2449,0.2089,0.1771,0.0781,-0.0094,-0.1236,-0.1442,-0.1322,-0.0129,-0.0273,0.0067,0.0606,0.0934,0.0812,0.0501,0.0124,-0.0221,-0.05,-0.0714,-0.0958,-0.1299
2012-03-28,-1.5215,29.2501,SO,,,,,,,,0.625,0.5641,0.4628,0.4035,0.2675,0.1036,-0.0064,-0.076,-0.1446,-0.1535,-0.1682,-0.1171,-0.0383,0.0286,0.0667,0.1028,0.0919,,,,,,
2012-09-20,-1.5161,29.249,E,,,,,,,,,,,,,,,0.0275,-0.0028,0.0075,0.0077,0.0052,-0.0153,-0.0158,-0.0144,-0.0066,-0.0064,-0.0027,-0.0017,0.0027,0.0012,0.008,0.0007
2012-09-20,-1.5161,29.249,N,0.0,,,,,,,,,,,,,,,,,,,,,,,,,,,,,
2012-09-20,-1.5161,29.249,S,-0.0134,,,,,,,,,,,,,,,,,,-0.0136,-0.0086,0.0081,0.0081,0.0054,0.0025,0.0054,0.0034,0.0015,,,-0.0173
2012-09-20,-1.5161,29.249,SE,,,,,,,,,,,,0.0097,0.0017,-0.0087,-0.0006,-0.0058,-0.0069,-0.0019,0.0037,0.001,0.0041,0.0041,0.0053,0.0102,0.0129,0.0076,0.0019,-0.0007,0.0019,0.0019
2013-01-10,-1.5218,29.2493,E,,,0.5039,0.371,0.2125,0.1114,0.042,0.0194,0.0231,-0.0044,0.0059,-0.0177,-0.0336,-0.0164,0.008,0.0143,0.0204,0.0382,0.0549,0.1128,,0.0589,0.062,0.0309,-0.0172,-0.0312,-0.0397,-0.0477,-0.0563,-0.0636
2013-01-10,-1.5218,29.2493,N,1.0032,0.9356,0.7354,0.3257,,0.1007,,,,0.0027,0.0029,0.0029,0.0132,,,,-0.0026,-0.0042,-0.0058,-0.0059,-0.007,0.0084,-0.0024,-0.0027,-0.0063,-0.0017,-0.0098,-0.0078,-0.0072,-0.0053
2013-01-10,-1.5218,29.2493,NE,,0.5141,0.4053,0.2717,0.1422,0.0816,0.0428,0.0394,0.0607,0.0354,0.0102,-0.0222,-0.0389,-0.018,0.0011,0.0043,0.0152,0.0222,0.0064,-0.0127,-0.0196,,0.035,0.0224,0.0063,-0.0064,-0.0166,-0.0647,-0.0747,-0.0747
2013-01-10,-1.5218,29.2493,NO,0.7688,0.8532,0.6445,0.3659,0.1217,0.0669,0.0854,0.0295,0.043,-0.0575,-0.0771,-0.0184,0.0411,0.0678,,,,,-0.0818,,-0.066,-0.0285,0.0092,0.0166,0.0355,0.0738,0.0483,0.012,-1e-04,0.0071
2013-01-10,-1.5218,29.2493,O,,0.4292,0.3204,0.175,0.0483,0.0792,-0.0222,-0.011,-0.007,-0.0301,-0.0118,,-0.0307,0.0779,0.0561,-0.0219,-0.0989,-0.0986,-0.0942,,,,,,,,,0.0171,0.0272,-0.0069
2013-01-10,-1.5218,29.2493,S,1.0,,,,,,,,,,,,,,,,,,,,,,,,,,,,,
2013-01-10,-1.5218,29.2493,SE,,,,0.5895,0.9152,0.3263,,,,,,,,,,,,,,,,,,,,,,,,
2013-01-10,-1.5218,29.2493,SO,0.2941,,0.4443,0.4503,0.5189,0.2596,0.2587,0.2176,0.0994,,,,,,,,,,,,,,,,,,,,,
2013-01-26,-1.5242,29.2523,E,,0.0745,0.0667,0.0369,0.0343,0.0317,0.0343,0.042,0.0164,0.0507,0.0507,0.0405,-0.0049,-0.0156,-0.021,-0.0212,-0.0182,-0.0214,-0.0145,-0.0106,,,0.0131,0.0104,0.0036,-0.0113,,,,
2013-01-26,-1.5242,29.2523,N,,0.0467,-0.0322,-0.0361,-0.0186,-0.0012,-0.0116,-0.006,0.0149,0.0005,-0.0069,-0.0143,-0.0238,0.0137,0.0188,0.019,0.0215,0.0128,0.0101,0.0045,-0.0017,0.0035,0.0033,0.0032,,,,,,
2013-01-26,-1.5242,29.2523,NE,0.0751,0.0571,0.042,0.0517,0.0476,0.0402,0.0401,0.0193,-0.0354,-0.0377,-0.0349,-0.0294,-0.0315,-0.0228,-0.0083,0.0338,0.0467,0.0465,0.062,,,,,,,,,,,
2013-01-26,-1.5242,29.2523,NO,0.1052,0.0144,,0.0455,,0.0505,0.0608,0.0707,,,,,,,,,,,,,,,,,,,,,,
2013-01-26,-1.5242,29.2523,S,,0.0612,0.0433,0.0097,0.0,0.0,,,,,,,,,,,,,,,,,,,,,,,,
2013-01-26,-1.5242,29.2523,SE,0.1366,0.051,0.0751,0.0451,0.0075,0.0022,0.0048,0.0556,0.0493,,,,,,,,,,,,,,,,,,,,,
2013-01-26,-1.5242,29.2523,SO,0.1313,0.0663,,,,,,,,,,,,,,,,,,,,,,,,,,,,
2013-06-03,-1.5209,29.2493,E,,0.7342,,,,0.2712,0.2286,0.1923,0.1164,0.0487,0.0038,-0.0083,-0.0464,-0.0377,-0.0292,-0.0193,-0.0209,-0.0542,-0.0512,-0.049,-0.0262,0.0156,0.0431,0.0365,0.0261,0.023,0.0198,-0.058,-0.0647,-0.0668
2013-06-03,-1.5209,29.2493,N,0.8757,0.8119,0.721,0.4403,0.3097,0.221,0.1373,0.049,-0.0224,,,-0.0126,-0.0154,-0.0238,,,,,,,,,,,,,,,,
2013-06-03,-1.5209,29.2493,NE,,0.6215,0.4561,,,0.2175,0.1339,0.0597,0.0022,-0.0241,,-0.0241,-0.0241,-0.0234,-0.0241,-0.0254,-0.0255,-0.026,-0.0268,-0.0274,-0.0115,0.025,0.0221,0.0086,-0.0133,-0.025,-0.0262,-0.0258,-0.0258,-0.0255
2013-06-03,-1.5209,29.2493,S,0.6994,,,0.5005,0.4439,0.2816,0.5285,0.2644,0.1401,0.0713,0.0294,-0.0076,-0.031,-0.0136,-0.0664,0.009,0.1111,0.0794,0.0597,0.0204,0.0166,0.0039,-0.0134,-0.0376,-0.0608,-0.0776,-0.1041,-0.128,-0.1496,-0.1626
2013-06-03,-1.5209,29.2493,SE,,0.7582,0.6739,0.5568,0.4207,0.3534,0.3444,0.2533,0.1776,0.0813,0.0142,0.0131,0.0206,0.0328,0.0477,0.0477,0.0375,0.0997,0.0252,0.0271,-0.0064,-0.0196,-0.0315,-0.0315,-0.033,-0.0433,-0.0445,-0.0519,-0.0588,-0.067
2013-07-21,-1.5226,29.2501,E,,,,,,,,,,,,,,,,,,,,,,,-0.0734,,0.0221,-0.0288,0.0221,,,
2013-07-21,-1.5226,29.2501,N,0.2734,,,,,,,,,,,,,,,,0.0035,0.0012,-0.0031,0.0144,-0.0031,-0.0064,-0.0061,,,,,,,0.0185
2013-07-21,-1.5226,29.2501,NE,,,,,,,,,,,,,,,,,-0.0277,-0.0528,-0.0584,-0.0091,-0.0467,0.0106,0.0108,0.0101,0.0047,0.0075,0.0038,-0.0039,-0.0129,-0.0164
2013-07-21,-1.5226,29.2501,NO,,,,,,,,,,,-0.0027,-0.0089,,,,,0.0082,0.0282,0.0131,-0.0052,-0.0277,-0.0307,,,,,,,,
2013-07-21,-1.5226,29.2501,S,0.4947,,,,,,,,,,,,,,,,,,,,,,,,,,,,,
2014-07-08,-1.5215,29.2504,E,,0.5888,0.3511,0.2814,0.2747,0.2324,0.2,,,0.0885,,,,,,,,-0.0715,-0.0942,-0.1084,-0.0972,-0.0002,0.0443,0.0514,0.0449,0.0511,,0.0386,-0.0037,0.0467
2014-07-08,-1.5215,29.2504,N,0.5776,0.4686,0.374,0.2791,0.2162,0.1297,0.1055,0.1081,0.1058,0.1036,0.0591,0.0025,0.022,-0.0298,-0.0231,-0.0285,-0.0202,0.0052,0.007,-0.0071,0.0047,0.0114,0.0039,-0.0048,-0.0153,-0.0286,-0.0344,-0.0444,-0.0473,-0.0493
2014-07-08,-1.5215,29.2504,NE,,0.4401,0.2649,0.2166,0.1775,0.1229,0.0575,0.0424,0.0521,,-0.0078,-0.0322,-0.0281,-0.0561,-0.0869,-0.0778,-0.0571,-0.02,-0.0141,-0.014,-0.0058,0.001,-0.0064,0.0095,0.0105,1e-04,-0.0033,-0.0061,-0.0109,-0.0184
2014-07-08,-1.5215,29.2504,NO,0.8695,0.6073,0.6185,,,,,,,,,,,0.1046,0.036,0.0401,0.0446,0.0829,0.0663,0.0353,0.0254,-0.0188,-0.0318,-0.027,-0.0351,-0.021,0.0135,-0.0306,0.0182,-0.0165
2014-07-08,-1.5215,29.2504,O,,0.6282,0.6084,0.5506,0.5289,,,0.1528,0.0564,-0.0148,-0.0541,-0.0639,-0.0561,-0.0289,-0.0152,-0.0431,-0.0683,-0.0685,-0.0482,-0.0004,0.0359,0.1286,0.1033,0.0701,0.0566,0.016,-0.0258,-0.0568,-0.1145,-0.1291
2014-07-08,-1.5215,29.2504,S,0.6295,,,,,0.6395,0.3403,0.4388,0.1046,-0.0383,0.0377,-0.0239,-0.138,,,,,,,,,,,,,,,,,
2014-07-08,-1.5215,29.2504,SE,,0.8155,0.6405,0.3867,0.4337,0.2714,0.2156,0.0767,-0.0046,,,,,,,,,,,,,,,,,,,,-0.0054,0.0074
2014-07-08,-1.5215,29.2504,SO,,,,,,,,0.5062,0.4962,0.4611,0.3005,0.1532,0.0325,-0.0462,-0.1007,-0.1066,-0.0775,-0.119,-0.1075,-0.0636,-0.0007,0.0581,0.0888,0.084,0.0351,-0.0358,-0.0865,-0.1238,-0.132,-0.1488
2014-07-16,-1.5204,29.2488,E,,0.8778,0.6058,0.3225,0.1852,0.1345,0.081,0.0344,-0.0056,-0.0401,-0.0597,-0.0717,-0.0685,-0.0582,-0.0636,-0.0636,-0.0556,-0.0488,-0.0183,0.0099,0.0431,0.0495,0.0576,0.0592,0.0547,0.0413,0.0259,0.0142,0.0175,-0.0743
2014-07-16,-1.5204,29.2488,N,0.9714,0.9714,0.971,0.9698,0.8941,0.5207,0.2134,,,0.0636,0.0145,-0.019,-0.0301,-0.0299,-0.0294,-0.0283,-0.0277,-0.0127,0.0095,0.0098,,,,,,,,,,
2014-07-16,-1.5204,29.2488,NE,,0.9803,0.7969,0.4775,0.3058,0.2198,0.1746,0.1083,0.059,0.0053,-0.0172,-0.0194,-0.0191,-0.022,-0.027,-0.0452,-0.0541,-0.072,-0.079,-0.038,0.0207,0.0826,0.099,0.073,0.0294,0.0098,-0.0066,-0.0181,-0.0335,-0.034
2014-07-16,-1.5204,29.2488,NO,0.0,0.0,0.0,0.0,0.0,0.0,0.0,0.0,0.0,,,,,,,,,,,,,,,,,,,,,
2014-07-16,-1.5204,29.2488,O,,0.3632,,,,0.338,0.338,0.3427,0.3427,0.338,0.3411,0.3411,0.0932,-0.2531,-0.3489,-0.3648,-0.3627,-0.3558,-0.3807,-0.3414,-0.1113,0.0161,0.0253,0.1059,0.1218,0.0836,0.0532,0.0102,-0.064,
2014-07-16,-1.5204,29.2488,S,0.7883,0.7851,0.7276,0.5101,0.5754,0.2804,0.1511,0.122,0.0598,0.0059,0.0007,0.0347,0.0189,0.0294,0.0359,-0.0025,-0.0048,-0.0117,-0.0346,-0.0455,-0.0722,,,,,,,,,
2014-07-16,-1.5204,29.2488,SE,,0.6844,0.4772,0.302,0.2355,0.1741,0.1193,0.0604,0.0216,0.0135,0.0097,-0.0039,0.0064,0.007,0.0123,0.0112,0.0082,0.0054,-0.0095,-0.011,0.0034,-0.0021,-0.0235,-0.0164,,,,,,
2014-07-16,-1.5204,29.2488,SO,0.6111,0.6022,0.6022,0.5945,0.5901,0.5912,0.5912,0.5923,0.5912,0.3857,0.1699,-0.1283,-0.1383,-0.1507,-0.1647,-0.1145,-0.0709,-0.0272,0.008,0.0305,0.0567,0.0885,0.1154,0.1461,0.1282,,,,,
2014-08-01,-1.5207,29.2485,E,,0.853,0.5236,0.3156,0.1871,0.1466,0.1179,0.056,0.0198,-0.0055,-0.0277,-0.0433,-0.0547,-0.0597,-0.0441,-0.0383,-0.0297,-0.0242,-0.0238,-0.0161,-0.0027,0.0255,0.0362,0.041,0.0368,0.0403,0.0316,0.0204,-0.0025,0.0031
2014-08-01,-1.5207,29.2485,N,0.9384,0.939,0.9386,0.9384,0.9363,0.9358,0.801,,,,,,,0.0378,0.0774,0.0642,-0.0155,-0.0321,-0.0304,-0.0176,-0.0086,-0.0197,-0.0206,-0.0182,-0.0125,-0.0042,-0.0162,-0.01,-0.0153,-0.0126
2014-08-01,-1.5207,29.2485,NE,,0.9467,0.8112,0.5281,0.3511,0.2614,0.2229,0.1764,0.0965,0.0482,0.0152,-0.0021,-0.0124,-0.0199,-0.0281,-0.0415,-0.0581,-0.0662,-0.069,-0.062,-0.0303,-0.0002,0.0261,0.05,0.0454,0.0362,0.0075,-0.0044,-0.0228,-0.0301
2014-08-01,-1.5207,29.2485,NO,0.6737,0.6737,0.6649,0.6639,,0.6529,0.654,0.6562,0.6584,0.654,0.654,0.4186,0.074,-0.0696,-0.1266,-0.1495,-0.1646,-0.1621,-0.1477,-0.1342,-0.1262,-0.1187,-0.1002,-0.0771,-0.0666,-0.0105,0.0335,0.0729,0.0969,0.086
2014-08-01,-1.5207,29.2485,O,,,,,0.609,0.6106,,0.6098,0.6098,0.609,0.6114,0.4048,0.1232,-0.0394,-0.1262,-0.1326,-0.1391,-0.1515,-0.1625,-0.1773,-0.1566,-0.0903,-0.0146,0.0346,0.0006,0.0012,0.0271,-0.0013,-0.0625,-0.1197
2014-08-01,-1.5207,29.2485,S,0.8939,0.893,0.8801,0.6342,0.4562,0.2124,0.1856,0.1525,0.111,0.1015,0.1018,0.0908,0.0956,0.0918,0.0697,0.0574,0.0372,0.0124,-0.0055,-0.0212,-0.0342,-0.0547,-0.0622,-0.0721,-0.0788,-0.0839,-0.0891,-0.0958,-0.1019,-0.1093
2014-08-01,-1.5207,29.2485,SE,,0.7549,0.5454,0.3006,0.1954,0.1535,0.1152,0.0793,0.0558,0.0483,0.0398,0.0382,0.0512,0.0448,0.0457,0.0255,0.0113,-0.0038,-0.0191,-0.0355,-0.0364,-0.0437,-0.0348,-0.0241,-0.0385,-0.0269,-0.0317,-0.0263,-0.0447,-0.0263
2014-08-01,-1.5207,29.2485,SO,0.716,0.7119,0.7092,0.7085,0.7092,0.7092,0.7092,0.4519,0.2951,0.0603,-0.0223,-0.0808,-0.0944,-0.0926,-0.0673,-0.0427,-0.0207,-0.0023,0.0173,0.0251,0.0285,0.0546,0.0549,0.046,0.0017,-0.014,,,,
2014-08-09,-1.5245,29.2474,E,,0.0658,0.0499,,,,,,,,,,,,,,,,,,,,,,,,,,,
2014-08-09,-1.5245,29.2474,NO,,,,,,,,,,,,,,,,,,,,,,,,,,,,0.0097,0.0038,-0.0019
2014-08-09,-1.5245,29.2474,SE,0.0659,,,,,,,,,,,,,,,,,,,,,,,,,,,,,
2014-10-12,-1.5212,29.2501,E,,0.5359,0.3537,0.2861,0.2435,0.2305,0.1974,0.1476,0.0999,0.044,0.015,0.0083,0.0077,0.0215,0.0393,0.0584,0.0672,0.1247,0.1204,0.0299,0.0556,0.0353,0.0176,0.0009,-0.0103,-0.0268,-0.0427,-0.0531,-0.0694,-0.075
2014-10-12,-1.5212,29.2501,N,0.6872,0.5118,0.4615,0.3254,0.2896,0.1866,0.1036,0.0672,0.0814,0.0808,0.0991,0.0763,0.0384,0.0189,-0.0223,-0.011,-0.0349,-0.0232,-0.0146,-0.0064,0.0034,0.0032,0.0007,-0.0141,-0.0273,-0.0361,-0.0409,-0.0475,-0.0535,-0.0592
2014-10-12,-1.5212,29.2501,NE,,0.4259,0.3297,0.3036,0.269,0.2229,0.1145,0.072,0.0468,0.0465,0.0491,0.0407,0.028,-0.0022,-0.0063,0.0043,0.0036,0.0116,0.0204,0.0086,0.0073,0.0028,-0.0028,-0.0111,-0.0176,-0.027,-0.0367,-0.0404,-0.0467,-0.049
2014-10-12,-1.5212,29.2501,NO,0.6867,0.4436,0.6131,0.4655,0.4297,0.3413,0.2022,0.103,0.0392,0.0011,0.0093,0.0238,0.0279,0.0328,0.0179,-0.0099,-0.0518,-0.0737,-0.0651,-0.0409,-0.0053,0.0281,0.0289,0.0395,0.0434,0.0265,0.021,-0.0303,-0.045,-0.0619
2014-10-12,-1.5212,29.2501,O,,0.7191,,,0.6816,0.6579,0.4629,0.2859,0.1802,0.0705,-0.007,-0.0446,-0.0806,-0.0756,-0.0532,-0.0234,-0.0447,-0.0865,-0.1045,-0.103,-0.0674,-0.0326,-0.0044,0.0037,0.0166,0.0136,-0.0039,-0.0229,-0.0526,-0.0452
2014-10-12,-1.5212,29.2501,S,0.6913,,,0.6267,,0.5124,0.4789,0.356,0.3609,0.1627,0.2059,0.1144,0.0421,-0.0006,-0.0325,-0.0509,-0.0138,-0.0162,0.0085,0.0374,0.0379,0.0285,0.0306,0.0254,0.0195,0.0077,-0.0307,-0.0624,-0.095,-0.1368
2014-10-12,-1.5212,29.2501,SE,,0.6054,0.5425,0.4293,0.4318,0.2772,0.2364,0.1986,0.205,0.1664,0.1256,0.0809,0.0289,-0.0211,-0.0268,-0.0207,0.0186,0.0444,0.0579,0.0771,0.087,0.0879,0.0612,0.0216,-0.012,-0.0445,-0.0681,-0.0914,-0.0956,-0.1178
2014-10-12,-1.5212,29.2501,SO,,,,,,,,,0.5605,0.4409,0.3723,0.1638,0.0623,-0.0328,-0.0805,-0.1029,-0.0724,-0.0482,-0.0899,-0.0451,0.0039,0.0334,0.0616,0.0612,0.0484,0.0219,-0.0092,-0.0458,-0.0798,-0.0961
2014-12-07,-1.5207,29.2485,E,,0.7589,0.4307,0.2186,0.0851,0.0701,0.0629,0.0194,-0.0008,-0.0135,-0.019,-0.0036,0.0088,0.0297,0.0594,0.0654,0.0525,0.0298,-0.0037,-0.0466,-0.0794,-0.0899,,,,,,,,
2014-12-07,-1.5207,29.2485,N,0.7525,0.7802,0.7617,0.7525,0.6647,0.6416,0.4725,0.1645,0.0695,-0.0579,-0.1179,0.0035,,-0.1818,,,,,,,,,,,,,,,,
2014-12-07,-1.5207,29.2485,NE,,0.841,0.6715,0.3309,0.1471,0.0771,0.0585,0.019,0.0146,-0.0059,-0.0359,,,,,,,,,,,,,,,,,,,0.0478
2014-12-07,-1.5207,29.2485,NO,0.6253,0.6253,0.6157,0.6146,0.6015,0.6015,0.6038,0.605,0.6062,0.6038,0.6038,0.3919,0.0408,-0.1137,-0.2055,-0.2343,-0.2441,-0.2482,-0.2458,-0.2327,-0.2277,-0.2486,-0.2191,-0.2009,-0.1436,-0.073,0.0208,0.0346,0.121,0.148
2014-12-07,-1.5207,29.2485,O,,0.6257,,,0.621,0.6226,0.6233,0.6226,0.6218,0.621,0.6233,0.4768,0.1737,-0.0597,-0.1687,-0.1879,-0.1825,-0.2007,-0.2191,-0.228,-0.2267,-0.181,-0.1356,-0.0822,-0.0751,-0.0147,0.0608,0.0529,0.0512,0.0331
2014-12-07,-1.5207,29.2485,S,0.8566,0.8562,0.8226,0.5411,0.3644,0.1156,0.0833,0.048,-0.0021,-0.0199,,0.0066,,,,,,,,,,,,,,,,,,
2014-12-07,-1.5207,29.2485,SE,,0.7555,0.5371,0.2991,0.188,0.1501,0.1296,0.1052,0.0905,0.0851,0.086,0.0933,0.1018,0.101,0.089,0.0667,0.0258,-0.0038,-0.03,-0.0451,-0.0552,-0.0561,-0.0567,-0.0572,-0.0581,-0.059,-0.0595,-0.0605,-0.0611,-0.0615
2014-12-07,-1.5207,29.2485,SO,0.7213,0.4733,0.308,0.2667,0.308,0.308,0.308,0.1927,0.1821,0.1963,0.0824,0.1149,-0.0087,0.0981,0.1149,1.5156,2.9297,,,,,15.0841,,,,,,,,
2015-01-08,-1.5207,29.2488,E,,,,,,,,,,0.1385,0.1395,0.1477,0.1151,0.1129,0.078,0.0609,0.0481,0.0214,,,,,-0.0212,-0.0314,-0.0392,-0.0571,-0.0857,-0.064,-0.0648,-0.0634
2015-01-08,-1.5207,29.2488,N,0.8439,0.8444,0.8417,0.8383,0.8359,0.6372,0.3844,0.2506,0.192,0.0896,0.0384,-0.0084,-0.0232,-0.0346,-0.0375,-0.043,-0.0533,-0.0485,-0.0169,-0.0101,0.0111,-0.0204,0.0376,0.0212,0.0108,0.0028,-0.0139,-0.0269,-0.0448,-0.0636
2015-01-08,-1.5207,29.2488,NE,,,,,,,,,0.1493,0.0992,0.0748,0.0594,0.057,0.0509,0.0533,0.0458,0.0434,0.0384,0.0432,0.0371,0.0381,0.026,0.0164,0.0076,-0.0173,-0.0238,-0.0494,-0.0685,-0.0796,-0.0757
2015-01-08,-1.5207,29.2488,NO,0.4579,0.4579,0.4458,0.4322,0.4276,0.4307,0.4307,0.4367,0.4322,0.3137,0.0379,-0.2313,-0.3293,-0.3709,-0.405,-0.4257,-0.4215,-0.4084,-0.3541,-0.2967,-0.268,,-0.1933,-0.1828,-0.127,-0.0552,0.0511,0.0992,0.0799,0.0376
2015-01-08,-1.5207,29.2488,O,,0.0,0.0,0.0,0.0,0.0,0.0,0.0,0.0,,,,,,,,,,,,,,,,,,,,,
2015-01-08,-1.5207,29.2488,S,0.8352,0.783,0.7439,0.603,0.5037,0.2248,0.1226,0.1102,0.0372,-0.0201,-0.0288,1.3025,,,,,,,,,,,,,,,,,,
2015-01-08,-1.5207,29.2488,SE,,,,,0.2891,0.2413,0.2057,0.186,0.1571,0.1371,0.1389,0.152,0.1584,0.1608,0.1414,0.1159,0.0615,0.0226,-0.0207,-0.046,-0.0614,-0.0682,-0.0678,-0.0626,-0.063,-0.0642,-0.0655,-0.0645,-0.0668,-0.0668
2015-01-08,-1.5207,29.2488,SO,0.9224,0.7013,0.3697,0.1486,0.0381,0.1486,0.1486,0.1945,0.1171,0.1147,0.1812,0.0661,0.016,,,,,,,,,,,,,,,,,
2015-02-09,-1.5207,29.248,E,,0.7905,0.4444,0.2449,0.1598,0.144,0.1257,0.091,0.0818,0.0785,0.0706,0.0712,0.0749,0.0748,0.0895,0.0814,0.066,0.0518,0.018,-0.006,-0.0224,-0.024,-0.0234,-0.0274,-0.0293,-0.0278,-0.0241,-0.0279,-0.0315,-0.0331
2015-02-09,-1.5207,29.248,N,0.5841,0.5898,0.5955,0.603,0.5983,0.5841,0.5766,0.5747,0.5728,0.1306,-0.0036,-0.0928,-0.1288,-0.1669,-0.2283,,,,,,,,0.1487,0.0831,-0.0833,0.0637,0.0284,0.0336,-0.0124,-0.0417
2015-02-09,-1.5207,29.248,NE,,0.8671,0.6613,0.3268,0.2563,0.2532,0.2005,0.0815,0.0452,0.0274,0.0167,-0.0021,-0.0041,-0.0047,0.0112,0.0147,0.0379,0.0351,,,,0.0165,0.0147,0.0388,0.0385,0.0261,-0.0068,-0.0216,-0.0615,-0.0661
2015-02-09,-1.5207,29.248,NO,0.6018,0.61,0.6018,0.5963,0.5935,0.5908,0.588,0.5894,0.5894,0.5908,0.5935,0.5921,0.4701,0.1294,-0.0549,-0.1897,-0.2242,-0.2519,-0.2628,-0.2633,-0.2624,-0.2518,-0.2368,-0.2085,-0.1687,-0.112,-0.046,0.0152,0.138,0.1915
2015-02-09,-1.5207,29.248,O,,0.6019,0.6003,0.6011,0.6019,0.6027,0.6019,0.6019,0.6019,0.5707,0.383,0.1056,-0.014,-0.0955,-0.1797,-0.2158,-0.221,-0.2351,-0.2497,-0.2583,-0.2478,-0.2538,-0.1985,-0.0965,-0.0726,-0.019,0.0483,0.0312,0.0447,0.044
2015-02-09,-1.5207,29.248,S,0.8229,0.5835,0.3698,0.1725,0.1715,0.0633,0.046,0.0288,0.0186,0.0052,0.001,0.0086,0.0056,-0.0279,-0.0395,,,,,,,,,,,,,,,
2015-02-09,-1.5207,29.248,SE,,0.4874,0.3082,0.2312,0.1947,0.1711,0.1508,0.1371,0.1213,0.1126,0.1189,0.1088,0.0976,0.0717,0.0321,0.005,-0.0317,-0.0485,-0.0525,-0.0479,-0.0434,-0.0401,-0.0369,-0.0314,-0.0276,-0.0205,-0.0175,-0.0101,-0.0059,0.0027
2015-02-09,-1.5207,29.248,SO,0.7311,0.7311,0.7311,0.7132,0.6766,0.563,0.3386,0.1251,0.0487,-0.0072,-0.0256,-0.017,0.0032,0.0262,0.0727,,,,,,,,,,,,,,,
2015-07-11,-1.5212,29.2501,E,,0.5786,0.4025,0.3413,0.2944,0.2595,0.2145,0.1449,0.0799,0.0146,-0.0335,-0.0547,-0.0529,-0.026,-0.0056,-0.0168,-0.0435,-0.0884,-0.1342,-0.0851,-0.0316,0.0101,0.0555,0.0897,0.086,0.0671,0.0504,0.058,0.0382,0.0459
2015-07-11,-1.5212,29.2501,N,0.8262,0.5653,0.5167,0.3519,0.2848,0.1766,0.0963,0.0962,0.1369,0.1235,0.101,0.0403,-0.0228,-0.0405,-0.043,-0.0383,-0.0362,-0.0214,-0.0032,0.0106,0.0167,0.0132,0.013,0.0074,-0.0074,-0.0193,-0.0315,-0.0425,-0.0474,-0.0502
2015-07-11,-1.5212,29.2501,NE,,0.4839,0.3887,0.349,0.2762,0.2001,0.0777,0.045,0.041,0.0359,0.0092,-0.0228,-0.0305,-0.0402,-0.0635,-0.0841,-0.0841,-0.0585,-0.0049,0.0286,0.0341,0.0202,0.0136,0.0087,0.0044,0.0005,-0.0007,-0.0083,-0.0088,-0.0125
2015-07-11,-1.5212,29.2501,NO,0.8372,0.6381,0.7145,0.5337,0.445,0.2906,0.1902,0.1231,0.0464,0.0108,-0.0051,-0.0107,-0.017,-0.0122,-0.0318,-0.0707,-0.0488,-0.0476,-0.0136,,-0.0124,0.0677,0.0932,0.1016,0.13,,-0.0233,-0.01,,-0.0649
2015-07-11,-1.5212,29.2501,O,,,,,0.5547,0.5184,0.4184,0.1898,0.0951,0.1119,0.0889,-0.0115,-0.0635,-0.1069,-0.1067,-0.1219,-0.1469,-0.0673,-0.1399,-0.095,0.0081,0.0908,,,,,,,,
2015-07-11,-1.5212,29.2501,S,0.6064,,,,,0.3824,0.3348,0.2757,0.2785,0.1196,0.223,0.1258,0.0525,0.0098,-0.0348,-0.0541,-0.0255,-0.0328,0.0114,0.0486,0.0454,0.0207,0.0182,-0.0164,0.0054,0.0191,-0.0391,-0.0904,-0.117,-0.1488
2015-07-11,-1.5212,29.2501,SE,,0.5551,0.5228,0.3959,0.4318,0.2981,0.248,0.2112,0.235,0.2024,0.1202,0.0703,-0.0158,-0.0787,-0.0739,-0.0588,-0.0413,-0.0061,0.0038,0.0248,0.0398,0.0575,0.0358,0.0159,-0.0083,-0.031,-0.0477,-0.0723,-0.0681,-0.0723
2015-07-11,-1.5212,29.2501,SO,,,,,,,,,,,0.3062,0.2466,0.1126,0.0628,0.0061,-0.0843,-0.0391,-0.0254,-0.0155,0.0005,0.0411,0.0769,0.0894,0.0737,0.0153,-0.0334,-0.0804,-0.1306,-0.1559,-0.1674
2015-07-27,-1.515,29.2469,E,,,0.0105,0.0119,,,0.0264,0.0276,0.0286,0.0221,0.0152,0.0198,0.0198,0.0207,0.0202,-0.0007,-0.0061,-0.0046,0.0007,0.0103,-0.0017,-0.0093,-0.0087,-0.0024,-0.0027,-0.0036,-0.007,-0.0091,-0.0081,-0.0109
2015-07-27,-1.515,29.2469,N,0.1502,0.1406,0.1164,0.0942,,,,,,,,,,,,,,,,,,0.0092,0.0085,0.0033,0.0022,0.0015,-0.0034,-0.0058,0.0013,-0.0024
2015-07-27,-1.515,29.2469,NE,,0.0101,0.0158,0.0094,-0.0166,,0.0509,0.0547,0.0539,0.0582,0.0573,0.0563,0.0454,0.0373,0.0119,0.0031,-0.0013,-0.0061,-0.0064,-0.008,-0.0103,-0.0164,-0.0102,-0.0146,-0.0064,-0.0137,-0.0007,-0.0028,-0.0062,-0.0025
2015-07-27,-1.515,29.2469,S,0.1643,0.1596,0.1551,0.1358,,,,,,,,,,,,,,,,,,,,,,,,,,
2015-07-27,-1.515,29.2469,SE,,-0.0686,-0.0686,-0.0646,,,,-0.0431,-0.0404,,-0.0136,,-0.0045,0.003,0.0015,0.0043,-0.0057,-0.0262,-0.0136,-0.0085,0.0038,0.0095,0.005,-0.0015,0.0014,-0.0071,-0.0078,-0.0041,-0.0072,-0.0122
2015-08-12,-1.5209,29.2477,E,,0.1315,0.0977,0.088,0.1756,0.1445,0.0996,,,-0.0161,-0.0084,0.0256,0.0366,0.0274,0.0071,0.0072,0.002,-0.0079,-0.0156,-0.0161,-0.0059,0.0053,0.0038,0.009,0.0043,-0.0045,-0.007,-0.0102,-0.0328,-0.0367
2015-08-12,-1.5209,29.2477,NE,,,0.1889,0.1508,0.2273,0.2119,0.2119,,,,,,,,,,0.0323,,,,,-0.0111,-0.0244,0.0024,0.0205,0.0309,0.0217,0.0075,-0.0419,-0.0466
2015-08-12,-1.5209,29.2477,S,0.3407,0.2352,0.1814,0.139,0.0845,0.0896,0.081,0.0774,0.074,0.0543,0.0301,-0.0044,-0.0211,-0.0417,-0.0889,,,,,,-0.0445,-0.0472,-0.0456,-0.0168,-0.0238,-0.0209,-0.0152,-0.007,-0.0018,0.0039
2015-08-12,-1.5209,29.2477,SE,,0.128,0.0936,0.0836,0.1182,0.113,0.0703,0.0706,0.0955,0.1154,0.1175,0.096,0.0882,0.0646,0.042,-0.0008,-0.0184,-0.036,-0.0455,-0.0445,-0.0389,-0.0373,-0.0354,-0.0431,-0.0437,-0.0429,,,,
2015-08-20,-1.5201,29.249,E,,,0.2538,0.1233,0.1121,0.0937,0.0516,0.0088,-0.0198,-0.0371,-0.0422,-0.0435,-0.0325,-0.0384,-0.0425,-0.041,-0.0418,-0.0214,-0.0024,0.0217,0.0299,0.0324,0.036,0.0406,0.0315,0.0245,0.0139,0.0016,-0.0109,-0.0225
2015-08-20,-1.5201,29.249,N,0.9517,0.9333,0.8527,0.5695,0.5181,0.2984,0.2118,0.1568,0.1033,0.0108,-0.0032,-0.022,-0.0312,-0.0461,-0.047,-0.045,-0.0286,-0.0135,-0.0133,-0.0172,-0.0172,-0.0174,0.0112,0.0122,0.0132,0.0039,-0.0063,-0.0191,-0.0308,-0.0355
2015-08-20,-1.5201,29.249,NE,,0.6308,0.3712,0.2271,0.1954,0.161,0.1274,0.0723,0.0384,0.0158,0.0081,-0.0017,-0.0111,-0.0238,-0.0406,-0.0529,-0.0644,-0.0855,-0.0159,0.0195,0.0406,0.0477,0.0266,0.0248,1e-04,-0.0091,-0.014,-0.0151,-0.0217,-0.0192
2015-08-20,-1.5201,29.249,NO,0.6647,0.6584,0.6605,0.6427,0.6343,0.6332,0.6353,0.6353,0.6364,0.6332,0.2855,0.0958,-0.0949,-0.0859,-0.1409,-0.1502,-0.1451,-0.14,-0.1136,-0.1054,-0.0949,-0.0997,-0.1067,-0.1112,-0.0835,-0.0329,0.027,0.0683,0.0948,0.0768
2015-08-20,-1.5201,29.249,O,,0.5699,0.5601,0.5529,0.5485,0.5431,0.5422,0.5422,0.5431,0.5458,0.5458,0.5476,0.5458,0.3557,-0.0206,-0.1572,-0.1789,-0.1908,-0.2021,-0.2159,-0.2213,-0.2145,-0.2,-0.1498,-0.0837,-0.0412,-0.0246,0.0066,0.0187,0.0203
2015-08-20,-1.5201,29.249,S,0.7959,0.7938,0.7105,0.4393,0.3358,0.2193,0.1279,0.0996,0.0943,0.0265,0.0181,0.0023,0.0056,-0.0122,-0.0189,0.0121,,,,,,,,,,,,,,-0.1587
2015-08-20,-1.5201,29.249,SE,,0.6623,0.4449,0.2243,0.2589,0.1747,0.1527,0.0854,0.0677,0.0672,0.0566,0.0501,0.0468,0.0411,0.0412,0.023,0.0145,-0.0025,-0.0123,-0.0174,-0.0316,-0.0296,-0.0303,-0.0258,-0.0251,-0.0268,-0.0229,-0.0216,-0.0153,-0.0143
2015-08-20,-1.5201,29.249,SO,0.5449,0.5354,0.5378,0.5282,0.5211,0.5163,0.5163,0.5163,0.5163,0.493,0.4575,0.0404,-0.0287,-0.1703,-0.1885,-0.2213,-0.2147,-0.1542,-0.0871,-0.0321,0.032,0.0504,0.0833,0.0917,0.1315,0.1254,0.08,,-0.0118,-0.0118
2015-09-21,-1.5207,29.249,E,,0.9433,0.6159,0.233,0.0076,-0.0562,-0.0277,,,,,,,,,,,,-0.0291,-0.0195,-0.0158,-0.0004,0.0046,0.0056,0.0063,0.0132,0.0054,0.0009,-0.0112,-0.0165
2015-09-21,-1.5207,29.249,N,0.9356,0.9348,0.9259,0.729,0.6277,0.4724,0.2765,0.146,0.1244,0.0668,0.0612,0.0467,0.0071,0.0115,-0.0136,-0.0274,-0.0417,-0.0099,0.0062,-0.0196,-0.0177,-0.0193,0.0047,-0.0005,0.0003,-0.0035,-0.0149,-0.0204,-0.0335,-0.0404
2015-09-21,-1.5207,29.249,NE,,0.9498,0.6573,0.3729,0.215,0.1403,,,,,,,,,,0.0174,,-0.059,-0.0562,-0.0435,-1e-04,0.0117,0.0225,0.0247,0.001,-0.0037,-0.0089,-0.0155,-0.0178,-0.0134
2015-09-21,-1.5207,29.249,NO,0.7644,0.763,0.7574,0.7512,0.7519,0.7519,0.7519,0.6699,0.5028,0.3671,0.1495,-0.0015,-0.0814,-0.1097,-0.1221,-0.1258,-0.1272,-0.1141,-0.1023,-0.1001,-0.1031,-0.0914,-0.0842,-0.0647,-0.0233,0.0197,0.0453,0.061,0.0551,0.0263
2015-09-21,-1.5207,29.249,O,,0.5006,0.4909,0.4873,0.4873,0.4885,0.4861,0.4909,0.4934,0.4934,0.4498,0.0607,-0.2262,-0.3409,-0.3848,-0.4143,-0.4014,-0.3831,-0.379,-0.3907,-0.3902,-0.3554,-0.299,-0.1909,-0.1533,-0.1569,-0.0176,0.0309,0.0338,0.0082
2015-09-21,-1.5207,29.249,S,0.8846,0.8748,0.8335,0.6905,0.6819,0.428,0.2149,0.1506,0.052,-0.0173,-0.0338,-0.0567,0.02,0.0495,0.0345,,,,,,,,,,,,,,,
2015-09-21,-1.5207,29.249,SE,,0.841,0.55,0.2717,0.1481,,,,,,,,,,,,,,,,,,,0.0038,,,-0.0004,0.0006,,
2015-09-21,-1.5207,29.249,SO,0.6149,0.6149,0.5812,0.5559,0.5517,0.5475,0.5559,0.5559,0.5194,0.1439,-0.0924,-0.2515,-0.2649,-0.0509,0.0162,0.1152,,,,,,,,,,,,,,
2016-06-27,-1.5234,29.2491,E,,,,,,,,,,,0.5447,0.3331,0.2143,0.2945,0.2805,0.2448,0.1397,-0.0067,-0.1064,-0.1338,-0.1537,-0.1664,-0.1748,-0.1289,-0.09,-0.0552,-0.0308,-0.0418,0.0153,0.0935
2016-06-27,-1.5234,29.2491,N,,,0.5252,0.4218,0.3134,0.3127,0.2228,0.1438,0.036,0.0229,0.0453,0.0713,0.0776,0.0804,0.0596,0.036,0.022,-0.0004,-0.0341,-0.0237,-0.0169,0.0008,0.0213,0.0299,0.0159,0.0076,0.0137,0.0005,-0.0408,-0.0655
2016-06-27,-1.5234,29.2491,NE,,,,,,0.9696,,,,,,,,,,,,0.0652,0.0216,0.0206,-0.0069,-0.0334,-0.0505,-0.0576,-0.0274,-0.0345,0.0021,0.0139,0.0323,0.0355
2016-06-27,-1.5234,29.2491,NO,0.5779,0.5459,0.3569,0.3131,0.2399,0.1691,0.1213,0.1248,0.1494,0.1651,0.1744,0.1464,0.128,0.1175,0.0678,0.0738,0.1331,0.147,0.0889,0.0604,0.0383,0.0082,-0.0214,-0.0409,-0.0748,-0.0966,-0.1213,-0.1296,-0.1543,-0.1645
2016-06-27,-1.5234,29.2491,O,,0.3463,0.2878,0.2215,0.1728,0.105,0.1034,0.1014,0.0985,0.0842,0.0627,0.0836,0.0905,0.0973,0.0926,0.0677,0.032,-0.0161,-0.0728,-0.1112,-0.1313,-0.1341,-0.1084,-0.2047,-0.2131,-0.2299,-0.1998,-0.2121,-0.2201,-0.2352
2016-06-27,-1.5234,29.2491,S,,0.64,0.5105,0.4393,0.249,0.2614,0.2119,0.1325,0.1316,0.1251,0.1391,0.1334,0.1556,0.1467,0.1681,0.191,0.168,0.1029,0.0503,0.029,-0.0338,-0.0466,-0.0746,-0.1068,-0.1299,-0.1845,-0.207,-0.2441,-0.2616,-0.2729
2016-06-27,-1.5234,29.2491,SE,0.5826,,,,,,,0.4836,0.3698,0.3658,0.354,0.1896,0.1213,0.0781,0.0596,0.012,-0.0322,-0.0128,0.043,0.0371,0.0256,0.0428,0.0161,0.0406,0.0208,0.0111,0.004,-0.0647,-0.0768,-0.1136
2016-06-27,-1.5234,29.2491,SO,0.6844,0.6418,0.5149,0.4486,0.3974,0.3564,0.3243,0.2795,0.2504,0.2602,0.2366,0.2288,0.226,0.2105,0.1684,0.1224,0.0196,-0.0932,-0.0974,-0.1264,-0.1277,-0.1304,-0.1278,-0.1265,-0.1243,-0.1234,-0.1207,-0.1172,-0.1141,-0.1124
2016-07-13,-1.5217,29.2504,E,,0.7878,0.6077,0.3674,0.3179,0.2802,0.2618,0.2517,0.2418,0.2155,0.1412,0.0393,-0.0437,-0.1092,-0.1165,-0.0786,-0.0802,-0.0526,-0.047,-0.0549,-0.0526,-0.028,0.0519,0.0842,0.0789,0.0121,,-0.0219,-0.0257,-0.0582
2016-07-13,-1.5217,29.2504,N,0.8796,0.7108,0.5815,0.4651,0.3729,0.2508,0.1764,0.135,0.1533,0.1165,0.0649,0.046,0.0,-0.0347,-0.0278,-0.0272,-0.0153,0.0158,0.0163,0.0028,0.0089,0.0137,-0.004,-0.0072,-0.0263,-0.0326,-0.0305,-0.044,-0.054,-0.0619
2016-07-13,-1.5217,29.2504,NE,,0.7792,0.5873,0.483,0.4127,0.3338,0.2139,0.1491,0.0931,0.0524,0.0221,-0.0057,-0.0313,-0.0268,-0.0362,-0.0377,-0.0456,-0.0345,-0.0104,0.0112,0.026,0.0068,0.0051,0.0046,-0.0086,-0.0129,-0.0259,-0.036,-0.0275,-0.0353
2016-07-13,-1.5217,29.2504,NO,0.6705,0.5328,0.5614,0.409,0.3072,0.1885,0.1015,0.0484,0.0212,0.01,0.0164,0.0403,0.0229,0.0199,-0.0108,-0.0222,-0.0254,0.043,0.0511,0.0506,0.0525,,,,-0.0541,-0.0817,-0.102,-0.1164,-0.1465,-0.1907
2016-07-13,-1.5217,29.2504,O,,0.6332,0.6332,0.6086,0.407,0.3338,,,0.098,0.0282,-0.007,-0.0022,0.0291,0.0338,0.0093,-0.0324,-0.0748,-0.0414,0.033,0.0644,0.055,0.0577,0.0368,0.0085,-0.0284,-0.0692,-0.1077,-0.1077,-0.1587,-0.1835
2016-07-13,-1.5217,29.2504,S,0.7152,,,,,,,,,0.3075,0.2508,-0.0029,-0.093,-0.1423,-0.0647,-0.0064,0.02,0.0326,-0.0261,-0.0181,0.0278,,,,,,,,,
2016-07-13,-1.5217,29.2504,SE,,,0.6099,0.3391,0.4593,0.4511,0.4788,0.2886,0.264,0.2134,0.1608,0.039,-0.1012,-0.1129,-0.147,-0.2128,-0.2504,-0.1097,0.0098,0.1131,,,,,,,,,,
2016-07-13,-1.5217,29.2504,SO,,,,,,,,,0.3152,0.2043,-0.0283,-0.0159,0.023,0.037,0.0325,-0.0152,-0.116,,,,,,,,,,,,,
2016-08-06,-1.5147,29.2485,E,,,0.0579,0.0753,0.0768,0.0745,0.0694,0.059,0.0499,0.0371,0.0135,0.0045,-0.0014,-0.0257,-0.0304,-0.033,-0.0333,-0.0298,-0.0282,-0.0227,-0.0256,-0.0197,-0.0123,-0.0122,0.0039,0.0162,0.0223,0.0245,0.0251,0.0291
2016-08-06,-1.5147,29.2485,N,0.0675,0.0647,0.0581,0.0512,0.0483,0.041,0.0361,0.0338,0.0295,0.0461,0.0291,0.017,-0.0074,-0.0141,-0.023,-0.0325,-0.0323,-0.0266,-0.025,-0.0287,-0.0295,-0.0231,-0.0188,-0.0186,-0.0109,-0.0082,0.0052,0.0118,0.0279,0.034
2016-08-06,-1.5147,29.2485,NE,,0.0435,0.0533,0.0657,0.0525,0.0615,0.057,0.0491,0.0482,0.0352,0.0287,-0.002,-0.024,-0.0236,-0.0164,-0.0141,-0.0145,-0.0322,-0.0005,-0.0075,-0.0032,0.001,0.0039,0.001,0.001,-0.0018,0.0014,0.0003,0.0017,0.0021
2016-08-06,-1.5147,29.2485,NO,,0.0946,0.0628,0.0441,0.0398,0.0188,0.0079,0.0016,-0.0113,-0.0079,0.0071,,,,,,,,,,,,,,,,,,,
2016-08-06,-1.5147,29.2485,O,,,0.209,0.1773,0.1656,0.1603,,,,,,,,,,,,,,,,,,,,,,,,
2016-08-06,-1.5147,29.2485,S,0.0803,0.0783,0.0728,0.0682,0.0613,0.0537,0.0489,0.0397,0.0309,0.0238,0.0136,0.0089,0.0018,0.0013,-0.01,-0.0231,-0.0369,-0.0417,,,,,,,,,,,,
2016-08-06,-1.5147,29.2485,SE,,-0.0094,-0.0073,0.0076,0.0174,0.0233,0.025,0.0198,0.0108,0.0093,0.0081,0.0069,0.0067,-0.0035,-0.0131,-0.0181,-0.0319,-0.0276,-0.0235,-0.0145,-0.01,-0.0017,0.0032,-0.0023,0.0003,0.0008,-0.0036,0.0022,0.0032,0.0034
2016-08-06,-1.5147,29.2485,SO,,0.1045,0.0801,0.0639,0.0502,0.0246,0.018,0.0209,-0.0032,-0.0002,-0.005,-0.0302,,,,,,,,,,,,,,,,,,
2016-08-30,-1.522,29.2469,E,,0.5363,0.4346,0.3283,0.2458,0.2333,0.2434,0.2722,0.3144,0.2141,0.1296,0.1071,0.0416,0.0315,,-0.0391,-0.0361,-0.0134,0.0067,-0.0076,0.012,0.0143,0.0064,0.0092,0.002,-0.0036,-0.0047,-0.0182,-0.0317,-0.0449
2016-08-30,-1.522,29.2469,N,,,,,,,,,,,,,,,0.5989,,,0.44,0.4645,0.2886,0.066,0.0231,-0.0619,-0.0635,-0.0858,-0.1149,-0.0883,-0.0547,-0.0272,-0.0085
2016-08-30,-1.522,29.2469,NE,,0.4435,0.3878,0.2577,0.3557,0.2035,0.3298,0.2307,0.3482,0.3474,0.4025,0.3759,0.3859,0.3607,0.3879,0.3641,0.2363,-0.0654,-0.2884,-0.3077,-0.3243,-0.2482,-0.2078,-0.1727,-0.2038,-0.2112,-0.0688,0.0217,0.1115,0.1489
2016-08-30,-1.522,29.2469,NO,,,,,,0.4916,0.4501,0.3455,0.3499,0.3636,0.333,0.2139,0.1384,0.078,0.0602,0.034,-0.0104,-0.0626,-0.0668,-0.0732,-0.0817,-0.0857,-0.0954,-0.1194,-0.068,-0.06,0.0086,0.0392,0.0238,0.0287
2016-08-30,-1.522,29.2469,O,,0.661,0.6186,0.5803,0.4821,0.5411,0.3919,0.2261,0.2107,0.2255,0.1861,0.1616,0.1635,0.184,0.1784,0.1715,0.1306,0.1459,,-0.0322,-0.0579,-0.0426,-0.048,-0.0631,-0.0856,-0.1257,-0.158,-0.158,-0.1851,-0.2072
2016-08-30,-1.522,29.2469,S,0.9253,0.7747,0.5673,0.4139,0.338,0.2628,0.2277,0.1965,0.1618,0.1325,0.0724,0.0399,-0.0002,-0.0262,-0.0453,-0.0472,-0.0439,-0.0481,-0.047,-0.0438,0.0565,0.0538,0.0377,-0.0008,-0.005,-0.0037,-0.0012,-0.0067,-0.0108,-0.0063
2016-08-30,-1.522,29.2469,SE,,0.6447,0.4768,0.4294,0.3188,0.3087,0.2271,0.193,0.1586,0.1224,0.099,0.0991,0.0774,0.0059,-0.0235,-0.043,-0.0455,-0.0502,-0.0424,-0.039,-0.0428,-0.0316,-0.0265,-0.0202,-0.0256,-0.0158,-0.0119,-0.0014,0.007,0.0172
2016-08-30,-1.522,29.2469,SO,0.9586,0.7684,0.7095,0.5296,0.4286,0.3586,0.2934,0.2609,0.2283,0.1922,0.1615,0.0817,0.0219,-0.0474,-0.0704,-0.0832,-0.0742,-0.07,-0.0615,-0.053,-0.0466,-0.0415,-0.0396,-0.0321,-0.0254,-0.0194,-0.016,-0.0088,-0.003,0.0027
2017-01-21,-1.5212,29.2501,E,,0.4535,0.3256,0.2749,0.2513,0.2392,0.2273,0.1911,0.1921,0.156,0.0944,0.0091,-0.0192,0.015,0.0449,0.0763,0.089,0.135,0.2073,0.2626,0.2654,0.0821,0.0273,-0.0029,-0.0242,-0.0553,-0.089,-0.1217,-0.1503,-0.1603
2017-01-21,-1.5212,29.2501,N,0.8,0.6722,0.5645,0.419,0.3812,0.325,0.2813,0.1586,0.1611,0.1335,0.1244,0.1036,0.063,0.0189,-0.0012,-0.0008,-0.0599,-0.0414,-0.0162,-0.0064,0.0045,0.0023,0.0011,-0.0188,-0.0378,-0.0534,-0.0661,-0.0798,-0.0893,-0.0984
2017-01-21,-1.5212,29.2501,NE,,0.5203,0.436,0.3956,0.3742,0.3628,0.2549,0.1792,0.105,0.0766,0.0608,0.0453,0.0305,0.0273,0.0422,0.0454,0.0358,0.0411,0.0548,0.0387,0.0009,-0.0074,-0.0155,-0.0256,-0.0313,-0.0577,-0.0707,-0.0725,-0.075,-0.077
2017-01-21,-1.5212,29.2501,NO,,0.7049,0.7393,0.5256,0.4341,0.4399,0.2849,0.2497,0.1138,0.0757,0.0416,0.0349,0.0202,0.0027,-0.0434,-0.0985,-0.1372,-0.1288,-0.1099,-0.0973,-0.0651,-0.01,0.0227,0.0638,0.0847,0.089,0.047,-0.0277,-0.0301,-0.0497
2017-01-21,-1.5212,29.2501,O,,,,,0.6343,0.5651,0.4941,0.3874,0.24,0.1656,0.1243,0.1978,-0.0755,-0.047,-0.0552,-0.0491,-0.0612,-0.113,-0.1534,-0.1703,-0.1505,-0.1192,-0.1154,-0.0663,0.0186,0.0712,0.1018,0.0946,0.037,0.0274
2017-01-21,-1.5212,29.2501,S,0.5446,,,,,0.4375,0.3821,0.3129,0.2153,0.0903,0.2446,0.1663,0.1029,0.0453,-0.0335,-0.0768,-0.043,-0.0305,-0.0007,0.0413,0.0527,0.0383,0.0296,-0.009,0.002,0.0205,-0.0585,-0.1305,-0.1686,-0.2072
2017-01-21,-1.5212,29.2501,SE,,0.5051,0.5224,0.4187,0.4465,0.3062,0.2693,0.216,0.2312,0.2083,0.1685,0.0982,0.0385,-0.0464,-0.0329,-0.0216,0.0258,0.0821,0.1365,0.1892,0.1874,0.1479,0.0644,-0.0185,-0.0723,-0.1073,-0.1254,-0.1528,-0.1666,-0.1831
2017-01-21,-1.5212,29.2501,SO,,,,,,,,,0.568,0.5023,0.4261,0.2682,0.1285,0.0321,-0.021,-0.0603,-0.0662,-0.0889,-0.1108,-0.1142,-0.0604,-0.0229,0.0045,0.0357,0.0435,0.0413,0.0204,-0.0204,-0.0604,-0.0873
2017-03-26,-1.5226,29.2501,E,,,0.6753,,,,0.2519,0.2704,0.2477,0.2289,0.2162,0.2091,0.1725,0.1531,0.0909,-0.0017,-0.0904,-0.1813,-0.1471,-0.1356,-0.1085,-0.0974,-0.0583,-0.0084,0.0369,0.0542,0.0471,0.0327,0.016,-0.0252
2017-03-26,-1.5226,29.2501,N,0.7299,0.5644,0.3656,0.2922,0.2578,0.2035,0.1254,0.0959,0.0709,0.0658,0.0691,0.0514,0.0222,-0.0072,-0.0556,-0.0456,-0.0405,-0.0276,-0.0104,0.0156,0.023,0.051,0.0671,0.0285,-0.0016,-0.0251,-0.0279,-0.0468,-0.0868,-0.0923
2017-03-26,-1.5226,29.2501,NE,,0.7878,0.6067,0.4705,0.3526,0.2894,0.3277,0.3204,0.2708,0.1252,0.0523,0.0025,-0.0045,-0.0421,-0.0954,-0.09,-0.0954,-0.0686,-0.0146,-0.0094,-0.0094,0.0231,0.0308,0.0295,0.0225,-0.0019,-0.0267,-0.0375,-0.053,-0.0659
2017-03-26,-1.5226,29.2501,NO,0.4134,0.3804,0.2788,0.2397,0.2044,0.1121,0.0531,0.0173,0.0329,0.0696,0.0774,0.0358,-0.0168,-0.0647,-0.0817,-0.0826,-0.0448,-0.0367,0.0168,0.0408,0.0529,0.0502,-0.035,-0.0037,-0.0278,-0.0502,,,,
2017-03-26,-1.5226,29.2501,O,,0.274,0.1536,0.0919,0.1031,0.1728,0.0905,0.0502,0.0373,0.0432,0.0678,0.0735,0.0023,-0.0532,-0.0511,-0.0142,0.04,0.035,0.0339,0.0249,0.0008,-0.0315,-0.0554,-0.0832,-0.0912,-0.0981,-0.0912,,-0.1211,-0.1237
2017-03-26,-1.5226,29.2501,S,0.0285,,-0.4958,-0.2456,0.165,0.7566,0.3512,0.132,-0.0142,0.0358,,,,,,,,,,,,,,,,,,,,
2017-03-26,-1.5226,29.2501,SE,,,,,,,,0.5047,0.4184,0.2288,0.1402,0.045,0.2029,0.1457,0.1868,0.0418,-0.0086,-0.0862,-0.0956,-0.0894,-0.0088,0.0191,0.0472,0.0866,0.0913,0.0694,0.0173,-0.0117,-0.0517,-0.0984
2017-03-26,-1.5226,29.2501,SO,0.5926,0.5785,0.4068,0.2241,,,,,,,0.0696,0.0591,0.0433,,,,,,,,,,,,,,,,,
2017-06-06,-1.5212,29.2474,E,,0.7098,0.6523,0.4481,0.2527,0.2216,0.1719,0.1363,0.103,0.0456,0.0207,-0.0006,-0.0131,-0.019,-0.0201,-0.0196,-0.0022,-0.0098,-0.0097,-0.009,-0.0071,-0.0039,-0.0058,0.0164,0.0148,0.0168,0.016,0.0099,-0.0042,-0.0127
2017-06-06,-1.5212,29.2474,NE,,0.9308,,0.6847,0.4158,0.2938,,0.2576,0.1793,0.1731,0.1096,0.1019,0.0856,0.0335,-0.0213,-0.051,-0.0646,-0.058,-0.0539,-0.0482,-0.0489,-0.0428,-0.0343,-0.0254,-0.014,0.0131,0.0415,0.032,0.0183,-0.0095
2017-06-06,-1.5212,29.2474,S,0.8808,0.5676,0.3121,0.1742,0.083,0.0292,0.0154,-0.0082,-0.0097,0.0193,-0.0041,0.0084,-0.0054,,,,,,,,,,,,,,,,,
2017-06-06,-1.5212,29.2474,SE,,0.4072,0.317,0.263,0.198,0.1627,0.1338,0.1141,0.1031,0.0896,0.0712,0.0625,0.0407,0.0162,0.0027,-0.0079,-0.0261,-0.0362,-0.0482,-0.0393,-0.0412,-0.0387,-0.032,-0.0237,-0.0126,-0.0111,-0.0016,0.0008,0.0084,0.0059
2017-06-06,-1.5212,29.2474,SO,,0.8599,0.9944,0.4713,0.3053,0.1783,0.0878,,,,,,,,,,,,,,,,,,,,,,,
2017-07-16,-1.5215,29.2504,E,,0.8213,0.4719,,,,,,,,,,,,,,,-0.1386,,-0.1249,-0.0717,-0.0355,-0.0166,-0.0005,0.0137,0.0181,0.0185,0.0164,-0.002,-0.0751
2017-07-16,-1.5215,29.2504,N,,,,,,,,,,,,,,,-0.0198,-0.0122,-0.011,0.0007,-0.007,-0.0103,-0.0118,0.0014,-0.0058,-0.0046,-0.0014,0.0013,0.0085,,,
2017-07-16,-1.5215,29.2504,NE,,,,,,,,,,,,,,,-0.0448,-0.0528,-0.0507,-0.041,-0.0139,0.0007,0.0102,0.0,-0.0057,-0.0044,-0.0115,-0.0097,-0.0112,-0.011,-0.0108,-0.0064
2017-07-16,-1.5215,29.2504,NO,,,,0.3248,0.2173,0.1735,0.1406,0.0582,-0.011,-0.0617,-0.0691,,,,,,,,,,,,,,,,,,,
2017-07-16,-1.5215,29.2504,O,,0.5761,0.5679,0.5055,0.4114,0.3004,0.2576,0.1614,0.0848,0.0435,0.0006,-0.0157,-0.0431,-0.0129,-0.0103,-0.0343,-0.0624,-0.0882,-0.0958,-0.0437,0.0141,1e-04,0.0196,0.0125,,,,,,
2017-07-16,-1.5215,29.2504,S,0.6568,,,,,0.6826,0.6693,0.6377,0.609,0.312,0.5519,0.3437,0.0643,-0.0529,-0.1926,-0.2811,-0.2572,-0.1807,0.1976,0.1565,0.2693,,,,,,,,,
2017-07-16,-1.5215,29.2504,SE,,0.6196,0.4527,0.2899,0.4141,0.3809,0.3097,0.2463,0.209,0.174,0.1552,0.1446,0.1089,0.0208,-0.0384,-0.1095,-0.0906,-0.0696,0.0038,-0.0445,-0.0057,0.0231,,0.1108,0.0626,0.0138,0.0087,0.0007,-0.0605,
2017-07-16,-1.5215,29.2504,SO,,,,,,,0.7672,0.7586,0.2965,0.1607,0.0748,0.0276,-0.06,-0.1137,-0.1583,-0.1096,-0.0967,-0.1088,-0.1159,-0.0165,0.1071,,,,,,,,,
2017-10-04,-1.5207,29.249,E,,0.5045,0.4007,0.283,0.2084,0.1662,0.1493,0.1338,0.1168,0.0693,0.0345,0.0263,0.0274,0.039,0.0581,0.0549,0.0436,0.0448,0.0274,0.0091,-0.0115,-0.0123,-0.0122,-0.018,-0.0253,-0.0253,-0.0329,-0.041,-0.0462,-0.056
2017-10-04,-1.5207,29.249,N,0.8301,0.7636,0.4329,0.3492,0.3134,0.3447,0.3321,0.3147,0.2346,0.1135,0.0287,-0.0107,-0.0255,-0.033,-0.0393,-0.0365,-0.0499,-0.0033,0.0005,0.0118,-0.007,0.0213,0.0181,0.0079,-0.0078,-0.0169,-0.0259,-0.0367,-0.0489,-0.0625
2017-10-04,-1.5207,29.249,NE,,0.4948,0.4181,0.3462,0.3064,0.2515,0.1762,0.1447,0.1127,0.0513,0.0249,0.0139,0.0065,0.0077,0.0086,0.0089,0.0064,0.0198,0.0217,0.0275,0.0438,0.0281,0.0208,0.0068,-0.0248,-0.0332,-0.0421,-0.05,-0.0534,-0.0547
2017-10-04,-1.5207,29.249,NO,0.6588,0.5908,,,,,0.3488,0.3049,0.3829,0.3273,0.2633,0.078,-0.0687,-0.1201,-0.1319,-0.1107,-0.1037,-0.0562,-0.0043,-0.0171,-0.0333,-0.0518,-0.0649,-0.041,-0.0256,0.0065,0.0137,0.0257,0.0627,0.0481
2017-10-04,-1.5207,29.249,O,,,,,,,,,,,,,0.0919,0.0973,0.065,0.034,0.02,-0.0032,-0.0063,-0.023,-0.0459,-0.0379,-0.0131,-0.007,0.0013,-0.0013,0.0026,-0.0155,-0.027,-0.052
2017-10-04,-1.5207,29.249,S,0.7379,0.2455,0.4023,0.1849,0.1452,0.0755,0.0047,-0.0008,0.0452,0.003,-0.0105,-0.0302,0.0021,0.0218,0.0398,0.0542,0.046,0.0165,-0.0077,-0.0324,-0.0328,-0.0358,-0.0202,0.0156,-0.0197,-0.0399,-0.0666,,,
2017-10-04,-1.5207,29.249,SE,,0.3669,0.2568,0.1722,0.1359,0.1327,0.1245,0.1014,0.079,0.0258,-0.025,-0.0228,-0.0056,-0.0013,0.0157,0.0214,0.0255,0.0063,,-0.0404,-0.0496,-0.0561,-0.0646,-0.0726,-0.0817,-0.0869,,,,
2017-10-04,-1.5207,29.249,SO,0.6619,0.6478,,,,,,,0.1082,0.0844,0.0106,-0.0018,-0.0054,0.0107,0.0129,0.0296,0.056,0.0756,0.0775,0.0606,0.0577,0.0501,0.038,0.0248,-0.004,-0.0316,-0.0496,-0.0733,-0.0682,-0.0793
2018-06-17,-1.5212,29.2501,E,,0.6349,0.4697,0.3787,0.3508,0.3441,0.3164,0.2794,0.2229,0.141,0.0165,-0.0883,-0.0884,-0.0646,-0.041,-0.0304,-0.0157,,-0.1108,-0.1026,0.0396,0.1383,0.1321,0.0633,-0.0157,-0.0432,-0.0552,-0.0792,-0.0994,-0.1037
2018-06-17,-1.5212,29.2501,N,0.8456,0.7344,0.7208,0.5647,0.5717,0.5387,0.4612,0.3279,0.2731,0.1469,0.0646,-0.027,-0.0885,-0.073,-0.0531,-0.0428,-0.0518,-0.0365,-0.0057,0.0049,0.0115,0.0069,0.0122,-0.0032,-0.018,-0.0391,-0.0569,-0.0673,-0.0762,-0.0836
2018-06-17,-1.5212,29.2501,NE,,0.6206,0.5224,0.4727,0.4651,0.4631,0.3685,0.1881,0.0992,0.0522,-0.0013,-0.0403,-0.0517,-0.0572,-0.0672,-0.1046,-0.0823,-0.0289,0.0132,0.0238,0.0326,0.0237,0.0096,0.0074,0.0004,-0.0044,-0.0053,-0.008,-0.0164,-0.0273
2018-06-17,-1.5212,29.2501,NO,,0.5371,,0.522,0.4013,0.4236,0.4026,0.3286,0.1747,0.0639,0.017,-0.018,-0.0143,0.0075,0.0106,-0.0114,-0.0453,-0.0619,-0.0335,0.0044,0.0668,0.1009,0.1154,0.0554,0.0015,-0.0462,-0.0928,-0.1118,-0.1499,-0.183
2018-06-17,-1.5212,29.2501,O,,,,,,,0.3696,0.2876,0.328,0.2414,0.1755,0.0829,-0.0404,-0.1219,-0.0967,,-0.1332,-0.157,-0.1661,-0.1216,-0.0355,0.0461,0.0538,0.0778,0.0569,0.0225,-0.0359,-0.0971,-0.1495,-0.2039
2018-06-17,-1.5212,29.2501,S,0.2137,,,,,,,,,0.0336,0.0413,0.1198,0.0699,-0.0205,-0.0866,-0.1659,-0.1496,-0.07,-0.0812,0.0196,0.1185,,,0.1377,,,,,,
2018-06-17,-1.5212,29.2501,SE,,,0.1871,-0.0086,-0.1412,-0.1051,0.0663,0.0904,0.1092,-0.019,-0.0109,,,,,,,,,,,,,,,,,,,
2018-06-17,-1.5212,29.2501,SO,,,,,,,,,,,0.3051,0.2954,0.1804,0.0795,0.0108,-0.0608,-0.084,-0.0541,-0.0648,-0.0418,0.0127,0.0827,0.0992,0.1077,0.0596,-0.0518,-0.1113,-0.1559,-0.1654,-0.2032
2018-07-03,-1.5196,29.2472,E,,,0.4406,0.2323,0.1342,0.0956,0.1148,0.0839,,,-0.0519,-0.0604,-0.063,-0.0452,-0.0202,-0.0135,0.0019,0.0226,0.0257,0.0205,0.043,0.0514,0.0415,0.028,0.0147,0.0085,-0.004,-0.0211,-0.049,-0.0595
2018-07-03,-1.5196,29.2472,N,,,0.6989,0.6885,0.6935,0.6109,0.4779,0.4512,0.2966,0.2189,0.1954,0.2971,0.2467,0.2014,0.2081,0.1251,0.0221,-0.09,0.002,-0.1303,-0.1432,-0.214,-0.1432,-0.1213,-0.1099,0.0147,0.0187,0.0187,0.0079,-0.0017
2018-07-03,-1.5196,29.2472,NE,,0.8321,0.7038,0.4707,0.3337,0.2129,0.2556,0.1889,0.1911,0.1475,0.1519,0.0194,-0.002,-0.0042,-0.0455,-0.0786,-0.0853,-0.0807,-0.0846,-0.0381,0.0651,0.0881,0.0792,0.0734,0.0561,0.018,-0.0237,-0.0649,-0.0945,-0.1034
2018-07-03,-1.5196,29.2472,NO,,,,,,,,,,,,,,,,0.4776,0.4461,0.3699,0.2308,0.1252,0.0894,-0.037,-0.1236,-0.1744,-0.1761,-0.1267,-0.0775,-0.0571,0.0584,0.0984
2018-07-03,-1.5196,29.2472,O,,,,,,,,,0.4042,0.2676,0.2202,0.1121,0.0582,0.0732,0.0727,0.1446,0.0423,-0.007,0.0262,-0.0345,-0.048,-0.0454,-0.1298,-0.1757,-0.2275,-0.0111,0.022,-0.001,-0.0323,-0.0151
2018-07-03,-1.5196,29.2472,S,0.9607,0.7578,0.7231,0.4107,0.298,0.292,0.2474,0.2078,0.1639,0.1038,0.0644,0.0061,-0.0056,-0.0151,-0.0406,-0.0615,-0.0131,-0.0167,-0.0083,-0.0054,-0.0069,-0.0101,-0.0042,0.002,-0.0033,0.0003,0.0101,0.0248,0.0011,0.0488
2018-07-03,-1.5196,29.2472,SE,,0.6022,0.3525,0.1728,0.1818,0.1337,0.1198,0.1068,0.0937,0.0564,0.0159,-0.0102,-0.0391,-0.0247,-0.0266,-0.0232,-0.0168,-0.0208,-0.0136,-0.0086,-0.0066,-0.0056,-0.0048,0.0007,0.0084,0.0077,0.0134,0.0144,0.0086,0.0034
2018-07-03,-1.5196,29.2472,SO,,,,0.0991,0.0771,0.0804,0.0831,0.0493,0.0426,0.0402,0.0105,0.0106,-0.0024,-0.0014,-0.0019,-0.007,0.0089,0.0248,0.0701,0.0743,0.0615,0.077,,,,,,,,
2018-07-11,-1.5188,29.2507,E,,,0.6105,0.3531,0.1748,0.0513,0.0105,-0.0171,-0.0443,-0.0689,-0.0823,-0.0674,-0.0394,0.0194,0.0601,0.0557,0.0643,0.0516,0.0161,0.0098,-0.0017,-0.0005,-0.002,-0.0088,-0.0193,-0.0144,-0.0126,-0.0093,-0.0007,0.0055
2018-07-11,-1.5188,29.2507,N,0.9867,0.9197,0.792,0.4481,0.2937,0.1608,0.0532,0.0459,0.0342,-1e-04,0.0034,0.0057,-0.0036,0.0085,0.0072,0.0035,0.0065,0.0062,-0.0003,-0.0071,-0.0121,-0.0212,-0.0171,-0.0196,-0.0223,-0.0223,-0.0164,-0.0129,-0.0069,0.001
2018-07-11,-1.5188,29.2507,NE,,0.8547,0.5275,0.325,0.1153,0.0239,-0.0056,-0.0196,-0.064,-0.0698,-0.0322,0.0172,0.0312,0.0384,0.0301,0.0297,-0.0098,-0.025,-0.0201,-0.0206,-0.0201,-0.0171,-0.0162,-0.0159,-0.0158,-0.0113,-0.0052,0.0046,0.0125,0.0192
2018-07-11,-1.5188,29.2507,NO,,0.3266,0.3986,0.513,0.6147,0.5005,0.3759,-0.0388,-0.0391,-0.0348,-0.3185,-0.2447,,,,,,,,,,,,,,,,,,
2018-07-11,-1.5188,29.2507,O,,0.1666,0.1524,0.0956,0.0814,0.1098,0.124,0.1382,0.1382,0.1666,0.1524,0.1382,0.124,0.1382,0.1382,0.1382,0.1382,0.1949,0.1949,0.1666,0.1382,0.0437,-0.0719,-0.2557,-0.3036,-0.3744,-0.3994,-0.2678,0.0517,1.4797
2018-07-11,-1.5188,29.2507,S,0.2566,0.2481,0.245,0.1591,0.1541,0.1518,0.161,0.2031,0.2481,0.1556,0.2607,0.1809,0.0307,0.0997,0.2831,0.2547,0.3079,0.4796,-0.0393,0.3583,0.0812,,,,,,,,,
2018-07-11,-1.5188,29.2507,SE,,0.7365,0.5789,0.2315,0.3258,0.0515,0.017,-0.0293,-0.0271,-0.002,0.0115,0.0196,0.0219,,,,,,,,,,,,,,,,,
2018-07-11,-1.5188,29.2507,SO,,0.0741,0.0716,0.0679,0.0815,0.0815,0.0815,0.0913,0.1208,0.111,0.1011,0.0888,0.0815,0.0815,0.0864,0.0839,0.0962,0.0864,0.0888,0.0888,0.0913,0.0815,0.0838,0.0049,-0.0286,-0.1107,-0.0611,0.0468,0.0938,0.2002
2018-08-12,-1.5188,29.2496,E,,,0.881,0.5787,,,,,,,,,,,,,,,,,,,,,,,,,,
2018-08-12,-1.5188,29.2496,N,0.9442,0.9441,0.9441,0.9442,0.7368,0.5129,0.3501,0.2135,0.1245,0.0389,0.0027,-0.0148,-0.0433,-0.0288,-0.0309,-0.0137,0.0032,0.0213,0.0338,0.0416,0.025,0.0121,0.001,-0.014,-0.0277,-0.0421,-0.052,-0.0528,-0.0542,-0.0547
2018-08-12,-1.5188,29.2496,NE,,1.0068,0.9333,0.5051,0.423,0.2532,0.1852,0.0995,0.0423,0.0139,-0.0157,-0.0357,-0.0584,-0.0366,0.0037,0.0326,0.0411,0.0396,0.0275,-0.0067,-0.0151,-0.0154,-0.015,-0.023,-0.0182,-0.0131,-0.0082,1e-04,0.011,0.0199
2018-08-12,-1.5188,29.2496,NO,,0.5178,0.5162,0.5146,0.5066,0.4727,0.4947,0.3868,0.4535,0.5194,0.5258,0.481,0.2341,0.2806,0.0942,-0.0346,-0.1913,-0.1683,-0.2147,-0.2034,-0.1716,-0.1442,-0.118,-0.1051,-0.0719,-0.0415,0.0005,0.0608,0.0916,0.1057
2018-08-12,-1.5188,29.2496,O,,0.3686,0.3686,0.3657,0.3686,0.3913,0.4254,0.3743,0.3686,0.3572,0.3601,0.3572,0.3572,0.3572,0.3572,0.3572,0.3572,0.3629,0.1992,0.0761,-0.0807,-0.1834,-0.2234,-0.3226,-0.3088,-0.3287,-0.3223,-0.2668,-0.0375,0.1731
2018-08-12,-1.5188,29.2496,S,0.7463,0.7445,0.7428,0.7281,0.6299,0.6016,0.4465,0.2989,0.2485,0.0855,0.0093,-0.04,-0.0045,0.0295,0.0681,0.0559,0.0231,0.0598,0.0755,,,,,,,,,,,
2018-08-12,-1.5188,29.2496,SE,,1.0,0.8606,0.6283,0.5936,,,,,,,,,,,,,,,,,,,,,,,,,
2018-08-12,-1.5188,29.2496,SO,,0.399,0.3962,0.3933,0.3933,0.3933,0.4018,0.4018,0.4032,0.4018,0.399,0.0868,0.3195,0.1984,0.123,0.165,-0.214,-0.1802,-0.1926,-0.19,-0.1673,-0.1394,-0.1013,-0.0485,0.0168,0.0337,0.0689,0.1328,0.1382,0.1378
2019-02-04,-1.5179,29.2536,E,,,,,,,,,,,,,0.0014,1e-04,0.0006,0.0007,-0.0012,0.001,0.0012,0.0005,0.0002,-0.0003,-0.0004,-0.0005,-0.0004,-0.0004,-0.0003,-0.0002,-1e-04,-1e-04
2019-02-04,-1.5179,29.2536,N,0.0543,0.0289,0.0231,0.0199,0.0156,0.0098,0.0052,-0.0003,0.0025,0.004,-0.0021,-0.0058,-0.005,-0.0044,-0.0042,-0.0029,-0.0021,0.0008,0.0035,0.0077,0.0075,0.0066,0.002,0.001,-0.0014,-0.0034,-0.0042,-0.0035,-0.0022,-0.0012
2019-02-04,-1.5179,29.2536,NE,,,,,,,,,,0.002,0.0051,0.0059,0.0082,0.0067,0.0063,0.0,-0.0021,0.0038,-0.0047,-0.0043,-0.0033,-0.003,-0.0037,-0.0042,-0.0029,-0.0005,0.0013,0.0026,0.0038,0.0044
2019-02-04,-1.5179,29.2536,NO,,0.0298,,,0.0232,0.0473,0.0331,0.0191,0.0176,0.0125,0.0099,0.0082,0.0047,1e-04,-0.0038,-0.0075,-0.0134,-0.0176,-0.0218,-0.019,-0.0177,-0.0122,-0.0056,-0.0014,-0.0004,0.0007,0.0214,0.021,0.0196,0.0275
2019-02-04,-1.5179,29.2536,O,,,,,,,,,,,,,,,,,,,,,,,,,,,,,0.0148,0.0144
2019-02-04,-1.5179,29.2536,S,0.0809,,,,,,,,,,,,,,,,,,,,,,,,,,,,,
2019-02-04,-1.5179,29.2536,SE,,,,,,,,,,,,,,,,,,,,,,,,,,,-0.0101,-0.0029,0.0005,0.0066
2019-06-12,-1.5204,29.249,E,,,0.333,0.2578,0.2702,0.2646,0.2156,0.1705,0.1142,0.0385,-0.0284,-0.077,-0.033,0.0043,0.0525,-0.015,0.0313,,,,,,,,,,,,,
2019-06-12,-1.5204,29.249,N,0.754,0.7503,0.7416,0.6894,0.5922,0.4375,0.4039,0.4136,0.376,0.3024,0.2066,0.0815,-0.0421,-0.1097,-0.1828,-0.2357,-0.2428,-0.0279,0.07,0.079,0.0728,0.0789,0.0473,0.0225,-0.0038,-0.0381,-0.0651,-0.0856,-0.1154,-0.1478
2019-06-12,-1.5204,29.249,NE,,0.6514,0.5005,0.3887,0.4173,0.4509,0.5055,0.4204,0.3285,0.2271,0.1116,0.0125,-0.0303,-0.0669,-0.0811,-0.0876,-0.0823,-0.007,0.0389,0.0754,0.083,0.0702,0.0425,0.0309,-0.0133,-0.0392,-0.0601,-0.08,-0.1027,-0.1192
2019-06-12,-1.5204,29.249,NO,0.3169,0.2702,0.2079,0.1066,0.0676,0.0832,0.0832,0.0832,0.091,0.0676,0.0532,0.0754,,,,,,,,,,,,,,,,,,
2019-06-12,-1.5204,29.249,O,,0.3,0.2527,0.2055,0.1936,0.1936,0.1936,0.1995,0.2055,0.2055,0.2173,0.1936,0.0142,-0.2766,-0.5357,-0.591,,,,,,,,,,,,,,
2019-06-12,-1.5204,29.249,S,0.793,0.7912,0.7478,0.4526,0.393,0.2219,0.1554,0.086,0.0282,0.0103,-0.0248,-0.009,0.0326,0.0273,0.0295,0.0333,0.0264,-0.0087,-0.0168,-0.0476,,,,,,,,,,
2019-06-12,-1.5204,29.249,SE,,0.5792,0.4055,0.2796,0.2496,0.23,0.1768,0.1232,0.0741,0.0188,0.0003,-0.0174,0.0138,0.0273,0.0518,0.0508,0.0524,0.0397,0.0146,-0.0175,-0.0554,-0.0811,-0.0924,,,,,,,
2019-06-12,-1.5204,29.249,SO,2.053,1.6282,1.345,0.7078,0.3538,0.2122,0.3538,0.4042,0.3538,0.1692,0.0722,0.0893,-0.362,,,,,,,,,,,,,,,,,
2019-06-20,-1.5242,29.2501,N,,0.374,,,,,,,,,,,,,,,,,,,,,,,,,,,,0.0002
2019-06-20,-1.5242,29.2501,NE,0.3426,,0.3824,0.274,,,,,,,,,,,,,,,,,,,,0.0051,0.0034,0.0035,-0.0008,-0.0007,0.0021,0.0007
2019-06-20,-1.5242,29.2501,NO,0.253,0.3231,0.2241,,,,,,,,,,,,,,,,,,,,,,,,,,,
2019-06-20,-1.5242,29.2501,O,,0.1577,0.0494,,,,,,,,,,,,,,,,,,,,,,,,,,,
2019-06-20,-1.5242,29.2501,S,,,,,0.2208,,,,,,,,,,,,,,,,,,,,,,,,,
2019-06-20,-1.5242,29.2501,SE,0.3952,,,,,,,,,,,,,,,,,,,,,,,,,,,,,
2019-06-20,-1.5242,29.2501,SO,0.253,0.3071,0.1762,0.1293,0.0732,,,0.0549,,,,,,,,,,,,,,,,,,,,,,
2019-07-14,-1.5161,29.2474,E,,,-0.0173,-0.0199,-0.0144,-0.0132,-0.0119,-0.0101,0.0042,0.0092,0.0156,0.0185,0.0196,0.0211,0.0068,0.0047,0.0072,0.0089,-0.0029,-0.0028,-0.0096,-0.0071,-0.0066,-0.0057,-0.0047,-0.0015,-0.0051,-1e-04,0.0026,-0.0006
2019-07-14,-1.5161,29.2474,N,0.0506,,,,,,,,-0.0117,-0.0152,-0.0034,0.0186,,,,,,,,,,,,,,,0.0036,0.0002,-0.0046,-0.0073
2019-07-14,-1.5161,29.2474,NE,,-0.0274,,,-0.0125,-0.0113,-0.0118,-0.0104,-0.0035,-0.0069,0.0223,0.0209,0.0264,0.0309,0.0325,0.03,0.0208,0.0004,-0.0052,-0.0157,-0.0144,-0.0125,-0.0125,-0.0115,-0.0133,-0.0122,-0.0038,-0.0045,-0.0047,-0.002
2019-07-14,-1.5161,29.2474,S,0.0971,0.0936,,0.0855,0.0813,,,,,,,,,,,,,,,,,,,,,,,,,
2019-07-14,-1.5161,29.2474,SE,,0.006,0.0055,0.0033,0.0034,0.0023,0.0012,-0.0003,-0.0022,-0.0087,-0.0033,-0.0015,-0.0003,-0.0013,-0.0003,-0.0021,1e-04,0.0018,0.0096,0.0226,0.0067,0.0033,-0.0094,-0.0074,-0.003,-0.0044,-0.0068,-0.0072,-0.0086,-0.0069
2019-07-22,-1.5215,29.2501,E,,0.6877,0.3122,0.2674,0.2641,0.2364,0.2158,0.1883,0.2005,0.1844,0.1712,0.1382,0.0536,-0.0261,-0.098,-0.137,-0.1361,-0.0566,-0.0104,-0.0665,-0.0685,-0.0035,0.0409,0.0517,0.0267,0.0083,-0.0037,-0.0092,-0.0713,-0.081
2019-07-22,-1.5215,29.2501,N,0.9224,,,,,,,,,,,,0.0869,-0.0143,-0.0249,-0.0247,-0.0248,-0.0245,-0.004,-0.003,-0.0052,-0.0046,-0.0087,-0.0088,-0.0101,-0.0146,-0.0211,-0.0247,-0.0231,-0.0206
2019-07-22,-1.5215,29.2501,NE,,0.7807,,,,,,,,,,,,,-0.0252,-0.0493,-0.0503,-0.0348,-0.0269,0.0077,0.0104,-0.0003,-0.0036,-0.0024,-0.0036,-0.0057,-0.0056,-0.0029,0.001,0.0018
2019-07-22,-1.5215,29.2501,NO,,,,0.6704,,,,,0.1724,0.1287,0.0951,0.0867,0.0565,0.0612,0.0406,0.009,-0.0015,-0.0066,0.0011,0.006,0.0247,0.0378,0.0373,0.0132,-0.0045,-0.0209,-0.0176,-0.0423,-0.0612,-0.0801
2019-07-22,-1.5215,29.2501,O,,,,0.6099,0.4637,,0.2043,0.1857,0.1383,0.1207,0.0804,0.0399,-0.0443,-0.0774,-0.0924,-0.1091,-0.1372,-0.1273,-0.081,-0.0267,0.0389,0.0598,0.0672,0.0522,0.0282,-0.0261,-0.064,-0.0975,-0.1194,-0.1448
2019-07-22,-1.5215,29.2501,S,0.5873,,,,,0.5545,0.5193,0.4331,0.4296,0.3356,0.222,-0.0078,-0.0355,-0.0588,-0.1126,-0.1335,-0.0902,0.0065,-0.0069,0.0535,0.205,,,,,,,,,
2019-07-22,-1.5215,29.2501,SE,,,0.577,0.5411,0.5414,0.4291,0.3665,0.2815,0.2352,0.1252,0.0745,0.0246,-0.0006,-0.0577,-0.0971,-0.1027,-0.0932,-0.0989,-0.0773,-0.0399,-0.0086,0.0223,0.0374,0.048,0.0235,-0.0079,-0.0269,-0.0395,-0.0571,-0.0688
2019-07-22,-1.5215,29.2501,SO,,,,,,,,0.5895,0.4632,0.3845,0.3303,0.1915,0.1012,0.029,-0.021,-0.0711,-0.0671,-0.0958,-0.0625,-0.01,0.0405,0.0729,0.1042,0.0911,0.0246,-0.0315,-0.0549,-0.0949,-0.1203,-0.1459
2019-08-15,-1.5204,29.249,E,,,0.3556,0.263,0.2535,0.1901,0.1438,,,,,,,,,,,,,,,,0.0108,0.0047,0.0043,-0.0006,0.0059,0.0029,-0.0037,-0.0103
2019-08-15,-1.5204,29.249,N,0.7536,0.7488,0.6592,0.4153,0.4148,0.1286,0.053,0.0199,0.0296,-0.015,0.0171,,,,,,,,,,,,-0.0677,-0.0136,-0.0096,0.0096,0.0289,-0.0178,0.0179,-0.0198
2019-08-15,-1.5204,29.249,NE,,0.7241,0.5276,0.4112,0.3661,0.3463,0.3298,0.3078,,,,,,,,,,,,,,0.0029,0.0075,-0.006,-0.0095,-0.0087,-0.0119,-0.0121,-0.0097,-0.0058
2019-08-15,-1.5204,29.249,NO,0.6223,0.6158,0.6072,0.5932,0.5878,0.5899,0.5921,0.5899,0.4842,0.3497,0.184,0.1099,-0.018,-0.0297,-0.0766,-0.1212,-0.1361,-0.1516,-0.1519,-0.147,-0.1462,-0.1444,-0.1279,-0.1117,-0.0698,-0.0105,0.023,0.0559,0.0517,0.035
2019-08-15,-1.5204,29.249,O,,0.5192,0.5117,,,,,0.5023,0.5042,0.5042,0.506,0.5042,0.3962,0.1628,-0.0038,-0.1065,-0.1407,-0.1684,-0.1921,-0.2204,-0.2298,-0.2334,-0.1586,-0.088,-0.0435,-0.0312,-0.0057,0.0185,0.0184,-0.0102
2019-08-15,-1.5204,29.249,S,0.8709,0.8682,0.8659,0.8043,0.6667,0.3053,0.2283,0.2158,0.1984,0.1229,0.0933,0.0557,0.0655,0.0434,0.0388,0.0507,0.0481,0.0262,0.0175,0.0173,0.0105,0.0004,-0.0141,-0.0267,-0.0393,-0.0485,-0.0559,-0.0508,-0.0588,-0.0698
2019-08-15,-1.5204,29.249,SE,,0.6686,0.5121,0.2604,0.2697,0.2226,0.193,0.1401,0.1055,0.0766,0.0467,0.027,0.0208,0.0116,0.0112,0.0138,0.0161,0.0047,0.0094,-0.0019,-0.0036,-0.0153,-0.0125,-0.0008,-0.0071,-0.011,-0.0111,-0.0126,-0.0145,-0.0182
2019-08-15,-1.5204,29.249,SO,0.5798,0.5733,0.5689,0.5591,0.5537,0.5515,0.5537,0.5537,0.5537,0.4524,0.3274,0.0225,-0.0645,-0.157,-0.1494,-0.1257,-0.1144,-0.0703,-0.0169,0.0098,0.0481,0.0841,0.1085,0.1146,0.0728,0.0277,-0.028,-0.0847,-0.1304,-0.1533
2020-06-06,-1.5212,29.2501,E,,0.6647,0.4834,0.3835,0.3714,,,0.2704,0.2426,0.2092,0.1491,0.0741,0.0048,-0.0563,-0.0806,-0.0682,-0.104,-0.1687,-0.1751,-0.0901,0.0003,0.0792,0.0961,0.0982,0.0769,0.0328,-0.0009,-0.0208,-0.0596,-0.0687
2020-06-06,-1.5212,29.2501,N,0.8857,0.7328,0.6822,0.5639,0.5165,0.4635,0.427,0.3741,0.3112,0.1502,0.0545,-0.0345,-0.09,-0.0807,-0.06,-0.0472,-0.0444,-0.0294,0.0011,0.0217,0.0296,0.0327,0.011,-0.0121,-0.0246,-0.0423,-0.0526,-0.0609,-0.0771,-0.0887
2020-06-06,-1.5212,29.2501,NE,,0.7095,0.6088,0.5696,0.5387,0.5148,0.4439,0.3363,0.2481,0.06,-0.0197,-0.0369,-0.0387,-0.0457,-0.0618,-0.0813,-0.0714,-0.0369,0.0222,0.0412,0.0275,0.0009,-0.0122,-0.0124,-0.0156,-0.016,-0.0194,-0.0238,-0.0295,-0.0338
2020-06-06,-1.5212,29.2501,NO,,0.3764,0.4298,0.322,0.2716,0.2034,0.2228,0.1751,0.1467,0.0788,0.0482,-0.01,-0.0932,-0.09,-0.0939,-0.0937,-0.0966,-0.1378,-0.1659,-0.0067,0.2158,0.4256,0.4385,,,,,,,
2020-06-06,-1.5212,29.2501,O,,,,,,,,,,,,,0.2481,0.0713,0.1136,-0.0332,-0.0959,-0.2925,-0.1899,-0.1895,-0.0175,-0.0612,0.1265,0.2147,0.1499,0.1253,,,,
2020-06-06,-1.5212,29.2501,S,0.3596,,,,,,0.2995,0.2216,0.2072,0.04,0.198,0.2141,0.1481,0.1053,0.0136,-0.052,-0.0378,-0.0952,-0.0285,0.0217,0.0481,0.0591,0.0383,0.0149,0.0209,-0.0112,-0.0714,-0.1396,-0.19,-0.2366
2020-06-06,-1.5212,29.2501,SE,,0.6568,0.5672,0.3912,0.4924,0.4701,0.3936,0.3942,0.3111,0.2932,0.2618,0.2022,0.1562,0.0792,-0.0482,-0.0626,-0.0801,-0.053,-0.0387,-0.0074,0.0355,0.0811,0.084,0.0513,0.0188,-0.0215,-0.04,-0.0702,-0.0796,-0.1058
2020-06-06,-1.5212,29.2501,SO,,,,,,,,,,,0.3685,0.3171,0.1536,0.0431,-0.0129,-0.0436,-0.0912,-0.0665,-0.0762,-0.0452,0.0294,0.0668,0.1032,0.1,0.0094,-0.096,-0.1677,,,
2020-08-01,-1.5204,29.249,E,,,0.3648,0.1874,0.155,0.179,0.1415,0.1061,0.0703,0.0311,-0.0054,-0.0391,-0.0392,-0.0214,-0.0149,0.008,0.0116,0.0392,0.0476,,,,,,,,,,,
2020-08-01,-1.5204,29.249,N,0.7825,0.7579,0.7004,0.5084,0.3422,0.037,0.0092,,,,,,,,,,,,,,,,,,,,,,,
2020-08-01,-1.5204,29.249,NE,,0.7913,0.5047,0.284,0.2607,0.2657,0.2396,0.2149,0.1792,0.1237,0.0703,0.0295,0.0308,-0.0021,-0.0189,-0.0358,-0.0444,-0.0676,0.0306,0.0789,0.0791,0.0805,0.0526,0.0185,-0.0318,-0.0751,-0.0877,-0.0931,-0.0967,-0.0999
2020-08-01,-1.5204,29.249,NO,1.0,1.0,1.0,1.0,,,,,,,,,,,,,,,,,,,,,,,,,,
2020-08-01,-1.5204,29.249,O,,0.477,0.4659,,,,,,,0.4548,0.459,0.4576,0.4576,0.238,-0.0342,-0.1017,-0.1331,-0.1957,-0.2407,-0.2809,-0.3005,-0.1914,-0.0458,-0.0383,0.0343,0.1414,0.1077,0.0758,0.0217,0.0204
2020-08-01,-1.5204,29.249,S,0.8935,0.8396,0.765,0.5482,0.5052,0.1801,0.0508,0.0562,0.0203,-0.0316,0.0381,0.0637,0.1848,,,,,,,,,,,,,,,,,
2020-08-01,-1.5204,29.249,SE,,0.7642,0.4814,0.277,0.2441,0.1943,0.1489,0.1112,0.0652,0.022,-0.0097,-0.02,-0.0069,-0.002,0.0267,0.0579,,,,,,,,,,,,,,
2020-08-01,-1.5204,29.249,SO,0.5388,0.5318,0.527,0.5152,0.5105,0.5093,0.5117,0.5117,0.5105,0.4716,0.4215,0.0399,-0.0548,-0.1716,-0.1819,-0.1601,-0.1538,-0.0848,-0.0291,0.0218,0.0618,0.0727,0.0943,0.081,0.0486,0.0108,-0.0529,-0.0895,-0.0529,-0.2334
2020-08-17,-1.5207,29.2482,E,,0.8483,0.5345,0.3172,0.2213,0.2109,0.1426,0.133,0.1191,0.089,0.0543,0.0173,-0.0095,-0.0159,0.003,0.0059,0.0062,0.0084,0.0023,0.0022,0.002,0.0117,0.021,0.0141,0.009,0.0004,-0.011,-0.0343,-0.04,-0.0467
2020-08-17,-1.5207,29.2482,N,0.7268,0.732,0.7327,0.7359,0.7255,0.7178,0.7165,0.6331,0.6461,0.2508,0.1738,0.1251,0.1013,0.0439,0.0022,-0.0379,-0.1278,-0.1856,-0.2065,-0.1736,-0.0861,-0.045,-0.025,-0.076,-0.0091,0.0357,0.0113,0.011,-0.0157,-0.0385
2020-08-17,-1.5207,29.2482,NE,,0.7999,0.6525,0.4042,0.2868,0.2646,0.2278,0.185,0.1687,0.1604,0.1449,0.1018,0.0467,-0.0296,-0.0468,-0.0525,-0.0578,-0.0895,-0.0793,-0.0675,-0.0459,0.0268,0.0586,0.073,0.0646,0.0419,0.0032,-0.0369,-0.0689,-0.0895
2020-08-17,-1.5207,29.2482,NO,0.4382,0.4448,,,,,,0.415,0.4183,0.42,0.415,0.4133,0.3345,0.1928,0.0925,0.0943,-0.0018,-0.0603,-0.1289,-0.1823,-0.1916,-0.2189,-0.2404,-0.1936,-0.1725,-0.0979,-0.015,0.0237,0.1155,0.1657
2020-08-17,-1.5207,29.2482,O,,0.4987,,,0.4969,0.4969,0.4969,0.4952,0.4969,0.4952,0.4978,0.3522,0.1287,-0.022,-0.1333,-0.154,-0.153,-0.1502,-0.1783,-0.1848,-0.1565,-0.0786,-0.0114,0.0126,-0.0109,0.0008,0.0142,0.0161,-0.02,-0.058
2020-08-17,-1.5207,29.2482,S,0.7537,0.7527,0.6024,0.3178,0.3071,0.1865,0.1269,0.0862,0.0376,0.0491,0.0382,0.0497,0.0665,0.059,0.0373,0.0081,-0.0265,-0.027,-0.0744,,-0.1092,-0.0976,-0.0964,-0.1777,,,,,,-0.2907
2020-08-17,-1.5207,29.2482,SE,,0.6934,0.419,0.3032,0.2625,0.2404,0.2043,0.162,0.1229,0.1184,0.0955,0.0793,0.0769,0.0692,0.0612,0.0512,0.0037,-0.0204,-0.0384,-0.0464,-0.0524,-0.0618,-0.0672,-0.0726,-0.0823,-0.0841,-0.0678,,,
2020-08-17,-1.5207,29.2482,SO,0.6483,0.647,0.6457,0.6463,0.6463,0.647,0.6457,0.4478,0.2864,0.1072,0.0154,0.0011,0.0008,0.0153,0.0458,0.0677,0.0729,0.0951,0.0935,0.0874,0.0779,0.0691,0.0174,-0.0096,-0.1122,-0.1458,-0.1662,-0.1919,-0.2282,-0.2524
2020-09-10,-1.5234,29.248,E,,,,,,0.6024,0.3521,0.3307,,,,,,,,,,,,,,,,,,,,,,
2020-09-10,-1.5234,29.248,NO,0.5462,0.5686,0.459,0.4187,,,,,,,,,,,,,,,,,,,,,,,,,,
2020-09-10,-1.5234,29.248,O,,0.2432,0.2162,0.1876,0.1509,0.1128,0.0306,0.0335,,,,,,,,,,,,,,,,,,,,,,
2020-09-10,-1.5234,29.248,S,,0.6935,0.2379,0.1583,0.1254,0.0915,0.0519,0.026,0.034,0.0266,0.0229,0.0254,0.0028,-0.007,-0.0241,-0.0081,-0.0064,,,,,,,,,,,,,
2020-09-10,-1.5234,29.248,SE,0.7498,0.7521,0.3231,0.5285,0.4688,0.3352,0.306,0.2098,0.0762,0.0385,0.001,-0.0246,-0.0354,0.0034,,,,,,,,,,,,,,,,
2020-09-10,-1.5234,29.248,SO,0.3757,0.3293,0.2164,0.1509,0.0938,0.0473,0.0415,0.0249,0.0068,0.0109,0.0129,0.0127,0.0014,-0.018,-0.0155,,,,,,,,,,,,,,,
2020-12-15,-1.5196,29.2488,E,,,0.6541,0.4694,,,0.2782,0.1205,0.1007,0.1116,0.1107,0.1152,0.1298,0.1118,0.0405,-0.0337,-0.0647,-0.0631,-0.0706,-0.0824,-0.0893,-0.0894,-0.0885,-0.0875,-0.0863,-0.0852,-0.0851,,,
2020-12-15,-1.5196,29.2488,N,0.2058,,,0.2647,0.195,0.0796,0.0498,-0.0437,0.0817,-0.0213,-0.1133,0.0213,0.0442,0.2163,-0.1017,,,,,,,,,,,,,,,
2020-12-15,-1.5196,29.2488,NE,,0.6089,0.5686,0.3869,0.3997,,,0.0966,0.0341,0.0024,-0.0141,-0.0211,-0.0203,-0.0068,0.007,0.0088,0.0389,,,,,,,,,,,,,
2020-12-15,-1.5196,29.2488,NO,,,,,,,,,,,,0.2564,0.1134,-0.021,-0.0328,-0.0885,-0.167,-0.2111,,,,,,,,,,,,
2020-12-15,-1.5196,29.2488,O,,,,,,,,,,,,,0.4543,0.3966,0.315,0.2158,0.2753,0.137,0.0631,-0.0244,-0.0512,-0.0501,-0.0769,-0.1065,-0.1377,-0.0986,-0.0618,-0.1936,0.0307,0.096
2020-12-15,-1.5196,29.2488,S,0.6955,0.6955,0.6963,0.5933,0.5593,0.3521,0.2214,0.0536,0.0003,0.0134,0.0318,0.0756,0.0621,0.0583,0.049,-0.0052,-0.0524,-0.0523,-0.0418,-0.0893,-0.1151,-0.1271,,-0.0922,,,,,,
2020-12-15,-1.5196,29.2488,SE,,0.9061,0.7469,0.4544,0.4978,0.3085,0.253,0.1928,0.1683,0.1633,0.1667,0.1489,0.1241,0.0583,-0.0069,-0.0538,-0.0535,-0.0519,-0.0495,-0.0468,-0.044,-0.0422,-0.0397,-0.0372,-0.0345,-0.0325,-0.0297,-0.0265,-0.0235,-0.022
2020-12-15,-1.5196,29.2488,SO,,,,,,,0.2957,0.2122,0.2367,0.2223,0.2097,-0.0482,-0.0202,-0.0515,-0.0799,-0.081,-0.051,-0.0121,0.0162,0.0387,0.0531,0.0488,0.0736,0.0786,0.0988,0.0741,0.038,-0.0531,-0.1955,-0.2569
2021-02-25,-1.5209,29.2466,O,,,,,,,,0.0178,0.0336,0.0537,,,,,,,,,,,,,,,,,,,,
2021-02-25,-1.5209,29.2466,S,0.0801,,,,,,,,,,,,,,,,,,,,,,,,,,,,,
2021-02-25,-1.5209,29.2466,SO,,,0.0677,0.0299,0.0445,0.0,0.027,0.005,0.0094,,,,,,,,,,,,,,,,,,,,,
2021-06-09,-1.5142,29.2485,E,,,-0.039,-0.0349,-0.0368,-0.0343,-0.0304,-0.0166,-0.0101,1e-04,0.0114,0.0105,0.0055,0.0156,0.009,0.0254,0.0278,0.0213,0.0089,-0.0066,-0.0103,-0.0193,-0.0032,-0.0054,-0.0041,-0.005,-0.0017,-0.0028,-0.0035,-0.0023
2021-06-09,-1.5142,29.2485,N,0.1101,0.0841,0.0642,0.0428,0.0242,,,,0.0248,0.0243,0.0178,0.0111,-0.0196,-0.0202,-0.0163,-0.0072,-0.0072,0.008,0.0019,0.0015,-0.0036,-0.005,-0.005,-0.0054,-0.0079,-0.0071,-0.0033,-0.0022,0.0017,-0.0016
2021-06-09,-1.5142,29.2485,NE,,0.0892,0.0773,0.0683,0.0449,0.0454,0.0218,0.0104,0.0042,0.0004,-0.0135,-0.0071,-0.0058,0.0095,0.0178,0.0184,0.0128,0.0058,0.0025,0.0015,0.0004,-0.002,0.003,0.0024,-0.0068,-0.0062,-0.0086,-0.0019,-0.0059,-0.0083
2021-06-09,-1.5142,29.2485,NO,,,,,,,,,,,,,,,,,,,,,,,,0.0,0.0,0.0,,,,
2021-06-09,-1.5142,29.2485,S,0.0547,0.045,0.0428,0.0413,0.0323,0.0289,0.024,0.0245,0.022,0.0208,0.0136,0.0104,0.0045,0.0011,-0.0082,-0.0076,-0.0039,0.0027,0.0056,0.0061,0.0059,0.0067,0.0089,0.0084,0.007,-0.0102,-0.0073,-0.0058,-0.0037,-0.0029
2021-06-09,-1.5142,29.2485,SE,,0.0434,0.0423,0.0394,0.0339,0.0309,0.027,0.0247,0.0132,0.0042,-0.0051,-0.0066,0.0025,-0.0152,-0.0175,-0.0101,-0.0084,-0.0079,-0.0065,-0.005,-0.0051,-0.0073,-0.0063,0.0003,0.0037,0.0045,-0.0005,0.002,0.0014,-0.0021
2021-06-09,-1.5142,29.2485,SO,,0.136,0.1361,0.1271,0.1134,,,,,,,,,,,,,,,,,,,,,0.0028,0.0,-0.0011,-0.0014,-0.0013
2021-06-25,-1.5242,29.2493,E,,0.1718,0.1427,0.0917,0.012,,,,0.0055,0.0474,0.0622,0.0614,0.0074,0.0005,0.034,0.0396,0.0452,0.0113,-0.0141,-0.0288,,,-0.1049,-0.1029,-0.0727,,-0.0579,-0.0495,-0.0222,0.0309
2021-06-25,-1.5242,29.2493,N,,0.2038,0.1602,0.1279,0.0955,0.0678,0.0382,0.0339,0.0586,0.0728,0.0543,0.0263,-0.0523,-0.0457,-0.052,-0.0444,-0.0449,-0.0363,-0.0464,-0.0266,0.0053,0.0144,0.0104,0.0053,0.005,0.0523,0.0447,0.0376,0.0341,0.0244
2021-06-25,-1.5242,29.2493,NE,0.2316,0.193,0.1639,0.1338,0.1002,0.0832,0.0697,0.0674,0.0684,0.0618,0.0676,0.0541,0.0584,0.0656,0.0761,0.0473,0.0623,0.0604,0.0049,-0.0891,-0.1008,-0.0873,-0.0801,-0.0521,-0.0274,0.0081,0.0232,0.0336,0.0258,0.0196
2021-06-25,-1.5242,29.2493,NO,0.2435,0.2266,0.2186,0.1668,0.1261,0.0848,0.0626,0.0485,0.0407,0.0254,0.0328,-0.0162,0.0685,0.0626,0.0642,0.0135,-0.0184,-0.0017,-0.0146,-0.0107,-0.012,-0.0165,-0.0188,0.0122,0.0131,0.0158,0.008,-0.0041,-0.0107,-0.0135
2021-06-25,-1.5242,29.2493,O,,0.3494,0.3123,0.2639,0.1917,,,,,,0.0993,,0.0984,0.0628,0.0029,-0.0301,-0.0338,-0.0251,,-0.0388,-0.0369,-0.0306,-0.0235,-0.0159,-0.009,-0.0031,0.0174,0.0115,0.0181,
2021-06-25,-1.5242,29.2493,S,,0.3483,0.2956,0.266,,,,,,,,,,,,,,,,,,,,,,,,,,
2021-06-25,-1.5242,29.2493,SE,0.1781,0.1526,0.1092,0.073,0.0302,-0.0168,-0.0212,,-0.0314,-0.0256,-0.022,0.0035,0.0188,0.0079,-0.0132,0.0023,0.0365,,,,,,,,,,,0.0093,-0.0109,-0.0216
2021-06-25,-1.5242,29.2493,SO,0.3441,0.3316,0.3316,0.2956,0.2229,,,,,,,,,,,,,,,,,,,,,,,,,
2021-07-03,-1.5231,29.2499,E,,0.6011,0.5394,0.477,0.3888,0.3215,0.2311,0.1857,0.1401,0.1389,0.1355,0.1346,0.121,0.0876,0.0519,0.0222,-0.0143,-0.0446,-0.0647,-0.0761,-0.0741,-0.0793,-0.0743,-0.0624,-0.0376,-0.031,-0.0145,0.0272,0.0425,0.0501
2021-07-03,-1.5231,29.2499,N,0.5598,0.5063,0.4376,0.4109,0.3341,0.2864,0.2067,0.1431,0.093,0.05,0.0267,0.0077,-0.0141,-0.0213,-0.0244,-0.0416,-0.0477,-0.0477,-0.031,-0.0012,0.0169,0.0266,0.0613,0.0496,0.0293,0.0051,-0.0179,-0.0371,-0.07,-0.0911
2021-07-03,-1.5231,29.2499,NE,,0.5658,0.5127,0.4699,0.4096,0.3288,0.246,0.1538,0.1077,0.1098,0.1049,0.1,0.0943,0.0824,0.0689,0.0076,-0.075,-0.0967,-0.0924,-0.0618,-0.0287,-0.0106,-0.0078,0.0135,0.0175,0.0345,0.0119,0.0166,0.0044,-0.0143
2021-07-03,-1.5231,29.2499,NO,0.5391,0.4817,0.4206,0.3207,0.2161,0.1478,0.0867,0.0452,0.0226,-1e-04,-0.0356,-0.0344,-0.0341,-0.0286,-0.0259,-0.0107,0.032,0.0575,,,,,,,,,,,,
2021-07-03,-1.5231,29.2499,O,,0.5086,0.4285,0.363,0.2948,0.2245,0.1498,0.0902,0.0362,-0.0071,-0.0305,-0.048,-0.0357,-0.0213,-0.0102,-0.0077,0.0075,0.0202,0.0222,0.0062,-0.006,-0.019,-0.0321,-0.0441,,,,,,
2021-07-03,-1.5231,29.2499,S,,0.5419,0.4837,0.4134,0.2728,0.1639,0.0968,0.0606,0.0342,0.0161,0.0069,0.0092,0.0,0.0086,0.0048,-0.0035,-0.0093,-0.013,-0.0012,0.0035,-0.0015,-0.0106,-0.0048,-0.0242,,,,,,
2021-07-03,-1.5231,29.2499,SE,0.5348,0.505,0.4677,0.4282,0.3449,0.2538,0.1484,0.1075,0.1038,0.1083,0.0598,0.0641,0.039,0.0236,0.018,0.0073,0.0269,0.0006,-0.0124,-0.018,-0.0013,-0.0089,-0.0003,0.0062,0.0061,0.0176,0.0199,0.0256,0.0083,-0.0168
2021-07-03,-1.5231,29.2499,SO,0.578,0.5635,0.5008,0.4158,0.3477,0.2679,0.197,0.136,0.0773,0.0424,-0.0092,-0.0431,-0.0692,-0.0538,-0.0258,-0.0053,0.0182,0.025,0.0372,0.0303,0.0097,-0.0082,-0.0227,-0.0352,-0.0557,,,,,
2021-07-19,-1.5158,29.2539,E,,,,,,,,,,0.019,0.0163,0.0109,0.0044,0.0037,-0.0007,0.0009,-0.0013,-0.0003,0.0051,0.0064,0.0067,0.0142,0.0162,0.0106,-0.006,-0.0132,-0.0243,-0.0245,-0.0247,-0.0256
2021-07-19,-1.5158,29.2539,N,0.0757,0.0759,0.0731,0.0668,0.0538,0.0487,0.0426,0.0326,0.0261,0.0184,0.01,0.0011,-0.0049,-0.0075,-0.0092,-0.0094,-0.0108,-0.0128,-0.0125,-0.0103,-0.0101,-0.0105,-0.0098,-0.0009,0.0043,0.0107,0.0122,0.0157,0.0175,0.0173
2021-07-19,-1.5158,29.2539,NE,,0.1069,0.0931,0.0896,0.0639,0.0465,0.0317,0.0181,0.0103,0.0039,0.0004,-0.0037,-0.009,-0.0042,-0.0075,0.0028,0.0034,-0.0043,0.0161,0.011,0.0254,0.0148,0.0076,0.0212,0.003,0.0132,0.0069,0.0093,0.0055,0.0109
2021-07-19,-1.5158,29.2539,NO,,0.0565,0.0548,0.0518,0.0496,0.0382,0.032,0.0278,0.0251,0.0211,0.0157,0.0125,0.0026,-0.0019,-0.0041,-0.0091,-0.0096,-0.0101,-0.0157,-0.0173,-0.0164,-0.0123,-0.008,1e-04,0.0008,0.0016,0.0064,0.005,0.0084,0.014
2021-07-19,-1.5158,29.2539,O,,,0.092,0.0682,0.0632,0.0452,0.0277,0.019,0.0069,-0.0074,-0.0244,-0.0071,-0.003,0.0159,0.0022,-0.0129,,,,,,,,,,,,,,
2021-07-19,-1.5158,29.2539,S,0.1272,0.1241,0.1162,0.1108,0.1003,0.0766,0.0586,0.0394,-0.0047,,-0.0038,-0.0031,,,,,,,,,-0.0038,-0.0042,-0.0022,-0.001,-0.0011,-0.0012,-0.0031,-0.0037,-0.0035,-0.0017
2021-07-19,-1.5158,29.2539,SO,,0.1583,0.165,0.163,0.1485,0.136,0.0989,0.0525,0.0366,0.0098,-0.0169,-0.0387,-0.0498,-0.0297,-0.0122,-0.0142,,,,,-0.0003,-0.0079,0.0186,0.0345,0.0105,0.0247,0.0357,0.0377,0.0408,0.0126
2021-08-04,-1.515,29.249,N,0.0613,0.0593,0.0376,0.0502,0.0466,0.0469,0.0371,0.0544,0.0493,0.0476,0.0054,-0.0064,-0.0087,-0.0076,-0.0086,-0.0048,-0.0012,-0.0017,-0.007,-0.0046,-0.0066,-0.0055,-0.0149,-0.0109,-0.0056,-0.0041,,,,
2021-08-04,-1.515,29.249,NE,,,,,0.0316,0.0316,0.0353,0.0343,0.0131,-0.0122,-0.0154,-0.0104,-0.0137,-0.0062,-0.0044,-0.0032,-0.0006,-1e-04,0.0034,0.0047,0.009,0.0155,0.0172,,,,,,,
2021-08-04,-1.515,29.249,NO,,0.072,0.049,0.0323,0.0213,0.0167,-0.0013,-0.0038,-0.0052,-0.0036,0.0115,,,,,,,,,,,-0.003,-0.0032,,,,,,,
2021-08-04,-1.515,29.249,O,,,0.0432,0.0394,,,,,,,,,,,,,,,,,,,,,,,,,,
2021-08-04,-1.515,29.249,S,0.1109,,,,,,,,,,,,,,,,,,,,,,,,,,,,,
2021-08-04,-1.515,29.249,SO,,0.079,,,,,,,,,,,,,,,,,,,,,,,,,,,,
2021-08-28,-1.5228,29.2515,E,,0.5093,0.4042,0.2616,0.1517,0.0824,0.063,0.058,0.0543,0.0474,0.0466,0.0169,-0.0034,-0.005,-0.0175,-0.0113,-0.039,,-0.0636,-0.0612,-0.0611,-0.0313,-0.0121,-0.0272,-0.0049,0.0017,0.02,0.0411,0.0373,0.0389
2021-08-28,-1.5228,29.2515,N,0.4343,0.3377,0.226,0.15,0.0879,0.0515,0.0065,-0.0749,-0.0713,-0.0667,-0.0633,-0.0626,-0.0585,-0.0338,-0.0095,0.0071,0.0807,0.0752,0.0627,0.0499,0.0185,0.0457,0.0379,0.0326,0.0305,0.0302,0.0314,0.0171,-0.0334,-0.0365
2021-08-28,-1.5228,29.2515,NE,,0.4035,0.3041,0.2989,0.2525,0.2108,0.1591,0.1004,-0.0379,-0.0378,-0.0379,-0.0386,-0.0522,-0.0569,-0.0608,-0.0502,-0.0105,-0.0021,0.0077,-0.0042,0.0021,0.0011,0.0075,0.0111,0.0137,0.0111,0.0133,0.0166,0.0182,0.0156
2021-08-28,-1.5228,29.2515,NO,0.4185,0.3241,0.2694,0.1988,0.1656,0.1278,0.0715,-0.0027,-0.036,-0.0704,-0.0681,-0.0673,-0.036,-0.0053,0.0002,0.0015,-0.0008,0.0139,0.0057,0.008,0.0181,0.0489,0.037,0.025,0.0096,-0.0036,-0.0117,-0.0105,-0.016,-0.0177
2021-08-28,-1.5228,29.2515,O,,0.3394,0.2464,0.1576,0.1284,0.116,0.0828,0.0769,0.0597,0.0459,0.022,0.0208,0.0255,0.0165,-0.018,-0.0023,,0.068,0.0456,0.0191,0.0015,-0.0105,0.0059,-0.0088,-0.0207,-0.0245,-0.0258,-0.0304,-0.0394,-0.0606
2021-08-28,-1.5228,29.2515,S,0.2873,0.2246,0.1899,0.0394,-0.0013,-0.0402,-0.0341,-0.0426,-0.0442,0.0331,0.0387,0.026,0.0123,-0.0042,-0.0172,-0.0173,-0.0113,0.0028,0.0033,0.0019,0.0007,0.0184,0.0214,0.047,0.0685,0.0575,0.0355,-0.0112,-0.0472,-0.0949
2021-08-28,-1.5228,29.2515,SE,,0.2557,0.1887,0.0996,-0.0183,-0.0515,-0.0641,-0.0255,0.0212,0.032,0.0231,0.0119,0.0141,0.0121,-0.0005,0.0361,0.0083,0.0198,-0.0084,0.0263,0.0173,0.0258,-0.0015,-0.0352,-0.0014,-0.0132,0.0089,-0.0051,0.0032,-0.002
2021-08-28,-1.5228,29.2515,SO,0.3224,0.3775,0.3316,0.2236,0.1624,0.1728,0.1623,0.1374,0.1279,0.1066,0.0893,0.0188,-0.0062,-0.0488,-0.0432,-0.033,-0.0293,-0.0275,-0.0028,0.0617,0.0895,0.0909,0.0636,0.0326,-0.0085,-0.0461,-0.0685,-0.081,-0.1017,-0.1083
2021-10-23,-1.515,29.2477,E,,,-0.0062,-0.0054,0.0077,0.0069,0.0053,0.0066,0.0086,0.0096,0.013,-0.0003,0.0075,0.0107,0.0028,-0.0051,-0.0027,-0.0041,-0.0013,-0.0012,0.0013,-0.0002,-0.0011,-0.0014,-0.0013,-0.0008,-0.0013,-0.0038,-0.0091,-0.0121
2021-10-23,-1.515,29.2477,NE,,,,,,,,,,,,,,,0.0072,0.0027,0.0047,-0.0023,,,,-0.0015,-0.0015,-0.0008,-0.0011,-0.0014,-0.0002,-0.0003,-1e-04,0.0006
2021-10-23,-1.515,29.2477,S,0.0235,0.02,0.0107,0.016,0.0149,0.0159,0.0155,0.0094,0.009,0.0067,0.0053,-0.0025,-0.0032,-0.0033,0.0013,0.0028,0.0045,0.005,0.0069,0.0109,0.011,0.0116,-0.0054,-0.0167,-0.0064,-0.0067,0.0004,0.0035,,
2021-10-23,-1.515,29.2477,SE,,0.0046,0.0014,0.0023,0.0049,-0.002,-0.0094,-0.0094,-0.0112,-0.0064,-0.0029,-0.0037,-0.0067,-0.006,-0.0043,0.0,0.0033,0.0081,0.007,0.0098,0.0126,-0.0036,-0.0031,-0.0028,-0.0046,-0.0072,-0.0073,-0.0062,-0.0025,-0.0008
2021-10-23,-1.515,29.2477,SO,,0.0389,,,,,,,,,,,,,,,,,,,,,,,,,,,,
2021-11-08,-1.5226,29.2509,E,,0.4556,0.32,0.2236,0.1345,0.0882,0.0241,-0.0092,-0.0162,-0.0133,-0.0116,-0.0118,-0.0171,-0.0172,-0.0113,-0.008,-0.0063,-0.0029,0.0032,0.006,0.0112,0.0123,0.0155,0.013,0.0089,0.0132,0.0018,-0.0115,-0.0199,-0.0298
2021-11-08,-1.5226,29.2509,N,0.5241,0.4571,0.3624,0.2933,0.2461,0.2016,0.1635,0.1334,0.1031,0.0757,0.0464,-0.0008,-0.0298,-0.0296,-0.0246,-0.0157,-0.0074,-0.0036,0.0127,0.04,0.0184,0.0105,-0.0174,0.0162,0.0069,-0.0,-1e-04,-0.0024,-0.0049,-0.0112
2021-11-08,-1.5226,29.2509,NE,,0.4591,0.3056,0.1835,0.1047,0.0753,0.0708,0.0678,0.0731,0.0709,0.0611,0.0395,0.0134,0.0007,0.0057,0.0083,0.0205,0.0237,0.0251,0.0029,0.0008,-0.0042,-0.0091,-0.0119,-0.0166,-0.021,-0.0257,-0.0284,-0.0316,-0.0359
2021-11-08,-1.5226,29.2509,NO,0.4617,0.4169,0.3446,0.281,0.2302,0.1877,0.1528,0.1221,0.0899,0.0474,0.0045,-0.0342,-0.0414,-0.0439,-0.0371,-0.0275,-0.0109,0.0078,0.0107,0.0177,0.017,0.0154,0.0121,0.0149,0.0065,0.002,-0.0076,-0.0202,-0.0318,-0.0355
2021-11-08,-1.5226,29.2509,O,,0.325,0.2408,0.1769,0.1318,0.0862,0.0667,0.0674,0.0639,0.0549,0.0352,0.0106,-0.0073,-0.0188,-0.0303,-0.0274,-0.0219,-0.0133,0.0031,0.0132,0.02,0.0204,0.0165,0.0252,0.002,-0.0088,-0.0198,-0.0316,-0.0404,-0.0488
2021-11-08,-1.5226,29.2509,S,0.4418,0.3767,0.2653,0.193,0.131,0.0785,0.034,0.0135,-0.0193,-0.0184,-0.027,-0.0224,-0.0163,-0.0036,-0.0039,0.002,0.0024,0.002,-0.0072,-0.0043,-0.0009,0.0063,0.0276,0.0318,0.0266,0.0119,0.0012,-0.0057,-0.0112,-0.0058
2021-11-08,-1.5226,29.2509,SE,,0.3279,0.2428,0.2149,0.1891,0.149,0.1182,0.0804,0.0808,0.1099,0.0796,0.0679,0.0343,0.0128,-0.0131,-0.0219,-0.0312,-0.001,-0.0403,-0.0416,-0.0406,-0.0212,0.0002,0.0171,0.0349,0.0315,0.0209,-0.0052,-0.0288,-0.0429
2021-11-08,-1.5226,29.2509,SO,0.3638,0.3152,0.2082,0.1354,0.0993,0.0924,0.0829,0.1024,0.0966,0.0744,0.0811,0.0353,0.0256,-0.0023,-0.0208,-0.0554,-0.0824,-0.0728,-0.023,-0.0176,0.0156,0.0634,0.0769,0.0737,0.0502,0.0394,0.0201,-0.0072,-0.037,-0.0501
2022-05-19,-1.5217,29.2501,E,,0.6454,0.6323,0.5467,0.531,0.487,0.3025,0.218,0.1548,0.0642,0.0131,-0.0275,-0.0405,-0.0416,-0.0414,-0.0402,-0.0328,-0.0236,-0.0344,-0.0405,-0.0458,-0.0319,-0.0117,0.0045,0.0149,0.0336,0.0325,0.0277,0.0212,0.0214
2022-05-19,-1.5217,29.2501,N,0.5966,0.5232,0.3526,0.2327,0.1504,0.0983,0.0585,0.0409,0.076,0.0841,0.0892,0.0614,0.0389,0.009,-0.0313,-0.0177,0.0026,0.0286,0.0371,0.0382,0.0379,0.0282,0.0194,0.0037,-0.0087,-0.0206,-0.0316,-0.0426,-0.0538,-0.0603
2022-05-19,-1.5217,29.2501,NE,,0.6276,0.5396,0.4945,0.3236,0.2089,0.1061,0.085,0.0514,0.0348,0.0312,0.0075,-0.0073,-0.024,-0.0336,-0.0311,-0.0302,-0.0289,-0.0208,-0.0061,-0.0023,-0.0018,-0.0021,0.0006,-0.0031,-0.0042,-0.0068,-0.0062,-0.0089,-0.0105
2022-05-19,-1.5217,29.2501,NO,0.3671,0.2846,0.2327,0.1122,0.0522,0.0226,0.0108,0.0031,0.0006,0.0012,-0.0056,-0.0025,-0.0072,,,,,,,,-0.0085,0.0053,-0.0009,,,,,,,
2022-05-19,-1.5217,29.2501,O,,0.3704,0.3189,0.2599,0.1986,0.1447,0.0936,0.0542,0.036,0.0217,0.0132,0.0017,-0.0136,-0.0313,-0.0482,-0.0517,-0.0397,0.0777,,,,,,,,,,,,
2022-05-19,-1.5217,29.2501,S,0.4013,0.3497,0.3237,0.2922,0.2518,0.238,0.2018,0.0952,0.0457,0.0361,-0.0701,-0.022,,,,,,,,,,,,,,,,,,
2022-05-19,-1.5217,29.2501,SE,,0.3398,0.3174,0.2591,0.1832,0.1282,0.0688,0.0596,0.0569,0.017,-0.0364,,,,,,,,,,,,,,,,,,,
2022-05-19,-1.5217,29.2501,SO,0.4956,0.5678,0.5375,0.4977,0.4219,0.2987,0.1705,0.0636,0.0283,-0.0174,-0.0529,-0.0136,-0.0257,-0.0805,,,,,,,,,,,,,,,,
2022-06-30,-1.522,29.2491,E,,0.4525,0.1813,0.1467,0.1468,0.163,0.1401,0.1316,0.1346,0.0667,,,,,,,,,,,,,,0.0122,0.0497,0.069,0.0513,0.0027,-0.0527,-0.0872
2022-06-30,-1.522,29.2491,N,,,,0.7558,0.394,0.2674,0.1703,0.0972,0.0557,0.0513,0.0168,-0.0051,-0.0009,0.0127,-0.0005,-0.035,-0.0595,-0.0696,-0.0696,-0.0613,-0.0638,-0.06,-0.0159,0.0038,0.0172,0.0333,0.0326,0.0279,0.0141,0.0665
2022-06-30,-1.522,29.2491,NE,,0.7994,0.6233,0.441,0.4153,0.3997,0.3242,0.2398,0.0128,-0.0425,-0.0906,-0.104,-0.0953,-0.0951,-0.1244,-0.1522,-0.1648,-0.1648,,,,,,,,0.0235,0.0178,0.0065,-0.0013,-0.0412
2022-06-30,-1.522,29.2491,NO,,,,0.6351,0.6265,0.338,0.1081,0.0041,0.0041,-0.0013,-0.0084,0.0312,0.0297,0.0378,0.0118,-0.0006,-0.1137,-0.1008,-0.0891,-0.0751,-0.0165,-0.0008,0.0365,0.0655,0.0701,0.0441,0.022,0.0113,0.003,-0.0165
2022-06-30,-1.522,29.2491,O,,0.565,0.2863,0.1968,0.1153,0.0331,0.0256,0.0559,0.1158,0.0858,,,,,,,,,,,,,0.1046,0.0874,0.0609,0.019,-0.0103,-0.0287,-0.0452,-0.0713
2022-06-30,-1.522,29.2491,S,0.7848,0.599,0.3862,0.3222,0.2936,0.2876,0.2647,0.1758,0.0972,0.0023,-0.0852,-0.0832,-0.0604,-0.0557,-0.0303,0.0148,0.0156,0.0022,0.028,-0.024,-0.0156,-0.0081,,,,,,,,
2022-06-30,-1.522,29.2491,SE,,0.3913,0.2551,0.2616,0.1988,0.2221,0.1788,0.1418,0.0313,-0.0642,0.0291,-0.035,-0.0793,0.0204,,,,,,,,,,,,,,,0.0205,-0.0052
2022-06-30,-1.522,29.2491,SO,0.8003,0.5961,0.4291,0.2682,0.1703,0.1763,0.1659,0.0946,0.0159,-0.0196,-0.0422,-0.0738,-0.0188,,,,,,,,,,,,0.0772,0.0435,0.021,-0.0081,-0.0399,-0.061
2022-07-06,-1.5212,29.2477,E,,0.2602,0.2261,0.1887,0.1263,0.1763,0.1389,0.0944,0.0655,,-0.0182,-0.0334,-0.0319,-0.0391,-0.04,-0.0397,-0.0236,-0.0192,-0.011,-0.0048,0.0038,0.0114,0.0086,0.0252,0.0279,0.028,0.0153,0.0113,0.0106,0.0086
2022-07-06,-1.5212,29.2477,S,0.4043,0.354,0.2939,,,,,,,,,,,,,,,,,,,,,,,,,,,
2022-07-06,-1.5212,29.2477,SE,,0.221,0.1703,0.1326,0.0808,0.0995,0.0617,0.0498,0.0436,0.0415,0.0755,0.0712,0.0309,0.0295,0.0024,-0.0028,-0.0193,-0.0249,-0.0198,-0.0106,-0.0143,-0.011,-0.0112,-0.012,-0.0008,0.0004,0.001,0.0019,0.0026,-1e-04
2022-07-06,-1.5212,29.2477,SO,,0.288,,,,0.046,0.0353,0.0039,-0.0099,-0.0093,-0.004,0.0119,0.0158,0.0205,0.0224,0.0104,-0.0199,-0.0452,-0.0719,,,,,,,,,,,
2022-07-14,-1.5209,29.2493,E,,0.9142,0.8724,0.7416,0.589,0.4193,0.2684,0.1605,0.0634,-0.0264,-0.0761,-0.072,-0.0573,-0.0442,-0.0536,-0.0493,-0.0505,-0.0496,-0.0477,-0.053,-0.0328,-0.0029,0.0319,0.044,0.0478,0.0487,0.0495,0.0431,0.0301,0.0328
2022-07-14,-1.5209,29.2493,N,0.9352,0.9337,0.9324,0.9321,0.8817,0.5835,0.341,0.1882,0.093,-0.0049,-0.0183,0.0056,0.0022,-0.0178,-0.0624,-0.0572,-0.0345,-0.0064,-0.0167,-0.0257,-0.0131,-0.0101,0.0013,-0.0052,0.001,0.003,-0.0073,-0.0213,-0.0333,-0.0368
2022-07-14,-1.5209,29.2493,NE,,0.9762,0.9433,0.7891,0.6162,0.3922,0.2557,0.0993,0.0379,0.0008,0.0126,0.0053,-0.0114,-0.0166,-0.028,-0.0373,-0.0543,-0.084,-0.0682,-0.0181,0.0254,0.0415,0.0509,0.0506,0.0002,-0.0035,-0.0059,-0.0073,-0.0123,-0.0131
2022-07-14,-1.5209,29.2493,NO,0.7863,0.7812,0.7799,0.7812,0.7825,0.7812,0.5572,0.3729,0.1697,0.0276,-0.0107,-0.066,-0.0512,-0.0446,-0.0461,-0.0363,-0.027,-0.0282,-0.0357,-0.044,-0.0552,-0.0439,-0.0226,0.0014,0.0319,0.0397,0.0423,0.0149,-0.0169,-0.0367
2022-07-14,-1.5209,29.2493,O,,0.7588,0.7577,0.7577,0.758,0.6029,0.2725,0.1257,0.04,0.016,-0.0054,-0.0103,-0.0094,-0.0051,-0.017,-0.0157,-0.0139,-0.0225,-0.0243,-0.0357,-0.015,0.0142,0.0274,0.0211,0.0237,0.0189,-0.0045,-0.035,-0.0668,-0.0994
2022-07-14,-1.5209,29.2493,S,0.8051,0.8051,0.769,0.608,0.5223,0.3537,0.2426,0.2027,0.1601,0.0914,0.0628,0.0254,0.0064,0.0206,0.0239,0.0347,0.059,0.0513,0.0538,0.039,0.0304,0.012,0.0011,-0.019,-0.047,-0.0686,-0.0903,-0.1005,-0.0899,-0.088
2022-07-14,-1.5209,29.2493,SE,,0.8648,0.7564,0.6685,0.522,0.4182,0.3036,0.2043,0.1232,0.0883,0.0519,0.0083,-0.0003,-0.0101,-0.0108,-0.014,-0.0096,0.0122,0.0121,0.0137,0.0087,-0.0031,-0.0124,-0.0074,-0.0182,-0.0229,-0.0214,-0.019,-0.018,-0.0205
2022-07-14,-1.5209,29.2493,SO,0.7289,0.7289,0.7253,0.7248,0.577,0.3734,0.2993,0.2238,0.1411,0.098,0.0323,-0.0104,-0.0509,-0.0574,-0.0612,-0.0283,-0.0039,0.0169,0.0253,0.0382,0.0434,0.0416,0.0303,0.0116,-0.0172,-0.0592,-0.0908,-0.1046,-0.1183,-0.1311
2022-07-22,-1.5212,29.249,E,,0.8575,0.8315,0.758,0.6224,0.5033,0.3394,0.2055,0.0878,-0.0194,-0.0657,-0.0885,-0.1087,-0.0946,-0.0939,-0.0898,-0.0698,-0.063,-0.0601,-0.0465,-0.0316,-0.0106,0.0071,0.0357,0.0429,0.0455,0.0362,0.0338,0.0197,0.0145
2022-07-22,-1.5212,29.249,N,0.9036,0.9032,0.8568,0.768,0.7467,0.6137,0.4683,0.22,0.0878,0.0198,-0.0013,-0.0089,0.0201,0.0269,0.0026,0.0186,-0.0472,-0.052,-0.0272,-0.0217,-0.0454,-0.0285,-0.01,-0.0219,-0.012,0.0106,0.0071,-0.0102,-0.0295,-0.0426
2022-07-22,-1.5212,29.249,NE,,0.9316,0.8077,0.7165,0.5861,0.4397,0.3316,0.1873,0.1177,0.033,-0.0011,-0.0168,0.0011,-0.014,-0.025,-0.0503,-0.0511,-0.0693,-0.0807,-0.0961,-0.046,0.0076,0.0284,0.0634,0.0587,0.006,-0.0029,-0.0088,-0.0161,-0.0245
2022-07-22,-1.5212,29.249,NO,0.7553,0.7539,0.7526,0.7486,0.5323,0.3824,0.258,0.1515,0.0341,-0.0227,-0.0368,-0.0339,-0.0256,-0.0152,-0.0094,0.0024,0.0101,0.0122,-0.0023,-0.0162,-0.0375,-0.0135,-0.0105,0.0011,0.0199,0.0379,0.0228,0.0044,-0.0242,-0.0405
2022-07-22,-1.5212,29.249,O,,0.7843,0.7843,0.7395,0.6274,0.4031,0.1773,0.0545,-0.0077,-0.027,-0.0097,-0.0151,0.0004,-0.0015,-0.0013,-0.0064,-0.0132,0.0008,0.0075,0.0113,0.0288,0.0498,0.0477,0.0479,0.0426,0.0083,-0.0279,-0.0676,-0.1104,-0.1273
2022-07-22,-1.5212,29.249,S,0.8696,0.8696,0.8687,0.7504,0.5826,0.4393,0.284,0.2034,0.0816,0.0197,-0.0035,-0.0136,-0.0086,-0.01,-0.0033,0.0163,0.0096,0.0143,0.0052,-0.0286,0.0313,,,,-0.0158,-0.0248,-0.0352,-0.0334,-0.0421,-0.0354
2022-07-22,-1.5212,29.249,SE,,0.8788,0.8764,0.8063,0.6069,0.4877,0.3369,0.2124,0.0965,0.0465,-0.0064,-0.0257,-0.0238,-0.0228,-0.0207,-0.0121,-0.0013,-0.0008,0.015,0.014,0.0143,0.005,-0.0102,0.0039,-0.007,-0.0049,-0.0075,0.012,0.0119,0.0073
2022-07-22,-1.5212,29.249,SO,0.8193,0.8198,0.8193,0.8193,0.7671,0.5596,0.4105,0.2584,0.1243,0.0486,-0.013,-0.043,-0.0532,-0.0388,-0.0292,-0.0075,0.0008,0.0214,0.0374,0.0449,0.0327,0.0225,0.0021,-0.0188,-0.049,-0.0783,-0.0791,-0.0876,-0.0978,-0.108
2022-08-23,-1.5139,29.2488,E,,,-0.0051,-0.0013,-0.002,0.0041,-0.0038,-0.0121,-0.0042,0.0015,0.0008,-0.0036,0.0009,0.0032,0.0063,0.0116,0.0142,0.012,0.009,0.004,0.0026,-0.001,-0.004,-0.0048,-0.0048,-0.0073,-0.0064,-0.0059,-0.0062,-0.0024
2022-08-23,-1.5139,29.2488,N,0.0228,0.0199,0.0161,0.0114,0.0113,0.0139,0.0105,0.0204,0.0066,-0.0104,-0.0088,0.0068,0.0099,0.0279,,,,,,,,,,,,,,,,
2022-08-23,-1.5139,29.2488,NE,,0.0494,0.0451,0.0416,0.0374,0.0356,0.0308,0.0262,0.0229,-0.0087,-0.0114,-0.0112,-0.0085,-0.0021,0.0,0.0006,0.0016,-0.0005,-0.0002,0.0009,-0.001,-0.0005,-0.0015,-0.0029,-0.0023,-0.0019,-0.0022,-0.0015,-0.0018,-0.0027
2022-08-23,-1.5139,29.2488,NO,,0.0694,0.0708,0.0678,,,,,,,,,,,,,,,,,,,,,,,,,,
2022-08-23,-1.5139,29.2488,O,,,0.0738,0.0753,0.0747,0.0695,0.0712,,,,,,,,,,,,,,,,,,,,,,,
2022-08-23,-1.5139,29.2488,S,-0.2006,-0.2236,-0.2315,-0.232,-0.23,-0.2254,-0.1928,-0.0628,0.1076,,,,,,,,,,,,,,,,,,,,,
2022-08-23,-1.5139,29.2488,SE,,0.0141,0.0155,0.0173,0.0161,0.0154,0.0178,0.0112,0.0134,0.0072,-0.0022,0.0126,0.0014,-0.0016,0.0022,0.0046,0.0052,0.0089,0.0077,0.0016,-0.0002,-0.0045,-0.0061,-0.0049,-0.0033,-0.002,0.0002,0.0024,0.0032,0.0043
2022-08-23,-1.5139,29.2488,SO,,0.0494,0.0447,0.0438,0.041,0.0346,0.0235,0.0141,0.0035,-0.0009,-0.0002,-0.0013,,,,,,,0.0083,0.0026,-0.0058,-0.0062,-0.0128,,,,,,,
2022-12-17,-1.5215,29.2507,E,,0.8672,0.6442,0.5091,0.3509,0.3006,0.257,0.1324,0.0108,-0.0085,-0.0275,-0.0595,-0.0515,-0.0303,-0.0057,0.0271,0.0379,0.0764,0.1082,,,,0.0771,0.0706,0.0248,0.0029,-0.0141,-0.0303,-0.0411,-0.0539
2022-12-17,-1.5215,29.2507,N,0.8938,0.4628,0.2388,0.0946,0.0299,-0.0193,0.0317,0.0287,0.0139,-0.0302,-0.0854,-0.0838,-0.0792,-0.0746,-0.0746,-0.0719,-0.0339,-0.0085,0.0157,0.0171,0.0136,0.0111,0.0049,0.0038,-0.0024,-0.0025,0.028,0.0427,0.0467,0.0458
2022-12-17,-1.5215,29.2507,NE,,0.7007,0.3217,0.2457,0.1067,0.0621,0.0393,0.0308,0.0046,-0.0307,-0.0358,-0.0348,-0.0347,-0.0442,-0.0328,-0.0258,-0.0232,0.018,0.0136,0.0183,0.0191,0.0194,0.0203,0.0208,0.0196,0.0288,0.0043,-0.0026,-0.0024,-0.0027
2022-12-17,-1.5215,29.2507,NO,0.6801,0.4635,0.3635,0.1436,0.05,0.0171,0.0516,0.0338,0.0363,0.0363,0.0164,-0.0333,-0.074,-0.0789,-0.082,-0.0736,-0.0796,-0.0629,-0.012,0.0104,0.0188,0.0175,0.0417,0.0508,0.0289,0.0298,0.029,0.017,0.0127,0.0037
2022-12-17,-1.5215,29.2507,O,,0.6398,0.3766,0.1842,0.166,0.235,0.184,0.1035,0.0672,0.0269,-0.0381,,,,,-0.0828,-0.1039,-0.1079,-0.0927,-0.0785,-0.0584,-0.0425,-0.0118,0.0207,0.0474,0.0739,0.088,0.0787,0.0125,0.0103
2022-12-17,-1.5215,29.2507,S,0.5046,,,,,,,0.5116,0.4964,0.4805,0.4818,0.4512,0.3872,0.3806,0.1098,-0.0778,-0.1825,-0.2013,-0.1316,-0.131,-0.0558,0.01,0.0523,0.02,-0.0182,0.0451,0.0146,0.0026,-0.0576,-0.1309
2022-12-17,-1.5215,29.2507,SE,,,0.5141,0.5383,0.5643,0.5813,,0.5433,0.5634,0.529,0.4953,0.1966,0.022,-0.0088,-0.1484,-0.1639,-0.1519,-0.1279,-0.0671,-0.0036,0.0703,0.1386,0.1724,0.1561,0.0997,0.0005,-0.0394,-0.1023,-0.1477,-0.1784
2022-12-17,-1.5215,29.2507,SO,0.5302,,,0.5125,0.5164,0.5542,0.5365,0.439,0.3668,0.3504,0.1658,0.4322,0.3781,0.1112,0.1009,-0.0986,-0.2012,-0.27,-0.288,-0.2765,-0.1775,-0.0765,-0.009,0.0341,0.0516,0.0598,0.0447,-0.0013,-0.0478,-0.0822
2023-01-06,-1.5215,29.2501,E,,0.4648,0.352,0.3369,0.3115,0.2807,0.2309,0.1665,0.1084,0.1013,0.0532,0.0134,-0.0467,-0.0287,-0.0064,0.0041,0.0099,0.0213,0.0355,0.0495,0.0516,0.0473,0.0293,0.0069,-0.0067,-0.0293,-0.0466,-0.0627,-0.076,-0.0774
2023-01-06,-1.5215,29.2501,N,0.4891,0.4299,0.3594,0.2558,0.1452,0.0692,0.0092,-0.0199,0.0681,0.0938,0.0877,0.0613,0.0077,0.0192,-0.005,-0.0323,-0.0341,-0.0256,-0.0134,-0.0133,-0.0074,-0.0003,-0.0002,-0.0084,-0.0143,-0.0202,-0.0191,-0.0249,-0.01,0.0029
2023-01-06,-1.5215,29.2501,NE,,0.5084,0.4077,0.3452,0.2653,0.1725,0.0929,0.1057,0.0161,,,0.0483,0.0447,0.0374,0.0249,0.0142,0.0183,0.0082,0.0112,0.0079,-0.0102,-0.011,-0.0129,-0.0159,-0.0164,-0.0183,-0.0186,-0.0289,-0.0296,-0.0193
2023-01-06,-1.5215,29.2501,NO,0.5011,0.4329,0.3249,0.2295,0.1477,,,,,,,,,0.0571,-0.0299,-0.0397,-0.0381,-0.0375,-0.0368,-0.0347,-0.0216,-0.0168,0.0015,0.0059,0.0152,0.0212,0.0314,0.0262,0.0316,0.0247
2023-01-06,-1.5215,29.2501,O,,0.3827,0.3602,0.3275,0.2854,0.3164,0.2469,0.2201,0.1546,0.1083,0.0426,-0.0475,-0.0433,0.0093,0.0145,0.0038,-0.0076,-0.0261,-0.0322,-0.0382,-0.0379,-0.0333,-0.0149,0.0005,0.0124,0.019,0.0231,0.0143,0.0113,0.0051
2023-01-06,-1.5215,29.2501,S,0.3653,0.3,0.3101,0.3058,0.3086,0.3191,0.3094,0.2812,0.2578,0.2147,0.1781,0.1204,0.0196,-0.0337,-0.0671,-0.0764,-0.0613,-0.0567,-0.031,-0.0011,0.0172,0.021,0.0253,0.0309,0.0285,0.007,-0.0149,-0.0443,-0.0703,-0.101
2023-01-06,-1.5215,29.2501,SE,,0.3066,0.2978,0.2843,0.2852,0.2792,0.26,0.2168,0.183,0.1456,0.0906,0.0472,-0.0187,-0.0205,-0.0508,-0.0559,-0.0112,0.0285,0.0431,0.0811,0.1084,0.1074,0.0877,0.0378,0.0061,-0.035,-0.0614,-0.0817,-0.1019,-0.1129
2023-01-06,-1.5215,29.2501,SO,0.4351,0.3798,0.3807,0.4013,0.4001,0.3995,0.2982,0.29,0.2015,0.169,0.063,0.0512,-0.0417,-0.069,-0.0669,-0.0788,-0.074,-0.0504,-0.0557,-0.0434,-0.0206,-0.017,-0.0011,0.0113,0.0151,0.0159,0.0079,-0.0055,-0.0121,-0.0167
2023-05-14,-1.5212,29.2488,E,,0.3196,0.3397,0.3244,,,,,,,,,,,,,,,,,,,,,,,,,,
2023-05-14,-1.5212,29.2488,N,0.3547,0.4145,0.2097,,0.1976,0.2421,0.2086,0.2805,0.046,-0.0623,-0.0296,-0.0588,-0.088,-0.0588,-0.0014,0.0581,,-0.1172,,,,,,,,,,,,
2023-05-14,-1.5212,29.2488,NE,,0.3764,0.3628,,,,,,,,,,,,,,,,,,,,,,,,,,,
2023-05-14,-1.5212,29.2488,NO,0.1301,0.1388,0.0381,0.085,0.0604,0.0397,0.0871,0.1028,0.0139,-0.0165,-0.0323,-0.0602,-0.082,,,,,,,,,,,,,,,,,
2023-05-14,-1.5212,29.2488,O,,0.1987,0.1848,0.2342,0.2396,0.2083,0.158,0.0972,0.0815,0.0295,0.0015,-0.0345,-0.0306,-0.0491,-0.0504,-0.0461,-0.0465,-0.032,-0.0129,-0.0036,-0.0002,0.0025,0.0103,0.0034,,,,,,
2023-05-14,-1.5212,29.2488,S,0.3559,0.3364,0.2996,0.2501,0.2206,0.1698,0.1379,0.062,0.0231,0.0044,0.0011,0.001,-0.0045,0.0185,0.0313,0.0483,0.0315,0.003,,,,,,,,,,,,
2023-05-14,-1.5212,29.2488,SE,,0.2779,0.2528,0.2361,0.1186,0.0555,0.0198,-0.0045,0.0282,-0.0051,-0.0046,-0.0082,-0.0068,-0.0015,0.0027,,,,,,,,,,,,,,,
2023-05-14,-1.5212,29.2488,SO,0.3138,0.2995,0.2782,0.23,0.2004,0.164,0.1278,0.0799,0.0366,-0.0002,-0.0205,-0.0228,-0.0169,0.0009,0.0131,0.0247,0.0169,0.0093,0.0022,-0.013,-0.0129,-0.0103,,,,,,,,
2023-05-22,-1.522,29.2496,E,,,,0.1552,0.1449,0.1366,0.1363,0.139,0.1379,0.1294,0.0846,0.0166,-0.0054,-0.0267,-0.0312,-0.0372,-0.0476,-0.0537,-0.0461,-0.0677,-0.0718,-0.0783,-0.066,-0.018,0.0074,0.0219,0.041,0.0417,0.041,0.0339
2023-05-22,-1.522,29.2496,N,0.1425,,0.1502,0.1581,0.1325,0.1107,0.0657,0.0194,0.0282,0.0176,0.0064,0.017,0.0106,0.0142,-0.0219,-0.0493,-0.0574,-0.0623,-0.0651,-0.0585,-0.0167,-0.0076,0.0072,0.0121,0.0151,0.0146,0.0127,0.0122,0.0188,0.0444
2023-05-22,-1.522,29.2496,NE,,,,0.1613,0.1576,0.1576,0.1493,0.1098,0.0584,0.03,0.0058,-0.001,-0.0087,-0.0349,-0.0396,-0.0376,-0.0407,-0.0571,-0.0715,-0.0674,-0.0535,-0.0204,-0.0012,0.0113,0.0112,0.0142,0.0169,0.0255,0.0261,0.0294
2023-05-22,-1.522,29.2496,NO,0.159,0.1048,0.1088,0.1089,0.0969,0.0769,0.065,0.0731,0.0608,0.0405,0.0381,0.0076,-0.0131,-0.0448,-0.0645,-0.0725,-0.0686,-0.0681,-0.0422,-0.0223,-0.0077,0.005,0.017,0.0143,0.009,0.0053,-0.0028,0.0179,0.0399,0.0281
2023-05-22,-1.522,29.2496,O,,0.0496,0.052,0.0756,0.0756,0.0575,0.0248,-0.0078,0.013,0.0045,0.0214,0.0333,0.0209,0.0049,-0.0014,0.0013,0.0198,0.0463,0.0608,0.0622,0.0591,0.0428,0.007,-0.0109,-0.0217,-0.039,-0.0569,-0.0654,-0.0698,-0.0721
2023-05-22,-1.522,29.2496,S,0.0782,0.0702,0.0338,-0.0024,-0.0135,-0.0135,-0.0135,-0.0087,-0.0167,0.0041,0.0092,0.0041,0.0047,0.0147,0.0403,0.0509,0.0842,0.1171,0.1231,0.1429,0.1045,-0.0186,-0.0116,-0.0164,-0.0262,-0.0483,-0.067,-0.0823,-0.1062,-0.1215
2023-05-22,-1.522,29.2496,SE,,,,0.0919,0.0927,0.0871,0.0761,0.0679,0.0433,-0.0276,-0.0169,-0.0361,-0.0355,0.0282,0.0419,0.0262,0.0189,0.0879,0.0468,0.088,0.0806,0.0425,0.0196,0.0039,-0.0182,-0.0299,-0.0441,-0.0473,-0.0497,-0.0552
2023-05-22,-1.522,29.2496,SO,0.0922,0.0844,0.03,0.0284,0.0366,0.0227,-0.0013,-0.0182,-0.0264,-0.0091,-0.0222,-0.0104,-0.0007,0.006,0.0171,0.0196,0.0324,0.0367,0.0434,0.035,0.0125,,-0.1195,,,,,-0.151,-0.1545,-0.1588
2023-06-13,-1.5158,29.2515,E,,,0.0324,0.027,0.0231,0.0246,0.0158,0.0034,-0.0031,-0.0067,-0.0076,-0.003,-0.0033,0.0015,-0.0053,,,,0.002,0.0006,-0.005,-0.0053,-0.0037,-0.0007,0.0036,0.0029,0.0049,0.0055,0.0107,0.0127
2023-06-13,-1.5158,29.2515,N,0.0367,0.0127,0.012,0.0108,0.0063,0.003,0.0059,0.0025,-0.002,-0.0064,-0.0029,0.0075,0.0061,-0.0063,-0.0013,-0.0041,-0.003,-0.0014,0.0041,0.0081,0.0108,0.0076,0.0063,0.0045,0.0041,0.0011,-0.0003,-0.0026,-0.0045,-0.006
2023-06-13,-1.5158,29.2515,NE,,0.0254,0.0115,0.0101,0.0079,0.0091,0.0068,0.0043,0.0033,0.0013,-0.0015,-0.0025,-0.0036,-0.0022,-0.0035,0.0011,0.0018,0.0036,0.0038,0.0122,0.0069,0.006,0.0049,0.0034,-0.0026,-0.0033,-0.0061,-0.0051,0.0005,0.0048
2023-06-13,-1.5158,29.2515,NO,,0.0017,0.0035,0.0045,-0.0015,-0.0002,-0.0049,-0.0055,-0.0095,-0.0077,-0.0068,-0.0094,-0.0086,-0.0062,-0.0042,-0.002,-0.0038,-0.0023,0.0017,0.0033,0.0101,0.0139,0.0153,0.0113,0.0107,0.0076,0.0,0.0032,0.0036,0.0022
2023-06-13,-1.5158,29.2515,O,,,-0.0023,0.0,0.0047,-0.0017,-0.0025,-0.007,-0.0053,-0.0053,-0.0053,-0.0053,-0.0022,-1e-04,-0.0054,-0.0053,,,-0.0055,-0.0,-1e-04,-1e-04,-0.0002,0.0,1e-04,1e-04,0.002,0.0035,0.0019,-1e-04
2023-06-13,-1.5158,29.2515,S,0.0407,0.0409,0.0129,0.0015,0.0013,0.0066,0.0122,0.0134,0.0115,0.007,0.0061,0.0062,0.0008,0.002,0.0017,0.0016,0.0036,0.0084,0.0037,0.0036,-0.0051,-0.0032,-0.0031,-0.0077,-0.0065,-0.0051,-0.0043,-0.0033,-0.0015,0.0003
2023-06-13,-1.5158,29.2515,SE,,0.043,0.0292,0.0248,0.0175,0.0111,-0.0021,0.0033,0.0026,0.005,0.0067,0.0011,-0.0031,0.0009,0.0007,0.0003,-0.0004,-0.0002,-0.0042,-0.0026,-0.0028,-0.0049,-0.0042,-0.0009,0.0005,-0.0009,-0.0016,-0.0014,-0.0011,-0.0009
2023-06-13,-1.5158,29.2515,SO,,0.0146,0.0086,0.0072,0.0066,0.0005,-0.0054,-0.0002,-0.0037,-0.0018,-0.0019,0.0051,0.0059,0.004,-0.0015,0.0027,0.0044,0.0027,0.0027,-0.0011,-0.0057,0.0027,0.0028,-1e-04,-0.0028,-0.0028,-0.0027,-0.0042,-0.0033,-0.0027
2023-06-18,-1.5152,29.2525,E,,,0.0159,0.0116,0.0125,-0.0036,-0.0057,,,,,,,,,,,,,,-0.0072,-0.007,-0.0035,-0.0027,0.0005,-0.0023,0.0013,0.0004,-0.0006,0.0066
2023-06-18,-1.5152,29.2525,N,0.0451,0.0403,0.0223,0.0249,0.0206,0.0049,0.0062,0.0102,0.0076,-0.0019,-0.0073,-0.0072,-0.0075,-0.007,-0.0067,-0.0061,-0.0054,-0.0045,0.0003,-0.0031,-0.0029,-0.0022,0.0025,-0.001,-1e-04,-0.0002,0.0012,0.0006,0.0006,0.0012
2023-06-18,-1.5152,29.2525,NE,,0.0275,0.0272,0.0218,0.0165,0.011,0.0083,0.0002,-0.0035,-0.0108,-0.0111,-0.0104,,,,,,,,,,-0.0002,-0.0016,0.0062,0.0023,0.002,0.0058,-0.0035,-0.0046,0.0004
2023-06-18,-1.5152,29.2525,NO,,0.0395,0.0318,0.025,0.0206,0.0197,-0.0142,0.0094,0.0058,0.0002,0.0002,-0.0002,-0.0023,-0.0015,-0.0048,-0.0048,-0.0046,-0.0025,-0.005,0.0032,0.004,0.0077,0.0044,0.0042,-0.0011,-0.0028,-0.0044,-0.0045,0.0016,-0.0012
2023-06-18,-1.5152,29.2525,O,,,0.0232,0.0183,0.0183,0.0183,0.0022,-0.0009,0.0014,0.0029,1e-04,-0.0058,0.0061,,,,,,,,,,,,,-0.0014,-0.0015,0.0021,0.002,0.0021
2023-06-18,-1.5152,29.2525,S,0.0293,0.0274,0.0273,0.0316,0.032,0.0269,0.0014,0.0006,-0.004,0.0012,0.0045,-0.0011,-0.0041,-0.0019,-0.0023,-0.0032,-0.0044,-0.0033,-0.0017,-0.0011,-0.0046,-0.0057,-0.0047,-0.004,-0.0027,-0.0036,0.0068,0.0081,0.0074,0.0147
2023-06-18,-1.5152,29.2525,SE,,-0.0039,-0.003,-0.0029,-0.0015,0.0028,-0.0123,-0.0158,-0.0091,-0.0035,-0.003,-0.0031,-0.0038,-0.0007,-0.0006,-0.0004,0.0018,0.009,0.007,0.0122,0.0153,0.0132,0.0185,0.0183,,-0.0109,-0.0054,-0.0022,-0.0054,-0.0064
2023-06-18,-1.5152,29.2525,SO,,0.0339,0.0247,0.0266,0.0078,0.0044,0.0005,-0.0062,-0.0073,-0.002,-0.0043,-0.0053,-0.0036,-0.0019,0.0042,0.002,0.0052,0.0048,0.0002,1e-04,0.0057,0.0159,,,,,0.009,0.0142,0.009,0.0015
2023-07-17,-1.5212,29.2482,E,,0.4772,0.4324,0.3765,0.3116,0.3053,0.2346,0.1789,0.1313,0.0553,0.0103,-0.0205,-0.0447,-0.06,-0.0668,-0.066,-0.0523,-0.0513,-0.0499,-0.0449,-0.044,-0.0155,0.0212,0.0606,0.0551,0.0494,0.0423,0.0447,0.031,0.0329
2023-07-17,-1.5212,29.2482,N,0.3935,0.371,0.2877,0.2294,0.1521,0.097,0.132,0.107,0.0352,-0.0523,-0.0867,-0.1106,,,,,,,,,,,,-0.1022,-0.0779,-0.0397,0.0378,0.0378,0.0291,-0.0058
2023-07-17,-1.5212,29.2482,NE,,0.4462,,,,,,,,,,-0.0891,,,,,,,,,,-0.0489,-0.0325,-0.0256,-0.0319,0.0016,-0.0028,-0.003,-0.0138,-0.0471
2023-07-17,-1.5212,29.2482,NO,0.424,0.3939,0.3491,0.2446,0.1836,0.138,0.0601,0.0218,-0.025,-0.0301,,,,,,,,,,,,-0.1379,,,,,,0.0086,0.0151,
2023-07-17,-1.5212,29.2482,O,,0.3292,0.2506,0.2454,0.2368,0.1628,0.0571,-0.0028,0.0095,-0.0505,-0.0481,0.0493,,,,,,,,,,,,,,,,,,
2023-07-17,-1.5212,29.2482,S,0.4698,0.4554,0.4179,0.3588,0.2827,0.1511,0.0733,0.0381,0.02,0.0162,0.0128,0.0208,0.0236,0.0155,0.0081,0.007,,,,,,,,-0.1491,-0.1408,-0.1494,-0.1595,,,
2023-07-17,-1.5212,29.2482,SE,,0.3827,0.3401,0.2852,0.2008,0.1418,0.0938,0.0611,0.0189,0.0142,0.0126,0.0161,0.0318,,,,,,,,,,,,,,,,,
2023-07-17,-1.5212,29.2482,SO,0.4318,0.4254,0.418,0.3277,0.2599,0.1843,0.1259,0.0776,0.0291,-0.0012,0.0028,0.0186,0.0322,0.0498,0.0658,0.0725,0.0569,0.0444,0.0194,-0.0115,-0.0443,-0.0792,-0.1035,-0.1285,-0.1419,-0.1592,-0.1768,-0.1999,-0.206,
2023-07-25,-1.5196,29.249,E,,,0.8961,0.6029,0.3175,0.1249,0.0504,0.011,-0.0179,,,,,,,-0.1142,,-0.0416,-0.0097,-0.0094,-0.0016,,,,,,,,,
2023-07-25,-1.5196,29.249,N,0.9746,0.9746,0.9746,0.9746,0.8986,0.6187,0.267,0.1061,0.0747,0.0295,-0.0085,-0.0252,-0.0252,-0.025,-0.0241,-0.0228,-0.0223,-0.022,0.0044,0.0056,0.0216,0.0225,0.0126,-0.0025,-0.0082,-0.0164,-0.0182,-0.009,0.0063,0.0008
2023-07-25,-1.5196,29.249,NE,,1.014,0.9644,0.7084,0.5218,0.2062,0.1067,0.0533,0.0319,0.0177,0.0056,-0.0118,-0.0198,-0.0301,-0.0459,-0.0612,-0.0124,0.006,0.0365,0.0471,0.0283,-0.0038,-0.0195,-0.0223,-0.0227,-0.019,-0.0132,-0.0067,-1e-04,0.0039
2023-07-25,-1.5196,29.249,NO,,0.7146,0.7214,0.7163,0.7138,0.7095,0.7104,0.7112,0.7112,,,,,,,,,,,-0.0831,-0.1184,-0.1058,-0.0992,-0.0933,-0.0758,-0.0746,-0.0477,0.0099,0.0471,0.0688
2023-07-25,-1.5196,29.249,O,,0.416,0.4403,0.4423,0.4241,0.4099,0.3896,0.3815,0.3835,0.3835,0.3856,0.3916,0.3876,0.3896,0.3876,0.3619,0.167,-0.0741,-0.2432,-0.3636,-0.3942,-0.4025,-0.3713,-0.3682,-0.3688,-0.2927,-0.1361,-0.0539,0.0991,0.1292
2023-07-25,-1.5196,29.249,S,0.7668,,,,,,,,,,0.2011,0.0897,0.0665,0.0556,0.0565,0.0699,0.0527,0.0372,0.0257,0.0169,-0.0062,-0.0314,-0.0618,-0.0592,-0.0785,-0.0932,-0.0802,-0.1048,-0.1076,
2023-07-25,-1.5196,29.249,SE,,1.0,,,,,,,,,,,,,,,,,,,,,,,,,,,,
2023-07-25,-1.5196,29.249,SO,0.466,,,0.4865,0.4788,0.4711,0.4673,0.4686,0.4635,0.466,0.4257,0.0819,0.1611,-0.0161,-0.1391,-0.167,-0.1452,-0.1544,-0.1047,-0.0557,-0.0224,0.0175,0.0715,0.0836,0.1036,0.1048,0.0623,-0.008,-0.0719,-0.1051
2023-07-27,-1.5229,29.2502,E,0.3291,0.2493,0.1683,0.0922,0.0213,0.0471,0.0668,0.0997,0.0792,0.086,0.0725,0.0637,0.044,0.0382,0.0377,,,,,,,,,,,,,0.0726,0.0226,-0.0273
2023-07-27,-1.5229,29.2502,N,,0.7158,0.6799,0.5319,0.3946,0.2514,0.0747,0.0063,-0.0092,-0.025,-0.0282,-0.0322,-0.0487,-0.057,-0.0669,-0.07,-0.0729,-0.0637,-0.0192,-0.0094,0.0013,0.0019,0.0359,0.053,0.0519,0.012,0.0504,0.0571,0.0648,0.0678
2023-07-27,-1.5229,29.2502,NE,,0.7625,0.6843,0.6394,0.612,0.6168,0.6035,0.4473,0.3168,0.1275,0.02,-0.0371,-0.0481,-0.0872,-0.1001,-0.1035,-0.0688,-0.0332,-0.037,-0.0167,0.0138,0.0406,0.036,0.0392,0.0244,,,,0.0862,0.0721
2023-07-27,-1.5229,29.2502,NO,,0.6709,0.5218,0.4011,0.2585,0.1327,0.0501,-0.003,-0.0146,-0.0258,-0.0447,-0.058,-0.0584,-0.0531,-0.0516,-0.0497,-0.0428,0.0231,0.0336,0.0154,0.0123,-0.0043,,,-0.005,0.0127,0.0302,0.0405,0.0355,0.0305
2023-07-27,-1.5229,29.2502,O,0.7477,0.67,0.3932,0.4141,0.2727,,,,,,,,,,,,,,,,0.0451,0.0259,0.0131,0.0035,-0.0156,-0.0144,-0.0194,-0.0244,-0.0311,-0.0301
2023-07-27,-1.5229,29.2502,S,,0.4019,0.3859,0.3615,0.37,0.3484,0.3215,0.2609,0.1922,0.0282,-0.0823,-0.0753,-0.1135,-0.1327,-0.124,-0.0993,-0.0451,-0.0347,0.0243,0.0716,0.0696,0.0821,0.0666,0.0432,-0.0458,-0.0369,-0.0319,-0.0844,-0.1179,-0.1398
2023-07-27,-1.5229,29.2502,SE,0.3832,0.4098,0.3042,0.298,0.2963,0.3108,0.3393,0.3434,0.2919,0.2593,0.2323,0.2223,0.1708,-0.0206,-0.0727,-0.1926,-0.2101,-0.23,-0.2235,-0.1528,-0.0258,0.0158,0.0713,0.0838,0.0719,-0.0161,-0.0511,-0.0748,-0.0991,-0.1392
2023-07-27,-1.5229,29.2502,SO,0.716,0.6629,0.6782,0.6023,0.4999,0.3573,0.3764,0.2363,0.1815,,,,,,,,,,,,,0.1049,0.0503,0.0352,0.0158,0.0036,-0.0107,-0.0272,-0.0458,-0.0552
2023-08-23,-1.5228,29.2501,E,,0.1972,0.2041,,,,,,,,-0.0565,0.046,0.001,-0.0319,,-0.0035,,,,-0.0814,-0.0899,-0.0818,-0.0418,-0.0376,-0.0117,0.0165,0.0336,0.0099,0.0309,0.0189
2023-08-23,-1.5228,29.2501,N,0.2644,0.2327,0.1902,0.1572,0.0766,0.0282,0.0015,-0.0044,0.022,-0.005,-0.0007,,,,,,,,,,,,,,,,,,,
2023-08-23,-1.5228,29.2501,NE,,0.2978,0.2357,0.2372,0.201,,,,,,,,,,,,,,,-0.0389,-0.0287,-0.023,-0.0177,,,-0.0032,0.0042,0.0261,0.0381,0.0601
2023-08-23,-1.5228,29.2501,NO,0.2189,0.187,0.2253,0.1493,0.0637,0.0568,0.044,,-0.0,,,,,,,,,,,,,,,,,,,,,
2023-08-23,-1.5228,29.2501,S,,0.1422,,0.0982,0.1491,0.108,0.1208,0.1143,0.1042,0.0891,0.0645,0.0403,0.0039,-0.0424,-0.0515,-0.0641,-0.034,-0.0372,-0.0068,0.0253,0.0301,0.0411,,,-0.002,,,,,
2023-08-23,-1.5228,29.2501,SE,0.2517,0.2378,0.2214,0.2172,0.2013,0.1511,0.1354,0.1436,0.1523,,,,,0.0599,0.0243,-0.0084,,,,,,,,0.0383,0.044,0.046,0.0145,-0.0054,-0.0089,-0.0249
2024-06-25,-1.5193,29.249,E,,,0.8588,0.6316,0.3733,0.1615,-0.0015,-0.0306,-0.0442,-0.0385,-0.0577,-0.0674,-0.0685,-0.0633,-0.0246,0.0225,0.0583,0.0561,0.0479,0.0532,0.0404,0.0164,0.0068,0.0102,0.0148,0.0154,0.0005,-0.018,-0.0154,-0.0141
2024-06-25,-1.5193,29.249,N,0.8844,0.8848,0.8848,0.8835,0.8224,0.6699,0.4568,0.2981,0.309,0.0716,-0.0307,-0.0935,-0.0971,-0.104,-0.0871,-0.1053,-0.0242,-0.0005,-0.0013,0.0019,0.0247,0.0282,0.0069,0.0092,0.004,0.0138,0.0074,0.0296,0.0374,0.0521
2024-06-25,-1.5193,29.249,NE,,0.989,0.9268,0.7188,0.5534,0.2654,0.1051,0.0333,0.0217,-0.0125,-0.0162,-0.041,-0.0471,-0.0596,-0.0727,-0.0387,0.0123,0.0053,0.0554,0.0226,0.018,-0.011,-0.0183,-0.0177,-0.0149,-0.0102,-0.0022,0.0052,0.0124,0.0182
2024-06-25,-1.5193,29.249,NO,,0.4601,0.462,0.4601,0.4504,0.4504,0.4465,0.4504,0.4542,0.4581,0.462,0.4523,0.4426,0.4434,0.0725,-0.039,-0.2489,-0.247,-0.2652,-0.285,-0.2397,-0.2139,-0.1701,-0.142,-0.1069,-0.0729,-0.0346,0.0499,0.1284,0.1841
2024-06-25,-1.5193,29.249,O,,0.3306,0.3537,0.3767,0.371,0.3614,0.3421,0.3267,0.321,0.3229,0.3267,0.3287,0.3287,0.3267,0.3267,0.3287,0.3287,0.3229,0.2616,0.036,-0.1754,-0.2964,-0.3571,-0.394,-0.3917,-0.3501,-0.193,-0.0486,0.0498,0.0957
2024-06-25,-1.5193,29.249,S,0.6367,0.6367,0.6367,0.6393,0.642,0.5662,0.4187,0.352,0.1492,-0.0168,0.0317,0.0578,0.1042,0.0801,0.0873,0.0957,0.0667,0.0296,-0.0072,-0.0394,-0.0692,-0.0871,-0.1273,-0.1555,,,,,,
2024-06-25,-1.5193,29.249,SE,,0.8974,0.8557,0.6031,0.5189,0.2967,0.1681,0.0525,0.0261,0.0275,0.0022,-0.0005,0.0041,0.004,0.0152,0.0078,0.0007,-0.0166,-0.0235,-0.0352,-0.0441,-0.0562,-0.0696,,,,,,,
2024-06-25,-1.5193,29.249,SO,0.3234,0.3234,0.3234,0.3302,0.3336,0.337,0.3336,0.3319,0.3336,0.3302,0.3336,0.2776,0.2759,0.2491,-0.0409,-0.1647,-0.1947,-0.1708,-0.1884,-0.1557,-0.106,-0.0792,-0.0232,0.0346,0.1025,0.1068,0.1341,0.1284,0.0919,0.054
2024-07-03,-1.5199,29.2485,E,,,0.909,0.8487,0.644,0.4684,0.2584,0.0925,-0.0185,-0.0588,-0.0722,-0.0562,-0.0692,-0.0638,-0.0511,-0.0432,-0.0175,0.0129,0.0472,0.0495,0.0447,0.0422,0.0413,0.0257,0.0195,0.0111,0.0009,-0.0123,-0.0162,-0.03
2024-07-03,-1.5199,29.2485,N,0.7932,0.7951,0.7979,0.7951,0.7951,0.7922,0.7903,0.7134,0.659,0.3793,0.2106,0.0609,-0.0625,-0.1188,-0.1652,-0.1898,-0.1907,-0.1591,-0.1171,-0.0517,0.0334,0.0192,0.0413,0.0388,0.0244,0.0152,0.0016,0.0061,0.0114,0.0247
2024-07-03,-1.5199,29.2485,NE,,0.9555,0.9554,0.9221,0.8866,0.718,0.5733,0.339,0.162,0.0526,-0.0021,-0.0071,-0.0288,-0.0468,-0.0545,-0.0562,-0.0594,-0.0634,-0.0198,0.0261,0.0683,0.0454,0.0436,0.0367,-0.0273,-0.0312,-0.0345,-0.0385,-0.0373,-0.035
2024-07-03,-1.5199,29.2485,NO,,0.4788,0.511,0.511,0.4969,0.4708,0.4547,0.4506,0.4547,0.4547,0.4623,0.4547,0.4506,0.4492,0.2864,0.0935,-0.1911,-0.2225,-0.2319,-0.2796,-0.2887,-0.251,-0.2011,-0.1762,-0.1467,-0.1037,-0.0208,0.034,0.1374,0.2356
2024-07-03,-1.5199,29.2485,O,,0.4807,0.484,0.4807,0.4691,0.4608,0.4575,0.4575,0.4608,0.4625,0.4608,0.4608,0.4575,0.4608,0.3613,0.2336,0.0877,-0.1095,-0.2513,-0.3208,-0.3634,-0.3628,-0.3333,-0.3081,-0.1909,-0.1236,-0.0401,0.0075,0.0559,0.1477
2024-07-03,-1.5199,29.2485,S,0.6655,0.6668,0.6692,0.6692,0.5447,0.4084,0.2638,0.1918,0.0566,0.0376,0.0972,0.0931,0.107,0.0946,0.0633,0.031,-0.0021,-0.0269,-0.0525,-0.0754,-0.094,-0.1099,-0.1361,-0.1399,-0.1538,-0.1807,-0.1886,,,
2024-07-03,-1.5199,29.2485,SE,,0.9146,0.9143,0.8173,0.5357,0.3735,0.2426,0.1301,0.0641,0.0466,0.0261,0.0094,0.0187,-0.0033,-0.0029,-0.0096,-0.0126,-0.0226,-0.0152,0.0007,-0.0012,0.0108,0.0181,0.0218,0.0137,-0.0108,-0.0125,-0.0144,-0.0292,-0.0291
2024-07-03,-1.5199,29.2485,SO,0.4441,0.4441,0.4468,0.4441,0.4414,0.4441,0.4387,0.4427,0.4096,0.2658,0.1821,-0.027,-0.0795,-0.0982,-0.101,-0.0819,-0.0496,-0.0353,-0.0085,0.0168,0.0241,0.0242,0.0756,0.0547,0.0193,-0.2005,-0.267,-0.3038,,
2024-08-04,-1.5217,29.2501,E,,0.2978,0.2038,0.0872,0.0934,0.1034,0.0898,0.0608,0.0298,0.0187,-0.0066,-0.0458,,,,,,,,,,,,,,,,,,
2024-08-04,-1.5217,29.2501,N,0.2849,0.205,0.127,0.0855,0.0646,0.0378,-0.0014,-0.0422,-0.0757,-0.0723,-0.0511,-0.0492,-0.0485,-0.0517,,,,,,,-0.0274,-0.0235,0.0026,-0.0125,-0.0087,0.0094,0.026,0.034,0.0388,0.0464
2024-08-04,-1.5217,29.2501,NE,,0.2507,0.2152,0.1723,0.1224,0.0981,0.0365,-0.0184,-0.0621,,,,,,,,,,,,,,,-0.0105,-0.0127,0.0094,0.024,0.0134,0.0286,0.0508
2024-08-04,-1.5217,29.2501,NO,0.2198,0.1273,0.1128,0.0924,0.0792,0.0602,0.032,0.0109,-0.0034,-0.0127,-0.0042,0.0003,0.0194,0.0158,0.0053,-0.0116,-0.0214,-0.0332,-0.0143,0.0265,0.0157,0.0143,0.0344,0.0185,-0.0173,-0.0282,-0.028,0.0074,-0.0398,
2024-08-04,-1.5217,29.2501,O,,0.238,0.1945,0.1522,0.107,0.0701,0.0284,0.0127,-0.0021,-0.0139,-0.0242,-0.0256,-0.0067,0.0111,0.0154,0.0174,0.0044,0.0014,0.0148,0.0155,0.0042,-0.0082,-0.0241,-0.03,,,,,,
2024-08-04,-1.5217,29.2501,S,0.4649,0.3918,0.3658,0.258,0.2071,0.1535,0.1035,,,,,0.0251,,,,,,,,,,,,,,,,,,
2024-08-04,-1.5217,29.2501,SE,,0.2133,0.1592,0.105,0.0783,0.0678,0.0464,0.0322,0.0367,0.0115,0.0374,0.0172,-0.0092,-0.0294,,,,,,,,,,,,,,,,
2024-08-04,-1.5217,29.2501,SO,0.3982,0.435,0.4138,0.3579,,0.1957,0.1055,,,,,,,,,,-0.0004,-0.0004,-0.0003,-0.0003,-0.0003,-0.0003,-0.0003,,,,,,,
2025-02-20,-1.5218,29.2485,E,,0.7972,0.612,0.3271,0.1615,0.0543,0.0157,0.0615,0.0525,0.0324,,,,,,,,,,,,,,,,,-0.0238,0.0227,-0.0019,-0.0126
2025-02-20,-1.5218,29.2485,N,0.7875,0.7865,0.7856,0.7856,0.7856,0.7865,0.7015,0.4822,0.39,0.2232,0.1086,0.0321,-0.0364,-0.0786,-0.0926,-0.1005,-0.1079,-0.1139,-0.1102,-0.1212,-0.1186,-0.1083,-0.1026,-0.0869,-0.0147,0.0032,0.0265,0.0402,0.0351,0.0227
2025-02-20,-1.5218,29.2485,NE,,0.9386,0.8218,0.5885,0.4403,0.3031,0.3331,0.2751,,,,,,,,,,,,,,,-0.0344,-0.015,-0.0076,0.0078,0.0041,0.0064,0.006,0.0072
2025-02-20,-1.5218,29.2485,NO,0.5528,0.5506,0.5506,0.5506,0.5495,0.5506,0.5506,0.5506,0.4427,0.2877,0.1615,-0.0038,-0.1506,-0.2439,-0.2895,-0.308,-0.3134,-0.3182,-0.3173,-0.298,-0.2814,-0.2426,-0.2012,-0.0619,0.0084,0.0747,0.0871,0.0629,0.0258,-0.0163
2025-02-20,-1.5218,29.2485,O,,0.4752,0.4784,0.4795,0.4763,0.4755,0.4066,0.2523,0.0794,-0.0926,-0.2141,-0.2947,,,,,,,,,,,,0.0631,0.0696,0.0553,0.0094,-0.0405,-0.0825,-0.1106
2025-02-20,-1.5218,29.2485,S,0.5652,0.5181,0.4325,0.2399,0.1279,0.0249,0.0305,0.0533,0.0618,,,,,,,,,,,,,,,,,,,,,
2025-02-20,-1.5218,29.2485,SE,,0.786,0.636,0.4537,0.329,0.1918,0.1437,0.092,,,,,,,,,,,,,,,,,0.0022,0.0005,1e-04,-0.0007,-0.0013,-0.0009
2025-02-20,-1.5218,29.2485,SO,0.5841,0.6134,0.6134,0.6134,0.458,0.3156,0.2493,0.1532,0.0583,0.0046,-0.0082,-0.041,,,,,,,,,,,,,,,,,,
2025-02-28,-1.5212,29.2496,E,,0.8557,0.4315,0.2132,0.1591,0.1751,0.1605,0.1342,0.1102,0.0474,0.0172,-0.0107,-0.0287,-0.0333,-0.0262,0.0157,0.0176,0.0245,0.0269,0.0361,0.0254,0.014,-0.0009,0.0022,-0.0068,-0.0137,-0.0162,-0.0215,-0.0293,-0.0263
2025-02-28,-1.5212,29.2496,N,0.9144,0.8197,0.5009,0.342,0.3281,0.2043,0.1432,0.0771,0.0416,-0.0033,-0.0248,-0.0299,-0.033,-0.0447,-0.0644,-0.0705,-0.0721,-0.0683,-0.0688,-0.0629,-0.0265,-0.0263,-0.0177,-0.0032,0.0147,0.033,0.0447,0.0521,0.0629,0.0804
2025-02-28,-1.5212,29.2496,NE,,0.6674,0.3306,0.2268,0.2004,0.1893,0.1715,0.1221,0.0799,0.0033,-0.0169,-0.0324,-0.0397,-0.0432,-0.0475,-0.0518,-0.0593,-0.0769,-0.0538,0.0023,0.011,0.0179,0.0279,0.0272,0.0165,0.0146,0.0397,0.0054,-0.0269,0.0228
2025-02-28,-1.5212,29.2496,NO,0.7869,0.7878,0.7878,0.6444,0.6437,0.6787,0.44,0.2316,0.1946,0.0334,-0.0006,-0.0367,-0.016,-0.0274,-0.0367,-0.0385,-0.0561,-0.0969,-0.1232,-0.1141,-0.0996,-0.0411,-0.0048,0.0202,0.0388,0.0371,0.0555,0.0408,0.0277,0.0256
2025-02-28,-1.5212,29.2496,O,,0.6841,0.6836,0.6836,0.6836,0.6846,0.6851,0.6856,0.6315,0.3603,0.195,0.0607,-0.0315,-0.1008,-0.1418,-0.1613,-0.1719,-0.1683,-0.1725,-0.1493,-0.1131,-0.0812,-0.0568,-0.0187,0.0263,0.0439,0.0469,0.0284,0.0017,-0.0236
2025-02-28,-1.5212,29.2496,S,0.8341,0.8535,0.7742,0.6259,0.6203,0.302,0.1668,0.1382,0.0767,0.0106,0.0429,0.0503,0.0645,0.0496,0.2634,,,,,,,,,,,,,,,
2025-02-28,-1.5212,29.2496,SE,,0.7537,0.5025,0.2786,0.1961,0.1275,0.1044,0.1119,0.0886,0.0609,0.0346,0.019,,,,,,,,,0.0953,0.0622,0.0402,0.0156,0.0026,-0.0073,-0.0116,-0.0167,-0.022,-0.0333
2025-02-28,-1.5212,29.2496,SO,0.716,0.7173,0.7148,0.7167,0.7173,0.7186,0.7186,0.7179,0.5663,0.3166,0.1459,-0.0298,-0.075,-0.1138,-0.1294,-0.1202,-0.0962,-0.0713,-0.0442,-0.0153,0.0171,0.0482,0.073,0.0803,0.074,0.0196,0.0017,-0.0557,-0.0064,-0.0207
2025-04-09,-1.5218,29.2485,E,,0.7502,0.5257,0.2945,0.2152,0.1649,0.1377,0.1867,0.1839,0.1547,0.1245,0.0569,0.0261,0.0064,-0.0091,-0.0232,-0.0309,-0.016,0.0156,0.0284,0.0265,0.0235,0.007,0.0036,0.0034,0.0064,-0.0021,-0.0132,-0.0238,-0.0277
2025-04-09,-1.5218,29.2485,N,0.8567,0.856,0.8554,0.8554,0.8554,0.856,0.6213,0.4024,0.2956,0.1939,0.1311,0.0522,0.0125,-0.0096,0.0283,0.0172,-0.0102,-0.0267,-0.0435,-0.0689,-0.0813,-0.0604,-0.0375,-0.0228,0.0183,0.0267,0.0319,0.0302,0.0196,0.0076
2025-04-09,-1.5218,29.2485,NE,,0.9779,0.8485,0.6437,0.5851,,,,,,,,,,,0.0292,0.0167,-0.002,-0.0117,-0.024,-0.0314,-0.0379,-0.038,-0.0204,0.0036,0.0159,0.0154,0.0221,0.016,0.019
2025-04-09,-1.5218,29.2485,NO,0.6264,,,0.4601,0.5017,0.5433,0.5433,0.3141,0.0721,-0.0244,-0.1167,-0.1189,-0.1607,-0.0897,0.0602,0.0916,,,,,,,,,,,,,,
2025-04-09,-1.5218,29.2485,O,,0.709,0.6596,0.6432,0.4889,0.3135,0.0817,0.0714,0.0221,-0.033,-0.0915,-0.1526,,,,,,,,,,,,,,,,,,
2025-04-09,-1.5218,29.2485,S,0.7669,0.6168,0.2735,0.1327,0.06,0.0368,-0.0017,-0.012,,,,0.1699,,,,,,,,,,,,,,,,,,
2025-04-09,-1.5218,29.2485,SE,,0.4154,0.2344,0.1476,0.0788,0.0574,0.0424,0.0503,0.0458,0.0193,-0.0014,-0.0008,-0.0086,0.0098,0.0023,0.0041,0.0237,0.0251,0.0298,0.0203,-0.0005,-0.0436,-0.0516,,,,,,,
2025-04-09,-1.5218,29.2485,SO,1.0,1.0,1.0,0.5368,0.3588,0.2378,0.2903,,,,,,,,,,,,,,,,,,,,,,,
2025-07-30,-1.5215,29.249,E,,0.7743,0.5163,0.3669,0.3109,0.3084,0.3144,0.2997,0.27,0.2189,0.1316,0.0412,-0.0382,-0.1194,-0.1295,-0.0886,-0.0824,-0.0661,-0.0571,-0.044,-0.0233,-0.0072,0.0096,0.0208,0.0343,0.0402,0.0291,0.0159,-0.0033,-0.0154
2025-07-30,-1.5215,29.249,N,0.8911,0.8906,0.8904,0.8906,0.6255,0.4886,0.3628,0.2414,0.1824,0.0488,-0.0092,-0.0539,-0.0244,-0.0088,0.0017,0.007,-0.0658,-0.0759,-0.0714,-0.057,-0.0598,-0.0553,-0.0346,-0.0392,-0.0113,0.0304,0.0422,0.0427,0.0437,0.0413
2025-07-30,-1.5215,29.249,NE,,0.93,0.742,0.473,0.3883,0.3888,0.3333,0.2859,0.2198,0.0851,0.0228,-0.0309,-0.0439,-0.0612,-0.0701,-0.0707,-0.0713,-0.0758,-0.0821,-0.0907,-0.0878,-0.0284,0.0088,0.0487,0.0565,0.055,0.0394,0.025,0.0256,0.0094
2025-07-30,-1.5215,29.249,NO,0.7186,0.7186,0.7186,0.7186,0.7193,0.587,0.4268,0.2777,0.1881,0.1135,0.0751,0.0166,-0.037,-0.0597,-0.0577,-0.0464,-0.0489,-0.0561,-0.0685,-0.0767,-0.0765,-0.0487,-0.0332,0.0088,0.0382,0.0594,0.036,0.0004,-0.0319,-0.0648
2025-07-30,-1.5215,29.249,O,,0.6724,,,0.6742,0.6742,0.5077,0.2262,0.1321,0.1081,0.0721,0.0304,-0.0077,-0.0343,-0.0489,-0.0561,-0.0579,-0.0548,-0.005,0.0339,0.0519,0.0445,0.0508,0.062,0.0402,0.0046,-0.0372,-0.0963,-0.1245,-0.1389
2025-07-30,-1.5215,29.249,S,0.8401,0.8357,0.7361,0.5174,0.3796,0.2873,0.2403,0.1764,0.1305,0.1101,0.0515,0.0328,0.0288,0.0215,0.0444,0.0621,0.0749,0.0584,0.0645,0.0156,-0.0025,-0.0028,-0.0072,-0.0291,-0.0412,-0.0617,-0.08,-0.0874,-0.0972,-0.1105
2025-07-30,-1.5215,29.249,SE,,0.6392,0.4739,0.3296,0.2658,0.2385,0.2049,0.1818,0.147,0.1477,0.1152,0.0709,0.0327,0.0324,0.04,0.0435,0.0308,0.0739,0.0577,0.0345,0.0235,0.0061,-0.0126,-0.0242,-0.0335,-0.0433,-0.0431,-0.0523,-0.0592,-0.0683
2025-07-30,-1.5215,29.249,SO,0.8019,0.8027,0.8027,0.8027,0.7251,0.5205,0.2919,0.1297,0.0569,0.0201,0.0129,-0.0474,-0.0306,0.0139,0.0202,0.0054,0.0334,0.0732,0.0816,0.1032,0.0869,0.056,0.0281,0.0078,-0.023,-0.043,-0.0548,-0.0696,-0.086,-0.0999
2025-08-23,-1.5226,29.2496,E,,1.0,,,,,,,,,,,,,,,,,,,,,,,,,,,,
2025-08-23,-1.5226,29.2496,N,0.8187,0.3995,,,,,,,,,,,,,,,,-0.0829,-0.0838,-0.0628,-0.0221,-0.01,-0.0028,0.0103,0.0108,0.0083,0.0053,0.0054,0.0264,0.0237
2025-08-23,-1.5226,29.2496,NE,,0.8327,,,,,,,,,,,,,,,,,,,,,,,,,0.0098,0.0108,0.0112,0.0033
2025-08-23,-1.5226,29.2496,NO,0.7077,0.3314,0.21,0.1161,0.0764,0.0584,0.0514,0.0433,0.027,0.018,0.017,,,,,,,,,,0.0079,0.019,0.0175,0.0138,-0.001,-0.0074,-0.0156,-0.0133,-0.0248,-0.0319
2025-08-23,-1.5226,29.2496,O,,0.5903,0.2873,0.1039,0.0705,0.0723,0.0588,0.0547,0.0453,0.046,0.0409,0.0268,0.0329,0.0198,0.0269,0.0516,0.0535,0.0566,0.0599,0.0523,0.0334,0.0093,-0.0076,-0.0257,-0.0384,-0.0452,-0.0534,-0.0537,-0.0601,-0.0432
2025-08-23,-1.5226,29.2496,S,1.0,1.0,0.8949,0.7719,0.6064,0.361,,,,,,,,,,,,,,,,,,,,,,,,
2025-08-23,-1.5226,29.2496,SE,,1.0,0.9433,,,,,,,,,,,,,,,,,,,,,,,,,,,
2025-08-23,-1.5226,29.2496,SO,1.0104,1.0067,0.7088,0.3885,,,,,,,,,,,,,,,,,0.0319,0.0122,-0.0024,-0.0152,-0.0129,-0.011,-0.0061,-0.002,0.0049,0.0094
