date,center_lat,center_long,direction,15m,45m,75m,105m,135m,165m,195m,225m,255m,285m,315m,345m,375m,405m,435m,465m,495m,525m,555m,585m,615m,645m,675m,705m,735m,765m,795m,825m,855m,885m
2000-02-29,-5.5189,148.1172,E,,0.0067,0.0067,-0.0058,-0.0058,-0.0057,0.0066,0.0066,0.0066,-0.0058,-0.0058,0.0066,0.0066,0.0067,0.0066,0.0066,-0.0058,-0.0058,-0.0058,0.0066,0.0066,-0.0058,-0.0058,-0.0058,-0.0058,-0.0058,-0.0058,-0.0058,-0.0058,-0.0058
2000-02-29,-5.5189,148.1172,N,0.0125,0.0125,0.0125,0.0125,0.0125,0.0125,0.0125,0.0062,0.0125,0.0,0.0,0.0,0.0,0.0062,0.0,0.0,0.0,0.0,0.0124,0.0125,0.0125,0.0125,0.0125,0.0124,0.0124,0.0125,0.0124,0.0,0.0,0.0
2000-02-29,-5.5189,148.1172,NE,,0.0125,0.0125,0.0125,0.0125,0.0125,0.0125,0.0062,0.0,0.0,0.0062,0.0124,0.0124,0.0,0.0124,0.0062,0.0124,0.0124,0.0124,0.0124,0.0,0.0,0.0,0.0,0.0,0.0,0.0123,0.0123,0.0123,0.0
2000-02-29,-5.5189,148.1172,NO,,0.0,0.0,0.0125,0.0,0.0125,0.0125,0.0125,0.0125,0.0125,0.0125,1e-04,1e-04,1e-04,0.0125,0.0125,0.0063,1e-04,1e-04,1e-04,1e-04,1e-04,1e-04,1e-04,1e-04,0.0,0.0,1e-04,1e-04,0.0125
2000-02-29,-5.5189,148.1172,O,-0.005,0.0074,0.0074,0.0198,0.0074,0.0074,-0.005,-0.005,-0.005,0.0074,0.0074,0.0074,0.0075,0.0074,-0.005,-0.005,-0.005,0.0074,-0.005,-0.005,-0.0039,-0.005,-0.005,-0.005,-0.005,-0.005,-0.0051,-0.005,-0.005,-0.005
2000-02-29,-5.5189,148.1172,S,0.0862,0.0863,0.1108,0.1319,0.1782,0.1787,0.1299,0.0023,0.0019,,,,,,,,,,,,,,,,,,,,,
2000-02-29,-5.5189,148.1172,SE,,-0.0049,-0.0049,0.0073,0.0317,0.0537,0.0243,-0.0217,0.0132,0.053,0.0194,0.02,0.052,0.0449,0.0217,0.0409,0.0476,0.0411,0.0275,-0.0141,,,,,,,,,,
2000-02-29,-5.5189,148.1172,SO,,-0.1368,-0.1368,-0.1184,-0.0943,-0.0389,0.0219,0.0576,0.0487,0.0004,0.0053,-0.0231,-0.0341,-0.0339,-0.0437,-0.0447,-0.0452,-0.0461,-0.0449,-0.0569,,,,,,,,,,
2000-04-17,-5.5189,148.1172,E,,-0.0263,-0.0187,-0.0263,-0.0263,-0.0263,-0.0262,-0.0262,-0.0262,-0.0125,-0.011,-0.0109,0.0042,0.0042,-0.0109,-0.0108,-0.0108,0.0043,0.0043,0.0043,0.0044,0.0044,0.0043,0.0044,0.0044,0.0045,0.0045,0.0045,0.0046,0.0045
2000-04-17,-5.5189,148.1172,N,0.0,0.0151,0.0304,0.0304,0.0304,0.0304,0.0304,0.0304,0.0304,0.0153,0.0153,0.0304,0.0304,0.0152,0.0151,0.0151,0.0151,0.0152,0.0151,0.0,0.0,0.0,0.0,0.0,0.0151,0.0151,0.0152,0.0,0.0151,0.0076
2000-04-17,-5.5189,148.1172,NE,,0.0151,0.0152,0.0152,0.0152,0.0153,0.0305,0.0305,0.0381,0.0306,0.0306,0.0306,0.0154,0.0154,0.0154,0.0154,0.0154,0.0154,0.0154,0.0154,0.0154,0.0155,1e-04,1e-04,1e-04,0.0155,0.0002,0.0002,0.0155,0.0002
2000-04-17,-5.5189,148.1172,NO,,0.0151,0.0151,0.0303,0.0304,0.0454,0.0379,0.0303,0.0379,0.0454,0.0303,0.0303,0.0303,0.0302,0.0303,0.0303,0.0302,0.0303,0.0302,0.0302,0.0301,0.0302,0.0226,0.015,0.0301,0.0301,0.0301,0.0301,0.0302,0.0302
2000-04-17,-5.5189,148.1172,O,-0.0239,-0.0239,-0.0163,0.0064,0.0064,0.0064,0.0064,0.0064,-0.0088,-0.0088,-0.0088,-0.0088,-0.0089,-0.0089,0.0062,0.0062,-0.0013,-0.0089,0.0062,0.0062,0.0027,0.0061,0.0061,0.0061,0.0061,0.006,0.006,0.006,0.006,0.006
2000-04-17,-5.5189,148.1172,S,-0.0184,-0.0184,0.012,0.0403,0.0841,0.0997,0.0861,-0.0061,0.0077,,,,,,,,,,,,,,,,,,,,,
2000-04-17,-5.5189,148.1172,SE,,-0.0305,-0.0152,-1e-04,-1e-04,0.0218,0.0155,-0.0414,-0.0145,0.0499,0.0161,0.0329,0.0531,0.0407,0.0235,0.0327,0.0545,0.0598,0.0574,0.0079,,,,,,,,,,
2000-04-17,-5.5189,148.1172,SO,,-0.0974,-0.0898,-0.0823,-0.0747,-0.0195,0.023,0.0682,0.0649,0.0162,0.0067,-0.0095,-0.0056,0.0036,-0.0116,-0.0219,-0.0416,-0.0323,-0.0064,-0.0181,,,,,,,,,,
2000-09-08,-5.5189,148.1172,E,,0.0018,0.0019,0.002,0.002,0.0021,0.0022,0.0023,0.0023,0.0024,0.0025,0.0026,0.0025,0.0026,0.0026,0.0027,0.0028,0.0029,0.0031,-0.0093,0.0031,0.0031,0.0032,0.0036,0.0036,0.0037,0.0038,0.0035,0.0035,0.0038
2000-09-08,-5.5189,148.1172,N,0.0129,0.0129,0.013,0.0255,0.0255,0.0255,0.013,0.0131,0.0131,0.013,0.0009,0.0009,0.0129,0.0131,0.0131,0.013,0.0132,0.0011,0.0011,0.0009,0.0128,0.013,0.0131,0.0011,0.001,0.0015,0.0128,0.0128,0.0014,0.0127
2000-09-08,-5.5189,148.1172,NE,,0.013,0.0256,0.0132,0.0132,0.0133,0.0134,0.0133,0.0009,0.0135,0.0137,0.0137,0.0012,0.0013,0.0013,0.0015,0.0139,0.0077,0.0078,0.0078,0.0142,0.002,0.0145,0.0147,0.0146,0.0148,0.0083,0.0145,0.0146,0.0149
2000-09-08,-5.5189,148.1172,NO,,0.0128,0.0128,0.0127,0.0128,0.0126,0.0064,0.0125,0.0125,0.0002,0.0123,0.0123,0.0123,0.0122,0.0123,0.0122,0.0121,0.0121,0.012,0.0119,0.0,0.0,0.0,0.0118,0.0119,0.0,0.0,0.0,0.0,0.0114
2000-09-08,-5.5189,148.1172,O,0.0022,0.0146,0.0083,0.0019,0.0019,-0.0044,0.0017,0.0142,0.0141,0.014,0.014,0.0014,0.0014,0.0014,0.0011,0.0011,0.001,0.0009,0.0009,0.0007,0.0007,0.0006,0.0005,0.0005,0.0004,0.0003,0.0003,0.0002,1e-04,0.0003
2000-09-08,-5.5189,148.1172,S,-0.0042,-0.0042,-0.0042,0.0508,0.1285,0.14,0.0967,-0.0058,0.0092,,,,,,,,,,,,,,,,,,,,,
2000-09-08,-5.5189,148.1172,SE,,-0.007,-0.0071,-0.0008,0.0181,0.0528,0.0148,-0.0458,0.0068,0.0897,0.0271,0.0364,0.0505,0.0463,0.0314,0.0436,0.0657,0.07,0.0399,-0.0049,,,,,,,,,,
2000-09-08,-5.5189,148.1172,SO,,-0.1025,-0.1026,-0.1026,-0.1014,-0.0451,0.039,0.0897,0.0708,0.0235,0.0121,-0.0188,-0.0026,-0.0148,-0.0386,-0.0592,-0.0693,-0.0605,-0.039,-0.0351,,,,,,,,,,
2002-09-14,-5.5189,148.1172,E,,-0.0014,-0.0014,-0.0014,0.0073,0.0073,-0.0014,-0.0014,-0.0014,-0.0014,-0.0014,-0.0014,-0.0014,-0.0014,0.0073,0.0073,0.0073,0.0073,-0.0015,-0.0015,-0.0015,-0.0015,-0.0016,-0.0016,-0.0016,-0.0016,-0.0016,-0.0015,0.0028,-0.0016
2002-09-14,-5.5189,148.1172,N,0.0087,0.0,0.0,0.0,0.0,0.0,0.0087,0.0087,0.0087,0.0,0.0087,0.0175,0.0175,0.0131,0.0087,0.0087,0.0087,0.0087,0.0087,0.0087,0.0087,0.0087,0.0087,0.0087,0.0087,0.0175,0.0174,0.0174,0.0174,0.0174
2002-09-14,-5.5189,148.1172,NE,,0.0087,0.0087,0.0087,0.0087,0.0087,0.0087,0.0043,0.0043,0.0087,0.0087,0.0043,0.0087,0.0087,0.0087,0.0086,0.0086,0.0086,0.0086,0.013,0.0086,0.0086,0.0086,0.0173,0.0086,0.0173,0.0173,0.0173,0.0173,0.0173
2002-09-14,-5.5189,148.1172,NO,,0.0087,0.0044,0.0087,0.0087,0.0131,0.0132,0.0044,0.0088,0.0088,0.0088,0.0088,0.0088,0.0087,0.0,0.0088,0.0088,0.0088,0.0088,0.0088,0.0088,0.0088,0.0089,0.0088,0.0089,0.0089,0.0089,1e-04,0.0088,0.0089
2002-09-14,-5.5189,148.1172,O,-0.0018,-0.0018,-0.0018,-0.0017,-0.0017,-0.0017,-0.0017,-0.0017,-0.0017,-0.0017,-0.0017,-0.0017,-0.0017,-0.0017,-0.0017,-0.0017,-0.0017,0.0071,0.0071,-0.0016,0.0071,-0.0016,-0.0016,-0.0016,-0.0016,-0.0016,-0.0016,-0.0016,-0.0016,-0.0016
2002-09-14,-5.5189,148.1172,S,-0.0599,-0.0599,-0.0511,-0.0259,0.042,0.0579,0.049,-0.0067,0.0021,,,,,,,,,,,,,,,,,,,,,
2002-09-14,-5.5189,148.1172,SE,,0.0112,0.0156,0.0243,0.0287,0.0446,0.036,-0.0467,-0.014,0.0886,0.0247,0.0397,0.0431,0.0333,0.0231,0.0349,0.053,0.056,0.0662,0.0246,,,,,,,,,,
2002-09-14,-5.5189,148.1172,SO,,-0.0618,-0.0617,-0.0617,-0.053,-0.0157,0.035,0.0699,0.0484,0.0143,0.0075,-0.0011,-0.0033,0.0052,-0.0152,-0.0278,-0.0254,-0.0177,-0.0212,-0.0263,,,,,,,,,,
2002-11-01,-5.5189,148.1172,E,,0.0005,0.0005,0.0005,0.0005,0.0005,0.0005,0.0132,0.0006,0.0006,0.0006,-0.0121,0.0006,0.0007,0.0133,0.0007,0.0008,0.0008,0.0008,0.0008,0.0008,0.0008,0.0008,0.0009,0.0009,0.0009,0.0009,0.0009,-0.0117,-0.0117
2002-11-01,-5.5189,148.1172,N,1e-04,1e-04,1e-04,1e-04,1e-04,0.0129,0.0129,0.0065,0.0129,0.0002,0.0002,0.0128,0.0129,0.0065,1e-04,0.0002,0.0002,0.0002,0.0128,0.0129,0.0129,0.0129,0.0129,0.0128,0.013,0.0128,0.0002,0.0003,0.0128,0.0128
2002-11-01,-5.5189,148.1172,NE,,1e-04,1e-04,1e-04,1e-04,0.0002,0.0002,0.0002,0.0066,0.013,0.0131,0.0131,0.0131,0.0131,0.0131,0.0131,0.0132,0.0132,0.0132,0.0132,0.0132,0.0132,0.0133,0.0133,0.0133,0.0133,0.0134,0.0134,0.0134,0.0134
2002-11-01,-5.5189,148.1172,NO,,0.0128,0.0255,0.0128,0.0128,0.0128,0.0064,0.0128,0.0064,0.0128,0.0127,0.0128,0.0127,0.0127,0.0063,0.0126,0.0126,0.0063,0.0063,0.0126,0.0126,0.0126,0.0127,0.0127,0.0126,0.0126,0.0126,0.0125,0.0125,0.0124
2002-11-01,-5.5189,148.1172,O,-0.0005,-0.0005,0.0122,0.0122,-0.0005,-0.0005,-0.0006,0.0121,0.0121,0.0121,-0.0006,-0.0006,-0.0007,-0.0007,-0.0007,-0.0008,-0.0007,-0.0008,-0.0008,-0.0008,-0.0008,-0.0009,-0.0009,-0.0009,-0.001,-0.001,-0.001,-0.001,-0.0133,-0.0011
2002-11-01,-5.5189,148.1172,S,-0.0379,-0.0251,0.0128,0.0405,0.1368,0.1561,0.1104,-0.0018,-0.0059,,,,,,,,,,,,,,,,,,,,,
2002-11-01,-5.5189,148.1172,SE,,-0.0078,0.0113,0.0367,0.0554,0.0853,0.0538,-0.0523,-0.0193,0.0637,0.0311,0.0556,0.1001,0.0725,0.0493,0.0547,0.0786,0.0636,0.0776,0.006,,,,,,,,,,
2002-11-01,-5.5189,148.1172,SO,,-0.1702,-0.1576,-0.1386,-0.1198,-0.0618,0.0201,0.0606,0.0556,0.0142,0.0415,-0.0108,-0.0189,-0.0198,-0.0353,-0.0211,-0.0251,-0.0227,-0.019,-0.0153,,,,,,,,,,
2002-12-03,-5.5189,148.1172,E,,-0.009,-0.0091,-0.009,0.0038,0.0165,0.0165,-0.0027,0.0037,0.0037,0.0037,-0.0091,0.0036,0.0036,0.0163,0.0036,0.0036,0.0036,0.0036,0.0036,0.0036,0.0035,-0.0091,-0.0091,-0.0091,0.0035,0.0035,0.0035,0.0035,0.0035
2002-12-03,-5.5189,148.1172,N,0.0256,0.0128,0.0,0.0128,0.0256,0.0128,0.0128,0.0128,0.0128,0.0128,0.0,0.0128,0.0,0.0,0.0,0.0,0.0,0.0,0.0,0.0127,0.0,0.0,0.0,0.0,0.0127,0.0128,0.0128,0.0127,0.0127,0.0
2002-12-03,-5.5189,148.1172,NE,,0.0,0.0064,0.0128,0.0,0.0,0.0128,0.0128,0.0064,0.0,0.0127,0.0127,0.0,0.0,0.0,0.0,0.0,0.0127,0.0063,0.0,0.0063,0.0126,0.0126,0.0126,0.0126,0.0126,0.0,0.0126,0.0126,0.0126
2002-12-03,-5.5189,148.1172,NO,,0.0128,0.0128,0.0129,0.0129,0.0129,0.0065,1e-04,1e-04,0.0128,1e-04,0.0,1e-04,1e-04,0.0,0.0,1e-04,1e-04,0.0002,0.0002,0.0066,0.0002,1e-04,0.0,0.0002,0.0002,0.0002,0.0002,0.0002,0.0002
2002-12-03,-5.5189,148.1172,O,0.0123,0.0123,-0.0004,0.0124,-0.0004,-0.0004,-0.0004,-0.0004,-0.0131,-0.0003,0.006,0.0124,0.0124,0.0124,0.0124,0.0125,0.0061,-0.0003,-0.0002,-0.0002,-0.0002,-0.0002,-0.0002,-0.0002,-0.013,-0.013,-0.0002,-0.013,-0.0002,-0.0002
2002-12-03,-5.5189,148.1172,S,0.0283,0.0283,0.041,0.076,0.1372,0.145,0.1003,0.0058,0.0141,,,,,,,,,,,,,,,,,,,,,
2002-12-03,-5.5189,148.1172,SE,,0.0144,0.0336,0.0463,0.0526,0.0665,0.0271,-0.0753,-0.0012,0.0825,0.0332,0.0474,0.0643,0.0579,0.0344,0.0399,0.0698,0.065,0.0663,0.0196,,,,,,,,,,
2002-12-03,-5.5189,148.1172,SO,,-0.1072,-0.1199,-0.1072,-0.1072,-0.0395,0.0201,0.072,0.0393,0.0088,0.0102,-0.0048,0.016,0.0046,-0.0195,-0.0174,-0.0084,-0.004,-0.0084,-0.015,,,,,,,,,,
2003-10-28,-5.5189,148.1172,E,,,,,,-0.0028,-0.0027,0.0128,0.0129,0.0128,0.0052,-0.0023,-0.0022,-0.0022,-0.0022,-0.0022,-0.002,-0.002,-0.0019,-0.0019,-0.0019,-0.0018,-0.0017,-0.0017,-0.002,0.0135,,,,
2003-10-28,-5.5189,148.1172,N,,,,,,,,,,,0.0153,0.0153,0.0309,0.0309,0.0232,0.0232,0.031,0.0232,0.0155,0.0156,0.0155,0.0077,1e-04,0.0155,0.0155,0.0154,0.0155,0.0157,0.016,0.016
2003-10-28,-5.5189,148.1172,NE,,,,,,0.0307,0.023,0.0153,0.0154,0.0155,0.0155,0.0232,0.0156,0.0155,0.0155,0.0159,0.016,0.0237,0.0161,0.0161,0.0162,0.0163,0.0162,0.0164,0.0163,0.0162,0.0009,0.0163,0.0161,0.0164
2003-10-28,-5.5189,148.1172,NO,,,,,,,,,,,0.0142,,0.0142,0.0142,0.0142,0.0141,0.0141,0.0141,0.0139,0.0141,0.0141,0.014,0.014,0.0139,0.029,0.0143,0.029,0.014,0.0214,0.0137
2003-10-28,-5.5189,148.1172,O,,,,,,,,,,-0.0029,0.0066,0.0066,-0.0011,-0.0089,-0.0012,-0.0089,0.0062,-0.0091,-0.0015,-0.0092,-0.0092,0.0059,-0.0017,0.0057,0.0056,-0.0098,-0.0097,-0.0097,-0.0098,-0.0163
2003-10-28,-5.5189,148.1172,SE,,,,,,,0.0557,-0.1131,-0.0413,0.1704,0.0412,0.1092,0.1779,0.1067,0.0669,0.0946,0.1051,0.0954,0.1042,0.0098,,,,,,,,,,
2003-10-28,-5.5189,148.1172,SO,,,,,,,,,,-0.067,0.0318,0.0477,0.0296,-0.0117,-0.0434,-0.0512,-0.0533,-0.0492,-0.0379,-0.0104,,,,,,,,,,
2003-11-20,-5.5189,148.1172,E,,,,,,,,,,0.0298,0.0298,0.0149,0.0074,,,,,,,,,,,,,,,,,
2003-11-20,-5.5189,148.1172,N,,,,,,,,,,,,,,,,,,,,,,,,,0.0,0.0082,0.0156,0.0082,0.0008,0.0082
2003-11-20,-5.5189,148.1172,NE,,,,,,,,,,,0.0297,0.0297,0.0297,,,,,,,,,,,,,,,,,
2003-11-20,-5.5189,148.1172,NO,,,,,,,,,,,,,,,,,,,,,,,,,,,,,,0.0
2003-11-20,-5.5189,148.1172,SE,,,,,,,,,,0.0257,0.0169,0.035,0.0097,-0.0266,,,,,,,,,,,,,,,,
2003-11-20,-5.5189,148.1172,SO,,,,,,,,,0.0,,,,,,,,,,,,,,,,,,,,,
2003-12-06,-5.5189,148.1172,E,,,,,,,,,,-0.0048,-0.0048,-0.0048,0.0081,0.0079,-0.0048,-0.0047,-0.0047,-0.0047,-0.0047,0.0078,0.0081,0.0018,-0.0046,-0.0046,-0.0046,-0.0046,-0.0046,0.0082,0.0082,0.0083
2003-12-06,-5.5189,148.1172,N,,,,,,,,,,,,,,,,,0.0127,0.0127,0.0063,0.0,0.0,0.0,0.0,0.0,0.0,0.0,0.0,0.0,0.0,1e-04
2003-12-06,-5.5189,148.1172,NE,,,,,,,,,,0.0,0.0,0.0,0.0,0.0129,0.0065,0.0,1e-04,1e-04,1e-04,0.0,0.0,0.0,1e-04,1e-04,0.0002,0.0002,0.0002,0.0002,0.0002,0.0003
2003-12-06,-5.5189,148.1172,NO,,,,,0.0126,0.0126,0.019,0.0126,0.0126,0.0126,0.0126,0.0126,0.0126,0.0125,0.0,0.0,0.0,0.0125,0.0125,0.0125,0.0125,0.0125,0.0,0.0,0.0,0.0125,0.0125,0.0124,0.0123,0.0125
2003-12-06,-5.5189,148.1172,O,,,,0.0049,-0.0015,0.0113,0.0113,0.0112,0.0112,0.0112,-0.0016,-0.0016,-0.0128,-0.0017,-0.0017,-0.0017,-0.0017,-0.0017,-0.0017,-0.0017,-0.0017,-0.0018,-0.0018,-0.0018,-0.0018,-0.0018,-0.0018,-0.0018,,
2003-12-06,-5.5189,148.1172,S,,,,,,,,,0.2112,,,,,,,,,,,,,,,,,,,,,
2003-12-06,-5.5189,148.1172,SE,,,,,,,,,,,,0.1178,0.0745,0.0505,0.0388,0.06,0.0841,0.0953,0.0942,0.0427,,,,,,,,,,
2003-12-06,-5.5189,148.1172,SO,,,,,-0.1164,-0.0389,0.031,0.0536,0.0365,0.015,0.0367,-0.0095,0.0042,-0.0195,-0.0378,-0.0401,-0.0271,-0.0373,-0.0388,-0.0364,,,,,,,,,,
2004-02-24,-5.5189,148.1172,E,,-0.0246,-0.0183,-0.012,-0.012,-0.0183,-0.012,-0.012,-0.012,-0.012,-0.012,0.0005,0.0005,0.0005,0.0005,0.0005,0.013,0.0254,0.0282,,,,,,,,,0.0004,0.0004,0.0004
2004-02-24,-5.5189,148.1172,N,0.0128,0.0128,0.0128,0.0128,0.0128,0.0128,0.0255,0.0255,0.0255,0.0255,0.0255,0.0254,0.0254,0.0254,0.0255,0.0255,0.0254,0.0128,0.0128,0.0254,0.0128,0.0128,0.0128,0.0064,0.0,0.0128,0.0128,0.0128,0.0128,0.0128
2004-02-24,-5.5189,148.1172,NE,,0.0128,0.0192,0.0255,0.0255,0.0255,0.0254,0.0191,0.0128,0.0128,0.0254,0.038,0.038,0.038,0.0254,0.0317,0.0254,0.0254,0.0191,0.0127,0.0127,0.0254,0.0,0.0,0.0064,0.0127,0.0191,0.0127,0.0127,0.019
2004-02-24,-5.5189,148.1172,NO,,0.0128,0.0128,1e-04,0.0128,0.0192,0.0255,0.0381,0.0255,0.0128,0.0192,0.0192,0.0065,0.0065,0.0128,0.0192,0.0255,0.0128,,0.0128,1e-04,0.0129,0.0002,0.0002,0.0002,0.0002,0.0002,0.0002,0.0002,0.0066
2004-02-24,-5.5189,148.1172,O,0.0055,0.0055,-0.0073,-0.0073,-0.0073,0.0055,,,,,,,,,,,0.0056,0.0056,0.0056,0.0037,-0.0072,-0.0072,-0.0072,-0.0072,-0.0071,-0.0008,0.0056,-0.0008,-0.0071,0.0056
2004-02-24,-5.5189,148.1172,S,-0.0115,-0.0114,0.0013,0.0258,0.0507,0.0632,0.0582,-0.0084,-0.0056,,,,,,,,,,,,,,,,,,,,,
2004-02-24,-5.5189,148.1172,SE,,-0.0405,-0.0405,-0.0213,-0.015,0.0069,0.007,-0.0205,-0.0106,0.0167,0.0097,0.0137,0.0194,0.0224,0.0103,0.0432,0.0514,0.0383,0.0342,,,,,,,,,,,
2004-02-24,-5.5189,148.1172,SO,,-0.0524,-0.0588,-0.0524,-0.0427,-0.0117,0.0334,0.0313,-0.0069,,,,,,,,,-0.0124,-0.0106,-0.0092,,,,,,,,,,
2004-07-01,-5.5189,148.1172,E,,,,,,,,,0.0067,0.0013,0.0013,-0.0095,-0.0095,0.0013,0.0013,0.0013,0.0013,0.0013,0.0013,0.0013,0.0013,0.0013,0.0013,0.0013,0.0013,0.0013,0.0013,0.0013,0.0013,0.0013
2004-07-01,-5.5189,148.1172,N,,,,,,,,,,,,,,,,,0.0,0.0,0.0108,0.0108,0.0,0.0108,0.0108,0.0108,0.0108,0.0108,0.0108,0.0108,0.0108,0.0108
2004-07-01,-5.5189,148.1172,NE,,,,,,,,,,0.0108,0.0108,0.0108,0.0108,0.0,0.0,0.0,0.0,0.0108,0.0108,1e-04,0.0,1e-04,0.0108,1e-04,1e-04,1e-04,0.0108,0.0108,0.0108,1e-04
2004-07-01,-5.5189,148.1172,NO,,,,,,0.0054,0.0054,0.0108,0.0108,0.0108,0.0108,0.0108,0.0108,0.0,0.0,0.0,0.0054,0.0054,0.0,0.0108,0.0108,0.0108,0.0,0.0,0.0108,0.0,0.0,0.0054,0.0,0.0
2004-07-01,-5.5189,148.1172,O,,,,0.0057,0.0057,0.0057,0.0003,0.0003,0.0003,0.0003,0.0003,0.0003,0.0003,-0.0104,-0.005,0.0003,0.0003,0.0003,-0.005,0.0003,0.0003,0.0003,0.0003,0.0003,0.0003,0.0003,0.0003,0.0003,,
2004-07-01,-5.5189,148.1172,S,,,,,,,,,0.1632,,,,,,,,,,,,,,,,,,,,,
2004-07-01,-5.5189,148.1172,SE,,,,,,,,,,,0.0238,0.0641,0.0542,0.0479,0.001,0.0423,0.0744,0.0778,0.0798,0.0289,,,,,,,,,,
2004-07-01,-5.5189,148.1172,SO,,,,,-0.0788,-0.0362,0.0405,0.078,0.0495,0.0106,-0.0093,-0.0378,-0.0329,-0.0249,-0.0317,-0.0478,-0.0534,-0.0436,-0.0426,-0.0431,,,,,,,,,,
2004-09-03,-5.5189,148.1172,E,,0.0042,0.0042,-0.0082,-0.0082,0.0043,0.0043,-0.0019,0.0044,0.0044,0.0044,0.0044,0.0044,-0.008,-0.008,0.0044,0.0044,0.0045,0.0045,0.0045,-0.0017,-0.0079,0.0045,0.0045,,,,,,
2004-09-03,-5.5189,148.1172,N,0.0128,0.0128,0.0128,0.0128,0.0128,0.0004,0.0004,0.0004,0.0004,0.0004,0.0005,0.0129,0.0129,0.0004,0.0004,0.0005,0.013,0.013,0.0128,0.0006,0.0006,0.0005,0.0005,0.0005,0.0005,0.0005,0.0005,0.0005,0.0005,0.0006
2004-09-03,-5.5189,148.1172,NE,,0.0128,0.0066,0.0004,0.0129,0.0004,0.0004,0.0005,0.0067,0.013,0.0068,0.013,0.0006,0.0006,0.0006,0.0131,0.0006,0.0007,0.0007,0.0007,0.0131,0.0008,0.0008,0.0007,0.0008,0.0008,0.0007,0.0008,0.0008,0.0008
2004-09-03,-5.5189,148.1172,NO,,,,,,,,,,,,,,,,1e-04,1e-04,0.0126,0.0126,0.0126,0.0125,0.0063,0.0126,1e-04,1e-04,1e-04,0.0,1e-04,1e-04,1e-04
2004-09-03,-5.5189,148.1172,O,,,,,,,,,,,,,-0.0049,-0.005,-0.0049,-0.0049,0.0075,0.0074,0.0074,0.0074,0.0074,-0.005,-0.005,-0.005,0.0073,-0.005,-0.005,-0.005,-0.005,-0.005
2004-09-03,-5.5189,148.1172,S,-0.0697,-0.0822,-0.0697,-0.0208,0.0155,0.022,0.003,-0.0013,-0.005,,,,,,,,,,,,,,,,,,,,,
2004-09-03,-5.5189,148.1172,SE,,0.0092,-0.0033,0.0092,0.0216,0.0363,0.0093,-0.0475,0.013,0.0835,0.015,0.0414,0.0563,0.0408,0.0367,0.033,0.0401,0.0438,0.0558,0.0118,,,,,,,,,,
2004-09-03,-5.5189,148.1172,SO,,,,,,,,,,,,,,0.0219,0.0025,-0.0038,-0.0034,-0.0028,0.0029,0.0044,,,,,,,,,,
2004-10-21,-5.5189,148.1172,E,,-0.0027,0.0016,0.0058,0.0058,0.0058,,,,,,,,,,,0.0059,-0.0026,0.0059,0.0059,0.0059,-0.0026,-0.0026,-0.0112,-0.0026,-0.0026,-0.0026,-0.0025,-0.0025,-0.0026
2004-10-21,-5.5189,148.1172,N,0.0085,0.0171,0.0171,0.0085,0.0,0.0085,0.0085,0.0085,0.0085,0.0,0.0,0.0,0.0043,0.0,0.0,0.0,0.0,0.0,0.0,0.0,0.0,0.0085,0.0085,0.0085,0.0085,0.0,0.0,0.0,0.0,0.0
2004-10-21,-5.5189,148.1172,NE,,0.0171,0.0171,0.0171,0.0085,0.0085,0.0085,0.0085,,,,,,,,,,0.0087,0.0087,0.0087,0.0087,0.0087,0.0087,1e-04,0.0087,0.0044,0.0087,0.0087,0.0087,0.0087
2004-10-21,-5.5189,148.1172,NO,,0.0171,0.0171,0.0171,0.0085,0.0,0.0,0.0085,0.0042,0.0,0.0085,0.0085,0.0085,0.0,0.0,0.0,0.0,0.0,0.0,0.0,0.0,0.0085,0.0085,0.0042,0.0,0.0,0.0,0.0,0.0,0.0
2004-10-21,-5.5189,148.1172,O,0.0031,0.0116,0.0073,0.0031,0.0031,0.0073,0.0031,0.0031,-0.0054,-0.0054,0.0031,0.003,-0.0054,-0.0054,-0.0012,0.003,0.003,-0.0139,,,,,,,,,,0.003,0.003,0.003
2004-10-21,-5.5189,148.1172,S,-0.0069,0.0016,0.0101,0.0419,0.083,0.0938,0.0719,0.0031,0.015,,,,,,,,,,,,,,,,,,,,,
2004-10-21,-5.5189,148.1172,SE,,-0.2167,-0.2039,-0.1913,-0.1745,-0.1145,-0.0596,0.0112,0.0004,-0.023,,,,,,,,,,,,,,,,,,,,
2004-10-21,-5.5189,148.1172,SO,,-0.087,-0.087,-0.087,-0.0785,-0.0419,0.0231,0.0625,0.0373,0.0091,0.0117,0.0052,0.0031,-0.0047,-0.0219,-0.0278,-0.0337,,,,,,,,,,,,,
2004-12-08,-5.5189,148.1172,E,,,,,-0.0091,-0.0091,0.0043,0.0043,0.0043,0.0043,0.0043,0.0044,0.0043,0.004,0.0039,-0.0091,-0.0091,0.0042,0.0044,0.0044,0.0044,0.0044,0.0044,-0.009,0.0044,-0.0091,-0.0091,,,
2004-12-08,-5.5189,148.1172,N,,,,,,,,,0.0,0.0134,0.0134,0.0134,0.0134,0.0,0.0067,0.0,0.0,0.0,0.0,0.0,0.0134,0.0134,0.0134,0.0134,0.0134,0.0,0.0,0.0,0.0,0.0
2004-12-08,-5.5189,148.1172,NE,,,,,0.0,0.0,0.0,0.0,0.0067,0.0,0.0,0.0,0.0,0.0,0.0,0.0,0.0,0.0,0.0,0.0,0.0,0.0,1e-04,1e-04,1e-04,1e-04,1e-04,1e-04,0.0134,0.0134
2004-12-08,-5.5189,148.1172,NO,,,,,,,,,,,0.0134,0.0134,0.0,0.0,0.0,0.0,0.0134,0.0134,0.0134,0.0134,0.0067,0.0,0.0133,0.0,0.0067,0.0133,0.0133,0.0133,0.0133,0.0133
2004-12-08,-5.5189,148.1172,O,,,,,,,,,0.0131,-0.0002,-0.0002,-0.0136,-0.0136,-0.0136,-0.0002,-0.0002,-0.0002,-0.0002,-0.0002,-0.0002,-0.0002,-0.0002,-0.0069,-0.0002,-0.0002,-0.0002,-0.0002,-0.0002,-0.0002,-0.0002
2004-12-08,-5.5189,148.1172,SE,,,,,0.049,0.0487,0.0357,-0.0288,-0.0113,0.0786,0.036,0.0581,0.0712,0.0437,0.0305,0.0357,0.0666,0.0488,0.0502,0.002,,,,,,,,,,
2004-12-08,-5.5189,148.1172,SO,,,,,,,,,,0.0514,0.0422,0.0117,0.0098,-0.0022,-0.0145,-0.0213,-0.0208,-0.0139,-0.0266,-0.025,,,,,,,,,,
2006-09-09,-5.5189,148.1172,E,,-0.0013,0.0044,-0.0012,-0.0012,0.0102,0.0103,0.0103,0.0103,-0.0009,-0.0009,-0.0008,0.0105,0.0161,,,,,,,,,,,-1e-04,-1e-04,-0.0058,-0.0003,-1e-04,-1e-04
2006-09-09,-5.5189,148.1172,N,0.0109,0.0109,0.0109,0.0109,0.011,0.011,0.0111,0.0111,0.0111,0.0111,0.011,0.011,0.0112,0.0111,0.0111,0.0111,0.0109,0.0,0.0108,0.011,0.0109,0.0,0.0108,0.0108,0.0111,0.0112,0.0114,0.0113,0.0113,0.0111
2006-09-09,-5.5189,148.1172,NE,,0.0109,0.011,0.0111,0.0111,0.0111,0.0111,0.0113,0.0113,0.0113,0.0114,0.0,1e-04,0.0002,0.0115,0.0115,0.0116,0.0115,0.0116,0.0116,0.0116,0.006,0.0059,,,0.0123,0.0123,0.0123,0.0124,0.0124
2006-09-09,-5.5189,148.1172,NO,,0.0222,0.0222,0.0221,0.0108,0.0107,0.0107,0.022,0.0106,0.0053,0.0106,0.0106,0.0106,0.0164,0.0108,0.0106,0.0,0.0107,0.022,0.022,0.0108,0.0107,0.0107,0.0107,0.0107,0.0,0.01,0.0107,0.0211,0.0211
2006-09-09,-5.5189,148.1172,O,0.0077,0.0076,0.0019,-0.0038,-0.0038,-0.0039,-0.0038,-0.0039,-0.0039,,,,,,,,,,,,0.001,0.0066,0.001,-0.0046,-0.0045,-0.0046,-0.0048,-0.0048,0.0063,0.0007
2006-09-09,-5.5189,148.1172,S,-0.0583,-0.0583,-0.0358,-0.0142,0.0296,0.0726,0.0608,-0.014,0.0082,,,,,,,,,,,,,,,,,,,,,
2006-09-09,-5.5189,148.1172,SE,,-0.0088,-0.0032,0.0025,0.0025,0.0276,0.0138,-0.041,-0.0037,0.0667,0.0275,0.0471,0.0555,0.0298,0.0192,0.0321,,,,,,,,,,,,,,
2006-09-09,-5.5189,148.1172,SO,,-0.1357,-0.1358,-0.1246,-0.1133,-0.06,-0.0061,0.0406,0.0211,-0.031,-0.055,,,,,,,,,,,,,,,,,,,
2006-10-27,-5.5189,148.1172,E,,0.0018,0.0018,0.0018,,,,,,,,,,,,,-0.0034,-0.0086,-0.0034,0.0019,0.002,0.0019,0.0019,0.002,0.002,0.002,0.002,0.0019,0.002,0.002
2006-10-27,-5.5189,148.1172,N,0.0105,0.0105,0.0105,0.0,0.0105,0.0105,0.0105,0.0052,0.0105,0.0105,0.0105,0.0105,0.0,0.0105,0.0105,0.0105,0.0157,0.0105,0.0105,0.0105,0.0,0.0,0.0,0.0,0.0052,0.0105,0.0105,0.0105,0.0,0.0104
2006-10-27,-5.5189,148.1172,NE,,0.0105,0.0105,0.0105,0.0052,0.0105,0.0105,,,,,,,,,,,1e-04,0.0211,0.0106,0.0107,0.0107,0.0107,0.0106,0.0107,0.0107,0.0107,0.0107,0.0107,0.0106
2006-10-27,-5.5189,148.1172,NO,,0.0209,0.0209,0.0104,0.0104,0.0,0.0104,0.0104,0.0104,0.0104,0.0104,0.0209,0.0104,0.0104,0.0104,0.0104,0.0104,0.0104,0.0104,0.0104,0.0104,0.0104,0.0104,0.0104,0.0104,0.0104,0.0104,0.0104,0.0104,0.0104
2006-10-27,-5.5189,148.1172,O,-0.0002,-0.0003,-0.0003,-0.0003,-0.0003,0.0102,0.0102,0.0034,-0.0107,-0.0003,0.0006,-0.0003,-0.0003,-0.0003,-0.0003,-0.0003,0.0101,-0.0107,-0.0003,-0.0003,,,,,,,,,,-0.0004
2006-10-27,-5.5189,148.1172,S,0.0473,0.0578,0.0682,0.0971,0.1374,0.1491,0.1021,0.0105,0.0056,,,,,,,,,,,,,,,,,,,,,
2006-10-27,-5.5189,148.1172,SE,,-0.0075,-0.0022,0.003,0.0239,0.0425,0.0258,-0.0105,-0.0105,,,,,,,,,,,0.0236,,,,,,,,,,
2006-10-27,-5.5189,148.1172,SO,,-0.0908,-0.0909,-0.0856,-0.0804,-0.0326,0.0468,0.0572,0.0412,0.0218,0.0053,-0.0083,-0.0185,-0.0184,-0.0239,-0.0308,-0.039,-0.0366,,,,,,,,,,,,
2008-05-18,-5.5189,148.1172,E,,0.012,0.012,0.0054,,,,,,,,,,,,,,0.0114,0.0113,0.0113,0.0113,0.0048,-0.0019,-0.0019,-0.002,-0.002,-0.002,-0.0021,-0.0021,-0.0019
2008-05-18,-5.5189,148.1172,N,0.0262,0.0261,0.013,0.013,0.013,0.013,0.013,0.013,0.0129,0.0,0.0,0.0064,0.0129,0.013,0.0131,0.013,0.013,0.013,0.0129,0.0129,0.0129,0.0129,0.013,0.013,0.013,0.0,0.0065,0.0129,0.013,0.0132
2008-05-18,-5.5189,148.1172,NE,,0.0261,0.0261,0.0195,0.0129,,,,,,,,,,,,,,0.0189,0.0188,0.0254,0.0122,0.0122,0.0122,0.0122,0.0121,0.0187,0.0251,0.0251,0.0123
2008-05-18,-5.5189,148.1172,NO,,0.013,0.0131,0.0131,0.0262,0.0197,0.0131,0.0132,0.0132,0.0132,0.0132,0.0132,0.0131,0.0132,0.0133,0.0133,0.0134,0.0003,0.0132,0.0133,0.0133,0.0133,0.0133,0.0132,0.0134,0.0133,0.0135,0.0134,0.0133,0.0003
2008-05-18,-5.5189,148.1172,O,0.0064,-0.0067,-1e-04,-0.0066,-0.0066,0.0066,0.0067,0.0067,0.0067,0.0038,0.0067,0.0068,0.0068,-0.0063,-0.0063,-0.0062,-0.0128,-0.0195,,,,,,,,,,,,-0.0123
2008-05-18,-5.5189,148.1172,S,0.0572,0.0441,0.0442,0.0812,0.1399,0.1455,0.1033,0.0012,0.0003,,,,,,,,,,,,,,,,,,,,,
2008-05-18,-5.5189,148.1172,SE,,0.042,0.042,0.042,0.0655,0.087,0.0445,-0.0132,-0.0132,,,,,,,,,,,,,,,,,,,,,
2008-05-18,-5.5189,148.1172,SO,,-0.1262,-0.1262,-0.1196,-0.1058,-0.0588,0.0407,0.0586,0.0601,0.0204,-0.0214,-0.0471,-0.0393,-0.039,-0.0494,-0.0758,,,,,,,,,,,,,,
2008-12-12,-5.5189,148.1172,E,,,,-0.018,-0.018,-0.018,-0.018,-0.0073,0.0032,0.0032,-0.0073,-0.0072,-0.0072,0.0033,0.0033,0.0033,0.0034,0.0034,0.0034,0.0034,0.0139,-0.0179,-0.018,,,,,,,
2008-12-12,-5.5189,148.1172,N,,,,,,0.0107,0.0107,0.0213,0.016,0.0107,0.0212,0.0213,0.0213,0.0213,0.0213,0.0213,0.0213,0.0213,0.016,0.016,0.0108,0.0107,0.0107,0.0107,0.0107,0.0107,0.0108,0.0108,0.0108,0.0213
2008-12-12,-5.5189,148.1172,NE,,,,0.0,0.0,0.0,0.0107,0.0107,0.0213,0.0213,0.016,0.0108,0.0108,0.0108,0.0108,0.0108,0.0213,0.0161,0.0108,0.0108,0.0161,0.0109,0.0214,0.0214,0.0214,0.0215,0.0109,0.0215,0.0215,0.0215
2008-12-12,-5.5189,148.1172,NO,,,,,,,,,,,,,,,0.0105,0.0,0.0,0.0105,0.0105,0.021,0.0105,0.0157,0.021,0.021,0.0105,0.021,0.021,0.021,0.0262,0.021
2008-12-12,-5.5189,148.1172,O,,,,,,,,,,,,,0.0,0.0,0.0,0.0,,0.0,,,0.0,0.0,0.0,0.0052,0.0209,0.0104,0.0104,0.0209,0.0156,0.0209
2008-12-12,-5.5189,148.1172,SE,,,,-0.0261,0.0055,-0.0032,0.0063,-0.0398,-0.0179,0.0608,0.0341,0.047,0.062,0.0353,0.0213,0.0386,0.0581,0.0459,0.0357,-0.0216,,,,,,,,,,
2009-01-20,-5.5189,148.1172,E,,-0.0008,0.0106,-0.0008,-0.0008,0.0105,0.0105,-0.0008,-0.0008,-0.0008,-0.0008,-0.0008,0.0105,-0.0009,-0.0009,-0.0009,-0.0009,-0.0009,0.0492,,,,,,,,,0.0048,-0.0009,-0.0009
2009-01-20,-5.5189,148.1172,N,0.0114,0.0114,0.0,0.0,0.0,0.0,0.0,0.0,0.0114,0.0114,0.0,0.0,0.0,0.0,0.0,0.0,0.0,0.0,0.0,0.0,0.0,0.0,0.0,0.0,0.0,0.0,0.0,0.0,0.0,0.0
2009-01-20,-5.5189,148.1172,NE,,0.0114,0.0057,0.0,0.0,0.0114,0.0114,0.0114,0.0114,0.0114,0.0114,0.0114,0.0114,0.0114,0.0114,0.0114,0.0171,0.0114,0.0114,0.0114,0.0114,0.0114,0.0114,0.0057,0.0114,0.0114,0.0114,0.0,0.0,0.0
2009-01-20,-5.5189,148.1172,NO,,0.0114,0.0,0.0,0.0,0.0,0.0,0.0,0.0057,0.0057,0.0,0.0,0.0,0.0,0.0,0.0,,0.0,0.0,0.0115,0.0115,0.0,0.0,0.0058,1e-04,0.0115,0.0058,1e-04,1e-04,1e-04
2009-01-20,-5.5189,148.1172,O,0.0006,0.0006,0.0006,0.012,0.0006,,,,,,,,,,,0.0006,0.012,0.0006,0.0006,0.0006,0.0006,0.0007,0.0007,0.0007,0.0007,0.0007,0.0007,0.0007,0.0007,0.0007
2009-01-20,-5.5189,148.1172,S,0.0292,0.0406,0.0519,0.0727,0.1058,0.1175,0.0887,-0.0073,-0.0093,,,,,,,,,,,,,,,,,,,,,
2009-01-20,-5.5189,148.1172,SE,,0.0071,0.0071,0.0127,0.0296,0.0449,0.0298,-0.0362,-0.0074,0.0377,0.0026,0.008,0.0328,0.0367,0.0279,0.0277,0.0435,0.0514,0.0652,0.0395,,,,,,,,,,
2009-01-20,-5.5189,148.1172,SO,,-0.0636,-0.0636,-0.0522,-0.0409,0.0143,0.0562,0.0554,,,,,,,,,0.0083,0.0015,0.0027,0.0068,,,,,,,,,,
2009-04-10,-5.5189,148.1172,E,,,,,,,,,,,0.0036,0.0036,0.0036,0.0036,0.0035,0.0035,0.0034,0.0034,0.0034,-0.0101,0.0034,0.0033,0.0033,0.0032,0.0032,0.0032,-0.0101,0.0031,0.0032,0.0031
2009-04-10,-5.5189,148.1172,N,,,,,,,,0.014,0.014,0.0003,0.0004,0.0,0.0,0.0004,0.0072,0.0004,0.0003,0.0003,0.0,0.0,0.0004,0.0072,0.014,0.0004,0.0004,0.0136,0.007,0.0004,0.0004,0.0002
2009-04-10,-5.5189,148.1172,NE,,,,,,,,,,,0.0137,0.0205,0.0137,0.0136,0.0136,0.0136,0.0136,0.0136,0.0135,0.0135,0.0135,0.0,0.0,0.0134,0.0134,0.0134,0.0134,0.0133,0.0,0.0133
2009-04-10,-5.5189,148.1172,NO,,,0.0,0.0004,0.0072,0.0141,0.0141,0.0141,0.0004,0.0141,0.0073,0.0005,0.0005,0.0006,0.0141,0.0141,0.0141,0.0141,0.0074,0.0007,0.0007,0.0007,0.0007,0.0006,0.0007,0.0007,0.0007,0.0142,0.0075,0.0008
2009-04-10,-5.5189,148.1172,O,,-0.0124,-0.0124,0.0012,0.0149,0.0081,0.0013,0.0014,-0.0123,0.0014,0.0014,0.0014,0.0015,0.0015,0.0015,0.0015,0.0015,0.0016,0.0002,0.0016,0.0016,0.0016,0.0016,0.0016,0.0017,,,,,
2009-04-10,-5.5189,148.1172,S,,,,-0.3298,-0.227,-0.1993,-0.1045,-0.0276,-0.0524,,,,,,,,,,,,,,,,,,,,,
2009-04-10,-5.5189,148.1172,SE,,,,,,,,,,,,0.1116,,0.0636,0.0152,0.0658,0.1015,0.0974,0.0689,0.0294,,,,,,,,,,
2009-04-10,-5.5189,148.1172,SO,,,-0.1474,-0.127,-0.0819,-0.0292,0.0326,0.0863,0.0781,0.0225,-0.0002,-0.0304,-0.0356,-0.0354,-0.0559,-0.0617,-0.0546,-0.0538,-0.0479,-0.046,,,,,,,,,,
2010-04-29,-5.5189,148.1172,E,,-0.0066,0.0004,0.0073,0.0073,-0.0065,,,,,,,,,,,-0.0064,-0.0064,-0.0064,-0.0064,-0.0064,-0.0064,0.0075,0.0075,-0.0063,-0.0063,0.0076,0.0075,0.0007,0.0076
2010-04-29,-5.5189,148.1172,N,0.0139,0.0139,0.0,0.0,0.014,0.0279,0.0279,0.014,0.014,0.014,0.014,0.0,0.007,0.014,0.0279,0.014,0.0139,0.0139,0.0139,0.0139,0.0139,0.014,0.0139,0.0139,0.0139,0.014,0.0139,0.0139,0.0139,0.0139
2010-04-29,-5.5189,148.1172,NE,,0.0139,0.0209,0.0279,0.0279,0.014,0.0279,0.0279,0.014,0.014,0.014,,,,,,,0.0142,0.0142,0.0002,0.0142,0.0142,0.0142,0.0142,0.0142,0.0142,0.0143,0.0143,0.0143,0.0143
2010-04-29,-5.5189,148.1172,NO,,0.0139,0.0139,0.0,0.0,0.0139,0.0209,0.0209,0.0139,0.0139,0.0139,0.0139,0.0139,0.0139,0.0277,0.0139,0.0139,0.0139,0.0138,0.0138,0.0139,0.0139,0.0139,0.0139,0.0138,0.0138,0.0138,0.0138,0.0138,0.0
2010-04-29,-5.5189,148.1172,O,0.0073,-0.0066,-0.0135,-0.0066,0.0072,0.0072,0.0072,-0.0066,-0.0017,-0.0066,0.0061,0.0024,0.0072,0.0072,0.0072,0.0071,0.0072,0.0072,,,,,,,,,-0.0069,-0.0069,-0.0069,-0.0069
2010-04-29,-5.5189,148.1172,S,-0.0516,-0.0516,-0.0377,-0.0108,0.0566,0.0686,0.0594,-0.0114,-0.0072,,,,,,,,,,,,,,,,,,,,,
2010-04-29,-5.5189,148.1172,SE,,-0.1913,-0.1913,-0.1913,-0.1774,-0.1003,-0.0316,-0.0093,-0.0114,-0.0234,,,,,,,,,,,,,,,,,,,,
2010-04-29,-5.5189,148.1172,SO,,-0.0992,-0.0922,-0.0923,-0.0615,-0.0095,0.0314,0.0575,0.0461,0.0081,-0.0184,-0.0329,-0.0338,-0.0215,-0.0327,-0.0468,,,,,,,,,,,,,,
2010-09-20,-5.5189,148.1172,E,,0.022,0.0165,0.022,0.022,0.0328,0.022,0.0274,0.0221,0.0112,0.0112,0.0275,,,,,,,,,,,0.0222,0.0168,0.0222,0.0222,0.0222,0.0115,0.0114,0.0115
2010-09-20,-5.5189,148.1172,N,0.0328,0.0328,0.022,0.0111,0.0111,0.0111,0.0111,0.0111,0.0112,0.0112,0.022,0.022,0.0112,0.0112,0.0112,0.0112,0.0111,0.0111,0.0112,0.0112,0.0112,0.0112,0.0112,0.0111,0.0111,0.0111,0.0111,0.011,0.0111,0.0057
2010-09-20,-5.5189,148.1172,NE,,0.022,0.022,0.022,0.0112,0.022,0.022,0.0166,0.0112,0.0112,0.0112,0.0112,0.0112,0.0003,0.0003,0.0112,0.0112,0.0112,0.0112,0.0113,0.0113,,,0.0114,0.0168,0.0114,0.0114,0.0169,0.0115,0.0115
2010-09-20,-5.5189,148.1172,NO,,0.022,0.0111,0.022,0.022,0.0219,0.0219,0.0165,0.011,0.011,0.011,0.011,0.0165,0.011,0.0219,0.011,1e-04,0.011,0.011,0.011,0.0165,0.0219,0.011,0.011,0.011,1e-04,1e-04,0.0109,0.0109,0.0109
2010-09-20,-5.5189,148.1172,O,0.0153,0.0043,0.0152,0.026,0.026,0.0098,0.0043,0.0043,0.0043,0.0043,-0.0012,,,,,,,,,,,-0.0067,0.0041,-0.0013,-0.0067,-0.0067,-0.0067,0.004,-0.0067,-0.0067
2010-09-20,-5.5189,148.1172,S,-0.02,-0.0309,-0.0092,0.0112,0.0534,0.0783,0.0587,-0.0104,0.0058,,,,,,,,,,,,,,,,,,,,,
2010-09-20,-5.5189,148.1172,SE,,-0.0055,-0.0055,0.0107,0.0338,0.0356,0.0054,-0.0417,0.0006,0.0525,0.015,0.0238,0.04,0.0214,0.0071,,,,,,,,,,,,,,,
2010-09-20,-5.5189,148.1172,SO,,-0.093,-0.1093,-0.1038,-0.0984,-0.0682,0.0051,0.0341,0.0228,-0.0041,-0.0052,-0.035,,,,,,,,,,,,,,,,,,
2010-10-06,-5.5189,148.1172,E,,0.001,0.001,0.001,0.001,0.0072,0.0133,0.0133,0.0133,0.0133,0.0133,0.0133,-0.0114,-0.0114,0.001,0.001,0.001,,,,,,,,,,0.0011,0.0011,0.0011,0.0011
2010-10-06,-5.5189,148.1172,N,0.0124,0.0124,0.0124,0.0124,0.0124,0.0,0.0,0.0,0.0,0.0124,0.0124,0.0124,0.0,0.0124,0.0124,0.0124,0.0124,0.0124,0.0124,0.0124,0.0124,0.0124,0.0124,0.0124,0.0124,0.0,0.0,0.0124,0.0125,0.0125
2010-10-06,-5.5189,148.1172,NE,,0.0124,0.0124,0.0124,0.0124,0.0248,0.0124,0.0125,0.0124,0.0125,0.0125,0.0063,0.0,0.0125,0.0125,0.0125,0.0125,0.0125,0.0125,0.0125,0.0125,1e-04,0.0125,0.0125,0.0125,0.0125,0.0248,0.0187,0.0063,0.0002
2010-10-06,-5.5189,148.1172,NO,,0.0124,0.0247,0.0124,0.0247,0.0124,0.0062,0.0,0.0124,0.0,0.0062,0.0124,0.0124,0.0124,0.0,0.0062,0.0124,0.0,0.0,0.0124,0.0123,0.0123,0.0123,0.0123,0.0123,0.0,0.0,0.0,0.0,0.0
2010-10-06,-5.5189,148.1172,O,0.0004,0.0127,0.0065,0.0127,0.0004,0.0127,0.0004,,,,,,,,,,0.0003,0.0126,0.0003,0.0003,0.0002,0.0002,0.0002,0.0002,-0.0121,-0.0121,0.0002,0.0002,0.0002,0.0002
2010-10-06,-5.5189,148.1172,S,-0.027,-0.027,-0.027,0.0307,0.1144,0.1224,0.0719,-0.0036,0.0118,,,,,,,,,,,,,,,,,,,,,
2010-10-06,-5.5189,148.1172,SE,,0.0027,0.0027,0.0089,0.0396,0.0759,0.0384,-0.0446,-0.0038,0.0721,0.0185,0.0396,0.065,0.0421,0.0194,0.0353,0.0605,0.0723,0.114,,,,,,,,,,,
2010-10-06,-5.5189,148.1172,SO,,-0.045,-0.045,-0.0388,-0.0294,0.012,0.1044,0.0822,-0.0102,,,,,,,,,-0.0083,-0.0347,-0.0252,,,,,,,,,,
2011-12-28,-5.5189,148.1172,E,,,,,,,,,,,,,-0.0013,-0.0011,-0.0011,-0.0011,0.0108,-0.0011,-0.001,-0.001,-0.001,-0.001,-0.0011,-0.0009,-0.0008,-0.0008,-0.0009,-0.0006,-0.0006,-0.0006
2011-12-28,-5.5189,148.1172,N,0.0178,0.0177,0.0177,0.0177,0.0004,0.0004,0.0091,0.0,0.0,0.0,0.0004,0.0004,0.0005,0.0005,0.009,0.0176,0.0178,0.0004,0.0004,0.0004,0.0176,0.0177,0.0177,0.0003,0.0177,0.0177,0.0175,0.0004,0.0004,0.0177
2011-12-28,-5.5189,148.1172,NE,,,,,,,,,,,,,,0.0183,0.0183,0.0183,0.0183,0.0183,0.0183,0.0183,0.0184,0.0186,0.0186,0.0187,0.0186,0.0186,0.0186,0.0186,0.0187,0.0186
2011-12-28,-5.5189,148.1172,NO,,0.0348,0.0348,0.0176,0.0003,0.0,0.0,0.0,0.0,0.0,0.0,1e-04,1e-04,0.0173,0.0174,0.0173,1e-04,0.0002,0.0086,1e-04,0.0171,0.0172,0.0171,1e-04,0.0171,0.0171,0.017,0.017,0.0171,0.0172
2011-12-28,-5.5189,148.1172,O,-0.0014,-0.0015,-0.0102,-0.0016,-0.019,-0.019,-0.019,-0.0191,-0.0191,-0.0191,-0.0018,-0.0019,-0.0019,0.0153,0.0152,-0.002,-0.002,-0.0021,-0.0021,-0.0022,-0.0022,-0.0022,-0.0107,,,,,,,
2011-12-28,-5.5189,148.1172,S,-0.1874,-0.1874,-0.1706,-0.1532,-0.1369,-0.0809,-0.0256,-0.0181,0.0237,,,,,,,,,,,,,,,,,,,,,
2011-12-28,-5.5189,148.1172,SE,,0.0155,0.0154,,,,,,,,,,,,,0.0414,0.0516,0.0518,0.0581,0.0174,,,,,,,,,,
2011-12-28,-5.5189,148.1172,SO,,-0.127,-0.127,-0.1273,-0.1105,-0.0986,-0.0359,-0.0051,0.0036,0.0069,0.0458,0.0026,0.0248,0.009,-0.0061,0.0106,0.0282,0.0309,0.0129,0.0169,,,,,,,,,,
2012-04-18,-5.5189,148.1172,E,,0.0033,0.0033,0.0033,,,,,,,,,,,-0.0099,-0.0033,0.0033,0.0033,0.0033,0.0033,0.0033,0.0033,0.0033,0.0033,0.0034,0.0033,-0.0098,-0.0098,0.0034,0.0034
2012-04-18,-5.5189,148.1172,N,0.0132,0.0263,0.0132,0.0,0.0,0.0132,0.0263,0.0262,0.0262,0.0263,0.0132,0.0132,0.0132,0.0,0.0132,0.0132,0.0132,0.0132,0.0132,0.0132,0.0132,0.0132,0.0132,0.0132,0.0132,0.0132,0.0131,0.0131,0.0132,0.0132
2012-04-18,-5.5189,148.1172,NE,,0.0263,0.0132,0.0132,0.0132,,,,,,,,,,,0.0,0.0,0.0132,0.0132,0.0132,0.0132,0.0132,0.0132,0.0132,0.0263,0.0133,0.0133,0.0132,0.0133,0.0132
2012-04-18,-5.5189,148.1172,NO,,0.0262,0.0132,0.0132,0.0132,0.0131,0.0132,0.0131,0.0131,0.0131,0.0131,0.0131,0.0131,0.0131,0.0131,0.0131,0.0131,0.0131,0.0131,0.0131,0.0131,0.0131,0.0131,0.0131,0.0131,0.0131,0.0131,0.0131,0.0131,0.0131
2012-04-18,-5.5189,148.1172,O,0.0111,0.0111,0.0111,0.0111,0.0111,0.0111,0.0111,0.0111,-0.002,-0.002,0.0111,0.0046,-0.002,-0.0151,-0.0151,-0.002,-0.002,-0.002,-0.002,-0.002,-0.0151,,,,,,,,-0.0151,-0.0151
2012-04-18,-5.5189,148.1172,S,-0.059,-0.0721,-0.0328,0.0324,0.1145,0.1428,0.1302,-0.0087,0.004,,,,,,,,,,,,,,,,,,,,,
2012-04-18,-5.5189,148.1172,SE,,-0.066,-0.053,-0.0205,0.0221,0.081,0.0414,-0.0267,-0.0444,,,,,,,,,0.0788,0.0289,-0.0395,,,,,,,,,,
2012-04-18,-5.5189,148.1172,SO,,-0.1911,-0.1845,-0.1715,-0.1715,-0.0628,0.0551,0.0927,0.0779,0.0188,0.006,-0.0196,-0.0199,-0.0196,-0.0365,-0.046,-0.0561,-0.0656,,,,,,,,,,,,
2012-09-25,-5.5189,148.1172,E,,0.0127,-0.0007,0.0259,0.0259,0.0259,,,,,,,,,,0.0061,-0.0006,-0.0006,-0.0006,-0.0006,-0.0006,-0.0006,-0.0006,-0.0006,-0.0005,-0.0005,-0.0005,-0.0005,-0.0005,-0.0139
2012-09-25,-5.5189,148.1172,N,0.0134,0.0134,0.0134,0.0134,0.0134,0.0134,0.0134,0.0134,0.0134,0.0134,0.0134,0.0134,0.0134,0.0134,0.0134,0.0134,0.0134,0.0134,0.0134,0.0134,0.0134,0.0134,0.0135,0.0134,0.0134,0.0134,0.0134,0.0134,0.0134,0.0134
2012-09-25,-5.5189,148.1172,NE,,0.0268,0.0201,0.0134,0.0268,0.0134,0.0134,0.0135,,,,,,,,,0.0135,1e-04,0.0135,0.0135,0.0135,0.0135,0.0135,0.0135,0.0135,0.0135,0.0136,0.0136,0.0002,0.0135
2012-09-25,-5.5189,148.1172,NO,,0.0134,0.0268,0.0268,0.04,0.0267,0.0201,0.0134,0.0134,0.0134,0.0134,0.0134,0.0067,0.0,0.0067,0.0134,0.0134,0.0134,0.0134,0.0066,0.0133,0.0133,0.0134,0.0134,0.0067,0.0134,0.0134,0.0134,0.0134,0.0134
2012-09-25,-5.5189,148.1172,O,-0.0059,0.0074,0.014,-0.006,-0.006,0.014,0.0074,-0.006,-0.006,0.0074,0.0074,-0.006,0.007,-0.006,0.0073,-0.006,-0.0061,-0.0061,,,,,,,,,,-0.0061,-0.0061,-0.0061
2012-09-25,-5.5189,148.1172,S,-0.073,-0.073,-0.0596,0.0049,0.0684,0.0967,0.0653,-0.0063,0.0131,,,,,,,,,,,,,,,,,,,,,
2012-09-25,-5.5189,148.1172,SE,,-0.0164,-0.0097,0.0035,0.0556,0.0582,0.0516,-0.0014,-0.0052,0.0071,,,,,,,,,0.0723,0.0033,,,,,,,,,,
2012-09-25,-5.5189,148.1172,SO,,-0.1396,-0.133,-0.1397,-0.1442,-0.0723,0.0392,0.0566,0.0509,0.0006,0.0115,-0.0082,0.0091,-0.0156,-0.0282,-0.03,-0.0404,,,,,,,,,,,,,
2012-10-11,-5.5189,148.1172,E,,,,,,,,,,,,,,,,,0.0109,0.0109,0.0047,-0.0014,-0.0138,-0.0139,-0.0138,-0.0013,-0.0012,-0.0137,-0.0013,-0.0013,-0.0011,0.0111
2012-10-11,-5.5189,148.1172,N,,,,,,,0.0,0.0,0.0,1e-04,0.0126,0.0249,0.025,0.0249,0.0249,0.025,0.0372,0.0125,0.0,1e-04,0.0062,0.0124,0.0125,0.0124,0.0125,0.0125,0.0124,0.0062,0.0371,0.0373
2012-10-11,-5.5189,148.1172,NE,,,,,,,,,0.0,0.0002,0.0126,,,,,,,0.0439,0.0377,0.0378,0.0378,0.0255,0.0377,0.0378,0.0379,0.0379,0.0379,0.0378,0.0379,0.0258
2012-10-11,-5.5189,148.1172,NO,,,,,0.0246,0.0247,0.0247,0.0247,0.037,0.0491,0.0369,0.0369,0.0368,0.0367,0.0367,0.0367,0.0428,0.0367,0.0368,0.0366,0.0306,0.0367,0.0246,0.0244,0.0122,0.0244,0.0182,0.0306,0.0366,0.0368
2012-10-11,-5.5189,148.1172,O,,,,0.0077,-0.0046,-0.0046,-0.0046,0.0077,-0.0047,-0.0047,-0.011,-0.0048,0.0013,-0.0048,0.0074,0.0074,0.0196,0.0196,,,,,,,,,,0.0007,0.0069,-0.0055
2012-10-11,-5.5189,148.1172,S,,,,,,0.3051,0.2236,0.0139,0.0208,,,,,,,,,,,,,,,,,,,,,
2012-10-11,-5.5189,148.1172,SE,,,,,,,,0.0018,0.0005,-0.0053,,,,,,,,,,0.0102,,,,,,,,,,
2012-10-11,-5.5189,148.1172,SO,,,,,-0.1533,-0.0753,0.0397,0.0804,0.0722,0.0173,0.0346,0.0019,-0.0267,-0.0519,-0.0688,-0.0786,-0.0876,,,,,,,,,,,,,
2012-12-23,-5.5189,148.1172,E,,0.0,,,,,,,,,,,,,,0.0097,0.0098,0.0098,0.0098,0.0098,0.0098,0.0098,0.0098,0.0098,0.0098,0.0098,0.0098,0.0098,0.0098,0.0098
2012-12-23,-5.5189,148.1172,N,0.0,0.0,0.0098,0.0098,0.0098,0.0098,0.0098,0.0,0.0,0.0098,0.0098,0.0098,0.0146,0.0195,0.0195,0.0195,0.0195,0.0195,0.0195,0.0195,0.0195,0.0243,0.0291,0.0291,0.0291,0.0291,0.0243,0.0291,0.0291,0.0291
2012-12-23,-5.5189,148.1172,NE,,0.0,0.0,,,,,,,,,,,,,,0.0,0.0049,0.0098,0.0098,0.0098,0.0049,0.0098,0.0195,0.0098,0.0098,0.0098,0.0098,0.0146,0.0194
2012-12-23,-5.5189,148.1172,NO,,0.0,0.0,0.0,0.0,0.0049,0.0049,0.0098,0.0049,0.0098,0.0098,0.0098,0.0195,0.0098,0.0195,0.0195,0.0195,0.0195,0.0098,0.0195,0.0291,0.0291,0.0291,0.0195,0.0195,0.0291,0.0291,0.0291,0.0291,0.0291
2012-12-23,-5.5189,148.1172,O,-0.0063,-0.0063,-0.0063,-0.0063,-0.0063,-0.0063,-0.0063,0.0034,0.0034,0.0034,0.0015,-0.0063,-0.0063,-0.0063,-0.0062,-0.0062,0.0034,0.0034,,,,,,,,,,,,
2012-12-23,-5.5189,148.1172,S,-0.2124,-0.2027,-0.1831,-0.1441,-0.0723,-0.0317,0.0008,-0.0255,0.0015,,,,,,,,,,,,,,,,,,,,,
2012-12-23,-5.5189,148.1172,SE,,0.0,0.0097,,,0.1045,,,,,,,,,,,,,,,,,,,,,,,,
2012-12-23,-5.5189,148.1172,SO,,-0.1149,-0.1149,-0.1099,-0.1047,-0.0431,0.0204,0.0505,0.0029,-0.0149,0.0118,0.0092,0.0076,-0.0057,-0.009,-0.0047,-0.0101,,,,,,,,,,,,,
2013-04-03,-5.5189,148.1172,E,,0.0121,0.0163,0.0105,0.0087,0.0146,0.0101,0.0117,0.0077,0.0061,0.0055,0.0023,0.0016,0.001,0.0002,-0.0002,-0.0004,-0.0013,-0.0013,-0.0016,-0.0014,-0.0018,-0.002,-0.0018,-0.0017,-0.0018,-0.0026,-0.0033,-0.0036,-0.0028
2013-04-03,-5.5189,148.1172,N,0.0166,0.0104,0.0085,0.0074,0.0069,0.0059,0.0044,0.0018,0.0004,0.0003,0.0008,0.001,0.0013,0.0018,0.0019,0.0018,0.0013,0.0006,0.0,0.0009,0.0005,0.0016,0.0015,0.0011,0.0008,0.0008,0.0018,0.0028,0.0034,0.0034
2013-04-03,-5.5189,148.1172,NE,,0.0105,0.009,0.0066,0.0059,0.0061,0.006,0.006,0.0057,0.0052,0.0036,0.002,0.0017,0.0041,0.0011,0.0014,0.0023,0.0025,0.0034,0.0031,0.0025,0.0022,0.0024,0.0027,0.0025,0.0021,0.0012,0.0015,0.0019,0.0026
2013-04-03,-5.5189,148.1172,NO,,0.0092,0.0081,0.0075,0.0071,0.007,0.0052,0.0042,0.0034,0.0007,0.0005,0.0008,0.0003,0.0008,1e-04,0.0016,0.0039,0.002,0.0036,0.0038,0.0031,0.0027,0.0027,0.0025,0.0031,0.0036,0.0039,0.0034,0.0035,0.0036
2013-04-03,-5.5189,148.1172,O,0.0019,0.0003,0.0055,0.012,0.0068,0.0164,0.0101,0.0093,0.0056,0.0087,0.0098,0.0072,0.0045,-0.0011,-0.0008,-0.0066,-0.0016,-0.0045,-0.0039,-0.0034,-0.006,-0.0066,-0.0074,-0.0068,-0.007,-0.0068,-0.0077,-0.0087,-0.0094,-0.0091
2013-04-03,-5.5189,148.1172,S,-0.0605,-0.0489,-0.0252,0.0076,0.0335,0.0422,0.0245,-0.0026,0.0023,,,,,,,,,,,,,,,,,,,,,
2013-04-03,-5.5189,148.1172,SE,,-0.0172,-0.0048,0.0071,0.0205,0.0319,0.0135,-0.027,0.0058,0.0427,0.0268,0.0315,0.03,0.0158,0.0081,0.0076,0.0213,0.0227,0.0148,-0.0167,,,,,,,,,,
2013-04-03,-5.5189,148.1172,SO,,-0.0719,-0.0654,-0.0518,-0.0387,0.009,0.0518,0.0378,0.0351,0.0133,0.0168,0.0026,0.001,-0.0071,-0.0188,-0.0215,-0.0237,-0.0272,-0.0333,-0.0365,,,,,,,,,,
2013-06-16,-5.5189,148.1172,E,,-0.0084,-0.0039,-0.0071,-0.0094,-0.0015,-0.0059,-0.0027,-0.0049,-0.0032,-0.0002,-0.0012,0.0005,0.0005,1e-04,-0.0004,-0.0009,-0.0008,-0.0012,-0.0014,-0.0003,-0.0007,-0.0015,-0.0027,-0.0033,-0.0025,-0.0015,-0.002,-0.0027,-0.0028
2013-06-16,-5.5189,148.1172,N,0.0116,0.0061,0.0041,0.0044,0.0049,0.0054,0.0056,0.0056,0.0067,0.008,0.0104,0.0133,0.0147,0.0149,0.0141,0.0123,0.0129,0.0131,0.0143,0.016,0.0168,0.0162,0.0156,0.0154,0.0158,0.0162,0.0167,0.0177,0.0186,0.0191
2013-06-16,-5.5189,148.1172,NE,,0.007,0.0069,0.0078,0.0102,0.012,0.0102,0.0107,0.0092,0.0102,0.0111,0.0116,0.0123,0.0137,0.014,0.0148,0.0147,0.0133,0.0133,0.0127,0.0125,0.0119,0.0107,0.0109,0.0125,0.0138,0.014,0.0147,0.0147,0.0149
2013-06-16,-5.5189,148.1172,NO,,0.0061,0.0041,0.0034,0.0021,0.0004,0.0008,0.0004,0.0014,0.0041,0.0044,0.0047,0.0047,0.0054,0.0078,0.0083,0.0083,0.0085,0.0067,0.0057,0.008,0.0086,0.0108,0.0099,0.0094,0.0103,0.0101,0.0102,0.0094,0.0087
2013-06-16,-5.5189,148.1172,O,0.0089,0.0087,0.0127,0.0179,0.0051,0.0101,0.0028,0.0027,0.0024,0.001,0.0039,0.0008,-0.0012,-0.0027,-0.0027,-0.0027,-0.0024,-0.0017,-0.0022,-0.0027,-0.0027,-0.0027,-0.0027,-0.0027,-0.0027,-0.0027,-0.0027,-0.0027,-0.0027,-0.0022
2013-06-16,-5.5189,148.1172,S,-0.0726,-0.059,-0.034,-0.0066,0.0127,0.0222,0.0147,-0.0008,-0.0024,,,,,,,,,,,,,,,,,,,,,
2013-06-16,-5.5189,148.1172,SE,,-0.0453,-0.0301,-0.0178,-0.0019,0.0068,-0.0045,-0.0257,0.0096,0.0387,0.026,0.0235,0.0206,0.0098,-0.0015,0.0073,0.0257,0.0302,0.0233,-0.0087,,,,,,,,,,
2013-06-16,-5.5189,148.1172,SO,,-0.0265,-0.0207,-0.0059,0.0088,0.0505,0.0733,0.0525,0.0433,0.0181,0.0115,-0.0027,-0.0101,-0.0165,-0.0213,-0.024,-0.0267,-0.029,-0.0321,-0.0347,,,,,,,,,,
2013-09-28,-5.5189,148.1172,E,,,,-1e-04,0.0118,0.0178,0.0119,0.012,1e-04,0.009,0.0002,0.0002,0.0002,0.0004,0.0122,0.0122,0.0005,0.0005,0.0006,0.0005,0.0005,0.0005,0.0004,0.0005,0.0006,0.0006,-0.0115,-0.0115,,
2013-09-28,-5.5189,148.1172,N,,,,,,,,,0.0114,0.0114,0.0234,0.0234,0.0234,0.0115,0.0115,0.0115,0.0116,0.0116,0.0116,0.0116,0.0117,0.0116,0.0117,0.0118,0.0235,0.0176,0.0118,0.0117,0.0117,0.0119
2013-09-28,-5.5189,148.1172,NE,,,,0.0113,0.0173,0.0114,0.0114,0.0115,0.0116,0.0116,0.0116,0.0117,0.0117,0.0118,0.0118,0.0119,0.0118,0.0119,0.012,0.0121,0.0121,0.0121,0.0119,0.0123,0.0121,0.0062,0.0123,0.0123,0.024,0.0182
2013-09-28,-5.5189,148.1172,NO,,,,,,,,,,0.0109,0.0109,0.0108,0.0108,0.0108,0.0108,0.0107,0.0107,0.0226,0.0225,0.0109,0.0107,0.0104,0.0106,0.0106,0.0108,0.0223,0.0107,0.0105,0.0104,0.0103
2013-09-28,-5.5189,148.1172,O,,,,,,,,0.0191,0.0072,-0.0047,-0.0047,-0.0048,-0.0049,-0.0048,0.001,0.0069,0.0069,0.0009,0.0008,-0.0051,-0.0024,-0.0051,-0.0052,-0.0052,0.0064,0.0064,0.0063,-0.0054,-0.0056,-0.0055
2013-09-28,-5.5189,148.1172,SE,,,,,0.0381,0.02,0.0348,0.0063,0.013,0.0916,0.0224,0.0443,0.0577,0.0388,0.0063,0.0551,0.0839,0.0754,0.0716,0.0275,,,,,,,,,,
2013-09-28,-5.5189,148.1172,SO,,,,,,,,,0.0178,0.0343,0.0193,0.0098,0.0169,0.0059,0.0008,-0.002,-0.006,-0.015,-0.0285,-0.0257,,,,,,,,,,
2013-10-23,-5.5189,148.1172,E,,0.0,0.0,0.0,0.027,0.027,0.0134,0.0134,0.0133,0.0,0.0,0.0133,0.0269,,,,,,,,,,,,,0.013,0.013,0.013,0.013,0.0129
2013-10-23,-5.5189,148.1172,N,0.0135,0.0135,0.027,0.027,0.0135,0.0135,0.0135,0.0135,0.027,0.027,0.0135,0.0135,0.0135,0.0134,0.0,0.0134,0.0134,0.0134,0.0134,0.0,0.0134,0.0133,0.0134,0.0,0.0134,0.0134,0.0134,0.0134,0.0133,0.0133
2013-10-23,-5.5189,148.1172,NE,,0.0,0.0,0.0135,0.0135,0.0134,0.0135,0.0269,0.0269,0.0269,0.0133,0.0133,0.0,0.0067,0.0133,0.0133,0.0268,0.0133,0.0,0.0066,0.0,,,,,,,0.013,0.0129,0.0129
2013-10-23,-5.5189,148.1172,NO,,0.0135,0.0136,0.0136,0.0136,0.0136,0.0136,0.0136,0.0136,0.0136,0.0136,0.0,0.0136,0.0136,0.0136,0.0271,0.0204,0.0136,0.0136,0.0068,0.0068,0.0,0.0136,,0.0069,0.0003,1e-04,0.0,0.0002,0.0003
2013-10-23,-5.5189,148.1172,O,0.0079,0.0079,0.0079,0.0079,0.0215,0.0351,0.0216,0.008,,,,,,,,,,,,,0.0151,0.0083,-0.0053,0.0083,-0.0053,-0.0053,-0.0053,-0.0052,-0.0052,-0.0052
2013-10-23,-5.5189,148.1172,S,-0.0668,-0.0668,-0.0397,-0.0009,0.0765,0.1106,0.0773,-0.0145,-0.0072,,,,,,,,,,,,,,,,,,,,,
2013-10-23,-5.5189,148.1172,SE,,-0.0103,-0.0103,0.0167,0.0434,0.0617,0.0367,-0.0509,-0.0226,0.0652,0.0253,0.0654,0.0862,0.0546,0.0331,,,,,,,,,,,,,,,
2013-10-23,-5.5189,148.1172,SO,,-0.2042,-0.1974,-0.1772,-0.1473,-0.1022,-0.0346,0.0062,-0.0128,-0.0337,,,,,,,,,,,,,,,,,,,,
2014-05-10,-5.5189,148.1172,E,,,,-0.0207,0.0063,0.0063,-0.0071,-0.0206,-0.0071,0.0064,0.0064,0.0064,-0.007,-0.007,-0.007,-0.007,-0.007,-0.007,0.0064,0.0065,0.0065,-0.007,-0.007,0.0065,0.0065,-0.007,0.0065,,,
2014-05-10,-5.5189,148.1172,N,,,,,,,0.0137,0.0137,0.0204,0.0204,0.0271,0.0271,0.0271,0.0137,0.0137,0.0069,0.0137,0.0137,0.0137,0.0137,0.0137,0.0137,0.0271,0.0271,0.0271,0.0271,0.0204,0.0137,0.0271,0.0271
2014-05-10,-5.5189,148.1172,NE,,,,1e-04,0.0137,0.0137,0.0271,0.0204,0.0137,0.0137,0.0137,0.0137,0.0271,0.0137,0.0137,0.0137,0.0137,0.0137,0.0137,0.0137,0.0137,0.0138,0.0272,0.0273,0.0273,0.0273,0.0273,0.0273,0.0272,0.0273
2014-05-10,-5.5189,148.1172,NO,,,,,,,,,,0.0135,0.0068,0.0135,0.0135,0.0135,1e-04,0.0068,0.0,0.0,0.0135,0.0135,0.0135,0.0135,0.0,0.0,0.0,0.0,0.0,0.0,0.0,0.0
2014-05-10,-5.5189,148.1172,O,,,,,,,,,0.0061,-0.0075,-0.0075,-0.0075,-0.0075,0.0061,0.0061,0.0061,0.006,0.0061,0.006,-0.0075,-0.0075,-0.0075,0.006,0.006,0.006,-0.0075,-0.0075,-0.0075,-0.0075,-0.0075
2014-05-10,-5.5189,148.1172,SE,,,,,-0.0097,0.0028,0.0091,-0.0101,0.009,0.0276,0.001,0.0105,0.0214,0.0056,0.003,0.0201,0.0364,0.0286,0.0307,0.0148,,,,,,,,,,
2014-05-10,-5.5189,148.1172,SO,,,,,,,,,-0.0072,0.019,0.006,-0.0004,0.0055,0.0055,-0.0005,-0.0007,-0.0007,-0.0008,-0.007,-0.0067,,,,,,,,,,
2014-06-11,-5.5189,148.1172,E,,-0.008,,,,,,,,,,,-0.0079,-0.008,0.0067,0.0068,0.007,0.007,0.007,0.007,-0.008,-0.008,-0.008,-0.008,0.007,0.007,-0.008,-0.008,-0.008,0.0071
2014-06-11,-5.5189,148.1172,N,0.015,0.015,0.0299,0.0299,0.015,0.015,0.015,0.0075,0.015,0.015,0.0299,0.015,0.015,0.015,0.015,0.0075,0.015,0.015,0.0,0.0,0.0,0.015,0.0,0.0075,0.0,0.0,0.0,1e-04,0.015,0.0075
2014-06-11,-5.5189,148.1172,NE,,0.015,0.0299,,,,,,,,,,,0.015,0.015,0.015,0.0225,0.015,0.015,0.015,0.015,1e-04,0.015,0.015,0.015,1e-04,1e-04,1e-04,0.015,1e-04
2014-06-11,-5.5189,148.1172,NO,,0.015,0.015,0.0,0.0,0.015,0.015,0.0075,0.0,0.0,0.0,0.015,0.015,0.0,0.0075,0.0,0.0,0.0,0.0,0.0,0.0,0.0,0.0,0.0,0.0,0.0,0.0,0.0,0.0,0.0
2014-06-11,-5.5189,148.1172,O,0.007,0.007,-0.0005,0.007,-0.008,-0.008,0.007,-0.008,-0.008,0.007,0.007,0.0069,0.0014,0.0069,0.0069,0.0069,-0.008,0.0068,-0.008,-0.008,-0.008,-0.008,-0.008,,,,,,,
2014-06-11,-5.5189,148.1172,S,-0.2244,-0.2243,-0.1946,-0.1501,-0.0833,-0.0439,-0.0089,-0.0173,-0.0143,,,,,,,,,,,,,,,,,,,,,
2014-06-11,-5.5189,148.1172,SE,,0.0434,0.0435,0.073,0.0723,0.1146,,,,,,,,,,0.061,0.0665,0.0764,0.0855,0.0455,,,,,,,,,,
2014-06-11,-5.5189,148.1172,SO,,-0.1125,-0.1125,-0.0902,-0.0664,-0.011,0.0435,0.0709,0.0435,0.0097,-0.0103,-0.0253,-0.0258,-0.0116,-0.0188,-0.0326,-0.0467,-0.0539,-0.0535,-0.053,,,,,,,,,,
2014-10-17,-5.5189,148.1172,E,,-0.0046,0.0099,0.0051,-0.0045,-0.0045,-0.0045,-0.0045,-0.0045,0.002,0.0004,-0.0044,-0.0044,-0.0043,-0.0043,0.0005,0.0053,0.0005,0.0005,-0.0043,0.0053,0.0053,-0.014,,,,,,,
2014-10-17,-5.5189,148.1172,N,0.0095,0.0,0.0,0.0095,0.0095,0.0095,0.0095,0.0095,0.0096,0.0096,0.0096,0.0095,0.0096,0.0144,0.0096,0.0096,0.0048,0.0096,0.0096,0.0096,0.0096,0.0048,0.0096,0.0096,0.0096,0.0096,0.0192,0.0192,0.0096,0.0096
2014-10-17,-5.5189,148.1172,NE,,0.0095,0.0144,0.0192,0.0096,0.0,0.0096,0.0,0.0,0.0,0.0048,0.0096,0.0097,0.0097,0.0097,0.0098,0.0098,0.0097,0.0098,0.0098,0.0098,0.0099,0.0002,0.0098,0.0099,0.0098,0.0098,0.0002,0.0002,1e-04
2014-10-17,-5.5189,148.1172,NO,,0.0095,0.0095,,,,,,,,,,,,0.019,0.0093,0.0093,0.0093,0.0093,0.0093,0.0093,0.0093,0.0,0.0,0.0093,0.0093,0.0142,0.0093,0.0093,0.0093
2014-10-17,-5.5189,148.1172,O,-0.0067,,,,,,,,,,,0.0027,0.0027,0.0027,0.0027,0.0027,0.0027,0.0026,0.0026,0.0026,0.0026,0.0025,-0.007,-0.007,0.0025,-0.0071,-0.0071,-0.0071,0.0024,0.012
2014-10-17,-5.5189,148.1172,S,-0.0563,-0.0467,-0.0323,-0.0142,0.0187,0.0466,0.0167,-0.0051,-0.0115,,,,,,,,,,,,,,,,,,,,,
2014-10-17,-5.5189,148.1172,SE,,0.0181,0.0229,0.0326,0.0469,0.0508,0.0235,-0.0568,0.0062,0.0791,0.0312,0.0374,0.0524,0.0319,0.0228,0.0306,0.059,0.0567,0.063,0.0081,,,,,,,,,,
2014-10-17,-5.5189,148.1172,SO,,-0.0859,,,,,,,,,,,,0.0148,0.0063,0.0041,0.0098,-0.0024,-0.0131,-0.0111,,,,,,,,,,
2015-07-08,-5.5189,148.1172,E,,-0.0034,-0.0027,-0.0043,-0.0038,-0.0008,-1e-04,0.0027,0.0016,0.0008,0.0016,0.0016,0.002,0.002,0.001,0.0002,-0.001,-0.0013,-0.0002,-0.0004,0.0003,-0.0007,-0.0015,-0.0019,-0.0017,-0.0008,-0.0004,-0.0008,-0.0012,-0.0007
2015-07-08,-5.5189,148.1172,N,0.0038,0.0019,0.0012,0.0004,0.0002,0.001,0.0015,0.0028,0.0034,0.0028,0.0029,0.0028,0.0029,0.003,0.0033,0.0033,0.0027,0.0026,0.0025,0.0025,0.0028,0.0032,0.0037,0.004,0.0042,0.0045,0.0052,0.0048,0.0049,0.0046
2015-07-08,-5.5189,148.1172,NE,,0.0018,0.0013,0.0013,0.0029,0.0042,0.0053,0.0048,0.0034,0.0039,0.004,0.0048,0.0043,0.0038,0.0031,0.0027,0.0024,0.0025,0.0034,0.0041,0.005,0.0055,0.0057,0.0061,0.0047,0.0048,0.0045,0.0045,0.005,0.0055
2015-07-08,-5.5189,148.1172,NO,,0.0018,0.0015,0.0016,0.0009,0.0016,0.0017,0.0016,0.0014,0.0026,0.0023,0.0023,0.0023,0.0025,0.0024,0.0024,0.0021,0.0018,0.0014,0.0018,0.0016,0.0018,0.0021,0.0017,0.0016,0.0022,0.0022,0.004,0.0038,0.0031
2015-07-08,-5.5189,148.1172,O,0.0016,0.0013,0.0034,0.0069,-0.0013,0.0028,-0.0021,-0.0021,-0.001,-0.0014,-0.001,-0.0021,-0.0021,-0.0021,-0.0021,-0.0021,-0.0016,-0.0009,-0.0021,-0.0021,-0.0021,-0.0021,-0.002,-0.0021,-0.0016,-0.0021,-0.0021,-0.001,-0.0018,-0.0021
2015-07-08,-5.5189,148.1172,S,-0.0525,-0.0482,-0.0329,-0.0059,0.019,0.0282,0.0153,-0.0017,0.0029,,,,,,,,,,,,,,,,,,,,,
2015-07-08,-5.5189,148.1172,SE,,-0.0259,-0.0214,-0.0113,0.0074,0.0172,0.0068,-0.0136,0.0003,0.0246,0.0219,0.0252,0.0224,0.0119,-0.0013,0.0048,0.0102,0.013,0.0136,-0.0031,,,,,,,,,,
2015-07-08,-5.5189,148.1172,SO,,-0.0284,-0.0233,-0.0149,-0.0068,0.0202,0.0434,0.0463,0.0241,0.0157,0.0094,0.0033,0.0041,-0.0022,-0.0111,-0.0166,-0.0208,-0.0234,-0.0284,-0.03,,,,,,,,,,
2015-08-25,-5.5189,148.1172,E,,0.0033,0.0042,0.0029,0.0005,0.0021,-0.0006,0.0002,-0.0031,-0.0042,-0.0032,-0.004,-0.0025,-0.0008,0.001,0.0024,0.0016,0.0006,-0.0002,-0.0004,-0.0008,-0.0008,-0.0006,-0.0003,-0.0003,-0.0005,-0.0006,-0.0002,0.0003,0.0004
2015-08-25,-5.5189,148.1172,N,0.0076,0.0061,0.0055,0.0051,0.0048,0.0044,0.0038,0.0039,0.0027,0.0025,0.0031,0.0041,0.0047,0.0054,0.0045,0.0045,0.0049,0.0059,0.007,0.0075,0.009,0.0099,0.0105,0.0103,0.01,0.01,0.01,0.0099,0.0101,0.0106
2015-08-25,-5.5189,148.1172,NE,,0.0064,0.0062,0.0056,0.0045,0.0037,0.0015,0.0002,0.0,0.0,0.0,0.0,0.0,0.0,0.0004,0.0015,0.0021,0.0025,0.0028,0.0051,0.0054,0.004,0.0079,0.0088,0.0112,0.0119,0.0125,0.0135,0.0136,0.0131
2015-08-25,-5.5189,148.1172,NO,,0.006,0.0054,0.0045,0.0033,0.0021,0.001,0.0005,0.0005,0.0009,0.0012,0.0014,0.002,0.003,0.0047,0.0049,0.0047,0.0052,0.0049,0.0054,0.0063,0.0068,0.007,0.0068,0.007,0.0066,0.0062,0.0061,0.0055,0.0049
2015-08-25,-5.5189,148.1172,O,0.0017,0.002,0.0043,0.0074,0.0033,0.0086,0.0037,0.0022,-0.0005,-0.0022,-0.0002,-0.002,-0.0033,-0.0063,-0.006,-0.0031,0.0,0.0011,0.0008,-0.0008,-0.0016,-0.0018,-0.0017,-0.0036,-0.0037,-0.005,-0.0051,-0.006,-0.0052,-0.0063
2015-08-25,-5.5189,148.1172,S,-0.0628,-0.0575,-0.0406,-0.0206,-0.0047,0.0047,0.0042,-0.0015,0.0023,,,,,,,,,,,,,,,,,,,,,
2015-08-25,-5.5189,148.1172,SE,,-0.0161,-0.0093,0.0005,0.0103,0.0204,0.0067,-0.0163,0.0064,0.0297,0.0189,0.0181,0.0155,0.0067,0.0005,0.0037,0.0136,0.0129,0.0111,-0.0034,,,,,,,,,,
2015-08-25,-5.5189,148.1172,SO,,-0.0321,-0.0279,-0.0189,-0.0115,0.0118,0.0336,0.0248,0.0211,0.0092,0.0105,0.0061,0.0087,0.0043,0.0006,-0.0059,-0.011,-0.0138,-0.0163,-0.0174,,,,,,,,,,
2016-04-21,-5.5189,148.1172,E,,-0.0074,-0.0039,-0.0038,-0.0021,0.0008,-0.0015,-0.003,-0.0037,-0.0031,-0.0027,-0.0057,-0.0057,-0.0089,-0.0105,-0.0104,-0.01,-0.0088,-0.0059,-0.0027,-0.0011,0.0002,0.0004,0.001,0.0029,0.0043,0.0054,0.0063,0.0064,0.0055
2016-04-21,-5.5189,148.1172,N,0.0171,0.0136,0.0102,0.0077,0.0065,0.0095,0.0122,0.0153,0.0153,0.0159,0.0177,0.0181,0.0183,0.0183,0.018,0.0168,0.0154,0.0145,0.0136,0.0128,0.012,0.0107,0.0107,0.0099,0.0081,0.0083,0.0093,0.0097,0.0095,0.0088
2016-04-21,-5.5189,148.1172,NE,,0.015,0.0144,0.0145,0.0154,0.0168,0.0135,0.0133,0.0142,0.0159,0.0168,0.0174,0.0171,0.0159,0.016,0.0154,0.0162,0.0171,0.017,0.017,0.0162,0.017,0.0144,0.0166,0.0154,0.0176,0.0179,0.019,0.0206,0.0228
2016-04-21,-5.5189,148.1172,NO,,0.0124,0.0087,0.0068,0.0056,0.0064,0.0093,0.0117,0.0135,0.0142,0.013,0.0114,0.0096,0.0085,0.0089,0.0083,0.0065,0.007,0.0048,0.0029,0.0019,0.0,0.0,0.0,0.0,0.0,0.0,0.0,0.0,0.0
2016-04-21,-5.5189,148.1172,O,0.0074,0.0067,0.0099,0.0144,0.001,0.0054,0.0029,0.0054,0.0023,0.0076,0.009,0.0069,0.0021,0.0002,-0.0013,-0.0034,-0.0038,-0.0047,-0.0038,-0.0037,-0.0033,-0.0026,-0.003,-0.0038,-0.006,-0.0074,-0.0073,-0.0027,0.0031,0.0037
2016-04-21,-5.5189,148.1172,S,0.0116,0.0184,0.0267,0.0481,0.0777,0.0807,0.0601,0.0033,0.0035,,,,,,,,,,,,,,,,,,,,,
2016-04-21,-5.5189,148.1172,SE,,-0.0248,-0.0193,-0.0124,0.0065,0.0257,0.0214,-0.0018,0.0004,0.0151,0.0053,0.0113,0.0194,0.0151,0.0071,0.0084,0.0097,0.0061,-1e-04,-0.0143,,,,,,,,,,
2016-04-21,-5.5189,148.1172,SO,,-0.0607,-0.0529,-0.0443,-0.0256,-0.0035,0.0149,0.0279,0.0196,0.0099,0.0101,-0.0026,-0.0045,-0.0076,-0.0145,-0.0179,-0.0203,-0.0227,-0.0265,-0.0302,,,,,,,,,,
2016-05-15,-5.5189,148.1172,E,,-0.0066,0.0083,0.0083,0.0083,0.0009,,,,,,,,,,,0.0088,-0.0061,0.0088,0.0088,0.0088,-0.006,-0.006,-0.006,0.009,-0.0058,-0.0058,-0.0058,-0.0058,-0.0057
2016-05-15,-5.5189,148.1172,N,0.0,0.0,0.0,0.015,0.015,0.015,0.015,0.0076,0.0002,0.0002,0.0076,0.0076,0.015,0.0151,0.0151,0.0151,0.0151,0.0151,0.015,0.0151,0.0151,0.0151,0.0152,0.015,0.015,0.015,0.015,0.015,0.015,0.015
2016-05-15,-5.5189,148.1172,NE,,0.0,0.0075,1e-04,0.0151,0.0152,0.0152,0.0077,0.0002,0.0002,,,,,,,,0.0155,0.0006,0.0081,0.0157,0.0157,0.0157,0.0158,0.0157,0.0158,0.0158,0.0159,0.0159,0.0159
2016-05-15,-5.5189,148.1172,NO,,0.0,0.0,0.0,0.0,0.0,0.0,0.0074,0.0149,0.0148,0.0148,0.0149,0.0148,0.0147,0.0148,0.0148,0.0146,0.0148,0.0221,0.0147,0.0146,0.0146,0.0147,0.0147,0.0147,0.0147,0.0146,0.0146,0.0074,0.0074
2016-05-15,-5.5189,148.1172,O,-0.0201,-0.0201,-0.0201,-0.0053,-0.0053,0.0021,-0.0054,-0.0054,-0.0054,0.0094,0.0088,-0.0055,-0.0055,-0.0055,-0.0055,0.0093,-0.0056,-0.0201,,,,,,,,,,0.0088,-0.006,0.0088
2016-05-15,-5.5189,148.1172,S,-0.0969,-0.0969,-0.082,-0.0392,-0.0101,0.0084,0.0148,-0.0048,0.0103,,,,,,,,,,,,,,,,,,,,,
2016-05-15,-5.5189,148.1172,SE,,-0.1289,-0.1438,-0.1289,-0.0994,-0.072,-0.0407,-0.016,0.0004,0.0013,,,,,,,,,,-0.0794,,,,,,,,,,
2016-05-15,-5.5189,148.1172,SO,,-0.0955,-0.0955,-0.0881,-0.0754,-0.041,0.0288,0.0522,0.0435,0.0071,0.0048,-0.0101,0.0099,-0.0042,-0.0155,-0.0307,-0.029,,,,,,,,,,,,,
2016-05-23,-5.5189,148.1172,E,,-0.0174,-0.0174,-0.0174,-0.0174,-0.0174,-0.0174,-0.0174,-0.0174,-0.015,-0.0075,-0.0027,0.0011,0.0036,0.0041,0.0048,0.0035,0.0022,0.0018,0.0027,0.0051,0.0043,0.0031,0.001,-0.0004,-0.001,-0.0011,-0.001,-0.0013,-0.0013
2016-05-23,-5.5189,148.1172,N,0.0,0.0,0.0,1e-04,0.0022,0.004,0.0059,0.0072,0.0089,0.0097,0.0101,0.0097,0.0091,0.0082,0.0079,0.0086,0.0097,0.0091,0.0079,0.0061,0.005,0.0047,0.0048,0.0048,0.0038,0.0028,0.0011,0.0,0.0008,0.0
2016-05-23,-5.5189,148.1172,NE,,0.0,0.0,0.0,0.0,0.0,0.0068,0.0064,0.0086,0.0068,0.0076,0.0092,0.0091,0.0118,0.0128,0.013,0.0138,0.0151,0.0147,0.0147,0.0136,0.0132,0.0134,0.0137,0.0136,0.0141,0.013,0.014,0.0131,0.013
2016-05-23,-5.5189,148.1172,NO,,0.0,0.0011,0.0018,0.0032,0.0045,0.0047,0.0052,0.0063,0.0076,0.0086,0.0087,0.007,0.0059,0.0047,0.0038,0.0035,0.002,0.0014,0.0018,0.0017,0.0022,0.0034,0.0037,0.0039,0.002,0.0013,0.0,0.0,0.0
2016-05-23,-5.5189,148.1172,O,-0.0074,-0.0068,-0.0064,-0.0042,-0.0019,0.0021,0.0016,0.0018,0.0014,0.0016,0.0028,0.003,0.0042,0.0042,0.0052,0.0032,0.0055,0.0039,0.0026,0.0005,-0.0009,-0.0022,-0.0031,-0.0043,-0.0051,-0.0047,-0.0033,-0.0032,-0.0025,-0.0056
2016-05-23,-5.5189,148.1172,S,0.0511,0.0511,0.0532,0.0598,0.0755,0.0805,0.0489,0.0046,0.0146,,,,,,,,,,,,,,,,,,,,,
2016-05-23,-5.5189,148.1172,SE,,-0.0375,-0.0375,-0.0375,-0.0375,-0.0393,-0.0465,-0.0444,-0.0317,-0.0148,-0.0023,0.01,0.0281,0.041,0.0425,0.0389,0.0367,0.0316,0.0282,0.0173,,,,,,,,,,
2016-05-23,-5.5189,148.1172,SO,,-0.063,-0.0541,-0.045,-0.0249,0.0004,0.0167,0.0228,0.0185,0.0081,0.0012,-0.0094,-0.0105,-0.0099,-0.013,-0.0156,-0.0192,-0.0235,-0.0285,-0.0327,,,,,,,,,,
2016-07-18,-5.5189,148.1172,E,,,,,,,,,,-0.0022,-0.0021,-0.0021,-0.0021,0.0094,0.0095,-0.002,-0.002,-0.002,-0.0019,-0.0019,-0.0019,-0.0019,-0.0019,-0.0019,-0.0018,-0.0018,-0.0017,-0.0017,-0.0017,-0.0017
2016-07-18,-5.5189,148.1172,N,,,,,,,,,,,0.0112,0.0113,0.0229,0.0228,0.0229,0.0229,0.0171,0.0171,0.0113,0.0113,0.0113,0.0058,0.0056,0.0057,0.0114,0.0116,0.0114,0.0114,0.0232,0.0116
2016-07-18,-5.5189,148.1172,NE,,,,,,,,,,0.0231,0.0231,0.0173,0.0116,0.0116,0.0116,0.0116,0.0116,0.0117,0.0117,0.0118,0.0118,0.0118,0.0117,0.0117,0.0118,0.0117,0.0117,0.0118,0.0117,0.0118
2016-07-18,-5.5189,148.1172,NO,,,,0.017,0.0112,0.017,0.017,0.017,0.0112,0.0112,0.0112,0.0112,0.0226,0.0226,0.0226,0.0111,0.0169,0.0111,0.0111,0.0111,0.0168,0.0111,0.0111,0.0111,0.011,0.011,0.0109,0.011,0.0109,0.0109
2016-07-18,-5.5189,148.1172,O,,0.0064,0.0006,-0.0052,0.0063,-0.0053,0.0063,0.0063,-0.0053,-0.0053,-0.0053,-0.0053,-0.0042,-0.0053,-0.0054,-0.0055,-0.0055,-0.0055,-0.0055,-0.0055,-0.0055,0.0059,0.0059,0.006,0.006,0.006,-0.0056,,,
2016-07-18,-5.5189,148.1172,S,,,,,,-0.1606,-0.0682,-0.0184,-0.0428,,,,,,,,,,,,,,,,,,,,,
2016-07-18,-5.5189,148.1172,SE,,,,,,,,,,,,0.0599,0.0439,0.0238,-0.0032,0.051,0.0797,0.0993,0.0901,0.0468,,,,,,,,,,
2016-07-18,-5.5189,148.1172,SO,,,-0.0782,-0.0783,-0.0474,-0.0002,0.0432,0.064,0.0536,0.0116,-0.0112,-0.0279,-0.0139,-0.0138,-0.0134,-0.0198,-0.0356,-0.0345,-0.0298,-0.0392,,,,,,,,,,
2016-08-27,-5.5189,148.1172,E,,0.007,0.0107,0.0066,0.0063,0.0101,0.0065,0.0088,0.0052,0.0043,0.0018,-0.0021,-0.001,-0.0024,-0.0015,-0.0009,-0.0016,-0.0017,-0.0012,-0.0009,-0.0005,-0.0007,-0.0012,-0.0012,-0.0017,-0.002,-0.0016,-0.0012,-0.0015,-0.001
2016-08-27,-5.5189,148.1172,N,0.0107,0.0075,0.0051,0.0034,0.0027,0.0024,0.002,0.0015,0.0011,0.0004,0.0006,0.0007,0.0013,0.0024,0.0026,0.0021,0.0012,0.001,0.0012,0.0009,0.0009,0.001,0.0009,0.0,0.0,1e-04,0.0004,0.001,0.0003,0.0
2016-08-27,-5.5189,148.1172,NE,,0.0077,0.0064,0.0055,0.0043,0.004,0.0029,0.0021,0.002,0.0023,0.0024,0.004,0.0035,0.0028,0.0022,0.0022,0.0022,0.0026,0.003,0.0026,0.0026,0.0025,0.0018,0.0023,0.0026,0.0028,0.0031,0.0028,0.0022,0.0027
2016-08-27,-5.5189,148.1172,NO,,0.0072,0.0046,0.0029,0.0024,0.002,0.0014,0.0012,0.0018,0.0025,0.0024,0.0027,0.0029,0.0021,0.0018,0.0014,0.0007,0.0031,0.0036,0.0052,0.0049,0.005,0.0034,0.0031,0.0032,0.0022,0.0026,0.0024,0.0028,0.002
2016-08-27,-5.5189,148.1172,O,0.0033,0.0032,0.0067,0.0129,0.0036,0.0119,0.0105,0.0116,0.0088,0.0056,0.0056,0.0023,-0.0015,-0.0009,-0.0024,-0.0033,-0.002,-0.0021,-0.0017,-0.001,-0.0012,-0.0024,-0.0037,-0.0044,-0.0045,-0.0051,-0.0046,-0.0044,-0.0054,-0.0045
2016-08-27,-5.5189,148.1172,S,-0.0096,0.0035,0.0187,0.0376,0.0716,0.076,0.0558,0.005,0.007,,,,,,,,,,,,,,,,,,,,,
2016-08-27,-5.5189,148.1172,SE,,-0.0242,-0.0131,-0.0084,-0.001,0.022,0.0192,-0.0099,0.0049,0.0299,0.0059,0.0139,0.0258,0.0314,0.0231,0.0148,0.015,0.0107,0.0078,-0.0117,,,,,,,,,,
2016-08-27,-5.5189,148.1172,SO,,-0.0676,-0.056,-0.0421,-0.0264,0.0041,0.0264,0.0399,0.0317,0.0141,0.0074,-0.0043,-0.0063,-0.0095,-0.0173,-0.0211,-0.0252,-0.0298,-0.0359,-0.0408,,,,,,,,,,
2016-12-01,-5.5189,148.1172,E,,0.0121,0.0136,0.0095,0.0084,0.0101,0.0052,0.0062,0.005,0.0048,0.0051,0.0039,0.0034,0.0028,0.002,0.0017,0.0014,0.0003,-0.0003,-0.0012,-0.0022,-0.0023,-0.0032,-0.0037,-0.0033,-0.0046,-0.0035,-0.0025,-0.0026,-0.0027
2016-12-01,-5.5189,148.1172,N,0.0177,0.0128,0.0091,0.0051,0.0019,0.0009,0.0021,0.0037,0.0046,0.0049,0.0047,0.0045,0.0049,0.005,0.0049,0.0046,0.0037,0.0025,0.0021,0.0015,0.0007,0.0004,0.002,0.0019,0.0012,0.0006,0.0005,0.0006,0.0011,0.0017
2016-12-01,-5.5189,148.1172,NE,,0.013,0.0107,0.0077,0.0063,0.0062,0.0046,0.0046,0.0031,0.0055,0.0043,0.0057,0.0046,0.0046,0.0047,0.0049,0.0054,0.0057,0.0048,0.0046,0.0036,0.0029,0.0017,0.0018,0.0021,0.0031,0.0027,0.0027,0.0028,0.0027
2016-12-01,-5.5189,148.1172,NO,,0.0115,0.0081,0.0065,0.0029,0.0025,0.0033,0.005,0.0064,0.0067,0.0049,0.0042,0.0028,0.0022,0.001,0.0004,0.0004,0.0,0.0,0.0,1e-04,0.0007,0.001,0.0013,0.0014,0.0012,0.0015,0.0008,0.0009,0.0009
2016-12-01,-5.5189,148.1172,O,0.0032,0.0027,0.0078,0.0146,0.0069,0.0162,0.0067,0.0056,1e-04,0.0042,0.0085,0.0069,0.0047,-0.0018,-0.003,-0.0058,-0.0029,-0.0047,-0.0042,-0.0057,-0.0071,-0.0074,-0.0069,-0.0062,-0.006,-0.0064,-0.0085,-0.0103,-0.0097,-0.0086
2016-12-01,-5.5189,148.1172,S,-0.0241,-0.0161,0.0167,0.0638,0.1037,0.093,0.0483,-0.0026,0.0038,,,,,,,,,,,,,,,,,,,,,
2016-12-01,-5.5189,148.1172,SE,,-0.0236,-0.0149,0.0021,0.0186,0.0337,0.0156,-0.0129,0.0006,0.0285,0.0304,0.0332,0.034,0.0214,0.0075,0.0042,0.0031,0.0057,0.0036,-0.0225,,,,,,,,,,
2016-12-01,-5.5189,148.1172,SO,,-0.0855,-0.077,-0.0625,-0.0518,-0.0134,0.0185,0.0289,0.0249,0.0149,0.0148,0.0025,0.001,-0.0042,-0.0128,-0.015,-0.0176,-0.0203,-0.023,-0.0244,,,,,,,,,,
2017-01-02,-5.5189,148.1172,E,,0.0026,0.0106,0.0058,0.0036,0.0044,-1e-04,0.0021,-0.0007,0.0005,0.0016,0.0029,0.0039,0.0031,0.0033,0.0037,0.002,0.001,-0.0,-0.0005,-0.0017,-0.0023,-0.0018,-0.001,-0.0006,-0.0008,-0.0015,-0.0025,-0.0027,-0.0036
2017-01-02,-5.5189,148.1172,N,0.0048,0.002,0.0006,0.0006,0.0012,0.0041,0.0063,0.0051,0.0059,0.0048,0.0041,0.0034,0.0023,0.0017,0.0028,0.0038,0.0039,0.0045,0.0052,0.006,0.0064,0.006,0.0052,0.0038,0.003,0.0031,0.0034,0.003,0.0029,0.0022
2017-01-02,-5.5189,148.1172,NE,,0.0012,0.0013,0.0,0.0023,0.0051,0.0062,0.006,0.0042,0.0028,0.0025,0.0028,0.0036,0.0042,0.0039,0.0025,0.0023,0.0017,0.0022,0.0031,0.0021,0.0021,0.0019,0.0026,0.0029,0.0027,0.0018,0.0002,0.0,0.0
2017-01-02,-5.5189,148.1172,NO,,0.0042,0.0044,0.0058,0.0039,0.0045,0.0039,0.0052,0.005,0.0022,0.0023,0.0012,0.0012,0.0016,0.0013,0.0002,0.0005,0.0003,0.0019,0.0024,0.0036,0.0037,0.0056,0.0041,0.0052,0.0048,0.004,0.004,0.0038,0.0038
2017-01-02,-5.5189,148.1172,O,-0.0026,-0.0003,0.0022,0.0063,0.0047,0.0086,0.0028,0.0013,-0.0026,0.0013,0.004,0.0002,-0.0012,-0.0029,-0.0025,-0.0043,-0.0011,-0.0037,-0.0032,-0.0036,-0.0026,-0.0012,-0.0012,-0.0021,-0.0045,-0.0054,-0.0062,-0.0054,-0.0052,-0.0051
2017-01-02,-5.5189,148.1172,S,-0.0242,-0.0105,0.0093,0.0238,0.0388,0.0406,0.0263,0.0031,0.0055,,,,,,,,,,,,,,,,,,,,,
2017-01-02,-5.5189,148.1172,SE,,-0.0167,-0.0024,0.004,0.008,0.0111,0.0078,-0.0074,0.0094,0.0177,0.0084,0.0072,0.0079,0.0092,0.0127,0.0159,0.0148,0.0092,-0.0019,-0.0161,,,,,,,,,,
2017-01-02,-5.5189,148.1172,SO,,-0.086,-0.078,-0.0649,-0.0494,-0.0218,0.0011,0.0068,0.0051,0.0002,0.012,0.0028,0.007,0.0027,-0.0095,-0.0097,-0.0111,-0.0131,-0.0153,-0.0138,,,,,,,,,,
2017-03-07,-5.5189,148.1172,E,,0.0118,0.015,0.0133,0.0139,0.0161,0.0129,0.0129,0.009,0.0092,0.0095,0.0087,0.0093,0.009,0.0077,0.0065,0.0055,0.0035,0.0032,0.0018,0.0018,1e-04,-0.0025,-0.0038,-0.0035,-0.0052,-0.006,-0.0071,-0.0084,-0.0079
2017-03-07,-5.5189,148.1172,N,0.0202,0.0186,0.0175,0.0171,0.017,0.0169,0.0165,0.0155,0.0146,0.0149,0.0157,0.0157,0.0149,0.0132,0.0128,0.0123,0.0123,0.0119,0.0107,0.0084,0.0058,0.0036,0.002,0.0012,0.0011,0.0,0.0,0.0,0.0,0.0
2017-03-07,-5.5189,148.1172,NE,,0.0191,0.019,0.0194,0.0209,0.0208,0.0212,0.0199,0.0188,0.0173,0.0183,0.0195,0.0188,0.0183,0.0167,0.0162,0.0164,0.0166,0.0161,0.0149,0.0129,0.0119,0.0111,0.0108,0.0111,0.0105,0.0102,0.0094,0.0083,0.0081
2017-03-07,-5.5189,148.1172,NO,,0.0175,0.016,0.0149,0.0147,0.0149,0.0148,0.0143,0.0143,0.0134,0.0126,0.0115,0.0103,0.009,0.0073,0.0059,0.0051,0.0032,0.0023,0.0018,0.0016,0.0018,0.0022,0.0025,0.0031,0.0026,0.0033,0.0035,0.0038,0.0049
2017-03-07,-5.5189,148.1172,O,0.0098,0.0076,0.0088,0.0097,0.009,0.0155,0.0137,0.0124,0.0063,0.0077,0.0081,0.0066,0.0038,0.0034,0.0019,0.0004,0.0,-0.0003,-0.0013,-0.0023,-0.0034,-0.0046,-0.0059,-0.0069,-0.0071,-0.0069,-0.0066,-0.0061,-0.0056,-0.0053
2017-03-07,-5.5189,148.1172,S,-0.0035,0.0016,0.0081,0.0223,0.0458,0.0485,0.0409,-0.0006,0.0043,,,,,,,,,,,,,,,,,,,,,
2017-03-07,-5.5189,148.1172,SE,,-0.0155,-0.0091,-0.0026,0.01,0.0244,0.0233,-0.0028,0.0009,0.0165,0.0067,0.0108,0.0178,0.0166,0.0096,0.0019,0.0004,-0.0068,-0.0148,-0.0229,,,,,,,,,,
2017-03-07,-5.5189,148.1172,SO,,-0.0599,-0.0567,-0.0509,-0.0315,-0.017,0.0061,0.0151,0.0136,0.0067,0.0055,-0.004,-0.0059,-0.0073,-0.0125,-0.0183,-0.0219,-0.0236,-0.0242,-0.025,,,,,,,,,,
2017-04-25,-5.5189,148.1172,E,,0.0103,0.0103,1e-04,1e-04,0.0102,0.0203,0.0203,0.0101,0.0101,0.01,0.0099,0.01,,,,,,,,,,,,,,0.0047,0.0093,0.0093,0.0
2017-04-25,-5.5189,148.1172,N,0.0104,0.0103,0.0103,0.0103,0.0103,0.0103,0.0103,0.0103,0.0102,0.0102,0.0002,0.0002,0.0102,0.0002,1e-04,0.0002,0.0002,0.0,1e-04,0.01,0.0099,0.0002,0.0,0.0003,0.0003,0.0003,1e-04,1e-04,0.0002,0.0099
2017-04-25,-5.5189,148.1172,NE,,0.0103,0.0103,0.0102,1e-04,0.0102,0.0101,0.0101,0.0101,0.0101,0.005,0.0,0.0,0.0,0.015,0.02,0.015,0.0149,0.0049,0.0049,0.0099,0.0098,0.0098,,,,,0.0,0.0,0.0
2017-04-25,-5.5189,148.1172,NO,,0.0104,0.0003,0.0003,0.0105,0.0105,0.0054,0.0003,0.0003,0.0003,0.0002,0.0,0.0,0.0003,0.0003,0.0105,0.0105,0.0003,0.0003,0.0003,0.0105,,0.0105,0.0009,0.0009,0.0111,0.0111,0.0111,0.0111,0.001
2017-04-25,-5.5189,148.1172,O,-0.0023,-0.0022,-0.0022,-0.0022,-0.0022,-0.0021,-0.0021,,,,,,,,,,,,,,-0.0016,-0.0015,-0.0015,-0.0015,-0.0014,-0.0014,-0.0013,-0.0013,-0.0064,-0.0114
2017-04-25,-5.5189,148.1172,S,-0.0077,-0.0077,0.0023,0.0407,0.1187,0.1231,0.0678,-0.0117,0.0024,,,,,,,,,,,,,,,,,,,,,
2017-04-25,-5.5189,148.1172,SE,,-0.0099,-0.0049,-0.005,1e-04,0.0424,0.0189,-0.039,-0.0081,0.0591,0.0239,0.0299,0.0768,0.0491,0.016,0.0189,,,,,,,,,,,,,,
2017-04-25,-5.5189,148.1172,SO,,-0.214,-0.2038,-0.2038,-0.1478,-0.1144,-0.0401,-0.0188,-0.0308,,,,,,,,,,,,,,,,,,,,,
2017-08-22,-5.5189,148.1172,E,,-0.0014,,,,,,,,,,,-0.0009,0.0105,0.0105,-0.0008,-0.0007,-0.0007,-0.0007,-0.0007,-0.0007,-0.0005,-0.0005,-0.0005,-0.0003,-0.0004,-0.0003,-0.0002,-0.0002,-1e-04
2017-08-22,-5.5189,148.1172,N,0.0105,0.0105,0.0105,0.0105,0.0105,0.0105,0.0106,0.0218,0.0105,0.0105,0.0105,0.0053,0.0053,0.0105,0.0106,0.0106,0.0105,0.0105,0.0105,0.0105,0.0105,0.0105,0.0105,0.0105,0.0105,0.0105,0.0103,0.0105,0.0104,0.0104
2017-08-22,-5.5189,148.1172,NE,,0.0105,0.0105,,,,,,,,,,,0.0111,0.0225,0.0112,0.0112,0.0,0.0113,0.0226,0.0227,0.0115,0.0114,0.0114,0.0116,0.0226,0.0117,0.0117,0.0118,0.0119
2017-08-22,-5.5189,148.1172,NO,,0.0218,0.0105,0.0104,0.0104,0.016,0.0217,0.0217,0.0216,0.0215,0.0103,0.0103,0.0101,0.0101,0.0102,0.0102,0.01,0.0099,0.0102,0.0101,0.0099,0.0098,0.0098,0.0099,0.0099,0.0097,0.0099,0.0099,0.0098,0.0099
2017-08-22,-5.5189,148.1172,O,0.0067,0.0066,0.0123,0.0179,0.0065,0.0065,0.0065,-0.0049,-0.005,0.0064,0.0063,0.0062,-0.005,-0.0052,-0.0053,-0.0053,0.006,-0.0052,0.0003,-0.0054,-0.0054,-0.0054,-0.0054,,,,,,,
2017-08-22,-5.5189,148.1172,S,-0.0828,-0.0828,-0.0603,-0.0333,0.0105,0.0279,0.0354,-0.0057,0.012,,,,,,,,,,,,,,,,,,,,,
2017-08-22,-5.5189,148.1172,SE,,0.0426,0.0539,0.0539,0.0508,0.073,,,,,,,,,,0.0514,0.0636,0.0678,0.0701,0.0268,,,,,,,,,,
2017-08-22,-5.5189,148.1172,SO,,-0.0776,-0.0777,-0.0721,-0.0664,-0.0247,0.0406,0.0749,0.045,0.0129,0.0,-0.0124,-0.0039,-0.0147,-0.0229,-0.0275,-0.0371,-0.0298,-0.0372,-0.0458,,,,,,,,,,
2018-01-05,-5.5189,148.1172,E,,0.0142,0.0191,0.0131,0.0113,0.0125,0.0061,0.0049,-0.0015,-0.0022,0.0008,-0.0008,1e-04,-0.0017,-0.0014,-0.0003,0.0027,0.004,0.005,0.003,0.0013,-0.0002,-0.0021,-0.0031,-0.0045,-0.0056,-0.007,-0.0075,-0.0082,-0.0091
2018-01-05,-5.5189,148.1172,N,0.0223,0.0151,0.0126,0.011,0.009,0.007,0.0061,0.0046,0.0027,0.0017,0.0019,0.0024,0.0029,0.0025,0.0009,0.0006,0.0007,0.0006,0.0024,0.0027,0.0028,0.0042,0.0062,0.0066,0.0053,0.005,0.0055,0.0064,0.005,0.0044
2018-01-05,-5.5189,148.1172,NE,,0.0162,0.0149,0.012,0.0088,0.0072,0.0024,1e-04,0.0,0.0,0.0,0.0,0.0,0.0009,0.001,0.001,0.0002,0.0015,0.0032,0.0034,0.004,0.0017,0.0036,0.0009,0.0,0.0,0.0,0.0,0.0,0.0
2018-01-05,-5.5189,148.1172,NO,,0.0138,0.0118,0.0118,0.0093,0.0096,0.0093,0.0103,0.011,0.0107,0.0107,0.0106,0.0122,0.014,0.0127,0.0137,0.0163,0.0141,0.0173,0.0183,0.0181,0.0191,0.0189,0.0194,0.0199,0.0195,0.0199,0.02,0.0206,0.0207
2018-01-05,-5.5189,148.1172,O,-0.0095,-0.0095,-0.0013,0.0094,-0.0057,0.0096,-0.0018,-0.0016,-0.0028,-0.0041,-0.0004,-0.002,-0.0027,-0.0045,-0.0051,-0.007,-0.0047,-0.0104,-0.0112,-0.0081,-0.0076,-0.007,-0.0058,-0.0052,-0.0054,-0.0061,-0.0062,-0.0061,-0.0044,-0.0069
2018-01-05,-5.5189,148.1172,S,-0.0255,-0.0115,0.0366,0.0975,0.1573,0.1413,0.0755,-0.0021,0.0107,,,,,,,,,,,,,,,,,,,,,
2018-01-05,-5.5189,148.1172,SE,,-0.0391,-0.0241,-0.0032,0.0142,0.0342,0.0106,-0.0341,-0.0051,0.0369,0.0444,0.0459,0.0577,0.0324,0.0204,0.0193,0.013,0.0141,0.0172,-0.0147,,,,,,,,,,
2018-01-05,-5.5189,148.1172,SO,,-0.1105,-0.0957,-0.0743,-0.0561,0.002,0.052,0.0588,0.0485,0.0329,0.0261,-0.0021,-0.0066,-0.0151,-0.0276,-0.0302,-0.032,-0.0311,-0.0306,-0.0314,,,,,,,,,,
2018-01-06,-5.5189,148.1172,E,,,,,,,,,-0.0078,-0.0078,-0.0021,-0.0078,0.0036,0.0036,0.0035,0.0035,0.0035,0.0035,0.0035,0.0035,0.0035,0.0035,-0.0078,-0.0078,-0.0078,-0.0078,0.0035,0.0035,-0.0021,
2018-01-06,-5.5189,148.1172,N,,,,,,,,,,,,,,,,,,0.0114,0.0171,0.0171,0.0171,0.0114,0.0114,0.0114,0.0114,0.0114,0.0115,0.0114,0.0057,0.0
2018-01-06,-5.5189,148.1172,NE,,,,,,,,,,0.0,0.0,0.0114,0.0114,0.0114,0.0114,0.0114,0.0114,0.0114,0.0114,0.0114,0.0114,0.0114,0.0114,0.0,0.0,0.0,0.0,0.0114,0.0114,0.0057
2018-01-06,-5.5189,148.1172,NO,,,,,,,,0.0228,0.0115,0.0115,0.0058,0.0058,0.0115,0.0,0.0,0.0,0.0,0.0,0.0115,0.0115,0.0115,0.0058,0.0058,1e-04,1e-04,1e-04,1e-04,1e-04,1e-04,1e-04
2018-01-06,-5.5189,148.1172,O,,,,,,-0.0003,0.0053,-0.006,-0.006,0.0011,0.0054,-0.006,-0.007,-0.006,-0.006,-0.006,0.0054,-0.0003,0.0053,0.0054,0.0054,0.0054,-0.0059,-0.0059,-0.0059,-0.0059,-0.0174,,,
2018-01-06,-5.5189,148.1172,SE,,,,,,,,,,,,0.1096,0.084,0.0675,0.0098,0.0636,0.0908,0.0861,0.0639,0.0067,,,,,,,,,,
2018-01-06,-5.5189,148.1172,SO,,,,,,,0.0021,0.0523,0.0487,0.0104,0.0253,-0.0023,-0.0088,-0.0295,-0.0348,-0.029,-0.0398,-0.0402,-0.0499,-0.0282,,,,,,,,,,
2018-01-22,-5.5189,148.1172,E,,-0.0094,-0.0036,0.0022,0.0023,-0.0036,-0.0093,-0.0092,-0.0092,-0.0092,-0.0092,0.0024,-0.0091,-0.0091,-0.0088,0.0025,0.0313,,,,,,,,,,,,,0.0256
2018-01-22,-5.5189,148.1172,N,0.0003,0.0004,0.0119,0.0119,0.0234,0.0234,0.0348,0.0234,0.0119,0.0234,0.0234,0.0234,0.0348,0.0348,0.0347,0.0348,0.0349,0.0349,0.0462,0.0462,0.0575,0.0575,0.0573,0.0574,0.0575,0.0575,0.0575,0.0686,0.0687,0.0688
2018-01-22,-5.5189,148.1172,NE,,0.0004,0.0119,0.0119,0.012,0.012,0.0234,0.0178,0.0178,0.0235,0.0349,0.0349,0.0349,0.035,0.035,0.035,0.035,0.035,0.0463,0.0463,0.052,0.0576,0.0576,0.0576,0.0464,0.0464,0.0576,0.0576,0.0688,
2018-01-22,-5.5189,148.1172,NO,,0.0004,0.0119,0.0119,0.0234,0.0176,0.0119,,0.0119,0.0119,0.0119,,,,,,,,,,0.0231,0.0288,0.0231,0.0231,0.0344,0.0345,0.0345,0.0344,0.0344,0.0457
2018-01-22,-5.5189,148.1172,O,-0.0082,-0.0081,-0.0083,,,,,,,,,,,,,,,-0.0084,-0.0084,-0.0084,0.0023,0.0031,0.0031,-0.0084,-0.0084,-0.0084,-0.0084,-0.0027,-0.0084,0.003
2018-01-22,-5.5189,148.1172,S,0.0516,0.0631,0.0747,0.1065,0.1506,0.1652,0.0899,0.0099,-0.0256,,,,,,,,,,,,,,,,,,,,,
2018-01-22,-5.5189,148.1172,SE,,-0.0111,-0.0112,0.0005,0.0122,0.0459,0.0152,-0.051,-0.0291,0.023,0.0207,0.0288,0.042,0.0234,0.0127,0.0314,0.065,0.065,,,,,,,,,,,,
2018-01-22,-5.5189,148.1172,SO,,-0.0709,-0.0709,-0.0591,-0.012,,,,,,,,,,,,,,0.0091,0.0167,,,,,,,,,,
2018-05-13,-5.5189,148.1172,E,,0.0045,0.0062,0.002,-0.0007,0.0043,-0.0003,0.0003,-0.0022,-0.0027,-0.0004,0.0012,0.0032,0.0023,0.0018,0.0016,0.0013,0.0016,0.0018,0.0002,0.0006,0.0024,0.0014,-0.0002,-0.0018,-0.0027,-0.0033,-0.0043,-0.0046,-0.0027
2018-05-13,-5.5189,148.1172,N,0.0126,0.0089,0.0066,0.0051,0.0039,0.003,0.0026,0.0012,0.0025,0.0028,0.0041,0.0063,0.0082,0.0076,0.007,0.0051,0.0046,0.0049,0.005,0.0046,0.0043,0.0042,0.0046,0.0057,0.0068,0.0077,0.0082,0.0091,0.0102,0.0098
2018-05-13,-5.5189,148.1172,NE,,0.0089,0.0074,0.0054,0.0045,0.0033,0.0077,0.0072,0.0085,0.007,0.0073,0.007,0.0072,0.0091,0.009,0.0081,0.0084,0.0073,0.0082,0.0083,0.0094,0.0101,0.0101,0.0104,0.0093,0.0097,0.0096,0.0107,0.0102,0.01
2018-05-13,-5.5189,148.1172,NO,,0.0083,0.006,0.005,0.0034,0.0026,0.0018,0.0029,0.0036,0.0026,0.0014,0.0014,0.0002,0.0,1e-04,0.0006,0.001,0.0,0.0005,0.0003,0.0015,0.0003,0.0,0.0,0.0,0.0,0.0,0.0,0.0,0.0
2018-05-13,-5.5189,148.1172,O,0.0036,0.0033,0.0063,0.0103,0.0014,0.0084,0.0053,0.0067,0.0039,0.0024,0.0047,0.0033,0.0024,0.0017,0.0004,1e-04,0.0004,1e-04,-0.0008,-0.0018,-0.0041,-0.0047,-0.0046,-0.0048,-0.0043,-0.0037,-0.0037,-0.0037,-0.0029,-0.0024
2018-05-13,-5.5189,148.1172,S,-0.024,-0.0143,0.0094,0.0348,0.0509,0.0499,0.0274,0.002,-0.0018,,,,,,,,,,,,,,,,,,,,,
2018-05-13,-5.5189,148.1172,SE,,-0.0176,-0.0071,0.0014,0.0075,0.0149,0.004,-0.0156,0.0058,0.0298,0.0211,0.0168,0.0154,0.0046,-0.0026,-0.0,0.0112,0.0158,0.0189,0.0032,,,,,,,,,,
2018-05-13,-5.5189,148.1172,SO,,-0.0352,-0.0302,-0.0173,-0.0055,0.0254,0.0459,0.0329,0.0264,0.0097,0.0096,0.0018,-0.0014,-0.0064,-0.0121,-0.0145,-0.015,-0.0152,-0.0182,-0.0209,,,,,,,,,,
2018-05-21,-5.5189,148.1172,E,,,,,,,,,,,,,,,,,,,,,,0.012,0.012,0.012,0.03,0.0358,0.0358,0.0477,,
2018-05-21,-5.5189,148.1172,NE,,,,,,,,,,,,,,,,,,,,,0.012,0.012,,0.0358,0.0359,,0.006,0.0,,
2018-05-21,-5.5189,148.1172,NO,,,,,,,,,0.036,0.0478,0.0536,0.0536,0.0419,0.024,0.0121,0.071,0.0712,0.0478,0.0592,0.0594,0.0532,0.006,,0.0,1e-04,0.0,1e-04,0.0181,0.0061,0.0121
2018-05-21,-5.5189,148.1172,O,,,,,,,,,,,,,,,,,0.1172,0.1228,0.1341,0.1397,0.1397,0.1509,0.1509,0.162,,,,,,
2018-05-21,-5.5189,148.1172,SO,,,,,,0.0361,0.0106,-1e-04,0.0225,0.0158,,,,,,,,,,,,,,,,,,,,
2018-06-30,-5.5189,148.1172,E,,0.0209,,,,,,,,,,-0.004,-0.0012,0.0059,0.0034,0.0033,,,,,,,,,,,,,,
2018-06-30,-5.5189,148.1172,N,0.1286,,,0.1278,0.1256,0.1189,0.1089,0.1012,0.0855,0.0847,0.0679,0.0598,0.0738,0.0868,0.1026,0.1025,0.102,0.107,0.1013,0.1041,0.1013,0.1031,0.0957,0.1094,0.1124,0.1212,0.1131,0.1215,0.1143,0.1132
2018-06-30,-5.5189,148.1172,NE,,0.1274,0.1248,,,,,,0.0971,,0.1167,0.1188,0.1255,0.1311,0.1352,0.1382,0.1345,0.1375,,,0.1306,0.1314,0.1321,0.1262,0.1226,0.1241,,,,
2018-06-30,-5.5189,148.1172,NO,,0.1271,0.1257,0.1231,0.1198,0.1117,0.1051,0.1016,0.097,0.0852,0.0732,0.0634,0.0532,0.0444,0.0258,0.0041,,,,,0.0,,,0.0,0.0,0.0,0.0,0.0,0.0,0.0107
2018-06-30,-5.5189,148.1172,O,0.0701,0.0686,0.0677,0.0645,0.0585,0.054,0.0501,0.0472,0.0424,0.0332,0.0144,-0.0003,-0.001,0.0031,0.016,-0.0577,-0.0457,-0.0577,-0.0577,-0.0577,,-0.0577,-0.0577,,,,,,,
2018-06-30,-5.5189,148.1172,S,0.1295,0.1305,0.1312,0.1289,0.1223,0.1127,,,,,,,,,,,,,,,,,,,,,,,,
2018-06-30,-5.5189,148.1172,SO,,0.066,0.0633,0.0614,0.0584,0.0446,0.0204,-0.0256,-0.0185,,,,,,,,,,,,,,,,,,,,,
2018-08-01,-5.5189,148.1172,E,,-0.0062,-0.003,-0.0043,-0.0033,-0.0011,-0.0016,-0.0013,-0.0004,-0.0019,-0.0016,-0.0009,-0.0011,-0.0013,-0.0009,-1e-04,1e-04,0.0004,0.0008,0.0006,0.0007,0.0028,0.0014,-0.0016,,,,,,
2018-08-01,-5.5189,148.1172,N,0.0,0.0,0.0004,0.0017,0.0025,0.004,0.0051,0.0058,0.0059,0.0046,0.0031,0.0031,0.0043,0.006,0.0069,0.0076,0.0081,0.008,0.0075,0.0083,0.0082,0.007,0.0064,0.006,0.0066,0.0072,0.0046,0.0038,0.0034,0.0031
2018-08-01,-5.5189,148.1172,NE,,0.0,1e-04,0.0017,0.0033,0.0053,0.0064,0.0075,0.0074,0.0073,0.0064,0.0052,0.0043,0.0043,0.0049,0.0076,0.009,0.0095,0.0093,0.0092,0.0087,0.0083,0.0077,0.0071,0.0068,0.0073,0.0086,0.0099,0.0103,0.0102
2018-08-01,-5.5189,148.1172,NO,,0.0,0.0013,0.0,0.0017,0.0003,0.0019,0.0033,0.0051,0.0048,0.0038,0.0037,0.0039,0.0046,0.0056,0.006,0.0063,0.0066,0.0056,0.0063,0.0055,0.0071,0.0069,0.0073,0.0069,0.006,0.0059,0.0048,0.0043,0.0046
2018-08-01,-5.5189,148.1172,O,-0.0025,-0.0025,-0.0015,0.0049,-0.0025,0.0027,0.0009,0.0023,0.0012,0.0005,-0.0004,-0.0007,-0.0025,-0.0011,-0.0022,-0.0025,-0.0024,-0.0023,-0.0025,-0.0023,-0.0006,0.0009,0.0023,-0.0002,-0.001,-0.0021,-0.0025,-0.0025,-0.0025,-0.0022
2018-08-01,-5.5189,148.1172,S,-0.033,-0.0238,-0.0126,0.0067,0.0355,0.0455,0.0319,0.0,0.0032,,,,,,,,,,,,,,,,,,,,,
2018-08-01,-5.5189,148.1172,SE,,-0.0227,-0.0143,-0.0095,-0.0022,0.0153,0.0102,-0.0106,0.0028,0.0245,0.006,0.012,0.0248,0.0239,0.015,0.0124,0.0146,0.0135,0.0126,-0.0029,,,,,,,,,,
2018-08-01,-5.5189,148.1172,SO,,-0.0478,-0.039,-0.0262,-0.0123,0.0097,0.0251,0.032,0.0243,0.01,0.0025,-0.0058,-0.0062,-0.0074,-0.0107,-0.0131,-0.0164,-0.0202,-0.0249,-0.0289,,,,,,,,,,
2018-08-09,-5.5189,148.1172,E,,-0.0075,-0.0075,,,,,,,,,,0.0011,0.0011,0.0011,0.0011,0.0012,0.0011,0.0011,0.0012,0.0012,0.0012,0.0012,0.0012,0.0012,0.0012,0.0012,0.0012,-0.0073,0.0012
2018-08-09,-5.5189,148.1172,N,0.0,0.0,0.0,0.0,0.0,0.0043,0.0043,0.0085,0.0128,0.0085,0.0085,0.0085,0.0085,0.0085,0.0085,0.0085,0.0043,0.0,0.0,0.0,0.0,0.0085,0.0085,0.0085,0.0085,0.0085,0.0085,0.0085,0.0085,0.0086
2018-08-09,-5.5189,148.1172,NE,,0.0085,0.0085,,,,,,,,,,,0.0086,0.0086,0.0087,0.0086,0.0087,0.0087,0.0171,0.0087,0.0087,0.0087,0.0171,0.0087,0.0087,0.0172,0.0172,0.0172,0.0087
2018-08-09,-5.5189,148.1172,NO,,0.0085,0.0,0.0,0.0085,0.017,0.017,0.017,0.017,0.0085,0.0085,0.0085,0.0085,0.0085,0.0085,0.0085,0.0084,0.0042,0.0085,0.0085,0.0084,0.0084,0.0,0.0,0.0084,0.0085,0.0084,0.0084,0.0084,0.0084
2018-08-09,-5.5189,148.1172,O,0.0039,0.0038,0.0038,0.0038,-0.0047,-0.0047,-0.0047,-0.0047,0.0038,0.0038,0.0021,-0.0047,-0.0047,-0.0047,-0.0047,-0.0047,-0.0005,-0.0047,0.0037,0.0037,0.0038,0.0038,0.0037,,,,,,,
2018-08-09,-5.5189,148.1172,S,0.0008,0.0093,0.0178,0.0419,0.0669,0.0694,0.0538,-0.0046,0.0024,,,,,,,,,,,,,,,,,,,,,
2018-08-09,-5.5189,148.1172,SE,,0.0154,0.0239,0.0324,0.0347,0.0598,,,,,,,,,,0.0243,0.0415,0.045,0.0452,0.0144,,,,,,,,,,
2018-08-09,-5.5189,148.1172,SO,,-0.0587,-0.0545,-0.0502,-0.0459,-0.0131,0.0359,0.0552,0.0386,0.0088,-0.0054,-0.0176,-0.0168,-0.0084,-0.0165,-0.0214,-0.0292,-0.0287,-0.0251,-0.0327,,,,,,,,,,
2018-12-07,-5.5189,148.1172,E,,-0.001,0.0011,0.0009,0.0024,0.0042,0.0037,0.0035,0.0038,0.0034,0.004,0.0035,0.0022,0.0006,-0.0004,-0.0,-0.0002,-1e-04,-0.0002,-0.0005,-0.0008,-0.0008,-0.0007,-0.0006,-0.0002,-0.0002,-0.0008,-0.0016,-0.0018,-0.002
2018-12-07,-5.5189,148.1172,N,0.0025,0.0022,0.003,0.0037,0.0035,0.0031,0.0028,0.0024,0.0025,0.0024,0.002,0.0013,0.0004,0.0,0.0,0.0,1e-04,0.001,0.0016,0.0014,0.0005,0.0006,0.0008,0.0012,0.0018,0.002,0.0018,0.0015,0.0011,0.0006
2018-12-07,-5.5189,148.1172,NE,,0.0016,0.0023,0.0021,0.002,0.0019,0.0022,0.0029,0.0033,0.004,0.0032,0.0029,0.0025,0.0022,0.0025,0.0022,0.0026,0.0028,0.0022,0.0019,0.0015,0.0014,0.0012,0.0009,0.0002,0.0008,0.0006,0.0012,0.0014,0.0014
2018-12-07,-5.5189,148.1172,NO,,0.0032,0.0039,0.004,0.0035,0.0033,0.0026,0.0013,0.001,0.0005,0.0013,0.0015,0.0014,0.0014,0.0008,0.0012,0.0021,0.0018,0.0031,0.003,0.0016,0.0015,0.0018,0.0019,0.0031,0.0028,0.0027,0.0023,0.0021,0.0018
2018-12-07,-5.5189,148.1172,O,-0.0017,-0.0009,-1e-04,-1e-04,-0.0018,0.0002,-0.0004,-0.0005,-0.0027,-0.001,0.0009,0.0002,0.0007,0.0003,0.0013,-0.0004,-0.0004,-0.0022,-0.0023,-0.0012,-0.0011,-0.001,-0.0015,-0.0015,-0.0013,-0.0017,-0.0025,-0.0032,-0.0034,-0.0029
2018-12-07,-5.5189,148.1172,S,0.0144,0.0203,0.027,0.0335,0.0446,0.0438,0.0297,0.0041,-0.0005,,,,,,,,,,,,,,,,,,,,,
2018-12-07,-5.5189,148.1172,SE,,-0.0129,-0.0072,-0.0045,-0.0024,0.0057,0.008,-0.0033,-0.0002,0.0041,-0.0005,0.0027,0.0069,0.0097,0.0084,0.007,0.0093,0.0079,0.0029,-0.0058,,,,,,,,,,
2018-12-07,-5.5189,148.1172,SO,,-0.0446,-0.0411,-0.0361,-0.0274,-0.0161,-0.0063,0.0025,0.0043,0.002,0.0059,-0.0008,-0.0025,-0.0033,-0.0062,-0.0061,-0.0053,-0.0049,-0.0049,-0.0053,,,,,,,,,,
2019-02-25,-5.5189,148.1172,E,,0.0081,0.0129,0.0094,0.0093,0.0125,0.0076,0.0088,0.0038,0.0015,0.0006,0.0003,0.0003,0.0007,0.0013,0.0013,0.0007,-1e-04,0.0002,0.0002,-0.0003,-0.001,-0.0017,-0.0023,-0.0029,-0.0035,-0.0037,-0.0033,-0.0021,-0.0025
2019-02-25,-5.5189,148.1172,N,0.0095,0.0085,0.0085,0.0078,0.0068,0.0065,0.0064,0.0066,0.0069,0.0073,0.0078,0.0079,0.007,0.0062,0.0048,0.0039,0.0042,0.0045,0.004,0.0029,0.0011,0.0009,0.0002,0.0,0.0,0.0,0.0,0.0,0.0,0.0
2019-02-25,-5.5189,148.1172,NE,,0.0086,0.0078,0.0063,0.0066,0.0081,0.0073,0.0075,0.0066,0.0064,0.0057,0.0048,0.0041,0.0042,0.003,0.003,0.0037,0.004,0.0038,0.0029,0.0029,0.0033,0.0025,0.0025,0.0023,0.0015,0.0011,0.0005,0.0006,0.0
2019-02-25,-5.5189,148.1172,NO,,0.0133,0.0141,0.013,0.0102,0.0079,0.0067,0.0064,0.007,0.0072,0.0075,0.0073,0.007,0.0067,0.0065,0.0067,0.0081,0.006,0.0059,0.0058,0.0058,0.0055,0.0048,0.0043,0.0036,0.0029,0.003,0.0024,0.0021,0.001
2019-02-25,-5.5189,148.1172,O,0.0018,0.0042,0.0058,0.0097,0.0032,0.0092,0.004,0.004,-0.0014,0.0028,0.0049,0.0007,-0.0004,-0.0028,-0.0019,-0.0032,0.0005,-0.001,-0.0006,-0.0014,-0.0034,-0.0043,-0.0039,-0.0036,-0.0037,-0.004,-0.0046,-0.0057,-0.0064,-0.0061
2019-02-25,-5.5189,148.1172,S,-0.0329,-0.0202,0.0016,0.0196,0.0396,0.0451,0.0314,0.0059,0.0033,,,,,,,,,,,,,,,,,,,,,
2019-02-25,-5.5189,148.1172,SE,,-0.0198,-0.0066,-0.0007,0.0043,0.0159,0.0121,-0.0161,0.0102,0.0347,0.0133,0.0141,0.0129,0.0123,0.0155,0.0216,0.0212,0.0161,0.0076,-0.0144,,,,,,,,,,
2019-02-25,-5.5189,148.1172,SO,,-0.0685,-0.0609,-0.0457,-0.0292,0.0038,0.0286,0.0276,0.0247,0.012,0.013,-0.0,0.0038,0.0006,-0.0088,-0.0115,-0.0145,-0.0166,-0.0203,-0.0197,,,,,,,,,,
2019-04-22,-5.5189,148.1172,E,,0.0154,0.0078,0.0154,0.0155,0.0155,0.0155,0.0155,0.0155,0.0231,,,,,,,,,,0.016,0.016,0.016,0.016,0.016,0.0161,0.016,0.016,0.0161,0.0161,0.0161
2019-04-22,-5.5189,148.1172,N,0.0304,0.0304,0.0154,0.0002,0.0002,0.0003,0.0154,0.0078,0.0154,0.0154,0.0004,0.0155,0.0155,0.0153,0.0004,0.0154,0.0155,0.0155,0.0156,0.0157,0.0155,0.0155,0.0155,0.0155,0.0155,0.0155,0.0155,0.0155,0.0155,0.0155
2019-04-22,-5.5189,148.1172,NE,,0.0154,0.0078,0.0003,0.0154,0.0155,0.0155,0.008,0.0004,0.0004,0.0004,0.0004,0.0005,0.0005,0.0005,0.0005,,,,,0.016,0.016,0.0161,0.0161,0.0161,0.0162,0.0162,0.0162,0.0162,0.0162
2019-04-22,-5.5189,148.1172,NO,,0.0304,0.0154,0.0153,0.0152,0.0152,0.0153,0.0152,0.0152,1e-04,0.0076,0.0152,0.0151,0.0151,1e-04,1e-04,1e-04,1e-04,1e-04,0.0152,0.0152,0.0227,0.0152,0.0151,0.0075,0.0151,0.0151,0.0151,0.0151,0.0151
2019-04-22,-5.5189,148.1172,O,0.0177,0.0176,0.0025,0.0025,-0.0127,-0.0052,0.0024,0.0024,0.0023,0.0024,0.0023,-0.0127,-0.0127,-0.0127,-0.0127,,,,,,,,,0.0094,0.0019,0.0018,0.0018,0.0018,0.0018,0.0018
2019-04-22,-5.5189,148.1172,S,-0.0056,-0.0057,-0.0057,0.0375,0.095,0.113,0.0772,-0.0023,-0.0002,,,,,,,,,,,,,,,,,,,,,
2019-04-22,-5.5189,148.1172,SE,,-0.0338,-0.0338,-0.0187,-0.0037,0.0052,0.0113,-0.0347,0.0039,0.0629,0.0183,0.0252,,,,,,,,,,,,,,,,,,
2019-04-22,-5.5189,148.1172,SO,,-0.1056,-0.1132,-0.1057,-0.0978,-0.04,0.0296,0.0541,0.0409,-0.0011,-1e-04,-0.0341,-0.0144,-0.0143,-0.0438,,,,,,,,,,,,,,,
2019-09-29,-5.5189,148.1172,E,,,,-0.0002,-0.0064,-0.0063,-0.0002,,,,,,,,,,0.0002,0.0003,0.0004,0.0004,0.0004,0.0003,0.0003,0.0004,0.0005,0.0005,-0.0117,0.0005,0.0006,0.0129
2019-09-29,-5.5189,148.1172,N,,,,,,,,,,,0.0,0.0,0.0122,0.0061,0.0,0.0,0.0,0.0,0.006,0.0121,0.0121,0.0123,0.0123,0.0245,0.0245,0.0305,0.0246,0.0244,0.0123,0.012
2019-09-29,-5.5189,148.1172,NE,,,,,,0.0123,,,,,,,,,,,,0.0004,0.0189,0.0128,0.0129,0.0129,0.0191,0.013,0.0253,,,,,
2019-09-29,-5.5189,148.1172,NO,,,,,,,,,,,,0.0,0.0,,0.0119,0.0058,0.0239,0.0116,0.012,0.0242,0.0179,0.0119,0.0119,0.0179,0.0117,0.024,0.0119,0.0179,0.024,0.024
2019-09-29,-5.5189,148.1172,O,,,,,,,,,,,,,,0.0,0.0058,0.0058,0.0116,0.0116,,,,,,,,,0.0111,0.0056,0.0111,0.0111
2019-09-29,-5.5189,148.1172,S,,,,,,,,,-0.0123,,,,,,,,,,,,,,,,,,,,,
2019-09-29,-5.5189,148.1172,SE,,,,-0.1468,-0.1287,-0.0631,-0.0487,-0.0032,-0.0054,-0.0296,-0.0126,,,,,,,,,-0.1014,,,,,,,,,,
2019-09-29,-5.5189,148.1172,SO,,,,,,,,,,,,,,,,,0.0947,,,,,,,,,,,,,
2019-11-24,-5.5189,148.1172,E,,0.004,0.0099,0.0053,0.0044,0.0081,0.0036,0.0063,0.0028,0.0024,0.0034,0.0029,0.0027,0.013,0.0217,0.0188,0.0188,0.0058,0.0045,0.0009,-0.0015,-0.0016,-0.0019,-0.0026,-0.0029,-0.0023,-0.0018,-0.0019,-0.0023,-0.0006
2019-11-24,-5.5189,148.1172,N,0.01,0.0057,0.0043,0.004,0.0042,0.0041,0.0035,0.0027,0.0017,0.002,0.0013,0.0005,0.0,0.0,0.0,0.0,0.0011,0.0019,0.0022,0.0022,0.0025,0.0024,0.0021,0.0022,0.0025,0.0031,0.0036,0.0035,0.0027,0.003
2019-11-24,-5.5189,148.1172,NE,,0.005,0.0055,0.005,0.0043,0.0045,0.0029,0.0038,0.0038,0.0041,0.0039,0.0028,0.0023,0.0013,0.0016,0.0024,0.0035,0.0036,0.0029,0.0022,0.0022,0.0021,0.0031,0.0038,0.0094,0.0095,0.0157,0.0151,0.0149,0.0083
2019-11-24,-5.5189,148.1172,NO,,0.007,0.008,0.0112,0.0104,0.0067,0.0165,0.0165,0.0097,0.0101,0.0103,0.0008,0.0012,0.0008,0.0009,0.0029,0.004,0.0027,0.0044,0.005,0.0046,0.0037,0.0028,0.0019,0.0015,0.002,0.0007,0.0003,0.0034,0.0034
2019-11-24,-5.5189,148.1172,O,0.0016,0.0867,0.0049,0.004,0.0045,0.0108,0.0046,0.0035,-0.0019,-0.0004,-0.0007,0.001,-0.0,0.0021,0.0032,0.0032,0.0032,0.0031,0.0031,-0.0025,-0.0024,-0.0034,-0.0049,-0.0068,-0.0081,-0.0087,-0.008,-0.0069,-0.006,-0.0046
2019-11-24,-5.5189,148.1172,S,-0.0513,-0.036,-0.0122,0.0074,0.0262,0.0363,0.0261,-0.0006,0.0082,,,,,,,,,,,,,,,,,,,,,
2019-11-24,-5.5189,148.1172,SE,,-0.0173,-0.0041,0.003,0.0127,0.0201,0.0116,-0.0257,0.0052,0.0411,0.0157,0.0184,0.0149,0.0128,0.0187,0.0313,0.0345,0.0281,0.0112,-0.0188,,,,,,,,,,
2019-11-24,-5.5189,148.1172,SO,,-0.057,-0.131,-0.0506,-0.0398,-0.0039,0.0434,0.0338,0.0296,0.015,0.0217,0.0115,0.0121,0.003,-0.0058,-0.0107,-0.0127,-0.0239,-0.0238,-0.0245,,,,,,,,,,
2020-08-22,-5.5189,148.1172,E,,0.003,0.0068,0.0039,0.0029,0.0046,0.0002,0.0026,0.0004,0.0004,0.0,-0.0017,1e-04,-0.0005,0.0004,0.0015,1e-04,-0.0014,-0.0025,-0.002,-0.0012,-0.0007,-0.0006,-0.0011,-0.001,-0.0008,-0.0013,-0.0022,-0.0026,-0.0021
2020-08-22,-5.5189,148.1172,N,0.0075,0.0042,0.0031,0.003,0.0026,0.0019,0.0011,0.0021,0.0014,0.0018,0.0018,0.0014,0.0014,0.0017,0.0016,0.0008,0.0008,0.001,0.0015,0.0019,0.002,0.0016,0.001,0.0006,0.0011,0.0015,0.0016,0.0018,0.0018,0.0013
2020-08-22,-5.5189,148.1172,NE,,0.0056,0.0058,0.0061,0.0057,0.0055,0.0041,0.0051,0.005,0.0052,0.0045,0.0038,0.0032,0.0024,0.0021,0.0018,0.0009,0.0,0.0,0.0,0.0,0.0,0.0,0.0,0.0,0.0,0.0,0.0,0.0,0.0
2020-08-22,-5.5189,148.1172,NO,,0.0038,0.003,0.0039,0.0037,0.0035,0.0023,0.0014,0.0013,0.0017,0.0024,0.0026,0.0025,0.0021,0.0,0.0013,0.0016,0.002,0.0019,0.0019,0.0018,0.0019,0.002,0.0027,0.0028,0.0023,0.0025,0.0023,0.0027,0.0036
2020-08-22,-5.5189,148.1172,O,0.0018,0.0016,0.004,0.0059,0.005,0.0111,0.0055,0.0037,0.0015,0.0003,0.0026,0.0024,0.0022,0.0012,0.0008,-0.0017,-0.0019,-0.0027,-0.0019,-0.0009,-0.0007,-0.0006,-0.0009,-0.0015,-0.0023,-0.0036,-0.0048,-0.0053,-0.0053,-0.0047
2020-08-22,-5.5189,148.1172,S,-0.0673,-0.0539,-0.0338,-0.0135,0.0016,0.0138,0.0116,-0.0023,0.0028,,,,,,,,,,,,,,,,,,,,,
2020-08-22,-5.5189,148.1172,SE,,-0.0308,-0.0166,-0.0075,0.0007,0.0065,-0.0025,-0.0211,0.0092,0.0316,0.0205,0.0157,0.0144,0.0069,0.0077,0.0206,0.0309,0.0225,0.0102,-0.0081,,,,,,,,,,
2020-08-22,-5.5189,148.1172,SO,,-0.0532,-0.0505,-0.0382,-0.024,0.0149,0.0395,0.0313,0.0265,0.0106,0.0122,-0.0039,0.0013,-0.004,-0.0139,-0.0183,-0.024,-0.0278,-0.0278,-0.028,,,,,,,,,,
2020-08-29,-5.5189,148.1172,E,,0.0118,0.006,0.0002,0.0119,0.0119,0.0119,0.006,0.0003,0.0003,0.0003,0.0003,0.0003,,,,,,,,,,0.0005,0.0005,0.0121,0.0121,0.0121,0.0122,0.0005,0.0122
2020-08-29,-5.5189,148.1172,N,0.0118,0.0234,0.0234,0.0234,0.0118,0.0002,0.0118,0.0118,0.0119,0.0118,0.0118,0.0002,0.0002,0.0118,0.0118,0.0003,0.0003,0.0118,0.0118,0.0118,0.0003,0.0003,0.0002,0.0003,0.0118,0.0118,0.0003,0.0118,0.0118,0.0118
2020-08-29,-5.5189,148.1172,NE,,0.0118,0.006,0.0002,0.0002,0.0119,0.0119,0.0119,0.0061,0.0003,0.0003,0.0061,0.012,0.012,0.0061,0.012,0.012,0.012,0.012,0.0062,0.012,,0.0005,0.0005,0.0005,0.0005,0.0122,0.0063,0.0122,0.0006
2020-08-29,-5.5189,148.1172,NO,,0.0234,0.0002,1e-04,0.0118,0.0118,0.0118,0.0118,1e-04,1e-04,1e-04,0.0117,1e-04,1e-04,1e-04,1e-04,0.0,1e-04,1e-04,1e-04,1e-04,1e-04,1e-04,0.0,0.0,0.0,0.0,0.0115,0.0115,0.0
2020-08-29,-5.5189,148.1172,O,-0.0092,0.0024,0.0024,0.0024,0.0024,0.0024,0.0024,0.0024,0.0024,0.0024,0.0075,0.014,,,,,,,,,0.0022,0.0022,0.0022,0.0022,0.0021,0.0021,0.0021,0.0021,-0.0093,-0.0093
2020-08-29,-5.5189,148.1172,S,0.0456,0.0456,0.0456,0.0568,0.0797,0.0858,0.0601,-0.0037,0.002,,,,,,,,,,,,,,,,,,,,,
2020-08-29,-5.5189,148.1172,SE,,-0.0115,-0.0115,-0.0116,-0.0115,0.0128,0.0099,-0.0112,0.0051,0.0404,0.0189,0.0078,0.0205,-0.0023,-0.0136,,,,,,,,,,,,,,,
2020-08-29,-5.5189,148.1172,SO,,-0.0658,-0.06,-0.06,-0.06,-0.035,-0.0098,0.0136,0.0099,-0.011,-0.0101,-0.0327,,,,,,,,,,,,,,,,,,
2020-12-28,-5.5189,148.1172,E,,0.0134,0.0171,0.0107,0.0101,0.014,0.0089,0.01,0.006,0.0045,0.0064,0.0056,0.009,0.0074,0.0069,0.0069,0.0038,0.0006,-0.0018,-0.0047,-0.0066,-0.0066,-0.0066,-0.0066,-0.0066,-0.0066,-0.0066,-0.0066,-0.0066,-0.0066
2020-12-28,-5.5189,148.1172,N,0.0198,0.016,0.0147,0.0142,0.0143,0.0148,0.0147,0.0138,0.0118,0.0101,0.0101,0.0101,0.0095,0.0098,0.0096,0.0099,0.0089,0.0079,0.0081,0.0081,0.0085,0.0079,0.0076,0.0071,0.0071,0.007,0.0065,0.0065,0.0064,0.0067
2020-12-28,-5.5189,148.1172,NE,,0.0164,0.0152,0.0134,0.0121,0.0106,0.0075,0.0066,0.0075,0.0065,0.0099,0.0099,0.0091,0.007,0.0064,0.0062,0.0062,0.0058,0.0034,0.0031,0.0022,0.0014,0.0015,0.0024,0.001,0.0003,0.0,0.0,0.0,0.0
2020-12-28,-5.5189,148.1172,NO,,0.0145,0.0147,0.0176,0.0169,0.0179,0.0181,0.0197,0.0206,0.018,0.0171,0.0164,0.0163,0.0167,0.0148,0.016,0.0169,0.0151,0.015,0.0141,0.0149,0.0147,0.0167,0.0181,0.0199,0.0212,0.0227,0.0245,0.0263,0.028
2020-12-28,-5.5189,148.1172,O,-0.0173,-0.0168,-0.0108,-0.0067,-0.005,0.0032,-1e-04,0.0006,-0.0077,-0.0,0.0045,-0.0018,-0.002,-0.0024,-0.0021,-0.0025,-0.0012,-0.0024,-0.0021,-0.0025,-0.0026,-0.0047,-0.0044,-0.0031,-0.004,-0.0046,-0.0053,-0.0038,-0.003,-0.0018
2020-12-28,-5.5189,148.1172,S,0.0096,0.0279,0.0491,0.0621,0.0856,0.0889,0.061,0.014,0.0012,,,,,,,,,,,,,,,,,,,,,
2020-12-28,-5.5189,148.1172,SE,,-0.0256,-0.0105,-0.0046,0.0012,0.0175,0.0159,-0.0268,0.0015,0.026,0.0126,0.019,0.0243,0.0294,0.0293,0.0271,0.0276,0.019,1e-04,-0.0324,,,,,,,,,,
2020-12-28,-5.5189,148.1172,SO,,-0.1084,-0.1018,-0.0851,-0.0535,-0.0149,0.0056,0.0158,0.0147,0.0069,0.0116,-0.0066,-0.0116,-0.015,-0.02,-0.0183,-0.0173,-0.0162,-0.0159,-0.0153,,,,,,,,,,
2021-01-04,-5.5189,148.1172,E,,,,,,,,0.0055,0.0054,0.0046,0.0169,0.0055,0.0055,0.0054,0.0054,-0.006,0.0054,-0.0059,-0.006,-0.006,-0.006,-0.006,0.0054,0.0054,0.0054,-0.006,-0.0061,-0.0061,-0.0061,0.0054
2021-01-04,-5.5189,148.1172,N,,,,,,,,,,,,,,,0.023,0.023,0.023,0.023,0.023,0.023,0.023,0.0116,0.0116,0.023,0.023,0.023,0.023,0.023,0.023,0.0173
2021-01-04,-5.5189,148.1172,NE,,,,,,,,0.0231,0.0231,0.023,0.0173,0.0116,0.0173,0.023,0.023,0.023,0.023,0.0173,0.023,0.023,0.023,0.0115,0.023,0.0115,0.023,0.0115,0.0115,0.0115,0.0115,0.0115
2021-01-04,-5.5189,148.1172,NO,,,,,,0.0002,0.0117,0.0117,0.0231,0.0117,0.0117,0.0117,0.0117,0.0117,0.0231,0.0232,0.0117,0.0117,0.0117,0.0117,0.0117,0.0059,0.0117,1e-04,0.0002,0.0002,0.0117,0.0117,0.0118,0.0118
2021-01-04,-5.5189,148.1172,O,,,,0.0161,-0.001,-0.001,-0.0125,-0.001,0.0105,0.0105,0.0048,-0.0023,-0.0126,-0.0125,-0.0127,-0.0127,-0.0127,-0.0124,-0.0127,-0.0124,-0.0009,0.0105,0.0048,-0.0009,-0.0009,-0.0009,0.0106,0.0106,0.0106,
2021-01-04,-5.5189,148.1172,S,,,,,,,,,0.1411,,,,,,,,,,,,,,,,,,,,,
2021-01-04,-5.5189,148.1172,SE,,,,,,,,,-0.0123,0.0299,0.0244,0.0308,0.0398,0.0227,0.0012,0.0184,0.0408,0.0401,0.0387,0.0004,,,,,,,,,,
2021-01-04,-5.5189,148.1172,SO,,,,,-0.0914,-0.0468,0.0164,0.0282,0.009,-0.0072,0.0204,-0.0061,-0.0025,-0.0024,-0.0126,-0.0178,-0.0286,-0.0078,-0.0232,-0.0233,,,,,,,,,,
2021-03-18,-5.5189,148.1172,E,,,,,,,,,,0.0032,0.0097,0.0097,0.0097,-0.0032,0.0097,0.0097,0.0097,-0.0032,-0.0032,-0.0032,-0.0032,-0.0032,-0.0032,-0.0032,-0.0033,-0.0033,-0.0033,-0.0032,0.0032,
2021-03-18,-5.5189,148.1172,N,,,,,,,,,,,,,,,,,,,0.013,0.013,0.013,0.026,0.026,0.026,0.0195,0.0195,0.013,0.013,0.0195,0.013
2021-03-18,-5.5189,148.1172,NE,,,,,,,,,,0.0195,0.026,0.013,0.013,0.013,0.013,0.013,0.013,0.013,0.013,0.013,0.013,0.013,0.013,0.013,0.013,0.013,0.013,0.013,0.013,0.013
2021-03-18,-5.5189,148.1172,NO,,,,,,,,,,,,,,,,,0.0,0.0,0.0,0.0065,0.0,0.0,0.013,0.0,0.0,0.0,0.0,0.0,1e-04,0.0131
2021-03-18,-5.5189,148.1172,SE,,,,,,,,,,,,0.0911,0.0715,0.0345,0.0067,0.0591,0.0911,0.0908,0.0815,-0.0034,,,,,,,,,,
2021-04-03,-5.5189,148.1172,E,,0.0727,0.0758,0.0707,0.0661,0.0606,0.0528,0.052,0.0519,0.0537,0.055,0.0484,0.047,0.0364,0.0221,0.0014,-0.01,-0.0149,-0.0194,-0.0265,-0.0305,-0.039,-0.039,-0.0373,-0.028,-0.017,-0.0075,0.0009,0.0099,0.0117
2021-04-03,-5.5189,148.1172,N,0.11,0.1032,0.0955,0.0875,0.0804,0.0742,0.0682,0.0604,0.0541,0.0465,0.0399,0.0342,0.0291,0.0233,0.0225,0.0211,0.0203,0.0194,0.0193,0.0212,0.0214,0.0149,0.0045,0.0,0.0,0.0,0.0,0.0,0.0,0.0
2021-04-03,-5.5189,148.1172,NE,,0.1044,0.1001,0.0948,0.0865,0.0832,0.0771,0.0777,0.0797,0.0794,0.0796,0.0825,0.081,0.0723,0.0745,0.0647,0.06,0.0506,0.0375,0.0416,0.0348,0.0206,0.0425,0.038,0.0488,0.0527,0.0589,0.0626,0.0629,0.0614
2021-04-03,-5.5189,148.1172,NO,,0.0995,0.0926,0.0805,0.0736,0.0658,0.0596,0.0554,0.0493,0.0399,0.0342,0.0304,0.0301,0.0323,0.0348,0.0356,0.0351,0.0338,0.035,0.0328,0.0327,0.0361,0.0392,0.0477,0.0531,0.0536,0.0603,0.0638,0.0683,0.0738
2021-04-03,-5.5189,148.1172,O,0.0387,0.0317,0.0304,0.022,0.0113,0.0089,0.0035,-0.0014,-0.0017,0.0067,0.0112,0.0112,0.0101,0.004,0.0014,-0.0077,-0.009,-0.0152,-0.0122,-0.01,-0.0095,-0.0062,-0.0033,0.0012,0.0059,0.0104,0.0141,0.0156,0.0153,0.0168
2021-04-03,-5.5189,148.1172,S,-0.0024,0.0036,0.0091,0.0114,0.0125,0.0112,0.0079,0.0044,0.0021,,,,,,,,,,,,,,,,,,,,,
2021-04-03,-5.5189,148.1172,SE,,0.0144,0.0198,0.0205,0.0212,0.0175,0.0115,0.0012,0.004,0.0095,0.0044,0.0049,0.002,0.0028,0.0009,0.007,0.008,0.0057,0.0042,-0.0044,,,,,,,,,,
2021-04-03,-5.5189,148.1172,SO,,0.0155,0.0112,0.0122,0.0126,0.0149,0.0146,0.0139,0.0073,0.0042,0.0111,0.0106,0.0156,0.0134,0.0105,0.0059,0.0016,-0.001,-0.0045,-0.009,,,,,,,,,,
2021-04-26,-5.5189,148.1172,E,,-0.0134,-0.0077,-0.0021,-0.0021,-0.0021,-0.0021,-0.0021,-0.0021,-0.0021,-0.0021,-0.0021,-0.0021,0.0092,0.0092,0.0197,0.0375,,,,,,,,0.0092,-0.002,-0.002,-0.002,-0.002,-0.002
2021-04-26,-5.5189,148.1172,N,0.0,0.0,0.0113,0.0113,0.0113,0.0113,0.0113,0.0057,0.0113,0.0113,0.0113,0.0113,0.0113,0.0113,0.0114,0.0114,0.0114,0.0113,0.0113,0.0113,0.0113,0.0113,0.0113,0.0113,0.0,0.0,0.0,0.0057,0.0113,0.0114
2021-04-26,-5.5189,148.1172,NE,,0.0,0.0,0.0114,0.0114,0.0114,0.0114,0.0114,0.0114,0.0114,0.0,0.0114,0.0114,0.0114,0.0114,0.0114,0.0114,0.0114,0.017,0.017,0.0114,0.0114,0.0,0.0057,0.0057,0.0114,0.0114,0.0114,0.0114,0.0114
2021-04-26,-5.5189,148.1172,NO,,0.0,0.0113,0.0113,0.0113,0.0169,0.0113,0.0113,0.0113,0.0169,0.0113,0.0113,0.0113,0.0113,0.0113,0.0113,0.0113,0.0113,0.0113,0.0113,0.0113,0.0,0.0112,0.0112,0.0112,0.0056,0.0112,0.0056,0.0112,0.0112
2021-04-26,-5.5189,148.1172,O,-0.0068,0.0045,0.0045,0.0045,0.0045,-0.0012,0.0045,0.0045,0.0045,,,,,,,,,,0.0044,0.0044,0.0044,-0.0053,-0.0068,-0.0068,-0.0068,-0.0068,-0.0068,0.0044,0.0044,0.0044
2021-04-26,-5.5189,148.1172,S,0.07,0.0813,0.1038,0.1235,0.1782,0.1847,0.1273,0.0073,-0.0089,,,,,,,,,,,,,,,,,,,,,
2021-04-26,-5.5189,148.1172,SE,,-0.0171,-0.0058,-0.0002,0.0151,0.0212,0.0334,-0.0428,-0.0082,0.0435,0.0227,0.0296,0.0582,0.0254,0.0094,0.0263,0.0487,,,,,,,,,,,,,
2021-04-26,-5.5189,148.1172,SO,,-0.1275,-0.1219,-0.1162,-0.0942,-0.0354,0.0076,0.0478,0.0292,-0.0546,,,,,,,,,,-0.0532,,,,,,,,,,
2021-05-05,-5.5189,148.1172,E,,0.0114,0.014,0.014,0.0137,0.0116,0.0076,-0.0004,-0.0067,-0.0071,-0.0071,-0.0071,-0.0071,-0.0071,-0.0071,-0.0071,-0.0071,-0.0071,-0.0071,-0.0071,-0.0071,-0.0049,0.0018,0.004,0.0076,0.0081,0.008,0.007,0.0067,0.0073
2021-05-05,-5.5189,148.1172,N,0.0197,0.0176,0.016,0.0146,0.0134,0.0126,0.0125,0.0131,0.0137,0.0144,0.0143,0.0146,0.0128,0.0124,0.0123,0.0132,0.013,0.0133,0.0123,0.0128,0.0109,0.011,0.0112,0.0119,0.0115,0.0115,0.009,0.0066,0.0028,0.0008
2021-05-05,-5.5189,148.1172,NE,,0.0168,0.0162,0.0149,0.0131,0.0131,0.0116,0.0123,0.0116,0.0093,0.0101,0.0115,0.0106,0.0078,0.0086,0.009,0.0091,0.0104,0.0116,0.012,0.0115,0.0107,0.0094,0.0094,0.0102,0.0098,0.0099,0.0101,0.0108,0.0104
2021-05-05,-5.5189,148.1172,NO,,0.0199,0.0194,0.0202,0.0182,0.0169,0.0155,0.0154,0.0147,0.0147,0.0153,0.0157,0.0174,0.0171,0.0163,0.0141,0.0129,0.0125,0.0135,0.0144,0.0142,0.013,0.0122,0.0109,0.0126,0.014,0.0156,0.0148,0.0124,0.0128
2021-05-05,-5.5189,148.1172,O,0.0013,0.0046,0.0089,0.0151,0.0078,0.0136,0.0064,0.0066,0.0063,0.004,0.0043,-0.0003,-0.0011,-0.0006,-0.0,-0.0008,-0.0016,-0.0032,-0.0037,-0.004,-0.004,-0.004,-0.0036,-0.0025,-0.0022,-0.0028,-0.0029,-0.0021,-0.0018,-0.0019
2021-05-05,-5.5189,148.1172,S,0.1032,0.1111,0.121,0.1223,0.1533,0.1526,0.0988,0.0108,0.0069,,,,,,,,,,,,,,,,,,,,,
2021-05-05,-5.5189,148.1172,SE,,0.0316,0.0365,0.0388,0.0412,0.0573,0.0546,0.0384,0.0199,0.0034,-0.0039,-0.0036,-0.0042,-0.0023,-0.0048,-0.0042,-1e-04,0.0056,0.0135,0.0147,,,,,,,,,,
2021-05-05,-5.5189,148.1172,SO,,-0.0752,-0.0632,-0.0513,-0.0293,0.0051,0.0242,0.0346,0.0245,0.01,0.005,-0.0093,-0.0081,-0.0118,-0.0193,-0.0291,-0.035,-0.04,-0.0427,-0.0465,,,,,,,,,,
2021-05-12,-5.5189,148.1172,E,,0.0065,,,,,,,,,,0.0067,-0.0083,-0.0083,0.0066,0.0067,0.0067,0.0067,-0.0082,-0.0082,-0.0082,0.0067,0.0067,0.0068,0.0068,0.0068,0.0068,-0.0081,-0.008,0.0069
2021-05-12,-5.5189,148.1172,N,0.0151,1e-04,1e-04,0.0077,0.0152,0.0152,0.0152,0.0152,0.0152,0.0077,0.0002,0.0002,0.0077,0.0152,0.0152,0.0151,0.0152,0.0002,0.0077,0.0002,0.0077,0.0077,0.0151,0.0151,0.0002,1e-04,1e-04,0.0004,0.0151,0.0151
2021-05-12,-5.5189,148.1172,NE,,0.0152,0.0152,,,,,,,,,,0.0154,0.0004,0.0154,0.0154,0.0004,0.0004,0.0005,0.0155,0.0005,0.008,0.0005,0.0006,0.0006,0.0006,0.0006,0.0006,0.0006,0.0006
2021-05-12,-5.5189,148.1172,NO,,1e-04,1e-04,0.0151,0.0151,0.0151,0.0151,1e-04,0.0,1e-04,1e-04,1e-04,0.015,0.015,0.015,0.015,0.0149,1e-04,1e-04,0.0149,0.0075,0.0,0.0,0.0149,0.0148,0.0,0.0149,0.0149,0.0149,0.0149
2021-05-12,-5.5189,148.1172,O,0.0082,-0.0068,0.0082,-0.0068,0.0082,0.0006,-0.0068,-0.0069,0.0081,0.0081,0.0052,0.0042,0.0079,-0.0069,-0.0069,-0.0069,-0.0069,-0.0069,0.0047,0.0036,-0.0069,-0.0069,-0.0069,0.0079,,,,,,
2021-05-12,-5.5189,148.1172,S,-0.0276,-0.0127,-0.0127,0.0163,0.0698,0.0733,0.0405,-0.0112,0.0323,,,,,,,,,,,,,,,,,,,,,
2021-05-12,-5.5189,148.1172,SE,,0.0429,0.0429,,,0.0576,,,,,,,,,0.019,0.0223,0.0361,0.0402,0.0445,0.0101,,,,,,,,,,
2021-05-12,-5.5189,148.1172,SO,,-0.071,-0.071,-0.0786,-0.0523,-0.0262,0.0155,0.0455,0.0466,0.0058,0.0039,-0.0301,-0.0259,-0.0258,-0.0175,-0.0171,-0.0173,-0.0177,-0.0241,-0.0236,,,,,,,,,,
2021-06-13,-5.5189,148.1172,E,,-0.0044,-0.0044,-0.0044,-0.0044,-0.0044,0.0057,0.0007,0.0057,-0.0044,0.0007,-0.0044,-0.0044,-0.0044,0.0057,0.0057,-0.0044,0.0057,0.0058,0.0058,0.0058,-0.0044,-0.0044,-0.0044,,,,,,
2021-06-13,-5.5189,148.1172,N,0.0102,0.0204,0.0204,0.0204,0.0102,0.0102,0.0102,0.0204,0.0204,0.0102,0.0102,0.0102,0.0102,0.0102,0.0102,0.0102,0.0102,0.0102,0.0102,0.0051,0.0,0.0102,0.0102,0.0102,0.0102,0.0102,0.0102,0.0102,0.0102,0.0051
2021-06-13,-5.5189,148.1172,NE,,0.0204,0.0153,0.0102,0.0,0.0102,0.0204,0.0153,0.0102,0.0102,0.0102,0.0102,0.0,0.0,0.0103,0.0103,0.0103,0.0103,0.0103,0.0103,0.0103,0.0103,0.0153,0.0204,0.0103,0.0103,0.0103,0.0103,0.0103,0.0
2021-06-13,-5.5189,148.1172,NO,,0.0102,0.0102,,0.0102,,,,,,,,,,0.0101,0.0101,0.0101,0.0101,0.0101,0.0101,0.0101,0.0101,0.0101,0.0101,0.0101,0.0101,0.0101,0.0101,0.0101,0.0101
2021-06-13,-5.5189,148.1172,O,-0.0003,,,,,,,,,,,-0.0004,-0.0105,-0.0105,-0.0004,-0.0004,0.0098,0.0047,-0.0004,-0.0004,-0.0004,-0.0004,-0.0004,-0.0004,-0.0004,-0.0004,-0.0004,-0.0004,-0.0004,-0.0004
2021-06-13,-5.5189,148.1172,S,0.0266,0.0367,0.0367,0.0609,0.1052,0.1073,0.0467,-0.0048,-0.0219,,,,,,,,,,,,,,,,,,,,,
2021-06-13,-5.5189,148.1172,SE,,-0.0205,-0.0205,-0.0154,-0.0103,0.01,0.0103,-0.0199,-0.003,0.054,0.0137,0.0149,0.0439,0.0049,-0.0035,0.0169,0.0455,0.0384,0.0315,-0.0014,,,,,,,,,,
2021-06-13,-5.5189,148.1172,SO,,-0.0334,,,,,,,,,,,0.0275,0.0126,-0.0009,-0.0058,-0.0059,-0.0112,-0.0155,-0.0153,,,,,,,,,,
2022-03-12,-5.5189,148.1172,E,,-0.0045,1e-04,0.0047,,,,,,,,,,0.0045,0.0044,0.0044,0.0044,-0.0047,0.0044,0.0044,-0.0047,-0.0047,-0.0047,-0.0047,0.0043,-0.0002,-0.0047,-0.0047,-0.0047,-0.0047
2022-03-12,-5.5189,148.1172,N,0.0093,0.0093,0.0002,0.0,0.0,0.0002,0.0002,0.0002,0.0093,0.0093,0.0002,0.0002,1e-04,0.0047,0.0002,1e-04,1e-04,1e-04,0.0047,0.0002,0.0002,0.0002,0.0093,0.0093,0.0002,0.0002,0.0002,0.0002,0.0002,0.0002
2022-03-12,-5.5189,148.1172,NE,,0.0002,1e-04,1e-04,0.0093,,,,,,,,,,0.0091,0.0091,0.0,0.0,0.009,0.009,0.009,0.009,0.0,0.0,0.0045,0.0089,0.0089,0.0089,0.0089,0.0
2022-03-12,-5.5189,148.1172,NO,,0.0002,0.0002,0.0002,0.0094,0.0094,0.0048,0.0048,0.0003,0.0094,0.0094,0.0003,0.0094,0.0094,0.0094,0.0003,0.0003,0.0003,0.0003,0.0095,0.0095,0.0095,0.0004,0.0004,0.0004,0.0095,0.0095,0.0003,0.0003,0.0003
2022-03-12,-5.5189,148.1172,O,0.0028,0.0119,0.0119,0.0028,0.0028,0.0028,0.0028,0.0107,0.0029,0.0029,0.0029,0.0029,-0.0052,-0.0062,-0.0017,0.0029,0.003,0.0029,-0.0062,-0.0062,-0.0062,-0.0062,,,,,,,,-0.006
2022-03-12,-5.5189,148.1172,S,0.0805,0.0805,0.0896,0.1055,0.1414,0.139,0.1024,-0.0,-0.0008,,,,,,,,,,,,,,,,,,,,,
2022-03-12,-5.5189,148.1172,SE,,-0.0357,-0.0312,-0.0266,-0.003,0.0151,0.0034,-0.0197,-0.0339,,,,,,,,0.0275,0.0165,0.0129,-0.0148,,,,,,,,,,
2022-03-12,-5.5189,148.1172,SO,,-0.0883,-0.0883,-0.0883,-0.0679,-0.0246,0.0184,0.0369,0.0208,-0.0039,0.0045,-0.0176,-0.0152,-0.0239,-0.0183,-0.0313,-0.0271,-0.0231,-0.0138,-0.0137,,,,,,,,,,
2022-03-21,-5.5189,148.1172,E,,0.0087,0.0131,0.0087,0.0175,0.0175,0.0175,0.0175,0.0175,0.0087,0.0087,0.0262,,,,,,,,,,,,,,0.0261,0.0175,0.0175,0.0175,0.0131
2022-03-21,-5.5189,148.1172,N,0.0175,0.0175,0.0175,0.0087,0.0,0.0087,0.0087,0.0175,0.0175,0.0175,0.0175,0.0175,0.0175,0.0175,0.0175,0.0175,0.0175,0.0175,0.0175,0.0087,0.0087,0.0175,0.0175,0.0175,0.0262,0.0175,0.0175,0.0175,0.0175,0.0218
2022-03-21,-5.5189,148.1172,NE,,0.0087,0.0087,0.0087,0.0087,0.0087,0.0087,0.0087,0.0087,0.0087,0.0131,0.0087,0.0087,0.0175,0.0175,0.0175,0.0087,0.0087,0.0131,0.0087,0.0087,,,,,0.0175,0.0087,0.0175,0.0175,0.0175
2022-03-21,-5.5189,148.1172,NO,,0.0175,0.0087,0.0087,0.0087,0.0131,0.0175,0.0088,0.0088,0.0088,0.0175,0.0175,0.0088,0.0175,0.0175,0.0175,0.0088,0.0088,0.0131,0.0131,0.0175,0.0131,0.0175,0.0175,0.0175,0.0131,0.0,0.0088,0.0,0.0
2022-03-21,-5.5189,148.1172,O,0.0262,0.0175,0.0175,0.0262,0.0262,0.0218,0.0175,0.0261,,,,,,,,,,,,,,0.0,0.0088,0.0,0.0,0.0,0.0,0.0,0.0088,0.0088
2022-03-21,-5.5189,148.1172,S,-0.2584,-0.2498,-0.2412,-0.2131,-0.1879,-0.1154,-0.0493,-0.0353,-0.0105,,,,,,,,,,,,,,,,,,,,,
2022-03-21,-5.5189,148.1172,SE,,-0.015,-0.0019,0.0067,0.0197,0.0272,0.0193,-0.048,-0.0098,0.0321,0.0364,0.0283,0.0467,0.0254,,,,,,,,,,,,,,,,
2022-03-21,-5.5189,148.1172,SO,,-0.1409,-0.1496,-0.1366,-0.1062,-0.075,-0.0194,0.0251,-0.0143,-0.0524,,,,,,,,,,,,,,,,,,,,
2022-04-15,-5.5189,148.1172,E,,0.0121,0.0155,0.0109,0.0079,0.0103,0.0055,0.0061,0.0024,0.0013,0.0009,-0.0046,-0.0025,-0.003,-0.0011,0.0004,-0.0018,-0.0033,-0.0033,-0.0028,-0.0016,-0.0003,-1e-04,-0.0005,-0.0023,-0.0027,-0.0018,-0.0008,-0.0013,-0.0027
2022-04-15,-5.5189,148.1172,N,0.0197,0.0142,0.0117,0.0103,0.009,0.0078,0.0071,0.007,0.0059,0.0051,0.005,0.0043,0.0047,0.005,0.0048,0.0045,0.0042,0.0036,0.003,0.0017,0.0019,0.0031,0.0037,0.0037,0.0033,0.002,0.0005,0.001,0.0,0.0
2022-04-15,-5.5189,148.1172,NE,,0.0141,0.0125,0.0108,0.01,0.0104,0.0082,0.0064,0.0037,0.0005,0.0,0.0012,0.0004,0.0014,0.0017,0.0016,0.0016,0.0015,0.0005,1e-04,0.0,0.0,0.0002,0.0,0.0,0.0,0.0,0.0,0.0,0.0
2022-04-15,-5.5189,148.1172,NO,,0.0149,0.0136,0.0144,0.012,0.0111,0.0095,0.0095,0.0105,0.0105,0.01,0.0113,0.0108,0.0104,0.0076,0.0062,0.0056,0.0038,0.0041,0.0037,0.0032,0.0024,0.0013,0.0017,0.0035,0.003,0.0035,0.0035,0.004,0.0045
2022-04-15,-5.5189,148.1172,O,0.0055,0.0072,0.0128,0.0193,0.0117,0.0205,0.0136,0.0123,0.0049,0.0046,0.0079,0.0056,0.0041,0.0,-0.0008,-0.0034,0.0005,-0.0034,-0.004,-0.0047,-0.0059,-0.0061,-0.0059,-0.0054,-0.0064,-0.0071,-0.0071,-0.0079,-0.0077,-0.008
2022-04-15,-5.5189,148.1172,S,-0.0528,-0.0416,-0.0111,0.0251,0.0512,0.0547,0.0318,-0.0026,0.0006,,,,,,,,,,,,,,,,,,,,,
2022-04-15,-5.5189,148.1172,SE,,-0.0283,-0.0147,0.0007,0.0137,0.0248,0.0071,-0.0302,0.0063,0.0375,0.0285,0.0292,0.0282,0.0157,0.0093,0.0107,0.0179,0.0182,0.018,-0.0027,,,,,,,,,,
2022-04-15,-5.5189,148.1172,SO,,-0.0599,-0.0513,-0.0356,-0.0224,0.0254,0.0666,0.0445,0.0451,0.0167,0.0125,-0.0019,-0.0079,-0.0139,-0.0243,-0.0278,-0.0302,-0.0316,-0.0347,-0.0358,,,,,,,,,,
2022-05-08,-5.5189,148.1172,E,,0.0059,0.0084,0.0038,0.0031,0.0066,0.0038,0.0063,0.0022,0.001,0.0019,0.0003,-0.0004,-0.001,0.0005,0.0018,0.0022,0.0005,-0.0006,-0.0013,-0.0018,-0.0013,-0.0014,-0.002,-0.0027,-0.0025,-0.0021,-0.002,-0.0021,-0.0026
2022-05-08,-5.5189,148.1172,N,0.0102,0.005,0.0034,0.0028,0.0027,0.0024,0.0019,0.0011,0.0007,0.0007,0.0016,0.0025,0.0031,0.003,0.0025,0.0028,0.0017,0.0014,0.0018,0.0017,0.0023,0.0033,0.0035,0.0028,0.0028,0.003,0.0036,0.0046,0.0053,0.0054
2022-05-08,-5.5189,148.1172,NE,,0.0034,0.0016,0.0,0.0,0.0,0.0016,0.0013,0.0017,0.001,0.0011,0.0005,0.0005,1e-04,0.0002,0.0006,0.001,0.0008,0.0005,0.0,0.0002,0.0002,1e-04,0.0,0.0002,0.0003,0.0005,0.001,0.0013,0.0013
2022-05-08,-5.5189,148.1172,NO,,0.006,0.0045,0.0027,0.0019,0.0004,0.0006,0.0015,0.0027,0.0032,0.0033,0.0034,0.0034,0.004,0.0042,0.0054,0.0051,0.0052,0.0036,0.0028,0.0019,0.0032,0.0036,0.0043,0.0037,0.0036,0.004,0.0044,0.0046,0.005
2022-05-08,-5.5189,148.1172,O,0.0033,0.0025,0.0057,0.0096,0.0028,0.0109,0.0049,0.0044,0.0043,0.0037,0.005,0.0022,-0.0004,-0.003,-0.0026,-0.0034,-0.0034,-0.0042,-0.0046,-0.0046,-0.004,-0.0025,-0.0018,-0.0015,-0.0017,-0.0018,-0.0022,-0.0022,-0.0021,-0.0017
2022-05-08,-5.5189,148.1172,S,-0.0413,-0.0324,-0.0144,0.0093,0.0278,0.031,0.0151,-0.0027,0.0002,,,,,,,,,,,,,,,,,,,,,
2022-05-08,-5.5189,148.1172,SE,,-0.0214,-0.0119,-0.0025,0.0065,0.0143,0.003,-0.019,-0.0007,0.0187,0.0217,0.0202,0.0212,0.0137,0.0062,0.0063,0.0067,0.0114,0.0181,0.0093,,,,,,,,,,
2022-05-08,-5.5189,148.1172,SO,,-0.0269,-0.0227,-0.0135,-0.0068,0.0185,0.0357,0.0416,0.0265,0.0144,0.005,-0.0041,-0.0078,-0.0109,-0.0158,-0.0185,-0.0191,-0.0189,-0.0217,-0.0218,,,,,,,,,,
2022-05-24,-5.5189,148.1172,E,,0.0024,0.006,0.0067,0.0077,0.0086,0.0082,0.0081,0.0055,0.0063,0.0064,0.0063,0.0062,0.0049,0.0034,0.003,0.0025,0.0025,0.0015,-0.0012,-0.0039,-0.0047,-0.0084,-0.0089,-0.0048,-0.0034,-0.0004,0.0002,0.0013,0.0022
2022-05-24,-5.5189,148.1172,N,0.0109,0.0095,0.0083,0.0074,0.0068,0.0074,0.0064,0.0058,0.0042,0.0006,0.0,0.0,0.0,0.0,0.0,0.0005,0.0007,0.0011,0.0016,0.0017,0.0022,0.0026,0.0019,0.0014,0.0008,0.001,0.0019,0.0019,0.0012,0.0006
2022-05-24,-5.5189,148.1172,NE,,0.0125,0.0132,0.0136,0.0134,0.0145,0.0109,0.0117,0.0104,0.0109,0.0103,0.0096,0.0109,0.0106,0.0097,0.0099,0.0103,0.0111,0.0108,0.0109,0.0109,0.0117,0.0116,0.0116,0.0121,0.0125,0.0114,0.0107,0.0092,0.0078
2022-05-24,-5.5189,148.1172,NO,,0.0071,0.0059,0.0056,,,,,,,,,0.0025,0.0051,0.0078,0.008,0.0096,0.01,0.0106,0.0092,0.0081,0.0086,0.0085,0.0087,0.0099,0.0084,0.0078,0.0072,0.0066,0.0058
2022-05-24,-5.5189,148.1172,O,-0.0012,-0.0012,0.0015,0.0045,-0.0028,-0.0033,-0.0068,-0.0102,-0.0102,-0.0102,-0.0102,-0.0102,-0.0102,-0.0089,-0.0045,-0.0023,0.0002,0.0008,0.0016,0.0032,0.0032,0.0038,0.0041,0.0037,0.0028,0.002,0.0014,0.0013,0.0013,0.0016
2022-05-24,-5.5189,148.1172,S,-0.0501,-0.0455,-0.0395,-0.0266,-0.0093,-0.0026,0.0003,-0.0018,-0.011,,,,,,,,,,,,,,,,,,,,,
2022-05-24,-5.5189,148.1172,SE,,-0.0261,-0.0222,-0.0189,-0.0114,0.0056,0.0072,-0.0036,-0.0042,0.0052,0.0028,0.0047,0.0128,0.0145,0.0108,0.0055,0.0065,0.0045,0.004,-0.0031,,,,,,,,,,
2022-05-24,-5.5189,148.1172,SO,,-0.0122,-0.008,-0.0039,0.0018,0.0093,0.0144,0.0147,0.0091,0.0013,-0.009,-0.0116,-0.0115,-0.0076,-0.0027,0.0008,0.0031,0.0039,0.0021,-0.0002,,,,,,,,,,
2022-07-03,-5.5189,148.1172,E,,0.0039,0.007,0.0067,0.008,0.01,0.0069,0.0065,0.0037,0.0029,0.0028,0.0017,0.0023,0.0013,0.0008,0.0006,0.0003,-0.0,-0.0005,-0.0016,-0.0023,-0.0023,-0.0017,-0.001,-0.0014,-0.002,-0.0023,-0.0023,-0.0023,-0.0023
2022-07-03,-5.5189,148.1172,N,0.0058,0.0041,0.0039,0.0045,0.0062,0.0079,0.0088,0.0081,0.0069,0.0069,0.0068,0.0067,0.0066,0.0063,0.0063,0.0065,0.0068,0.0064,0.0053,0.0048,0.0049,0.0051,0.0049,0.0048,0.0048,0.0051,0.0046,0.0035,0.003,0.0024
2022-07-03,-5.5189,148.1172,NE,,0.0045,0.0048,0.0049,0.0055,0.0049,0.0041,0.0035,0.0039,0.0034,0.005,0.0057,0.0065,0.0059,0.0057,0.0049,0.004,0.0034,0.0016,0.0018,0.0016,0.0005,0.002,0.001,0.001,0.0011,0.0005,0.0006,0.0004,0.0
2022-07-03,-5.5189,148.1172,NO,,0.0033,0.0029,0.0032,0.0035,0.0055,0.0072,0.0074,0.0068,0.0064,0.0061,0.0061,0.0062,0.0062,0.0063,0.0061,0.0053,0.0057,0.0054,0.0061,0.0054,0.0063,0.0062,0.0055,0.0046,0.0038,0.003,0.0022,0.0017,0.0013
2022-07-03,-5.5189,148.1172,O,0.0028,0.0029,0.0056,0.0089,0.0063,0.009,0.0048,0.0035,0.0024,0.0022,0.0035,0.0021,0.0009,0.0005,0.0008,0.0007,0.0013,-0.0002,-0.0005,-0.0011,-0.0012,-0.0008,-0.0015,-0.0014,-0.0009,-0.0012,-0.0011,-0.0012,-0.0022,-0.0025
2022-07-03,-5.5189,148.1172,S,-0.004,0.0032,0.0121,0.02,0.0266,0.0287,0.0174,0.002,-1e-04,,,,,,,,,,,,,,,,,,,,,
2022-07-03,-5.5189,148.1172,SE,,-0.0172,-0.0107,-0.0075,-0.0039,-0.0012,-0.0053,-0.0053,0.0114,0.0168,0.0082,0.0038,0.0023,-0.0013,-0.0015,0.0061,0.013,0.0127,0.0063,-0.0071,,,,,,,,,,
2022-07-03,-5.5189,148.1172,SO,,-0.0224,-0.0175,-0.0101,0.0033,0.0233,0.0257,0.0189,0.0158,0.0079,0.006,-0.0049,-0.0094,-0.0121,-0.0155,-0.0158,-0.0169,-0.0179,-0.0193,-0.0208,,,,,,,,,,
2022-09-05,-5.5189,148.1172,E,,0.0027,0.0089,0.0058,0.0071,0.0115,0.0079,0.0126,0.0106,0.0105,0.0135,0.0079,0.0072,0.0044,0.0034,0.003,0.0024,-0.0024,-0.0017,-0.0007,-0.0015,-0.0008,-0.0018,-0.0039,-0.0031,-0.0037,-0.0019,-0.0028,-0.0028,0.004
2022-09-05,-5.5189,148.1172,N,0.0107,0.0058,0.0041,0.0026,0.0018,0.0016,0.0007,0.0012,0.0062,0.0182,0.0293,0.0405,0.0512,0.0617,0.0716,0.0807,0.0888,0.0935,0.0986,0.1029,0.1064,0.1102,0.1128,0.1153,0.118,0.1208,0.1238,0.1267,0.1295,0.1321
2022-09-05,-5.5189,148.1172,NE,,0.0066,0.0062,0.0056,0.0072,0.0097,0.0097,0.011,0.0132,0.0131,0.014,0.0177,0.0156,0.0147,0.0241,0.0314,0.037,0.0417,0.0456,0.0544,0.0596,0.0579,0.073,0.0747,0.0827,0.0839,0.0951,0.1006,0.101,0.1012
2022-09-05,-5.5189,148.1172,NO,,0.0057,0.0049,0.0042,0.0028,0.0002,0.0,0.0,0.0021,0.011,0.0203,0.0294,0.0378,0.0479,0.0612,0.0683,0.065,0.0831,0.0877,0.0938,0.0985,0.0999,0.1034,0.1025,0.1011,0.1081,0.1098,0.1119,0.1142,0.1176
2022-09-05,-5.5189,148.1172,O,-0.003,-0.0032,0.003,0.0101,-0.003,0.0024,-0.0124,-0.0081,-0.0088,-0.01,-0.008,-0.0079,-0.011,-0.0096,-0.0098,-0.0106,-0.0113,-0.0113,-0.0122,-0.0124,-0.0121,-0.0119,-0.0116,-0.0122,-0.0124,-0.0124,-0.0124,-0.0101,-0.0109,-0.0012
2022-09-05,-5.5189,148.1172,S,-0.0115,0.0015,0.0201,0.0532,0.0837,0.0825,0.0537,-0.0015,0.0049,,,,,,,,,,,,,,,,,,,,,
2022-09-05,-5.5189,148.1172,SE,,-0.0164,-0.0048,0.0044,0.0276,0.0309,0.0208,-0.0049,-0.0028,0.0222,0.0133,0.023,0.0394,0.0208,0.0118,0.0038,-0.0033,-0.0108,-0.0111,,,,,,,,,,,
2022-09-05,-5.5189,148.1172,SO,,-0.0696,,-0.0495,-0.0262,0.0036,0.0156,0.0307,0.0177,0.0068,-0.0048,-0.0187,-0.0259,-0.0379,,,,,,,,,,,,,,,,
2022-09-13,-5.5189,148.1172,E,,-0.0003,0.0004,-0.0009,-0.0011,0.0012,-0.0021,-0.0012,-0.0036,-0.0003,0.0009,0.0004,-0.0007,-0.0012,-0.0012,-0.0012,-0.0012,-0.0012,-0.0013,-0.0013,-0.0014,-0.0009,-0.0011,-0.0026,-0.0016,-0.001,0.0009,0.0009,0.0008,0.0016
2022-09-13,-5.5189,148.1172,N,0.0059,0.0036,0.002,0.0007,0.0,0.0,0.0,0.0,0.0002,0.0004,0.0,0.0,0.0,0.0004,0.0007,1e-04,0.0003,0.0007,0.0003,0.0008,0.0008,0.0016,0.0013,0.0016,0.002,0.0026,0.0029,0.0033,0.0031,0.003
2022-09-13,-5.5189,148.1172,NE,,0.0031,0.0024,0.0018,0.0015,0.0016,0.0013,0.0013,0.001,0.0013,0.0015,0.001,0.0019,0.0026,0.002,0.003,0.004,0.0041,0.0045,0.0043,0.0041,0.0041,0.0042,0.0046,0.0051,0.0064,0.0066,0.0066,0.0067,0.0069
2022-09-13,-5.5189,148.1172,NO,,0.004,0.003,0.0029,0.0018,0.001,0.0006,0.0006,0.0005,0.0005,1e-04,0.0,0.0,0.0,0.0,0.0,0.0,0.0,0.0,0.0003,0.0002,0.0002,0.0008,0.0009,0.0011,0.002,0.0018,0.0018,0.0013,0.0018
2022-09-13,-5.5189,148.1172,O,0.0023,0.003,0.0056,0.0099,0.0027,0.0084,0.005,0.0067,0.005,0.0032,0.0033,0.0011,0.0007,-0.0005,0.0005,-0.0017,-0.0008,-0.0018,-0.0026,-0.002,-0.0022,-0.0021,-0.0026,-0.0029,-0.0033,-0.0033,-0.0034,-0.0035,-0.0036,-0.004
2022-09-13,-5.5189,148.1172,S,-0.0435,-0.0366,-0.014,0.0132,0.0299,0.0317,0.0176,-0.001,0.001,,,,,,,,,,,,,,,,,,,,,
2022-09-13,-5.5189,148.1172,SE,,-0.0286,-0.0204,-0.0106,0.0024,0.0109,0.002,-0.0153,0.0044,0.0256,0.0202,0.0183,0.0177,0.0065,0.0023,0.0025,0.0157,0.0216,0.0217,-0.0018,,,,,,,,,,
2022-09-13,-5.5189,148.1172,SO,,-0.0374,-0.0321,-0.0186,-0.0069,0.0248,0.0464,0.0352,0.0239,0.0135,0.0091,-0.0013,-0.0002,-0.0058,-0.0138,-0.0164,-0.0186,-0.0205,-0.0237,-0.0233,,,,,,,,,,
2022-09-29,-5.5189,148.1172,E,,0.0028,0.0064,0.0045,0.0054,0.0089,0.0057,0.0066,0.0024,0.0015,0.0021,0.002,0.0013,-0.0004,-0.0,0.0008,-0.0006,-0.0015,-0.0015,-0.001,-0.0004,-0.0007,-0.0009,-0.0007,-0.0007,-0.0006,-0.0009,-0.001,-0.0013,-0.0017
2022-09-29,-5.5189,148.1172,N,0.0046,0.0026,0.0019,0.0015,0.001,0.0005,0.0002,0.0004,0.0015,0.0028,0.0031,0.0029,0.0026,0.0023,0.0015,0.0008,0.0,0.0,0.0,0.0006,0.0007,0.0005,0.0017,0.0025,0.0023,0.0021,0.0013,0.001,0.0007,0.0008
2022-09-29,-5.5189,148.1172,NE,,0.0037,0.0034,0.0029,0.0018,0.0018,0.0016,0.0024,0.0029,0.0034,0.0032,0.0026,0.0026,0.0029,0.0026,0.0027,0.0026,0.0028,0.0022,0.0028,0.003,0.0032,0.0027,0.003,0.0026,0.0021,0.0009,0.0002,0.0002,0.0003
2022-09-29,-5.5189,148.1172,NO,,0.0003,0.0017,0.0028,0.0021,0.0026,0.0022,0.0026,0.0027,0.003,0.0031,0.003,0.0029,0.0028,0.0014,0.0011,0.0022,0.0013,0.0008,1e-04,0.0,0.0003,0.001,0.0016,0.0014,0.002,0.0018,0.0014,0.0008,0.0006
2022-09-29,-5.5189,148.1172,O,-0.0027,-0.0007,0.0028,0.0054,0.0031,0.0052,0.0013,0.0004,-0.003,0.0017,0.0034,0.0019,0.0015,0.0003,0.0003,-0.001,-0.0008,-0.002,-0.0007,0.0008,-0.0013,-0.001,-0.0023,-0.0031,-0.0025,-0.0024,-0.0025,-0.0025,-0.0035,-0.0045
2022-09-29,-5.5189,148.1172,S,-0.0093,0.001,0.0126,0.0211,0.0336,0.0365,0.0261,0.0033,-0.0014,,,,,,,,,,,,,,,,,,,,,
2022-09-29,-5.5189,148.1172,SE,,-0.0193,-0.0103,-0.0062,-0.0025,0.0079,0.0099,0.0007,0.0058,0.0115,0.0048,0.0017,0.0048,0.0073,0.0106,0.0109,0.0098,0.0075,0.0042,-0.0074,,,,,,,,,,
2022-09-29,-5.5189,148.1172,SO,,-0.0486,-0.0426,-0.0339,-0.0199,-0.001,0.0107,0.0171,0.0127,0.0046,0.0036,-0.0042,-0.0059,-0.0089,-0.014,-0.0153,-0.0148,-0.0148,-0.0164,-0.0165,,,,,,,,,,
2022-10-02,-5.5189,148.1172,E,,0.0066,0.0067,0.0068,0.0068,0.0068,0.0069,0.0002,-0.0063,0.0071,0.0071,-0.0062,-0.0061,0.0072,0.0072,0.0073,-0.0059,-0.0059,-0.0058,-0.0058,-0.0057,-0.0057,0.0075,0.0076,0.0077,0.0077,0.0076,,,-0.0052
2022-10-02,-5.5189,148.1172,N,0.041,0.0276,0.041,0.041,0.0411,0.0411,0.0277,0.0277,0.0412,0.0411,0.0278,0.0278,0.0277,0.0345,0.028,0.028,0.028,0.028,0.028,0.028,0.0281,0.0278,0.041,0.0347,0.041,0.0282,0.0283,0.0284,0.0413,0.0413
2022-10-02,-5.5189,148.1172,NE,,0.041,0.0411,0.0412,0.0278,0.0279,0.0279,0.028,0.028,0.0281,0.0281,0.0281,0.0283,0.0416,0.0282,0.0283,0.0284,0.0419,0.0419,0.0353,0.0287,0.0288,0.0287,0.0288,0.0288,0.029,0.0419,0.029,0.029,0.029
2022-10-02,-5.5189,148.1172,NO,,0.0275,0.0141,0.0275,0.0275,0.0275,0.0208,0.0275,0.0409,0.0273,0.0272,0.0137,0.0137,1e-04,0.0137,0.0069,0.0,1e-04,0.0,0.0,0.0,0.0,0.0,0.0,0.0,0.0135,0.0135,0.0202,0.0268,0.0268
2022-10-02,-5.5189,148.1172,O,0.0172,0.0172,0.0104,0.0036,,,,,0.0034,0.0034,0.0033,0.0033,0.0167,0.0032,0.0032,0.0031,0.0031,0.003,0.0019,-0.0069,-0.0037,-0.0103,-0.0103,-0.0103,-0.0103,-0.0103,-0.0103,-0.0103,-0.0103,-0.0103
2022-10-02,-5.5189,148.1172,S,0.1218,0.1217,0.135,0.1457,0.1709,0.1731,0.1246,0.0002,-0.0586,,,,,,,,,,,,,,,,,,,,,
2022-10-02,-5.5189,148.1172,SE,,-0.0204,-0.0069,-0.0003,0.009,0.0284,0.0158,-0.0207,-0.0151,0.0222,0.0143,0.0273,0.0324,0.0124,0.0023,0.0319,0.0418,0.0286,0.0309,0.0025,,,,,,,,,,
2022-10-02,-5.5189,148.1172,SO,,-0.0724,-0.0725,-0.0726,-0.048,,,,0.0044,0.0288,0.0107,-0.0081,-0.0098,-0.0087,-0.007,-0.0195,-0.0152,-0.0055,-0.034,-0.0495,,,,,,,,,,
2022-10-19,-5.5189,148.1172,E,,-0.001,0.0044,0.0205,0.0098,-0.001,-0.001,,,-0.0009,-0.0009,-0.0009,-0.0009,-0.0009,-0.0009,-0.0009,-0.0009,-0.0009,-0.0009,0.0099,0.0099,-0.0009,-0.0009,-0.0009,-0.0009,-0.0009,-0.0009,-0.0009,-0.0009,-0.0009
2022-10-19,-5.5189,148.1172,N,0.0108,0.0108,0.0108,0.0108,0.0216,0.0216,0.0108,0.0108,0.0216,0.0216,0.0216,0.0108,0.0108,0.0108,0.0108,0.0108,0.0108,0.0108,0.0108,0.0108,0.0108,0.0108,0.0108,0.0108,0.0108,0.0108,0.0108,0.0108,0.0108,0.0108
2022-10-19,-5.5189,148.1172,NE,,0.0108,0.0162,0.0216,0.0216,0.0216,0.0216,0.0108,0.0108,0.0108,0.0162,0.0109,0.0109,0.0109,0.0109,0.0109,0.0109,0.0109,0.0109,0.0109,0.0109,0.0109,0.0109,0.0217,0.0217,0.0217,0.0109,0.0109,0.0217,0.0217
2022-10-19,-5.5189,148.1172,NO,,0.0,0.0108,0.0216,0.0216,0.0108,0.0108,0.0108,0.0108,0.0108,0.0108,0.0108,0.0108,0.0108,0.0108,0.0108,0.0108,0.0108,0.0108,0.0,0.0108,0.0108,0.0108,0.0108,0.0108,0.0108,0.0108,0.0108,0.0108,0.0108
2022-10-19,-5.5189,148.1172,O,-0.0031,-0.0031,-0.0031,0.0076,0.0076,0.013,0.0076,-0.0031,-0.0031,-0.0031,-0.0031,-0.0031,-0.0032,-0.0032,0.0076,0.0076,-0.0032,-0.0032,0.0022,-0.0032,-0.0032,-0.0032,-0.0032,-0.0032,-0.0032,0.0022,0.0076,-0.0032,-0.0032,-0.0032
2022-10-19,-5.5189,148.1172,S,0.0577,0.0686,0.1007,0.1306,0.1751,0.1679,0.1213,-0.008,-0.0124,,,,,,,,,,,,,,,,,,,,,
2022-10-19,-5.5189,148.1172,SE,,-0.0445,-0.0337,-0.0122,0.0091,0.035,0.0271,-0.014,-0.0008,0.0324,0.0072,-0.0122,0.0423,0.0283,0.0155,0.0191,0.0324,0.0216,0.0288,-0.0159,,,,,,,,,,
2022-10-19,-5.5189,148.1172,SO,,-0.1282,-0.1282,-0.1121,-0.0697,-0.017,0.0232,0.0357,0.0181,-0.0085,-0.0132,-0.0197,-0.0205,-0.0308,-0.0288,-0.0326,-0.0345,-0.0321,-0.0184,-0.0205,,,,,,,,,,
2022-11-22,-5.5189,148.1172,E,,,,,,-0.0039,-0.0039,0.0018,0.0075,0.0035,-0.0039,0.0075,0.0075,0.0075,0.0075,-0.0039,0.004,-0.0039,-0.0039,-0.0038,-0.0038,-0.0038,-0.0038,0.0075,-0.0038,-0.0038,-0.0037,-0.0038,-0.0037,-0.0037
2022-11-22,-5.5189,148.1172,N,0.0,0.0,0.0,0.0,0.0,0.0,0.0,0.0,0.0,0.0114,1e-04,1e-04,1e-04,0.0057,0.0114,0.0,0.0,1e-04,0.0,0.0057,0.0114,1e-04,0.0114,0.0114,0.0114,0.0114,0.0114,0.0114,0.0114,0.0058
2022-11-22,-5.5189,148.1172,NE,,,,,,1e-04,0.0058,1e-04,0.0058,1e-04,1e-04,0.0114,1e-04,0.0114,0.0114,0.0114,0.0114,0.0114,0.0058,0.0002,0.0002,0.0002,0.0114,0.0002,0.0002,0.0002,0.0002,0.0002,0.0002,0.0002
2022-11-22,-5.5189,148.1172,NO,,0.0,0.0,0.0114,0.0114,0.0114,0.0114,0.0114,0.0114,0.0114,0.0113,0.0,0.0057,0.0113,0.0,0.0,0.0,0.0113,0.0113,0.0113,0.0,0.0,0.0113,0.0113,0.0112,0.0056,0.0,0.0,0.0,0.0
2022-11-22,-5.5189,148.1172,O,-0.0071,0.0042,-0.0015,0.0042,0.0042,0.0042,0.0041,-0.0072,-0.0072,0.0041,0.0041,0.0041,-0.0072,-0.0072,-0.0015,0.0041,-0.0072,-0.0072,0.0041,0.0041,0.0041,0.0041,0.0041,0.0041,-0.0072,-0.0072,0.0041,-0.0072,-0.0072,-0.0072
2022-11-22,-5.5189,148.1172,S,-0.3476,-0.3476,-0.3363,-0.2884,-0.2555,-0.1915,-0.0889,-0.0308,-0.0125,,,,,,,,,,,,,,,,,,,,,
2022-11-22,-5.5189,148.1172,SE,,,,,,,0.0006,-0.023,-0.0008,0.0061,0.0085,0.0118,0.049,0.0247,0.0007,0.0189,0.0225,0.0173,0.0195,-0.0055,,,,,,,,,,
2022-11-22,-5.5189,148.1172,SO,,-0.0968,-0.0855,-0.0742,-0.0848,-0.0624,0.0027,0.0346,0.0349,0.0085,0.0139,-0.013,-0.0077,-0.0186,-0.0237,-0.0236,-0.0075,-0.0076,-0.0182,0.0034,,,,,,,,,,
2023-01-27,-5.5189,148.1172,E,,0.008,0.0091,0.0035,0.0031,0.0073,0.0047,0.007,0.0044,0.0021,0.0009,-0.0009,0.0025,-0.0014,-0.0021,-0.0018,-0.0032,-0.003,-0.0025,-0.0014,-0.0005,-0.0005,-0.0014,-0.0017,-0.0009,-0.001,-0.0007,-0.0004,-0.0004,-0.0004
2023-01-27,-5.5189,148.1172,N,0.0119,0.01,0.0085,0.0073,0.0062,0.0052,0.0047,0.0039,0.0033,0.0028,0.0015,0.0019,0.0027,0.0027,0.0027,0.0023,0.0015,0.0014,0.0017,0.002,0.0024,0.0025,0.0021,0.0017,0.0026,0.0033,0.0035,0.004,0.0037,0.0034
2023-01-27,-5.5189,148.1172,NE,,0.0091,0.0065,0.0041,0.0022,0.0035,0.0054,0.0062,0.0045,0.0036,0.0022,0.0007,0.0027,0.002,0.0027,0.0018,0.0004,0.0,0.0,1e-04,0.0007,0.0017,0.002,0.0021,0.0022,0.0022,0.0026,0.003,0.0043,0.0052
2023-01-27,-5.5189,148.1172,NO,,0.0093,0.0081,0.0074,0.0071,0.0074,0.0071,0.0065,0.0054,0.0031,0.0022,0.0015,0.0023,0.0022,0.0018,0.0,0.0,0.0002,0.0004,0.0018,0.002,0.0026,0.0024,0.0017,0.0013,0.0004,0.0004,0.001,0.0013,0.0014
2023-01-27,-5.5189,148.1172,O,0.0007,0.0002,0.0024,0.0067,0.0064,0.0127,0.0077,0.0077,0.0015,0.004,0.0038,-0.0018,-0.0036,-0.003,-0.0005,-0.0013,0.0009,-0.0011,-0.0017,-0.0024,-0.0043,-0.0059,-0.0062,-0.0047,-0.0043,-0.0043,-0.0048,-0.0058,-0.0062,-0.0064
2023-01-27,-5.5189,148.1172,S,0.0027,0.0177,0.0401,0.0596,0.0724,0.0735,0.0426,0.0047,0.0013,,,,,,,,,,,,,,,,,,,,,
2023-01-27,-5.5189,148.1172,SE,,-0.0246,-0.0108,-0.0031,0.0033,0.0085,0.0049,-0.0084,0.0143,0.0187,0.0119,0.0086,0.0086,0.003,0.0034,0.0143,0.0237,0.0205,0.0043,-0.0199,,,,,,,,,,
2023-01-27,-5.5189,148.1172,SO,,-0.0778,-0.0706,-0.0544,-0.0303,0.0093,0.021,0.0125,0.0154,0.0041,0.0137,-0.003,-0.0012,-0.0094,-0.0193,-0.0171,-0.0174,-0.0157,-0.0115,-0.0119,,,,,,,,,,
2023-04-05,-5.5189,148.1172,E,,0.0087,0.0087,0.0087,0.0087,-0.0042,-0.0041,-0.0041,-0.0041,-0.0041,0.0023,-0.0041,-0.0041,-0.004,0.0087,0.0088,-0.004,,0.0373,,,,,,,0.0089,0.009,-0.0038,-0.0038,-0.0038
2023-04-05,-5.5189,148.1172,N,0.0129,0.0129,0.0129,0.0129,0.013,0.013,0.013,0.0129,0.0129,1e-04,1e-04,0.013,0.013,0.013,0.013,0.0129,0.013,0.013,0.0131,0.013,0.013,0.013,0.013,0.0131,0.0131,0.0131,0.013,0.0131,0.0258,0.0259
2023-04-05,-5.5189,148.1172,NE,,0.013,0.0194,0.0258,0.013,0.013,1e-04,0.0066,0.0066,0.0131,0.0131,0.0131,0.0131,0.0131,0.0131,0.0132,0.0259,0.0132,0.0132,0.0132,0.0132,0.026,0.0132,0.0261,0.0196,0.026,0.026,0.0133,0.0261,0.0262
2023-04-05,-5.5189,148.1172,NO,,0.0258,0.0129,0.0129,0.0129,0.0257,0.0129,0.0129,0.0258,0.0258,0.0129,0.0129,0.0129,0.0257,0.0322,0.0257,0.0129,0.0129,0.0193,0.0257,0.0192,0.0192,0.0192,0.0127,0.0127,0.0127,0.0126,0.0127,0.0127,0.0126
2023-04-05,-5.5189,148.1172,O,0.0119,0.0119,0.0119,0.0118,-0.001,0.0054,0.0118,-0.001,,,,,,,,,-0.0012,-0.0012,-0.0012,-0.0012,-0.0012,0.0116,-0.0012,-0.0012,-0.0012,-0.0013,-0.0013,-0.0013,-0.0013,-0.0013
2023-04-05,-5.5189,148.1172,S,0.0552,0.0552,0.0681,0.0918,0.1167,0.1173,0.0665,0.0031,-0.0135,,,,,,,,,,,,,,,,,,,,,
2023-04-05,-5.5189,148.1172,SE,,-0.0303,-0.0239,-0.0111,0.008,0.0157,0.0031,-0.014,-0.0085,0.0074,0.0178,0.0131,0.0229,0.0216,0.0217,0.0395,0.0264,0.0173,0.0248,,,,,,,,,,,
2023-04-05,-5.5189,148.1172,SO,,-0.0698,-0.0763,-0.0763,-0.0674,-0.0355,0.0132,0.0144,-0.0005,-0.0259,,,,,,,,-0.0389,-0.0246,-0.0259,,,,,,,,,,
2023-04-22,-5.5189,148.1172,E,,-0.0152,-0.0152,-0.0011,-0.0011,,,,,,,,-0.0082,-0.0012,-0.0012,-0.0011,0.009,-0.0012,-0.0012,0.0129,-0.0012,-0.0012,-0.0012,-0.0012,-0.0012,-0.0012,-0.0012,-0.0012,-0.0012,-0.0012
2023-04-22,-5.5189,148.1172,N,0.0,0.0,0.0141,0.0141,0.0141,0.0282,0.0141,0.0141,0.0141,0.0141,0.0071,0.0141,0.0141,0.0141,0.0141,0.0141,0.0141,0.0141,0.0141,0.0141,0.0141,0.0141,0.0141,0.0141,0.0141,0.0,0.0,0.0141,0.014,0.014
2023-04-22,-5.5189,148.1172,NE,,0.0,0.0071,0.0141,0.0141,0.0071,0.0211,0.0282,,,,,,0.014,0.014,0.014,0.014,0.014,0.014,0.014,0.0211,0.0211,0.014,0.014,0.0281,0.0281,0.0281,0.014,0.014,0.014
2023-04-22,-5.5189,148.1172,NO,,0.0,0.0142,0.0142,0.0142,0.0142,0.0142,0.0,0.0,0.0142,0.0142,0.0142,0.0142,0.0142,0.0071,0.0142,0.0142,0.0142,0.0142,0.0,0.0,0.0142,0.0142,0.0,0.0071,0.0142,0.0,0.0071,0.0142,0.0142
2023-04-22,-5.5189,148.1172,O,-0.013,0.0011,0.0011,0.0152,0.0152,0.0152,0.0152,0.0011,0.0011,0.0011,0.0011,0.0012,0.0016,0.0011,0.0008,-0.0003,0.0012,0.0012,0.0012,0.0012,0.0012,0.0012,-0.013,,,,,-0.0058,0.0013,-0.0129
2023-04-22,-5.5189,148.1172,S,0.0361,0.0361,0.0502,0.0631,0.1047,0.0966,0.0691,-0.0028,-0.0077,,,,,,,,,,,,,,,,,,,,,
2023-04-22,-5.5189,148.1172,SE,,-0.0728,-0.0587,-0.0517,-0.0446,-0.0127,-0.0092,-0.0005,-0.0153,-0.012,,,,,,0.0139,0.0032,-0.0069,-0.0221,-0.0341,,,,,,,,,,
2023-04-22,-5.5189,148.1172,SO,,-0.0636,-0.0425,-0.0495,-0.0425,-0.02,0.0051,0.0216,0.02,0.0089,0.0048,-0.0114,-0.0147,-0.0146,-0.0206,-0.0333,-0.0345,-0.0294,-0.0137,-0.015,,,,,,,,,,
2023-06-28,-5.5189,148.1172,E,,-0.0005,0.0015,-0.0004,-0.0008,0.0025,-0.0,0.0024,0.0009,0.0007,0.0005,-0.0016,1e-04,-0.0005,-0.0007,-1e-04,1e-04,1e-04,0.0004,1e-04,-0.0,-0.0002,1e-04,0.0003,0.0,-0.0002,-0.0008,-0.0012,-0.0017,-0.0018
2023-06-28,-5.5189,148.1172,N,0.0018,0.0,0.0,0.0,0.0,0.0,0.0,0.0,0.0002,0.0014,0.0022,0.0023,0.0022,0.0027,0.0032,0.0032,0.0034,0.0034,0.0027,0.0021,0.0023,0.0024,0.0023,0.0022,0.003,0.0044,0.0047,0.0044,0.0042,0.0033
2023-06-28,-5.5189,148.1172,NE,,0.0,0.0,0.0,0.0,0.0,0.0,0.0,0.0,0.0,0.0,0.0007,0.0005,0.0,0.0019,0.002,0.0023,0.0025,0.0026,0.0032,0.0039,0.0036,0.0042,0.0037,0.0039,0.0018,0.0031,0.0028,0.0028,0.0027
2023-06-28,-5.5189,148.1172,NO,,0.0,0.0,0.0,0.0,0.0003,0.0012,0.0019,0.0016,0.0021,0.0021,0.0021,0.0022,0.0021,0.002,0.0018,0.0022,0.0013,0.0023,0.0021,0.002,0.0018,0.0012,0.0009,0.0015,0.0027,0.0033,0.0033,0.0033,0.0023
2023-06-28,-5.5189,148.1172,O,-0.0017,-0.0016,0.0004,0.0029,-0.0006,0.0038,0.0015,0.0029,0.0004,-0.0009,0.0004,0.0004,0.0006,-0.0006,1e-04,-0.0,0.0017,0.0019,-0.0,-0.0005,-0.001,-0.0012,-0.0017,-0.0018,-0.0018,-0.0023,-0.0028,-0.0032,-0.0033,-0.0033
2023-06-28,-5.5189,148.1172,S,-0.0208,-0.0139,-0.001,0.0118,0.0183,0.0185,0.0102,-0.0008,-0.0025,,,,,,,,,,,,,,,,,,,,,
2023-06-28,-5.5189,148.1172,SE,,-0.021,-0.0129,-0.0067,-0.0021,0.0028,-0.0008,-0.0076,0.0028,0.0173,0.0111,0.0074,0.0035,0.0013,-0.0006,0.0007,0.0086,0.0133,0.0135,0.0031,,,,,,,,,,
2023-06-28,-5.5189,148.1172,SO,,-0.0229,-0.0199,-0.012,-0.0046,0.0129,0.0247,0.0167,0.0179,0.006,0.0039,-0.0024,-0.0044,-0.0056,-0.009,-0.0102,-0.0109,-0.0114,-0.0126,-0.0138,,,,,,,,,,
2023-07-22,-5.5189,148.1172,E,,-0.0075,-0.0105,-0.0175,-0.0195,-0.0185,-0.0197,-0.0197,-0.0197,-0.0197,-0.019,-0.0166,-0.0177,-0.0144,-0.0144,-0.0133,-0.0148,-0.0171,-0.017,-0.0162,-0.015,-0.0109,-0.0029,0.0046,0.0158,0.0222,0.0278,0.0264,0.0263,0.0433
2023-07-22,-5.5189,148.1172,N,0.0175,0.0138,0.0103,0.0077,0.0059,0.0048,0.0037,0.0043,0.0025,0.0042,0.0071,0.0118,0.0169,0.0216,0.0283,0.0351,0.0392,0.0402,0.0418,0.0426,0.0422,0.0409,0.0378,0.0324,0.0279,0.0277,0.0269,0.0264,0.0248,0.0278
2023-07-22,-5.5189,148.1172,NE,,0.0089,0.005,0.0015,0.0,0.0,0.0,0.0011,0.0023,0.0061,0.0104,0.0143,0.0192,0.0212,0.0243,0.0268,0.0279,0.0295,0.0321,0.0382,0.0392,0.0439,0.0505,0.0558,0.0628,0.0626,0.0671,0.0695,0.0723,0.0751
2023-07-22,-5.5189,148.1172,NO,,0.0162,0.0123,0.0105,0.0087,0.0081,0.0086,0.0105,0.0148,0.0149,0.0164,0.0171,0.0199,0.0227,0.0243,0.0285,0.0297,0.0313,0.0342,0.0363,0.0416,0.0457,0.0515,0.0536,0.0553,0.0565,0.0582,0.0598,0.0607,0.0645
2023-07-22,-5.5189,148.1172,O,0.0015,0.0019,0.0044,0.0085,0.0038,0.011,0.0099,0.0119,0.0139,0.0155,0.0175,0.0171,0.0149,0.0127,0.0104,0.0089,0.0083,0.0057,-0.001,-0.0071,-0.0095,-0.0123,-0.0154,-0.0187,-0.0187,-0.0187,-0.0187,-0.0187,-0.0187,-0.0097
2023-07-22,-5.5189,148.1172,S,0.0334,0.0376,0.0423,0.0514,0.0746,0.0727,0.0571,0.0038,0.0032,,,,,,,,,,,,,,,,,,,,,
2023-07-22,-5.5189,148.1172,SE,,0.0044,0.0079,0.0088,0.0141,0.0327,0.0298,-0.0036,0.0047,0.0163,0.003,0.0046,0.0129,0.0162,0.0132,0.0111,0.0113,0.0036,-0.0042,-0.0138,,,,,,,,,,
2023-07-22,-5.5189,148.1172,SO,,-0.047,-0.0405,-0.0338,-0.0175,0.0019,0.0179,0.0291,0.0227,0.0123,0.0049,-0.0066,-0.0126,-0.0167,-0.0218,-0.0307,-0.0372,-0.0429,-0.0472,-0.0519,,,,,,,,,,
2023-08-20,-5.5189,148.1172,E,,,,,,,,,,0.0037,0.0148,0.0148,0.0037,0.0037,0.0037,0.0037,0.0037,-0.0075,0.0037,-0.0075,-0.0075,-0.0187,-0.0301,,,,,,,
2023-08-20,-5.5189,148.1172,N,,,,0.0453,0.0396,0.034,0.0453,0.0564,0.0452,0.034,0.0396,0.0452,0.0564,0.0508,0.0564,0.0564,0.0508,0.0564,0.0785,0.0675,0.0508,0.0895,0.073,0.0675,0.0619,0.0564,0.0674,0.084,0.0895,0.1004
2023-08-20,-5.5189,148.1172,NE,,,,,,,0.0619,,0.0785,0.084,0.0895,0.0675,0.0895,0.0729,0.0563,0.0619,0.1004,0.084,0.0674,0.0895,0.0785,0.0785,0.084,0.0895,0.0895,0.084,0.0895,0.1004,0.0949,0.1004
2023-08-20,-5.5189,148.1172,NO,,,,,0.034,,,,,,,,,,,,,0.0228,0.0171,0.0114,0.0228,0.0341,0.0228,0.0228,0.0341,0.0228,0.0228,0.0228,0.0228,0.0341
2023-08-20,-5.5189,148.1172,O,,,,,,,,,,,,,,,0.0178,0.0056,0.0065,0.0065,0.0065,0.0065,-0.005,-0.005,0.0008,-0.0049,-0.005,-0.005,-0.0049,-0.0049,-0.0049,-0.0049
2023-08-20,-5.5189,148.1172,SE,,,,,,,,,,,,,,,,,,,0.0339,0.0339,,,,,,,,,,
2023-08-20,-5.5189,148.1172,SO,,,,,,,,,,,,,,,,,,0.0005,,,,,,,,,,,,
2023-10-18,-5.5189,148.1172,E,,0.0026,0.0086,0.002,0.0029,0.0086,0.0021,0.0058,0.0005,-0.0008,-0.0014,-0.0025,-0.0017,-0.0025,-0.003,-0.0032,-0.0032,-0.0031,-0.0023,-0.0023,-0.0025,-0.0019,-0.0019,-0.0014,0.0,-0.0002,-0.0006,-0.0012,-0.0026,-0.0011
2023-10-18,-5.5189,148.1172,N,0.011,0.0053,0.0033,0.0039,0.0057,0.0072,0.0073,0.0063,0.0047,0.0041,0.0054,0.0052,0.0046,0.003,0.0013,0.0,0.0,0.0,0.0,1e-04,0.0017,0.0026,0.0039,0.0044,0.0047,0.0051,0.0059,0.0052,0.0035,0.0012
2023-10-18,-5.5189,148.1172,NE,,0.0043,0.0033,0.0028,0.0037,0.0054,0.0046,0.0062,0.0056,0.0051,0.0055,0.0063,0.0053,0.0052,0.0044,0.0042,0.0043,0.0043,0.0041,0.0034,0.0027,0.0022,0.0012,0.0025,0.0024,0.0036,0.0019,0.0014,0.0012,0.0019
2023-10-18,-5.5189,148.1172,NO,,0.0074,0.0076,0.0098,0.0083,0.0077,0.007,0.0065,0.0067,0.0049,0.0046,0.0035,0.0032,0.003,0.0026,0.002,0.0022,0.0005,0.0009,0.0005,0.0005,0.0004,0.0004,0.001,0.0018,0.0018,0.004,0.0039,0.0043,0.0033
2023-10-18,-5.5189,148.1172,O,1e-04,0.0029,0.0083,0.0144,0.0062,0.014,0.0036,0.0033,-0.0015,0.0029,0.0069,0.0041,-0.0002,-0.0016,-0.0023,-0.0034,-0.0026,-0.0028,-0.001,-0.0011,-0.0039,-0.0057,-0.0064,-0.0062,-0.0057,-0.0053,-0.0058,-0.0067,-0.0064,-0.0093
2023-10-18,-5.5189,148.1172,S,-0.0757,-0.0523,-0.0179,0.0151,0.039,0.0524,0.0352,0.0003,0.0063,,,,,,,,,,,,,,,,,,,,,
2023-10-18,-5.5189,148.1172,SE,,-0.038,-0.0138,0.0019,0.016,0.0265,0.0092,-0.0319,0.0093,0.0374,0.0253,0.0239,0.0236,0.0166,0.0149,0.0343,0.0476,0.0365,0.0144,-0.0206,,,,,,,,,,
2023-10-18,-5.5189,148.1172,SO,,-0.0792,-0.0682,-0.0454,-0.0215,0.0326,0.0635,0.0471,0.0422,0.0181,0.0215,0.0055,0.0077,-0.0019,-0.0184,-0.021,-0.024,-0.0236,-0.0212,-0.0215,,,,,,,,,,
2023-12-05,-5.5189,148.1172,E,,0.0091,0.0141,0.0075,0.0073,0.0124,0.005,0.0036,0.0023,0.0013,0.0024,0.0019,0.0046,0.0032,0.0031,0.0018,0.0008,0.0003,0.0003,0.0,-0.001,-0.0012,-0.0021,-0.0029,-0.0035,-0.0033,-0.0037,-0.004,-0.0031,-0.0021
2023-12-05,-5.5189,148.1172,N,0.0126,0.0088,0.0065,0.005,0.0044,0.0047,0.0049,0.0046,0.0026,0.0002,0.0,0.0,0.0008,0.0021,0.0037,0.005,0.006,0.0065,0.0068,0.006,0.0043,0.0042,0.0045,0.0042,0.0042,0.0039,0.0034,0.0032,0.0029,0.0026
2023-12-05,-5.5189,148.1172,NE,,0.0089,0.0074,0.0066,0.0066,0.0063,0.0055,0.0036,0.0028,0.0024,0.0022,0.0023,0.0021,0.002,0.0017,0.0023,0.0024,0.0034,0.0032,0.0037,0.0036,0.0043,0.0036,0.0043,0.0037,0.004,0.0038,0.0038,0.0031,0.002
2023-12-05,-5.5189,148.1172,NO,,0.0084,0.0061,0.006,0.0046,0.0052,0.0054,0.0054,0.0046,0.0036,0.0025,0.0015,0.0018,0.0022,0.0024,0.0028,0.0037,0.006,0.0068,0.0068,0.0063,0.0063,0.0061,0.0059,0.0059,0.0053,0.0051,0.0047,0.0041,0.0048
2023-12-05,-5.5189,148.1172,O,1e-04,0.0004,0.0075,0.0157,0.0048,0.0141,0.0101,0.0113,1e-04,0.0082,0.0113,0.0043,0.0004,-0.0017,-0.0009,-0.0037,-0.0023,-0.0066,-0.0067,-0.0069,-0.0074,-0.0071,-0.0082,-0.0101,-0.0107,-0.0116,-0.0103,-0.0091,-0.0096,-0.0109
2023-12-05,-5.5189,148.1172,S,0.0129,0.0316,0.053,0.0918,0.1474,0.1499,0.1048,0.0087,0.005,,,,,,,,,,,,,,,,,,,,,
2023-12-05,-5.5189,148.1172,SE,,-0.026,-0.0105,-0.0017,0.0151,0.0479,0.0332,-0.0252,0.0059,0.0427,0.0168,0.0365,0.0558,0.0383,0.0323,0.0271,0.0215,0.014,0.004,-0.03,,,,,,,,,,
2023-12-05,-5.5189,148.1172,SO,,-0.1156,-0.1005,-0.0813,-0.0562,-0.0104,0.0242,0.046,0.0417,0.0219,0.0224,0.0033,-0.0021,-0.0093,-0.0213,-0.0246,-0.0276,-0.0296,-0.0352,-0.0357,,,,,,,,,,
2024-03-26,-5.5189,148.1172,N,,,,,,,,,0.0,,,,,,,,,,,,,,,,,,0.0631,,0.1009,0.0659
2024-03-26,-5.5189,148.1172,NE,,,,,,,,,,0.0687,,,,0.0771,0.0712,0.0604,,0.0716,,,,,,,,,,,,
2024-03-26,-5.5189,148.1172,NO,,,,,,,,,,,,,,,,,,0.0153,0.0,0.0778,0.0669,0.0523,0.0615,,,,0.0202,0.0192,,0.0137
2024-04-19,-5.5189,148.1172,E,,-0.001,0.0016,-1e-04,1e-04,0.0023,1e-04,0.001,-1e-04,-0.0005,0.0004,0.0026,0.0034,0.0034,0.0022,0.0019,0.0012,0.0002,0.0013,0.0003,-0.0006,-0.0019,-0.0025,-0.0022,-0.0016,-0.0017,-0.0014,-0.001,-0.0012,-0.0003
2024-04-19,-5.5189,148.1172,N,0.012,0.0112,0.0112,0.0118,0.0132,0.0152,0.0165,0.0166,0.0153,0.0131,0.0134,0.0142,0.015,0.016,0.0164,0.0162,0.0164,0.0171,0.0174,0.0166,0.0154,0.0165,0.0175,0.0184,0.0187,0.0181,0.0182,0.0169,0.0163,0.0172
2024-04-19,-5.5189,148.1172,NE,,0.0115,0.0115,0.0116,0.0122,0.0128,0.0143,0.0158,0.0173,0.0181,0.0195,0.0198,0.0192,0.0183,0.0173,0.0166,0.0164,0.0171,0.018,0.0193,0.0199,0.0187,0.0188,0.0173,0.0164,0.0151,0.0151,0.0148,0.0134,0.0128
2024-04-19,-5.5189,148.1172,NO,,0.0105,0.0099,0.0089,0.0107,0.0109,0.0122,0.0115,0.0114,0.0142,0.0143,0.0155,0.0151,0.0124,0.0102,0.0084,0.0045,0.0094,0.0069,0.0094,0.0097,0.0089,0.0093,0.0092,0.0089,0.0094,0.0095,0.0099,0.0103,0.0107
2024-04-19,-5.5189,148.1172,O,0.0062,0.002,0.0081,0.0097,0.0086,0.0147,0.0126,0.0115,0.0062,0.0068,0.0064,0.005,0.0033,0.0008,-0.0008,-0.0022,-0.0016,-0.0025,-0.0006,0.0008,-0.0034,-0.0043,-0.0053,-0.0053,-0.0053,-0.0053,-0.0053,-0.0053,-0.0053,-0.0053
2024-04-19,-5.5189,148.1172,S,-0.0205,-0.0111,0.0015,0.0138,0.0324,0.0402,0.0316,0.0064,0.0005,,,,,,,,,,,,,,,,,,,,,
2024-04-19,-5.5189,148.1172,SE,,-0.0304,-0.0216,-0.0164,-0.0122,0.0014,0.007,-0.0114,0.0047,0.016,0.0094,0.0034,0.0085,0.0143,0.0229,0.0309,0.0265,0.0122,-0.0005,-0.0162,,,,,,,,,,
2024-04-19,-5.5189,148.1172,SO,,-0.0788,-0.0691,-0.0605,-0.0366,-0.0067,0.0139,0.0212,0.0175,0.0067,0.0047,-0.0093,-0.0102,-0.0131,-0.02,-0.0238,-0.026,-0.0295,-0.0313,-0.0335,,,,,,,,,,
2024-09-10,-5.5189,148.1172,E,,-0.0056,-0.0018,-0.0002,0.0007,1e-04,-0.0019,-0.0027,-0.0025,-0.0025,-0.0022,-0.0019,-0.002,-0.0018,-0.0018,-0.002,-0.0018,-0.0017,-0.0019,-0.0012,-0.0008,-0.0003,-1e-04,0.0005,0.0014,0.0021,0.0025,0.0029,0.0041,0.0055
2024-09-10,-5.5189,148.1172,N,0.0011,0.0013,0.0019,0.0027,0.0036,0.0048,0.0063,0.0071,0.0095,0.0105,0.0122,0.013,0.014,0.0159,0.0167,0.0163,0.0165,0.0172,0.0176,0.0188,0.0193,0.0199,0.0202,0.021,0.021,0.0206,0.0203,0.0203,0.0201,0.0197
2024-09-10,-5.5189,148.1172,NE,,0.0023,0.0037,0.0046,0.0058,0.0065,0.0067,0.0074,0.0082,0.0081,0.0083,0.0087,0.0092,0.0112,0.0132,0.0156,0.0159,0.0165,0.017,0.0183,0.0186,0.0185,0.02,0.0203,0.0206,0.0205,0.0203,0.0212,0.0201,0.0205
2024-09-10,-5.5189,148.1172,NO,,0.0017,0.0024,0.0028,0.003,0.0033,0.004,0.004,0.0041,0.0053,0.0057,0.0057,0.007,0.0091,0.0113,0.0124,0.0123,0.0138,0.0136,0.0145,0.0141,0.0144,0.0138,0.0124,0.0113,0.0122,0.0116,0.0111,0.0098,0.0094
2024-09-10,-5.5189,148.1172,O,-0.0016,-1e-04,0.0024,0.0052,0.0018,0.0057,0.0044,0.0056,0.0042,0.0067,0.0065,0.0034,0.0022,0.0007,1e-04,-0.0002,0.0002,0.0005,-0.0011,-0.0023,-0.0034,-0.0034,-0.0034,-0.0034,-0.0034,-0.0034,-0.0034,-0.0034,-0.0034,-0.0034
2024-09-10,-5.5189,148.1172,S,-0.008,-0.0015,0.0063,0.0175,0.0429,0.0469,0.0358,-0.0,0.0086,,,,,,,,,,,,,,,,,,,,,
2024-09-10,-5.5189,148.1172,SE,,-0.013,-0.0075,-0.0039,0.0032,0.0148,0.0112,-0.0102,0.0032,0.0216,0.0112,0.0183,0.0251,0.0217,0.012,0.0052,0.0006,-0.0036,-0.0093,-0.022,,,,,,,,,,
2024-09-10,-5.5189,148.1172,SO,,-0.0473,-0.0411,-0.034,-0.0201,0.0014,0.0168,0.0279,0.0188,0.0089,0.0089,-0.0008,-0.0011,-0.004,-0.009,-0.0117,-0.0138,-0.0166,-0.0217,-0.0249,,,,,,,,,,
2024-12-07,-5.5189,148.1172,E,,-0.001,0.0014,-0.0011,-0.0012,0.003,-0.0019,-0.0008,-0.0027,-0.0019,-0.0004,-0.0003,0.0002,1e-04,-0.0005,0.0005,0.0016,0.0014,0.001,-0.001,-0.0011,-0.0011,-0.0015,-0.0023,-0.0024,-0.0012,-0.0,1e-04,1e-04,-0.001
2024-12-07,-5.5189,148.1172,N,0.0049,0.001,0.0,0.001,0.0028,0.0039,0.0035,0.0018,0.0006,0.0,0.0,0.0,0.0,0.0011,0.003,0.0042,0.0047,0.0045,0.0032,0.0028,0.0026,0.0019,0.0023,0.0026,0.0037,0.0043,0.0047,0.0045,0.0046,0.0042
2024-12-07,-5.5189,148.1172,NE,,0.0014,0.0007,0.0,0.0004,0.0011,0.0054,0.004,0.0044,0.0038,0.0044,0.0039,0.0044,0.0035,0.0034,0.0037,0.0034,0.0027,0.0031,0.0013,0.0016,0.0022,0.0009,0.0005,0.0004,0.0016,0.001,0.0015,0.0024,0.0027
2024-12-07,-5.5189,148.1172,NO,,0.0005,0.0,0.0005,0.0012,0.0016,0.0018,0.002,0.0019,1e-04,0.0008,0.0005,0.0026,0.0028,0.0027,0.0038,0.0023,0.0043,0.0033,0.0031,0.0031,0.0028,0.0029,0.0033,0.0033,0.0037,0.0036,0.0039,0.0042,0.0046
2024-12-07,-5.5189,148.1172,O,-0.0014,-0.0013,0.0032,0.0089,0.0034,0.0093,0.0045,0.0054,0.0033,0.0026,0.0059,0.0034,0.002,0.0011,1e-04,-0.0006,-0.0005,-0.0013,-0.0024,-0.0018,-0.0024,-0.0034,-0.0036,-0.0046,-0.0055,-0.0059,-0.0061,-0.0062,-0.0063,-0.0061
2024-12-07,-5.5189,148.1172,S,-0.016,-0.0051,0.0204,0.0466,0.0599,0.0548,0.0292,-0.0003,0.0039,,,,,,,,,,,,,,,,,,,,,
2024-12-07,-5.5189,148.1172,SE,,-0.026,-0.014,-0.0028,0.0069,0.0137,0.0027,-0.0117,0.0066,0.0233,0.0168,0.015,0.0143,0.0051,0.0031,0.0039,0.0124,0.0153,0.0116,-0.0097,,,,,,,,,,
2024-12-07,-5.5189,148.1172,SO,,-0.039,-0.0328,-0.0188,-0.0086,0.0169,0.0362,0.0288,0.0226,0.0125,0.0115,0.0035,-0.0011,-0.007,-0.0142,-0.0197,-0.0203,-0.0197,-0.0198,-0.0127,,,,,,,,,,
2024-12-31,-5.5189,148.1172,E,,0.0041,0.008,0.0047,0.0049,0.0066,0.0043,0.004,0.0009,-0.0004,-0.0008,0.0002,0.0015,0.0005,-0.0005,-0.0006,-0.0002,0.0011,0.0024,0.0028,0.0021,-0.0,-0.0015,-0.0021,-0.0022,-0.0023,-0.0018,-0.001,0.0005,-0.0011
2024-12-31,-5.5189,148.1172,N,0.0075,0.0026,0.0025,0.0035,0.0041,0.0036,0.0025,0.0017,0.0013,0.0012,0.0015,0.0015,0.0015,0.0028,0.0034,0.004,0.0034,0.0021,0.0018,0.0021,0.003,0.0042,0.0053,0.0048,0.0031,0.0023,0.0019,0.0018,0.002,0.0019
2024-12-31,-5.5189,148.1172,NE,,0.0028,0.003,0.0028,0.0031,0.0038,0.0028,0.0028,0.0018,0.0016,0.0011,0.0017,0.0015,0.0,0.0,0.0,0.0,0.0,0.0002,0.0029,0.0031,0.0018,0.0033,0.003,0.0022,0.0015,0.0,0.0,0.0,0.0
2024-12-31,-5.5189,148.1172,NO,,0.0037,0.0057,0.007,0.0055,0.0051,0.0051,0.0058,0.0062,0.0063,0.0064,0.0058,0.0066,0.0067,0.007,0.0064,0.0056,0.0065,0.0059,0.0051,0.0049,0.0049,0.0039,0.0043,0.0036,0.0036,0.003,0.0026,0.0034,0.002
2024-12-31,-5.5189,148.1172,O,-0.0036,-0.0015,0.0043,0.0093,0.0036,0.0083,0.0033,0.0043,0.0026,0.0053,0.007,0.0061,0.0047,0.0009,-0.0023,-0.0058,-0.0034,-0.0052,-0.0035,-0.0015,-0.0019,-0.0023,-0.0046,-0.0048,-0.0049,-0.0053,-0.0053,-0.0051,-0.0061,-0.0056
2024-12-31,-5.5189,148.1172,S,0.0115,0.0223,0.0396,0.0677,0.0948,0.0922,0.059,-0.004,0.004,,,,,,,,,,,,,,,,,,,,,
2024-12-31,-5.5189,148.1172,SE,,-0.0151,-0.0061,0.0047,0.0198,0.0356,0.0173,-0.0112,-0.0046,0.0136,0.0124,0.0221,0.0337,0.0238,0.0056,0.0074,0.0042,-0.0027,-0.0093,-0.0187,,,,,,,,,,
2024-12-31,-5.5189,148.1172,SO,,-0.0596,-0.0534,-0.046,-0.0328,-0.0081,0.0148,0.0273,0.0192,0.012,0.0072,-0.0029,-0.0123,-0.0177,-0.0235,-0.022,-0.0198,-0.0184,-0.017,-0.016,,,,,,,,,,
2025-03-21,-5.5189,148.1172,E,,0.0575,0.0579,0.057,0.0552,0.0536,0.0504,0.0445,0.0339,0.0251,0.0208,0.0344,0.0093,0.0256,0.0243,0.0157,0.0267,0.0149,,0.0008,,0.0,0.0,0.0,0.0,,0.0,0.0,0.0,0.0
2025-03-21,-5.5189,148.1172,N,0.0554,0.0534,0.0514,0.0487,0.0461,0.0454,0.0474,0.049,0.0515,0.0521,0.0514,0.0511,0.0513,0.0499,0.0495,0.0486,0.0482,0.0484,0.0493,0.0497,0.0493,0.0488,0.0509,0.0522,0.0519,0.0506,0.0511,0.0527,0.0541,0.0541
2025-03-21,-5.5189,148.1172,NE,,0.057,0.0574,0.0586,0.0566,0.0528,0.0496,0.0474,0.0448,0.0459,0.0434,0.046,0.0476,0.0509,0.0509,0.0507,0.0503,0.0496,0.0496,0.0495,0.0499,0.0488,0.0509,0.0507,0.0515,0.0519,0.0525,0.0524,0.0508,0.0487
2025-03-21,-5.5189,148.1172,NO,,0.0478,0.0387,0.0288,0.0119,0.0037,0.01,0.0064,0.016,0.0234,0.0236,0.0209,0.0154,0.0071,0.0,0.0,0.0,0.0,0.0,0.0,0.0,0.0,0.0,0.0,0.0,0.0,0.0,0.0,0.0,0.0077
2025-03-21,-5.5189,148.1172,O,-0.0057,-0.0127,-0.0127,-0.0108,-0.022,-0.002,-0.0011,0.0047,0.0012,0.0045,,,,,,,,,,,,,,,,,,,,
2025-03-21,-5.5189,148.1172,S,0.0055,0.0088,0.0199,0.0358,0.0489,0.045,0.0257,-0.0015,-1e-04,,,,,,,,,,,,,,,,,,,,,
2025-03-21,-5.5189,148.1172,SE,,0.0246,0.0274,0.0347,0.0451,0.0518,0.0352,0.0157,0.0043,0.0051,-0.0105,-0.024,,,,,,,,,,,,,,,,,,
2025-03-21,-5.5189,148.1172,SO,,-0.0314,-0.0307,-0.0255,-0.0184,-0.0044,0.007,0.0153,0.0057,-0.0048,-0.0056,-0.0152,,,,,,,,,,,,,,,,,,
2025-07-19,-5.5189,148.1172,E,,0.0052,0.0087,0.008,0.0075,0.0075,0.0022,0.0024,-0.0018,0.0015,0.0028,0.0006,0.0017,-0.0005,-0.0005,-0.0003,0.0003,-0.0004,-0.0017,-0.002,-0.0007,-0.0009,-0.0013,-0.0012,-0.0014,-0.0014,-0.0011,-0.0019,-0.0028,-0.0025
2025-07-19,-5.5189,148.1172,N,0.0085,0.0069,0.0071,0.0074,0.007,0.0059,0.0047,0.0047,0.0048,0.005,0.0046,0.0052,0.0054,0.0051,0.005,0.0047,0.0042,0.0035,0.0031,0.0025,0.0028,0.002,0.0037,0.0043,0.005,0.0055,0.0048,0.0043,0.0029,0.0015
2025-07-19,-5.5189,148.1172,NE,,0.0069,0.007,0.0057,0.0034,0.0027,0.002,0.0033,0.0032,0.0028,0.0032,0.0023,0.0027,0.0017,0.0009,0.0008,0.0004,0.0006,0.0013,0.0016,0.0011,0.0011,0.0017,0.0015,0.0014,0.0003,0.0005,0.0009,0.0007,0.0007
2025-07-19,-5.5189,148.1172,NO,,0.0074,0.0083,0.0084,0.008,0.0078,0.0077,0.0077,0.0073,0.0066,0.0064,0.0063,0.0076,0.0068,0.0082,0.0081,0.0073,0.0084,0.0069,0.0053,0.0053,0.0048,0.0052,0.0051,0.0055,0.0055,0.0053,0.0056,0.0063,0.0064
2025-07-19,-5.5189,148.1172,O,0.0005,0.0011,0.0045,0.0084,0.0053,0.0093,0.0079,0.0084,0.0082,0.0073,0.0069,0.0048,0.003,0.0015,0.0014,0.0,0.0004,-0.0023,-0.0032,-0.003,-0.003,-0.0025,-0.0022,-0.0031,-0.0024,-0.0041,-0.0037,-0.0031,-0.0044,-0.003
2025-07-19,-5.5189,148.1172,S,0.0033,0.0106,0.0192,0.0325,0.0571,0.0573,0.04,0.0004,0.0034,,,,,,,,,,,,,,,,,,,,,
2025-07-19,-5.5189,148.1172,SE,,-0.0279,-0.0217,-0.0164,-0.0013,0.0125,0.0074,-0.0032,-0.005,0.0075,0.0031,0.0068,0.0166,0.0162,0.0071,0.012,0.0128,0.0081,0.0018,-0.0117,,,,,,,,,,
2025-07-19,-5.5189,148.1172,SO,,-0.043,-0.0359,-0.028,-0.0069,0.0092,0.022,0.0315,0.0202,0.0087,-0.0021,-0.0111,-0.016,-0.0182,-0.0217,-0.0213,-0.0228,-0.0258,-0.0281,-0.0294,,,,,,,,,,
2025-08-04,-5.5189,148.1172,E,,0.0007,0.0027,0.0007,0.0013,0.005,0.0024,0.0048,0.0016,0.0007,0.0015,-0.0002,0.0011,-0.0005,-0.0008,-0.0009,-0.0013,-0.0011,0.0002,0.0003,-0.0008,-0.0019,-0.0029,-0.003,-0.0025,-0.002,-0.0019,-0.0018,-0.0014,-0.002
2025-08-04,-5.5189,148.1172,N,0.0059,0.004,0.0029,0.0022,0.0017,0.0015,0.0014,0.0008,0.0006,0.001,0.001,0.0019,0.0029,0.003,0.003,0.0026,0.0023,0.0022,0.0028,0.0032,0.0032,0.0023,0.0006,0.0002,0.0,0.0,0.0,0.0002,0.0016,0.0026
2025-08-04,-5.5189,148.1172,NE,,0.0038,0.0033,0.0027,0.0028,0.0029,0.0019,0.0016,0.0012,0.0026,0.0035,0.003,0.0028,0.0021,0.0016,0.0013,0.0019,0.0026,0.0032,0.0031,0.0033,0.004,0.0033,0.003,0.0031,0.0029,0.0028,0.0026,0.0027,0.0024
2025-08-04,-5.5189,148.1172,NO,,0.0044,0.0033,0.004,0.0027,0.003,0.0024,0.0024,0.0018,0.001,0.0007,0.0003,0.0008,0.001,0.0014,0.001,0.0011,1e-04,0.0012,0.0018,0.0033,0.0029,0.002,0.0025,0.0031,0.0023,0.0016,0.001,0.0002,0.0
2025-08-04,-5.5189,148.1172,O,0.0022,0.0037,0.0067,0.0109,0.0078,0.014,0.0086,0.0061,0.0023,0.0,0.001,0.0007,0.0013,-1e-04,-0.0007,-0.0017,-0.0021,-0.002,-0.0013,-0.001,-0.0014,-0.0023,-0.0028,-0.003,-0.0029,-0.0036,-0.0036,-0.0035,-0.0036,-0.0038
2025-08-04,-5.5189,148.1172,S,-0.054,-0.0424,-0.0208,1e-04,0.0111,0.0184,0.0108,-0.0021,-0.0003,,,,,,,,,,,,,,,,,,,,,
2025-08-04,-5.5189,148.1172,SE,,-0.0368,-0.0226,-0.0111,-0.0018,0.0046,0.0003,-0.0157,0.0057,0.0253,0.0175,0.0124,0.0112,0.0031,0.003,0.0098,0.0183,0.015,0.0056,-0.0085,,,,,,,,,,
2025-08-04,-5.5189,148.1172,SO,,-0.0395,-0.0323,-0.0181,-0.0036,0.0303,0.0414,0.0275,0.0286,0.0128,0.0084,-0.0066,-0.0067,-0.0107,-0.0149,-0.0176,-0.0198,-0.0217,-0.0227,-0.0238,,,,,,,,,,
