date,center_lat,center_long,direction,15m,45m,75m,105m,135m,165m,195m,225m,255m,285m,315m,345m,375m,405m,435m,465m,495m,525m,555m,585m,615m,645m,675m,705m,735m,765m,795m,825m,855m,885m
2000-01-10,-39.2819,175.5632,E,,,0.2355,0.2146,,,,0.1271,0.0802,,,,,,,,,,,,,,,,,,,,,
2000-01-10,-39.2819,175.5632,N,,,,,,,,,,-0.0581,-0.04,0.0003,-0.0388,-0.0172,0.0153,0.0082,0.0032,0.0013,0.0348,0.0217,0.0121,0.0087,-0.0017,0.0215,-0.0004,0.0125,0.0158,0.0101,0.003,0.007
2000-01-10,-39.2819,175.5632,NE,,,,,,,,,,,-0.0605,-0.0757,-0.0033,,,0.0041,-0.0276,0.0212,0.0046,0.0519,0.0466,0.0349,-0.0065,-0.002,-0.0532,,,,,
2000-01-10,-39.2819,175.5632,NO,,0.1136,0.1186,0.0951,0.0814,0.06,0.0313,0.0203,-0.0013,0.0029,0.0054,0.0024,0.0327,0.0245,-0.0004,-0.0253,-0.0007,0.001,-0.0107,-0.0158,-0.0136,-0.0075,-0.0069,-0.0054,-0.0179,-0.0012,0.0322,0.0283,0.0188,0.0196
2000-01-10,-39.2819,175.5632,O,,0.1648,0.141,0.1128,0.0944,0.08,0.037,0.0099,-0.0069,-0.0156,,,,,,,,,,,,,-0.0167,0.0147,0.001,0.0157,-0.0045,-0.0434,,
2000-01-10,-39.2819,175.5632,S,0.1959,0.0805,0.1035,,,,,,,,,,,,,,,,,,,,,,,,,,,0.0
2000-01-10,-39.2819,175.5632,SE,,0.0658,,,,,0.0334,0.0237,-0.0231,,,,,,,,,,,,,,,-0.0062,,,,,0.0003,0.0053
2000-01-10,-39.2819,175.5632,SO,,0.1436,,0.0687,0.068,,,0.0192,,,,,,,,,,-0.0084,-0.0046,0.0035,0.0119,-0.0005,-0.0003,-0.0015,-0.0013,-0.0002,-0.0017,-0.0009,0.0023,0.002
2000-01-19,-39.2821,175.5636,E,,,,,,,,,,0.0365,-0.0056,-0.0618,,,,,,,,,,,,,,,-0.0,,-0.0,
2000-01-19,-39.2821,175.5636,N,,,,,,,,,-0.0574,-0.0204,-0.0132,-0.0438,-0.0261,0.019,0.0251,0.0308,0.068,0.0489,0.0416,0.0141,-0.0155,-0.0216,-0.0325,-0.0227,-0.0076,0.0069,0.0166,0.0095,0.0077,0.017
2000-01-19,-39.2821,175.5636,NE,,,,,,,,,,-0.0575,-0.1122,-0.0977,,,0.0981,0.0138,-0.0421,0.0058,0.0559,0.0739,0.0326,0.0084,0.0127,-0.0302,-0.0014,,,,,
2000-01-19,-39.2821,175.5636,NO,0.1214,0.1134,0.0767,0.0635,0.0572,0.0345,0.0246,0.0003,-0.0128,0.0142,0.004,0.031,0.0096,-0.0343,-0.025,-0.0268,-0.0226,-0.013,-0.0023,0.0086,0.0088,0.0081,-0.0073,0.0064,0.0078,0.0288,0.0255,0.0313,0.0277,0.0612
2000-01-19,-39.2821,175.5636,O,,0.2136,0.185,0.1579,0.1305,0.0896,0.0473,0.0226,-0.0297,-0.0345,,,,,,,,,,-0.0377,-0.0374,-0.0015,0.0177,0.0261,0.0011,0.0042,-0.0452,-0.0483,,
2000-01-19,-39.2821,175.5636,S,,0.2117,0.1489,0.1273,,,,,,,,,,,,0.0,,,,,,,,,,,,,,
2000-01-19,-39.2821,175.5636,SE,,0.2619,0.2415,0.1746,0.179,0.198,0.2231,0.1597,0.1368,0.0851,0.0424,,,,,,,,,,,,,,,,,,,
2000-01-19,-39.2821,175.5636,SO,,0.165,0.1171,0.0871,0.0686,0.0237,0.0181,0.0068,,,,,,,,,,-0.0496,-0.0016,0.0122,0.0003,-0.0034,-0.0031,-0.0074,0.0007,-0.0055,-0.0036,-0.0061,0.0119,0.0143
2000-02-04,-39.2808,175.5626,E,,0.0845,0.0956,0.049,,,,,,,,,,,,,,,,,0.0062,-0.0002,-0.0086,0.0146,0.0138,0.0008,0.0026,-0.0559,,
2000-02-04,-39.2808,175.5626,N,,,,,,,,,,,,-0.1201,-0.0536,-0.0117,-0.0284,-0.0142,0.0312,0.0038,0.0163,0.0053,0.0217,0.0211,-0.0096,-0.0133,-0.0023,-0.0009,0.0069,0.0109,0.0209,0.0314
2000-02-04,-39.2808,175.5626,NE,,,,,,,,,,,,,,,-0.0143,,0.0187,-0.0008,-0.0243,,,,,,,,,,,
2000-02-04,-39.2808,175.5626,NO,,,,,,,,0.0931,0.0731,0.0449,0.0158,0.0299,-0.0037,-0.0169,-0.0087,-0.0059,0.0234,0.0238,0.0089,-0.0237,-0.0139,-0.0162,-0.0042,0.0018,-0.0079,0.004,0.0103,0.0107,0.0123,0.006
2000-02-04,-39.2808,175.5626,O,,0.1343,0.1182,0.106,0.0854,0.0566,0.069,0.0397,0.044,0.0268,0.0071,-0.024,0.0059,-0.0274,-0.0092,-0.0494,-0.0936,,,,,,,,-0.066,-0.0217,-0.0138,0.0034,0.0141,-0.0143
2000-02-04,-39.2808,175.5626,S,,0.1793,0.133,,,,,,,,,,,,0.0,0.0,,,,0.0,,,,0.0,0.0,0.0,,,,
2000-02-04,-39.2808,175.5626,SE,0.1874,0.1874,0.1381,,,,,,,,,,,,,,,,,,,,,,,,,,,
2000-02-04,-39.2808,175.5626,SO,0.1588,0.057,,,,,,,,,,,,,,-0.0057,-0.0095,,,,0.0197,0.0197,0.0077,0.0031,-0.0002,-0.0012,0.0066,0.0054,0.001,-0.0061
2000-02-20,-39.2819,175.5632,E,,,,,,,,0.0272,-0.0231,-0.0787,,,,,-0.1086,-0.0985,,,,,-0.0688,-0.0733,-0.0503,-0.023,-0.0075,0.0061,0.02,0.0089,-0.0042,-0.0213
2000-02-20,-39.2819,175.5632,N,,,,,,,,,,-0.0363,-0.0349,-0.0169,-0.0431,-0.0392,-0.0122,-0.0099,0.0061,0.019,0.0312,0.027,0.0038,0.0164,0.0138,0.0105,0.018,0.0171,0.0141,0.0131,0.0031,-0.0069
2000-02-20,-39.2819,175.5632,NE,,,,,,,,,,,,,,,,,,,,-0.0607,-0.0359,0.0054,0.0123,-0.0094,0.0246,0.0208,0.043,-0.002,-0.0131,-0.0022
2000-02-20,-39.2819,175.5632,NO,,,0.0686,0.0526,0.0425,0.0248,0.0015,-0.009,-0.0238,-0.0125,-0.0155,-0.0029,0.0134,0.0024,-0.0122,-0.0197,-0.0074,-0.0055,0.004,-0.0017,0.0014,0.0128,0.0057,0.0113,0.0074,0.0106,0.0107,0.0115,0.0112,0.0052
2000-02-20,-39.2819,175.5632,O,,0.1283,0.0999,0.0752,0.067,0.0545,0.0319,0.0013,-0.0152,-0.0307,-0.0123,0.0051,0.0146,0.0014,-0.0271,-0.0302,-0.043,-0.0171,-0.0145,-0.0,0.0181,0.0378,0.0413,0.0423,0.0333,0.0151,0.0092,-0.0216,-0.0546,-0.0893
2000-02-20,-39.2819,175.5632,S,0.1317,0.0909,0.1012,0.0414,-0.0005,-0.0205,,-0.0299,0.0219,0.0296,0.0441,0.005,-0.0062,-0.0077,0.0007,-0.0037,-0.0082,-0.0082,-0.0102,-0.0132,-0.001,-0.0032,-0.0161,-0.0092,0.0012,0.0053,0.0085,0.0046,0.0061,0.01
2000-02-20,-39.2819,175.5632,SE,,0.1505,0.1287,0.1327,0.1112,0.1386,0.074,0.0009,0.0183,0.0059,-0.0323,-0.0238,-0.0071,-0.0156,-0.0244,-0.0327,0.0066,-0.0125,,,,-0.0905,-0.0624,-0.0188,0.002,0.0055,0.0174,0.0197,0.0142,0.0474
2000-02-20,-39.2819,175.5632,SO,,0.0832,0.0666,0.0499,0.0349,0.0267,0.0373,0.0182,0.015,-0.0415,-0.0757,,-0.0768,-0.0847,,,0.0157,0.0097,0.018,0.0256,0.0078,-0.0087,0.0003,0.0009,0.0005,0.0013,0.0043,0.0038,0.0052,0.0097
2000-03-30,-39.2819,175.5632,E,,,,,,,,,0.0422,-0.0079,,,,,,,,,,,,,,,-0.0295,-0.0259,0.0129,0.0099,0.0065,-0.0053
2000-03-30,-39.2819,175.5632,N,,,,,,,,,,0.0331,-0.0246,-0.0078,-0.0121,-0.0072,0.0024,-0.0024,0.0004,0.0031,0.0086,0.0017,0.0046,0.0067,0.0023,0.0039,0.0028,0.0032,0.0053,-0.0032,-0.0072,-0.0159
2000-03-30,-39.2819,175.5632,NE,,,,,,,,,,,,,,,,,-0.0218,-0.0216,-0.01,0.012,0.0135,0.0136,0.0167,0.0204,-0.0019,0.0084,-0.0052,-0.0038,-0.0105,-0.0175
2000-03-30,-39.2819,175.5632,NO,,,0.1298,0.1128,0.1241,0.1,0.0495,0.0417,0.0315,0.0231,0.0023,0.0039,0.0159,0.0081,-0.0239,-0.0381,-0.0281,-0.026,-0.0154,-0.0125,-0.0059,0.0014,0.0057,0.0089,0.0048,0.0149,0.0152,0.0095,0.0029,0.0016
2000-03-30,-39.2819,175.5632,O,,0.1617,0.1237,0.0965,0.0768,0.0675,0.0566,0.0418,0.0125,-0.0145,-0.0271,-0.0358,-0.027,-0.0246,-0.0187,-0.0202,-0.0236,-0.0327,-0.0204,0.014,0.0256,0.0295,0.0424,0.02,0.0216,0.0209,0.0021,-0.0423,-0.0793,
2000-03-30,-39.2819,175.5632,S,0.1506,,,0.0694,0.0166,-0.0037,-0.0129,-0.0221,0.0047,0.0058,0.0159,0.014,0.0087,-0.0074,-0.0031,0.0102,0.01,0.0059,-0.0025,-0.0018,0.0003,-0.0012,-0.0024,-0.0059,-0.0032,0.0004,0.0009,0.0015,0.0029,0.0051
2000-03-30,-39.2819,175.5632,SE,,0.099,,,,,,-0.0016,0.0152,,,,,,,,,,,,,,,,,,,-0.0192,0.0015,0.0023
2000-03-30,-39.2819,175.5632,SO,,0.1176,0.0864,0.0704,0.0511,0.0387,0.0242,0.0269,0.005,-0.0027,-0.0069,0.0168,0.0004,0.0251,0.017,0.0031,-0.0043,-0.0034,0.0013,0.0037,-0.0106,-0.0105,0.0011,0.0005,0.0047,0.0062,0.0026,0.0014,0.0049,0.0092
2000-04-15,-39.283,175.5646,E,,,,,,,,,,,,,,,-0.0366,-0.0086,0.0206,-0.0097,0.0154,0.0364,0.0071,,,,,,,0.015,-0.0038,-0.0149
2000-04-15,-39.283,175.5646,N,,,,,,,,,,,,,,,,,,,,,0.0053,0.0057,-0.0033,-0.0002,-0.0022,0.005,0.007,0.0107,0.009,0.0098
2000-04-15,-39.283,175.5646,NE,,,,,,,,,,,,,,,,,,-0.0299,-0.0012,0.0127,,0.0054,0.0089,0.0427,0.0245,0.0178,-0.0025,-0.0286,-0.0206,-0.0106
2000-04-15,-39.283,175.5646,NO,,,0.0248,0.0321,0.0335,0.0395,0.0342,,-0.0214,-0.0323,-0.0334,-0.0246,-0.0034,0.0095,0.0063,0.01,0.0093,0.0022,0.0094,0.0053,0.005,-0.0023,0.0039,0.0119,-0.0156,0.006,-0.004,0.0115,0.0053,0.0106
2000-04-15,-39.283,175.5646,O,,0.0918,0.0567,0.0336,0.0291,0.034,0.0331,0.0165,-0.0227,-0.0381,-0.0209,-0.0324,-0.0314,-0.03,-0.0207,0.0209,0.0364,0.0347,0.0216,0.0353,0.0062,0.0006,-0.008,-0.0212,-0.0697,-0.0863,,,-0.0623,-0.0796
2000-04-15,-39.283,175.5646,S,,,,0.048,0.0286,0.0308,0.0308,0.0437,,,,,,,,,,,,,,,,,,,,,,
2000-04-15,-39.283,175.5646,SE,,,,,,,,,,,,,,,,,,,,,,,,,0.0035,-0.0017,,-0.0013,-0.0024,0.0043
2000-04-15,-39.283,175.5646,SO,,0.0932,0.0627,-0.0002,-0.0178,-0.0113,0.0009,-0.0011,0.0013,-0.0019,,,,,,,,,,-0.0074,-0.0082,0.01,0.0075,0.0048,-0.0099,-0.0179,,,,
2001-01-21,-39.283,175.5649,E,,,,,,,,,,,,,,,,0.0328,0.026,0.0073,-0.0143,,,,,,,,-0.0237,,-0.0182,0.0115
2001-01-21,-39.283,175.5649,N,,,,0.0684,0.0486,0.0145,0.0058,-0.0022,-0.0004,-0.0022,0.0071,0.006,-0.0133,-0.0179,-0.0262,-0.0183,-0.0098,0.0053,0.0178,-0.0069,-0.0052,-0.0229,-0.0015,0.0077,0.0276,0.0235,0.0267,0.023,0.0229,0.0319
2001-01-21,-39.283,175.5649,NE,,,,,,,0.0332,0.0071,-0.0069,-0.0064,-0.001,-0.0235,-0.022,0.0099,0.0033,0.0062,0.0202,0.0149,0.0101,0.0139,0.003,-0.0072,-0.015,-0.0159,-0.0269,,,,,
2001-01-21,-39.283,175.5649,NO,,0.0522,0.0247,0.0077,-0.0127,0.0038,0.0152,0.0026,-0.0132,-0.0169,-0.0122,-0.0171,-0.0005,0.0002,-0.0042,-0.006,0.0031,-0.0103,0.018,0.0144,0.0054,0.0043,0.0069,0.0118,0.0101,0.006,0.0166,0.0102,-0.0099,-0.0105
2001-01-21,-39.283,175.5649,O,,0.1302,0.0793,0.0443,0.0183,0.0016,-0.0198,-0.0151,,,,-0.0114,-0.0066,-0.004,-0.0007,0.005,0.007,0.0091,0.0048,0.0079,-0.0049,0.0111,0.0056,-0.0044,-0.0265,-0.0199,,,0.0109,-0.0058
2001-01-21,-39.283,175.5649,S,,0.1165,0.1173,0.1173,0.0898,0.0577,0.0248,0.0217,0.0037,0.0051,,,,,,,,,-0.014,-0.0116,-0.0025,-0.0007,0.0034,0.0062,0.0134,1e-04,0.002,0.0029,-0.0014,-0.001
2001-01-21,-39.283,175.5649,SE,,,,,,,0.0395,-0.0158,0.0199,,,,,,,,,,,-0.0135,0.0028,-0.0029,0.0049,,,,,,0.0114,0.0241
2001-01-21,-39.283,175.5649,SO,,0.1008,0.0633,0.039,0.0438,0.0143,-0.0027,-0.0152,-0.011,,,,,,,,,,,,0.0238,0.0094,-0.006,-0.0196,-0.03,-0.0329,-0.0096,-0.0015,0.0098,0.0126
2001-02-13,-39.283,175.5649,E,,,,,,,,,,,,,,-0.0125,-0.0046,0.0315,0.0483,0.0486,0.0028,-0.0041,-0.0496,,,-0.0238,-0.0297,,,-0.0438,-0.0055,0.0335
2001-02-13,-39.283,175.5649,N,,,,0.0217,-0.0031,-0.0161,-0.0104,-0.0166,-0.0012,0.0074,0.0073,0.0079,0.0135,0.036,0.0201,-0.01,-0.0037,-0.0026,-0.0234,-0.0027,-0.0145,0.0025,0.0002,-0.007,0.0022,0.0036,0.0147,0.0178,0.0139,0.0196
2001-02-13,-39.283,175.5649,NE,,,,,,-0.0318,0.0623,0.0305,0.0059,-0.0027,0.0048,-0.025,-0.0121,0.0089,0.0028,-0.004,0.0033,0.0163,0.0068,0.0206,0.0231,0.0233,0.0024,-0.017,-0.0195,-0.0189,-0.0269,-0.1043,,
2001-02-13,-39.283,175.5649,NO,,0.0394,0.0161,0.0027,-0.0156,0.0011,0.0059,-0.009,-0.0448,-0.0302,-0.0354,-0.0223,-0.0151,-0.0075,-0.0053,-0.004,-0.0035,-0.0233,-0.0165,-0.012,-0.0033,0.0012,-0.0008,-0.0014,0.0077,0.028,0.0281,0.0288,0.0265,0.0177
2001-02-13,-39.283,175.5649,O,,0.1512,0.1281,0.083,0.0315,-0.0411,-0.0701,-0.0472,-0.0248,-0.02,-0.0246,-0.0167,-0.0099,0.0018,0.0127,0.0166,0.0238,0.0274,0.0372,0.0308,0.0137,0.0057,0.0049,-0.0189,-0.0353,-0.0328,-0.0905,-0.0406,0.008,0.0122
2001-02-13,-39.283,175.5649,S,,,0.1256,0.1091,0.1012,0.0818,0.0628,0.0586,0.018,-0.0226,-0.0181,,,,,,,-0.0077,-0.0106,-0.0105,0.0167,0.0173,0.0102,0.0,0.0049,-0.0074,-0.0243,-0.0095,-0.0112,-0.0207
2001-02-13,-39.283,175.5649,SE,,,,,,,,0.0634,0.0355,0.0083,0.0702,0.0245,,-0.0717,-0.0179,0.0353,0.0588,-0.0109,0.0623,0.039,0.0106,-0.0021,0.0059,-0.0312,-0.039,-0.0491,-0.0533,-0.0489,-0.0385,-0.0293
2001-02-13,-39.283,175.5649,SO,,0.1691,0.153,0.1203,0.1029,0.0515,0.0118,-0.0079,-0.0122,-0.0145,-0.0152,-0.0151,,,,,,,0.0082,0.0064,0.0277,0.0237,-0.0091,-0.0011,-0.0007,-0.0093,-0.0058,0.0019,0.0012,0.0041
2001-03-10,-39.283,175.5649,E,,,,,,,,,,,,,-0.0751,-0.0549,0.0179,0.0496,0.019,-0.0126,-0.0225,-0.0347,-0.0175,-0.0076,-0.0037,0.0122,0.0333,0.0254,0.0256,0.0174,0.0171,0.029
2001-03-10,-39.283,175.5649,N,,,,0.0298,0.0269,-0.0243,-0.0383,-0.0278,-0.0303,-0.0231,-0.0209,-0.0235,-0.0067,0.0097,0.0032,0.0048,0.0129,0.0081,0.0075,0.0193,0.0137,0.0203,0.0092,0.004,0.0194,0.0004,-0.0036,-0.011,-0.0043,0.003
2001-03-10,-39.283,175.5649,NE,,,,,,-0.062,0.0586,0.0436,-0.0044,-0.0193,0.0019,-0.0122,-0.0237,0.001,0.0008,-0.0368,0.0076,0.0072,0.0083,0.0227,0.0092,0.0247,0.0005,0.0185,0.0212,-0.0118,0.0004,-0.0026,-0.0004,-0.0177
2001-03-10,-39.283,175.5649,NO,,0.1042,0.0579,0.0295,0.0071,1e-04,0.0084,-0.0064,-0.0241,-0.039,-0.0384,-0.0182,-0.014,-0.0108,-0.0043,-0.0042,0.0078,0.0188,0.0126,0.0122,1e-04,0.004,-0.0019,-0.0043,0.0053,0.0204,0.0175,0.0011,0.0113,0.014
2001-03-10,-39.283,175.5649,O,,0.1756,0.1358,0.0996,0.0333,-0.0336,-0.0569,-0.0516,-0.0301,-0.0056,0.0052,-0.0014,-0.0136,-0.0268,0.0075,0.027,0.0442,0.0487,0.0492,0.0412,0.0109,0.0089,0.0183,-0.0111,-0.0285,-0.0352,-0.0427,-0.0177,-0.0629,0.0263
2001-03-10,-39.283,175.5649,S,,0.1881,0.1666,0.1657,0.144,0.1056,0.0861,0.0779,0.0548,0.024,-0.0007,-0.0318,-0.1016,-0.0208,0.0184,-0.0031,-0.0257,-0.0276,-0.0361,-0.0023,0.0211,0.0241,0.0132,-0.0007,0.003,-0.0035,-0.0114,-0.0186,-0.0217,-0.019
2001-03-10,-39.283,175.5649,SE,,,,,,,0.1263,0.0943,0.1109,0.0809,0.1159,0.0755,-0.0024,0.0139,0.034,0.08,0.0056,-0.0201,0.0138,0.0234,-0.0022,0.0032,-0.0054,-0.0223,-0.0371,-0.0389,-0.0414,-0.0638,-0.0271,0.0123
2001-03-10,-39.283,175.5649,SO,,0.2136,0.1865,0.1468,0.1384,0.1076,0.0455,0.0088,0.008,-0.0003,-0.0229,-0.0377,-0.04,-0.0348,-0.0349,-0.04,,,0.048,0.0501,0.0512,0.0304,-0.0159,-0.0026,-0.0094,0.0036,-0.007,0.0005,0.0041,0.012
2001-03-17,-39.283,175.5649,E,,,,,,,,,,,,,-0.0736,-0.0348,-0.0068,0.0155,-0.0018,-0.0106,-0.0207,-0.0268,-0.0179,-0.0168,-0.0061,0.006,0.0335,0.0294,0.0338,0.0133,0.0138,0.0243
2001-03-17,-39.283,175.5649,N,,,,0.0144,-0.0223,-0.0235,-0.0561,-0.0447,-0.0211,-0.0182,-0.0146,-0.0219,-0.0092,0.0182,-0.0017,-0.0054,0.0195,0.0182,0.0099,0.0244,0.0249,0.0257,0.022,0.0086,0.0114,0.0068,-0.0126,-0.0086,-0.0112,-0.007
2001-03-17,-39.283,175.5649,NE,,,,,,,0.0535,0.0269,-0.0002,-0.0326,-0.0089,-0.007,-0.0128,0.0074,-0.0016,-0.0484,0.0078,0.0086,0.0115,0.0207,0.0148,0.0133,0.0126,0.0233,0.0245,-0.0005,-0.0083,-0.0216,0.0127,-0.0028
2001-03-17,-39.283,175.5649,NO,,0.0955,0.0306,0.0073,-0.0032,0.0026,0.026,0.0082,-0.0126,-0.0293,-0.0411,-0.0268,-0.015,-0.0093,-0.0091,0.0007,0.0023,0.0019,0.0137,0.0128,0.0122,0.0076,1e-04,0.0068,0.0064,0.0226,0.0151,0.0076,0.0096,0.0017
2001-03-17,-39.283,175.5649,O,,0.1557,0.0903,0.0615,0.046,-0.0157,-0.0358,-0.0238,-0.0114,-0.0003,0.004,0.003,-0.0077,-0.0088,0.0098,0.0156,0.0258,0.0363,0.0413,0.0347,0.0132,0.009,0.0202,-0.0091,-0.0128,-0.0262,-0.0343,-0.0638,-0.0247,-0.0029
2001-03-17,-39.283,175.5649,S,,,0.1737,0.1343,0.1235,0.099,0.0797,0.0713,0.0488,0.0215,0.0233,-0.0084,-0.0323,-0.0178,0.0047,0.0011,-0.0025,-0.0034,-0.0213,-0.0077,0.016,0.0189,0.0105,0.0015,0.0029,-0.001,-0.0132,-0.0143,-0.0189,-0.0249
2001-03-17,-39.283,175.5649,SE,,,,,,,0.124,0.0972,0.0854,0.0895,0.1028,0.0723,0.0247,-0.0026,0.0168,0.0284,-0.0034,-0.0323,-0.0024,0.0044,0.0008,0.0009,0.001,-0.0159,-0.0219,-0.0291,-0.0332,-0.0104,0.0204,0.0232
2001-03-17,-39.283,175.5649,SO,,0.1774,0.1327,0.0929,0.0889,0.0695,0.0143,0.0049,0.0165,0.0184,0.0058,-0.0377,-0.0442,-0.0405,-0.0171,-0.0241,,,0.0177,0.0199,0.024,0.0169,0.0045,0.0044,-0.0011,0.0007,-0.0027,-0.0016,0.0046,0.0103
2001-05-13,-39.283,175.5649,E,,,,,,,,,,,,,0.1656,0.0367,0.0452,0.0388,0.0209,1e-04,-0.0005,0.0019,-0.011,-0.0196,-0.0214,-0.0063,0.0051,0.014,0.0091,-0.0054,-0.0097,-0.0128
2001-05-13,-39.283,175.5649,N,,,,0.0591,0.056,-0.0124,-0.0051,-0.0405,-0.0345,0.0,0.0044,-0.0096,0.0006,-0.003,-0.012,-0.0109,-0.0011,-0.003,-0.0049,0.0035,0.0045,0.0013,0.001,0.005,0.0075,0.004,0.0016,0.0017,0.0024,0.0036
2001-05-13,-39.283,175.5649,NE,,,,,,,,0.0796,0.0619,0.0012,0.0095,-0.002,0.0173,0.0296,0.0352,0.0147,0.0132,0.0075,-0.0076,-0.0037,-1e-04,0.0067,0.0073,-0.0148,-0.0046,-0.0041,-0.0033,-0.0051,0.0006,-0.0032
2001-05-13,-39.283,175.5649,NO,,,0.0509,0.0135,0.0069,0.0215,0.0238,0.0099,-0.0082,-0.0134,-0.0134,-0.0129,-0.0034,0.0029,0.0105,0.0063,0.0121,0.0109,0.0135,0.0143,0.0105,0.0081,0.0004,0.0046,0.005,-0.0028,-0.0057,-0.0061,-0.0176,-0.0139
2001-05-13,-39.283,175.5649,O,,0.0928,0.0208,0.0159,0.0751,0.0696,0.0571,0.0436,-0.0162,-0.0459,-0.0191,-0.0238,-0.016,-0.0043,-0.0021,0.0108,0.0173,0.0109,0.0133,0.0154,0.0175,0.0187,0.0121,0.0031,-0.0088,-0.0069,-0.0179,-0.0274,-0.0258,-0.0151
2001-05-13,-39.283,175.5649,S,,0.1402,0.1245,0.1245,0.09,0.0626,0.0506,0.0437,0.0125,0.0005,-0.0013,,0.0065,0.007,-0.0099,0.019,0.0181,0.0208,-0.0063,-0.0175,-0.0115,-0.0023,-0.0054,-0.0043,-0.0076,-0.008,-0.0041,-0.0012,-0.0126,-0.0091
2001-05-13,-39.283,175.5649,SE,,,,,,,0.0465,0.0462,0.0729,0.0552,0.0573,0.0306,0.0344,-0.0176,-0.0111,-0.0146,-0.0186,-0.0185,-0.0141,,-0.0198,0.0042,-0.0112,-0.0354,-0.0428,-0.0592,-0.0578,,0.0555,0.1128
2001-05-13,-39.283,175.5649,SO,,0.0757,0.0465,0.0224,0.049,0.0398,0.0304,-0.0049,-0.0666,-0.056,,,,,,,,-0.0088,0.0164,0.0018,-0.0008,0.0024,0.013,0.0196,0.0149,-0.0156,-0.0274,0.0204,,
2002-01-24,-39.2832,175.5649,E,,,,,,,,,,,,,,-0.0432,-0.0208,,0.0459,0.0378,0.0406,-0.0433,,,,,,,,-0.0535,0.013,0.0086
2002-01-24,-39.2832,175.5649,N,,0.0577,0.0354,0.0217,0.013,-0.0359,-0.0324,-0.0305,-0.019,-0.0285,-0.0201,-0.0066,-0.03,-0.0409,-0.0423,-0.0287,-0.0232,-0.0392,-0.04,-0.009,0.0007,0.0241,0.0201,0.0046,0.044,0.0291,0.0311,0.0505,0.0606,0.0434
2002-01-24,-39.2832,175.5649,NE,,,,,,0.0097,0.0271,0.0448,0.002,-0.0318,-0.0124,-0.0158,0.0093,0.0273,0.0255,0.0127,0.0263,0.0133,-0.0053,0.0018,0.0031,-0.0079,-0.0091,0.0147,-0.0172,-0.0567,,,,
2002-01-24,-39.2832,175.5649,NO,,0.0591,0.0365,-0.0409,-0.0446,-0.0286,-0.0322,-0.0562,-0.0527,-0.0679,-0.08,-0.0614,-0.0411,-0.0259,-0.0323,-0.022,-0.0334,-0.0407,-0.001,-0.0005,-0.0062,-0.0039,0.0031,0.0178,0.0529,0.0344,0.0541,0.0522,0.0289,0.0304
2002-01-24,-39.2832,175.5649,O,,0.1613,0.1186,0.0473,-0.0195,-0.0659,-0.0694,,,,,,-0.0706,-0.0522,-0.0252,0.0129,0.0376,0.0127,0.0363,0.0041,-0.0067,-0.0042,-0.0225,-0.0374,-0.0688,,,,-0.0474,-0.0382
2002-01-24,-39.2832,175.5649,S,,0.1466,0.1277,0.1214,0.1188,0.0864,0.0518,0.0464,0.0109,-0.0397,-0.0365,,,,,,,,,-0.0191,-0.0077,-0.0042,0.0002,0.0011,0.0151,0.0045,0.0018,0.0065,-0.0064,-0.0089
2002-01-24,-39.2832,175.5649,SE,,,,,,,,0.0048,0.0135,-0.0257,,-0.0476,0.017,,-0.0115,0.0387,0.0146,,,-0.0111,-0.0025,0.0008,0.0054,-0.0094,,,,,,
2002-01-24,-39.2832,175.5649,SO,,0.1328,0.0975,0.043,0.0111,,,,,,,,,,,,,,0.0149,0.0269,0.0313,0.0163,0.0017,-0.0109,-0.0228,0.0026,0.0026,0.0095,0.0107,-0.005
2002-02-09,-39.2832,175.5649,E,,,,,,,,,,,,,,0.0009,0.0195,0.0054,0.0301,0.0538,0.0233,-0.0369,,,,,,,0.0188,0.0008,0.0169,-0.0036
2002-02-09,-39.2832,175.5649,N,,,0.0179,-0.0045,-0.0191,-0.0257,0.0075,0.0086,0.0049,0.0067,-0.0015,-0.0073,0.0104,-0.0205,-0.0222,-0.0196,-0.0188,-0.0183,-0.002,0.0057,0.0094,-0.002,0.0023,-0.0055,-0.0005,0.0027,-0.0014,0.0036,0.0082,0.0185
2002-02-09,-39.2832,175.5649,NE,,,,,,,0.0212,0.0378,0.0177,0.003,-0.0052,-0.0018,0.0129,-0.0009,0.0107,0.0009,-0.0037,-0.013,0.0034,0.0105,0.0134,0.0067,0.0018,0.0071,0.0093,-0.0198,-0.0424,-0.0539,-0.0913,
2002-02-09,-39.2832,175.5649,NO,,0.0251,0.0202,-0.0035,0.0101,0.0288,0.0196,-0.008,-0.0111,-0.0263,-0.03,-0.0269,-0.0147,-0.0069,-0.0069,-0.0054,-0.0088,-0.0208,-0.0065,-0.0156,-0.0054,-0.0071,-0.0106,-1e-04,0.0198,0.0225,0.0281,0.018,0.0094,0.0169
2002-02-09,-39.2832,175.5649,O,,0.0579,0.0263,0.0065,-0.0021,-0.043,-0.0685,,,-0.0514,,-0.087,-0.0456,-0.024,-0.0052,0.0092,0.0149,0.0168,0.024,0.004,0.0169,0.0136,-0.0199,-0.0077,-0.0351,-0.0394,-0.1033,-0.0939,-0.0115,0.0103
2002-02-09,-39.2832,175.5649,S,,0.1124,0.0918,0.0814,0.083,0.0576,0.0549,0.0546,0.0328,-0.0112,-0.0071,,,,,,,,,-0.0174,0.0075,0.011,0.0031,0.001,-0.0002,0.0002,-0.0046,-0.0052,-0.0075,-0.0056
2002-02-09,-39.2832,175.5649,SE,,,,,,,,0.0394,0.0535,0.0066,,0.0209,0.0461,,0.0048,-0.0459,0.0149,-0.0061,0.02,-0.0128,0.0069,0.0168,0.0186,0.0203,-0.0107,-0.0436,-0.029,-0.0367,-0.0408,-0.0373
2002-02-09,-39.2832,175.5649,SO,,0.1334,0.1072,0.0823,0.0571,,,-0.0109,-0.0127,-0.0346,,,,,,,,,0.0431,0.0452,0.0549,0.0339,-0.0002,-0.0091,-0.0123,-0.0027,0.0002,0.0012,0.0033,0.006
2002-02-16,-39.2832,175.5649,E,,,,,,,,,,,,,,-0.0127,-0.0224,0.0126,0.0445,0.0474,0.0104,-0.0233,,,,,,,,,,
2002-02-16,-39.2832,175.5649,N,,,-0.0159,-0.0293,-0.0416,-0.0504,-0.0451,-0.041,-0.0181,-0.0235,-0.0378,-0.0328,-0.0146,-0.027,-0.0178,-0.001,0.0075,0.008,0.0212,0.0237,0.029,0.0265,0.0223,0.006,0.0102,0.0049,0.0013,-0.0093,-0.0188,0.0005
2002-02-16,-39.2832,175.5649,NE,,,,,,-0.0254,-0.0005,0.0867,0.0271,0.0038,-0.0109,0.0053,-0.0262,-0.0198,0.0021,0.0002,0.0146,0.0034,0.0048,0.0164,-0.0077,0.0198,0.0323,0.0333,0.0269,-0.0192,-0.0309,-0.0822,-0.0724,-0.0668
2002-02-16,-39.2832,175.5649,NO,,0.0467,0.0279,-0.0115,-0.0141,0.0053,-0.0061,-0.0486,-0.0612,-0.0545,-0.0381,-0.0353,-0.0291,-0.0183,-0.0177,-0.0187,-0.0088,-0.0116,0.0021,0.0094,0.0052,-0.0013,-0.0011,0.0029,0.0272,0.0246,0.0383,0.0301,0.0217,0.0209
2002-02-16,-39.2832,175.5649,O,,0.1229,0.0839,0.0401,0.006,-0.0262,-0.0523,-0.0501,-0.0627,-0.0379,-0.0134,-0.0006,0.0009,-0.0021,-0.0033,0.0081,0.0165,0.0264,0.0237,0.014,0.001,0.0052,-0.0242,-0.0222,-0.059,-0.0915,-0.1136,0.0011,-0.0333,-0.0196
2002-02-16,-39.2832,175.5649,S,,0.1237,0.1009,0.0928,0.091,0.0783,0.0719,0.0687,0.0454,-0.0057,-0.0023,,,,,-0.0417,-0.0671,-0.0718,-0.0454,-0.0192,0.0104,0.0203,0.0101,0.006,0.012,0.0022,-0.0061,-0.014,-0.0186,-0.018
2002-02-16,-39.2832,175.5649,SE,,,,,,,,0.0892,0.0968,0.0171,,0.0548,0.078,,-0.014,0.0244,0.0303,0.027,0.0201,0.0056,-0.0068,0.0172,-0.0011,0.0181,-0.0062,-0.0359,-0.0327,-0.0441,-0.0568,-0.0308
2002-02-16,-39.2832,175.5649,SO,,0.1743,0.1471,0.1184,0.1111,0.0418,,-0.0016,-0.0085,-0.0316,-0.0375,,,,,,,,,0.0199,0.0366,0.0074,-0.01,-0.0012,-0.0044,0.0029,0.0031,-0.0051,0.0038,0.0076
2002-02-25,-39.2832,175.5649,E,,,,,,,,,,,,,,0.0073,0.0143,0.0252,0.0203,0.0447,0.0107,-0.0439,-0.0864,-0.0428,0.0106,0.0003,-0.0045,0.0016,0.0441,0.0322,0.0133,0.0279
2002-02-25,-39.2832,175.5649,N,,,-0.0135,-0.0269,-0.031,-0.0421,-0.0379,-0.0378,-0.0265,-0.0347,-0.0476,-0.0375,-0.0103,-0.0159,-0.0077,0.0035,0.012,0.0101,0.0234,0.0231,0.0222,0.0169,0.0198,-1e-04,0.0191,0.0162,0.012,-0.0024,-0.0048,-0.0015
2002-02-25,-39.2832,175.5649,NE,,,,,,,0.0216,0.0734,0.0183,-0.01,-0.0172,0.0029,-0.0209,-0.0244,0.0171,0.0008,0.0209,0.0146,0.0187,0.0246,0.0054,0.0204,0.0322,0.0116,0.0203,-0.0018,-0.0087,-0.0488,-0.0497,-0.0354
2002-02-25,-39.2832,175.5649,NO,,0.0333,0.0221,-0.0146,-0.01,0.0095,0.0011,-0.0286,-0.0495,-0.0406,-0.0206,-0.0218,-0.0231,-0.0123,-0.0187,-0.0136,-0.0072,-0.0078,-0.0036,0.0033,0.0041,0.0007,0.0054,0.0117,0.0275,0.0204,0.0379,0.0376,0.0269,0.0191
2002-02-25,-39.2832,175.5649,O,,0.1272,0.0884,0.0336,-0.0185,-0.0427,-0.0484,-0.0604,-0.0162,-0.0144,-0.04,-0.0073,-0.0066,-0.0008,0.0019,0.0191,0.0305,0.0405,0.0353,0.0086,-0.0008,0.0059,-0.0215,-0.022,-0.0641,-0.0583,-0.0908,-0.0036,0.0168,0.0228
2002-02-25,-39.2832,175.5649,S,,0.1301,0.1012,0.0944,0.0877,0.0751,0.0681,0.0605,0.0411,0.0058,-0.0111,-0.1117,,-0.0428,-0.025,-0.0066,0.0105,0.0004,-0.009,-0.0134,0.014,0.0175,0.0014,0.0006,0.0049,0.0014,-0.0069,-0.0079,-0.011,-0.0072
2002-02-25,-39.2832,175.5649,SE,,,,,,,,0.0843,0.0929,0.055,,0.0514,0.0945,-0.0628,0.0033,0.0313,0.0442,0.0275,-0.0246,0.0019,0.0128,0.0071,0.0035,0.0127,-0.0094,-0.0326,-0.0291,-0.0305,-0.0344,-0.0228
2002-02-25,-39.2832,175.5649,SO,,0.1684,0.1381,0.1011,0.0991,0.0338,-0.0023,-0.0008,-0.0092,-0.0329,-0.0514,,,,,,,,,0.0486,0.0576,0.0112,0.0042,-0.0104,-0.0093,-0.0055,-0.0038,-0.0037,0.0063,0.0118
2002-03-04,-39.2832,175.5649,E,,,,,,,,,,,,,,,,,,,,,,,0.006,0.0014,-0.0017,0.0136,0.0344,0.0122,-0.0084,-0.0031
2002-03-04,-39.2832,175.5649,N,,,0.0216,0.0012,0.0058,-0.0182,-0.0038,-0.014,-0.0081,-0.007,-0.0054,-0.0109,-1e-04,-0.0158,-0.0134,-0.0046,0.0097,-0.0006,-0.0181,-0.0011,-0.0251,-0.0255,0.0075,0.0082,0.0143,0.0088,0.0097,0.0094,0.008,0.0113
2002-03-04,-39.2832,175.5649,NE,,,,,,,0.024,0.0377,0.0043,-0.0301,-0.0007,-0.0006,,-0.001,-0.0733,,0.0127,0.0175,0.0183,0.0231,0.0115,0.0167,0.0066,-0.0039,0.0032,-0.0033,-0.0112,-0.0178,-0.0191,-0.0054
2002-03-04,-39.2832,175.5649,NO,,0.0501,0.0241,0.0007,0.0034,0.007,-0.0027,-0.0141,-0.0178,-0.0135,-0.0062,-0.0023,-0.0021,0.0035,0.0038,0.0093,0.0086,0.0112,0.0121,0.0104,0.0055,-0.0026,-0.0103,-0.0044,-0.0016,-0.0017,0.0168,0.0109,0.006,-0.0018
2002-03-04,-39.2832,175.5649,O,,0.0732,0.0327,0.0077,-0.0033,-0.0188,-0.0207,-0.0118,-0.0079,-0.0026,-0.0051,-0.0038,-0.0065,-0.0046,-0.0041,-0.0011,0.0199,0.0231,0.019,0.0023,0.0221,0.0112,-0.0069,-0.0229,-0.0475,-0.0307,-0.0108,-0.0112,-0.0158,0.0206
2002-03-04,-39.2832,175.5649,S,,0.1181,0.0903,0.0749,0.081,0.0691,0.0555,0.0538,0.0315,0.017,0.0088,-0.0366,,-0.0382,-0.0045,0.0073,0.0063,0.0017,-0.0186,-0.0032,0.0072,0.0104,0.0021,0.0012,0.0021,0.0002,-0.0081,-0.0072,-0.0112,-0.0134
2002-03-04,-39.2832,175.5649,SE,,,,,,,,0.0673,0.0751,0.0595,,0.0826,0.139,-0.0291,0.014,0.026,0.019,0.0068,-0.011,0.0005,-0.0018,0.0044,0.0101,0.0167,-0.0007,-0.0156,-0.0125,-0.0156,-0.0272,-0.023
2002-03-04,-39.2832,175.5649,SO,,0.1004,0.069,0.0554,0.058,0.0009,-0.0312,-0.0017,-0.0014,-0.006,,,,,-0.0317,,,,,0.0175,0.0219,-0.0045,0.009,-0.002,-0.0032,-0.0016,-0.0015,0.0005,0.0045,0.0089
2002-06-01,-39.2811,175.5671,E,-0.0072,-0.0066,-0.0006,-0.0045,,0.0046,0.0021,0.0036,1e-04,-0.0049,-0.0007,0.0003,0.0004,0.0018,0.0011,-0.0005,-0.0011,-0.0034,-0.0042,,,0.008,0.0089,-0.0064,-0.0052,,,,,
2002-06-01,-39.2811,175.5671,N,,0.0021,0.0034,0.0012,-0.0011,1e-04,0.0003,-0.0019,-0.0015,-0.0019,0.0026,0.0023,-0.0042,-0.0044,-0.0057,-0.0031,0.0015,0.0021,0.0031,0.0019,0.0048,0.002,0.0016,-0.0045,-0.0041,-0.0045,-0.0024,0.0034,0.0034,0.0019
2002-06-01,-39.2811,175.5671,NE,,-0.0053,-0.0035,-0.0004,0.0009,-0.0014,-0.002,-0.0031,-0.003,-0.0017,-0.0008,0.0016,0.0019,0.0026,0.0005,0.0007,0.0029,0.0039,0.0027,0.0038,0.0038,-0.0134,-0.0111,-0.0081,,,,,,
2002-06-01,-39.2811,175.5671,NO,,0.0005,0.0025,-0.0018,-0.002,-0.004,-0.0039,0.0005,0.0029,0.003,-0.003,-0.002,-0.0029,-0.0041,-0.0034,-0.0003,-0.0005,0.0019,-0.0017,-0.002,-0.0021,-0.0015,-0.001,-0.001,-0.0003,-0.0025,0.0005,0.0019,0.0029,0.0025
2002-06-01,-39.2811,175.5671,O,,0.0013,0.0033,0.0009,-0.0015,-0.0015,0.0008,-0.0023,-0.0012,-0.0011,0.0033,-0.0016,-0.0012,-0.0011,-0.0011,-0.0005,-0.0005,0.0005,0.0006,0.0022,0.004,0.0025,-0.0013,,,,,,,
2002-06-01,-39.2811,175.5671,S,,1e-04,,,,,,,,,,,,,,,,,,,,,,,,,,,,
2002-06-01,-39.2811,175.5671,SE,,0.0,0.0,0.0,,,,,,,,,,,,,,,,,,,,,,,,,,
2002-06-01,-39.2811,175.5671,SO,,0.0,0.0,,,,,,,,,,,,,,,,,,,,,,,,,,,
2003-03-23,-39.2832,175.5646,E,,,,,,,,,,,,,,,-0.0141,,,0.0358,0.005,-0.0231,,,,,,,,,-0.0092,0.0139
2003-03-23,-39.2832,175.5646,N,0.1066,0.1153,,0.091,0.0673,0.0603,0.0125,-0.009,-0.0087,-0.0074,-0.0345,-0.048,-0.0422,-0.0097,-0.014,-0.0096,-0.0006,-0.0067,-0.0128,-0.003,0.0381,0.0073,-0.0109,0.017,0.0075,0.03,0.0231,0.0177,0.0304,0.0345
2003-03-23,-39.2832,175.5646,NE,,,,,,,,,-0.0064,-0.0197,0.0083,0.005,0.0143,-0.0069,-0.0255,-0.0623,-0.0369,-0.0019,0.0454,0.0456,-0.0019,0.0289,0.038,0.0071,-0.0731,-0.0498,,,,
2003-03-23,-39.2832,175.5646,NO,,0.1185,0.1113,0.0747,0.029,0.0376,0.0226,0.0072,-0.0164,-0.048,-0.0405,-0.0223,0.0009,-0.0028,0.021,0.0107,0.0156,-0.0201,0.0097,-0.0096,-0.0331,-0.0336,-0.028,-0.0218,0.0017,0.0192,0.028,0.0359,0.0231,0.0071
2003-03-23,-39.2832,175.5646,O,,0.1409,0.1063,0.041,-0.0739,,,,,,,,,,-0.0429,-0.0149,0.0477,0.0478,-0.0006,-0.0117,0.0324,0.0355,-0.0216,-0.0251,-0.0249,-0.0437,-0.0347,-0.0154,-0.0537,-0.0175
2003-03-23,-39.2832,175.5646,S,0.1665,0.1459,0.1502,0.1176,0.0926,0.0849,0.0462,0.0085,,,,,,,,,,,-0.0526,-0.0515,,0.0265,0.0281,,,0.0147,-0.0241,-0.0124,-0.0045,
2003-03-23,-39.2832,175.5646,SE,,,,,,,,,0.0529,,,,,,,,,,-0.0435,-0.0151,-0.0111,-0.0113,0.0269,,,-0.0078,-0.0199,-0.0168,,0.0042
2003-03-23,-39.2832,175.5646,SO,,0.1177,0.0793,-0.0096,-0.0924,-0.0453,,,,,,,,,,,,,,0.0135,-0.0145,,,,-0.0014,0.0018,,,,
2004-03-09,-39.2829,175.5629,E,,,,,,,,,,,,,,,,,,,,,0.1127,,,,,,,,,
2004-03-09,-39.2829,175.5629,N,,,,,,,,,,-0.0158,-0.0105,-0.0238,-0.0072,-0.0304,-0.0285,-0.018,0.0042,-0.0181,0.008,0.0341,0.0272,0.0098,0.0171,0.0117,0.0145,0.0149,0.0107,-0.0004,-0.0145,-0.0349
2004-03-09,-39.2829,175.5629,NE,,,,,,,,,,,,,,0.0724,0.0274,0.0294,0.0189,0.009,-0.0091,-0.0311,-0.0229,0.0168,0.0087,0.0195,0.0359,0.0302,0.0049,0.0197,-0.0412,-0.0475
2004-03-09,-39.2829,175.5629,NO,,,,,,,,,,,,,,,,,-0.0682,-0.0136,0.0107,0.0307,0.0413,0.0055,-0.0251,-0.0439,0.007,-0.0073,-0.0096,-0.0044,0.0089,0.0174
2004-03-09,-39.2829,175.5629,O,,,,,,,,,,,,,,,,,,-0.0203,0.0017,0.0418,0.0469,0.0294,-0.0003,-0.0038,-0.0112,-0.0432,-0.0507,-0.0658,-0.1186,-0.0373
2004-03-09,-39.2829,175.5629,S,,0.1146,0.0598,0.025,,,,,,,,,,-0.0094,0.004,0.0212,0.0206,0.0019,-0.0175,-0.0152,-1e-04,-0.0133,-0.0116,-0.0198,-0.0108,-0.0135,0.0032,0.011,0.0225,0.0288
2004-03-09,-39.2829,175.5629,SE,,,,0.0253,,,,,,,0.008,-0.0109,,0.0153,0.0236,0.0221,0.0085,-0.0087,-0.0179,0.0185,0.0183,0.0089,-0.0096,-0.0157,-0.011,-0.0112,-0.0092,-0.0024,,
2004-03-09,-39.2829,175.5629,SO,0.1049,,,,,,,,,,,,,,,,0.0485,0.0172,0.0019,0.001,-0.0046,0.0005,0.001,0.0031,0.0101,0.0052,-0.0029,-0.0034,-0.0035,-0.0069
2004-03-18,-39.2835,175.5649,E,,,,,,,,,,,,,,,,0.0469,0.0199,0.0147,0.0055,0.0264,0.0034,-0.0205,,,,,-0.0543,0.0003,0.0197,-0.0311
2004-03-18,-39.2835,175.5649,N,,0.0199,,-0.0494,-0.0313,0.0015,-0.0197,-0.0152,-0.0272,-0.0243,-0.0269,-0.0069,0.0068,-0.0093,-0.0009,0.0097,-0.0018,-0.0006,-0.0069,-0.0056,1e-04,-0.0108,-0.0108,0.0063,0.0185,0.0089,-0.0031,0.0124,0.017,0.0194
2004-03-18,-39.2835,175.5649,NE,,,,,,,,,,,0.1175,0.0722,0.0408,0.0139,0.0176,0.0183,0.0182,0.0202,0.0239,0.0269,0.0269,0.0309,0.0231,0.017,0.0102,-0.0117,-0.0209,-0.0222,-0.0233,-0.0491
2004-03-18,-39.2835,175.5649,NO,,0.0351,0.0263,0.0194,0.0282,0.0146,-0.0132,-0.0228,-0.0225,-0.0131,-0.0028,-0.0079,0.0037,0.0038,-0.0045,-0.0003,0.0051,0.0028,-0.0007,0.0041,-0.0006,-0.0023,-0.0091,0.0052,0.0178,0.0141,0.0224,0.015,-0.0006,-0.0099
2004-03-18,-39.2835,175.5649,O,,0.0488,0.0026,-0.0368,-0.0449,-0.0488,-0.0538,-0.0419,-0.0123,-0.0187,-0.0053,-0.0058,-0.0038,0.0051,0.0138,0.02,0.0229,0.0209,-0.0044,0.0011,-0.0077,-0.0389,-0.0359,-0.0569,,,,,,
2004-03-18,-39.2835,175.5649,S,,0.0974,0.0793,0.08,0.0787,0.0421,0.0314,0.0253,0.0223,-0.0006,-0.0012,,,,,,,,0.0198,-0.0137,0.0066,0.0068,-0.0027,0.0036,0.0068,0.0021,-0.0041,-0.0066,-0.0032,-0.0007
2004-03-18,-39.2835,175.5649,SE,,,,,,,,,,,,,,,,,,,,,-0.0268,-0.0036,0.0159,0.0026,-0.0009,-0.0003,-0.0126,-0.0082,-0.0021,-0.0101
2004-03-18,-39.2835,175.5649,SO,,0.0878,0.0665,0.0499,0.0284,-0.011,-0.013,-0.0089,-0.0261,,,,,,,,,,0.0393,0.0355,0.0376,0.0154,0.003,-0.01,-0.0093,-0.0011,-0.0073,0.0075,0.0155,0.0203
2004-03-25,-39.2835,175.5649,E,,,,,,,,,,,,,,,,,,,,,,,,,,,,-0.0073,0.032,-0.0308
2004-03-25,-39.2835,175.5649,N,,0.0844,0.0316,-0.0255,-0.0088,-0.0089,-0.0284,-0.034,-0.0335,-0.0268,-0.0228,-0.0258,-0.0087,-0.0298,-0.0229,0.0044,0.0058,-0.0081,0.0034,0.0112,0.016,0.0147,0.0148,0.002,0.0227,0.0084,0.0053,0.0229,0.0248,0.0168
2004-03-25,-39.2835,175.5649,NE,,,,,,,0.0156,-0.0004,0.0098,-0.0139,-0.0196,-0.0128,0.0015,0.0069,0.0148,0.0092,0.0197,0.0249,0.0248,0.0274,0.025,0.0139,-0.0027,-0.0104,0.0071,-0.0322,-0.0302,0.0165,-0.1237,-0.1228
2004-03-25,-39.2835,175.5649,NO,,0.0947,0.0788,0.0489,0.0354,0.0145,0.0039,0.0015,0.0051,-1e-04,0.0052,0.0061,0.0096,0.0065,-0.0068,0.0014,0.0111,0.0197,-0.0049,-0.0038,-0.0305,,0.0154,0.0154,0.0009,0.002,0.0066,0.0187,0.0115,-0.0012
2004-03-25,-39.2835,175.5649,O,,0.1308,0.1215,0.0945,0.0296,0.0141,0.0307,,,,,,,,,,,0.0663,0.0569,0.0222,0.0271,-0.0165,-0.0233,-0.0203,-0.04,-0.051,-0.0561,-0.0412,-0.0073,0.0066
2004-03-25,-39.2835,175.5649,S,,0.1288,0.0918,0.105,0.088,0.0513,0.0552,0.0429,0.034,-0.0108,-0.021,-0.0274,,,,,,,-0.0797,-0.0346,0.012,0.0203,0.0141,0.0078,0.0119,0.0018,-0.0074,-0.0118,-0.0119,-0.01
2004-03-25,-39.2835,175.5649,SE,,,,,,,,,,0.0668,0.0733,,,,0.0239,-0.0048,0.0314,0.0328,0.0098,0.0091,0.0064,0.0079,0.0083,-0.0112,-0.0128,-0.0157,-0.0067,-0.0,-0.0002,0.0013
2004-03-25,-39.2835,175.5649,SO,,0.1656,0.1294,0.0957,0.0466,0.0071,-0.0213,-0.0462,,,,,,,,,,,,,0.0502,0.0083,0.0108,0.0053,-0.0139,-0.0039,-0.0111,-0.0004,0.0076,0.0142
2004-04-03,-39.281,175.5619,E,,,,,,,,,,,,,,,,,,,,-0.0302,0.0014,0.0118,-1e-04,-0.014,-0.0055,-0.0085,-0.0059,0.0026,0.0059,0.0046
2004-04-03,-39.281,175.5619,N,,,,,,,,,,,,,,,0.0542,0.0466,-0.0035,-0.0168,0.0026,-0.0149,0.0107,0.0095,0.0087,-0.0015,-0.0158,-0.0087,-0.0085,-0.0029,-0.0035,-0.0005
2004-04-03,-39.281,175.5619,NE,,,,,,,,,,,,,,,,,,,,,,-0.012,0.0002,-0.0014,-0.0062,-0.0079,-0.0039,0.0007,0.0056,0.0061
2004-04-03,-39.281,175.5619,NO,,,,,,,,,,,,,,,0.0367,0.0153,0.0054,0.001,0.0036,-0.0093,-0.0122,-0.0081,-0.0015,-0.0011,0.0057,0.0109,0.0093,0.0198,0.0224,-0.0068
2004-04-03,-39.281,175.5619,O,,,,,,,,,,,,,,,,,,,,,,,,,,-0.005,0.0122,0.0158,0.005,-0.0027
2004-04-03,-39.281,175.5619,S,,,,,,,,,,,,,,,-0.0077,-0.0009,0.0036,0.0017,0.0007,0.0017,0.0045,0.0036,-0.0034,-0.0041,-0.0073,0.0153,0.018,0.0145,-0.0066,-0.0102
2004-04-03,-39.281,175.5619,SE,,,,,,,,,,,,,,,,,-0.0143,,-0.0074,-0.0015,,,,,,,0.0535,-1e-04,-0.0166,0.0055
2004-04-03,-39.281,175.5619,SO,,,,,,,,,,,,,,,0.0052,0.0027,-0.0029,-0.0014,0.0003,-0.0062,-0.0062,-0.0085,0.0108,0.017,0.017,,0.0015,0.0007,-0.0023,-0.0006
2005-04-13,-39.2835,175.5649,E,,,,,,,,,,,,,,,,0.0125,-0.0097,0.0143,-0.0116,0.0205,-0.0465,,,,,,,0.0058,0.0082,-0.0006
2005-04-13,-39.2835,175.5649,N,,0.0009,0.0077,-0.0105,0.0037,0.0074,-0.0,0.0082,1e-04,-0.0157,-0.0154,-0.0176,-0.0148,-0.021,-0.0115,-0.0098,-0.0161,-0.0242,-0.0239,-0.0098,-0.0078,0.0002,0.0024,0.0225,0.0195,0.0176,0.0172,0.0086,0.0116,0.0133
2005-04-13,-39.2835,175.5649,NE,,,,,,,,,,,,,,,,0.0159,-0.0168,-0.0258,-0.0024,0.0174,0.0213,0.0241,0.003,-0.013,-0.0225,-0.0769,,-0.0845,,
2005-04-13,-39.2835,175.5649,NO,,0.0567,0.042,0.0277,0.011,-0.0006,-0.0141,-0.0191,-0.0204,-0.0172,-0.0022,0.005,0.001,-0.0024,-0.0067,-0.0071,-0.0023,0.0045,0.0083,0.0089,0.0112,0.0094,0.0032,0.002,0.0096,0.0012,0.0102,0.0016,-0.0072,-0.01
2005-04-13,-39.2835,175.5649,O,,0.0572,0.0414,0.0066,0.0079,-0.0108,-0.0254,-0.0254,-0.0157,-0.007,-0.0063,0.0209,0.0203,0.0221,0.0187,0.0173,0.0137,0.0046,-0.011,-0.0591,,,,,,,,,,
2005-04-13,-39.2835,175.5649,S,,0.0942,0.068,0.0703,0.033,0.0199,0.0223,0.0087,0.014,-0.0066,-0.0022,,,,,,,,,-0.0071,0.0088,0.0159,0.0067,0.0041,0.0046,0.0021,-0.0078,-0.0018,-0.0147,-0.0061
2005-04-13,-39.2835,175.5649,SO,,0.0947,0.0652,0.0215,0.0011,-0.0132,-0.0061,0.0003,0.0015,,,,,,,,,,,0.0407,0.0187,-0.0028,-0.0154,-0.001,0.0026,0.0029,0.0029,0.0026,0.0036,0.0024
2006-03-15,-39.2832,175.5632,E,,,,,,,,,,,,,,,,,,,,,,,,,,,-0.0936,-0.0227,0.0121,-0.0188
2006-03-15,-39.2832,175.5632,N,,,,-0.0296,0.0129,,0.0073,-0.0064,-0.0442,-0.0264,-0.0158,-0.0272,-0.0221,-0.0349,-0.0437,-0.0296,-0.0209,0.0064,0.0094,-0.0058,0.0029,0.0101,0.008,0.0198,0.0263,0.0227,0.0019,0.012,0.0018,0.0063
2006-03-15,-39.2832,175.5632,NE,,,,,,,,,,,,0.0215,0.016,-0.0047,-0.0396,-0.0107,-0.0097,-0.0064,-0.0183,0.0205,0.0353,0.0073,-0.0039,-0.0179,-0.0162,-0.0262,,,,
2006-03-15,-39.2832,175.5632,NO,,0.0658,0.0718,0.0482,0.0616,0.0686,0.0378,0.0127,-0.0173,-0.0451,0.0196,0.0086,-0.0258,-0.0135,0.0136,0.0158,0.0108,0.0074,0.007,0.0162,0.0108,0.0308,0.0279,0.0312,0.0266,0.0283,0.0176,0.0117,-0.0586,-0.0583
2006-03-15,-39.2832,175.5632,O,,0.1127,0.0639,0.0066,-0.0181,,-0.0437,-0.0312,-0.0235,,,,,,,,,,,0.0389,0.0753,0.012,-0.007,-0.0427,-0.0313,-0.04,,,,
2006-03-15,-39.2832,175.5632,S,0.1268,0.1209,0.1025,0.1091,0.0859,,,,,,,,,,-0.0356,0.0025,0.0148,0.0022,0.0155,0.0165,0.0019,0.0045,0.0036,-0.0064,-0.0053,-0.0048,-0.0045,-0.012,-0.0028,0.0016
2006-03-15,-39.2832,175.5632,SE,,0.1078,,,0.0485,,,,,,0.0185,,0.0271,0.0321,,-0.0007,0.0227,0.0169,-0.0191,-0.0083,-0.0143,0.0141,0.0106,0.0036,-0.0053,-0.0049,-0.0041,,,
2006-03-15,-39.2832,175.5632,SO,,0.1652,0.1745,0.1358,0.0693,-0.0135,,,,,,,,,,,,,,,,,-0.013,-0.0055,0.0005,0.0023,-0.0009,-0.0005,0.0006,0.0003
2006-03-31,-39.2832,175.5632,E,,,,,,,,,,,,,,,,,,,,,,,,,,-0.0308,-0.0201,-0.0106,0.0241,-0.0097
2006-03-31,-39.2832,175.5632,N,,,,,0.0215,,0.0292,0.0326,-0.0149,-0.0158,-0.0062,-0.0287,-0.02,-0.0212,-0.0292,-0.0241,-0.0175,-0.0068,-0.0054,0.0021,-0.0042,0.0169,0.0067,0.0008,0.0215,0.015,0.0026,0.0088,0.0009,0.0096
2006-03-31,-39.2832,175.5632,NE,,,,,,,,,,,,0.0362,0.0461,0.0458,-0.038,-0.0099,-0.0107,-0.0026,0.0365,0.0732,0.1011,,,,,,,,-0.0447,-0.0414
2006-03-31,-39.2832,175.5632,NO,,0.0383,0.0344,0.0289,0.0285,0.021,0.0065,-0.0294,-0.0068,-0.0309,-0.0396,-0.0248,-0.018,0.0017,0.0059,0.0081,0.0168,0.0164,0.0027,0.0064,0.0098,0.02,0.0247,0.0301,0.034,0.0199,0.0211,0.0223,0.0124,0.007
2006-03-31,-39.2832,175.5632,O,,0.092,0.0745,0.0307,0.0052,-0.0086,-0.0052,-0.0047,-0.0013,-0.0028,-0.0061,,,,,,,,,,,-0.0012,-0.0104,-0.026,0.0232,0.0194,-0.0212,0.0182,0.0626,0.0673
2006-03-31,-39.2832,175.5632,S,0.0923,0.0799,0.0703,0.0602,1e-04,0.0017,,,,,,,,,-0.0211,0.004,0.0111,0.0099,0.0062,0.0061,-0.0031,-0.015,-0.0036,-0.0055,-0.0078,-0.0013,0.0022,0.0006,0.0027,0.0065
2006-03-31,-39.2832,175.5632,SE,,0.088,,,0.0593,0.046,,,,,-0.0148,0.0286,0.0155,0.0164,-0.0035,0.0062,0.0064,0.0046,0.0006,-0.0039,-0.0063,-0.0006,0.0053,-0.0035,-0.0023,-0.0019,0.0026,0.0063,0.0087,
2006-03-31,-39.2832,175.5632,SO,,0.0969,0.1016,0.0824,0.0449,0.0221,,,,-0.0451,,,,,,0.0344,0.0037,0.0094,0.0029,,,,-0.0404,-0.0222,-0.0019,0.0019,0.0034,0.0023,1e-04,0.0006
2006-07-05,-39.2795,175.565,E,,0.0095,,,,0.0064,0.0073,0.0074,0.0074,0.0026,-0.0051,-0.0044,-0.0022,-0.0021,0.0035,0.0022,0.0093,,,,,,,,,,-0.0022,-0.0035,-0.002,-0.0019
2006-07-05,-39.2795,175.565,N,-0.0045,-0.0045,0.0064,0.0062,-0.0013,-0.0067,-0.0055,-0.0036,-0.0012,-0.0006,-0.0011,-0.0013,-0.0021,-0.0024,-0.0022,-0.0015,-0.0015,-0.0012,-0.0017,-0.0019,1e-04,-0.0017,1e-04,0.0003,-0.0002,0.0006,0.0019,0.0024,-0.0,-0.003
2006-07-05,-39.2795,175.565,NE,,,,-0.0104,-0.0155,-0.0117,0.0036,0.0028,-0.0027,-0.0044,-0.003,-0.0014,0.0018,-0.0002,-0.0031,0.0012,0.0016,0.0007,-0.0007,-0.0018,-0.0026,0.0024,0.0032,0.0011,0.0003,0.0013,0.0016,0.0041,0.0012,0.0058
2006-07-05,-39.2795,175.565,NO,,0.011,0.0064,-0.0042,0.0004,-0.0017,0.0003,0.0002,-0.0008,-0.0016,-1e-04,0.0022,-0.0026,0.0057,0.0058,0.0006,0.0022,-0.0004,0.0019,0.0031,-0.0028,-0.0018,-0.0019,-0.0007,0.0007,0.001,-0.001,-0.0007,-0.0016,-0.0005
2006-07-05,-39.2795,175.565,O,,0.009,0.0053,0.0055,0.0055,0.0086,-0.0062,,,,,,,,,,,-0.0021,-0.0004,1e-04,-0.0002,-0.001,-0.0021,-0.002,-0.0017,-0.0008,0.0004,-0.0003,0.0016,1e-04
2006-07-05,-39.2795,175.565,S,0.0097,0.0097,0.0098,0.0101,0.0101,0.0102,0.0067,0.0021,0.001,0.001,0.0014,-0.0002,0.0004,-0.0002,0.0026,0.0026,0.0028,-0.0004,0.0007,-0.0016,0.0004,0.0002,0.0002,-0.0024,-0.0028,-0.0028,0.0011,0.005,,
2006-07-05,-39.2795,175.565,SE,-0.0022,-0.0022,-0.0051,-0.0052,-0.0088,-0.0033,0.002,0.0006,0.0016,0.0019,-0.0016,0.0016,-0.0031,-0.0026,0.0005,0.0006,0.0007,-0.0014,-0.0051,-0.0023,-0.0012,-0.0003,-0.0006,0.0018,0.0026,0.0008,0.0044,-0.0018,-0.0056,-0.0044
2006-07-05,-39.2795,175.565,SO,,0.0073,0.0074,0.0077,0.0077,0.0063,0.006,0.0015,0.0017,0.0016,0.0003,,,,,,,,-0.0039,-0.0058,-0.0042,0.001,-0.0024,0.001,0.0024,-0.0,0.0012,1e-04,-0.0028,-0.0035
2014-01-17,-39.2814,175.5671,E,0.03,,,0.022,0.0131,0.0327,0.0074,0.0055,0.016,-0.0042,-0.0179,,,,,,,,,,,-0.0037,,,,,,-0.0037,1e-04,-0.0049
2014-01-17,-39.2814,175.5671,N,,0.0286,0.0031,0.0022,0.0024,0.004,0.0084,0.0113,0.0112,0.0125,0.0124,0.0112,-0.0004,1e-04,-0.0012,-0.0045,-0.0009,-0.0002,-0.0009,-0.004,-0.0155,-0.015,-0.0121,-0.0085,-0.0071,-0.0009,0.0077,0.0137,0.0169,0.0175
2014-01-17,-39.2814,175.5671,NE,,0.0751,0.0284,0.0414,0.0224,-0.0065,0.0059,0.0108,0.0165,0.0114,-0.0036,-0.0221,0.0033,-0.0107,-0.0191,,,,,,,,,,,,0.0201,0.0041,-0.0186,-0.021
2014-01-17,-39.2814,175.5671,NO,,0.0134,-0.0158,-0.0243,-0.0312,-0.0326,-0.0268,-0.0237,-0.0205,-0.0205,-0.0138,-0.0186,-0.0182,-0.0163,-0.0107,-0.0079,-0.0057,-0.0076,-0.0136,-0.0096,-0.0115,0.0019,0.0006,0.0122,0.0133,0.018,0.0181,0.0159,0.0074,0.0064
2014-01-17,-39.2814,175.5671,O,,0.1147,0.0979,0.066,0.0503,0.0324,0.0238,0.0177,0.0284,0.0246,0.006,-0.0085,-0.0032,0.0019,-0.0074,-0.007,-0.0068,-0.0005,-0.0005,0.0023,-0.002,-0.0033,-0.0127,0.0004,-0.0012,-0.0037,1e-04,0.0052,0.0061,-0.0043
2014-01-17,-39.2814,175.5671,S,,,,,,,,,,,,,,,,0.0005,,,,,,,,,-0.0005,0.0,,,,
2014-01-17,-39.2814,175.5671,SE,,,,,,,,,,,,,,,,,,,,,,,,,0.0,0.0,0.0,0.0,0.0,0.0
2014-01-17,-39.2814,175.5671,SO,,,,,,,,,,0.0566,0.0561,0.0276,0.0159,-0.006,-0.0399,0.0358,0.007,-0.0255,,,,,,,,,,-0.0291,-0.0283,-0.0253
2014-01-24,-39.283,175.5674,E,,0.0211,0.0084,0.0007,0.0106,0.0149,0.0222,0.0197,0.0156,0.0115,0.0075,0.0006,0.0117,0.0079,-0.0008,-0.0287,-0.0377,,,,,,,,,,,-0.0365,,
2014-01-24,-39.283,175.5674,N,,-0.1113,-0.104,-0.1041,-0.0841,-0.0563,-0.0323,-0.029,-0.0225,-0.0027,-0.0051,0.0174,0.0287,0.0192,0.0101,0.0398,-0.0045,-0.0077,-0.0124,-0.0116,-0.0043,-0.0082,-0.0022,0.0099,0.0122,0.0151,0.0084,0.0026,-1e-04,-0.002
2014-01-24,-39.283,175.5674,NE,,-0.0004,0.0041,0.0228,-0.0015,-0.0021,-0.0018,-0.0259,-0.0068,0.0022,0.0169,0.0223,0.0118,0.009,-0.0087,-0.0278,-0.0571,-0.0345,0.0039,0.0226,0.0065,0.0135,0.0208,-0.0076,0.0059,0.0077,,,,
2014-01-24,-39.283,175.5674,NO,,-0.0502,-0.0342,-0.0124,0.009,-0.0026,-0.0369,-0.0074,-0.0144,-0.0197,-0.0055,-0.0121,-0.0185,-0.0236,-0.0132,-0.0113,-0.0086,0.003,-0.0033,0.0048,0.0096,0.0096,0.0132,0.0216,0.0294,0.0224,-0.004,-0.0158,-0.0326,-0.0531
2014-01-24,-39.283,175.5674,O,,-0.0094,-0.0037,-0.0097,-0.0562,-0.0667,-0.0508,-0.0347,-0.0332,-0.0337,-0.0129,-0.0162,-0.0087,-0.0043,0.0152,0.0237,0.0174,0.0251,0.0011,-0.0138,-0.0217,0.002,0.0476,0.0659,0.0607,0.0612,0.0405,-0.0101,0.0008,-0.0017
2014-01-24,-39.283,175.5674,S,,0.0505,,,,0.0182,,0.0351,0.028,0.0294,0.0212,-0.0139,0.0163,-0.002,0.0178,-0.0059,-0.0136,,,,,,,,,,-0.0097,-0.0072,,
2014-01-24,-39.283,175.5674,SE,,0.0848,0.0863,,,,,,,,,,,,,,,,,,,,,,,,,0.0,0.0,
2014-01-24,-39.283,175.5674,SO,,0.1109,0.1013,0.094,0.0876,0.0722,0.0408,0.0163,-0.0095,-0.0074,-0.0089,-0.0146,-0.0045,-0.0038,-0.0053,,-0.0082,-0.0088,-0.0019,0.0014,-0.0064,0.0031,-0.0011,-0.0014,-0.0073,-0.0081,-0.0047,-0.0028,-0.0022,-0.0006
2014-02-02,-39.283,175.5674,E,,0.0033,0.0044,0.0076,0.0051,0.0101,0.0097,0.0135,0.0294,0.0143,0.0059,0.0316,0.0155,0.0143,0.0064,-0.016,-0.069,-0.0698,,-0.1034,,,,,,,,-0.0811,-0.0761,-0.0587
2014-02-02,-39.283,175.5674,N,,-0.0756,-0.0662,-0.0646,-0.0635,-0.054,-0.0344,-0.0336,-0.0257,-0.0018,-0.0009,0.014,0.0236,0.025,0.0218,0.0349,-0.0118,0.0051,-0.0147,-0.0242,-0.0249,-0.0111,-0.0047,0.005,0.0069,0.0073,-0.0075,-0.0215,-0.0063,-0.0027
2014-02-02,-39.283,175.5674,NE,,0.0617,0.0785,0.1008,0.0711,0.0436,0.0306,-0.0431,-0.032,-0.0126,0.0068,0.0215,0.0294,0.0312,0.0207,0.0089,-0.0334,-0.0688,-0.0319,0.021,-0.0004,-0.0545,0.0352,0.0127,0.0118,0.0104,,,,-0.0364
2014-02-02,-39.283,175.5674,NO,,-0.0194,0.0041,0.0118,0.0273,0.0034,-0.0374,-0.0163,-0.0235,-0.0171,-0.0118,-0.0127,-0.0166,-0.022,-0.0132,-0.0051,0.0014,0.015,0.0147,0.0146,0.0166,0.0172,0.0104,0.0089,0.0215,0.0182,-0.0075,-0.0211,-0.0332,-0.0559
2014-02-02,-39.283,175.5674,O,,0.0251,0.0312,0.0276,-0.0187,-0.0384,-0.037,-0.0178,-0.0131,-0.0031,0.0134,0.0082,0.0189,0.0306,0.0617,0.0601,0.041,0.0351,0.011,0.0081,-0.0057,-0.0303,-0.0081,0.0496,0.0564,0.0564,0.0299,-0.0084,-0.0592,-0.1224
2014-02-02,-39.283,175.5674,S,,0.072,,,,0.072,,0.0617,0.0776,0.0579,0.0535,0.0077,0.0183,0.0052,-0.0205,0.0202,-0.0168,-0.0254,,,,,-0.0469,,,-0.0306,-0.0088,0.005,-0.0131,0.0124
2014-02-02,-39.283,175.5674,SE,,0.1106,0.0904,,,,,,,,,,,,,,,,0.0007,,0.0022,,,,,,-1e-04,0.0009,0.0008,-0.004
2014-02-02,-39.283,175.5674,SO,,0.165,0.1537,0.1465,0.1475,0.113,0.0728,0.0363,0.0035,-0.009,-0.0152,-0.0157,-0.0067,0.0005,-0.0,-0.0062,0.0009,-0.0112,-0.0088,0.0116,0.0315,0.0445,0.0049,0.0014,0.002,0.001,-0.0099,-0.0206,-0.0185,-0.0118
2014-03-21,-39.2811,175.5671,E,,,,0.0083,-0.0153,-0.0192,-0.026,-0.0276,0.0022,0.0129,0.0257,0.0145,-0.0216,-0.0467,,,,,,,,,,0.0301,0.0166,0.0161,0.0104,0.0028,-0.0036,-0.0047
2014-03-21,-39.2811,175.5671,N,,-0.0515,-0.0485,-0.0068,-0.0782,-0.0522,-0.0151,-0.0071,-0.0075,-0.0109,-0.0023,-0.0012,-0.0017,-0.0019,0.0066,0.0058,0.0029,0.022,0.0283,0.0372,0.0262,0.0226,0.0168,-0.0023,-0.0022,0.0019,0.0044,0.0031,-0.0016,0.0056
2014-03-21,-39.2811,175.5671,NE,,0.0434,0.0277,0.0217,0.0343,-0.066,-0.0887,0.0192,0.0334,0.0105,0.0255,0.0015,0.0087,0.0227,0.024,0.0095,0.0017,-0.0078,-0.0372,-0.022,-0.0264,-0.0277,-0.0234,-0.0307,0.0267,0.0567,0.0428,-0.0337,-0.0468,-0.0467
2014-03-21,-39.2811,175.5671,NO,,0.0241,-0.0333,-0.0325,-0.0364,-0.0372,-0.0334,-0.0213,-0.0139,-0.0165,-0.0073,-0.0125,-0.0012,0.0055,0.0148,0.0153,0.0223,0.0272,0.0296,0.0108,-0.012,-0.0117,-0.0325,-0.0204,-0.0081,0.0058,0.0194,-0.0003,-0.0031,-0.0068
2014-03-21,-39.2811,175.5671,O,,0.0791,0.0813,0.0431,0.0394,0.0062,0.0142,0.0224,0.0132,0.0119,,,,,,,,,,,-0.0359,-0.0121,0.0206,0.0142,0.0156,0.0101,0.0081,-0.0136,-0.0352,-0.0029
2014-03-21,-39.2811,175.5671,S,,,,,,,,,,,,,,,,0.0723,0.0184,0.017,-0.0078,-0.025,-0.0081,-0.0144,-0.0187,-0.0055,0.0065,0.0081,0.0048,-0.0092,-0.0084,-0.0205
2014-03-21,-39.2811,175.5671,SE,,,,,,,,,,,,,-0.0499,,,,,,,,,,,,,-0.0177,-0.0315,-0.0026,0.0084,0.0141
2014-03-21,-39.2811,175.5671,SO,,,,,,,,,,,,,,,,,,,,,0.0009,-0.0072,-0.0139,0.006,0.0302,0.0191,0.0397,0.0092,0.014,-0.0128
2015-02-28,-39.2811,175.5671,E,,,,,,,,,,-0.0156,-0.03,-0.0464,,,,,,,-0.0343,0.0041,0.0009,,,0.0408,0.0407,0.0401,0.0137,0.0071,-0.0044,-0.0219
2015-02-28,-39.2811,175.5671,N,,-0.1213,-0.1104,-0.0787,-0.091,-0.0375,0.0109,0.0197,0.0256,0.0198,0.0138,0.0189,-0.0097,-0.0047,0.0002,-0.0025,0.0063,0.0171,0.0139,-0.002,-0.0043,-1e-04,1e-04,-0.0006,0.0043,0.0054,0.0115,0.0012,0.0084,0.0123
2015-02-28,-39.2811,175.5671,NE,,,,,,0.0162,0.0274,0.0423,0.0604,0.0197,0.0371,0.0147,0.0219,-0.0167,,,,,,,,-0.1133,,,-0.0265,0.0023,0.017,-0.0321,-0.0497,-0.0598
2015-02-28,-39.2811,175.5671,NO,,-0.0278,-0.0621,-0.0656,-0.062,-0.0525,-0.039,-0.0248,-0.0206,-0.0094,-0.0048,-0.0005,0.0044,0.0052,0.0033,-0.0035,-0.0149,-0.0162,-0.0114,-0.0204,-0.0145,-0.0118,-0.0041,0.0003,0.0032,0.0154,0.015,0.0181,0.0097,0.0195
2015-02-28,-39.2811,175.5671,O,,0.0598,0.0508,0.0607,0.0469,0.0253,0.0223,0.0233,0.0193,0.0249,0.011,-0.006,-0.0214,-0.0104,-0.0154,-0.0155,-0.0058,0.0115,0.0067,0.0188,0.0254,0.0508,0.0504,0.0449,0.0275,0.0068,-0.0227,-0.0396,-0.0327,-0.0119
2015-02-28,-39.2811,175.5671,S,,,,,,,,,,,,,,,,0.0596,0.0324,0.0054,-0.0377,,,,,-0.0122,-0.0043,-0.005,-0.0012,0.0069,0.0091,-0.0004
2015-02-28,-39.2811,175.5671,SE,,,,,,,,,,,,,,,,,,,,,,,,,,,,0.0,0.0,0.0
2015-02-28,-39.2811,175.5671,SO,,,,,,,,,,0.083,,0.0797,0.033,0.0262,-0.0202,0.037,0.0229,-0.0288,-0.0369,-0.0364,-0.0355,,,,,,,-0.0194,-0.0215,-0.02
2015-03-24,-39.2811,175.5671,E,,,,0.0633,0.0471,0.033,0.0066,-0.0313,0.0394,,,,,,,,,,,,-0.019,0.0082,0.0238,0.0284,0.0156,0.0034,0.0003,-0.0105,-0.0149,-0.0131
2015-03-24,-39.2811,175.5671,N,,-0.1078,-0.0882,-0.0493,-0.0918,-0.0382,-0.0044,0.0033,-0.0054,-0.0062,0.0044,0.0089,-0.0058,-0.0155,-0.0284,-0.0181,0.0065,0.025,0.0313,0.0384,0.0379,0.0274,0.0099,0.0055,0.0083,-0.0098,-0.0039,0.0009,-0.0028,-0.0009
2015-03-24,-39.2811,175.5671,NE,,0.0452,0.0351,0.0128,0.0412,-0.0694,-0.1241,0.0018,0.0443,0.0356,0.0725,0.0712,0.0456,0.0221,-0.0198,,,,,,,,,,-0.0406,-0.0263,-0.0012,-0.0119,-0.0337,-0.0384
2015-03-24,-39.2811,175.5671,NO,,-0.0174,-0.0542,-0.0622,-0.0615,-0.0646,-0.0667,-0.0329,-0.0194,-0.0074,0.0018,0.0081,0.012,0.0159,0.0191,-0.001,0.0019,-0.0176,-0.0281,-0.0285,-0.0238,-0.0143,-0.0122,0.0074,0.0025,0.0096,0.0212,0.0315,0.0355,0.0323
2015-03-24,-39.2811,175.5671,O,,0.0295,0.0158,0.0157,-0.0082,0.0005,0.0051,0.0096,0.023,0.0254,0.0105,0.008,-0.012,-0.016,-0.0114,,,,,,,,,,0.0292,0.0192,-0.0063,-0.0092,0.0171,0.0139
2015-03-24,-39.2811,175.5671,S,,,,,,,,,,,,,,,,0.0316,0.0113,-0.0084,0.0076,-0.041,,,-0.0506,-0.0241,-0.0087,-0.0073,0.0035,0.0199,0.0082,0.0089
2015-03-24,-39.2811,175.5671,SE,,,,,,,,,,,,,,,,,,,,,,,0.0266,-0.003,-0.0032,0.002,0.0035,-0.0021,-0.0043,-0.0025
2015-03-24,-39.2811,175.5671,SO,,,,,,,,,,0.0352,,0.0289,0.0272,0.0232,0.0286,-0.0089,0.0118,0.0043,-0.0448,,,,,,,-0.0919,-0.0463,-0.0279,-0.0502,0.0327
2015-04-02,-39.2811,175.5671,E,,,,0.0342,0.0015,0.0121,0.0112,0.004,0.0392,0.0202,-0.0086,-0.0064,,,-0.0827,-0.01,-0.0367,,,,,,,,,,-0.0212,-0.0044,0.0132,-0.0323
2015-04-02,-39.2811,175.5671,N,,-0.065,-0.036,0.0116,-0.0493,-0.0159,0.0035,0.0058,-0.0062,-0.0101,-0.003,-0.0002,-0.0107,-0.0142,-0.0145,-0.0072,0.0175,0.0396,0.0492,0.0373,0.0405,0.0388,0.0277,0.0075,0.0131,0.002,-0.0094,-0.003,0.004,0.0074
2015-04-02,-39.2811,175.5671,NE,,0.0643,0.0511,0.0457,0.048,-0.0293,-0.0583,0.0144,0.035,0.0189,0.0298,0.0235,0.0436,0.0306,-0.015,-0.0442,-0.0393,-0.0372,,,,,,,,,0.0846,0.0111,-0.0147,-0.0516
2015-04-02,-39.2811,175.5671,NO,,0.0264,0.011,0.0082,0.0073,0.0029,0.0011,-0.0103,-0.0101,-0.0032,-0.0056,-0.0058,-0.0017,0.001,0.0399,0.066,0.0756,0.0673,0.0393,0.0107,0.0004,-0.006,0.0078,0.0,-0.0029,-0.0019,0.0183,0.0105,-0.0217,-0.0121
2015-04-02,-39.2811,175.5671,O,,0.0272,0.0805,0.0416,,0.0328,0.0243,0.0268,,,,,,,,,-0.0472,-0.0121,0.0046,0.0096,0.0069,0.0174,0.0377,0.032,0.0052,0.001,-0.0039,-0.0227,0.004,-0.003
2015-04-02,-39.2811,175.5671,S,,,,,,,,,,,,,,,,0.0696,-0.0107,0.0174,-0.0058,-0.0398,,,,-0.0139,0.0041,0.0083,0.0062,-0.0044,-0.0025,-0.0123
2015-04-02,-39.2811,175.5671,SE,,,,,,,,,,,,,,,,,,,,,,,,,,,0.0,0.0,0.0,0.0
2015-04-02,-39.2811,175.5671,SO,,,,,,,,,,,,,,,,,,0.022,-0.009,-0.0277,-0.0233,-0.0242,,,,0.0162,0.055,0.0662,-0.0242,-0.0077
2016-03-02,-39.283,175.5674,E,,-0.0062,0.0126,-0.0046,0.0023,0.0145,-0.0028,0.0068,0.0257,0.0127,0.0196,0.0322,0.0013,-0.0082,-0.0064,0.007,0.0013,-0.008,-0.0736,-0.0766,-0.0533,-0.017,-0.0144,-0.0704,-0.0737,-0.0562,-0.0352,-0.0091,0.0189,0.0336
2016-03-02,-39.283,175.5674,N,,-0.0712,-0.061,-0.0598,-0.0554,-0.0474,-0.0357,-0.034,-0.0291,-0.0147,-0.011,-0.0031,0.0043,0.0068,0.0076,0.0091,0.008,0.0212,0.0207,0.0109,0.0067,-0.002,-0.0011,-0.0057,-0.0032,-0.0019,-0.0054,-0.0079,-0.0012,0.0026
2016-03-02,-39.283,175.5674,NE,,0.0692,0.0977,0.124,0.1037,0.087,0.0416,-0.0491,-0.0455,-0.0269,-0.0141,0.0041,0.0201,0.0286,0.0308,0.0249,0.0105,0.0198,0.0306,-0.0105,-0.0061,-0.0295,-0.0229,-0.0109,0.0067,0.0063,-0.0346,-0.0144,-0.0189,-0.0012
2016-03-02,-39.283,175.5674,NO,,-0.0079,0.0115,0.0141,0.0365,0.0017,-0.0449,-0.0284,-0.0276,-0.0119,-0.0059,-0.0038,-0.0022,-0.0072,0.0131,0.0076,0.0076,0.0201,0.0151,0.0156,0.0177,0.0138,-0.001,-0.0033,0.0085,0.0054,-0.0116,-0.0213,-0.0165,-0.037
2016-03-02,-39.283,175.5674,O,,-0.0004,0.0083,0.0133,-0.0184,-0.0402,-0.0314,-0.0218,-0.0199,-0.0196,-0.0029,-0.0056,0.0095,0.0264,0.0461,0.0442,0.0388,0.0369,0.0199,-0.0007,-0.0238,-0.0326,-0.0305,-0.0166,-0.0598,-0.0494,0.0229,0.0107,-0.0172,-0.0546
2016-03-02,-39.283,175.5674,S,,0.0411,,,,,,0.0358,0.0336,0.0379,0.0344,0.0032,-0.0094,0.0148,-0.0036,0.0125,-0.0083,-0.0062,,,,,,,,-0.0114,-0.0057,0.0006,1e-04,-1e-04
2016-03-02,-39.283,175.5674,SE,,0.0551,,,,,,,,,,,,,,,,,,,,,,,,,,,,
2016-03-02,-39.283,175.5674,SO,,0.076,0.0778,0.0778,0.0762,0.0497,0.0245,0.0118,-0.0078,-0.0016,-0.0059,-0.0102,-0.0092,-0.008,-0.0086,-0.0089,0.0125,0.023,0.0159,0.0339,0.0391,0.054,0.0443,0.0348,0.0305,0.0094,-0.0082,-0.0227,-0.024,-0.0234
2016-03-10,-39.283,175.5674,E,,0.0091,0.0454,0.0211,0.0381,0.0241,-0.0072,0.0191,0.0285,,,,,,,,,,,,-0.0,0.0142,0.0023,-0.0287,,-0.054,-0.0472,0.0124,-0.0004,0.0154
2016-03-10,-39.283,175.5674,N,,-0.0314,-0.036,-0.0343,-0.0364,-0.0378,-0.0215,-0.0218,-0.0175,-0.01,-0.0087,-0.0026,0.0004,-0.0032,-0.0031,0.0079,-0.0172,0.004,0.0054,-0.0011,0.0016,-0.0009,0.0052,0.0043,0.0016,0.0071,0.0004,-0.0025,-0.0054,-0.0067
2016-03-10,-39.283,175.5674,NE,,0.0544,0.0677,0.0447,0.0282,0.0279,0.0074,0.001,-0.0046,0.0114,0.0109,0.0159,0.0125,0.0171,0.0035,0.003,,,,,0.0095,0.0023,0.0018,-0.0238,-0.0022,-0.0123,-0.0063,,,-0.049
2016-03-10,-39.283,175.5674,NO,,0.0207,0.0062,-0.0228,-0.036,-0.0244,-0.008,0.0038,0.0009,0.0049,0.0031,0.0047,-0.0044,-0.0035,0.0014,0.0113,0.0064,0.0133,-0.0005,-0.0045,-0.0073,-0.0021,-0.0064,-0.0,0.001,0.0051,0.003,0.0071,0.006,0.0055
2016-03-10,-39.283,175.5674,O,,0.0438,0.0521,0.0498,0.0167,-0.0034,-0.0167,-0.0056,-0.0035,-0.0029,0.0096,0.015,0.0199,0.0337,,,,,,,,,,,-0.0296,-0.0351,-0.0531,0.0293,0.0024,-0.0294
2016-03-10,-39.283,175.5674,S,,0.0102,,,,,,0.0334,0.0418,0.0323,0.0332,-0.0004,0.0181,0.0372,-0.0146,0.0334,-0.0036,0.0038,-0.0287,-0.0147,0.0281,,-0.0106,,,-0.0249,-0.0097,-0.0074,-0.0055,-0.0045
2016-03-10,-39.283,175.5674,SE,,0.0014,,,,,,,,,,,,,,,,,-0.0073,0.0081,,,,,,,,-0.0042,0.0058,-0.0063
2016-03-10,-39.283,175.5674,SO,,0.0518,0.0564,0.0678,0.0651,0.0514,0.0379,0.025,-0.0096,-0.0085,-0.0076,0.0009,0.008,-0.0074,-0.0292,-0.0269,,,,,,,,,0.0422,0.0572,0.0271,-0.0039,-0.0264,-0.0236
2016-03-11,-39.2814,175.5671,E,,,,-0.0044,0.0185,0.0241,0.0191,0.0145,0.0227,0.0158,0.0241,0.0139,-0.0372,-0.0514,0.0011,-0.001,-0.0069,-0.0347,-0.041,-0.0263,-0.011,-0.0102,0.0075,0.0164,0.0196,0.0129,0.0105,0.0048,0.001,-0.0046
2016-03-11,-39.2814,175.5671,N,,-0.0732,-0.0897,-0.0772,-0.0808,-0.0474,-0.0226,-0.0093,-0.0059,0.0019,0.0112,0.0135,0.0027,0.0055,0.0072,0.0015,0.0137,0.0288,0.0166,0.0192,0.0124,0.0097,0.0088,0.0025,0.0021,-0.0007,0.0051,0.0027,0.0073,0.0123
2016-03-11,-39.2814,175.5671,NE,,0.0208,0.0488,0.0473,0.0533,-0.0417,-0.0254,-0.0039,0.025,0.0242,0.0401,0.0367,0.0261,0.0423,0.0226,0.0222,0.0025,-0.006,-0.0121,-0.0189,-0.0119,-0.0268,-0.042,-0.0471,-0.0337,-0.014,0.0369,0.0189,-0.0224,-0.0407
2016-03-11,-39.2814,175.5671,NO,,-0.007,-0.025,-0.0227,-0.0222,-0.0307,-0.0316,-0.0261,-0.0187,-0.013,0.0039,0.0018,0.0037,0.002,0.0059,0.0049,0.0128,0.0079,-0.0011,-0.0079,-0.009,-0.0032,-0.0056,0.0047,0.0003,0.0041,0.0088,0.0076,0.003,0.0108
2016-03-11,-39.2814,175.5671,O,,0.0717,0.0832,0.0418,0.0264,0.0163,0.0158,0.0145,0.0141,0.0096,-0.0004,-0.0204,-0.009,-0.0073,0.0004,-0.0025,0.0052,0.0058,0.0136,0.025,0.0228,0.0264,0.0144,0.0115,0.0071,0.0043,-0.0117,-0.0218,-0.0201,-0.0145
2016-03-11,-39.2814,175.5671,S,,,,,,,,,,,,,,,,0.0434,0.0229,0.0254,-0.0206,-0.021,-0.0012,-0.0154,-0.002,-0.0043,-0.0021,0.0022,-0.0042,-0.0055,0.006,0.0007
2016-03-11,-39.2814,175.5671,SE,,,,,,,,,,,,0.0262,0.0123,,-0.0006,,-0.0033,-0.0061,-0.008,-0.0059,-0.0007,0.0038,0.0212,-0.0049,-0.0034,-0.0007,-0.0003,0.0021,-0.0027,0.0026
2016-03-11,-39.2814,175.5671,SO,,,,,,,,,0.0457,0.0185,0.0316,0.0348,0.0209,-0.0027,0.0262,0.0518,0.0346,0.0149,-0.0253,-0.0313,-0.0308,-0.0325,-0.0301,-0.0278,0.0084,0.0171,-0.0034,-0.0005,0.0035,0.0028
2016-05-05,-39.2811,175.5671,E,,,0.1307,0.1142,0.1087,0.0942,0.0668,0.0199,0.0213,0.0207,0.0308,0.0384,0.0325,0.0238,0.0126,0.0018,-0.0118,0.0069,0.0035,-0.0035,-0.0012,-0.0027,-0.0023,-0.005,-0.0068,-0.0097,-0.0121,-0.0105,-0.0139,-0.0155
2016-05-05,-39.2811,175.5671,N,,-0.0008,-0.0321,-0.0101,-0.0438,-0.0478,-0.0237,-0.0161,-0.0107,0.0065,0.0159,0.0207,0.0045,0.0082,0.0069,-0.0096,-0.0008,0.0085,-0.0021,0.0067,0.0112,-0.0014,0.0052,-0.0043,-0.0014,0.0037,0.0029,0.0045,0.0034,0.0022
2016-05-05,-39.2811,175.5671,NE,,0.0786,0.0438,0.077,0.0289,-0.0302,-0.0494,-0.0051,0.0174,0.024,0.0361,0.0421,0.0461,0.0319,0.0129,-0.0031,-0.0113,-0.0097,0.0094,0.0129,-0.0018,-0.0059,-0.0151,-0.0138,0.0005,-0.0002,-0.0076,-0.0081,-0.0187,-0.0089
2016-05-05,-39.2811,175.5671,NO,,0.1077,0.0453,,,,,,,,,,,-0.0308,-0.0251,-0.0151,-0.01,-0.0021,-0.0004,0.0012,0.0037,0.0013,0.0039,0.016,0.0037,0.0053,0.0055,0.0022,-0.0078,0.0093
2016-05-05,-39.2811,175.5671,O,,0.1158,0.0788,0.0587,0.054,0.0707,0.0272,0.0297,0.0229,0.0462,0.0412,0.009,-0.0165,-0.0083,-0.0365,-0.0194,-0.0103,-0.0012,0.007,0.0047,0.0116,0.0251,0.0208,0.0056,0.0024,-0.0008,-0.0087,-0.0085,-0.0125,-0.0247
2016-05-05,-39.2811,175.5671,S,,,,,,,,,,,,,,,,0.0537,0.028,0.0272,0.003,0.0011,-0.0013,-0.0074,-0.0014,-0.0068,-0.0114,0.006,0.0013,-0.0105,-0.0205,-0.0202
2016-05-05,-39.2811,175.5671,SE,,,,,,,,,,0.1005,0.0782,0.0838,0.0079,0.0154,0.0029,-0.013,-0.0172,-0.018,-0.0142,-0.0172,-0.0222,-0.0036,-0.0154,-0.0157,-0.0122,-0.0232,-0.0145,-0.0081,-0.0,0.0032
2016-05-05,-39.2811,175.5671,SO,,,,,,,,,,0.0964,,0.0444,0.0431,0.0334,0.0429,0.0523,0.0008,-0.0645,-0.0211,-0.0248,,,-0.0646,-0.0467,-0.0566,-0.0309,-0.0076,-0.009,-0.0037,-0.0033
2018-01-28,-39.283,175.5674,E,,0.0195,,-0.0038,,0.0064,-0.0092,-1e-04,0.0059,-0.0077,-0.004,-0.0019,0.0114,0.0133,-0.0018,-0.0223,,,,,,,,,,,,,,
2018-01-28,-39.283,175.5674,N,,0.018,0.0013,0.0016,-0.0143,-0.0196,-0.007,-0.0038,-0.0076,0.0066,0.0078,0.0188,0.0167,0.001,0.002,-0.0064,-0.025,-0.0154,-0.0201,-0.0095,-0.0036,-0.0029,-0.0121,0.002,0.0023,0.0041,0.0093,0.0115,0.0073,0.0036
2018-01-28,-39.283,175.5674,NE,,0.0489,0.0377,0.0334,0.023,0.0075,0.0022,-0.024,-0.0186,-0.0098,0.0028,0.0105,0.0331,0.0418,0.0183,0.017,0.02,-0.0225,,,-0.0376,-0.0561,-0.0515,,,,,,,
2018-01-28,-39.283,175.5674,NO,,0.0042,0.0109,0.0054,0.0093,-0.0299,-0.0429,-0.025,-0.0184,-0.0078,0.0013,0.0004,-0.0083,-0.0029,-0.0006,0.0069,0.0033,0.0141,0.0129,0.0112,0.0136,0.0148,0.0039,-1e-04,0.0105,0.005,-0.0086,-0.016,-0.0244,-0.0394
2018-01-28,-39.283,175.5674,O,,0.0288,0.0257,0.0169,-0.0183,-0.0367,-0.0358,-0.0176,-0.0134,-0.0082,0.0053,-0.003,0.0059,0.0194,0.0353,0.0307,0.0288,0.0205,-0.0038,-0.0092,-0.0158,-0.0162,0.034,0.0257,0.03,0.0266,0.0003,-0.0175,-0.0534,-0.0785
2018-01-28,-39.283,175.5674,S,,0.0482,,,,,,0.0485,0.0473,0.0561,0.0516,0.0213,0.0488,0.0203,0.0295,0.0128,-0.034,-0.0463,,,,,,,,-0.0219,-0.0037,0.0081,0.0033,0.0067
2018-01-28,-39.283,175.5674,SE,,0.0919,0.0682,,,,,,,,,,,,,,,,,,0.0,,,,,,0.0,0.0,0.0,0.0
2018-01-28,-39.283,175.5674,SO,,0.1197,0.1042,0.0964,0.103,0.0774,0.044,0.021,0.0085,0.0075,-0.0006,-0.012,-0.0115,-0.0052,-0.0037,-0.0027,-0.0136,-0.0236,-0.0077,0.0155,0.0078,0.0132,0.0042,0.0017,-0.0054,-0.0023,-0.0083,-0.0124,-0.0087,-0.0049
2018-03-17,-39.2813,175.5618,E,,,0.0571,0.0724,,,-0.0228,-0.0204,,0.0911,,,,,,,-0.0286,-0.0613,-0.0583,-0.0473,-0.0411,-0.0011,0.0168,-0.0016,0.0023,0.0065,0.0085,0.0188,0.0147,0.0062
2018-03-17,-39.2813,175.5618,N,,,,,,,,,,,,,,0.0731,0.0376,0.0359,0.0295,0.0097,0.0038,-0.0279,-0.0199,0.0069,0.0056,0.0023,0.0054,0.0044,-0.0024,-0.0037,-0.0041,-0.0079
2018-03-17,-39.2813,175.5618,NE,,,,,,,,,,,,,,,0.0473,0.0003,-0.0254,-0.0241,-0.0142,-0.0062,0.0048,0.009,0.012,0.0113,0.0113,0.0087,0.0057,0.0004,-0.0039,-0.0018
2018-03-17,-39.2813,175.5618,NO,,,,,,,,0.0772,,0.0473,,0.0304,0.0372,0.0487,,,,,,,-0.0483,-0.0471,-0.0307,-0.0238,-0.0055,-0.003,0.0061,0.0155,0.0189,0.0094
2018-03-17,-39.2813,175.5618,O,,0.0835,,,,,,,0.0644,0.0336,0.0053,,-0.0566,,,,-0.1112,,,-0.0242,-0.0281,-0.0286,-0.0048,-0.0093,0.0129,0.0178,0.0075,0.0074,0.0018,-0.0329
2018-03-17,-39.2813,175.5618,S,,,,,,,-0.0343,-0.0266,-0.0096,0.0028,0.0051,0.0116,0.0171,0.0153,0.0075,0.0025,0.0024,-0.0005,-0.005,-0.0022,-0.0058,-0.0063,-0.0018,-0.0016,-1e-04,0.0021,0.004,0.0088,0.0083,0.0123
2018-03-17,-39.2813,175.5618,SE,,,,,,,-0.0124,0.0102,0.0007,-0.0086,-0.0186,0.0163,0.0109,0.0065,0.007,0.0021,-0.0007,-0.0019,-0.0054,-0.0083,-0.0041,-0.0034,-0.004,-0.0047,-0.0015,0.0053,0.0013,0.0003,-0.0002,-1e-04
2018-03-17,-39.2813,175.5618,SO,,,,,-0.0007,,,-0.0206,-0.0296,-0.0323,-0.0231,,0.0205,-0.0073,-0.0157,-0.0269,0.0032,0.005,0.0162,0.0231,0.0146,0.0059,0.0033,-0.0043,-0.0019,-0.0006,0.0017,0.0012,0.0002,0.0005
2018-03-24,-39.2789,175.564,E,0.1394,,-0.004,,,,-0.0132,-0.0173,-0.0142,-0.0057,-0.0041,0.0154,0.0036,-0.0,0.0032,,,,,,,,,,0.0011,0.0062,0.0032,0.0042,0.0011,0.0028
2018-03-24,-39.2789,175.564,N,,,,,0.1155,0.1547,0.1458,,,,,-0.0119,0.0053,0.005,0.0086,-0.0004,-0.0039,0.0056,0.0045,0.0037,0.0065,0.0007,-0.0005,-0.0007,-0.0015,-0.0032,0.0009,0.0022,-0.0021,-0.0009
2018-03-24,-39.2789,175.564,NE,,0.1484,,,,-0.008,-0.0075,-0.0105,,-0.0008,0.0047,0.0026,0.014,0.014,0.0169,0.0063,0.0052,-0.0283,-0.0016,,0.0007,-0.0065,-0.0074,-0.0047,,-0.0033,-0.0023,-0.0024,0.0037,0.0069
2018-03-24,-39.2789,175.564,NO,,,,,,,,,,,,,,,,,0.0559,,,,,,-0.023,-0.0175,-0.0094,-0.0025,0.0026,0.0089,-0.005,-0.0069
2018-03-24,-39.2789,175.564,O,,,,,,,,,,,,,,,,,,,,,,-0.0,,,,,,-0.0,,0.0
2018-03-24,-39.2789,175.564,S,0.1732,,,0.1804,,,,,,,0.0248,0.0094,0.0015,-0.0067,0.0023,0.0092,0.0133,0.0123,-0.0094,-0.0118,-0.0096,-0.0006,-0.0039,-0.0017,-0.0034,-0.0011,-0.0031,-0.0007,-0.0013,-0.0021
2018-03-24,-39.2789,175.564,SE,,0.0902,,,,,,,,,-0.0164,-0.0293,-0.0182,-0.0132,-0.0111,-0.0061,-0.003,0.0026,0.0099,0.0108,0.01,0.0102,0.0129,0.0121,0.0084,0.004,-0.0019,-0.0053,-0.0074,-0.0116
2018-03-24,-39.2789,175.564,SO,,,,,,0.147,0.147,,,,0.0059,0.0137,0.0222,0.0207,0.0095,0.0074,0.0017,0.0002,-0.0,-0.0008,-0.0107,-0.0018,-0.0219,-0.0057,-0.017,-0.0211,0.0003,0.0066,0.0055,-0.0091
2018-05-12,-39.2816,175.5657,E,0.0139,0.0043,0.0132,0.0132,0.0119,0.0132,-0.0007,-0.0005,0.0023,-0.0015,-0.0003,0.0015,0.0079,0.0103,0.012,0.0136,0.0083,0.0158,,,,,,,,,-0.0257,-0.0234,-0.0235,-0.0289
2018-05-12,-39.2816,175.5657,N,0.0079,0.0079,0.0033,0.008,0.0089,0.0091,0.005,-0.0004,0.0009,0.0018,0.0072,0.007,0.007,0.0062,0.0059,0.0054,-0.0031,-0.0073,-0.004,-0.0043,-0.0016,-0.0003,-0.0004,-0.0003,0.0022,0.0031,0.0021,0.0015,0.0006,0.0003
2018-05-12,-39.2816,175.5657,NE,,-0.0036,-0.0036,-0.0063,-0.0076,-0.0107,-0.0181,-0.0061,-0.0084,-0.005,-0.0014,-0.0017,-0.0009,0.0062,0.0066,0.0047,0.0017,0.0003,-0.0028,-0.0035,1e-04,0.001,1e-04,-0.0039,-0.0013,-0.0016,-0.003,-0.0015,0.0075,0.012
2018-05-12,-39.2816,175.5657,NO,,0.0196,0.0048,0.0095,0.01,0.0093,0.0102,0.0074,0.0063,-0.0012,-0.002,-0.0036,0.0071,0.0112,0.0089,-0.0021,-0.0046,-0.0009,-0.0066,-0.001,0.0064,0.0028,0.005,0.005,0.0013,-0.0052,-0.0062,-0.0064,-0.0056,-0.0067
2018-05-12,-39.2816,175.5657,O,,0.0378,0.0089,0.0238,0.0194,0.0149,0.007,-0.0073,,,,,,,,,0.0189,0.0018,-0.0075,-0.0083,-0.0021,0.0018,0.0018,-0.0008,-0.0006,0.0015,0.0055,0.0055,0.0033,-0.002
2018-05-12,-39.2816,175.5657,S,0.044,0.0276,0.0276,0.0276,0.024,0.0226,0.0204,0.0158,0.0114,0.0114,0.0126,0.0124,0.001,-0.0011,0.0065,0.005,0.0053,0.0013,-0.0092,-0.0075,-0.0037,0.001,0.0008,-0.0015,-0.0057,-0.0058,-0.0032,-0.005,-0.0051,-0.0053
2018-05-12,-39.2816,175.5657,SE,,0.0212,0.019,0.015,0.0168,0.0169,0.0114,0.0071,0.0089,0.0091,0.0044,-0.0002,-0.0031,-0.0005,-0.0051,-0.0018,-0.0021,-0.0005,-0.0022,-0.0045,-0.0007,-0.0062,-0.0067,-0.0053,-0.0068,-0.0066,-0.0102,-0.0103,-0.0041,0.009
2018-05-12,-39.2816,175.5657,SO,,0.0389,0.0247,0.0177,0.0154,0.0134,0.0119,0.0058,0.0105,-0.0015,-0.0124,,,,,,0.0139,0.0079,0.0035,-0.0031,-0.0034,-0.0042,-0.0058,-0.0055,-0.005,0.001,0.0013,-0.0004,-0.0014,-0.0033
2019-01-22,-39.2816,175.5667,E,,,,0.0199,0.0151,0.0156,0.0109,0.0118,0.0203,0.0017,-0.0078,-0.0185,,,,,,,,,,,,,,,,,,
2019-01-22,-39.2816,175.5667,N,0.0987,0.0612,0.0569,0.0217,0.01,0.0027,-0.0003,0.0049,0.0055,0.0037,0.0068,0.0125,0.0048,0.0039,-0.006,-0.0086,0.0005,-0.0049,-0.0081,-0.0116,-0.0153,-0.0056,0.0,-0.0089,-0.0088,-0.0071,0.0012,0.0138,0.0179,0.0068
2019-01-22,-39.2816,175.5667,NE,,,,-0.0076,-0.0083,-0.0213,-0.011,0.0004,0.007,0.015,-0.0162,-0.0096,0.0259,0.0055,-0.0176,-0.0231,,,,,,,,,,,,,,
2019-01-22,-39.2816,175.5667,NO,,0.0547,0.0197,-0.0002,-0.0377,-0.0299,-0.0339,-0.0277,-0.0132,-0.0218,-0.0206,-0.0243,-0.0225,-0.0272,-0.0219,-0.0182,-0.014,-0.0146,-0.005,-0.0033,0.0012,0.023,0.0175,0.0155,0.0189,0.0159,0.0151,0.0114,0.0042,-0.0002
2019-01-22,-39.2816,175.5667,O,,,0.0965,0.0786,0.052,0.0552,0.0316,0.0449,0.0316,0.0229,0.0037,0.0014,-0.0123,-0.0262,-0.0221,-0.0105,0.0181,0.0024,0.0332,0.0244,0.0135,0.0053,0.0091,0.001,-0.0113,-0.0189,-0.002,-0.002,-0.0097,-0.0301
2019-01-22,-39.2816,175.5667,S,,,,,,,,,,,,,,,,,,,,,,,,,0.0,0.0,,,,0.0
2019-01-22,-39.2816,175.5667,SE,,,,,,,,,,,,,,,,,,,,,,,,,,,0.0,0.0,0.0,0.0
2019-01-22,-39.2816,175.5667,SO,,,,,,,,,0.0587,0.0514,0.0341,0.0117,-0.0155,-0.0224,-0.0298,-0.0333,,,,,,,,,,,,,-0.0569,-0.067
2019-02-15,-39.2811,175.5671,E,,,,0.0177,-0.0012,-0.0014,0.0014,0.0148,0.0301,0.0223,-0.0153,-0.0485,,,-0.0211,,,,,,,,,,,-0.0062,0.033,0.0194,0.0091,-0.0263
2019-02-15,-39.2811,175.5671,N,,-0.0901,-0.0926,-0.0471,-0.0795,-0.0323,-0.0066,-0.0,0.0126,0.0104,0.0069,0.0098,-0.0083,-0.0035,-0.0116,0.0013,0.0064,0.0181,0.03,0.0104,0.0025,0.0077,0.0092,-0.0112,0.0085,0.0083,0.0108,0.0236,0.0248,0.0327
2019-02-15,-39.2811,175.5671,NE,,0.2864,0.2591,0.2502,0.2089,-0.0163,-0.0704,0.0117,0.0345,0.0112,0.0316,0.0153,0.0589,0.0218,-0.0363,-0.0202,-0.0125,-0.036,-0.0405,,,,,,,,,,,0.1259
2019-02-15,-39.2811,175.5671,NO,,0.0184,-0.035,-0.0367,-0.0499,-0.0575,-0.056,-0.0349,-0.0209,-0.0029,0.0178,0.0185,0.0278,0.0412,0.0414,0.0572,0.0711,0.0357,0.0194,-0.0131,-0.0262,-0.0195,0.0031,-0.0008,0.0004,-0.001,0.0023,0.0131,-0.0124,-0.0304
2019-02-15,-39.2811,175.5671,O,,0.0526,0.0325,0.0363,0.0339,-0.0133,-0.0353,-0.014,0.0114,,,,,,,,,-0.0556,-0.0005,-0.0061,0.01,0.0347,0.0535,0.0536,0.0328,0.0214,0.0096,-0.0122,0.0031,-0.0022
2019-02-15,-39.2811,175.5671,S,,,,,,,,,,,,,,,,0.063,-0.0198,-0.013,-0.0187,-0.0396,-0.0324,,,-0.0068,0.0059,0.0059,0.0071,0.0042,-0.0022,-0.0166
2019-02-15,-39.2811,175.5671,SE,,,,,,,,,,,,,0.0,0.0,,,,,,,,,,,,,,0.0,0.0,0.0
2019-02-15,-39.2811,175.5671,SO,,,,,,,,,,,,,,,,,,,0.0038,-0.001,-0.003,-0.0014,,,,-0.0061,-0.0045,0.0302,-0.013,0.0123
2019-03-04,-39.2811,175.5671,E,,,0.0232,0.0533,0.0624,0.0682,0.0251,0.031,0.0532,0.0248,0.0048,-0.0776,-0.0447,-0.0173,-0.0032,0.0013,-0.0014,,,0.0025,-0.0436,0.0177,0.0454,0.0496,0.0367,0.0004,0.0031,-0.0062,-0.0165,-0.0242
2019-03-04,-39.2811,175.5671,N,,-0.0844,-0.0917,-0.0577,-0.0829,-0.0423,-0.0026,0.0116,0.0153,0.0177,0.0232,0.0288,0.0066,0.0034,0.0063,-0.0026,0.0045,0.0282,0.0266,0.0044,-0.0029,0.0137,0.0023,0.0119,0.0138,0.0171,0.0247,0.0162,0.0254,0.0391
2019-03-04,-39.2811,175.5671,NE,,0.1111,0.1007,0.11,0.0806,-0.0485,-0.039,0.0271,0.0543,0.0273,0.0363,0.0543,0.0755,0.0679,0.0284,0.0113,-0.0085,-0.0216,-0.036,-0.0547,-0.0902,-0.1064,-0.1023,,0.0102,-0.0014,0.0199,-0.024,-0.0446,-0.1002
2019-03-04,-39.2811,175.5671,NO,,0.0243,-0.0305,-0.047,-0.0519,-0.0521,-0.0499,-0.0356,-0.022,-0.0138,-0.0051,0.0096,0.0056,0.0075,0.0125,0.0118,0.0106,0.0093,0.0002,-0.005,-0.0187,-0.0149,0.0036,0.0173,-0.0002,0.0074,0.0096,0.0115,-0.0065,-0.0247
2019-03-04,-39.2811,175.5671,O,,0.055,0.02,0.0005,-0.0005,-0.0066,0.0071,0.0147,0.0261,0.0411,0.0257,0.0066,0.0008,-0.0047,-0.0086,-0.0146,-0.0037,-0.0028,0.0065,0.0153,0.0159,0.0163,0.0168,0.0109,-0.007,-0.0215,-0.0363,0.0416,0.024,0.0221
2019-03-04,-39.2811,175.5671,S,,,,,,,,,,,,,,,,0.0481,0.02,0.0238,0.0042,-0.0556,-0.023,,,-0.0147,-0.0066,-0.0085,0.0027,0.0076,0.0127,-0.0154
2019-03-04,-39.2811,175.5671,SE,,,,,,,,,,,0.0216,0.0122,-0.0315,-0.0277,,,,,,,,0.0487,0.0968,0.0458,-0.004,-0.009,0.0167,-0.0258,-0.0243,-0.0264
2019-03-04,-39.2811,175.5671,SO,,,,,,,,,,0.1263,,0.0988,0.077,0.0234,-0.0214,0.0038,0.0082,-0.0271,-0.0327,-0.0349,-0.0364,-0.0369,-0.0389,-0.038,,-0.0193,,,-0.0495,-0.0521
2020-01-25,-39.283,175.5674,E,,0.0018,0.019,0.0007,0.0053,0.016,0.0156,0.0221,0.0254,0.009,-0.0134,0.0307,0.0155,0.0124,-0.0002,-0.0165,-0.0325,-0.0413,,-0.1264,,,,,,,,,,
2020-01-25,-39.283,175.5674,N,,0.0253,0.0278,0.0289,0.0154,0.01,-0.0252,-0.0279,-0.0118,0.0094,0.0019,0.0029,0.0154,-0.0003,0.001,-0.0399,-0.0334,-0.0268,-0.0224,-0.0161,-0.0111,-0.009,-0.0055,0.0325,0.0529,0.0097,0.0088,0.0195,0.0115,0.0101
2020-01-25,-39.283,175.5674,NE,,0.0458,0.0422,0.0609,0.0483,0.0388,0.0011,-0.0228,-0.0219,-0.0219,-0.0179,-0.0199,0.0221,0.0712,0.0657,0.0253,-0.0108,-0.0523,,-0.0692,-0.0689,,,,,,,,,
2020-01-25,-39.283,175.5674,NO,,-0.0381,-0.0129,0.0045,0.0049,0.0103,-0.0127,-0.0028,-0.0185,-0.0204,-0.0256,-0.0318,-0.024,-0.0354,-0.0122,-0.0056,-0.0007,0.0036,0.0112,0.0193,0.0223,0.0167,0.0191,0.0298,0.0336,0.0253,0.0008,-0.0247,-0.0376,-0.0629
2020-01-25,-39.283,175.5674,O,,0.0248,0.0418,0.0432,-0.0011,-0.0237,-0.026,-0.0178,-0.0171,-0.0066,0.0161,0.0188,0.0291,0.0264,0.0216,0.0213,0.0085,0.0275,0.0158,0.0027,-0.0347,-0.0296,0.0785,0.1107,0.0776,0.0499,0.0188,-0.0097,-0.0941,-0.0737
2020-01-25,-39.283,175.5674,S,,0.0833,,,,0.0492,,0.054,0.0576,0.042,0.0319,0.0114,,-0.0023,-0.0007,-0.0183,-0.0324,,,,,,,,,-0.0206,-0.0115,-0.0003,0.0002,0.0085
2020-01-25,-39.283,175.5674,SE,,0.1154,0.101,,,,,,,,,,,,,,,,,,,,,,,,0.0,0.0,0.0,0.0
2020-01-25,-39.283,175.5674,SO,,0.1582,0.1622,0.1508,0.1447,0.1084,0.073,0.0353,-0.007,-0.0117,-0.0173,-0.0204,-0.0057,-0.001,-0.0006,-0.0003,,-0.0197,,,-0.0162,0.0134,0.0233,0.0284,0.0068,-0.0083,-0.0177,-0.0128,-0.0133,-0.0061
2020-02-10,-39.283,175.5674,E,,0.0064,0.0115,0.0088,0.007,0.0116,0.0089,0.0203,0.0522,0.0374,0.0316,0.0713,0.057,0.0655,0.0575,0.0429,0.0073,-0.0367,-0.0688,-0.0949,-0.0838,-0.0939,-0.1133,-0.1246,,-0.0743,-0.0747,-0.0479,-0.0188,-0.0007
2020-02-10,-39.283,175.5674,N,,-0.063,-0.0549,-0.0545,-0.0442,-0.0283,-0.0155,-0.0074,0.002,0.0179,0.02,0.0304,0.0264,0.013,0.0125,-0.0087,-0.0317,-0.0331,-0.0374,-0.0226,-0.0063,-0.024,-0.0193,0.0017,0.0048,0.0173,0.0174,0.0143,0.0068,-0.0022
2020-02-10,-39.283,175.5674,NE,,0.0878,0.124,0.1515,0.112,0.0736,0.0321,-0.0697,-0.0518,-0.0269,-0.0086,0.0129,0.0375,0.0309,0.0366,0.0497,0.0062,-0.0142,-0.0418,-0.0304,-0.0195,-0.0965,-0.0797,-0.0293,-0.0224,-0.0108,,0.0263,0.0489,0.0172
2020-02-10,-39.283,175.5674,NO,,-0.0194,0.002,0.0176,0.0318,0.0038,-0.0425,-0.0265,-0.0326,-0.0253,-0.0209,-0.0222,-0.0268,-0.0317,-0.0086,-0.0125,0.0006,0.0199,0.0215,0.0204,0.0179,0.0176,0.0103,0.0174,0.0217,0.0226,0.0019,-0.0138,-0.0172,-0.0516
2020-02-10,-39.283,175.5674,O,,0.0181,0.0277,0.0307,-0.0064,-0.0235,-0.0268,-0.0208,-0.017,-0.0024,0.0183,0.0136,0.0258,0.0424,0.074,0.0727,0.0535,0.0359,0.0197,0.013,-0.0085,-0.023,-0.0298,0.0293,0.0303,-0.086,-0.0154,-0.052,-0.0672,-0.0781
2020-02-10,-39.283,175.5674,S,,0.0583,,,,0.0657,,0.0666,0.073,0.0625,0.0496,0.0086,0.0399,0.0103,-0.0159,0.0176,-0.0118,-0.0189,,,-0.0433,,,,,-0.0269,-0.0124,-1e-04,0.0034,0.0053
2020-02-10,-39.283,175.5674,SE,,0.1068,0.0833,,,,,,,,,,,,,,,,,,0.0,0.0,0.0,0.0,0.0,,0.0,0.0,0.0,0.0
2020-02-10,-39.283,175.5674,SO,,0.1434,0.1368,0.1315,0.1406,0.1126,0.0681,0.0351,-0.0017,-0.0116,-0.0203,-0.0144,-0.0083,-0.0028,-0.0028,-0.002,0.003,0.0165,0.0299,0.0555,0.0379,0.0518,0.0307,0.0375,0.0235,0.0186,0.0008,-0.0152,-0.0276,-0.0229
2020-02-19,-39.283,175.5674,E,,0.0209,0.0283,0.0148,0.0132,0.0236,0.0147,0.0111,0.0274,0.0353,0.0448,0.0509,0.0186,0.0279,0.0317,0.0404,0.0091,-0.0439,-0.0768,-0.0939,-0.0539,-0.0315,-0.0421,-0.0886,-0.0887,-0.0583,-0.0366,-0.0327,0.0109,0.0426
2020-02-19,-39.283,175.5674,N,,-0.0655,-0.0552,-0.054,-0.048,-0.0382,-0.0247,-0.0201,-0.0114,0.0076,0.015,0.0207,0.0174,0.0136,0.0152,0.0061,-0.0093,-0.0076,-0.0163,-0.0181,-0.0104,-0.0102,-0.0063,0.0012,0.0061,0.0165,0.0106,0.0071,-0.0037,-0.0047
2020-02-19,-39.283,175.5674,NE,,0.1079,0.1502,0.1827,0.1451,0.1142,0.0637,-0.0475,-0.0449,-0.0141,-0.0018,0.0135,0.0206,0.0297,0.03,0.02,0.0003,0.0094,-0.0334,-0.0222,-0.0239,-0.0411,-0.0323,-0.0308,-0.0162,-0.0002,-0.0938,0.0221,0.0368,0.0182
2020-02-19,-39.283,175.5674,NO,,-0.0118,0.0072,0.0165,0.0307,0.001,-0.0433,-0.0296,-0.0305,-0.0216,-0.0173,-0.0197,-0.017,-0.0297,-0.0074,-0.0127,-0.001,0.0192,0.0177,0.0239,0.0172,0.017,0.0052,0.0108,0.0136,0.0148,-0.0013,-0.0067,-0.0073,-0.044
2020-02-19,-39.283,175.5674,O,,0.0271,0.0366,0.0409,0.0018,-0.0153,-0.017,-0.0099,-0.0102,-0.0037,0.0157,0.0102,0.0216,0.0373,0.0669,0.0686,0.0557,0.0453,0.0191,-0.0022,-0.0013,-0.0175,-0.0118,0.0091,-0.0549,-0.0735,-0.0407,-0.0574,-0.0503,-0.0606
2020-02-19,-39.283,175.5674,S,,0.0701,,,,0.064,,0.0553,0.055,0.0486,0.0445,0.0175,0.0393,0.0151,-0.0029,-0.0132,-0.0092,-0.0293,-0.0176,-0.0033,-0.0267,,,,,-0.0073,0.0006,-0.0028,-0.0091,-0.0168
2020-02-19,-39.283,175.5674,SE,,0.1071,,,,,,,,,,,,,,,,,,,0.0028,-0.0003,-0.0004,-0.0004,-0.0003,,-0.0002,-0.0003,1e-04,1e-04
2020-02-19,-39.283,175.5674,SO,,0.1451,0.1381,0.1445,0.1324,0.0999,0.0595,0.0361,-0.0027,-0.0103,-0.0166,-0.0121,-0.0105,-0.0065,-0.0069,-0.0077,0.0027,0.0101,0.0428,0.0614,0.0439,0.0516,0.0308,0.0264,0.0259,0.0189,-0.0008,-0.0268,-0.0287,-0.0295
2020-03-06,-39.2814,175.5671,E,0.0481,,,0.0285,0.0398,0.0363,0.031,0.008,0.0127,0.0112,0.0135,0.0,-0.0224,-0.0253,0.0274,0.0157,0.004,-0.0489,-0.0737,-0.0492,-0.0035,-0.0164,0.0109,0.0245,0.0145,0.028,0.0177,0.0166,0.0046,0.0
2020-03-06,-39.2814,175.5671,N,,-0.0654,-0.0952,-0.0819,-0.0948,-0.053,-0.0238,-0.0057,-0.003,0.0064,0.0181,0.0218,0.0091,0.0076,0.0092,0.006,0.016,0.0296,0.0306,-0.0005,-0.0022,0.0051,0.0059,0.0042,0.0079,0.0074,0.0137,0.016,0.0204,0.0255
2020-03-06,-39.2814,175.5671,NE,,0.0925,0.083,0.0779,0.0634,-0.0706,-0.0558,-0.0202,0.0219,0.0246,0.0518,0.0535,0.043,0.0614,0.034,0.0318,0.0069,-0.0047,-0.0208,-0.0428,-0.0569,-0.0789,-0.0786,-0.0815,-0.0461,-0.0077,0.0725,0.0268,-0.0334,-0.0525
2020-03-06,-39.2814,175.5671,NO,,-0.0192,-0.0456,-0.0465,-0.0468,-0.0507,-0.0459,-0.0331,-0.015,-0.0193,-0.001,-0.0031,-0.0002,0.0017,0.0101,-0.0063,0.0005,-0.0012,-0.0191,-0.0098,-0.0089,-0.0085,0.0057,0.009,1e-04,0.0066,0.0111,0.0159,0.0143,0.0168
2020-03-06,-39.2814,175.5671,O,,0.1165,0.1001,0.0628,0.0416,0.0325,0.0372,0.037,0.0407,0.0271,0.0163,-0.0086,-0.0075,-0.0199,-0.0219,-0.0118,1e-04,-0.0197,-0.0034,0.0095,0.0319,0.0251,0.0343,0.0328,0.0116,-0.0066,-0.019,-0.0443,-0.0167,-0.0134
2020-03-06,-39.2814,175.5671,S,,,,,,,,,,,,,,,0.065,0.0545,0.0096,0.0124,-0.0379,-0.0303,-0.0312,,-0.0271,-0.0154,-0.0128,-0.0034,0.0019,0.0052,0.0102,-0.0056
2020-03-06,-39.2814,175.5671,SE,,,,,,,,,,,,,0.011,,,-0.0174,-0.0236,-0.0223,-0.0199,-0.0254,-0.0017,,0.0274,-0.0153,-0.0035,-0.013,0.0058,0.0202,0.0253,0.0287
2020-03-06,-39.2814,175.5671,SO,,,,,,,,,0.1024,0.0671,0.0863,0.0479,0.0245,0.0236,0.0426,0.0026,-0.0164,-0.0256,-0.028,-0.0309,-0.0326,-0.0369,,,-0.0316,-0.0123,-0.0097,-0.0117,-0.0076,0.0052
2020-03-13,-39.2814,175.5671,E,0.0774,,,0.0488,0.0648,0.0685,0.06,0.0188,0.0168,0.0046,0.0055,0.0278,0.0159,-0.0035,0.0324,0.0129,-0.0099,-0.0471,-0.0468,-0.0448,-0.0144,-0.0168,0.0058,0.0193,0.0187,0.0204,0.0102,-0.0015,-0.0028,-0.01
2020-03-13,-39.2814,175.5671,N,,-0.0155,-0.0548,-0.0551,-0.0668,-0.0421,-0.019,-0.004,-0.0018,0.0095,0.0192,0.0212,0.0092,0.0063,0.0046,0.0041,0.0084,0.0232,0.0138,0.0128,0.0197,0.0219,0.0175,0.0094,0.0117,0.0135,0.0154,0.0148,0.011,0.0115
2020-03-13,-39.2814,175.5671,NE,,0.1093,0.0964,0.0938,0.0776,-0.0587,-0.0455,-0.0219,0.0121,0.0207,0.0421,0.047,0.0345,0.0482,0.0353,0.0345,0.0157,0.0016,-0.0081,-0.0161,-0.0358,-0.0562,-0.0657,-0.0701,-0.0393,-0.0022,0.0242,0.0237,-0.0286,-0.0434
2020-03-13,-39.2814,175.5671,NO,,0.0291,-0.0149,-0.0217,-0.0316,-0.0284,-0.0302,-0.0223,-0.0162,-0.0094,-0.0121,-0.006,-0.0027,0.0005,0.0063,-0.0076,-0.002,0.003,-0.0011,-0.0027,-0.0042,0.0007,0.0056,-0.003,0.0008,0.0096,0.0154,0.0128,0.0054,0.001
2020-03-13,-39.2814,175.5671,O,,0.1393,0.1197,0.0781,0.0736,0.0448,0.0423,0.0344,0.0476,0.0311,0.0143,-0.0096,-0.004,-0.0093,-0.0108,-0.0131,-0.0013,-0.0044,0.0035,0.0101,0.0162,0.0171,0.0206,0.0155,0.0039,-0.0147,-0.0061,-0.0081,-0.0149,-0.0081
2020-03-13,-39.2814,175.5671,S,,,,,,,,,,,,,,,,0.0714,0.0286,0.0314,-0.0125,-0.0478,-0.0411,,,-0.0247,-0.0143,-0.0018,0.0029,0.0101,0.0033,-0.0085
2020-03-13,-39.2814,175.5671,SE,,,,,,,,,,,,,0.061,,0.0364,-0.0034,-0.0183,-0.0103,-0.0018,-0.0122,0.0025,,0.0006,-0.0205,0.0,-0.0102,-0.0081,0.0084,0.0089,0.0137
2020-03-13,-39.2814,175.5671,SO,,,,,,,,,0.1255,0.1066,0.105,0.0465,0.0332,-0.0184,-0.0278,0.0142,-0.013,-0.0287,-0.0373,-0.0397,-0.0409,-0.0424,-0.04,,-0.0253,-0.0078,0.0134,-0.021,-0.0235,-0.022
2020-03-14,-39.283,175.5674,E,,0.0017,0.0126,0.0238,0.0132,0.0402,0.0193,0.0332,0.0783,0.0058,0.026,0.0238,-0.0029,-0.0098,0.0149,0.0221,0.0316,0.0151,-0.0126,-0.0341,-0.0327,-0.0137,-0.0843,-0.0653,-0.0254,,,,,
2020-03-14,-39.283,175.5674,N,,-0.0252,-0.0519,-0.0479,-0.0551,-0.0502,-0.0226,-0.0349,-0.0307,-0.0142,-0.0126,-0.0027,0.0034,0.0074,0.0152,0.0206,0.0091,0.0157,0.0236,0.0064,0.0169,0.0182,0.0125,-0.0055,-0.0035,0.0044,-0.0031,0.0014,0.0059,0.0054
2020-03-14,-39.283,175.5674,NE,,0.0802,0.0991,0.1069,0.0832,0.071,0.0448,-0.0514,-0.0375,-0.0284,-0.0278,-0.0285,0.0047,0.0242,0.042,0.0419,0.0346,0.0372,0.0373,0.0095,-0.0169,-0.0421,-0.032,-0.0035,-0.008,0.0056,-0.0118,-0.0178,-0.0264,-0.0323
2020-03-14,-39.283,175.5674,NO,,0.0499,0.0434,,,,,,,,,,,,-0.0153,-0.0201,-0.0065,0.0024,0.0058,0.0205,0.0316,0.0509,0.044,0.0141,0.0216,0.0039,-0.0173,-0.0272,-0.0265,-0.0213
2020-03-14,-39.283,175.5674,O,,0.0414,,,,,,,,,,-0.0056,0.0003,0.0277,0.0699,0.0529,0.0357,0.0372,0.0297,0.0145,-0.0181,-0.0585,-0.0285,-0.0523,-0.0406,-0.0258,-0.037,-0.0578,-0.0386,-0.0481
2020-03-14,-39.283,175.5674,S,,0.0734,,,,,,,,,,,,,,,0.0733,,0.0278,-0.0219,-0.0025,-0.0277,,,,-0.0086,0.009,-0.0076,-0.0137,0.019
2020-03-14,-39.283,175.5674,SE,,0.0568,,,,,,,,,,,,,,,,,0.0864,0.0378,0.0091,-0.0678,-0.0433,-0.0393,-0.0141,,0.0034,-0.007,0.0218,0.0072
2020-03-14,-39.283,175.5674,SO,,,,,,,,,,,,,0.0062,-0.0233,-0.0252,-0.0373,-0.0398,0.0166,0.0483,0.0331,0.053,0.1013,0.0698,0.0336,0.0279,0.025,0.0054,-0.0042,-0.006,-0.0457
2021-01-27,-39.2814,175.5671,E,,,,,,,,0.0278,,0.0154,0.0095,,-0.0206,-0.0401,,-0.0297,-0.0316,,,-0.034,-0.032,-0.0281,-0.0081,0.0024,0.0115,0.0148,0.0159,0.0116,0.0017,-0.0093
2021-01-27,-39.2814,175.5671,N,,-0.1327,-0.1227,-0.1111,-0.0758,-0.0329,0.0003,0.0044,0.0117,0.0132,0.0087,0.006,-0.0073,0.0036,0.0066,0.0034,0.0108,0.0152,0.0117,0.0092,0.0081,0.0087,0.0078,-0.0037,0.0036,0.0151,0.0044,0.0031,0.0097,0.0129
2021-01-27,-39.2814,175.5671,NE,,,,0.1086,0.0883,0.0315,0.0032,0.0253,0.0432,0.028,0.0418,0.0408,0.0376,0.0349,0.0223,0.0054,-0.0519,-0.0494,-0.0554,,,-0.0632,,,-0.0471,-0.0196,0.0345,0.0161,-0.0134,-0.0277
2021-01-27,-39.2814,175.5671,NO,,-0.0216,-0.0342,-0.0406,-0.0392,-0.0356,-0.0285,-0.0106,0.0012,0.0154,0.016,0.0232,0.0211,0.0142,0.0142,-0.0191,-0.0172,-0.0193,-0.017,-0.0176,-0.0098,-0.0057,0.0037,-0.0006,0.0012,0.0107,0.0087,0.0095,1e-04,0.0045
2021-01-27,-39.2814,175.5671,O,,0.0936,0.09,0.0542,0.0521,0.0298,0.0246,0.0199,0.0179,0.0131,-0.0038,-0.0258,-0.0217,-0.0217,-0.0182,-0.0124,0.0008,-0.0014,0.0099,0.0302,0.0446,0.0412,0.0315,0.0179,0.0027,-0.0143,-0.0155,-0.0147,-0.0053,0.03
2021-01-27,-39.2814,175.5671,S,,,,,,,,,,,,,,,,0.0295,,,-0.0172,,,,,-0.011,-0.0049,-0.0039,-0.0025,0.0054,0.0047,-0.0022
2021-01-27,-39.2814,175.5671,SE,,,,,,,,,,,,,,,,,,,,,-0.0142,,,0.0118,0.0023,,,,-0.0116,-0.011
2021-01-27,-39.2814,175.5671,SO,,,,,,,,,0.0882,0.0778,0.0788,0.0365,0.0217,-0.0123,-0.0383,0.0069,-0.0135,-0.0264,-0.0255,-0.0246,,,,,,-0.0269,-0.027,-0.0099,-0.0122,-0.0093
2021-02-05,-39.283,175.5674,E,,0.0271,0.0212,0.0107,0.0082,0.0175,0.0247,0.032,0.0357,0.0493,0.0314,0.0645,0.0408,0.0158,0.0104,0.0113,0.0078,-0.0027,-0.0331,-0.0639,-0.0123,-0.0196,-0.0264,-0.0417,-0.079,-0.0714,-0.0811,-0.0398,-0.0009,0.0414
2021-02-05,-39.283,175.5674,N,,-0.0392,-0.0293,-0.0276,-0.0257,-0.0214,-0.012,-0.0177,-0.0169,-0.0033,-0.0022,0.0099,0.0128,0.0076,0.0102,-0.0076,-0.0156,0.0026,0.0201,0.0188,0.0123,-0.0017,0.006,-0.0046,-0.0034,0.0094,0.0111,0.0176,0.0033,0.0034
2021-02-05,-39.283,175.5674,NE,,0.2383,0.2937,0.3293,0.2919,0.2302,0.0829,-0.054,-0.0429,-0.0238,-0.0062,0.0032,0.0066,0.0165,0.0257,0.0288,0.0112,0.0232,0.0174,0.0105,0.0197,-0.0006,-0.0144,-0.0009,-0.0262,-0.0359,-0.0448,-0.0357,-0.0278,0.0093
2021-02-05,-39.283,175.5674,NO,,-0.0217,-0.0211,-0.0243,-0.0102,-0.0315,-0.0484,-0.032,-0.0285,-0.016,-0.0144,-0.0077,-0.016,-0.0061,0.0064,0.0136,0.0088,0.0211,0.0147,0.0238,0.0295,0.0303,0.0125,0.0061,0.0149,-1e-04,-0.0141,-0.0315,-0.0302,-0.043
2021-02-05,-39.283,175.5674,O,,0.0333,0.0369,0.025,-0.0186,-0.0384,-0.0284,-0.0079,-0.0126,-0.0075,0.0152,0.0217,0.0346,0.0371,0.0498,0.0554,0.0533,0.0393,0.0121,-0.0017,-0.026,-0.0367,-0.0203,0.0184,-0.0502,-0.0183,-0.0188,-0.0954,-0.0788,-0.0985
2021-02-05,-39.283,175.5674,S,,0.0778,0.076,,,0.0699,0.0308,0.0423,0.056,0.0327,0.0329,0.0103,0.0232,0.0293,0.0075,0.0254,-0.0146,-0.0092,-0.0462,-0.0451,-0.0421,,,,,,-0.0094,-0.0023,0.0015,-0.0079
2021-02-05,-39.283,175.5674,SE,,0.098,0.0904,,,,,,,,,,,,,,,,0.0113,-0.0107,,,,,,,,0.0011,-0.002,1e-04
2021-02-05,-39.283,175.5674,SO,,0.1374,0.1162,0.1002,0.1002,0.0682,0.0367,0.019,0.0005,-0.0056,-0.0129,-0.0186,-0.008,-0.0072,-0.0085,-0.0064,0.0124,0.0212,0.0391,0.0078,0.0082,0.0282,0.0123,0.0032,-0.0033,-0.0073,-0.0135,-0.012,-0.0115,-0.0195
2021-03-16,-39.2814,175.5671,E,0.0379,,,,0.0495,0.0591,0.0326,0.0171,0.0062,0.0128,0.0196,0.0294,0.03,0.0057,0.0189,0.011,0.008,-0.0018,-0.0006,-0.0023,0.0004,-0.0022,0.0015,0.0054,0.0053,0.0036,0.0025,-0.001,-0.0032,-0.0062
2021-03-16,-39.2814,175.5671,N,,-0.0117,-0.0409,-0.0379,-0.0518,-0.0424,-0.0236,-0.0137,-0.0089,0.0004,0.0063,0.0068,-0.0033,0.0038,0.0037,0.0039,0.007,0.0091,0.0079,0.0122,0.0121,0.01,0.009,0.005,-0.0031,0.0051,0.0102,0.0078,0.0097,0.0081
2021-03-16,-39.2814,175.5671,NE,,0.0548,0.0518,0.0555,0.0442,-0.0575,-0.038,-0.0219,0.0045,0.012,0.0303,0.0312,0.0202,0.0342,0.0291,0.0297,0.0184,0.0034,0.0066,-1e-04,-0.0011,-0.0096,-0.0194,-0.0255,-0.0253,-0.0125,-0.0098,-0.0065,-0.0157,-0.0196
2021-03-16,-39.2814,175.5671,NO,,0.0239,-0.0037,-0.03,-0.0169,-0.019,-0.0192,-0.014,-0.0065,-0.0005,0.0002,0.0008,0.0032,0.004,0.0055,0.005,0.0077,0.0095,0.0048,0.0034,-0.0007,0.003,-0.0046,-0.0041,-0.0076,0.0008,0.0088,0.0086,0.0035,0.003
2021-03-16,-39.2814,175.5671,O,,0.0975,0.0844,0.0581,0.0607,0.0473,0.0309,0.0241,0.0343,0.0211,0.0039,-0.0135,-0.0048,0.0017,-0.0053,-0.017,-0.0061,-0.013,-0.0021,0.0072,0.0038,0.0054,0.0039,0.0065,0.0071,-0.0085,-0.0133,-0.0083,-0.0007,-0.0134
2021-03-16,-39.2814,175.5671,S,,,,,,,,,,,,,,,,0.0566,0.0301,0.025,0.0045,-0.0276,-0.0244,-0.0297,-0.0208,-0.0155,-0.0012,0.0034,0.0043,0.0025,-0.0054,-0.0153
2021-03-16,-39.2814,175.5671,SE,,,,,,,,,,,,0.0757,0.0308,0.0308,0.0245,0.0028,,0.0056,0.0049,-0.0095,-0.0083,-0.0103,-0.0101,-0.0117,-0.0061,-0.0059,-0.0054,-0.0041,-0.0033,1e-04
2021-03-16,-39.2814,175.5671,SO,,,,,,,,,,0.0636,0.0622,0.019,0.0199,-0.0082,-0.0205,0.0135,-0.0077,-0.0213,-0.0257,-0.0206,-0.0194,-0.0099,-0.0169,-0.0046,0.0075,0.025,0.0224,-0.0187,-0.0223,-0.0263
2021-03-24,-39.28,175.5664,E,,,0.0304,0.0272,0.0403,-0.0147,-0.0219,-0.0068,0.0102,0.0079,0.0028,-0.0016,0.0088,0.0026,-0.0017,-0.0007,0.0053,-0.004,0.0093,0.0024,0.0026,0.0208,0.0177,0.0081,,,,,,
2021-03-24,-39.28,175.5664,N,,0.3427,0.3584,0.3473,0.3069,-0.0165,-0.0719,-0.0353,0.0065,0.0099,0.0186,0.0231,0.0355,0.0417,0.0386,0.0286,0.0171,0.003,-0.0085,-0.0158,-0.0115,-0.0185,-0.0209,-0.0158,-0.0142,-0.0289,-0.0328,-0.009,-0.0289,-0.0108
2021-03-24,-39.28,175.5664,NE,,0.0935,0.0963,0.0305,-0.0965,-0.0722,-0.039,-0.0137,0.0004,0.0117,0.022,0.0274,0.0336,0.0339,0.0369,0.0331,0.0363,-0.0013,-0.0172,-0.0235,-0.0327,-0.02,-0.0035,0.0025,0.0101,-0.01,-0.013,-0.0141,0.0071,0.016
2021-03-24,-39.28,175.5664,NO,,0.0274,0.0125,0.0078,-0.0522,-0.0209,0.0037,-0.061,,,,,,,0.0139,-0.016,0.0064,-0.0089,-0.0048,-0.0157,0.0015,0.0009,0.0003,-0.0012,-0.0067,0.0032,0.0022,0.0109,0.0151,0.0054
2021-03-24,-39.28,175.5664,O,,,,,,,,,,,,,0.0885,0.0424,0.03,0.0176,0.0087,0.0063,0.0045,-0.0318,-0.0207,-0.0118,-0.0091,-0.0088,-0.0023,-0.0037,-0.0014,0.005,0.001,-0.0027
2021-03-24,-39.28,175.5664,S,,,,,,,,,,,,,,0.0801,0.0205,0.0225,-0.0097,-0.0086,-0.0078,-0.0099,-0.0123,-0.0067,0.0025,-0.0008,-0.0022,0.0027,0.0041,-0.0005,-0.0057,-0.0091
2021-03-24,-39.28,175.5664,SE,,,,,,,,-0.0078,0.0188,-0.0245,-0.0043,-0.0141,0.0024,-0.0086,-0.0228,-0.037,-0.0435,-0.0316,-0.0203,-0.0094,0.0046,-0.019,-0.0104,-0.001,-0.0012,0.0051,0.0134,0.0201,0.0331,0.0382
2021-03-24,-39.28,175.5664,SO,,,,,,,,,,,,,,,0.0715,0.0837,0.0924,0.0673,0.0275,-0.0083,-0.0253,-0.0543,-0.0104,-0.0149,,-0.0213,-0.0191,-0.0128,-0.0041,0.0102
2021-03-25,-39.2813,175.5618,E,,,-0.0227,,-0.0509,-0.0597,-0.0784,-0.0991,,,,,,,,,,-0.083,-0.109,-0.0786,-0.0521,-0.0063,0.0184,-0.0041,0.0053,0.0174,0.03,0.0315,0.0166,0.0106
2021-03-25,-39.2813,175.5618,N,,,,,,,,,,,,,,-0.0018,0.0262,0.0368,0.0062,0.0085,0.0027,-0.0452,-0.0232,0.0045,0.0174,0.0096,0.02,0.0102,0.0089,-0.0015,-0.0103,-0.0145
2021-03-25,-39.2813,175.5618,NE,,,,,,,,,,,,,,,-0.0179,-0.018,-0.0467,-0.0576,-0.0464,-0.0151,0.0076,0.0209,0.023,0.0191,0.0181,0.0149,0.0066,0.0028,0.0039,0.0086
2021-03-25,-39.2813,175.5618,NO,,,,,,,,,,0.0432,0.0456,0.0218,0.0092,0.0073,0.0044,0.0176,0.0029,-0.0217,-0.0224,-0.0306,-0.0254,-0.0139,-0.0025,0.0133,0.0152,0.0208,0.0222,0.0149,0.0218,0.0066
2021-03-25,-39.2813,175.5618,O,,,0.0661,0.0398,0.0268,0.0368,0.0819,0.0773,0.029,0.0066,0.0039,-0.0216,-0.0462,-0.0694,-0.0781,-0.0631,-0.0507,-0.0454,-0.0363,-0.0287,-0.0055,0.0139,-0.0014,0.019,0.0208,0.0201,0.0316,0.0122,0.0084,-0.039
2021-03-25,-39.2813,175.5618,S,,0.0691,0.069,0.0435,0.0265,0.0298,0.0135,0.008,,0.0347,,,,,,0.0004,-0.0051,0.0059,0.0029,0.0028,-0.0039,-0.0009,-0.0009,0.0021,0.0079,0.0098,0.0086,0.0136,0.0123,0.0074
2021-03-25,-39.2813,175.5618,SE,,0.088,,0.0457,0.0172,0.0469,0.0169,0.0099,-0.0031,-0.0064,-0.0211,0.0014,0.0145,0.0118,0.0065,-0.0021,-0.0085,-0.0073,-0.0065,-0.0135,-0.0025,0.0135,-0.0167,-0.0106,-0.0073,0.0029,0.0102,0.0069,0.004,0.0046
2021-03-25,-39.2813,175.5618,SO,0.1074,0.085,0.0169,0.0388,0.0124,1e-04,0.0085,0.0074,0.0028,-0.0049,-0.0122,-0.0263,,-0.0146,0.0098,-0.0039,0.0418,0.0083,0.0139,0.0052,0.0039,0.0059,-0.0058,-0.0067,-0.0046,-0.0038,-0.0003,-0.0016,-0.004,-0.0048
2021-04-01,-39.2811,175.5671,E,,,,0.0669,0.0698,0.0479,0.0144,-0.0021,-0.0125,-0.0115,-0.0088,-0.0055,-0.0047,-0.0023,-0.0007,0.0008,-0.0041,0.0035,0.0154,0.0149,0.0154,0.0082,0.0133,0.0165,0.0172,0.0101,-0.0003,-0.0061,-0.0101,-0.0125
2021-04-01,-39.2811,175.5671,N,,0.0318,0.0113,0.0151,-0.0069,-0.0122,0.0099,0.0149,0.023,0.0278,0.0227,0.0228,0.0055,0.0,-0.0009,-0.0054,-0.0163,-0.0164,-0.0093,0.0041,0.0054,0.0059,0.0041,0.0022,0.0075,0.0036,0.0042,0.0078,0.009,0.0105
2021-04-01,-39.2811,175.5671,NE,,0.0821,0.0692,0.0682,0.0486,0.0041,-0.0183,0.0228,0.0208,0.0092,0.0154,0.0064,0.0039,0.0094,0.0002,-0.0021,-0.004,-0.0052,-0.0036,-0.0036,-0.0076,-0.0122,-0.0126,-0.0103,-0.001,0.0004,0.0059,-0.0014,-0.0029,-0.004
2021-04-01,-39.2811,175.5671,NO,,0.0844,0.0247,0.0182,0.0052,0.0099,-0.0017,-0.0075,-0.0052,-0.0022,0.0181,0.0272,0.0056,-0.0161,-0.0144,-0.0084,-0.0016,0.0047,0.004,0.0024,0.0031,0.0049,0.0063,0.0024,-0.0025,-0.0016,-0.0005,0.0025,-0.0058,-0.0015
2021-04-01,-39.2811,175.5671,O,,0.1053,0.0886,0.0815,0.054,0.0658,0.0489,0.0352,0.0271,0.0348,0.0305,0.0133,-0.0004,-0.0019,-0.0046,-0.0113,-0.0116,-0.0147,-0.0201,-0.0038,-0.0077,-0.0046,0.0008,0.0027,0.0036,0.007,0.0017,-0.0025,-0.0107,-0.0111
2021-04-01,-39.2811,175.5671,S,,,,,,,,,,,,,,,,0.0732,0.0179,0.0268,-0.0031,-0.0076,-0.0142,-0.0115,-0.0053,-0.0066,-0.0054,0.0022,0.0017,-0.005,-0.0119,-0.0192
2021-04-01,-39.2811,175.5671,SE,,,,,,,,,,,0.0581,0.0561,0.0421,0.0412,0.0157,-0.0004,-0.0028,-0.0062,-0.0016,-0.0029,-0.0093,-0.0093,0.0069,-0.0089,-0.0048,-0.0122,-0.0082,-0.0058,-0.0053,-0.0032
2021-04-01,-39.2811,175.5671,SO,,,,,,,,,,0.1111,,0.0734,0.0316,0.0362,-0.0176,0.0076,-0.0021,-0.0289,-0.027,-0.0301,-0.0224,-0.0325,-0.029,-0.0239,-0.0169,-0.0204,0.0081,-0.0135,-0.0119,-0.0105
2021-06-05,-39.2832,175.566,E,-0.0018,-0.002,-0.0021,-0.0028,-0.001,-0.0057,0.0002,0.0003,-0.0029,-0.0069,-0.0057,-0.0057,-0.0003,0.001,0.0016,0.0012,0.0006,0.0023,0.0015,0.0026,-0.001,,,,,,,,,-0.0006
2021-06-05,-39.2832,175.566,N,0.0139,0.005,0.0075,0.0036,0.0003,0.001,0.0065,0.0002,0.0004,0.0013,0.0014,0.001,-0.0052,-0.0054,-0.0055,-0.0011,-0.006,-0.0021,0.0017,1e-04,1e-04,1e-04,0.0004,0.0011,0.0029,0.0042,0.0012,-0.0016,-0.0013,0.0
2021-06-05,-39.2832,175.566,NE,,0.0013,-0.0033,-0.0031,0.0011,0.0026,0.002,0.0015,0.003,0.0024,0.0009,0.0006,-0.0014,-0.0028,-0.0011,-0.0023,-0.0029,-0.0033,-0.0043,-0.0046,0.0013,0.0035,0.0026,1e-04,0.0016,-1e-04,-0.0009,-0.0013,-0.0021,-0.0033
2021-06-05,-39.2832,175.566,NO,,0.0097,0.0108,0.014,0.0132,0.0105,0.0096,0.0015,0.0015,0.0018,0.0022,0.002,0.0027,0.0048,,0.0037,,0.0124,0.0056,0.0044,-0.0009,-0.0029,-0.0027,-0.0029,-0.0023,-0.0017,-0.0014,-0.0009,-0.0007,-1e-04
2021-06-05,-39.2832,175.566,O,,0.009,0.0047,0.0061,,,,,,,,,,,0.0136,0.0023,0.0044,0.0043,0.0007,0.001,0.0,0.0002,-0.0027,-0.0012,-0.0014,-0.0013,-0.0028,-0.0016,1e-04,0.0003
2021-06-05,-39.2832,175.566,S,,0.009,0.0002,0.001,0.0008,-0.0007,-0.0018,-0.0018,-0.0015,-0.0013,-0.0007,0.0011,0.0029,0.0032,0.0022,-0.0043,-0.0013,-0.0059,-0.0064,0.0014,0.0014,1e-04,-0.0021,-0.0035,-0.0034,-0.0031,-0.0025,0.0002,0.0043,-0.0029
2021-06-05,-39.2832,175.566,SE,,-0.0038,-0.004,0.001,0.0054,0.0059,-0.0032,-0.0031,-0.0038,-0.002,-0.0017,-0.0017,-0.0015,-0.0013,-1e-04,-1e-04,-1e-04,1e-04,-0.0007,-0.0024,-0.0026,-0.0028,-0.0028,-0.0033,-0.0024,0.004,0.0048,0.0025,0.003,0.0024
2021-06-05,-39.2832,175.566,SO,,-0.0019,-0.01,-0.0091,-0.0091,-0.0185,,,,,,,,,,-0.0028,-0.0081,-0.0054,-0.0021,0.0025,0.0027,0.0034,-0.0029,-0.0005,-0.0007,-1e-04,0.0018,0.0023,0.0008,0.0005
2021-12-30,-39.283,175.5674,E,,0.0142,-0.0152,-0.0068,-0.0037,0.0048,0.0092,0.0116,,,,0.1081,0.0933,0.0721,0.0292,-0.0131,-0.004,,,-0.0638,,,,-0.1056,,,-0.0546,-0.0248,0.007,
2021-12-30,-39.283,175.5674,N,,0.1106,0.1004,0.102,0.0676,0.0323,-0.0137,-0.0058,-0.017,-0.0094,-0.0055,-0.0041,-1e-04,-1e-04,-0.0038,-0.0107,-0.0107,-0.0177,0.0003,-0.0066,-0.0086,-0.0089,-0.0124,0.0005,0.0168,0.0199,0.0169,0.0136,0.0038,0.0021
2021-12-30,-39.283,175.5674,NE,,0.0751,0.0671,0.0617,0.0365,0.0276,-0.0093,-0.0385,-0.0219,-0.0109,-0.0077,0.009,0.0469,0.0356,0.0429,0.0211,-0.0101,-0.0066,,-0.0199,-0.0377,,-0.0854,,-0.0155,0.0078,,-0.0113,0.0463,
2021-12-30,-39.283,175.5674,NO,,0.0202,0.0293,0.0314,0.0189,-0.0064,-0.0172,-0.0154,-0.0297,-0.0114,-0.0036,-0.0011,0.0006,-0.0076,-0.0005,0.0104,0.0088,0.0247,0.0148,0.0056,0.025,0.0056,0.0014,-0.0037,-0.0151,-0.0102,-0.0304,-0.0468,-0.0249,-0.0546
2021-12-30,-39.283,175.5674,O,,0.0505,0.0584,0.0505,0.0072,-0.0139,-0.0149,-0.0014,-0.006,-0.0036,0.0059,0.0133,0.0253,0.0377,0.0396,0.0249,0.021,0.0202,0.0077,0.0102,-0.0029,-0.0046,-0.0306,-0.0566,-0.0727,,,-0.1154,-0.1165,-0.12
2021-12-30,-39.283,175.5674,S,,0.0923,,,,0.0649,,0.0641,0.0576,0.0495,0.0408,0.0054,0.0048,0.0166,0.0185,-0.0282,-0.0359,-0.0592,,,,-0.032,-0.0365,,,-0.0172,0.0048,0.0024,-0.0121,-0.0225
2021-12-30,-39.283,175.5674,SE,,0.0912,0.0815,,,,,,,,,,,,,,,,,,0.0077,,,,,,-0.0013,0.0009,0.0018,-0.0084
2021-12-30,-39.283,175.5674,SO,,0.1476,0.1475,0.1409,0.1358,0.1083,0.0755,0.0418,0.0051,-0.0118,-0.0327,-0.0303,-0.0263,-0.0218,-0.0209,,-0.0329,-0.0254,0.0067,-0.0115,0.0099,0.0135,-0.0005,-0.0011,-0.0007,0.0018,-0.0047,-0.021,-0.0178,-0.019
2022-01-06,-39.2822,175.565,E,,,,,,,,,,,,,,0.0342,,,,,,,,,,,,0.0306,,0.015,0.0,-0.0167
2022-01-06,-39.2816,175.566,E,,,,,,,,,,,,,,,,,,,,,,,,,,,0.0288,,,
2022-01-06,-39.2811,175.5671,E,0.1039,,,,,,,,,-0.0046,,,,,-0.0559,-0.0669,-0.0345,,-0.1088,-0.0811,-0.0558,-0.0072,0.0172,0.0222,0.0089,,,,,
2022-01-06,-39.2822,175.565,N,,,,,,,,,0.0021,,,0.0065,,,-0.0196,-0.0406,-0.0187,-0.0091,-0.0205,0.0036,0.0123,0.0292,0.0053,,,,,,,
2022-01-06,-39.2816,175.566,N,,,,,,,0.0339,0.0,,,,,,,,,,,,,,,,,,,,,,
2022-01-06,-39.2811,175.5671,N,,0.0278,0.0254,0.0701,0.0116,0.0191,,,,0.0253,0.0136,,-0.0068,-0.0191,,,,,,,,,,-0.0197,-0.0184,-0.0112,-0.0014,0.0074,0.0159,0.0062
2022-01-06,-39.2822,175.565,NE,,,,,,,,,,,,,,-0.0296,0.0212,0.0159,,0.036,0.0257,0.0212,-0.0286,-0.0064,-0.0123,-0.0136,,,,,,
2022-01-06,-39.2816,175.566,NE,,,,,,,,,,,,,,,,,-0.0478,,,,,,,,,,,,,
2022-01-06,-39.2811,175.5671,NE,,0.1247,0.1187,,0.0993,0.0439,0.0485,0.067,0.0619,0.0094,0.0263,-0.0099,-0.0057,,,,,,,,,,,,-0.0316,0.016,0.0397,-0.0135,-0.0395,-0.0504
2022-01-06,-39.2822,175.565,NO,,,,,,0.0184,,-0.0114,0.0014,,-0.0185,-0.0273,-0.0231,-0.0228,,-0.004,,,0.0034,,,,,,,,,,,
2022-01-06,-39.2816,175.566,NO,,,,,,,-0.0186,,,,,,,,,,,,,,,,,,,,,,,
2022-01-06,-39.2811,175.5671,NO,,-0.0074,-0.0573,-0.0605,-0.0575,,,,,-0.0112,,,,,-0.0148,,-0.0045,-0.0136,,-0.005,-0.0115,-0.0063,0.0006,0.0104,0.0128,0.025,0.0265,0.0324,0.0241,0.0263
2022-01-06,-39.2822,175.565,O,,,,,,0.0801,0.0594,0.0342,0.0206,,,,,,,,,,,,,,,,,,,,,
2022-01-06,-39.2811,175.5671,O,,0.1012,0.0855,0.0773,0.0955,,,,,0.0263,0.0206,-0.0019,-0.0252,-0.0227,-0.0322,-0.0317,-0.0239,-0.0111,0.0002,0.0221,0.0249,0.0366,0.0332,0.0205,0.0218,0.0115,-0.0061,-0.0185,0.0021,0.0037
2022-01-06,-39.2822,175.565,S,,,,,,,,,,0.0183,0.0122,0.0037,0.0306,0.0351,-0.0059,,,,,-0.0038,0.0052,0.0083,0.0004,,,,,,,
2022-01-06,-39.2811,175.5671,S,,,,,,,,,,,,,,,,0.0195,0.0043,0.0101,0.0032,,,,,-0.0106,-0.0067,-0.0012,0.0011,0.0009,0.0015,-0.0035
2022-01-06,-39.2822,175.565,SE,,,,,,,,,,,0.0015,,,,-0.0068,,,,,,,,,,,,,,,
2022-01-06,-39.2811,175.5671,SE,,,,,,,,,,,,,,,,,,,,-0.0585,,,0.0418,0.013,0.0271,0.0264,0.0089,0.0024,-0.0053,0.0024
2022-01-06,-39.2822,175.565,SO,,,,0.131,,0.0656,0.0627,0.0504,0.0018,0.0507,-0.0361,,,,,,,,,,-0.0307,-0.001,0.0062,-0.0025,1e-04,0.0121,0.0011,-0.0082,,
2022-01-06,-39.2811,175.5671,SO,,,,,,,,,,,,0.0746,0.0461,0.0282,-0.0163,-0.0055,0.0111,-0.0403,-0.0682,,,,,,,,,,-0.0122,-0.0119
2022-01-07,-39.283,175.5674,E,,0.0205,0.037,0.0218,0.0197,0.0211,0.0084,0.0086,0.0088,0.0066,-0.0006,0.0321,0.0152,0.0125,0.0026,-0.0595,-0.0223,-0.0402,-0.0828,-0.1052,-0.0943,,,,,-0.0785,-0.072,-0.0278,-0.0088,0.0087
2022-01-07,-39.283,175.5674,N,,0.0493,0.0489,0.0499,0.0324,0.018,0.0076,0.0041,-0.0119,-0.0022,0.0086,0.0114,0.0225,0.0207,0.0074,-0.0003,-0.0229,-0.0181,-0.0246,-0.0139,-0.0028,-0.0032,-0.0075,-0.0011,0.0081,0.0154,0.0075,-0.0023,-0.0131,-0.0068
2022-01-07,-39.283,175.5674,NE,,0.1002,0.1239,0.1275,0.0937,0.0631,-0.002,-0.0583,-0.03,-0.01,0.0049,0.0153,0.0281,0.0301,0.0528,0.0249,-0.0112,-0.0135,-0.0371,0.0107,-0.0418,-0.0309,-0.0478,-0.0288,-0.0014,-0.0027,0.0208,0.0233,0.0729,
2022-01-07,-39.283,175.5674,NO,,0.0003,0.0141,0.0136,0.0071,-0.0185,-0.0371,-0.0305,-0.0378,-0.0311,-0.0201,-0.0153,-0.0102,-0.0152,-0.0044,0.0056,0.0135,0.0266,0.0244,0.0206,0.0208,0.015,0.0038,0.0059,0.0175,0.012,-0.0091,-0.0186,-0.0307,-0.0495
2022-01-07,-39.283,175.5674,O,,0.0243,0.0322,0.0256,-0.0158,-0.0323,-0.0303,-0.0215,-0.0233,-0.0127,0.0072,0.0124,0.0272,0.0243,0.036,0.0395,0.0398,0.0415,0.0323,0.0074,-0.0167,-0.0169,-0.0392,0.0092,0.0405,0.0244,0.0254,-0.0055,-0.0274,-0.1117
2022-01-07,-39.283,175.5674,S,,0.0869,0.0691,,,0.0885,0.0447,0.0542,0.0854,0.0631,0.0448,0.0359,0.0241,0.0125,0.0308,0.0226,-0.0178,-0.0313,-0.024,-0.0131,-0.0385,-0.0381,-0.0369,,,-0.0215,-0.0062,-0.0036,0.0026,-0.0023
2022-01-07,-39.283,175.5674,SE,,0.0903,0.0803,,,,,,,,,,,,,,,0.0027,0.0009,,,,,,,,0.0,0.0016,0.002,-0.0056
2022-01-07,-39.283,175.5674,SO,,0.1487,0.1397,0.1291,0.138,0.1221,0.0764,0.0461,0.0059,-0.0161,-0.0287,-0.024,-0.0097,-0.0047,-0.0047,,-0.0273,-0.008,-0.0036,0.0016,0.0119,0.0258,0.0086,0.0002,-0.0042,0.0025,-0.0046,-0.0166,-0.0152,-0.0033
2022-01-14,-39.283,175.5674,E,,0.0283,0.025,0.0231,0.0249,0.0366,0.0321,0.0296,0.048,0.0741,0.0786,0.0832,0.0877,0.0785,0.0508,0.0259,0.0021,-0.0208,,-0.1093,-0.0477,-0.0216,-0.0052,-0.0536,-0.1073,-0.0964,-0.0604,-0.0161,0.0155,0.0255
2022-01-14,-39.283,175.5674,N,,-0.0151,-0.0092,-0.0067,-0.0164,-0.022,-0.0147,-0.0155,-0.02,0.0095,0.0156,0.0226,0.0269,0.0111,0.0111,0.0006,-0.0102,-0.0099,-0.0137,-0.0186,-0.0235,-0.0159,-0.0031,0.0068,0.011,0.0036,-0.01,-0.0041,-0.0098,0.0067
2022-01-14,-39.283,175.5674,NE,,0.1113,0.1386,0.1615,0.1349,0.1069,0.0278,-0.0538,-0.0382,-0.0187,-0.0052,0.0099,0.0219,0.0337,0.0269,0.0232,0.0003,0.0094,-0.0318,-0.0381,-0.0478,-0.0461,-0.0359,-0.02,0.0174,0.0116,-0.005,0.0088,-0.0148,-0.0283
2022-01-14,-39.283,175.5674,NO,,-0.0159,-0.005,-0.0101,0.0033,-0.0389,-0.0777,-0.0555,-0.05,-0.0312,-0.0185,-0.0108,-0.0086,-0.0169,0.0003,0.0115,0.0113,0.0254,0.0198,0.0101,0.0179,0.0226,0.0108,-0.002,0.0144,0.004,-0.018,-0.0224,-0.0315,-0.0531
2022-01-14,-39.283,175.5674,O,,0.0269,0.0231,0.0061,-0.0479,-0.075,-0.0736,-0.0533,-0.0415,-0.0388,-0.018,-0.0178,-0.0015,0.0116,0.0318,0.0436,0.0367,0.0275,0.0087,0.0223,0.0091,0.005,0.0111,0.03,0.0594,0.0381,0.0379,0.0279,-0.0228,-0.0021
2022-01-14,-39.283,175.5674,S,,0.0888,0.0819,,,0.0969,,0.0868,0.0917,0.0623,0.0529,0.0117,0.0311,0.0243,0.0333,-0.0086,-0.0148,-0.0295,-0.0061,0.0073,-0.0256,-0.0447,-0.0402,,,-0.0285,-0.0013,0.0079,0.0051,0.0049
2022-01-14,-39.283,175.5674,SE,,0.1089,0.0955,,,,,,,,,,,,,,,,0.0276,,-0.008,-0.0403,-0.0352,,,,0.0033,0.0039,0.0049,-0.0046
2022-01-14,-39.283,175.5674,SO,,0.173,0.146,0.1289,0.1275,0.1142,0.0685,0.0364,0.0179,0.0097,-0.0143,-0.0193,-0.0084,-0.0035,-0.0085,-0.002,-0.0282,-0.0185,-0.0071,-0.0117,-0.0022,0.0221,-0.0031,-0.0146,-0.005,-0.0028,-0.0152,-0.0165,-0.0122,-0.0058
2022-01-15,-39.283,175.5674,E,,0.0395,0.0303,0.0196,0.0136,0.0202,0.0298,0.0392,0.0329,0.0328,0.0215,0.0572,0.0365,0.034,0.0198,0.0077,-0.0155,-0.0223,-0.059,-0.0636,-0.0534,-0.0269,-0.0284,-0.0432,-0.1171,-0.116,-0.0883,-0.05,-0.0057,0.0341
2022-01-15,-39.283,175.5674,N,,-0.0087,0.0012,0.0013,-0.0024,-0.0086,-0.0076,-0.0109,-0.0129,0.0033,0.0024,0.0205,0.0359,0.0362,0.0275,0.0113,-0.0318,-0.0305,-0.0215,-0.016,-0.0068,-0.0052,0.0035,0.0089,0.0123,0.0025,-0.0155,-0.0195,0.0043,0.0058
2022-01-15,-39.283,175.5674,NE,,0.1761,0.2229,0.2403,0.1988,0.1506,0.0335,-0.0661,-0.0409,-0.0181,-0.0003,0.0085,0.014,0.0236,0.0487,0.0287,-0.0042,-0.0013,-0.0162,0.0101,0.0174,-0.0142,-0.037,-0.0289,-0.0232,-0.0236,-0.1031,0.0143,0.0026,0.0608
2022-01-15,-39.283,175.5674,NO,,-0.0059,0.0013,-0.0091,-0.0068,-0.0369,-0.0564,-0.0406,-0.0417,-0.0278,-0.0179,-0.0102,-0.0127,-0.0165,-0.0029,0.011,0.0108,0.0282,0.023,0.0129,0.0219,0.0284,0.0166,0.0061,0.0217,0.0118,-0.0154,-0.0276,-0.0361,-0.0476
2022-01-15,-39.283,175.5674,O,,0.0352,0.0384,0.0221,-0.0351,-0.0612,-0.0475,-0.0329,-0.0337,-0.0231,0.0053,0.008,0.0224,0.0192,0.0393,0.0516,0.0578,0.0482,0.0222,0.0097,-0.0132,-0.0313,-0.0073,0.0051,0.0391,0.0215,0.0145,0.0196,-0.024,-0.0838
2022-01-15,-39.283,175.5674,S,,0.0882,,,,0.0897,,0.0606,0.0702,0.038,0.0607,0.0422,0.0315,0.0311,0.0382,0.0159,0.0094,-0.0248,-0.0548,-0.0417,-0.0639,-0.0586,-0.0536,,,-0.0337,-0.0164,0.004,0.0061,0.0076
2022-01-15,-39.283,175.5674,SE,,0.1213,0.1082,,,,,,,,,,,,,,,,0.0277,,,-0.0296,-0.0283,,,,0.0047,0.0056,0.0031,-0.0041
2022-01-15,-39.283,175.5674,SO,,0.1754,0.1524,0.1374,0.1326,0.1217,0.0847,0.0479,0.0202,0.0092,-0.0111,-0.018,-0.0115,-0.0119,-0.0108,-0.0005,-0.0277,-0.0208,-0.0103,-0.0142,-0.004,0.0199,-0.0012,-0.0181,-0.0071,-0.0087,-0.006,-0.017,-0.0135,-0.0042
2022-01-31,-39.283,175.5674,E,,0.0172,0.0523,0.0296,0.0275,0.0335,0.0195,0.0177,0.0542,0.0369,0.0207,0.0424,0.026,0.0267,0.0348,0.0292,0.0119,0.0163,-0.0596,-0.0119,0.0247,0.0407,0.0089,-0.0319,-0.046,-0.0221,-0.0045,0.0288,0.0431,0.0416
2022-01-31,-39.283,175.5674,N,,-0.0671,-0.0545,-0.051,-0.0507,-0.0456,-0.0357,-0.0361,-0.029,-0.0093,-0.0048,0.0028,0.0078,0.0042,0.0042,0.0157,-0.0089,0.017,0.0323,0.0213,0.0016,-0.0083,0.004,-0.0077,-0.002,0.0078,-0.0052,-0.0018,0.005,0.0035
2022-01-31,-39.283,175.5674,NE,,0.2957,0.3748,0.438,0.3831,0.3038,0.1069,-0.0993,-0.0873,-0.0605,-0.0301,-0.0025,0.0134,0.0286,0.0313,0.0399,0.046,0.057,0.0897,0.0465,0.0373,-0.0131,-0.0147,0.0418,-0.0108,-0.042,-0.0652,-0.073,-0.0481,-0.0309
2022-01-31,-39.283,175.5674,NO,,0.0055,0.009,0.006,0.0227,-0.0198,-0.0585,-0.0444,-0.0419,-0.0291,-0.016,-0.0081,-0.0075,-0.0202,-0.0083,0.005,0.0052,0.0231,0.0122,0.0146,0.0158,0.0108,-0.0026,-0.0045,0.0069,0.0074,-0.014,-0.0137,-0.0114,-0.0315
2022-01-31,-39.283,175.5674,O,,0.0769,0.0831,0.0798,0.0454,0.0207,0.0081,0.0147,0.0177,0.0157,0.0138,0.0162,0.0336,0.0511,0.0646,0.067,0.0699,0.0609,0.0305,0.0045,0.0007,-0.0502,-0.0314,-0.0558,-0.0554,-0.0795,-0.098,-0.1247,-0.0927,-0.1343
2022-01-31,-39.283,175.5674,S,,0.0916,,,,0.094,,0.0855,0.0814,0.039,0.0396,0.0093,0.0201,0.0253,0.0086,0.0457,0.0056,0.0214,-0.0336,-0.0428,-0.0363,-0.0321,-0.0262,-0.024,-0.0202,0.0016,0.0079,0.0116,0.0026,-0.0072
2022-01-31,-39.283,175.5674,SE,,0.1478,0.1273,,,,,,,,,,,,,,,,0.0862,0.0618,0.0049,-0.0199,-0.0181,-0.0165,-0.0274,-0.029,-0.0142,-0.0014,0.0042,-0.0077
2022-01-31,-39.283,175.5674,SO,,0.1857,0.1507,0.1298,0.1365,0.0982,0.0565,0.0217,-0.0079,0.0133,-0.019,-0.0036,-0.0042,-0.0069,-0.0199,-0.0249,-0.0263,-0.0203,0.0203,0.047,0.0485,0.0482,0.0267,0.0091,0.0172,0.0148,-0.0014,-0.0286,-0.0352,-0.0261
2022-02-15,-39.281,175.5619,E,,,,,-0.0964,,,,,,,,,,,-0.0742,-0.0813,-0.0867,-0.0658,-0.055,-0.0122,-0.0054,0.0131,0.0198,0.0324,0.0238,0.0173,0.0214,0.0135,0.0114
2022-02-15,-39.281,175.5619,N,,,,,,,,,,,,,,,0.0392,0.0201,0.007,-0.0127,-0.0164,-0.0233,-0.0157,-0.0048,0.0005,0.0065,-0.0004,-0.0014,0.0029,0.0047,0.0037,0.0045
2022-02-15,-39.281,175.5619,NE,,,,,,,,,,,,,,-0.01,-0.0516,-0.0447,-0.0639,-0.0578,-0.0288,-0.0011,0.0191,0.0286,0.0152,0.0351,0.0298,0.0233,0.0146,0.0027,-0.0058,-0.0142
2022-02-15,-39.281,175.5619,NO,,,,,,,,,,,0.0063,0.0011,0.0239,0.0101,0.0078,0.0085,0.0024,-0.0019,-0.0109,-0.0208,-0.0224,-0.0134,-0.0117,-0.0091,-0.0047,0.0034,0.0143,0.0238,0.028,0.0178
2022-02-15,-39.281,175.5619,O,,0.0553,0.0492,0.0734,0.0577,0.0401,0.0398,0.0489,0.0587,0.0489,0.02,0.0082,-0.0099,-0.0255,-0.0454,-0.0421,-0.0188,-0.0237,-0.0291,-0.0249,-0.0435,-0.0288,-0.0143,0.0093,0.0024,0.0181,0.0209,0.0244,0.0129,-0.0029
2022-02-15,-39.281,175.5619,S,0.0706,0.0381,0.0383,0.0135,-0.0013,-0.002,-0.0148,-0.0043,-0.0074,0.0058,0.0149,0.014,0.0113,0.0026,0.0105,0.0091,0.0072,0.0027,-0.0072,-0.0101,-0.0213,-0.0207,-0.0189,-0.0137,-0.0102,0.002,0.0088,0.0189,0.0239,0.019
2022-02-15,-39.281,175.5619,SE,,0.0603,0.0252,0.0146,-0.0076,-0.0279,-0.03,-0.0307,-0.0351,-0.0378,-0.0209,0.0205,0.0092,-0.016,-0.0226,-0.018,-0.0141,-0.0123,-0.0113,-0.0037,-0.0008,0.001,0.0137,0.01,0.0071,0.0183,0.0051,0.0046,0.0083,0.011
2022-02-15,-39.281,175.5619,SO,,0.0747,0.0495,,0.0111,-0.0012,-0.0189,-0.0136,-0.0052,-0.002,0.0068,0.0108,0.0198,0.0236,0.0196,0.0179,0.0111,0.0087,0.0063,-0.0021,-0.0031,-0.0047,-0.0041,-0.005,-0.0046,-0.006,-0.0059,-0.0042,-0.0071,-0.0041
2022-02-16,-39.2819,175.5653,E,,,,,,,,,,,0.0166,-0.0019,0.0316,-0.0442,-0.085,-0.0617,-0.0235,-0.0056,0.0174,0.0318,0.0422,0.0352,0.0189,0.0251,0.0302,0.0188,0.0269,0.0375,0.0361,0.0126
2022-02-16,-39.2819,175.5653,N,,,,,0.0455,0.0164,-0.0344,-0.0534,-0.0372,-0.0421,-0.0375,-0.006,0.0122,0.0145,0.0176,0.0358,0.0415,0.0403,0.0522,0.0418,0.0359,0.0144,0.0011,-0.0029,-0.0063,-0.0125,-0.0055,-0.0068,-0.0038,0.0074
2022-02-16,-39.2819,175.5653,NE,,,,,,0.0716,0.0511,0.0349,0.0347,0.0577,0.0453,-0.0822,-0.0876,-0.0651,0.028,0.0298,0.0499,0.0628,0.0655,0.0651,0.0583,0.0375,0.0211,-0.0064,-0.0253,-0.0551,-0.0727,-0.0754,-0.0627,-0.0402
2022-02-16,-39.2819,175.5653,NO,,,,,,,,,-0.0248,-0.0134,0.0057,-0.0325,-0.0485,-0.0495,-0.0522,-0.0454,-0.0537,-0.044,-0.0242,-0.0106,0.0118,0.0238,0.026,0.0293,0.0268,0.0204,0.0078,0.0071,0.0073,0.0037
2022-02-16,-39.2819,175.5653,O,,,,,,,,,,,,,,,,-0.027,-0.0226,-0.0119,0.0092,0.0078,0.0174,0.0278,0.0302,0.0251,0.0111,0.0058,-0.0175,-0.0113,-0.0335,-0.0534
2022-02-16,-39.2819,175.5653,S,0.042,0.042,0.0418,0.0286,0.0401,0.0401,,,,0.0427,0.0211,0.0111,0.0253,-0.0096,-0.0184,-0.0279,-0.0302,-0.0054,0.0067,0.0103,0.0037,0.0052,0.0023,0.0074,0.0095,0.0131,0.0089,-0.0063,-0.0129,-0.0201
2022-02-16,-39.2819,175.5653,SE,,,,,,,,,,,,0.017,-0.0,-0.0127,-0.0049,0.0054,,,,,,,,,,,,,,
2022-02-16,-39.2819,175.5653,SO,,,,,0.0741,,,,,,0.0632,0.0383,0.0282,0.0085,-0.0211,-0.0207,,-0.0191,-0.0046,0.0126,-0.0084,-0.0136,-0.006,-0.0035,-0.0014,-0.0096,-0.0017,0.0023,0.0073,-0.0005
2022-02-23,-39.283,175.5674,E,,0.0043,0.0386,-0.0015,-0.0103,-0.0167,-0.0078,0.0102,0.0426,0.0077,0.0097,0.0309,0.0102,-0.0031,0.0016,-0.0013,0.0029,0.0135,0.0215,0.0299,0.0272,0.0238,0.023,0.016,0.0193,0.0136,0.0115,-0.0156,-0.0119,-0.0037
2022-02-23,-39.283,175.5674,N,,-0.0801,-0.0668,-0.0647,-0.0631,-0.0537,-0.0411,-0.0421,-0.0392,-0.0221,-0.0127,-0.003,0.0077,0.0111,0.0155,0.0149,0.0176,0.0308,0.0374,0.029,0.0265,0.0185,0.0141,-0.0011,-0.0003,0.0028,-0.0052,-0.0066,-0.002,-0.0026
2022-02-23,-39.283,175.5674,NE,,0.2503,0.3171,0.3617,0.3122,0.2562,0.1145,-0.0554,-0.0469,-0.0298,-0.0114,-0.0021,0.0067,0.0175,0.0151,0.023,0.0232,0.0183,0.045,0.0355,0.0235,0.0039,-0.0166,-0.0104,-0.026,-0.0336,-0.0464,-0.0413,-0.0331,-0.0148
2022-02-23,-39.283,175.5674,NO,,-0.0073,0.0101,0.0103,0.0235,-0.0063,-0.0365,-0.0239,-0.0268,-0.0176,-0.0106,-0.009,-0.0047,-0.0152,0.0058,0.0037,0.0046,0.0178,0.0222,0.0171,0.0132,0.0055,-0.0038,0.0018,0.0071,0.01,-0.0121,-0.0161,-0.0118,-0.0302
2022-02-23,-39.283,175.5674,O,,0.0183,0.0255,0.0247,-0.0094,-0.0217,-0.0135,-0.0011,-0.0009,0.0073,0.0218,0.0247,0.034,0.0409,0.0589,0.0674,0.0699,0.06,0.0415,0.0237,0.0057,-0.0212,-0.0386,-0.0259,-0.0443,-0.0449,-0.0489,-0.0627,-0.0622,-0.0624
2022-02-23,-39.283,175.5674,S,,0.0495,,,,0.0619,,0.027,0.037,0.0263,0.0302,0.0215,0.0405,0.0319,0.0116,0.0293,0.008,0.0109,-0.0123,-0.0396,-0.0274,-0.0206,-0.0125,0.0058,0.0045,0.0066,0.007,0.0015,0.0,-0.0046
2022-02-23,-39.283,175.5674,SE,,0.0529,0.0431,,,,,,,,,,,,,,,,0.0447,0.0348,0.0112,-0.012,-0.0146,-0.0157,-0.0173,-0.0087,-0.0085,-0.0037,0.0037,0.0021
2022-02-23,-39.283,175.5674,SO,,0.0735,0.0643,0.0632,0.0681,0.0565,0.0287,0.0013,-0.0126,-0.0072,-0.0207,-0.0169,-0.0119,-0.0276,-0.0207,-0.0313,-0.007,0.0092,0.036,0.0516,0.0493,0.0442,0.0404,0.0293,0.0136,0.0191,0.0114,-0.0065,-0.0295,-0.0327
2022-02-24,-39.283,175.5674,E,,0.0043,0.0449,-0.001,-0.0023,0.0036,0.0054,0.0132,0.0561,0.013,0.0144,0.0413,0.0181,0.0009,0.0061,-0.0005,0.0044,0.0199,0.0283,0.0324,0.0315,0.0315,0.0305,0.0139,0.0193,0.0154,0.0117,-0.0217,-0.0204,-0.0132
2022-02-24,-39.283,175.5674,N,,-0.0832,-0.07,-0.0678,-0.0692,-0.0623,-0.0419,-0.0425,-0.035,-0.0188,-0.0161,-0.0022,0.0123,0.0148,0.0177,0.0154,0.0178,0.0242,0.0307,0.019,0.0176,0.0065,0.0024,-0.0104,-0.0116,-0.0051,-0.0068,-0.0064,0.0056,0.0075
2022-02-24,-39.283,175.5674,NE,,0.2689,0.3411,0.3868,0.3359,0.2788,0.1295,-0.0621,-0.0594,-0.0329,-0.0122,-0.0049,0.0081,0.0253,0.0265,0.0318,0.0344,0.0246,0.053,0.0445,0.0297,0.006,-0.0137,-0.0127,-0.029,-0.0412,-0.0462,-0.0431,-0.032,-0.0113
2022-02-24,-39.283,175.5674,NO,,-0.0155,0.0009,-0.003,0.0089,-0.0236,-0.0485,-0.0311,-0.0309,-0.016,-0.0112,-0.0088,-0.0114,-0.017,0.0024,0.0051,0.0105,0.0216,0.0232,0.0173,0.0184,0.0131,0.0023,-0.0031,0.0083,0.0056,-0.0174,-0.0208,-0.0199,-0.0391
2022-02-24,-39.283,175.5674,O,,0.0181,0.0274,0.0267,-0.0163,-0.0348,-0.0261,-0.003,-0.0006,0.0049,0.0173,0.023,0.0366,0.0457,0.0595,0.064,0.0676,0.064,0.0406,0.0242,0.0052,-0.0285,-0.0452,-0.0301,-0.0483,-0.0475,-0.0553,-0.0656,-0.0584,-0.0634
2022-02-24,-39.283,175.5674,S,,0.0385,,,,0.0304,,0.0263,0.0388,0.0311,0.0364,0.0271,0.0357,0.0419,0.0241,0.0523,0.0183,0.0104,-0.0226,-0.0438,-0.0317,-0.0263,-0.0223,-0.0134,-0.0081,0.0029,0.0169,0.0193,0.0076,0.0027
2022-02-24,-39.283,175.5674,SE,,0.0488,0.0343,,,,,,,,,,,,,,,,0.0227,0.0239,0.0047,-0.0224,-0.0205,-0.0106,-0.0008,-0.0097,-0.0122,-0.0076,0.0021,0.0077
2022-02-24,-39.283,175.5674,SO,,0.0862,0.0806,0.0773,0.0795,0.0558,0.0317,0.0033,-0.0102,-0.0035,-0.0116,-0.0165,-0.0136,-0.0239,-0.014,-0.0264,-0.014,0.0217,0.0257,0.0434,0.051,0.041,0.0455,0.0332,0.0052,0.0173,0.0021,-0.0043,-0.0059,-0.0472
2022-03-27,-39.2811,175.5671,E,,,,0.0204,0.0324,0.0322,-0.0004,-0.0145,-0.0183,-0.0153,0.0032,0.0117,0.0134,0.0156,0.0165,0.0184,0.015,0.014,0.0133,0.0098,0.0002,-0.0016,0.0026,0.0025,0.001,0.0007,-0.0014,-0.0046,-0.0058,-0.0075
2022-03-27,-39.2835,175.5649,N,,,,,,,-0.0039,,0.0015,,,-0.0009,0.0026,,,-0.0038,,,,,,,,0.0022,0.0078,0.0048,0.0042,0.0034,0.007,0.0061
2022-03-27,-39.2823,175.566,N,,0.0757,,,,,,0.0027,,,,,,,0.0014,,,-0.0009,-0.0057,-0.0025,-0.0043,-0.0012,,,,,,,,
2022-03-27,-39.2811,175.5671,N,,,0.0072,0.0129,-0.009,-0.0037,,,,0.0038,0.0044,,,0.0015,,,-0.0023,,,,,,-1e-04,,,,,,,
2022-03-27,-39.2835,175.5649,NE,,,,,,,,,,,,,,,0.0148,,,,,,,,,,,,,,,
2022-03-27,-39.2811,175.5671,NE,,0.0757,0.0609,0.0551,0.0375,-0.0251,-0.0233,0.0018,0.0044,0.0043,0.008,0.0068,0.0149,0.0173,,0.0106,0.005,0.0031,-0.0018,-0.0046,-0.0069,-0.0212,-0.0231,-0.0162,-0.0088,0.0009,0.0033,-0.0079,-0.0096,-0.0161
2022-03-27,-39.2835,175.5649,NO,,,0.0465,0.0112,0.0215,0.0057,-0.0049,-0.0033,-0.0043,-0.0004,0.0043,0.0027,-0.0004,-0.0089,,,,,,,,,,,,,,,,
2022-03-27,-39.2811,175.5671,NO,,0.0778,,,,,,,,,,,,,-0.0101,-0.0042,0.0014,0.0017,0.0047,-1e-04,0.0025,0.0026,1e-04,-0.0038,-0.0036,-0.0054,0.0011,0.0058,0.0027,0.0036
2022-03-27,-39.2835,175.5649,O,,0.0822,,0.0015,,0.01,0.0087,0.005,,,,,,,,,,,,,-0.0,,,,,,,,,
2022-03-27,-39.2823,175.566,O,,,0.0496,,0.0128,,,,0.0076,,,,,,,,,,,0.0046,,,,,,,,,,
2022-03-27,-39.2811,175.5671,O,,,,,,,,,,0.0337,0.0236,0.0067,-0.0137,-0.0039,-0.0032,-0.0072,-0.002,0.011,0.0018,,,0.0038,0.0053,0.0014,0.0043,-0.006,-0.0027,-0.0038,-0.0024,-0.0029
2022-03-27,-39.2835,175.5649,S,,,,0.1014,,0.071,0.0432,0.0338,0.0236,,,,,,,0.0139,,,,,,,,,,,,,,
2022-03-27,-39.2811,175.5671,S,,,,,,,,,,,,,,,,,0.0255,0.0249,0.0051,-0.0101,-0.0108,-0.0111,-0.0073,-0.0042,-1e-04,0.0047,0.002,-0.0043,-0.0066,-0.0066
2022-03-27,-39.2823,175.566,SE,,,,,,,,,,,,,,,,,,,,,,,,0.0002,,,,,,
2022-03-27,-39.2811,175.5671,SE,,,,,,,,,,,0.0589,0.0553,0.0403,0.0006,0.008,-1e-04,-0.0089,-0.0121,-0.0073,-0.0134,-0.0125,-0.0121,-0.0032,,-0.0008,-0.0111,-0.0067,-0.0043,0.0065,0.014
2022-03-27,-39.2835,175.5649,SO,,0.0807,0.0617,0.0235,0.0188,-0.0112,-0.0088,-0.0071,-0.0161,,,,,,,,,,,,0.005,0.0032,0.0005,-0.0109,-0.0129,,,,,
2022-03-27,-39.2811,175.5671,SO,,,,,,,,,,0.1063,,0.0717,0.03,0.0297,-0.0255,-0.0205,0.012,-0.0119,-0.0099,-0.0071,,,,,,-0.0026,-0.0005,-0.0011,-0.0016,-0.0023
2023-01-17,-39.283,175.5674,E,,0.0238,0.0216,0.0119,0.01,0.0163,0.0172,0.0058,-0.0092,-0.0144,0.0171,0.0152,0.0007,0.0078,-0.0024,-0.0265,,-0.0332,,,,,,,,,,,,
2023-01-17,-39.283,175.5674,N,,0.0491,0.0378,0.0374,-0.0014,-0.0043,-0.011,-0.0046,-0.0243,-0.0255,-0.024,-0.0026,-0.0025,-0.0152,-0.0041,-0.0231,-0.0125,-0.0146,-0.0059,-0.008,0.001,0.0011,0.0025,0.0098,0.0134,0.0083,0.005,0.0128,-0.0048,-0.0031
2023-01-17,-39.283,175.5674,NE,,0.0484,0.0451,0.0462,0.0381,0.0342,0.0038,-0.02,-0.023,-0.0209,-0.0019,0.0132,0.0251,0.0035,0.0278,0.0121,-0.0121,-0.0148,,0.0034,0.0177,,,,-0.0056,-0.0119,-0.0284,-0.0002,0.0117,
2023-01-17,-39.283,175.5674,NO,,-0.0173,-0.0083,-0.006,-0.0195,-0.0151,-0.0275,-0.0219,-0.0279,-0.0225,-0.0121,-0.0066,-0.0022,-0.0068,0.0008,0.0026,0.0017,0.0077,0.0084,0.0076,0.0094,0.0167,0.0159,0.0133,0.0181,0.0185,-0.0083,-0.0187,-0.0306,-0.0487
2023-01-17,-39.283,175.5674,O,,0.0229,0.0278,0.0194,-0.0037,-0.0358,-0.029,-0.0161,-0.0161,-0.0138,0.0091,0.0088,0.0128,0.0187,0.0163,0.0191,0.021,0.0172,0.0041,0.0013,-0.017,-0.0097,0.0226,0.0167,0.0109,-0.004,-0.0108,-0.0487,-0.0702,-0.0645
2023-01-17,-39.283,175.5674,S,,0.0511,,,,,,0.0371,0.04,0.041,0.0451,0.0285,0.0296,0.0064,0.0071,-0.0381,-0.0193,,,,,-0.0551,,,,-0.0256,-0.0089,-0.0057,0.0031,-0.0148
2023-01-17,-39.283,175.5674,SE,,0.0689,0.0432,,,,,,,,,,,,,,,,,,0.0061,,,,,,-0.0009,0.0009,0.0027,-0.0066
2023-01-17,-39.283,175.5674,SO,,0.1049,0.1002,0.0965,0.1,0.0827,0.0502,0.0224,-0.0134,-0.0327,-0.0118,-0.0284,,,,,,-0.0228,,0.002,-0.0075,0.0098,0.014,0.0126,0.0015,-0.0111,-0.0108,-0.0082,-0.0054,-0.0066
2023-02-19,-39.283,175.5674,E,,0.0169,0.0206,-0.0084,0.0005,0.0005,0.0124,0.015,0.0439,0.0336,0.0074,0.0208,-0.0103,0.0045,-0.0036,0.0017,-0.0084,-0.0342,,,,-0.0403,-0.0162,-0.0071,,,,,,
2023-02-19,-39.2824,175.5669,E,,,,,,,,,,,,,,,,,,,,,,,,,-0.0246,,,,,
2023-02-19,-39.2819,175.5664,E,,,,,,,,,,,,,,,,,,,-0.0334,-0.0355,-0.0194,,,,,0.022,0.0107,0.005,0.0077,0.0171
2023-02-19,-39.283,175.5674,N,,-0.0389,-0.0423,-0.0411,-0.0458,-0.0357,-0.0316,-0.0269,-0.0216,,-0.001,,0.0039,0.0046,,0.0137,0.0121,,0.0176,0.0091,0.0006,0.0,0.0006,-0.0012,-0.001,-0.0071,-0.0132,-0.0144,-0.0084,-0.0032
2023-02-19,-39.2824,175.5669,N,,,,,,,,,,-0.006,,,,,,,,0.0002,,,,,,,,,,,,
2023-02-19,-39.2819,175.5664,N,0.0536,,,,,,,,,,,0.0017,,,-0.0012,,,,,,,,,,,,,,,
2023-02-19,-39.283,175.5674,NE,,0.1289,0.1521,0.1656,0.1397,0.1125,0.0518,-0.032,-0.023,-0.0103,-0.0093,,,,0.0236,0.0245,0.0192,0.0112,-0.0025,,,-0.0331,-0.0541,-0.0537,0.0,0.022,0.0251,,,0.0204
2023-02-19,-39.2824,175.5669,NE,,,,,,,,,,,,,,0.011,,,,,,,,,,,,,,0.0118,,
2023-02-19,-39.2819,175.5664,NE,,,,,,,,,,,,0.0085,0.0247,,,,,,,-0.0186,-0.0223,,,,,,,,0.0379,
2023-02-19,-39.283,175.5674,NO,,0.0053,0.0074,,-0.0094,,,-0.0057,-0.0271,-0.0238,-0.015,-0.0098,-0.011,-0.0121,0.0067,0.0078,0.0049,0.0209,0.0068,0.0061,0.0126,0.0197,0.0136,0.0084,0.0153,0.0077,-0.0059,-0.0136,-0.0043,-0.0378
2023-02-19,-39.2824,175.5669,NO,,,,,,,-0.008,,,,,,,,,,,,,,,,,,,,,,,
2023-02-19,-39.2819,175.5664,NO,,,,0.0241,,-0.0221,,,,,,,,,,,,,,,,,,,,,,,,
2023-02-19,-39.283,175.5674,O,,0.0315,0.0348,0.0313,-0.0062,-0.0283,,,,-0.0053,1e-04,0.0077,0.0229,0.0206,0.0013,0.0117,0.0184,0.034,0.0194,0.0022,,,,,,,,-0.0309,-0.0518,-0.056
2023-02-19,-39.2824,175.5669,O,,,,,,,0.006,0.0079,,,,,,,,,,,,,,,,,,,-0.0116,,,
2023-02-19,-39.2819,175.5664,O,,,,,,,,,0.0074,,,,,,,,,,,,0.0002,0.0022,0.0016,-0.001,-0.0041,-0.0262,,,,
2023-02-19,-39.283,175.5674,S,,0.0595,,,,,,0.0382,0.0309,0.0296,0.0285,0.0157,0.0444,0.0201,0.0291,0.0075,-0.0065,-0.0031,,,,-0.0255,-0.0196,,,,-0.0039,-0.001,0.0003,-0.0005
2023-02-19,-39.2824,175.5669,S,,,,,,,,,,,,,,,,,,,,,,,,,,-0.0095,,,,
2023-02-19,-39.2819,175.5664,S,,,,,,,,,,,,,,,,,,,0.0226,-0.0209,,,,0.0007,0.0068,,,,,
2023-02-19,-39.283,175.5674,SE,,0.0511,0.0017,,,,,,,,,,,,,,,,0.0067,0.0011,0.0023,,,,,,,,,
2023-02-19,-39.2824,175.5669,SE,,,,,,,,,,,,,,,,,,,,,,,,,-0.0087,,,,,
2023-02-19,-39.2819,175.5664,SE,,,,,,,,,,,,,,,,,,,,,,,,-0.0048,,,-0.0023,-0.0004,0.0015,0.0005
2023-02-19,-39.283,175.5674,SO,,0.1077,0.0946,0.0877,0.091,0.0638,0.0322,0.0164,0.0151,0.0024,-0.005,-0.0089,-0.0094,-0.0088,-0.0119,-0.0089,-0.0082,0.0194,0.0419,0.0263,0.0187,0.0426,0.0255,0.019,0.011,,,-0.0096,-0.0162,-0.0151
2023-02-19,-39.2824,175.5669,SO,,,,,,,,,,,,,,,,,,,,,,,,,,-0.0038,,,,
2023-02-19,-39.2819,175.5664,SO,,,,,,,,,,,,,,,,,,,,,,,,,,,-0.0025,,,
2023-03-13,-39.2797,175.566,E,,,,0.0086,-0.0181,-0.0143,,,,,,,,,,,,0.012,0.0079,0.0076,0.0036,0.0027,0.0018,-0.0016,-0.0011,-0.0027,0.0002,-0.0002,-0.0045,-0.0049
2023-03-13,-39.2797,175.566,N,,,,,-0.0534,-0.0233,-0.0173,-0.0158,0.0038,0.0074,0.0095,0.0049,0.0059,0.0054,0.0098,0.0046,-0.0032,-0.0018,-0.0074,-0.0108,-0.0081,-0.0057,-0.0051,0.002,0.0031,0.002,0.0021,0.0013,0.0018,0.0034
2023-03-13,-39.2797,175.566,NE,,,0.055,0.0029,-0.0154,-0.0047,0.0047,0.0074,0.006,0.0012,,,,,,,,,,,,-0.0242,0.001,-0.0016,0.0017,-0.0052,-0.0052,,,0.0043
2023-03-13,-39.2797,175.566,NO,,,,,,0.0027,0.0271,-0.0039,-0.0074,-0.0084,-0.0159,-0.0021,0.0015,0.0044,0.0051,0.0048,0.0011,0.0021,0.0007,0.0021,0.0027,0.0036,0.0027,0.0036,0.0005,-0.0038,-0.0033,-0.0047,-0.0048,-0.0119
2023-03-13,-39.2797,175.566,O,,,,,,,,0.0114,,,0.0096,0.0181,0.0185,0.01,0.0101,0.0124,-0.0265,-0.0261,,,,,,,,,,-0.027,-0.0096,0.0021
2023-03-13,-39.2797,175.566,S,0.2184,,,,,,,,,,,,,,,0.024,0.001,0.0079,-0.0016,-0.0027,-0.007,0.0084,0.0028,0.0018,0.0034,-0.0005,-0.0002,0.0012,-0.001,-0.0033
2023-03-13,-39.2797,175.566,SE,,,,,,,,,,,,,,,,,,,,,0.0023,0.0049,0.0038,0.0018,-0.0046,-0.0057,-0.0048,0.0047,0.0039,0.0044
2023-03-13,-39.2797,175.566,SO,,,,,,,,,,,,,,0.0157,,-0.0248,,-0.0027,,,-0.0084,,0.0114,,,,,,,
2023-04-08,-39.2811,175.5671,E,,,,0.0423,,0.0237,0.0359,0.0317,0.0296,0.0307,0.026,,,,0.0099,-0.0208,-0.0141,,,,,-0.0186,-0.0164,-0.0124,-0.0021,0.0015,-0.0002,-0.0023,-0.0056,-0.0079
2023-04-08,-39.2811,175.5671,N,,0.0052,-0.0005,0.0142,-0.0084,-0.0173,-0.0008,0.0027,0.0063,0.0066,0.0107,0.0114,0.0029,0.0032,0.0034,0.002,1e-04,0.0023,0.0003,0.0038,0.0021,0.0012,0.0023,-0.0008,0.004,0.0019,0.0019,0.0064,0.0078,0.0086
2023-04-08,-39.2811,175.5671,NE,,0.0275,0.0269,0.0208,0.0357,-0.0053,-0.0242,0.0113,0.0217,0.0153,0.0207,0.0134,0.0269,0.0242,-0.0057,-0.0108,-0.0143,-0.0089,-0.0147,-0.0135,-0.0218,-0.0278,-0.0279,-0.021,-0.0092,0.0144,0.0174,0.0175,0.0036,-0.0159
2023-04-08,-39.2811,175.5671,NO,,0.0461,0.0123,-0.0005,-0.0004,0.0008,0.0032,-0.0032,-0.0066,0.0003,0.005,0.0076,0.0043,-0.0017,-0.0032,-0.0025,0.0075,0.0047,-0.001,-0.0032,0.0017,0.0023,0.0063,0.0045,1e-04,0.0014,0.0013,0.0018,-0.0089,0.0006
2023-04-08,-39.2811,175.5671,O,,0.0549,0.0555,0.0375,,0.0244,0.0391,0.0191,0.0166,0.0175,0.0187,0.0098,-0.0054,-0.0024,-0.0041,0.003,0.006,-0.0059,-0.0116,-0.0041,-0.0051,-0.0017,0.0004,0.0081,0.0003,0.0039,-0.0064,-0.003,-0.005,-0.0071
2023-04-08,-39.2811,175.5671,S,,,,,,,,,,,,,,,,,-0.0057,0.0131,0.0008,-0.0057,-0.0008,,,,,,,,,
2023-04-08,-39.2811,175.5671,SE,,,,,,,,,,,,,,,,,,,,,,,,,,,0.0294,,,
2023-04-08,-39.2811,175.5671,SO,,,,,,,,,,,,0.0488,0.0231,0.0202,-0.0225,-0.023,-0.0133,-0.0093,-0.0101,-0.0043,0.0045,-0.0007,0.0055,-0.0143,0.0336,0.0309,0.0285,0.018,-0.0154,-0.0123
2023-04-15,-39.2813,175.5618,E,,,0.026,,-0.0103,,,,,,,,,,,,,,,,,,-0.0033,-0.0067,-0.0018,-0.0014,0.0015,-0.0018,0.0062,0.0069
2023-04-15,-39.2813,175.5618,N,,,,,,,,,,,,,,,0.0456,0.027,0.0178,0.0033,-0.0105,-0.0141,-0.0157,-0.013,-0.0103,-0.0093,-0.0081,-0.0076,-0.0069,-0.0045,0.001,0.0014
2023-04-15,-39.2813,175.5618,NE,,,,,,,,,,,,,,,-0.0184,0.0079,-0.0013,-0.0048,-0.0039,-0.0002,,-0.0013,0.0068,,,,,0.0023,-0.0015,
2023-04-15,-39.2813,175.5618,NO,,,,,,,,,,,0.0324,0.0227,0.0169,0.0161,0.0105,0.0035,0.0049,-0.0084,-0.0122,-0.0184,-0.0143,-0.0081,-0.0036,-0.0002,0.0036,0.0055,0.0036,0.0038,0.0149,0.0138
2023-04-15,-39.2813,175.5618,O,,,0.0406,0.0616,,,0.0538,,0.0185,0.0131,-0.0008,-0.0101,-0.0157,-0.021,-0.0199,-0.0176,-0.0177,-0.0154,-0.0154,-0.0112,-0.0069,-0.0025,0.0236,0.0231,0.0247,0.0222,0.0134,0.003,-0.0209,-0.0359
2023-04-15,-39.2813,175.5618,S,,,,,,,,,-0.0085,1e-04,0.0004,0.0041,0.0046,0.0043,0.0015,-0.0006,-0.0005,0.0004,-0.001,-0.0031,-0.0036,-0.0009,-0.0009,0.0002,0.0016,0.0016,0.0011,0.0047,0.0042,0.0051
2023-04-15,-39.2813,175.5618,SE,,,,0.0227,0.0088,,,,,0.0045,0.0092,0.0149,0.0052,0.0049,0.0021,-0.0007,0.0009,-0.0008,-0.001,-0.0023,-0.0005,-0.0018,-0.0031,-0.0013,-0.004,-0.0025,-0.0003,-0.0005,-0.0027,-0.0011
2023-04-15,-39.2813,175.5618,SO,,,,,,,,0.0041,,,,,0.0166,0.0174,0.0123,0.0037,0.0044,0.009,0.0051,0.0029,0.0019,-0.0008,-0.0051,-0.0015,-0.0011,-0.0016,-0.0007,-0.0014,-0.0024,-0.0037
2024-01-12,-39.283,175.5674,E,,0.0351,0.0234,-0.0004,-0.0159,-0.017,0.0012,0.0093,-0.0059,-0.0134,-0.0164,-0.0151,0.0166,0.0316,0.0184,-0.0315,,,,,,,,,,,,,,
2024-01-12,-39.283,175.5674,N,,-0.0527,-0.0399,-0.0396,-0.0322,-0.0208,-0.0118,-0.0079,-0.0075,0.006,-0.0047,0.0246,0.0404,0.0354,0.0248,0.0172,-0.0125,0.002,-0.0191,-0.013,-0.0104,-0.0088,-0.0074,0.0028,0.0045,0.0054,0.0087,0.0055,0.0105,0.0105
2024-01-12,-39.283,175.5674,NE,,0.0126,0.0061,0.0109,-0.0121,-0.0055,0.0056,0.0132,0.0311,-0.0206,0.0344,-0.0101,-0.0134,-0.0127,-0.0242,-0.008,-0.0584,-0.0025,,0.0021,0.0193,-0.0185,-0.0137,,-0.0278,-0.0027,-0.0013,0.0138,0.0333,0.0436
2024-01-12,-39.283,175.5674,NO,,-0.0049,0.0177,0.0258,0.028,0.0016,-0.0176,-0.0099,-0.016,-0.0136,-0.0099,-0.0121,-0.0077,-0.0103,0.0064,0.0033,0.0046,0.0187,0.011,0.0068,-0.0027,-0.0066,-0.0058,0.0047,-0.0113,-0.0251,-0.0278,-0.0404,-0.0289,-0.0548
2024-01-12,-39.283,175.5674,O,,0.0014,0.0088,0.0017,-0.0551,-0.0782,-0.0675,-0.0402,-0.0422,-0.0272,0.009,0.0229,0.0346,0.0177,0.0083,0.0014,0.0013,0.0161,0.0224,-0.0271,-0.0092,-0.0408,0.0264,0.0203,0.0184,-0.1015,-0.1287,,,
2024-01-12,-39.283,175.5674,S,,0.0744,,,,,,0.0441,0.0226,0.0295,0.0169,-0.0087,0.0021,-0.0119,-0.0148,-0.0217,,,,,,,,,,,-0.0014,-0.0011,-0.0027,0.0055
2024-01-12,-39.283,175.5674,SE,,0.0904,0.062,,,,,,,,,,,,,,,,,,,,,,,,0.0,0.0,0.0,
2024-01-12,-39.283,175.5674,SO,,0.1023,0.0997,0.0982,0.0988,0.0906,0.0592,0.0282,-0.0224,-0.0206,-0.0162,,,,,,,,,,,-0.0096,-0.0043,-0.0007,-0.0013,0.0015,-0.0008,0.003,-0.0,
2024-02-13,-39.283,175.5674,E,,0.0144,0.0325,0.0162,0.0275,0.0188,0.0212,0.0367,0.039,0.0344,0.0285,0.0426,0.0141,0.0193,0.0269,0.0402,0.0274,0.0026,-0.052,-0.0056,0.0016,0.0123,0.0135,-0.0306,-0.097,-0.0548,-0.0583,-0.0514,0.0038,0.0211
2024-02-13,-39.283,175.5674,N,,-0.0943,-0.0831,-0.0812,-0.0702,-0.048,-0.029,-0.0261,-0.0178,-0.0026,-0.0004,0.007,0.0077,-0.0012,0.0033,0.005,-0.0027,0.0124,0.0145,0.0126,0.0065,0.0045,0.0018,-0.0064,-0.0029,0.0017,0.0045,-0.0028,0.0106,0.0074
2024-02-13,-39.283,175.5674,NE,,0.2364,0.2988,0.3648,0.3273,0.2819,0.1459,-0.0301,-0.0404,-0.0241,-0.0135,-0.0072,0.0086,0.0091,-0.0008,0.0201,0.017,0.0068,0.0549,0.0417,0.0126,-0.0134,-0.0244,-0.01,-0.0318,-0.0413,-0.058,-0.0574,-0.0317,-0.0166
2024-02-13,-39.283,175.5674,NO,,-0.0153,-0.0021,0.001,0.0209,-0.011,-0.0525,-0.0333,-0.0328,-0.0227,-0.0128,-0.011,-0.0108,-0.0171,0.0055,0.004,0.0127,0.0254,0.0199,0.0086,0.0124,0.0166,0.0028,-0.0067,0.0039,-0.0014,-0.0221,-0.0309,-0.0301,-0.0431
2024-02-13,-39.283,175.5674,O,,0.0239,0.0353,0.0406,0.005,-0.0181,-0.0191,-0.0081,-0.0058,-0.0087,-1e-04,-0.0003,0.0195,0.0431,0.06,0.063,0.0577,0.0591,0.0337,0.0045,-0.0203,-0.0384,-0.021,-0.0426,-0.0261,-0.0622,-0.0622,-0.0839,-0.0538,-0.0638
2024-02-13,-39.283,175.5674,S,,0.0597,,,,0.0781,,0.0567,0.0595,0.0378,0.0255,-0.007,0.0045,0.004,-0.0137,0.0144,-0.0101,-0.0066,0.0299,0.0388,-0.0327,-0.0192,-0.0122,,,,-0.0109,-0.0032,0.0051,0.0073
2024-02-13,-39.283,175.5674,SE,,0.0827,0.0772,,,,,,,,,,,,,,,,0.0451,0.0253,0.0007,-0.0292,-0.027,-0.0267,-0.02,,-0.001,-0.0017,0.008,0.0007
2024-02-13,-39.283,175.5674,SO,,0.1264,0.1165,0.1108,0.1097,0.0847,0.0529,0.0282,0.0034,0.0012,-0.0093,-0.015,-0.0122,-0.0074,-0.0077,-0.0073,-0.0076,0.0041,0.0343,0.0626,0.0437,0.0521,0.0322,0.0269,0.0251,0.0146,-0.0117,-0.0252,-0.026,-0.028
2024-02-29,-39.2811,175.5671,E,,,-0.0219,0.009,0.0191,0.0115,-0.0079,-0.0309,-0.0187,-0.0049,0.0076,0.0067,0.0113,0.0228,0.0257,0.0033,0.0157,0.0045,0.0076,1e-04,0.0021,-0.0008,0.0069,0.0087,0.0096,0.0077,0.0046,0.0003,-0.0009,-0.0072
2024-02-29,-39.2811,175.5671,N,,-0.0182,-0.0255,-0.0055,-0.043,-0.0314,-0.0064,0.0021,-0.0036,-0.0042,0.0065,0.0078,-0.003,0.0036,0.0038,0.006,0.0046,0.0144,0.0131,0.0193,0.0196,0.0201,0.0155,0.009,0.0089,0.0103,0.0103,0.0088,0.0123,0.0137
2024-02-29,-39.2811,175.5671,NE,,0.0588,0.0505,0.0434,0.0176,-0.0672,-0.0802,-0.0192,0.0183,0.0148,0.0311,0.0341,0.0449,0.0515,0.0469,0.0358,0.0165,0.0121,-0.0014,-0.0112,-0.0248,-0.0326,-0.0353,-0.029,-0.0187,-0.0075,-0.0016,-0.0194,-0.0173,-0.0047
2024-02-29,-39.2811,175.5671,NO,,0.0311,-0.0098,-0.0182,-0.018,-0.0197,-0.0238,-0.0155,-0.0078,0.0036,0.0072,0.0123,0.0057,0.0054,0.0072,0.0077,0.0039,0.0042,0.0035,-0.0048,-0.0076,-0.0037,-0.0037,-0.007,-0.0066,-0.004,0.0066,0.0156,0.007,0.0155
2024-02-29,-39.2811,175.5671,O,,0.0666,0.0533,0.0428,0.0407,0.0262,0.0232,0.0157,0.0155,0.0251,0.0171,-0.0055,-0.0198,-0.0032,-0.0046,-0.0043,-0.0098,-0.0052,-0.003,0.0088,0.0134,0.0158,0.0178,0.0127,0.0128,0.0077,0.0005,-0.0142,-0.0158,-0.0136
2024-02-29,-39.2811,175.5671,S,,,,,,,,,,,,,,,,0.0562,0.0259,0.0253,0.007,-0.0216,-0.0199,-0.0103,-0.0117,-0.0127,-0.0035,0.0041,0.0041,0.0025,0.0002,-0.0088
2024-02-29,-39.2811,175.5671,SE,,,,,,,,,,,0.0706,0.0344,0.0022,-0.003,-0.0131,-0.0143,-0.0125,-0.007,-0.0121,-0.0097,-0.0093,0.0057,-0.001,-0.0115,-0.0048,-0.0136,-0.0074,-0.0088,-0.0035,0.0089
2024-02-29,-39.2811,175.5671,SO,,,,,,,,,,0.0793,,0.0634,0.0374,0.0136,-0.0145,-0.001,0.0127,-0.0042,-0.0102,-0.0262,-0.0305,-0.0322,-0.0312,-0.0304,-0.0294,-0.0111,0.0031,1e-04,-0.0073,-0.014
2025-02-24,-39.283,175.5674,E,,-0.0175,0.0127,-0.0076,0.0014,0.0026,-0.0083,0.0029,0.047,0.0342,0.0433,0.0442,0.009,0.0247,0.0284,0.032,0.0155,-0.0139,-0.0318,-0.0288,-0.006,-0.0005,-0.0333,-0.035,-0.0397,-0.0655,-0.0252,-0.0081,0.0259,0.0326
2025-02-24,-39.283,175.5674,N,,-0.0791,-0.0736,-0.0715,-0.0749,-0.0647,-0.0441,-0.0472,-0.0427,-0.0198,-0.0164,-0.0074,-0.0012,0.0038,0.0027,0.0154,0.0026,0.0272,0.0297,0.0273,0.0219,0.0176,0.0141,-0.0059,-0.0055,0.0054,-0.0025,-0.0029,0.0058,-0.0025
2025-02-24,-39.283,175.5674,NE,,0.1005,0.1413,0.1828,0.1548,0.1353,0.0714,-0.0477,-0.0424,-0.0229,-0.0119,0.0028,0.0168,0.029,0.0254,0.0232,0.0229,0.0084,0.0494,0.0056,0.0052,-0.0164,-0.0432,-0.0094,-0.052,-0.0473,-0.0259,-0.0499,-0.0256,-0.0319
2025-02-24,-39.283,175.5674,NO,,-0.0382,-0.0237,-0.0207,-0.0009,-0.0264,-0.0369,0.0031,-0.0486,-0.0264,-0.0176,-0.0109,-0.0042,-0.0216,-0.0032,-0.0011,0.0068,0.0211,0.0166,0.0199,0.0131,0.013,0.0058,0.0027,0.013,0.0074,-0.012,-0.0116,-0.009,-0.0411
2025-02-24,-39.283,175.5674,O,,-0.0093,0.0035,0.015,-0.0124,-0.0347,-0.0126,0.0117,0.025,0.0083,0.0167,0.0198,0.0284,0.0301,0.0413,0.0368,0.0307,0.0189,0.0271,0.0096,0.0176,-0.0657,-0.033,-0.0288,-0.0125,-0.0202,-0.0518,-0.0526,-0.0325,-0.0228
2025-02-24,-39.283,175.5674,S,,0.0218,,,,0.033,,,0.0098,0.0171,0.0148,-0.0179,0.0279,0.0151,0.0046,0.0062,0.0014,0.0109,-0.0251,-0.0229,0.0207,-0.0177,-0.0125,-0.0132,,-1e-04,0.0047,0.0064,0.0039,
2025-02-24,-39.283,175.5674,SE,,0.0357,,,,,,,,,,,,,,,,,-0.0136,,0.0349,,,-0.0083,-0.0085,,-0.004,-0.0016,0.002,0.0009
2025-02-24,-39.283,175.5674,SO,,,0.0523,0.049,0.0478,0.0405,0.0196,0.0068,-0.0068,0.0011,-0.0075,-0.0054,-0.0023,-0.0057,-0.0097,-0.019,-0.0103,-0.0013,0.0011,-0.0173,-0.017,-0.0102,-0.0157,-0.0145,-0.0139,-0.0123,-0.0045,0.0021,-0.0027,-0.0061
2025-03-11,-39.2811,175.5671,E,,,,0.0307,0.04,0.0191,0.0085,0.0098,0.005,-0.0029,0.0073,0.0114,0.0155,0.0312,0.0261,0.0212,0.008,-0.0049,-0.0109,,,-0.0183,-0.0376,-0.0428,-0.0365,-0.0095,0.0013,0.0073,0.0024,-0.0003
2025-03-11,-39.2811,175.5671,N,,-0.0569,-0.067,-0.0278,-0.0685,-0.0813,-0.0312,-0.0018,0.0043,0.0134,0.0138,0.0165,0.006,0.0036,0.0084,0.005,0.0043,0.0073,0.0014,0.0108,0.0057,0.0079,0.0121,0.0111,0.0122,0.012,0.0118,0.0064,0.0078,0.0123
2025-03-11,-39.2811,175.5671,NE,,0.068,0.057,0.0487,0.0316,-0.056,-0.0441,0.005,0.0279,0.0316,0.0158,0.0133,0.0203,0.0307,0.0209,0.0124,0.0042,0.0035,0.002,-0.0009,-0.0138,-0.0208,-0.0314,-0.0254,-0.0139,-0.0123,-0.0065,-0.0192,-0.0142,-0.0045
2025-03-11,-39.2811,175.5671,NO,,-0.0058,-0.0387,-0.0306,-0.025,-0.02,-0.021,-0.0151,-0.0051,0.007,0.0057,0.006,0.0104,-0.0018,0.0029,0.0008,1e-04,0.0027,-0.0049,-0.0048,-0.0062,-1e-04,0.0049,0.0131,0.0049,0.008,-0.0011,-0.0064,-0.0196,-0.0298
2025-03-11,-39.2811,175.5671,O,,0.0394,0.0335,0.0337,0.0102,0.014,0.0124,0.0045,0.0069,0.0138,0.0057,-0.0049,-0.0094,-0.0047,-0.012,-0.0243,-0.0145,-0.0052,0.0022,0.0056,0.01,0.0122,0.0152,0.0147,0.0066,-0.0008,-0.0118,-0.0211,-0.0392,0.0051
2025-03-11,-39.2811,175.5671,S,,,,,,,,,,,,,,,,0.0303,0.0093,0.0096,1e-04,-0.0055,-0.0097,-0.0198,-0.0156,-0.008,0.0007,0.0049,0.006,-0.0041,-0.0018,-0.008
2025-03-11,-39.2811,175.5671,SE,,,,,,,,,,,,,,,,,-0.0008,0.0037,,,-0.0008,,,,,-0.0005,-0.0003,-1e-04,-1e-04,1e-04
2025-03-11,-39.2811,175.5671,SO,,,,,,,,,,,,0.0326,0.0145,0.0162,-0.0171,0.0003,0.0004,0.007,0.0008,0.0016,0.0002,-0.007,-0.0232,-0.0055,-0.0043,-0.002,0.0196,0.0081,-0.0035,-0.0251
2025-12-24,-39.283,175.5674,E,,0.0136,0.002,0.0021,0.0004,0.0021,0.0065,0.0087,0.0056,0.0165,0.023,0.0245,0.0165,0.0157,0.0082,-0.0084,-0.0165,-0.0038,-0.0051,-0.0271,-0.0296,,-0.0403,-0.0371,,,-0.0244,-0.0184,,-0.0172
2025-12-24,-39.283,175.5674,N,,0.0429,0.0468,0.0476,0.0467,0.0277,0.0229,0.0211,0.011,0.0003,-0.0016,0.0025,-0.003,0.0023,0.0005,-0.009,-0.0129,-0.016,-0.0129,-0.0186,-0.0054,-0.0007,-0.0027,0.0036,0.0062,0.0045,0.0089,0.0046,0.0088,0.0025
2025-12-24,-39.283,175.5674,NE,,0.0325,0.0353,0.0458,0.0378,0.0334,0.0151,0.0071,0.0039,0.0036,0.0103,0.0126,0.0104,0.013,0.0113,0.0064,-0.0053,-0.0286,-0.03,0.0065,0.0125,-0.0521,-0.0521,-0.0123,0.0175,0.0186,-0.0074,0.0188,0.0208,0.0125
2025-12-24,-39.283,175.5674,NO,,-0.0048,0.0032,0.0175,0.0262,0.0135,-0.0064,-0.0036,-0.0129,-0.0099,-0.0036,-0.0024,-0.0045,-0.0047,-0.0043,-0.0046,-0.0072,-0.0067,-0.0008,0.004,0.0051,0.0019,0.0004,0.0048,0.0091,0.0091,-0.0017,-0.0084,-0.0147,-0.0221
2025-12-24,-39.283,175.5674,O,,0.0251,0.0306,0.025,-0.0039,-0.0155,-0.0137,0.0004,-0.0057,-0.0041,0.0044,0.0025,0.0054,0.003,-0.0042,-0.0036,-0.0024,0.0024,0.0007,0.0027,-0.0077,0.0093,0.0276,0.0377,0.037,0.0224,-0.0009,-0.013,,-0.0625
2025-12-24,-39.283,175.5674,S,,0.057,,,,,,0.0433,0.0398,0.0346,0.0276,0.0132,,0.0146,-0.0093,-0.027,,,,,,,,,,-0.008,-0.0017,-0.0004,-0.0031,-0.0072
2025-12-24,-39.283,175.5674,SE,,0.065,0.0635,,,,,,,,,,,,,,,,,,1e-04,,,,,,-0.0,0.0,0.0,-1e-04
2025-12-24,-39.283,175.5674,SO,,0.0784,0.0671,0.0616,0.0606,0.0551,0.0363,0.0155,-0.0074,-0.0042,-0.0126,-0.0206,,-0.0148,-0.0132,,-0.0173,-0.0166,,0.0065,0.0014,0.0176,0.012,0.0101,0.0018,-0.0074,-0.0128,-0.0162,-0.0107,-0.0068
