date,center_lat,center_long,direction,15m,45m,75m,105m,135m,165m,195m,225m,255m,285m,315m,345m,375m,405m,435m,465m,495m,525m,555m,585m,615m,645m,675m,705m,735m,765m,795m,825m,855m,885m
2000-02-23,-4.271,152.203,E,,0.01,0.005,0.0,0.0,0.0,0.01,0.01,,,,,,,,,,,,,,,,,,,,,,
2000-02-23,-4.271,152.203,N,,0.02,0.01,0.0,0.0,0.0,0.0,0.01,0.01,0.005,0.01,0.0,0.0,0.0,0.01,0.0101,0.02,0.02,0.02,0.02,0.02,0.025,0.02,0.0199,0.0101,0.02,0.02,0.02,0.02,0.02
2000-02-23,-4.271,152.203,NE,0.01,0.01,0.0,0.0,0.0,0.01,0.01,0.0,,,,,,,,,,,,,,,,,,,,,,
2000-02-23,-4.271,152.203,NO,0.02,0.02,0.02,0.015,0.0101,0.0,0.0101,0.0101,0.0101,0.0,0.0101,0.0101,0.02,0.02,0.0201,0.0151,0.0201,0.02,0.0201,0.0201,0.0201,0.0201,0.025,0.03,0.025,0.03,0.03,0.03,0.03,0.03
2000-02-23,-4.271,152.203,O,,0.02,0.025,0.03,0.02,0.02,0.02,0.02,0.015,0.02,0.0201,0.0101,0.0101,0.0201,0.0201,0.0201,0.0201,0.0101,0.0101,0.0201,0.0201,0.03,0.03,0.03,0.03,0.03,0.03,0.0301,0.0301,0.04
2000-02-23,-4.271,152.203,S,,0.02,0.02,0.02,0.02,0.02,0.01,0.005,0.005,0.0101,0.0101,,,,,0.0199,0.0199,0.015,0.0199,0.02,0.02,0.02,0.02,0.02,0.0299,0.0299,0.0299,0.0299,0.0299,0.0299
2000-02-23,-4.271,152.203,SE,0.01,0.02,0.02,0.02,0.0199,0.0199,0.0199,,,,,,,,,0.0199,0.01,0.01,0.01,0.0199,0.0199,0.0199,0.0199,,0.0299,,0.0299,0.0299,,
2000-02-23,-4.271,152.203,SO,0.02,,0.02,0.015,0.02,0.02,0.0101,0.0101,0.0,0.0,0.0,0.0,,0.0,,,0.0,0.0,0.0,,0.0,0.0,0.0,0.0201,0.03,0.03,0.03,0.03,0.03,0.035
2000-04-27,-4.271,152.203,E,,,,,,,,,,,,,,,0.027,0.027,0.0203,0.027,0.027,0.0203,0.027,0.027,0.0136,0.0136,0.0136,0.0136,0.0136,0.0136,0.0136,0.0136
2000-04-27,-4.271,152.203,NE,,,,,,,,,,,,,,,,,,,,,,,,,,,,,0.0136,0.0136
2000-04-27,-4.271,152.203,NO,,,,,,,,,,,,,,,,,0.0135,0.0135,0.0135,0.0135,0.0135,0.0135,0.0135,0.0135,0.0135,0.0135,0.0135,0.0135,0.0135,0.0135
2000-04-27,-4.271,152.203,O,,,,,,,,,0.0,0.0,0.0135,0.0135,0.0135,0.0135,0.0135,0.0135,0.0202,0.0202,0.0135,0.027,0.0202,0.0135,0.0135,0.0135,0.0135,0.0135,0.0135,0.0135,0.0135,0.0135
2000-04-27,-4.271,152.203,S,,,,,,,,,,,0.0203,0.0135,0.0135,0.0136,0.027,0.0136,0.0136,0.0136,0.027,0.0136,0.0135,0.0203,0.0136,0.0136,0.0135,0.027,0.027,0.027,0.0136,0.0135
2000-04-27,-4.271,152.203,SE,,,,,,,,,,0.027,0.027,0.027,0.0,0.0136,0.0136,0.0136,0.0136,0.0136,0.0136,0.0136,0.0136,0.0136,0.0,0.0136,1e-04,0.0,1e-04,1e-04,0.0,0.0
2000-04-27,-4.271,152.203,SO,,,,,,,,,,,0.0068,0.0135,0.027,0.027,0.0202,0.0135,0.027,0.027,0.0135,0.0135,0.0202,0.027,0.027,0.0135,0.0135,0.0135,0.0135,0.0135,0.0135,0.0135
2000-05-13,-4.271,152.203,E,,0.0131,0.0066,0.0,0.0066,0.0,0.0131,0.0131,0.0131,0.0131,0.0066,0.0,0.0131,0.0131,0.0131,0.0131,0.0131,0.0131,0.0131,0.0131,0.0131,0.0131,0.0131,0.0131,0.0131,0.0131,0.0131,0.0,0.0,0.0065
2000-05-13,-4.271,152.203,N,,0.0,0.0131,0.0131,0.0131,0.0131,0.0131,0.0131,0.0131,0.0131,0.0,0.0,0.0131,0.0131,0.0,0.0,0.0131,0.0066,0.0,0.0,0.0,0.0066,0.0,0.0131,0.0131,0.0132,0.0132,0.0066,1e-04,0.0132
2000-05-13,-4.271,152.203,NE,0.0131,0.0131,0.0131,0.0131,0.0131,0.0,0.0,0.0131,0.0066,0.0131,0.0066,0.0131,0.0,0.0,0.0131,0.0131,0.0066,0.0,0.0,0.0066,0.0,0.0,0.0131,0.0131,0.0131,0.0066,0.0131,0.0131,0.0131,0.0131
2000-05-13,-4.271,152.203,NO,0.0,0.0,0.0066,0.0066,0.0131,0.0131,0.0131,0.0,0.0,0.0,0.0131,0.0131,0.0131,0.0131,0.0131,0.0131,0.0131,0.0,0.0131,0.0,0.0,0.0,0.0066,0.0131,0.0066,0.0,0.0,0.0131,0.0,0.0131
2000-05-13,-4.271,152.203,O,,0.0066,0.0,0.0,0.0066,0.0131,0.0,0.0,0.0131,0.0262,0.0131,0.0131,0.0131,0.0131,0.0066,0.0066,0.0066,0.0,0.0,0.0,0.0,0.0131,0.0131,0.0131,0.0131,0.0131,0.0131,0.0131,0.0131,0.0131
2000-05-13,-4.271,152.203,S,,0.0131,0.0066,0.0,0.0131,0.0131,0.0131,0.0131,0.0131,0.0131,0.0131,0.0131,0.0131,0.0131,0.0131,0.0131,0.0131,0.0131,0.0131,0.0131,0.0131,0.0131,0.0,0.0131,0.0131,0.0131,0.0131,0.0131,0.0131,0.0131
2000-05-13,-4.271,152.203,SE,0.0131,0.0131,0.0131,0.0131,0.0131,0.0131,0.0,0.0066,0.0131,0.0131,0.0131,0.0131,0.0131,0.0131,0.0131,0.0131,0.0131,0.0131,0.0131,0.0131,0.0131,0.0131,0.0131,0.0131,0.0131,0.0131,0.0131,0.0131,0.0131,0.0131
2000-05-13,-4.271,152.203,SO,0.0131,,0.0,0.0,0.0,0.0,0.0131,0.0131,0.0131,0.0131,0.0131,0.0131,0.0131,0.0131,0.0131,0.0065,0.0131,0.0131,0.0131,0.0,0.0,0.0,0.0,0.0131,0.0131,0.0131,0.0131,0.0131,0.0131,0.0131
2000-08-01,-4.271,152.203,E,,0.01,0.01,0.01,0.01,0.01,0.01,0.01,0.01,0.01,0.0,0.0,0.0,0.01,0.01,0.01,0.01,0.01,0.0,0.0,0.0,0.01,0.01,0.01,0.01,0.01,0.015,0.01,0.01,0.01
2000-08-01,-4.271,152.203,N,,0.01,0.01,0.01,0.01,0.01,0.01,0.01,0.0199,0.0199,0.0199,0.0149,0.0199,0.0199,0.0199,0.0198,0.0198,0.0198,0.0198,0.0198,0.0198,0.0198,0.0298,0.0298,0.0297,0.0297,0.0198,0.0198,0.0297,0.0297
2000-08-01,-4.271,152.203,NE,0.01,0.01,0.01,0.01,0.01,0.01,0.01,0.0199,0.01,0.01,0.0099,0.01,0.0099,0.0199,0.0199,0.0199,0.0199,0.0199,0.0199,0.0199,0.0199,0.0199,0.0198,0.0198,0.0198,0.0198,0.0199,0.0199,0.0198,0.0198
2000-08-01,-4.271,152.203,NO,0.0,0.01,0.0149,0.0149,0.01,0.01,0.01,0.01,0.01,0.01,0.01,0.01,0.01,0.01,0.01,0.0099,0.0099,0.0199,0.0199,0.0199,0.0199,0.0248,0.0199,0.0199,0.0198,0.0199,0.0199,0.0198,0.0199,0.0199
2000-08-01,-4.271,152.203,O,,0.0,0.01,0.01,0.005,0.005,0.01,0.01,0.01,0.005,0.01,0.01,0.01,0.01,0.01,0.01,0.005,0.01,0.01,0.01,0.015,0.01,0.01,0.01,0.01,0.01,0.01,0.01,0.01,0.01
2000-08-01,-4.271,152.203,S,,0.0,0.0,0.0,0.0,0.005,0.01,0.01,0.01,0.01,0.005,0.01,0.01,0.01,0.01,0.01,0.01,0.01,0.0101,0.0101,0.0101,0.0101,0.0101,0.0,1e-04,1e-04,1e-04,1e-04,1e-04,1e-04
2000-08-01,-4.271,152.203,SE,0.01,0.0,0.01,0.0,0.0,0.0,0.0,0.01,0.01,0.0,0.01,0.0,0.01,0.0,0.005,0.0,0.0,0.01,0.0,0.0,0.0,0.0,0.0,0.0,0.0,0.0,0.0,0.0,0.01,0.0051
2000-08-01,-4.271,152.203,SO,0.0,,0.0,0.01,0.01,0.01,0.01,0.0,0.0,0.0,0.0,0.0,0.0,0.01,0.01,0.01,0.01,0.01,0.01,0.01,0.01,0.01,0.01,0.01,0.0101,0.0101,0.0101,0.01,0.01,0.0101
2000-09-18,-4.271,152.203,E,,0.0209,0.0104,0.0104,0.0209,0.0209,0.0209,0.0209,0.0209,0.0209,0.0209,0.0209,0.0209,0.0208,0.0104,0.0104,0.0208,0.026,0.0208,0.0208,0.0312,0.0312,0.026,0.0312,0.0312,0.0312,0.0312,0.0312,0.0312,0.0312
2000-09-18,-4.271,152.203,N,,0.0105,0.0157,0.0105,0.0105,0.0157,0.0209,0.0209,0.0209,0.0209,0.0209,0.0209,0.0209,0.0209,0.0209,0.0157,0.0157,0.0209,0.0209,0.0209,0.0209,0.0209,0.0209,0.0105,0.0209,0.0209,0.0209,0.0209,0.0209,0.0209
2000-09-18,-4.271,152.203,NE,0.0209,0.0209,0.0209,0.0104,0.0105,0.0104,0.0105,0.0104,0.0104,0.0104,0.0209,0.0209,0.0209,0.0104,0.0209,0.0104,0.0157,0.0104,0.0209,0.0209,0.0209,0.0209,0.0209,0.0209,0.0209,0.0209,0.0209,0.0209,0.0209,0.0209
2000-09-18,-4.271,152.203,NO,0.0105,0.0105,0.0052,0.0,0.0,0.0105,0.0105,0.0105,0.0105,0.0209,0.0209,0.0209,0.0105,0.0105,0.0105,0.0105,0.0209,0.0209,0.0209,0.0209,0.0105,0.0105,0.0105,0.0105,0.0105,0.0105,0.0105,0.021,0.021,0.021
2000-09-18,-4.271,152.203,O,,0.0105,0.0052,0.0052,0.0,0.0052,0.0157,0.0209,0.0105,0.0053,0.0,0.0053,0.0105,0.0105,0.0105,0.0157,0.0209,0.0209,0.0157,0.0105,0.0105,0.0105,0.0105,0.021,0.021,0.0105,0.0105,0.0105,0.0105,0.0105
2000-09-18,-4.271,152.203,S,,0.0105,0.0157,0.0209,0.0157,0.0157,0.0105,0.0209,0.0157,0.0104,0.0157,0.0209,0.0209,0.0209,0.0209,0.0312,0.0209,0.0209,0.0209,0.0209,0.0208,0.0104,0.0104,0.0104,0.0104,0.0104,0.0104,0.0104,0.0104,0.0104
2000-09-18,-4.271,152.203,SE,0.0105,0.0209,0.0209,0.0209,0.0157,0.0209,0.0209,0.0209,0.0209,0.0209,0.0209,0.0261,0.0312,0.0312,0.0312,0.0312,0.0312,0.0312,0.0312,0.0312,0.0312,0.0312,0.0312,0.0208,0.0208,0.0208,0.0208,0.0208,0.0208,0.0208
2000-09-18,-4.271,152.203,SO,0.0105,,0.0,0.0052,0.0105,0.0105,0.0105,0.0209,0.0105,0.0052,0.0,0.0,0.0,0.0105,0.0105,0.0105,0.0105,0.0053,0.0,0.0105,0.0,0.0105,0.0105,0.0105,0.0105,0.0105,0.0105,0.0,0.0105,0.0053
2001-08-04,-4.271,152.203,E,,0.0073,1e-04,1e-04,1e-04,1e-04,1e-04,1e-04,0.0145,0.0145,0.0145,0.0145,0.0145,0.0145,0.0145,0.0145,0.0144,0.0144,0.0144,0.0144,0.0144,0.0144,0.0144,0.0144,0.0144,1e-04,0.0,1e-04,0.0144,0.0144
2001-08-04,-4.271,152.203,N,,1e-04,0.0,1e-04,0.0073,0.0073,0.0073,1e-04,1e-04,1e-04,0.0,0.0144,0.0144,0.0144,0.0144,0.0072,0.0144,0.0072,0.0,0.0,0.0072,0.0144,0.0,0.0,0.0,0.0144,0.0144,0.0144,0.0072,0.0
2001-08-04,-4.271,152.203,NE,1e-04,0.0,0.0,0.0145,0.0145,0.0145,0.0145,1e-04,1e-04,0.0072,0.0144,0.0144,0.0144,0.0144,0.0144,0.0,0.0,0.0144,0.0144,0.0144,0.0144,0.0144,0.0144,0.0072,0.0,0.0,0.0144,0.0,0.0,0.0
2001-08-04,-4.271,152.203,NO,0.0145,1e-04,0.0073,0.0217,0.0073,1e-04,1e-04,1e-04,1e-04,1e-04,1e-04,1e-04,1e-04,1e-04,1e-04,1e-04,1e-04,1e-04,1e-04,1e-04,1e-04,1e-04,1e-04,1e-04,0.0144,0.0144,1e-04,1e-04,0.0,0.0
2001-08-04,-4.271,152.203,O,,1e-04,0.0,0.0073,0.0073,0.0073,0.0145,1e-04,0.0,1e-04,1e-04,1e-04,0.0,0.0,1e-04,1e-04,1e-04,0.0,1e-04,1e-04,1e-04,1e-04,1e-04,1e-04,1e-04,1e-04,1e-04,1e-04,1e-04,1e-04
2001-08-04,-4.271,152.203,S,,1e-04,0.0073,0.0145,0.0073,0.0073,0.0145,1e-04,1e-04,0.0146,0.0146,0.0146,0.0073,1e-04,1e-04,0.0073,0.0146,0.0146,1e-04,0.0146,1e-04,1e-04,0.0146,0.0146,1e-04,1e-04,0.0002,0.0002,0.0002,0.0002
2001-08-04,-4.271,152.203,SE,0.0145,0.0145,0.0289,0.0145,0.0145,0.0145,1e-04,1e-04,1e-04,0.0073,1e-04,0.0145,0.0145,0.0145,0.0073,0.0073,1e-04,1e-04,0.0145,0.0145,1e-04,0.0145,0.0145,1e-04,1e-04,1e-04,1e-04,1e-04,1e-04,1e-04
2001-08-04,-4.271,152.203,SO,0.0145,,1e-04,0.0073,0.0073,1e-04,1e-04,1e-04,1e-04,1e-04,0.0073,1e-04,1e-04,1e-04,0.0146,1e-04,1e-04,1e-04,1e-04,1e-04,1e-04,1e-04,0.0146,0.0002,0.0002,0.0002,0.0002,0.0002,0.0002,0.0002
2001-11-08,-4.271,152.203,E,,0.0149,0.0149,0.0148,0.0148,0.0148,0.0148,0.0148,0.0,0.0,0.0,0.0,0.0074,0.0074,0.0074,0.0147,0.0147,0.0147,0.0147,0.0147,0.0146,0.0146,0.0146,0.0073,0.0,0.0146,0.0146,0.0146,0.0146,0.0146
2001-11-08,-4.271,152.203,N,,0.0,0.0149,0.0149,0.0149,0.0075,0.0075,0.0075,0.0149,0.0149,0.0149,0.0149,0.0148,0.0149,0.0149,0.0149,0.0075,1e-04,0.0148,0.0148,0.0149,0.0149,0.0148,0.0148,0.0148,0.0148,0.0148,0.0148,0.0148,0.0148
2001-11-08,-4.271,152.203,NE,0.0149,0.0149,0.0149,0.0149,0.0149,0.0148,0.0148,0.0,0.0,0.0148,0.0222,0.0148,0.0148,0.0148,0.0148,0.0148,0.0148,0.0147,0.0147,0.0147,0.0147,0.0147,0.0147,0.0147,0.0147,0.0146,0.0146,0.0147,0.0146,0.0146
2001-11-08,-4.271,152.203,NO,0.0,0.0149,0.0149,0.015,0.015,0.015,0.015,0.015,0.015,0.015,0.0151,0.015,0.0151,0.015,0.0151,0.015,0.0151,0.015,0.015,0.0151,0.0151,0.0151,0.015,0.0151,0.0151,0.0151,0.0151,0.0151,0.0152,0.0152
2001-11-08,-4.271,152.203,O,,1e-04,0.015,0.015,0.015,0.015,0.0002,0.0002,0.0002,0.0002,0.0002,0.0077,0.0077,0.0151,0.0151,0.0151,0.0151,0.0151,0.0151,0.0152,0.0152,0.0152,0.0152,0.0152,0.0152,0.0153,0.0153,0.0153,0.0153,0.0153
2001-11-08,-4.271,152.203,S,,1e-04,0.0149,0.0149,1e-04,0.0149,0.0149,1e-04,0.0149,0.015,0.015,0.015,0.015,0.0149,0.0149,0.0149,0.015,0.0224,0.015,0.015,0.015,0.015,0.0149,0.015,0.015,0.015,0.015,0.015,0.015,0.015
2001-11-08,-4.271,152.203,SE,0.0149,0.0149,0.0149,0.0149,0.0223,0.0149,0.0148,0.0148,0.0148,0.0074,0.0148,0.0148,0.0148,0.0148,0.0148,0.0,0.0,0.0148,0.0148,0.0148,0.0147,0.0147,0.0147,0.0147,0.0147,0.0148,0.0147,0.0147,0.0147,0.0147
2001-11-08,-4.271,152.203,SO,1e-04,,0.0149,0.0076,0.015,0.015,0.015,0.015,0.015,0.015,0.015,0.0151,0.0151,0.0151,0.0077,0.0151,0.0151,0.0151,0.0151,0.0151,0.0151,0.0151,0.0151,0.0151,0.0152,0.0152,0.0152,0.0152,0.0152,0.0152
2003-05-06,-4.271,152.203,E,,0.0056,1e-04,1e-04,0.0056,0.0056,1e-04,1e-04,1e-04,1e-04,1e-04,0.0,0.0,0.0,0.0,0.0,0.0,0.0,0.0112,0.0112,0.0112,0.0112,0.0112,0.0056,0.0112,0.0,0.0,0.0112,0.0112,0.0112
2003-05-06,-4.271,152.203,N,,1e-04,0.0056,0.0112,0.0112,0.0056,1e-04,1e-04,1e-04,0.0112,0.0112,0.0112,1e-04,1e-04,1e-04,1e-04,1e-04,1e-04,0.0112,1e-04,1e-04,1e-04,1e-04,1e-04,1e-04,1e-04,1e-04,1e-04,1e-04,1e-04
2003-05-06,-4.271,152.203,NE,1e-04,1e-04,1e-04,1e-04,1e-04,1e-04,1e-04,0.0112,0.0112,0.0112,0.0112,0.0112,0.0112,0.0112,1e-04,1e-04,0.0056,1e-04,1e-04,1e-04,0.0,0.0,0.0,0.0,0.0,0.0,0.0,0.0,0.0,0.0
2003-05-06,-4.271,152.203,NO,1e-04,1e-04,0.0056,0.0056,1e-04,0.0,0.0,1e-04,1e-04,1e-04,0.0112,0.0112,1e-04,1e-04,1e-04,0.0057,0.0112,0.0112,0.0112,1e-04,1e-04,0.0057,1e-04,1e-04,1e-04,1e-04,1e-04,1e-04,1e-04,0.0113
2003-05-06,-4.271,152.203,O,,1e-04,1e-04,1e-04,1e-04,1e-04,1e-04,0.0112,0.0112,0.0112,0.0112,1e-04,1e-04,1e-04,1e-04,1e-04,1e-04,1e-04,1e-04,1e-04,0.0057,1e-04,1e-04,1e-04,1e-04,1e-04,1e-04,1e-04,1e-04,1e-04
2003-05-06,-4.271,152.203,S,,0.0112,0.0112,0.0112,0.0112,0.0112,1e-04,0.0,1e-04,0.0112,0.0112,0.0112,0.0112,0.0112,0.0112,0.0112,0.0112,0.0112,0.0112,0.0112,0.0112,0.0112,0.0112,0.0112,0.0112,0.0112,0.0112,1e-04,0.0112,0.0112
2003-05-06,-4.271,152.203,SE,0.0112,0.0112,0.0112,0.0112,0.0112,0.0112,0.0112,0.0056,0.0112,0.0056,1e-04,0.0112,0.0112,0.0112,0.0112,0.0112,0.0112,0.0112,0.0112,0.0112,0.0112,0.0112,0.0112,0.0112,0.0112,0.0112,0.0112,0.0112,0.0112,0.0112
2003-05-06,-4.271,152.203,SO,1e-04,,1e-04,0.0056,1e-04,0.0112,0.0112,1e-04,0.0112,0.0112,0.0056,1e-04,1e-04,0.0112,0.0112,0.0057,1e-04,1e-04,1e-04,0.0112,0.0113,0.0112,0.0113,0.0113,0.0113,0.0113,0.0112,0.0113,1e-04,1e-04
2003-11-30,-4.271,152.203,E,,0.0231,0.0154,0.0308,0.0308,0.0308,0.0308,0.0308,0.0308,0.0308,0.0308,0.0308,0.0308,0.0308,0.0308,0.0308,0.046,0.0308,0.0308,0.0308,0.0308,0.0308,0.046,0.0308,0.046,0.046,0.0307,0.0308,0.0307,0.0307
2003-11-30,-4.271,152.203,N,,0.0308,0.0461,0.0461,0.0308,0.0308,0.0385,0.0461,0.0461,0.0461,0.0461,0.0461,0.0461,0.0461,0.0461,0.0461,0.0461,0.0461,0.0461,0.0461,0.0461,0.0461,0.0461,0.0461,0.0461,0.0461,0.0461,0.0462,0.0462,0.0462
2003-11-30,-4.271,152.203,NE,0.0308,0.046,0.0308,0.0308,0.0384,0.0308,0.046,0.046,0.0461,0.0308,0.0308,0.0308,0.0308,0.0308,0.0308,0.0308,0.0308,0.0308,0.0385,0.0308,0.0308,0.0308,0.0308,0.0385,0.0308,0.0308,0.0309,0.0461,0.0385,0.0385
2003-11-30,-4.271,152.203,NO,0.0308,0.0308,0.0308,0.0308,0.0461,0.0308,0.0155,0.0155,0.0385,0.0308,0.0308,0.0308,0.0461,0.0308,0.0308,0.0308,0.0461,0.0461,0.0461,0.0461,0.0461,0.0613,0.0613,0.0461,0.0461,0.0461,0.0309,0.0309,0.0309,0.0232
2003-11-30,-4.271,152.203,O,,0.0155,0.0077,0.0,0.0,0.0,,,,0.0,0.0,0.0,0.0,0.0077,0.0077,0.0232,0.0232,0.0308,0.0308,0.0155,0.0232,0.0231,0.0231,0.0154,0.0154,0.0231,0.0308,0.0308,0.0461,0.0309
2003-11-30,-4.271,152.203,S,,0.0,0.0,0.0,0.0,0.0,0.0,0.0,0.0,0.0,0.0,0.0,0.0,0.0077,0.0307,0.046,0.046,0.046,0.046,0.0611,0.0611,0.0611,0.046,0.0535,0.0611,0.0611,0.0459,0.0459,0.0459,0.0459
2003-11-30,-4.271,152.203,SE,0.0155,0.0,0.0,0.0,0.0,0.0,0.0,0.0,0.0,0.0,0.0,0.0077,0.0231,0.046,0.0307,0.0307,0.0307,0.046,0.046,0.046,0.046,0.046,0.046,0.046,0.046,0.046,0.0459,0.0459,0.0459,0.0459
2003-11-30,-4.271,152.203,SO,0.0155,,0.0,0.0,0.0,,,,,,0.0,0.0,0.0,0.0,0.0,0.0154,0.0307,0.0308,0.0308,0.046,0.046,0.046,0.046,0.046,0.0535,0.0611,0.046,0.046,0.046,0.046
2004-04-22,-4.271,152.203,E,,0.0002,0.0002,0.0124,0.0124,0.0124,0.0124,0.0124,0.0185,0.0184,0.0124,0.0124,0.0124,0.0124,0.0124,0.0125,0.0245,0.0124,0.0125,0.0124,0.0124,0.0125,0.0246,0.0124,0.0185,0.0245,0.0186,0.0126,0.0126,0.0126
2004-04-22,-4.271,152.203,N,,0.0002,0.0063,0.0124,0.0002,0.0002,0.0124,0.0124,0.0002,0.0003,0.0124,0.0185,0.0245,0.0125,0.0125,0.0125,0.0125,0.0125,0.0125,0.0125,0.0125,0.0125,0.0125,0.0126,0.0126,0.0126,0.0126,0.0126,0.0126,0.0126
2004-04-22,-4.271,152.203,NE,0.0002,0.0002,0.0063,0.0124,0.0124,0.0124,0.0124,0.0124,0.0124,0.0124,0.0124,0.0124,0.0125,0.0125,0.0125,0.0125,0.0125,0.0126,0.0126,0.0126,0.0126,0.0126,0.0126,0.0126,0.0126,0.0126,0.0126,0.0126,0.0247,0.0247
2004-04-22,-4.271,152.203,NO,0.0002,0.0002,0.0062,0.0062,0.0002,0.0124,0.0124,0.0244,0.0184,0.0245,0.0124,0.0124,0.0123,0.0124,0.0062,0.0002,0.0002,0.0124,0.0124,0.0003,0.0002,0.0123,0.0002,0.0002,0.0002,0.0123,0.0002,0.0002,0.0124,0.0003
2004-04-22,-4.271,152.203,O,,0.0123,0.0123,0.0123,0.0123,0.0123,0.0244,,,,1e-04,0.0123,0.0123,0.0123,0.0062,1e-04,0.0,0.0,0.0,0.0,0.0,0.0,0.0,0.0,0.0,1e-04,1e-04,1e-04,1e-04,0.0
2004-04-22,-4.271,152.203,S,,0.0123,0.0002,0.0002,1e-04,0.0062,0.0123,0.0123,0.0123,0.0123,1e-04,0.0,0.0122,0.0122,0.0,0.0,0.0,0.0,0.0,0.0,0.0,0.006,0.0,0.0121,0.0121,0.0121,0.0121,0.0182,0.0121,0.0121
2004-04-22,-4.271,152.203,SE,0.0123,0.0002,0.0002,0.0002,0.0123,0.0123,0.0123,0.0184,0.0244,0.0123,0.0123,0.0124,0.0123,0.0123,0.0123,0.0124,0.0244,0.0244,0.0184,0.0124,0.0123,0.0124,0.0123,0.0123,0.0123,0.0244,0.0244,0.0123,0.0183,0.0243
2004-04-22,-4.271,152.203,SO,0.0123,,0.0123,0.0123,0.0123,0.0123,1e-04,0.0123,0.0123,0.0123,0.0,0.0061,0.0122,0.0122,0.0122,0.0122,0.0,0.0,0.0,0.0121,0.0,0.0,0.0,0.0,0.0,0.0,0.0,0.012,0.012,0.012
2004-09-13,-4.271,152.203,E,,1e-04,0.0002,0.0139,0.0002,1e-04,1e-04,1e-04,1e-04,0.0138,0.0138,0.0138,0.0137,0.0,0.0,1e-04,1e-04,0.0,0.0137,0.0137,0.0137,0.0,0.0068,0.0137,0.0137,0.0137,0.0137,0.0137,0.0137,0.0136
2004-09-13,-4.271,152.203,N,,,,0.0002,0.0002,0.0002,0.0002,0.0002,0.0002,0.0002,0.0002,0.0002,0.014,0.0139,0.014,0.0002,0.0139,0.014,0.014,0.0003,0.0003,0.0003,0.0003,0.0003,0.014,0.014,0.014,0.014,0.014,0.0004
2004-09-13,-4.271,152.203,NE,,,0.007,0.0139,0.0139,0.0002,0.0002,0.0139,0.0139,0.007,0.007,0.0139,0.0138,0.0139,0.0002,0.0002,0.0002,0.0002,0.0138,0.0139,0.0139,0.0138,0.0002,0.0002,0.0138,0.0138,0.0139,0.0139,0.0139,0.0139
2004-09-13,-4.271,152.203,NO,,,,0.0002,0.0002,0.0002,0.0139,0.014,0.014,0.014,0.0003,0.014,0.014,0.014,0.014,0.014,0.014,0.014,0.014,0.014,0.0004,0.0141,0.0141,0.0004,0.0004,0.0004,0.0004,0.0142,0.0142,0.0142
2004-09-13,-4.271,152.203,O,,,,0.0071,0.0071,0.0071,0.0071,0.0139,0.0139,0.014,0.014,0.014,0.014,0.014,0.014,0.014,0.014,0.0072,0.014,0.0003,0.0003,0.0003,0.0003,0.0003,0.0003,0.0003,0.0003,0.0004,0.014,0.0072
2004-09-13,-4.271,152.203,S,,,,,,,0.0139,1e-04,0.0139,0.0138,0.0138,0.0138,0.0138,0.0138,0.0138,0.0138,0.0138,0.0137,0.0137,0.0,0.0,0.0,0.0,0.0,0.0,0.0,0.0,0.0,0.0,0.0
2004-09-13,-4.271,152.203,SE,,,0.0002,0.0139,0.0139,0.0274,0.0138,1e-04,1e-04,0.0069,1e-04,0.0137,0.0137,0.0,0.0,0.0,0.0,0.0,0.0,0.0,0.0,0.0,0.0,0.0136,0.0,0.0136,0.0,0.0,0.0,0.0
2004-09-13,-4.271,152.203,SO,,,0.0139,0.0139,0.0139,0.0139,0.0139,0.0139,0.0139,0.007,0.0139,0.0139,0.0139,0.0139,0.0139,0.0139,0.0139,0.0002,0.0139,0.0139,0.007,1e-04,0.0,0.0,0.0,0.0,0.0,0.0,0.0,0.0
2004-10-15,-4.271,152.203,E,,0.0,0.0,0.0,,,,0.0132,0.0132,0.0132,0.0132,0.0132,0.0,0.0,0.0,0.0132,0.0132,0.0066,0.0132,0.0132,0.0132,0.0132,0.0132,0.0132,0.0132,1e-04,0.0,0.0132,0.0132,0.0131
2004-10-15,-4.271,152.203,N,,0.0132,0.0066,0.0132,0.0132,0.0132,0.0132,0.0132,0.0132,0.0132,0.0,0.0066,0.0132,0.0132,0.0131,0.0131,0.0131,0.0131,0.0131,0.0131,0.0262,0.0131,0.0131,0.0131,0.0131,0.0131,0.0262,0.0261,0.0261,0.0261
2004-10-15,-4.271,152.203,NE,0.0,0.0,0.0,0.0,0.0,0.0132,0.0263,,0.0,0.0,0.0132,0.0132,0.0132,0.0132,0.0132,0.0131,0.0066,0.0131,0.0131,0.0,0.0,0.0,0.0,0.0066,0.0066,0.0131,0.0131,0.0131,0.013,0.0131
2004-10-15,-4.271,152.203,NO,0.0,0.0132,0.0263,0.0263,0.0132,0.0,0.0,0.0,0.0132,0.0132,0.0132,0.0132,0.0132,0.0132,0.0132,0.0132,0.0132,0.0132,0.0132,0.0131,0.0131,0.0131,0.0132,0.0132,0.0132,0.0262,0.0262,0.0132,0.0132,0.0131
2004-10-15,-4.271,152.203,O,,0.0,0.0066,0.0132,0.0132,0.0066,0.0132,0.0132,0.0066,1e-04,0.0,0.0132,0.0066,0.0132,0.0132,0.0132,0.0,0.0132,0.0132,0.0132,0.0132,0.0132,0.0132,0.0132,0.0132,0.0132,0.0132,0.0132,0.0132,0.0132
2004-10-15,-4.271,152.203,S,,0.0132,0.0132,0.0132,0.0132,0.0132,0.0132,0.0132,0.0132,0.0132,0.0066,0.0066,1e-04,0.0132,0.0133,0.0133,1e-04,1e-04,1e-04,1e-04,0.0133,0.0133,0.0133,0.0133,0.0133,0.0133,0.0133,0.0134,0.0133,0.0134
2004-10-15,-4.271,152.203,SE,0.0,0.0,0.0,0.0132,0.0132,0.0132,0.0132,0.0132,1e-04,1e-04,0.0066,1e-04,1e-04,0.0066,0.0132,1e-04,1e-04,1e-04,1e-04,1e-04,1e-04,1e-04,0.0132,0.0132,0.0133,0.0133,0.0133,0.0133,0.0133,0.0133
2004-10-15,-4.271,152.203,SO,0.0,,0.0132,0.0132,0.0132,0.0132,0.0132,0.0132,0.0132,1e-04,0.0066,0.0132,0.0132,0.0132,0.0198,0.0132,0.0133,0.0132,0.0133,0.0133,0.0133,0.0133,0.0133,0.0133,0.0133,0.0133,0.0133,0.0133,0.0264,0.0265
2006-02-23,-4.271,152.203,E,,,,,,,,,,0.0,0.0,0.0,0.0,0.0,0.0,0.0,0.0,0.0,0.0,0.0,,,,,,,,,,
2006-02-23,-4.271,152.203,N,,,,0.0,0.0,0.0,1e-04,0.0162,0.0162,0.0162,0.0162,0.0081,0.0162,0.0162,0.0162,0.0081,0.0081,0.0081,1e-04,0.0162,0.0162,0.0162,0.0162,1e-04,0.0162,0.0161,0.0162,0.0242,0.0162,0.0162
2006-02-23,-4.271,152.203,NE,,,,,,0.0,0.0,1e-04,0.0081,0.0162,0.0162,0.0162,0.0,0.0,0.0,0.0,0.0,0.0,0.0,0.0,0.0161,0.0,0.008,0.0161,0.008,0.0,0.0,0.0,0.0,0.0161
2006-02-23,-4.271,152.203,NO,,,,0.0,0.0,0.0,0.0,1e-04,0.0162,1e-04,0.0162,0.0162,0.0162,0.0162,0.0242,0.0162,1e-04,0.0162,0.0162,0.0322,0.0163,0.0163,0.0163,0.0322,0.0163,0.0163,0.0163,0.0163,0.0163,0.0163
2006-02-23,-4.271,152.203,O,,,,,,,0.0,0.0,1e-04,0.0082,1e-04,,,,0.0163,0.0163,0.0163,0.0163,0.0163,0.0163,0.0163,0.0163,0.0163,0.0163,0.0163,0.0163,0.0163,0.0163,0.0163,0.0164
2006-02-23,-4.271,152.203,S,,,,,,,,,,,,,,,,,,,,,,,,,,,,,0.0163,0.0162
2006-02-23,-4.271,152.203,SO,,,,,,,,,,,,,,,0.0163,0.0163,0.0163,0.0163,0.0163,0.0163,0.0163,0.0163,0.0163,0.0163,0.0163,0.0163,0.0002,0.0002,0.0163,0.0163
2006-03-11,-4.271,152.203,E,,0.0129,0.0129,0.0129,0.0193,0.0129,0.0129,0.0129,,,0.0129,0.0129,0.0193,0.0129,0.0129,0.0129,0.0129,0.0129,0.0129,0.0129,0.0129,0.0129,0.0129,0.0129,0.0129,0.0129,0.0193,0.0193,0.0256,0.0129
2006-03-11,-4.271,152.203,N,,0.0129,0.0193,0.0256,0.0193,0.0129,0.0128,0.0128,0.0128,0.0128,0.0128,0.0128,0.0128,0.0128,0.0128,0.0128,0.0128,0.0128,0.0128,0.0064,0.0064,0.0128,0.0128,0.0128,0.0128,0.0128,0.0128,0.0128,0.0128,0.0128
2006-03-11,-4.271,152.203,NE,0.0129,0.0256,0.0193,0.0129,0.0065,0.0129,0.0,0.0128,0.0064,0.0064,0.0192,0.0129,0.0128,0.0192,0.0128,0.0256,0.0256,0.0128,0.0128,0.0128,0.0256,0.0128,0.0128,0.0128,0.0192,0.0128,0.0128,0.0128,0.0128,0.0128
2006-03-11,-4.271,152.203,NO,0.0256,0.0129,0.0129,0.0129,0.0129,0.0128,0.0128,0.0128,0.0129,0.0128,0.0128,0.0,0.0128,0.0128,0.0128,0.0128,0.0128,0.0128,0.0,0.0,0.0,0.0,0.0064,0.0,0.0,0.0128,0.0128,0.0,0.0,0.0064
2006-03-11,-4.271,152.203,O,,0.0193,0.0256,0.0129,0.0129,0.0129,0.0129,0.0129,0.0129,0.0065,0.0129,0.0129,0.0065,0.0065,0.0065,0.0129,0.0256,0.0129,0.0065,0.0065,0.0129,0.0256,0.0193,0.0128,0.0,0.0128,0.0384,0.0384,0.0383,0.0256
2006-03-11,-4.271,152.203,S,,0.0,0.0065,0.0256,0.0193,0.0193,0.0129,0.0129,0.0129,0.0129,0.0129,0.0193,0.0193,0.0129,0.0129,0.0129,0.0257,0.0257,0.0257,0.0257,0.0257,0.0257,0.0257,0.0257,0.0257,0.0257,0.0257,0.0257,0.0257,0.0257
2006-03-11,-4.271,152.203,SE,0.0129,0.0,0.0129,0.0129,0.0193,0.0129,0.0129,0.0129,0.0129,1e-04,0.0065,0.0129,0.0129,0.0129,0.0129,0.0129,0.0257,0.0193,0.0129,0.0257,0.0129,0.0129,0.0129,0.0129,0.0129,0.0129,0.0065,0.0129,0.013,0.013
2006-03-11,-4.271,152.203,SO,0.0129,,0.0129,0.0193,0.0129,0.0129,0.0257,0.0129,0.0129,0.0129,0.0129,0.0129,1e-04,0.0129,0.0193,0.0257,0.0257,0.0257,0.0257,0.0129,0.0193,0.0257,0.0384,0.0384,0.0384,0.0384,0.0384,0.0384,0.0384,0.0447
2006-05-30,-4.271,152.203,E,,0.0103,0.0154,0.0103,0.0154,0.0103,0.0103,0.0102,0.0102,0.0102,0.0,0.0,0.0051,0.0,0.0,0.0102,0.0102,0.0102,0.0102,0.0102,0.0102,0.0102,0.0102,0.0102,0.0102,0.0102,0.0102,0.0101,0.0101,0.0101
2006-05-30,-4.271,152.203,N,,,0.0,0.0103,0.0103,0.0103,0.0102,0.0102,0.0102,0.0051,0.0,0.0051,0.0102,0.0102,0.0,0.0,0.0,0.0102,0.0102,0.0102,0.0102,0.0102,0.0102,0.0101,0.0101,0.0101,0.0101,0.0101,0.0101,0.0101
2006-05-30,-4.271,152.203,NE,0.0103,0.0,0.0,0.0103,0.0103,0.0205,0.0102,0.0,0.0,0.0051,0.0102,0.0102,0.0102,0.0102,0.0102,0.0102,0.0102,0.0101,0.0101,0.0051,0.0101,0.0101,0.0101,0.0101,0.0101,0.0101,0.0101,0.0101,0.0101,0.0101
2006-05-30,-4.271,152.203,NO,,,,,0.0,0.0051,0.0103,0.0103,0.0103,0.0103,0.0103,0.0103,0.0103,0.0,0.0,0.0102,0.0103,0.0103,0.0103,0.0103,0.0103,0.0102,0.0,0.0,0.0,0.0,0.0,0.0,0.0,0.0
2006-05-30,-4.271,152.203,O,,,,0.0103,0.0103,0.0103,0.0103,0.0103,0.0,0.0,0.0,0.0,0.0052,0.0,0.0,1e-04,1e-04,1e-04,0.0,1e-04,1e-04,1e-04,1e-04,1e-04,1e-04,1e-04,1e-04,1e-04,1e-04,1e-04
2006-05-30,-4.271,152.203,S,,,0.0,,0.0,0.0,0.0052,0.0051,0.0,0.0052,0.0,1e-04,1e-04,0.0052,0.0103,0.0103,0.0103,0.0052,1e-04,1e-04,1e-04,1e-04,1e-04,1e-04,1e-04,1e-04,1e-04,1e-04,1e-04,1e-04
2006-05-30,-4.271,152.203,SE,0.0103,0.0103,0.0103,0.0103,0.0,0.0,0.0,0.0103,0.0,0.0051,0.0103,0.0103,0.0103,0.0103,0.0103,0.0051,0.0,0.0103,0.0103,0.0103,0.0,0.0,0.0103,0.0103,0.0103,0.0,0.0102,1e-04,0.0,1e-04
2006-05-30,-4.271,152.203,SO,,,,0.0103,0.0,0.0103,0.0103,0.0103,0.0103,1e-04,1e-04,1e-04,1e-04,1e-04,1e-04,1e-04,1e-04,1e-04,1e-04,1e-04,0.0053,1e-04,1e-04,1e-04,1e-04,1e-04,1e-04,1e-04,1e-04,1e-04
2007-06-18,-4.271,152.203,E,,0.0155,0.0,0.0,0.0154,0.0154,0.0154,0.0308,0.0308,0.023,0.0154,0.0154,0.0154,0.023,0.0306,0.0306,0.0153,0.0153,0.0229,0.0153,0.0153,0.0306,0.0306,0.0152,0.0152,0.0152,0.0152,0.0152,0.0305,0.0305
2007-06-18,-4.271,152.203,N,,0.0155,0.0077,1e-04,0.0,0.0078,1e-04,0.0078,1e-04,0.0155,0.0155,0.0155,1e-04,1e-04,1e-04,0.0155,0.0155,0.0155,0.0156,0.0155,0.0156,0.0156,0.0156,0.0156,0.0155,0.0156,0.0157,0.0157,0.0156,0.0156
2007-06-18,-4.271,152.203,NE,0.0155,0.0155,0.0077,0.0,0.0077,0.0154,0.0154,0.0154,0.0154,0.0,0.0077,0.0154,0.0154,0.0155,0.0,0.0154,0.0154,0.0154,0.0154,0.0154,0.0154,0.0154,0.0155,0.0154,0.0154,0.0154,0.0306,0.0306,0.0306,0.0307
2007-06-18,-4.271,152.203,NO,0.0155,0.0155,0.0155,0.0232,0.0232,1e-04,1e-04,1e-04,1e-04,1e-04,0.0079,0.0156,0.0156,1e-04,0.0002,0.0156,0.0157,0.0157,0.0157,0.0157,0.0157,0.0157,0.0003,0.0003,0.0157,0.0157,0.0158,0.0157,0.0081,0.0004
2007-06-18,-4.271,152.203,O,,0.0077,1e-04,0.0,1e-04,1e-04,1e-04,0.0078,,,0.0156,0.0156,0.0156,0.0156,0.0002,0.0156,0.0079,0.0157,0.0003,0.0003,0.0003,0.0003,0.0003,0.0003,0.008,0.008,0.0003,0.0004,0.0004,0.0004
2007-06-18,-4.271,152.203,S,,0.0,0.0,0.0,0.0155,0.0155,0.0155,0.0154,0.0155,0.0155,0.0154,0.0154,0.0154,0.0154,0.0154,0.0155,0.0308,0.0154,0.0154,0.0154,0.0307,0.0154,0.0154,0.0154,0.0154,0.0306,0.0155,0.0154,0.0154,0.0154
2007-06-18,-4.271,152.203,SE,0.0,0.0,0.0155,0.0154,0.0154,0.0154,0.0154,0.0077,0.0154,0.0154,0.0154,0.023,0.0307,0.0307,0.0306,0.023,0.0154,0.0153,0.0306,0.0306,0.0306,0.0153,0.0152,0.0152,0.0152,0.0152,0.0152,0.0305,0.0152,0.0152
2007-06-18,-4.271,152.203,SO,0.0,,0.0,0.0155,1e-04,0.0155,0.0155,0.0155,0.0155,0.0232,0.0155,0.0155,1e-04,1e-04,0.0078,0.0155,0.0155,0.0156,0.0155,0.0156,0.0155,0.0078,0.0155,0.0156,0.0156,0.0155,0.0156,0.0157,0.0233,0.0157
2007-07-20,-4.271,152.203,E,,0.0178,0.0178,0.0119,0.0059,0.0119,0.0119,0.0119,0.0119,0.0119,0.0237,,0.0119,0.0119,0.0118,0.0059,0.0118,0.0118,0.0118,0.0118,0.0118,0.0,0.0059,0.0118,0.0117,0.0117,0.0117,0.0117,0.0117,0.0117
2007-07-20,-4.271,152.203,N,,0.0238,0.0238,0.0119,0.0,0.006,0.0119,0.0119,0.0119,0.0119,0.0119,0.0119,0.0119,0.0119,0.0119,0.0119,0.0119,0.0119,0.0119,0.0119,0.0119,0.0119,0.0119,0.0119,0.0119,0.0119,0.0119,0.0119,0.0119,0.0119
2007-07-20,-4.271,152.203,NE,0.0238,0.0238,0.0119,0.0119,0.0119,0.0119,0.0119,0.0119,0.0119,0.0119,0.0119,0.0119,0.0119,0.0119,0.0119,0.0119,0.0119,0.0119,0.0118,0.0119,0.0118,0.0118,0.0118,0.0119,0.0236,0.0118,0.0118,0.0118,0.0118,0.0118
2007-07-20,-4.271,152.203,NO,0.0238,0.0119,0.0119,0.0119,0.0119,0.0119,0.0119,0.0119,0.012,0.012,0.012,0.012,0.012,0.012,0.0238,0.012,0.012,0.012,0.012,0.012,0.012,0.012,0.012,0.012,0.012,0.012,0.012,0.012,0.012,0.012
2007-07-20,-4.271,152.203,O,,0.0238,0.0119,0.0119,0.0119,0.0179,0.0179,0.0179,0.012,0.012,0.012,0.012,0.012,0.012,0.012,0.0239,0.0239,0.012,0.012,0.012,0.012,1e-04,,0.012,0.012,0.0121,0.0121,0.0121,0.0121,0.0121
2007-07-20,-4.271,152.203,S,,0.0119,0.006,0.0119,0.0119,0.0119,0.0119,0.0119,0.0119,0.0119,0.0178,0.0178,0.0119,0.0238,0.012,0.0119,0.0119,0.0119,0.0119,0.0119,0.0119,0.0119,0.0119,0.0119,0.012,0.012,0.0119,0.0119,0.0119,0.012
2007-07-20,-4.271,152.203,SE,0.0119,0.0119,0.0238,0.0119,0.006,0.0119,0.0119,0.0119,0.0238,0.0238,0.0237,0.0178,0.0178,0.0119,0.0119,0.0,0.0119,0.0119,0.0119,0.0118,0.0118,0.0118,0.0118,0.0118,0.0118,0.0118,0.0118,0.0118,0.0118,0.0118
2007-07-20,-4.271,152.203,SO,0.0119,,0.0119,0.0119,0.0178,0.0238,0.0238,0.012,0.012,0.012,0.012,0.012,0.012,0.012,0.012,0.012,0.012,0.0238,0.0238,0.012,0.012,0.012,0.012,0.012,0.012,0.012,0.012,0.0061,0.012,0.012
2007-12-11,-4.271,152.203,E,,1e-04,0.0106,0.021,0.0106,0.0054,0.0106,0.0106,0.0106,0.0106,0.0105,1e-04,1e-04,0.0105,0.0105,1e-04,0.0,0.0105,0.0105,0.0105,0.0105,0.0105,0.0105,0.0105,0.0105,0.0105,0.0105,0.0104,0.0104,0.0104
2007-12-11,-4.271,152.203,N,,0.0107,0.0054,0.0107,0.0106,1e-04,0.0002,0.0106,0.0054,1e-04,1e-04,1e-04,0.0002,1e-04,1e-04,1e-04,1e-04,1e-04,1e-04,1e-04,1e-04,1e-04,0.0002,0.0105,1e-04,1e-04,1e-04,1e-04,0.0002,0.0105
2007-12-11,-4.271,152.203,NE,0.0107,1e-04,1e-04,1e-04,0.0106,0.0106,0.0106,1e-04,0.0,1e-04,1e-04,1e-04,1e-04,1e-04,1e-04,1e-04,1e-04,1e-04,0.0,0.0,0.0,0.0,1e-04,0.0105,0.0105,0.0105,0.0105,0.0105,0.0208,0.0208
2007-12-11,-4.271,152.203,NO,0.0107,0.0107,0.0054,1e-04,0.0002,0.0002,0.0002,0.0002,0.0002,0.0002,0.0002,0.0002,0.0002,1e-04,0.0002,0.0002,0.0002,0.0002,0.0002,0.0002,0.0002,0.0002,1e-04,0.0,0.0,0.0,0.0,0.0,0.0,0.0
2007-12-11,-4.271,152.203,O,,0.0107,0.0054,0.0002,0.0,1e-04,,,0.0107,0.0107,0.0002,0.0002,0.0002,0.0002,0.0002,0.0002,0.0002,0.0003,0.0003,0.0108,0.0108,0.0003,0.0003,0.0055,0.0056,0.0004,0.0056,0.0108,0.0108,0.0108
2007-12-11,-4.271,152.203,S,,0.0107,0.0107,0.0107,0.0107,0.0107,0.0002,0.0107,0.0107,0.0002,0.0107,0.0107,0.0211,0.0211,0.0159,0.0107,0.0159,0.0107,0.0107,0.0107,0.0211,0.0211,0.0159,0.0211,0.0211,0.0211,0.0211,0.0211,0.0211,0.0211
2007-12-11,-4.271,152.203,SE,0.0107,0.0107,1e-04,1e-04,0.0054,0.0106,0.021,0.021,0.0106,0.0106,0.0106,0.0106,0.0106,0.0106,0.0106,0.0105,0.0106,0.0105,0.0105,0.0105,0.0105,0.0106,0.0105,0.0105,0.0105,0.0105,0.0105,0.0105,0.0105,0.0157
2007-12-11,-4.271,152.203,SO,0.0107,,0.0211,0.0159,0.0107,0.0002,0.0002,0.0,0.0107,0.0002,0.0002,0.0055,0.0055,0.0107,0.0107,0.0212,0.0108,0.0107,0.0108,0.0108,0.0212,0.0108,0.0108,0.0108,0.016,0.0212,0.0212,0.0212,0.0212,0.0213
2008-03-16,-4.271,152.203,E,,0.0172,0.0129,0.0086,0.0086,0.0086,0.0086,0.0086,0.0086,0.0086,0.0086,0.0086,0.0,0.0,0.0086,0.0086,0.0086,,,0.0,0.0086,0.0043,0.0086,0.0086,0.0086,0.0086,0.0086,0.0086,0.0086,0.0086
2008-03-16,-4.271,152.203,N,,0.0086,0.0172,0.0172,0.0086,0.0086,0.0086,0.0172,0.0172,0.0086,0.0086,0.0086,0.0086,0.0086,0.0086,0.0086,0.0086,0.0172,0.0086,0.0086,0.0086,0.0086,0.0086,0.0086,0.0086,0.0086,0.0086,0.0086,0.0086,0.0086
2008-03-16,-4.271,152.203,NE,0.0172,0.0172,0.0129,0.0086,0.0129,0.0086,0.0086,0.0086,0.0086,0.0086,0.0086,0.0086,0.0086,0.0086,0.0086,0.0086,0.0086,0.0086,0.0086,0.0086,0.0086,0.0086,0.0129,0.0086,0.0086,0.0,0.0086,0.0086,0.0086,0.0086
2008-03-16,-4.271,152.203,NO,0.0086,0.0,0.0129,0.0086,0.0043,0.0086,0.0172,0.0,0.0086,0.0086,0.0086,0.0086,0.0086,0.0086,0.0172,0.0086,0.0086,0.0086,0.0086,0.0086,0.0086,0.0086,0.0086,0.0086,0.0086,0.0086,0.0086,0.0086,0.0086,0.0086
2008-03-16,-4.271,152.203,O,,0.0,0.0086,0.0129,0.0086,0.0043,0.0086,0.0086,0.0086,0.0086,0.0086,0.0086,0.0086,0.0086,0.0,,,0.0086,0.0086,0.0086,0.0043,0.0,0.0,0.0086,0.0086,0.0086,0.0086,0.0086,0.0,0.0
2008-03-16,-4.271,152.203,S,,0.0172,0.0086,0.0,0.0086,0.0086,0.0086,0.0086,0.0086,0.0086,0.0086,0.0043,0.0086,0.0086,0.0086,0.0086,0.0086,0.0086,0.0086,0.0086,0.0086,0.0086,0.0086,0.0086,0.0086,0.0086,0.0086,0.0086,0.0,0.0086
2008-03-16,-4.271,152.203,SE,0.0258,0.0172,0.0172,0.0172,0.0129,0.0086,0.0,0.0043,0.0172,0.0172,0.0086,0.0086,0.0086,0.0086,0.0086,0.0086,0.0086,0.0,0.0,0.0086,0.0086,0.0086,0.0086,0.0086,0.0086,0.0086,0.0086,0.0086,0.0086,0.0086
2008-03-16,-4.271,152.203,SO,0.0086,,0.0086,0.0043,0.0,0.0086,0.0086,0.0086,0.0086,0.0043,0.0043,0.0086,0.0,0.0,0.0,0.0086,0.0086,0.0086,0.0086,0.0,0.0043,0.0086,0.0086,0.0,0.0,0.0,0.0044,0.0087,0.0,1e-04
2008-07-22,-4.271,152.203,E,,0.0117,0.0176,0.0234,0.0351,0.0351,0.0234,0.0117,0.0117,0.0117,0.0117,0.0117,0.0117,0.0,0.0,0.0117,0.0,0.0,0.0,0.0,0.0,0.0,0.0,1e-04,1e-04,1e-04,0.0,0.0,0.0,0.0
2008-07-22,-4.271,152.203,N,,0.0234,0.0292,0.0234,0.0234,0.0234,0.0234,0.035,0.0175,0.0117,0.0233,0.0233,0.0233,0.0233,0.0233,0.0233,0.0232,0.0232,0.0232,0.0232,0.0232,0.0232,0.0232,0.0232,0.0232,0.0232,0.0232,0.0232,0.0232,0.0232
2008-07-22,-4.271,152.203,NE,0.0234,0.0234,0.0175,0.0234,0.0234,0.0234,0.0234,0.035,0.035,0.0234,0.0234,0.0233,0.0234,0.0233,0.0117,0.0117,0.0116,0.0116,0.0117,0.0117,0.0117,0.0116,0.0117,0.0117,0.0116,0.0116,0.0115,0.0116,0.0115,0.0115
2008-07-22,-4.271,152.203,NO,0.0234,0.0117,0.0175,0.0175,0.0234,0.035,0.0234,0.0234,0.0291,0.0233,0.0233,0.0233,0.0233,0.0233,0.0349,0.0349,0.0349,0.0349,0.0349,0.0349,0.0233,0.0232,0.0291,0.0349,0.0348,0.0348,0.0349,0.0349,0.0348,0.0232
2008-07-22,-4.271,152.203,O,,0.0234,0.0292,0.035,0.0292,0.0234,,,,0.0466,0.035,0.035,0.035,0.035,0.0349,0.0349,0.0292,0.0234,0.0349,0.0349,0.035,0.0349,0.0292,0.0292,0.0349,0.035,0.035,0.0349,0.0349,0.0234
2008-07-22,-4.271,152.203,S,,0.0351,0.0351,0.0351,0.0292,0.0293,0.0351,0.0235,0.0235,0.0235,0.0235,0.0235,0.0235,0.0235,0.0235,0.0177,0.0235,0.0235,0.0235,0.0235,0.0236,0.0236,0.0236,0.0236,0.0236,0.0236,0.0236,0.0237,0.0237,0.0237
2008-07-22,-4.271,152.203,SE,0.0234,0.0234,0.0234,0.0234,0.0234,0.0351,0.0235,0.0176,0.0118,0.0118,0.0118,0.0118,0.0118,0.0118,0.0059,0.0059,1e-04,1e-04,1e-04,1e-04,1e-04,1e-04,1e-04,1e-04,0.0,1e-04,0.0,0.0,0.0,1e-04
2008-07-22,-4.271,152.203,SO,0.0234,,0.0351,0.0234,0.0234,0.0234,0.0234,0.0234,0.0351,0.0351,0.0351,0.0351,0.0351,0.0351,0.0293,0.0293,0.0235,0.0235,0.0351,0.0351,0.0351,0.0351,0.0351,0.0235,0.0235,0.0235,0.0235,0.0293,0.0351,0.0351
2008-10-10,-4.271,152.203,E,,0.0124,0.0062,0.0124,0.0124,0.0124,0.0124,0.0124,0.0062,0.0,0.0,0.0062,0.0123,0.0123,0.0123,0.0062,0.0,0.0,0.0,,0.0247,0.0123,0.0,0.0,0.0,0.0123,0.0,0.0,0.0,0.0
2008-10-10,-4.271,152.203,N,,0.0124,0.0062,0.0,0.0124,0.0247,0.0124,0.0124,0.0124,0.0124,0.0,0.0,0.0124,0.0124,0.0124,0.0124,0.0124,0.0124,0.0124,0.0125,0.0125,0.0125,0.0125,0.0125,0.0125,0.0125,0.0125,0.0125,0.0125,0.0125
2008-10-10,-4.271,152.203,NE,0.0124,0.0124,0.0062,0.0124,0.0124,0.0124,0.0124,0.0124,0.0124,0.0124,0.0124,0.0,0.0,0.0124,0.0124,0.0124,0.0124,0.0124,0.0124,0.0124,0.0124,0.0124,0.0124,0.0124,0.0124,0.0124,0.0124,0.0124,0.0124,0.0124
2008-10-10,-4.271,152.203,NO,0.0124,0.0124,0.0062,0.0062,0.0124,0.0124,0.0,0.0,0.0,0.0124,0.0124,0.0124,0.0,0.0,0.0062,0.0124,0.0,0.0124,0.0124,0.0124,0.0247,0.0125,0.0124,0.0124,0.0124,0.0125,0.0125,0.0125,0.0125,0.0247
2008-10-10,-4.271,152.203,O,,0.0185,0.0124,0.0,0.0,0.0,0.0062,0.0124,0.0124,0.0124,0.0124,0.0124,0.0,0.0,,0.0062,0.0124,0.0124,0.0124,0.0124,0.0124,0.0124,0.0124,0.0124,0.0123,0.0124,0.0124,0.0124,0.0124,0.0124
2008-10-10,-4.271,152.203,S,,0.0123,0.0062,0.0123,0.0062,0.0,0.0,0.0,0.0123,0.0123,0.0123,0.0,0.0,0.0,0.0,0.0,0.0,0.0,0.0,0.0,0.0,0.0123,0.0123,0.0123,0.0123,0.0123,0.0123,0.0123,0.0123,0.0123
2008-10-10,-4.271,152.203,SE,0.0,0.0,0.0,0.0,0.0,0.0,0.0123,0.0062,0.0123,0.0062,0.0123,0.0123,0.0123,0.0,0.0123,0.0123,0.0123,0.0123,0.0123,0.0123,0.0123,0.0123,0.0123,0.0123,0.0123,0.0123,0.0123,0.0123,0.0123,0.0123
2008-10-10,-4.271,152.203,SO,0.0123,,0.0123,0.0062,0.0185,0.0246,0.0123,0.0,0.0,0.0,0.0123,0.0123,0.0123,0.0123,0.0123,0.0123,0.0123,0.0123,0.0123,0.0,0.0123,0.0123,0.0123,0.0123,0.0123,0.0123,0.0123,0.0123,0.0123,0.0123
2008-11-27,-4.271,152.203,E,,0.0121,0.0121,0.0121,0.0121,0.0121,0.0121,0.0061,0.0,0.0,0.0121,0.0121,0.0242,0.0121,0.0,0.0,0.0,,,,,,,,0.0,0.0,0.0,0.0,0.0,0.006
2008-11-27,-4.271,152.203,N,,0.0121,,,,,,,,,,,0.0121,0.0121,0.0121,0.0121,0.0121,0.0121,0.0121,0.0121,0.0242,0.0181,0.0242,0.0242,0.0242,0.0302,0.0362,0.0302,0.0362,0.0362
2008-11-27,-4.271,152.203,NE,0.0121,0.0121,0.0121,0.0,,,,,,,,,,0.0121,0.0121,0.0121,0.0121,0.0242,0.0242,0.0242,0.0242,0.0242,0.0242,0.0242,0.0242,0.0242,0.0241,0.0362,0.0362,0.0362
2008-11-27,-4.271,152.203,NO,0.0121,0.0121,0.0121,0.0182,0.0121,0.0121,0.0121,0.0121,0.0242,0.0242,0.0242,0.0242,0.0242,0.0242,0.0242,0.0242,0.0242,0.0362,0.0363,0.0302,0.0242,0.0242,0.0242,0.0242,0.0242,0.0242,0.0242,0.0362,0.0242,0.0242
2008-11-27,-4.271,152.203,O,,0.0121,0.0182,0.0182,0.0242,0.0243,0.0122,0.0182,0.0243,0.0182,0.0182,0.0243,0.0243,0.0243,0.0242,0.0242,0.0122,0.0363,0.0363,0.0303,0.0243,0.0243,0.0243,0.0243,0.0243,0.0243,0.0243,0.0243,0.0243,0.0363
2008-11-27,-4.271,152.203,S,,0.0,0.0,0.0,0.0061,0.0,0.0,0.0,0.0122,0.0122,0.0,0.0,0.0,0.0,0.0,0.0,0.0,1e-04,1e-04,0.0122,0.0062,0.0243,0.0122,0.0122,1e-04,1e-04,1e-04,1e-04,0.0123,0.0123
2008-11-27,-4.271,152.203,SE,0.0121,0.0121,0.0121,0.0,0.0061,0.0122,0.0122,0.0,0.0,0.0,0.0,0.0121,0.0,0.0,0.0,0.0,,0.0,,,,,,,,,,,,
2008-11-27,-4.271,152.203,SO,0.0121,,0.0,0.0061,0.0122,0.0122,0.0243,0.0243,0.0243,0.0243,0.0122,0.0122,0.0122,0.0,0.0,0.0,0.0,0.0122,0.0122,0.0062,1e-04,1e-04,0.0062,0.0122,0.0122,0.0122,0.0122,0.0122,0.0122,0.0123
2008-12-29,-4.271,152.203,E,,0.0,0.0,0.0,0.0047,0.0,0.0,0.0093,0.0093,0.0093,0.0047,0.0093,0.0093,0.0093,0.0093,0.0093,0.0093,0.0,0.0,0.0,0.0093,0.0093,0.0093,0.0093,0.0093,0.0093,0.0,0.0093,0.0046,0.0093
2008-12-29,-4.271,152.203,N,,0.0093,0.0047,0.0093,0.0093,0.0093,0.0093,0.0093,0.0047,0.0093,0.0093,0.0093,0.0093,0.0046,0.0092,0.0092,0.0092,0.0046,0.0,0.0046,0.0092,0.0092,0.0,0.0,0.0,0.0046,0.0,0.0,0.0,0.0092
2008-12-29,-4.271,152.203,NE,0.0,0.0,0.0,0.0,0.0,0.0093,0.0093,0.0093,0.0,0.0,0.0,0.0,0.0,0.0,0.0,0.0092,0.0092,0.0,0.0,0.0,0.0,0.0,0.0,0.0,0.0,0.0,0.0,0.0,0.0,0.0
2008-12-29,-4.271,152.203,NO,0.0,0.0093,0.0139,0.0139,0.0093,0.0093,0.0093,0.0047,0.0093,0.0093,0.0093,0.0093,0.0093,0.0139,0.0093,0.0093,0.0093,0.0093,0.0139,0.0093,0.0093,0.0,0.0092,0.0093,0.0093,0.0092,0.0092,0.0092,0.0092,0.0
2008-12-29,-4.271,152.203,O,,0.0,0.0093,0.0093,,,,0.0185,0.0185,0.0093,0.0093,0.0139,0.0185,0.0185,0.0185,0.0093,0.0093,0.0093,0.0093,0.0093,0.0093,0.0093,0.0093,0.0093,0.0185,0.0094,0.0094,0.0094,0.0094,0.0094
2008-12-29,-4.271,152.203,S,,0.0,0.0,0.0093,0.0139,0.0139,1e-04,1e-04,0.0093,0.0093,0.0093,0.0047,0.0093,0.0093,0.0093,0.0093,0.0094,0.0094,0.0094,0.0094,0.0094,0.0094,0.0094,0.0094,0.0094,0.0094,0.0094,0.0002,0.0002,0.0048
2008-12-29,-4.271,152.203,SE,0.0,0.0,0.0,0.0093,0.0139,0.0093,0.0093,0.0047,0.0093,1e-04,1e-04,0.0093,0.0093,0.0093,0.0047,1e-04,1e-04,0.0093,0.0093,0.0093,0.0093,0.0093,0.0093,0.0093,0.0093,1e-04,0.0093,0.0002,1e-04,1e-04
2008-12-29,-4.271,152.203,SO,0.0,,0.0093,0.0139,0.0093,1e-04,,,0.0093,0.0093,0.0093,0.0093,0.0093,0.0093,0.0093,0.0094,0.0094,0.0094,0.0094,0.0094,0.0094,0.0186,0.0094,0.0094,0.0094,0.0094,0.0094,0.0094,0.0094,0.0095
2009-05-06,-4.271,152.203,E,,0.0,0.0,0.0,0.0,0.0,0.0,0.0138,0.0138,0.0069,0.0138,0.0069,0.0,0.0,0.0,0.0,0.0,0.0,0.0,0.0,0.0,0.0,0.0,0.0138,0.0,0.0,0.0,0.0,0.0,0.0
2009-05-06,-4.271,152.203,N,,0.0,0.0,0.0138,0.0138,0.0138,0.0138,0.0,0.0,0.0,0.0,0.0,0.0138,0.0138,0.0138,0.0138,0.0138,0.0138,0.0,0.0138,0.0069,0.0069,0.0,0.0,0.0138,0.0,0.0,0.0,0.0,0.0
2009-05-06,-4.271,152.203,NE,0.0,0.0,0.0,0.0,0.0069,0.0138,0.0138,0.0138,0.0138,0.0138,0.0069,0.0,0.0138,0.0138,0.0138,0.0,0.0,0.0,0.0,0.0,0.0138,0.0,0.0,0.0,0.0069,0.0,0.0,0.0,0.0,0.0
2009-05-06,-4.271,152.203,NO,0.0138,0.0138,0.0208,0.0208,0.0069,0.0,0.0138,0.0138,0.0138,0.0138,0.0138,0.0138,0.0138,0.0138,0.0138,0.0,0.0,0.0138,0.0138,0.0,0.0138,0.0138,0.0138,0.0138,0.0,0.0,0.0,0.0,0.0,0.0
2009-05-06,-4.271,152.203,O,,0.0138,0.0277,0.0208,0.0069,0.0069,0.0069,0.0,,,0.0277,0.0138,0.0138,0.0,0.0,0.0,0.0138,0.0,0.0069,0.0,0.0138,0.0138,0.0138,0.0138,0.0138,0.0069,0.0,0.0,0.0138,0.0138
2009-05-06,-4.271,152.203,S,,0.0,0.0,0.0,0.0,0.0069,0.0138,0.0138,0.0069,0.0,0.0069,0.007,0.0139,0.0139,0.0139,0.0,0.0139,0.0,0.0,0.0,0.0,0.0139,0.0139,0.0139,0.0139,0.0,0.0,0.0,0.007,0.0139
2009-05-06,-4.271,152.203,SE,0.0,0.0,0.0138,0.0138,0.0,0.0,0.0,0.0069,0.0,0.0069,0.0,0.0,0.0,0.0,0.0,0.0069,0.0138,0.0,0.0,0.0,0.0,0.0,0.0,0.0138,0.0,0.0,0.0,0.0,0.0,0.0
2009-05-06,-4.271,152.203,SO,0.0,,0.0138,0.0138,0.0138,0.0138,0.0138,0.0138,0.0,0.0,0.0,0.0,0.0,0.0,0.0,0.0,0.0,0.0138,0.0,0.0,0.0,0.0139,0.0139,0.0139,0.0139,0.0139,0.0139,0.0139,0.0,0.0139
2009-08-10,-4.271,152.203,E,,0.0,0.0,0.0141,0.0141,0.0141,0.0071,0.0141,0.0141,0.0141,0.0141,0.0141,0.0141,0.0141,0.0141,0.0141,0.0141,,,0.0141,0.0141,0.0211,0.0211,0.0141,0.0141,0.014,0.014,0.014,0.014,0.014
2009-08-10,-4.271,152.203,N,,0.0141,0.0281,0.0281,0.0141,0.0071,0.0141,0.0141,0.0141,0.0141,0.0142,0.0141,0.0,0.0071,0.0142,0.0142,0.0142,0.0141,0.0141,0.0142,0.0142,0.0142,0.0142,0.0142,0.0142,0.0142,0.0142,0.0142,0.0142,0.0142
2009-08-10,-4.271,152.203,NE,0.0141,0.0141,0.0071,0.0141,0.0211,0.0141,0.0141,0.0141,0.0141,0.0211,0.0141,0.0141,0.0141,0.0141,0.0141,0.0141,0.0141,0.0141,0.0141,0.0141,0.0,0.007,0.0141,0.0141,0.0141,0.0141,0.0141,0.0141,0.0141,0.0141
2009-08-10,-4.271,152.203,NO,0.0141,0.0281,0.0141,0.0071,0.0071,0.0282,0.0142,0.0142,0.0142,0.0282,0.0142,0.0142,0.0142,0.0142,0.0142,0.0142,0.0142,0.0142,0.0142,0.0142,0.0142,0.0142,0.0142,0.0142,0.0142,0.0142,0.0142,0.0142,0.0142,0.0142
2009-08-10,-4.271,152.203,O,,0.0281,0.0141,0.0071,0.0141,0.0212,0.0142,0.0142,0.0212,0.0142,0.0142,0.0142,0.0142,0.0142,0.0282,0.0282,,0.0,0.0142,0.0142,0.0142,0.0142,0.0142,0.0142,0.0142,0.0142,0.0142,0.0142,0.0142,0.0142
2009-08-10,-4.271,152.203,S,,0.0141,0.0141,0.0141,0.0141,0.0141,0.0141,0.0141,0.0141,0.0281,0.0211,0.0141,0.0211,0.0281,0.0141,0.0141,0.0281,0.0211,0.0141,0.0141,0.0141,0.0141,0.0141,0.0141,0.0141,0.0141,0.0141,0.0141,0.0141,0.0141
2009-08-10,-4.271,152.203,SE,0.0141,0.0141,0.0,0.0,0.0071,0.0141,0.0141,0.0211,0.0141,0.0141,0.0281,0.0141,0.0141,0.0141,0.0141,0.0141,0.0,0.0,0.0141,0.0141,0.0141,0.0141,0.0141,0.0141,0.0141,0.0141,0.014,0.014,0.014,0.014
2009-08-10,-4.271,152.203,SO,0.0141,,0.0141,0.0141,0.0141,0.0141,0.0141,0.0141,0.0142,0.0281,0.0141,0.0141,0.0141,0.0141,0.0141,0.0141,0.0141,0.0141,0.0141,0.0142,0.0142,0.0142,0.0142,0.0142,0.0142,0.0142,0.0142,0.0142,0.0142,0.0142
2010-05-09,-4.271,152.203,E,,0.0159,,,,0.0159,1e-04,0.008,0.0159,0.0159,0.0159,0.0159,0.0159,0.0159,0.0159,0.0158,0.0158,0.0159,0.0158,0.0158,0.0158,0.0159,0.0159,0.0158,0.0158,0.0159,0.0159,0.0159,0.0159,0.0315
2010-05-09,-4.271,152.203,N,,0.0159,0.0158,0.0315,0.0237,0.0158,0.0158,0.0158,0.0158,0.0,0.0,0.0158,0.0157,0.0157,0.0157,0.0157,0.0157,0.0156,0.0078,0.0156,0.0156,0.0156,0.0,0.0,0.0,0.0,0.0,0.0,0.0155,0.0155
2010-05-09,-4.271,152.203,NE,0.0159,0.0159,0.0237,0.0158,,,1e-04,1e-04,0.0158,0.0158,0.0079,0.0158,0.0158,0.0158,0.0157,0.0,0.0,0.0157,0.0157,0.0157,0.0156,0.0157,0.0156,0.0156,0.0156,0.0156,0.0156,0.0156,0.0156,0.0156
2010-05-09,-4.271,152.203,NO,0.0159,0.0159,0.0159,0.0159,0.0158,0.0158,0.0158,0.0158,0.0158,0.0158,0.0158,1e-04,0.0,0.0,0.0157,0.0157,0.0158,0.0157,0.0,0.0,0.0157,0.0158,0.0157,0.0,0.0,0.0,0.0,0.0,0.0,0.0
2010-05-09,-4.271,152.203,O,,0.0159,0.0159,0.0159,0.0159,0.0159,0.0159,0.0159,0.0159,0.0159,0.0159,0.0159,0.0159,0.0158,0.0002,0.008,0.0159,0.0159,0.008,0.0158,0.0002,0.0081,0.0159,0.0159,0.0159,0.0159,0.008,1e-04,0.0079,0.0
2010-05-09,-4.271,152.203,S,,0.0159,0.0159,0.0159,0.0159,0.0159,0.0159,0.0159,0.016,0.016,0.016,0.016,0.016,0.0003,0.0161,0.0161,0.0161,0.0161,0.0161,0.0161,0.0161,0.0004,0.0083,0.0161,0.0162,0.0162,0.0162,0.0162,0.0162,0.0162
2010-05-09,-4.271,152.203,SE,0.0159,0.0159,0.0159,0.0159,0.0159,0.0159,0.0159,0.0316,0.0238,0.0081,0.0002,0.0159,0.0159,0.016,0.016,0.016,0.016,0.016,0.016,0.016,0.016,0.0161,0.0161,0.0161,0.0004,0.016,0.016,0.0161,0.016,0.0161
2010-05-09,-4.271,152.203,SO,0.0159,,0.0159,1e-04,0.008,0.0159,0.0159,0.0159,0.0159,0.0159,0.016,0.016,0.0159,0.016,0.016,0.016,0.016,0.016,0.016,0.016,0.016,0.0161,0.0082,0.0004,0.016,0.0161,0.0161,0.0161,0.0161,0.0162
2010-05-25,-4.271,152.203,E,,0.021,0.028,0.028,0.028,0.028,0.028,0.035,0.028,0.028,0.028,,,0.028,0.028,0.0419,0.0419,0.0488,0.0419,0.0419,0.0419,0.0419,0.0419,0.028,0.0419,0.0557,0.0419,0.0419,0.028,0.028
2010-05-25,-4.271,152.203,N,,0.0,0.0,0.0,0.007,0.0,0.0,0.014,0.028,0.014,0.014,0.014,0.028,0.028,0.028,0.028,0.035,0.0419,0.0419,0.028,0.028,0.028,0.035,0.0419,0.0419,0.0557,0.0419,0.0419,0.0419,0.0419
2010-05-25,-4.271,152.203,NE,0.014,0.0,0.028,0.028,0.028,0.028,0.028,0.028,0.028,0.028,0.014,0.028,0.028,0.035,0.028,0.0419,0.0419,0.0419,0.0419,0.0419,0.0419,0.0419,0.0419,0.0419,0.0419,0.0557,0.0419,0.0419,0.0419,0.0419
2010-05-25,-4.271,152.203,NO,0.0,0.0,0.0,0.0,0.0,0.0,0.014,0.014,0.028,0.0419,0.0419,0.0419,0.0557,0.0488,0.0557,0.0557,0.0557,0.0419,0.0557,0.0557,0.0557,0.0419,0.0419,0.0419,0.0419,0.028,0.028,0.0419,0.0419,0.0419
2010-05-25,-4.271,152.203,O,,0.0,0.0,0.0,0.007,0.021,0.028,0.028,0.0419,0.0419,0.0488,0.0419,0.0557,0.0626,0.0626,0.0557,0.0488,0.0419,0.0488,0.0419,0.0488,0.0419,,0.0419,0.0419,0.0419,0.0419,0.0419,0.0419,0.0419
2010-05-25,-4.271,152.203,S,,0.0,0.007,0.0,0.007,0.014,0.014,0.014,0.007,0.0,0.014,0.014,0.014,0.014,0.014,0.014,0.014,0.014,0.014,0.014,0.014,0.014,0.014,0.0,0.0,0.0,0.0,0.014,0.0,0.0
2010-05-25,-4.271,152.203,SE,0.014,0.0,0.014,0.014,0.014,0.028,0.0419,0.0419,0.028,0.028,0.028,0.028,0.0419,0.028,0.028,0.028,0.028,0.028,0.021,0.028,0.014,0.014,0.014,0.014,0.014,0.014,0.028,0.014,0.014,0.014
2010-05-25,-4.271,152.203,SO,0.0,,0.0,0.0,0.0,0.014,0.014,0.014,0.014,0.014,0.014,0.014,0.028,0.014,0.014,0.014,0.014,0.021,0.014,0.028,0.021,0.014,0.014,0.007,0.0,0.007,0.0,0.028,0.028,0.028
2010-06-10,-4.271,152.203,E,,0.0,0.0,0.0139,0.0139,0.0139,0.0139,0.0139,0.0,,,0.0,0.0,0.0,0.0,0.0139,0.0139,0.0,0.0,0.0,0.0,0.0139,0.0139,0.0139,0.0139,0.0139,0.0139,0.0139,0.0139,0.0139
2010-06-10,-4.271,152.203,N,,0.0139,0.0139,0.0,0.0,0.0,0.007,0.0,0.0,0.0,0.0,0.0,0.0,0.0,0.0,0.007,0.007,0.007,0.0,0.0,0.0,0.0,0.0,0.0,0.0,0.007,0.0,0.0,0.0,0.0
2010-06-10,-4.271,152.203,NE,0.0139,0.0139,0.0139,0.0,0.007,0.0139,0.0139,0.0139,0.0208,0.0139,0.0208,0.0139,0.0139,0.0139,0.0139,0.0139,0.0208,0.0139,0.0,0.0,0.0,0.0139,0.0139,0.0139,0.0139,0.0069,0.0139,0.0139,0.0139,0.0
2010-06-10,-4.271,152.203,NO,0.0139,0.0,0.0,0.0,0.007,0.0139,0.0139,0.0139,0.0,0.0,0.0139,0.0,0.0,0.0,0.0139,0.0139,0.0139,0.0139,0.0,0.0,0.0,0.0,0.0,0.0,0.0139,0.0,0.0,0.0,0.0,0.0
2010-06-10,-4.271,152.203,O,,0.0139,0.0,0.0,0.0,0.0,0.0,0.0,0.0,0.007,0.0139,0.0139,0.0139,0.0139,0.0,0.0,0.0,0.0,0.0,0.0,0.0,0.0139,0.0,,0.0,0.0139,0.0,0.0,0.0,0.0
2010-06-10,-4.271,152.203,S,,0.0,0.0,0.0,0.0139,0.0139,0.0139,0.0139,0.0139,0.0139,0.0139,0.0139,0.0,0.0,0.0139,0.0139,0.0139,0.0069,0.0,0.0139,0.0139,0.0139,0.0,0.0,0.0139,0.0139,0.0139,0.0139,0.0,0.0139
2010-06-10,-4.271,152.203,SE,0.0,0.0,0.0,0.0,0.007,0.0139,0.0,0.0,0.0,0.0,0.0,0.0139,0.0139,0.0139,0.0139,0.0,0.0,0.0139,0.0139,0.0139,0.0139,0.0,0.0,0.0139,0.0139,0.0139,0.0139,0.0069,0.0139,0.0139
2010-06-10,-4.271,152.203,SO,0.0139,,0.0,0.007,0.0139,0.0,0.0,0.0139,0.0139,0.0139,0.0139,0.0139,0.0139,0.0139,0.0139,0.0,0.0139,0.0,0.0139,0.0139,0.0139,0.0139,0.0139,0.0,0.0,0.0,0.0,0.0,0.0,0.0
2010-09-14,-4.271,152.203,E,,0.0,1e-04,0.0,0.0117,0.0174,0.0174,0.0116,0.0116,0.0116,0.0116,0.0116,0.0116,0.0116,0.0116,0.0116,0.0116,0.0116,0.0116,0.0116,0.0115,0.0116,0.0115,0.0,0.0115,0.0115,0.0114,0.0057,0.0,0.0057
2010-09-14,-4.271,152.203,N,,0.0117,0.0117,0.0117,0.0,1e-04,0.0117,0.0117,1e-04,1e-04,0.0117,0.0117,0.0117,1e-04,0.0117,0.0118,0.0059,1e-04,0.0117,0.0117,0.0118,0.0118,0.0118,0.0117,0.0118,0.0117,0.0118,0.0118,0.0117,0.0117
2010-09-14,-4.271,152.203,NE,1e-04,1e-04,0.0,1e-04,0.0059,0.0117,0.0232,0.0232,0.0117,0.0117,0.0232,0.0232,0.0117,0.0116,0.0117,0.0117,0.0117,0.0,0.0116,0.0116,0.0117,0.0174,0.0232,0.0116,0.0117,0.0116,0.0116,0.0116,0.0231,0.0231
2010-09-14,-4.271,152.203,NO,0.0117,0.0117,0.0059,0.0059,0.0117,0.0117,0.0117,0.0233,0.0118,0.0118,0.0118,0.0118,0.0118,0.0234,0.0234,0.0176,0.0234,0.0234,0.0119,0.0234,0.0234,0.0234,0.0234,0.0234,0.0235,0.0177,0.0119,0.0119,0.0119,0.012
2010-09-14,-4.271,152.203,O,,1e-04,0.0,0.0,0.0059,0.0117,0.0233,0.0118,0.0118,0.0118,0.0118,,,0.0002,0.0119,0.0119,0.0119,0.0119,0.0119,0.0119,0.0061,0.0061,0.0119,0.0119,0.0119,0.0119,0.0177,0.012,0.0119,0.0119
2010-09-14,-4.271,152.203,S,,1e-04,1e-04,1e-04,0.0117,0.0117,1e-04,1e-04,0.0,0.0,0.0,1e-04,0.0059,0.0116,0.0116,0.0058,0.0116,0.0117,0.0117,0.0116,0.0116,1e-04,0.0059,1e-04,0.0116,0.0,0.0,1e-04,0.0116,0.0116
2010-09-14,-4.271,152.203,SE,1e-04,1e-04,0.0117,0.0117,0.0117,0.0,0.0,0.0174,0.0232,0.0116,0.0232,0.0058,0.0116,0.0,0.0,0.0058,0.0116,0.0116,0.0116,0.0116,0.0116,0.0116,0.0115,0.0115,0.0115,0.0115,0.0,0.0114,0.0114,0.0115
2010-09-14,-4.271,152.203,SO,1e-04,,0.0117,0.0117,0.0233,0.0117,1e-04,0.0117,0.0117,0.0117,0.0117,0.0117,0.0117,0.0117,0.0117,0.0117,0.0117,0.0118,0.0118,0.0118,0.0118,0.0118,0.0118,0.006,0.0118,0.0118,0.0118,0.0118,0.006,0.0118
2010-10-16,-4.271,152.203,E,,0.0213,0.0213,0.0213,0.0159,0.0213,0.0159,0.0212,0.0212,0.0212,0.0212,0.0212,0.0212,0.0318,0.0318,,0.0212,0.0212,0.0212,0.0212,0.0212,0.0212,0.0212,0.0106,0.0212,0.0212,0.0211,0.0106,0.0106,0.0106
2010-10-16,-4.271,152.203,N,,0.0106,0.0159,0.0106,0.0159,0.0213,0.0213,0.016,0.0213,0.0213,0.0213,0.0213,0.0107,0.0107,0.0106,0.0107,0.0107,0.0053,0.0,0.0,0.0,0.0,0.0,0.0,0.0,0.0,0.0,0.0,0.0,0.0
2010-10-16,-4.271,152.203,NE,0.0213,0.0213,0.0213,0.0213,0.0159,0.0213,0.0213,0.0213,0.0159,0.0159,0.0159,0.0213,0.0213,0.0213,0.0106,0.0106,0.0159,0.0213,0.0212,0.0212,0.0212,0.0212,0.0212,0.0212,0.0212,0.0212,0.0212,0.0212,0.0212,0.0106
2010-10-16,-4.271,152.203,NO,0.0213,0.0106,0.0106,0.0106,0.0107,0.0213,0.0107,0.0107,0.0107,0.0107,0.0107,0.0107,0.0,0.0,0.0,0.0,0.0,0.0,0.0,0.0,0.0,0.0,0.0,0.0,0.0,0.0,0.0,0.0,0.0,0.0107
2010-10-16,-4.271,152.203,O,,0.0266,0.0266,0.0213,0.0106,0.0107,0.0107,0.016,0.0107,0.0107,0.0107,0.0053,0.0053,0.0107,0.0,0.0,0.0,0.0,,0.0,0.0,0.0,0.0,0.0,0.0,0.0,0.0,0.0,0.0,0.0
2010-10-16,-4.271,152.203,S,,0.0213,0.0106,0.0106,0.0106,0.0106,0.0,0.0106,0.0213,0.0318,0.0213,0.0213,0.0212,0.0212,0.0212,0.0212,0.0212,0.0212,0.0213,0.0213,0.0212,0.0212,0.0212,0.0212,0.0212,0.0212,0.0212,0.0212,0.0212,0.0213
2010-10-16,-4.271,152.203,SE,0.0213,0.0213,0.0318,0.0213,0.0265,0.0106,0.0106,0.0212,0.0212,0.0159,0.0212,0.0212,0.0212,0.0212,0.0212,0.0212,0.0212,0.0212,0.0265,0.0318,0.0265,0.0212,0.0212,0.0212,0.0212,0.0317,0.0212,0.0211,0.0159,0.0211
2010-10-16,-4.271,152.203,SO,0.0318,,0.0213,0.0159,0.0159,0.0106,0.0106,0.0107,0.0213,0.016,0.0213,0.0106,0.0106,0.0106,0.0106,0.0106,0.0107,0.0107,0.0,0.0106,0.0106,0.0,0.0,0.0,0.0,0.0106,0.0053,0.0,0.0,0.0
2010-12-19,-4.271,152.203,N,,,,,,,,,,,,,,,,,,,0.0,0.0,0.0,0.0,0.0,0.0,0.0,0.0,0.0,0.0087,0.0087,0.0087
2010-12-19,-4.271,152.203,NE,,,,,,,,,,,,,,,,,,,,,0.0087,0.0087,0.0087,0.0087,0.013,0.0173,0.0173,0.0173,0.0173,0.0173
2010-12-19,-4.271,152.203,NO,,,0.0173,,0.0,0.0,0.0,0.0,,,,,,0.0,0.0,0.0086,0.0,0.0043,0.0043,0.0087,0.0087,0.0087,0.0173,0.0173,0.0173,0.0258,0.0258,0.0258,0.0344,0.0344
2010-12-19,-4.271,152.203,O,,,0.0043,0.0,,,,,,,,,0.0,0.013,,0.0386,0.0173,0.0344,0.0172,0.0428,0.0428,0.0428,0.0428,0.0428,0.0428,0.0428,0.0428,0.0428,0.0428,0.0428
2010-12-19,-4.271,152.203,S,,,,0.0173,0.0258,0.0258,,0.0344,,,,0.0086,,0.0,0.0,0.0,0.0,,,,,,,,,,,,,
2010-12-19,-4.271,152.203,SE,,,,,0.0,,,,,,,,,,,,,,,,,,,,,,,,,
2010-12-19,-4.271,152.203,SO,,,,,,0.0086,,,0.0129,0.0,0.0,0.0086,0.0043,0.0086,0.0043,0.0172,0.0173,0.0301,0.0301,0.0258,0.0344,0.0344,0.0344,0.0386,0.0428,0.0386,0.0428,0.0428,0.0428,0.0344
2011-04-10,-4.271,152.203,E,,0.0268,0.0334,0.0268,0.0134,0.0134,0.0268,0.0268,0.0268,0.0268,0.0268,0.0268,0.0268,0.0201,0.0134,0.0134,0.0134,0.0134,0.0134,0.0268,0.0268,0.0268,0.0268,0.0201,0.0268,0.0268,0.0134,0.0134,0.0134,0.0268
2011-04-10,-4.271,152.203,N,,0.0267,0.0267,0.0267,0.0267,0.0267,0.0267,0.0267,0.02,0.0267,0.0133,0.0133,0.0133,0.0133,0.0133,0.0133,0.0133,0.0066,0.0133,0.0133,0.0133,0.0133,0.0133,0.0,0.0133,0.0,0.0133,0.0066,0.0,0.0
2011-04-10,-4.271,152.203,NE,0.0267,0.0267,0.02,0.04,0.0267,0.0134,0.0267,0.0133,0.0133,0.0133,0.0133,0.0134,0.0134,0.0133,0.0133,0.0134,0.0133,0.0133,0.0133,0.0133,0.0133,0.0133,0.0,0.0,0.0133,0.0134,0.0134,0.0133,0.0133,0.0066
2011-04-10,-4.271,152.203,NO,0.0267,0.0267,0.02,0.0133,0.0267,0.0133,0.0133,0.0133,0.0133,0.0133,0.0133,0.0133,0.0133,0.0133,0.0266,0.0266,0.0133,0.0133,0.0133,0.0133,0.0133,0.0133,0.0133,0.0133,0.0133,0.0133,0.0133,0.0133,0.0132,0.0132
2011-04-10,-4.271,152.203,O,,0.0267,0.0267,0.0267,0.0267,0.0267,0.0267,0.0267,0.0267,0.0267,,,0.0267,0.0267,0.02,0.0267,0.0133,0.0133,0.0133,0.0267,0.0267,0.0267,0.0267,0.0266,0.0267,0.0266,0.0266,0.0133,0.02,0.0266
2011-04-10,-4.271,152.203,S,,0.0268,0.0268,0.0268,0.0268,0.0268,0.0268,0.0268,0.0268,0.0268,0.0268,0.0268,0.0268,0.0268,0.0268,0.0268,0.0268,0.0268,0.0268,0.0268,0.0268,0.0268,0.0268,0.0268,0.0268,0.0269,0.0335,0.0269,0.0269,0.0401
2011-04-10,-4.271,152.203,SE,0.0268,0.0268,0.04,0.0268,0.0268,0.0268,0.0268,0.0268,0.0134,0.0134,0.0134,0.0268,0.0134,0.0134,0.0134,0.0134,0.0134,0.0134,0.0134,0.0268,0.0268,0.0268,0.0268,0.0268,0.0268,0.0269,0.0269,0.0269,0.0335,0.0269
2011-04-10,-4.271,152.203,SO,0.0268,,0.0268,0.0267,0.0268,0.0268,0.0268,0.0268,0.0268,0.04,0.0268,0.0201,0.0134,0.0267,0.0268,0.0268,0.0268,0.0268,0.0401,0.0334,0.0268,0.0268,0.0268,0.0268,0.0268,0.0268,0.0268,0.04,0.0334,0.0401
2011-05-12,-4.271,152.203,E,,1e-04,1e-04,1e-04,1e-04,1e-04,1e-04,1e-04,1e-04,0.0118,0.0119,0.0119,0.0119,,,1e-04,0.0118,0.0118,0.006,0.0118,1e-04,0.006,0.006,1e-04,0.0002,1e-04,1e-04,0.0118,0.0118,1e-04
2011-05-12,-4.271,152.203,N,,1e-04,1e-04,0.0118,1e-04,0.0,0.0059,0.0059,0.0,0.0,0.0,0.0,0.0,0.0,0.0,0.0,0.0,0.0,0.0,0.0,0.0,0.0,0.0,0.0,0.0,0.0,0.0,0.0,0.0,0.0
2011-05-12,-4.271,152.203,NE,1e-04,1e-04,1e-04,0.0118,0.006,1e-04,0.0,0.0,0.0,0.0,0.0,0.0,0.0,0.0,0.0,0.0,0.0118,0.0118,0.0118,0.0118,0.0118,0.0118,0.0118,0.0059,0.0,0.0,0.0,0.0,0.0,0.0
2011-05-12,-4.271,152.203,NO,1e-04,0.0119,0.0119,0.0178,0.0119,0.0118,1e-04,1e-04,0.0118,0.0,1e-04,0.0118,0.0,0.0,1e-04,0.0118,0.0118,0.0059,1e-04,0.0118,0.0,0.0,0.0,0.0,0.0,0.0,0.0117,0.0118,0.0117,0.0
2011-05-12,-4.271,152.203,O,,0.0119,0.0119,0.006,0.0119,0.0119,0.0119,0.0119,1e-04,0.0002,0.0002,0.0119,0.0119,0.006,0.0002,1e-04,1e-04,1e-04,1e-04,,0.0002,0.0002,0.0119,0.0119,0.0119,0.0002,0.0002,0.0002,0.0002,0.0119
2011-05-12,-4.271,152.203,S,,1e-04,0.006,0.0119,0.0119,0.0002,0.0002,0.012,0.0178,0.012,0.0061,0.0002,0.0002,0.012,0.0002,0.0061,0.012,0.0002,0.012,0.012,0.012,0.0062,0.0003,0.0003,0.0003,0.0003,0.0003,0.0121,0.0121,0.0003
2011-05-12,-4.271,152.203,SE,1e-04,1e-04,1e-04,1e-04,0.006,0.0119,0.0119,0.0002,0.0119,0.0002,0.0002,0.0119,0.0119,0.0119,0.0061,0.0002,0.0002,0.0002,0.012,0.012,0.012,0.0119,0.0061,0.012,0.012,0.012,0.012,0.012,0.012,0.012
2011-05-12,-4.271,152.203,SO,1e-04,,0.0119,1e-04,1e-04,0.0002,0.0002,0.0002,0.0002,0.0002,0.0,0.0002,0.0002,0.0002,0.0002,0.0002,0.0002,0.012,0.0002,0.012,0.012,0.012,0.0002,0.0003,0.0062,0.0002,0.0003,0.0003,0.012,0.0003
2011-05-28,-4.271,152.203,E,,0.0116,0.0116,0.0116,0.0116,0.0116,0.0115,0.0115,0.0173,0.0115,0.0231,0.0115,0.0115,0.0173,0.0173,0.0231,0.0231,0.0231,0.0231,,,0.0231,0.0231,0.0231,0.0231,0.0345,0.0345,0.0345,0.0345,0.0231
2011-05-28,-4.271,152.203,N,,0.0232,0.0289,0.0346,0.0289,0.0231,0.0231,0.0289,0.0288,0.0346,0.0346,0.0346,0.0346,0.0231,0.0346,0.0346,0.0346,0.0346,0.0346,0.0345,0.0346,0.0346,0.0346,0.0345,0.0345,0.0345,0.0459,0.0459,0.0459,0.0459
2011-05-28,-4.271,152.203,NE,0.0116,0.0232,0.0116,0.0115,0.0115,0.0115,0.0231,0.0231,0.0173,0.0231,0.0231,0.0231,0.0231,0.0346,0.0231,0.0231,0.0345,0.0231,0.0231,0.0231,0.0231,0.0231,0.0231,0.0231,0.0345,0.0345,0.023,0.023,0.023,0.023
2011-05-28,-4.271,152.203,NO,0.0116,0.0346,0.0289,0.0174,0.0116,0.0232,0.0232,0.0232,0.0346,0.0346,0.0346,0.0346,0.0346,0.0346,0.0232,0.0346,0.0346,0.0347,0.0346,0.0346,0.0346,0.0346,0.0347,0.0347,0.0347,0.0347,0.0347,0.046,0.046,0.046
2011-05-28,-4.271,152.203,O,,0.0116,0.0116,0.0116,0.0174,0.0174,0.0289,0.0404,0.0346,0.0232,0.0347,0.0347,0.0347,,,0.0232,0.0116,0.0174,0.0116,0.0116,0.0116,0.0116,0.0232,0.0232,0.0232,0.0232,0.0232,0.0233,0.0233,0.0232
2011-05-28,-4.271,152.203,S,,0.0116,0.0232,0.0232,0.0116,0.0116,0.0116,0.0,0.0,0.0,0.0116,0.0116,0.0116,0.0116,0.0116,0.0116,0.0,0.0116,0.0,0.0,0.0116,0.0116,0.0116,0.0058,0.0116,0.0174,0.0116,0.0117,0.0117,0.0116
2011-05-28,-4.271,152.203,SE,0.0,0.0116,0.0116,0.0116,0.0116,0.0116,0.0116,0.0,0.0115,0.0,0.0,0.0116,0.0116,0.0116,0.0231,0.0174,0.0231,0.0231,0.0231,0.0231,0.0231,0.0231,0.0232,0.0232,0.0232,0.0231,0.0116,0.0231,0.0231,0.0116
2011-05-28,-4.271,152.203,SO,0.0,,0.0116,0.0,0.0116,0.0,0.0,0.0116,0.0116,0.0232,0.0232,0.0232,0.0116,0.0174,0.0232,0.0116,0.0116,0.0174,0.0116,0.0116,0.0116,0.0117,0.0,0.0,0.0,0.0,0.0,0.0,1e-04,0.0
2011-10-19,-4.271,152.203,E,,0.0112,0.0112,0.0112,0.0112,0.0112,,,,0.0112,0.0112,0.0112,0.0112,0.0224,0.0112,0.0112,0.0112,0.0112,0.0112,0.0223,0.0223,0.0223,0.0112,0.0112,0.0111,0.0111,0.0111,0.0111,0.0111,0.0111
2011-10-19,-4.271,152.203,N,,0.0224,0.0056,0.0,0.0056,0.0056,0.0112,0.0112,0.0,0.0,0.0112,0.0112,0.0112,0.0112,0.0224,0.0224,0.0112,0.0112,0.0112,0.0112,0.0112,0.0112,0.0112,0.0112,0.0112,0.0113,0.0224,0.0224,0.0113,0.0113
2011-10-19,-4.271,152.203,NE,0.0224,0.0224,0.0168,0.0112,0.0112,0.0112,0.0112,0.0056,0.0,0.0168,0.0112,0.0112,0.0112,0.0112,0.0112,0.0112,0.0112,0.0,0.0112,0.0112,0.0112,0.0112,0.0112,0.0112,0.0112,0.0112,0.0112,0.0112,0.0112,0.0112
2011-10-19,-4.271,152.203,NO,0.0224,0.0,0.0,0.0056,0.0112,0.0112,0.0112,0.0112,0.0112,0.0224,0.0113,0.0113,0.0113,0.0224,0.0113,0.0169,0.0224,0.0113,0.0113,0.0113,0.0113,0.0113,0.0113,0.0113,0.0113,0.0224,0.0113,0.0113,0.0113,0.0114
2011-10-19,-4.271,152.203,O,,0.0,0.0,0.0168,0.0112,0.0,0.0056,0.0,0.0112,0.0112,0.0224,0.0169,0.0113,0.0113,0.0113,0.0113,0.0113,0.0113,0.0113,0.0113,0.0113,0.0113,0.0113,0.0113,0.0169,0.0225,0.0225,0.0113,0.0113,0.0113
2011-10-19,-4.271,152.203,S,,0.0,0.0,0.0,0.0,0.0112,0.0112,0.0112,0.0168,0.0112,0.0112,0.0112,0.0112,0.0112,0.0112,0.0112,0.0112,0.0168,0.0112,0.0112,0.0112,0.0112,0.0,0.0056,0.0112,0.0112,0.0112,0.0112,0.0112,0.0112
2011-10-19,-4.271,152.203,SE,0.0112,0.0,0.0,0.0,0.0112,0.0112,0.0112,0.0112,0.0,0.0,0.0112,0.0112,0.0112,0.0112,0.0112,0.0112,0.0112,0.0112,0.0223,0.0223,0.0223,0.0223,0.0112,0.0112,0.0112,0.0167,0.0111,0.0112,0.0112,0.0111
2011-10-19,-4.271,152.203,SO,0.0112,,0.0,0.0056,0.0112,0.0112,0.0112,0.0112,0.0112,0.0224,0.0168,0.0224,0.0112,0.0,0.0,0.0112,0.0112,0.0113,0.0113,0.0113,0.0113,0.0112,0.0112,0.0112,0.0112,0.0112,0.0112,0.0112,0.0113,1e-04
2011-11-04,-4.271,152.203,E,,0.0111,0.0,0.0,0.0111,0.0,0.0,0.0,0.0055,0.0111,0.0055,0.011,0.0,0.0,0.0111,0.0111,,0.0055,0.011,0.011,0.011,0.0,0.0,0.0,0.0,0.0,0.0055,0.0,0.0109,0.0
2011-11-04,-4.271,152.203,N,,0.022,0.022,0.0111,0.0111,0.0055,0.0055,0.0,0.0,0.0,0.0,0.0,0.0,0.0055,0.0,0.0,0.0,0.0,0.011,0.0,0.0,0.0,0.0,0.0,0.011,0.011,0.0,0.0,0.0,0.0
2011-11-04,-4.271,152.203,NE,0.0111,0.022,0.0166,0.0111,0.0111,0.0111,0.0,0.0,0.0055,0.0055,0.0,0.0,0.0,0.0,0.0,0.0,0.0,0.0,0.0,0.011,0.0,0.0,0.0,0.0,0.0,0.0,0.0,0.0109,0.0109,0.0
2011-11-04,-4.271,152.203,NO,0.0,0.022,0.0166,0.0111,0.0111,0.0111,0.0111,0.0111,0.0111,0.0111,0.0111,0.0111,0.0111,0.0111,0.0,0.0055,0.0111,0.0111,0.0111,0.0055,0.0,1e-04,0.0111,1e-04,0.011,0.0055,1e-04,1e-04,1e-04,1e-04
2011-11-04,-4.271,152.203,O,,0.0,0.0,0.0,0.0055,0.0,0.0,0.0,1e-04,1e-04,0.0111,0.0111,0.0111,0.0111,0.0111,0.0111,0.0111,,0.0111,1e-04,0.0056,1e-04,0.0056,1e-04,1e-04,0.0111,1e-04,1e-04,0.0056,0.0112
2011-11-04,-4.271,152.203,S,,0.0,0.0111,0.0111,0.0055,0.0111,0.0111,0.0111,0.0111,0.0111,0.0056,0.0111,0.0111,1e-04,1e-04,0.0056,0.0111,0.0111,0.0111,0.0111,1e-04,0.0056,1e-04,1e-04,0.0111,0.0111,0.0112,0.0111,0.0111,0.0111
2011-11-04,-4.271,152.203,SE,0.0111,0.0111,0.0111,0.0111,0.0,0.0,0.0,0.0111,0.0,0.0055,0.0111,0.0,0.0,0.0,0.0,0.0,0.0,0.0,0.0,0.0,0.0,0.0,0.0,1e-04,1e-04,0.0,0.0,1e-04,0.0111,0.0111
2011-11-04,-4.271,152.203,SO,0.0,,0.0,0.0055,0.0111,1e-04,1e-04,1e-04,1e-04,0.0056,0.0056,0.0056,1e-04,0.0111,0.0111,1e-04,0.0111,0.0166,0.0111,1e-04,0.0056,0.0112,1e-04,1e-04,0.0112,0.0112,1e-04,1e-04,1e-04,1e-04
2012-03-11,-4.271,152.203,E,,0.0124,0.0062,0.0124,0.0124,0.0124,0.0124,0.0124,0.0124,0.0124,0.0186,0.0124,,,0.0248,0.0124,0.0124,0.0124,0.0124,0.0248,0.0124,0.0124,0.0124,0.0124,0.0124,0.0124,0.0124,0.0124,0.0124,0.0124
2012-03-11,-4.271,152.203,N,,0.0125,0.0063,0.0,0.0,0.0125,0.0125,0.0187,0.0187,0.0125,0.0125,0.0125,0.0125,0.0125,0.0125,0.0125,0.0125,0.0125,0.0125,0.0125,0.0125,0.0125,0.0125,0.0125,0.0125,0.0125,1e-04,1e-04,1e-04,0.0063
2012-03-11,-4.271,152.203,NE,0.0124,0.0124,0.0124,0.0,0.0,0.0,0.0124,0.0,0.0124,0.0125,0.0124,0.0124,0.0125,0.0125,0.0125,0.0125,0.0125,0.0125,0.0125,0.0125,0.0124,0.0125,0.0125,0.0125,0.0125,0.0125,0.0125,0.0125,0.0125,0.0125
2012-03-11,-4.271,152.203,NO,0.0124,0.0125,0.0063,0.0063,0.0,0.0125,0.0,0.0125,0.0125,0.0125,0.0125,0.0125,0.0125,0.0125,0.0125,0.0063,1e-04,1e-04,1e-04,1e-04,1e-04,0.0125,1e-04,0.0125,1e-04,0.0125,0.0063,0.0063,1e-04,1e-04
2012-03-11,-4.271,152.203,O,,0.0125,0.0063,0.0125,0.0125,0.0063,0.0,0.0125,0.0125,0.0125,0.0,0.0063,0.0125,0.0125,0.0125,0.0,0.0,1e-04,1e-04,0.0125,0.0125,0.0,0.0125,1e-04,1e-04,1e-04,1e-04,0.0125,0.0125,0.0125
2012-03-11,-4.271,152.203,S,,0.0,0.0124,0.0248,0.0186,0.0124,0.0124,0.0124,0.0124,0.0248,0.0124,0.0124,0.0124,0.0248,0.0124,0.0248,0.0248,0.0124,0.0124,0.0124,0.0124,0.0124,0.0124,0.0124,0.0124,0.0124,0.0124,0.0124,0.0124,0.0124
2012-03-11,-4.271,152.203,SE,0.0124,0.0,0.0124,0.0,0.0124,0.0124,0.0124,0.0124,0.0124,0.0124,0.0124,0.0124,0.0124,0.0124,0.0124,0.0248,0.0248,0.0248,0.0124,0.0124,0.0124,0.0247,0.0124,0.0247,0.0247,0.0124,0.0124,0.0124,0.0247,0.0247
2012-03-11,-4.271,152.203,SO,0.0124,,0.0,0.0,0.0124,0.0124,0.0248,0.0125,0.0124,0.0124,0.0124,0.0125,0.0248,0.0124,0.0124,0.0124,0.0124,0.0124,0.0062,0.0124,0.0124,0.0248,0.0186,0.0186,0.0125,0.0248,0.0124,0.0124,0.0124,0.0124
2012-04-12,-4.271,152.203,E,,0.0342,0.0342,0.0342,0.0342,0.0342,0.0342,0.0342,0.0455,0.0455,0.0455,0.0398,0.0455,0.0455,0.0455,0.0455,0.0511,,0.0115,0.0115,0.0115,0.0229,0.0342,0.0342,0.0342,0.0455,0.0455,0.0398,0.0455,0.0342
2012-04-12,-4.271,152.203,N,,0.0566,0.0454,0.0566,0.0454,0.0454,0.0454,0.0511,0.0566,0.0455,0.0455,0.0286,0.0115,0.0,0.0,0.0,0.0,0.0,0.0,0.0,0.0,0.0,0.0172,0.0229,0.0342,0.0454,0.0454,0.0566,0.0677,0.0677
2012-04-12,-4.271,152.203,NE,0.0455,0.0342,0.0115,0.0229,0.0229,0.0229,0.0115,0.0115,0.0286,0.0342,0.0229,0.0115,0.0115,0.0115,0.0115,0.0115,0.0115,0.0229,0.0286,0.0115,0.0,0.0,0.0,0.0,0.0,0.0,0.0,0.0,0.0,0.0
2012-04-12,-4.271,152.203,NO,0.0455,0.0566,0.0566,0.0566,0.0566,0.0677,0.0787,0.0787,0.0787,0.0787,0.0787,0.0787,0.0896,0.0896,0.1004,0.0896,0.1004,0.0786,0.0896,0.1004,0.1111,0.1111,0.1218,0.1324,0.1324,0.1324,0.1377,0.143,0.143,0.143
2012-04-12,-4.271,152.203,O,,0.0511,0.0511,0.0566,0.0511,0.0455,0.0566,0.0622,0.0732,0.0841,0.0896,0.0841,0.0896,0.0896,0.1004,0.1004,,0.1112,0.1112,0.1112,0.1218,0.1218,0.1218,0.1218,0.1218,0.1325,0.1218,0.1219,0.1325,0.1325
2012-04-12,-4.271,152.203,S,,0.0455,0.0511,0.0343,0.0343,0.0343,0.0455,0.0343,0.0286,0.0229,0.0229,0.0286,0.0286,0.0343,0.0455,0.0455,0.0455,0.0622,0.0787,0.0787,0.0787,0.0787,0.0787,0.0787,0.0787,0.0896,0.1005,0.1005,0.1058,0.1112
2012-04-12,-4.271,152.203,SE,0.0455,0.0455,0.0343,0.0342,0.0343,0.0566,0.0455,0.0732,0.0566,0.0677,0.0566,0.0566,0.0566,0.0455,0.0455,0.0399,0.0343,0.0343,0.0286,0.0286,0.0229,0.0343,0.0343,0.0229,0.0286,0.0058,0.0,0.0,0.0,0.0115
2012-04-12,-4.271,152.203,SO,0.0455,,0.0343,0.0286,0.0286,0.0343,0.0566,0.0677,0.0677,0.0622,0.0677,0.0787,0.0896,0.0896,0.1004,0.1004,0.1004,0.1004,0.1004,0.1112,0.1325,0.143,0.143,0.1535,0.1535,0.1535,0.1535,0.143,0.1535,0.1483
2012-10-21,-4.271,152.203,E,,,0.0244,0.0122,0.0122,0.0122,0.0122,0.0122,0.0122,0.0183,0.0122,0.0,0.0,0.0,0.0,0.0,0.0,0.0,0.0,0.0,0.0,0.0,0.0,0.0061,0.0,0.0,0.0,0.0,0.0,0.0
2012-10-21,-4.271,152.203,N,,,,,0.0244,0.0244,0.0244,0.0244,0.0244,0.0244,0.0244,0.0244,0.0244,0.0244,0.0244,0.0244,0.0244,0.0244,0.0244,0.0244,0.0244,0.0244,0.0244,0.0244,0.0244,0.0244,0.0244,0.0244,0.0244,0.0244
2012-10-21,-4.271,152.203,NE,,,0.0244,0.0244,0.0244,0.0244,0.0244,0.0244,0.0244,0.0244,0.0183,0.0122,0.0244,0.0244,0.0244,0.0244,0.0244,0.0244,0.0244,0.0244,0.0244,0.0244,0.0244,0.0244,0.0122,0.0122,0.0122,0.0244,0.0122,0.0122
2012-10-21,-4.271,152.203,NO,,,0.0244,0.0305,0.0365,0.0305,0.0244,0.0244,0.0244,0.0244,0.0244,0.0244,0.0244,0.0365,0.0365,0.0365,0.0365,0.0365,0.0365,0.0365,0.0365,0.0244,0.0244,0.0365,0.0244,0.0244,0.0245,0.0245,0.0245,0.0245
2012-10-21,-4.271,152.203,O,,,0.0184,0.0244,0.0244,0.0244,0.0244,0.0244,0.0244,0.0305,0.0365,0.0365,0.0244,0.0244,0.0244,0.0244,0.0365,0.0305,0.0244,0.0244,0.0305,0.0245,0.0245,0.0365,0.0365,0.0245,0.0245,0.0245,0.0366,0.0366
2012-10-21,-4.271,152.203,S,,,,0.0122,0.0122,0.0122,0.0122,0.0122,0.0122,0.0122,0.0122,0.0123,0.0122,0.0122,0.0123,0.0123,0.0123,0.0122,0.0184,0.0183,0.0122,0.0122,0.0122,0.0,0.0,0.0122,0.0061,0.0,0.0,0.0
2012-10-21,-4.271,152.203,SE,,,,0.0244,0.0183,0.0122,0.0183,0.0122,0.0,0.0061,0.0,0.0061,0.0122,0.0,0.0,0.0,0.0,0.0,0.0,0.0,0.0,0.0,0.0,0.0,0.0,0.0,0.0,0.0,0.0,0.0
2012-10-21,-4.271,152.203,SO,,,0.0123,0.0184,0.0244,0.0244,0.0244,0.0,0.0,0.0123,0.0123,0.0184,0.0123,0.0123,0.0123,0.0184,0.0244,0.0244,0.0244,0.0244,0.0244,0.0244,0.0244,0.0123,0.0123,0.0123,0.0123,0.0184,0.0123,0.0123
2013-05-01,-4.271,152.203,E,,0.0106,0.0106,0.0212,0.0212,0.0212,0.0212,0.0106,0.0106,0.0053,0.0106,0.0212,0.0212,0.0159,0.0107,0.0107,0.0107,0.0159,0.0107,0.0,0.0,0.0,0.0,0.0107,0.0107,0.0107,0.0107,0.0,0.0,0.0
2013-05-01,-4.271,152.203,N,,,,,0.0212,0.0212,0.0106,0.0106,0.0107,0.0107,0.0,0.0107,0.0107,0.0107,0.0107,0.0107,0.0107,0.0212,0.0107,0.0107,0.0107,0.0107,0.0107,0.0107,0.0107,0.0,0.0107,0.0107,0.0107,0.0107
2013-05-01,-4.271,152.203,NE,,,0.0212,0.0212,0.0106,0.0106,0.0106,0.0212,0.0159,0.0107,0.0107,0.0107,0.0107,0.0107,0.0107,0.0107,0.0107,0.0107,0.0107,0.0107,0.0107,0.0,0.0,0.0,0.0,0.0,0.0,0.0,0.0,0.0
2013-05-01,-4.271,152.203,NO,,,,0.0212,0.0106,0.0106,0.0106,0.0106,0.0106,0.0106,0.0106,0.0106,0.0212,0.0106,0.0106,0.0106,0.0106,0.0106,0.0106,0.0106,0.0106,0.0159,0.0159,0.0212,0.0212,0.0212,0.0212,0.0212,0.0107,0.0212
2013-05-01,-4.271,152.203,O,,,0.0106,0.0212,0.0212,0.0212,0.0212,0.0212,0.0212,0.0212,0.0159,0.0106,0.0106,0.0212,0.0212,0.0212,0.0212,0.0212,0.0106,0.0106,0.0106,0.0106,0.0106,0.0106,0.0106,0.0106,0.0106,0.0212,0.0212,0.0106
2013-05-01,-4.271,152.203,S,,,,,,,0.0106,0.0053,0.0106,0.0106,0.0159,0.0106,0.0,0.0,0.0106,0.0106,0.0106,0.0106,0.0,0.0106,0.0106,0.0106,0.0053,0.0,0.0,0.0,0.0105,0.0105,0.0105,0.0105
2013-05-01,-4.271,152.203,SE,,,0.0106,0.0106,0.0159,0.0106,0.0106,0.0106,0.0,0.0106,0.0,0.0,0.0106,0.0106,0.0106,0.0,0.0106,0.0106,0.0053,0.0106,0.0106,0.0106,0.0,0.0,0.0,0.0053,0.0,0.0,0.0,0.0
2013-05-01,-4.271,152.203,SO,,,0.0106,0.0106,0.0106,0.0106,0.0212,0.0212,0.0212,0.0212,0.0212,0.0212,0.0106,0.0106,0.0159,0.0106,0.0106,0.0106,0.0106,0.0106,0.0106,0.0106,0.0106,0.0105,0.0105,0.0105,0.0159,0.0105,0.0105,0.0105
2013-05-26,-4.271,152.203,E,,0.0023,0.0018,0.0014,0.0016,0.0018,0.0026,0.0038,0.0047,0.0042,0.0037,0.0038,0.004,0.0042,0.0043,0.0046,0.0043,0.0034,0.003,0.0031,0.003,0.0027,0.0033,0.0034,0.0034,0.0031,0.0032,0.0038,0.0041,0.0051
2013-05-26,-4.271,152.203,N,,0.0008,0.0012,0.0019,0.0032,0.0035,0.0029,0.0025,0.0026,0.0028,0.0036,0.0044,0.0038,0.0037,0.0038,0.0036,0.0031,0.0029,0.0031,0.0031,0.003,0.0025,0.003,0.0037,0.0047,0.006,0.0057,0.0052,0.0046,0.0047
2013-05-26,-4.271,152.203,NE,0.0017,0.0008,0.0011,0.001,0.0011,0.001,0.0019,0.0023,0.0032,0.0038,0.0047,0.0053,0.0047,0.0049,0.0043,0.0046,0.0044,0.0055,0.0049,0.0043,0.0038,0.0045,0.0045,0.0047,0.0051,0.0047,0.0048,0.0047,0.0044,0.0042
2013-05-26,-4.271,152.203,NO,0.0017,0.0011,0.0016,0.0024,0.003,0.0028,0.0039,0.0038,0.0038,0.0034,0.0034,0.0038,0.004,0.0042,0.0036,0.0032,0.0031,0.0037,0.0025,0.0034,0.0042,0.0041,0.0042,0.0039,0.0046,0.0047,0.0039,0.0036,0.0033,0.0036
2013-05-26,-4.271,152.203,O,,0.0024,0.0027,0.0031,0.0035,0.0037,0.0037,0.0036,0.0031,0.0024,0.0017,0.0015,0.0016,0.0017,0.0014,0.0013,0.0014,0.0015,0.0011,0.0012,0.0011,0.0009,0.0008,0.0013,0.0019,0.0021,0.0014,0.0011,0.0008,0.0009
2013-05-26,-4.271,152.203,S,,0.0048,0.0045,0.0034,0.0019,0.0017,0.0022,0.0027,0.0038,0.0039,0.0039,0.0043,0.0033,0.0028,0.0014,0.0008,0.0004,0.0019,0.0025,0.0021,0.0017,0.0021,0.0019,0.0016,0.0009,0.0009,0.0004,0.0,0.0,0.0
2013-05-26,-4.271,152.203,SE,0.0033,0.0044,0.0032,0.0022,0.002,0.0021,0.0033,0.0033,0.0066,0.0039,0.0052,0.0043,0.0058,0.005,0.0066,0.0055,0.0051,0.0056,0.0049,0.0042,0.0037,0.0038,0.0034,0.0032,0.0032,0.0034,0.0038,0.0032,0.0029,0.0024
2013-05-26,-4.271,152.203,SO,0.0034,,0.0043,0.0032,0.0022,0.0015,0.0002,0.0,0.0,0.0,0.0012,0.0007,0.0015,0.0012,0.0003,0.0007,0.0009,1e-04,0.0,0.0,0.0,0.0,0.0,0.0,0.0012,0.0014,0.0014,0.0014,0.0009,0.0006
2013-11-18,-4.271,152.203,E,,,,0.0256,,,,,,0.0439,,,0.0483,0.0478,0.0486,0.0496,0.0477,0.0482,0.0477,0.046,0.0443,0.0463,0.0495,0.0517,0.0533,0.0538,0.0538,0.0531,0.0522,0.0507
2013-11-18,-4.271,152.203,N,,0.0,0.0083,0.0153,0.025,0.0297,0.0321,0.0318,0.0295,0.0217,0.0173,0.0179,0.0173,0.0158,0.0102,0.0138,0.0266,0.0319,0.0372,0.021,0.0181,0.0039,0.0,0.0034,0.0221,0.0245,0.0299,0.0295,0.0341,0.0368
2013-11-18,-4.271,152.203,NE,,0.0017,0.014,0.0266,0.0333,0.0401,0.0443,0.0472,0.0483,0.0495,0.0515,0.0499,0.052,0.0525,0.0525,0.0529,0.054,0.0551,0.0545,0.0543,0.0544,0.0543,0.0536,0.0528,0.0525,0.0519,0.0523,0.0513,0.0509,0.0497
2013-11-18,-4.271,152.203,NO,,0.0,0.0012,0.0003,0.0012,0.0068,0.0113,0.017,0.0175,0.0254,0.0204,0.0271,0.027,0.0177,0.0228,0.0175,0.0102,0.0,0.0,0.0,0.0,0.0,,,,0.0,0.0,0.0,0.0,0.0
2013-11-18,-4.271,152.203,O,,,,,0.0112,,,,,,,,,,,0.0134,0.0022,0.0,0.0,,,,,,,,,,,
2013-11-18,-4.271,152.203,S,,,,,,,,,,,,,,,,,,0.0385,0.0387,0.0389,0.0378,0.0374,0.0376,0.039,0.0401,0.0416,0.0424,0.0459,0.0479,0.0495
2013-11-18,-4.271,152.203,SE,,,,,,,,,,,,,,,0.0356,0.0374,0.0378,0.0368,0.0353,0.0343,0.0328,0.033,0.033,0.033,0.0333,0.0338,0.0349,0.0361,0.0363,0.0361
2014-03-26,-4.271,152.203,E,,0.0049,0.0051,0.0052,0.0053,0.0053,0.0051,0.0047,0.0037,0.0031,0.0029,0.0027,0.003,0.0029,0.0024,0.0021,0.0015,0.0011,0.0007,0.0002,0.0004,0.001,0.0013,0.002,0.0023,0.0022,0.0019,0.0021,0.0007,0.0
2014-03-26,-4.271,152.203,N,,0.0041,0.0034,0.0032,0.0035,0.0041,0.0041,0.0039,0.0033,0.0022,0.0019,0.0025,0.0021,0.0023,0.0035,0.0035,0.0047,0.0032,0.0018,0.0007,0.0004,0.0004,0.0011,0.0016,0.0024,0.0038,0.0042,0.0041,0.0035,0.003
2014-03-26,-4.271,152.203,NE,0.0044,0.0038,0.0043,0.0051,0.0059,0.0063,0.0051,0.0033,0.0016,0.0004,0.0006,0.0026,0.0026,0.003,0.0023,0.0025,0.0016,0.001,0.0003,0.0,0.0,0.0002,0.0007,0.0006,1e-04,0.0,0.0,0.0,0.0,0.0
2014-03-26,-4.271,152.203,NO,0.0046,0.0051,0.0053,0.0061,0.0053,0.0024,0.0018,0.0018,0.003,0.003,0.0038,0.0039,0.0035,0.0023,0.0028,0.0034,0.0048,0.0056,0.0068,0.0061,0.0062,0.0058,0.006,0.0052,0.0056,0.0049,0.0045,0.0069,0.0072,0.0062
2014-03-26,-4.271,152.203,O,,0.0052,0.0055,0.0057,0.0058,0.0058,0.0057,0.0059,0.0058,0.0053,0.0051,0.004,0.0032,0.0032,0.003,0.0037,0.0046,0.0054,0.0055,0.0053,0.0047,0.004,0.0042,0.0047,0.0057,0.0057,0.0059,0.0064,0.0059,0.005
2014-03-26,-4.271,152.203,S,,0.0052,0.0054,0.0049,0.0049,0.0044,0.004,0.004,0.004,0.004,0.004,0.0043,0.0051,0.0057,0.0065,0.0075,0.0088,0.0099,0.009,0.0086,0.0066,0.0073,0.0094,0.0096,0.0095,0.0103,0.0099,0.0087,0.0087,0.0078
2014-03-26,-4.271,152.203,SE,0.0051,0.0055,0.0057,0.0062,0.0069,0.007,0.0063,0.0068,0.0057,0.0049,0.0051,0.0044,0.006,0.0071,0.0067,0.0062,0.0063,0.0062,0.0056,0.0059,0.0065,0.0062,0.0055,0.0029,0.0025,0.0038,0.0041,0.0056,0.0054,0.005
2014-03-26,-4.271,152.203,SO,0.0049,,0.0049,0.0046,0.0041,0.0034,0.0037,0.0037,0.004,0.004,0.005,0.0054,0.0046,0.0059,0.0053,0.0064,0.0071,0.0079,0.0087,0.0062,0.0061,0.0064,0.0063,0.0062,0.0065,0.0077,0.0071,0.0064,0.0052,0.0054
2015-07-02,-4.271,152.203,N,,,,,,,,,,0.0177,,,,,,,,,,,0.004,0.0061,0.0123,0.0176,0.0204,0.0238,0.0257,0.028,0.0314,0.0264
2015-07-02,-4.271,152.203,NE,,,,,,,,,,,,,,,,,,,,,,,,,,,,,0.1097,
2015-07-02,-4.271,152.203,NO,,,,0.0109,0.0124,0.0121,0.0125,0.0108,0.01,0.0087,0.0067,0.0055,0.0022,0.0036,0.0031,0.0033,0.0044,0.0047,0.0043,0.004,0.003,0.003,0.0044,0.0,0.0008,0.0014,0.0003,0.0012,0.0,0.0
2015-07-02,-4.271,152.203,O,,,0.0126,0.0094,0.0078,0.0076,0.0082,0.0085,0.0082,0.0076,0.007,0.0065,0.0062,0.0059,0.006,0.007,0.0082,0.0083,0.0075,0.0093,0.0058,0.004,0.0032,0.0002,0.0052,0.004,0.0014,0.0,0.0,0.0
2015-07-02,-4.271,152.203,S,,0.0154,,,,,,,0.0,0.0,0.0,0.0003,0.0022,0.0042,0.0061,0.0071,0.0085,0.0093,0.0101,0.0118,0.0131,0.0135,0.0153,0.017,0.0174,0.0178,0.0177,0.0182,0.0191,0.0192
2015-07-02,-4.271,152.203,SE,,,,0.0183,,,,,,,,0.0119,0.0128,0.0162,0.0191,0.0173,0.0235,0.0282,0.0282,0.0252,0.0253,0.0223,0.0321,0.0195,0.0327,0.0305,0.036,0.0243,0.0298,0.0298
2015-07-02,-4.271,152.203,SO,,,0.0102,0.0081,0.0064,0.0066,0.0045,0.0053,0.0063,0.0056,0.0039,0.0086,0.0096,0.0094,0.0113,0.0113,0.0119,0.0129,0.0135,0.0152,0.016,0.0169,0.0181,0.0194,0.0197,0.023,0.0246,0.0252,0.0262,0.0273
2015-09-21,-4.271,152.203,E,,0.0037,0.0028,0.0026,0.0032,0.0039,0.0042,0.0035,0.0025,0.0022,0.0022,0.0023,0.0025,0.0026,0.0031,0.0026,0.0027,0.0032,0.0036,0.0041,0.0039,0.0029,0.0027,0.0027,0.0021,0.0024,0.0023,0.0021,0.0011,0.0009
2015-09-21,-4.271,152.203,N,,0.0049,0.0046,0.0042,0.0038,0.003,0.0019,0.0004,0.0,0.0,0.0002,0.0002,0.0007,0.0007,0.0006,0.0005,0.0004,0.0003,1e-04,0.0,0.0003,0.0004,0.0007,0.0005,0.0,0.0,0.0,0.0,0.0,0.0
2015-09-21,-4.271,152.203,NE,0.0046,0.0046,0.0036,0.003,0.0027,0.0025,0.0022,0.0018,0.0015,0.0018,0.0024,0.0027,0.0038,0.0038,0.0034,0.0029,0.0023,0.0024,0.0025,0.0025,0.0021,0.0024,0.0017,0.0012,0.0015,0.0004,0.0005,0.0003,0.0002,0.0
2015-09-21,-4.271,152.203,NO,0.005,0.0044,0.0039,0.0032,0.0032,0.0036,0.0033,0.0024,0.0018,0.0022,0.0024,0.0024,0.0037,0.0025,0.0032,0.0035,0.0034,0.0024,0.0033,0.0029,0.0036,0.0031,0.0032,0.0028,0.003,0.0032,0.0031,0.0036,0.0036,0.004
2015-09-21,-4.271,152.203,O,,0.0052,0.0051,0.0046,0.0044,0.0046,0.0048,0.0052,0.0052,0.005,0.0052,0.0051,0.005,0.0052,0.0058,0.0063,0.0064,0.0061,0.0061,0.0069,0.007,0.0065,0.0063,0.0056,0.006,0.0068,0.0075,0.0076,0.0073,0.0073
2015-09-21,-4.271,152.203,S,,0.0053,0.0041,0.0036,0.0025,0.0032,0.0049,0.0049,0.0052,0.0049,0.0043,0.0046,0.0043,0.0038,0.0038,0.0036,0.0032,0.003,0.0036,0.0043,0.0054,0.0058,0.0054,0.0037,0.0021,0.0025,0.0031,0.0027,0.0022,0.0003
2015-09-21,-4.271,152.203,SE,0.0045,0.0043,0.0036,0.003,0.0033,0.0038,0.0037,0.0054,0.0048,0.0043,0.0041,0.0031,0.0028,0.0035,0.0041,0.0044,0.004,0.0038,0.0029,0.0033,0.0037,0.0049,0.0052,0.0053,0.0047,0.0038,0.0036,0.0034,0.004,0.0041
2015-09-21,-4.271,152.203,SO,0.0051,,0.0062,0.0064,0.0054,0.0043,0.003,0.0032,0.0043,0.004,0.0051,0.0057,0.0058,0.0062,0.0065,0.0061,0.0057,0.0055,0.0048,0.005,0.0052,0.0053,0.0055,0.0062,0.0065,0.0061,0.006,0.0059,0.0044,0.0057
2015-11-24,-4.271,152.203,E,,0.0069,0.008,0.0087,0.0097,0.0091,0.0079,0.0067,0.0066,0.0078,0.0092,0.0093,0.0078,0.0059,0.0049,0.0054,0.0062,0.0062,0.006,0.0052,0.0049,0.0078,0.0072,0.0077,0.0063,0.0048,0.003,0.0032,0.0027,0.0018
2015-11-24,-4.271,152.203,N,,0.0048,0.005,0.0062,0.0068,0.0068,0.006,0.0049,0.0039,0.0035,0.0029,0.0022,0.0021,0.0023,0.0028,0.0028,0.0026,0.0024,0.0021,0.0015,0.0013,0.0012,0.0011,0.0015,0.0017,0.0012,0.0007,0.0,0.0,0.0
2015-11-24,-4.271,152.203,NE,0.006,0.0048,0.0049,0.0055,0.005,0.0051,0.0061,0.0063,0.0051,0.0056,0.0043,0.0039,0.0039,0.0035,0.0037,0.004,0.0045,0.0053,0.0057,0.0058,0.0058,0.0052,0.005,0.0038,0.0027,0.0024,0.0025,0.0028,0.0029,0.0027
2015-11-24,-4.271,152.203,NO,0.006,0.0048,0.005,0.0051,0.0059,0.0063,0.0049,0.0037,0.0037,0.0039,0.004,0.0034,0.0023,0.0021,0.0019,0.002,0.0017,0.0009,0.0013,0.0,0.0,0.0002,0.0,0.0,0.0,0.0,0.0,0.0,0.0,0.0
2015-11-24,-4.271,152.203,O,,0.0071,0.0068,0.0061,0.0056,0.0053,0.0043,0.0032,0.0031,0.0036,0.0041,0.0049,0.0048,0.005,0.0036,0.0027,0.0028,0.0034,0.0043,0.0044,0.0034,0.0019,0.001,1e-04,0.0002,0.0012,0.0019,0.0023,0.0024,0.0023
2015-11-24,-4.271,152.203,S,,0.0094,0.0084,0.0066,0.0044,0.0041,0.0054,0.0074,0.0085,0.0075,0.0063,0.0061,0.0062,0.0073,0.008,0.0084,0.0075,0.0071,0.0069,0.0059,0.0048,0.0044,0.0053,0.007,0.0079,0.0091,0.0101,0.011,0.0114,0.0117
2015-11-24,-4.271,152.203,SE,0.0073,0.0081,0.0076,0.0075,0.0072,0.0064,0.0063,0.0063,0.0063,0.0063,0.0063,0.006,0.0059,0.0065,0.0066,0.0065,0.0065,0.0061,0.0065,0.0071,0.0062,0.0063,0.0059,0.006,0.0061,0.0067,0.0067,0.0074,0.0077,0.0095
2015-11-24,-4.271,152.203,SO,0.008,,0.0103,0.0094,0.0078,0.0044,0.0047,0.0034,0.0051,0.0041,0.0055,0.0054,0.0065,0.0067,0.0076,0.007,0.007,0.0067,0.0087,0.01,0.0103,0.0104,0.0092,0.008,0.0065,0.0077,0.0077,0.0091,0.0097,0.009
2015-12-10,-4.271,152.203,E,,0.1161,0.1127,0.1096,0.1106,0.1108,0.1116,0.1106,0.1104,0.1097,0.1105,0.1132,0.1167,0.1193,0.1202,0.1222,0.1216,0.123,0.125,0.1263,0.1268,0.1245,0.1227,0.1215,0.1192,0.1207,0.1188,0.1191,0.1195,0.1236
2015-12-10,-4.271,152.203,N,,0.1097,0.0997,0.0902,0.0794,0.0673,0.0516,0.0341,0.0151,0.0,0.0,0.0,0.0,0.0,0.0,0.0,0.0,0.0,0.0,0.0,0.0,0.0,0.0,0.0,0.0,0.0,0.0,0.0,0.0,0.0
2015-12-10,-4.271,152.203,NE,0.1167,0.1086,0.1004,0.0933,0.0898,0.0873,0.0841,0.079,0.0771,0.0722,0.0678,0.095,0.0845,0.0803,0.0672,0.086,0.0682,0.0734,0.0715,0.0683,0.0727,0.074,0.0702,0.0718,0.0785,0.0784,0.0792,0.0791,0.0836,0.0841
2015-12-10,-4.271,152.203,NO,0.1175,0.1091,0.1035,0.1007,0.0893,0.0776,0.0715,0.0655,0.0662,0.0636,0.0652,0.065,0.0703,0.0649,0.0692,0.0699,0.0759,0.0695,0.0742,0.073,0.0729,0.0654,0.0664,0.0639,0.0583,0.0443,0.0347,0.0403,0.0449,0.0268
2015-12-10,-4.271,152.203,O,,0.1193,0.1175,0.1142,0.1084,0.1023,0.0975,0.0954,0.095,0.0948,0.0931,0.0905,0.0879,0.086,0.085,0.0857,0.0874,0.0896,0.0913,0.0931,0.0926,0.0904,0.0862,0.0821,0.0805,0.0813,0.0815,0.0805,0.0806,0.0798
2015-12-10,-4.271,152.203,S,,0.1227,0.1218,0.1211,0.1204,0.1204,0.1205,0.1201,0.1211,0.1229,0.1242,0.1252,0.1237,0.1206,0.1185,0.1177,0.1176,0.1191,0.1201,0.1221,0.1219,0.1237,0.1258,0.127,0.126,0.1264,0.1262,0.1271,0.126,0.1276
2015-12-10,-4.271,152.203,SE,0.1212,0.1216,0.1188,0.1154,0.1134,0.1115,0.11,0.1103,0.1097,0.1124,0.1109,0.1118,0.1116,0.114,0.1187,0.1212,0.1223,0.1242,0.1255,0.1268,0.129,0.1298,0.1301,0.1302,0.1305,0.132,0.132,0.1331,0.1348,0.135
2015-12-10,-4.271,152.203,SO,0.1222,,0.1224,0.1215,0.1209,0.12,0.1194,0.12,0.1196,0.1218,0.1262,0.1252,0.1256,0.128,0.1299,0.1299,0.1325,0.131,0.1302,0.1279,0.127,0.1273,0.1283,0.1293,0.1262,0.1247,0.1285,0.1208,0.1207,0.1207
2016-05-18,-4.271,152.203,E,,0.0038,0.0049,0.0055,0.0053,0.0048,0.0037,0.0022,0.0009,0.0007,0.0006,0.001,0.0012,0.0019,0.0021,0.0017,0.0014,0.0017,0.0017,0.0012,0.0012,0.0013,0.0018,0.0021,0.0022,0.0018,0.0019,0.0017,0.0011,0.0004
2016-05-18,-4.271,152.203,N,,0.0022,0.0026,0.0028,0.0037,0.0045,0.0051,0.0053,0.0054,0.0049,0.005,0.0053,0.0051,0.0046,0.005,0.0054,0.0053,0.0052,0.0056,0.0073,0.0076,0.0075,0.0073,0.0063,0.0078,0.0083,0.0084,0.0085,0.0085,0.0079
2016-05-18,-4.271,152.203,NE,0.0029,0.0029,0.0044,0.0051,0.0049,0.0042,0.0041,0.0034,0.0044,0.0046,0.005,0.0044,0.0045,0.0051,0.006,0.0054,0.0056,0.0049,0.0058,0.0056,0.0061,0.0063,0.0067,0.0075,0.0076,0.0083,0.0086,0.0089,0.0084,0.0086
2016-05-18,-4.271,152.203,NO,0.0023,0.0031,0.0038,0.006,0.0071,0.0047,0.0041,0.0036,0.0037,0.0049,0.0054,0.0059,0.0049,0.0046,0.0044,0.0045,0.0039,0.0031,0.0022,0.0027,0.0035,0.0047,0.0054,0.0056,0.006,0.0067,0.0069,0.0059,0.0066,0.0063
2016-05-18,-4.271,152.203,O,,0.0024,0.0029,0.0034,0.0029,0.0014,0.0,0.0,0.0,0.0009,0.0012,0.0017,0.0022,0.0023,0.0025,0.002,0.0019,0.0022,0.0026,0.0021,0.0016,0.001,0.0,0.0,0.0,0.0006,0.0006,0.0007,0.0013,0.0017
2016-05-18,-4.271,152.203,S,,0.001,0.0,0.0,0.0006,0.0024,0.0036,0.005,0.0037,0.0031,0.0029,0.0018,0.0024,0.0031,0.0034,0.0037,0.0044,0.0048,0.0058,0.0074,0.0085,0.0071,0.0049,0.0043,0.0022,0.0027,0.0029,0.0025,0.0021,0.0013
2016-05-18,-4.271,152.203,SE,0.0026,0.0009,0.002,0.0025,0.0032,0.0045,0.005,0.0073,0.0047,0.005,0.0025,0.0011,0.0,0.0,0.0,0.0003,0.0015,0.0027,0.0034,0.0035,0.0023,0.0025,0.0033,0.0031,0.0033,0.0033,0.0021,0.0014,0.0012,0.0
2016-05-18,-4.271,152.203,SO,0.0022,,0.0025,0.0037,0.0052,0.0066,0.0042,0.0023,0.0022,0.0043,0.0051,0.0065,0.0047,0.0053,0.0064,0.0061,0.0063,0.0047,0.0037,0.004,0.0041,0.005,0.0039,0.0034,0.0037,0.005,0.0059,0.006,0.0057,0.0051
2016-07-05,-4.271,152.203,E,,0.0038,0.0045,0.0045,0.0035,0.0013,0.0,0.0003,0.0005,0.0016,0.0022,0.0019,0.0016,0.0023,0.0027,0.0035,0.0034,0.0029,0.0026,0.0028,0.0034,0.004,0.0052,0.0062,0.006,0.0061,0.0059,0.0049,0.0034,0.0041
2016-07-05,-4.271,152.203,N,,0.0026,0.0027,0.0039,0.0052,0.0057,0.0053,0.0042,0.0033,0.0033,0.0041,0.0047,0.0046,0.0038,0.003,0.0024,0.0016,0.0018,0.0019,0.0022,0.0034,0.0043,0.0041,0.0031,0.0019,0.0011,0.0006,0.0,0.0,0.0
2016-07-05,-4.271,152.203,NE,0.0031,0.0028,0.0039,0.0049,0.0056,0.0054,0.0045,0.0032,0.0024,0.0021,0.0015,0.0012,0.0017,0.0022,0.0025,0.0027,0.0031,0.0028,0.0021,0.0027,0.0027,0.0022,0.001,0.0009,0.0,0.0003,0.0007,0.001,0.0011,0.0
2016-07-05,-4.271,152.203,NO,0.0031,0.0024,0.0026,0.0029,0.004,0.0055,0.0058,0.0058,0.0058,0.0039,0.0045,0.0029,0.003,0.0031,0.0014,0.0011,0.0004,0.0,0.0,0.0,0.0,0.0,0.0,0.0002,0.0012,0.001,0.0013,0.0013,0.0003,0.0
2016-07-05,-4.271,152.203,O,,0.0034,0.003,0.0024,0.0016,0.0014,0.0016,0.0022,0.0031,0.0038,0.0026,0.0025,0.0024,0.0032,0.0045,0.0061,0.0067,0.0059,0.0049,0.0037,0.0028,0.0013,0.001,0.0018,0.0035,0.0045,0.0052,0.0045,0.0042,0.0048
2016-07-05,-4.271,152.203,S,,0.0043,0.0044,0.0031,0.0037,0.0036,0.004,0.0047,0.0058,0.0061,0.0072,0.0077,0.0078,0.0078,0.0066,0.0071,0.0069,0.0077,0.009,0.0097,0.0111,0.0112,0.0109,0.0104,0.0109,0.01,0.0091,0.009,0.0108,0.0109
2016-07-05,-4.271,152.203,SE,0.0036,0.0042,0.0044,0.0054,0.0063,0.007,0.006,0.005,0.0043,0.0049,0.0062,0.0072,0.0077,0.0074,0.0071,0.0067,0.0071,0.0076,0.0076,0.0079,0.0078,0.0088,0.01,0.0108,0.0098,0.0097,0.0087,0.0085,0.0087,0.0098
2016-07-05,-4.271,152.203,SO,0.0038,,0.0039,0.0028,0.0016,0.0011,0.0034,0.0048,0.0046,0.004,0.0044,0.0056,0.0062,0.0059,0.0062,0.005,0.0052,0.0051,0.0057,0.0056,0.0059,0.0066,0.0072,0.0073,0.0073,0.0072,0.0076,0.0077,0.0078,0.0083
2016-09-23,-4.271,152.203,E,,0.0433,0.0425,0.0414,0.0402,0.0404,0.0413,0.0419,0.0417,0.0408,0.0399,0.0389,0.0377,0.0364,0.0352,0.0337,0.0308,0.031,0.0303,0.0301,0.0308,0.0307,0.0315,0.0329,0.0318,0.0318,0.0285,0.027,0.0259,0.0265
2016-09-23,-4.271,152.203,N,,0.0419,0.0393,0.0377,0.0357,0.0343,0.0335,0.0321,0.0308,0.0295,0.0287,0.0266,0.0241,0.0209,0.018,0.0145,0.0112,0.0079,0.0052,0.0024,0.0,0.0,0.0,0.0,0.0,0.0,0.0,0.0,0.0,0.0
2016-09-23,-4.271,152.203,NE,0.0427,0.0408,0.0399,0.0398,0.0392,0.0383,0.0354,0.0331,0.0315,0.03,0.0295,0.0296,0.0289,0.0277,0.0253,0.0238,0.0218,0.0188,0.0161,0.0124,0.0094,0.0061,0.0031,0.0027,0.0054,0.0037,0.0023,0.0,0.0,0.0
2016-09-23,-4.271,152.203,NO,0.044,0.0436,0.0431,0.044,0.042,0.0399,0.0388,0.0374,0.0359,0.0342,0.0327,0.0324,0.032,0.0296,0.0286,0.0275,0.0267,0.024,0.0232,0.0205,0.0181,0.015,0.0157,0.016,0.0205,0.0204,0.0199,0.0236,0.0254,0.0227
2016-09-23,-4.271,152.203,O,,0.046,0.0469,0.0472,0.0468,0.0465,0.0458,0.0446,0.0439,0.0439,0.0437,0.0435,0.0429,0.0429,0.0432,0.0434,0.0435,0.0436,0.0438,0.044,0.0437,0.0435,0.0434,0.0439,0.0446,0.0455,0.0463,0.0473,0.0485,0.0499
2016-09-23,-4.271,152.203,S,,0.0472,0.0481,0.0481,0.0477,0.048,0.0497,0.049,0.0501,0.0512,0.0517,0.0539,0.0533,0.053,0.0558,0.0557,0.0571,0.0554,0.0555,0.0553,0.0554,0.0571,0.0577,0.0575,0.0569,0.0564,0.0561,0.0558,0.0558,0.056
2016-09-23,-4.271,152.203,SE,0.0448,0.0468,0.046,0.0453,0.044,0.0438,0.0447,0.0458,0.0451,0.0469,0.0461,0.0457,0.0453,0.0456,0.0469,0.0472,0.0469,0.0456,0.0441,0.0444,0.0445,0.0453,0.0456,0.0449,0.044,0.0441,0.0445,0.0448,0.045,0.0452
2016-09-23,-4.271,152.203,SO,0.0459,,0.0473,0.0473,0.0473,0.0492,0.0496,0.0513,0.0526,0.0529,0.0542,0.0535,0.0536,0.0555,0.0572,0.0582,0.0585,0.0591,0.0584,0.0573,0.0575,0.0582,0.0587,0.0601,0.0613,0.0623,0.0622,0.0633,0.0643,0.0654
2017-04-18,-4.271,152.203,E,,0.0068,0.0071,0.0072,0.0052,0.0045,0.0042,0.0042,0.0042,0.0039,0.0034,0.0028,0.0021,0.002,0.0022,0.0023,0.0017,0.0014,0.0009,0.0004,0.0005,1e-04,0.0002,0.0005,0.0015,0.0013,0.0019,0.0024,0.0016,0.0
2017-04-18,-4.271,152.203,N,,0.0058,0.0063,0.0068,0.005,0.0035,0.0017,0.0009,0.0016,0.0053,0.0076,0.009,0.0087,0.006,0.0038,0.0055,0.0084,0.0096,0.0079,0.0082,0.0064,0.0052,0.0049,0.0056,0.006,0.0052,0.0047,0.0042,0.0043,0.0034
2017-04-18,-4.271,152.203,NE,0.0059,0.0066,0.007,0.0068,0.0053,0.0034,0.001,0.0014,0.0031,0.0037,0.0045,0.0041,0.0036,0.0044,0.005,0.0047,0.0047,0.0034,0.002,0.0024,0.0033,0.0041,0.0046,0.0048,0.0032,0.003,0.0022,0.0023,0.002,0.0022
2017-04-18,-4.271,152.203,NO,0.0051,0.0056,0.0065,0.0069,0.0082,0.0078,0.0058,0.0042,0.003,0.0014,0.002,0.002,0.0026,0.0026,0.0022,0.0024,0.0032,0.0053,0.0065,0.0063,0.0038,0.0033,0.0029,0.0039,0.0031,0.003,0.003,0.0036,0.0033,0.0036
2017-04-18,-4.271,152.203,O,,0.0046,0.0047,0.0051,0.0051,0.005,0.005,0.0053,0.006,0.0058,0.0057,0.005,0.0045,0.0036,0.003,0.0027,0.0015,0.001,0.0009,0.0007,0.0008,0.0002,0.0002,0.0,0.0,0.0,0.0,0.0,0.0008,0.0013
2017-04-18,-4.271,152.203,S,,0.0041,0.0037,0.0031,0.0021,0.0013,0.0011,0.0025,0.0036,0.0043,0.0039,0.003,0.002,0.0015,0.0017,0.0019,0.0022,0.0022,0.0028,0.0028,0.0028,0.0034,0.003,0.0036,0.0024,0.0013,0.0018,0.0026,0.0032,0.0035
2017-04-18,-4.271,152.203,SE,0.0049,0.0042,0.0042,0.0037,0.0037,0.0039,0.0032,0.003,0.0014,0.0008,0.0004,0.0019,0.0032,0.0039,0.0041,0.0042,0.0043,0.0045,0.0048,0.0039,0.0037,0.0026,0.0024,0.0022,0.0021,0.0029,0.0044,0.0043,0.0036,0.0036
2017-04-18,-4.271,152.203,SO,0.0045,,0.0042,0.0042,0.0038,0.0028,0.003,0.0022,0.0028,0.0028,0.0036,0.0035,0.0025,0.0017,0.0012,0.0017,0.0024,0.0025,0.0028,0.0031,0.0027,0.0015,0.0019,0.0012,0.0011,0.0009,0.0016,0.0016,0.0016,0.0015
2017-05-04,-4.271,152.203,E,,0.0075,0.0064,0.0045,0.0031,0.0034,0.0045,0.0053,0.0054,0.0045,0.0033,0.0024,0.0011,0.0,0.0,0.0,0.0009,0.0013,0.0013,0.0012,0.0005,0.0003,0.0006,0.0005,0.0013,0.0017,0.0017,0.0017,0.0013,0.0013
2017-05-04,-4.271,152.203,N,,0.0053,0.0052,0.0058,0.0065,0.007,0.0067,0.0069,0.0071,0.0073,0.0073,0.007,0.0069,0.0071,0.0083,0.0085,0.0094,0.0085,0.009,0.0086,0.0079,0.0078,0.0076,0.0067,0.0056,0.0052,0.0052,0.0058,0.0057,0.0061
2017-05-04,-4.271,152.203,NE,0.0066,0.0057,0.0055,0.0055,0.0051,0.0053,0.0053,0.0057,0.0061,0.0068,0.0068,0.0042,0.0042,0.0034,0.0046,0.005,0.0051,0.005,0.0051,0.0045,0.0034,0.0029,0.0028,0.0032,0.0037,0.0039,0.0042,0.0042,0.0044,0.0042
2017-05-04,-4.271,152.203,NO,0.0053,0.005,0.0052,0.0052,0.0053,0.0056,0.0062,0.0072,0.008,0.0103,0.0089,0.0085,0.0075,0.0077,0.0077,0.0075,0.0076,0.0082,0.0094,0.0093,0.0083,0.0083,0.0076,0.0064,0.0085,0.0081,0.0076,0.0085,0.0087,0.0079
2017-05-04,-4.271,152.203,O,,0.0039,0.0041,0.0049,0.0059,0.0063,0.0067,0.0073,0.0077,0.0074,0.0066,0.0057,0.0052,0.0052,0.0052,0.0052,0.0055,0.006,0.0062,0.0057,0.005,0.0049,0.0048,0.0061,0.0075,0.0077,0.0073,0.0065,0.0055,0.0044
2017-05-04,-4.271,152.203,S,,0.0042,0.0042,0.0036,0.0035,0.0034,0.0032,0.0036,0.0032,0.0031,0.0035,0.0039,0.0034,0.0027,0.0022,0.0024,0.0033,0.0037,0.0036,0.0036,0.0036,0.0031,0.0027,0.0017,0.0013,0.0009,0.0013,0.0025,0.0024,0.002
2017-05-04,-4.271,152.203,SE,0.007,0.0062,0.007,0.0047,0.0038,0.0036,0.0038,0.0046,0.005,0.005,0.005,0.0045,0.0037,0.0016,0.0017,1e-04,0.0004,0.0011,0.0013,0.0005,0.0,0.0,0.0,0.0,0.0,0.0,0.0,0.0,0.0007,0.0004
2017-05-04,-4.271,152.203,SO,0.0049,,0.0031,0.0045,0.0057,0.0056,0.0066,0.0074,0.0077,0.0076,0.0058,0.0045,0.0034,0.0028,0.0034,0.0037,0.0037,0.0028,0.0022,0.002,0.0021,0.0019,0.0016,0.0013,0.0009,0.0008,0.0,0.0004,0.0,0.0005
2017-05-20,-4.271,152.203,E,,,,,,,,,0.003,0.0012,0.0002,0.0008,0.0,0.0081,0.0085,0.002,0.0115,0.0212,0.0385,0.0488,0.0463,0.0408,0.0501,0.0401,0.0416,0.0135,0.0355,0.0193,0.0064,0.0287
2017-05-20,-4.271,152.203,N,,,,,,,0.0,0.0011,0.0183,0.0324,0.0437,0.052,0.056,0.0576,0.0578,0.0576,0.0571,0.0569,0.0579,0.0583,0.058,0.0583,0.0594,0.0592,0.06,0.0595,0.0592,0.0599,0.059,0.0592
2017-05-20,-4.271,152.203,NE,,,,,,,,,,0.0251,0.0392,0.0398,0.0492,0.0568,0.0592,0.0581,0.0576,0.0571,0.0585,0.0582,0.0594,0.0592,0.0592,0.0583,0.0589,0.0593,0.061,0.0614,0.0619,0.0609
2017-05-20,-4.271,152.203,NO,,,,,,0.0,,0.0,0.0063,0.0207,0.0316,0.0403,0.0465,0.0486,0.0509,0.0525,0.0544,0.0555,0.0574,0.057,0.0548,0.0587,0.0585,0.0603,0.0567,0.0566,0.0519,0.0417,0.0335,0.0421
2017-05-20,-4.271,152.203,O,,,,,,,,0.0,0.0,0.0,0.0049,0.0139,0.0237,0.0275,0.0341,0.0374,0.0406,0.0406,0.043,0.0481,0.0529,0.056,0.0573,0.0562,0.0525,0.0482,0.0509,0.0516,0.0472,0.0412
2017-05-20,-4.271,152.203,S,,,,,0.0,0.0,0.0,0.0,0.0,0.005,0.0,0.0043,0.0038,0.0042,0.0013,0.0295,0.0363,0.0394,0.0494,0.0466,0.0463,0.0456,0.0482,0.0449,0.0252,0.018,0.0298,0.0356,0.0361,0.0358
2017-05-20,-4.271,152.203,SE,,,,,,,,,,,,0.0,0.0,0.0067,0.0131,0.0223,0.0294,0.0349,0.0403,0.0454,0.0467,0.0482,0.0477,0.0548,0.0513,0.0537,0.0513,0.0558,0.0581,0.0596
2017-05-20,-4.271,152.203,SO,,,,,,0.0,0.0,0.003,0.0193,0.0116,0.028,0.0,0.0,0.0,,0.0043,0.002,0.0037,0.0082,0.0,0.0,0.0,0.0017,0.0192,0.0329,0.0408,0.0459,0.0533,0.0559,0.0567
2017-06-06,-4.271,152.203,E,,0.0004,0.0006,0.0007,0.0018,0.0021,0.0021,0.0024,0.003,0.0043,0.0051,0.0042,0.0043,0.0038,0.0047,0.0041,0.0041,0.0034,0.0041,0.0038,0.0042,0.004,0.0041,0.0042,0.0038,0.0031,0.0033,0.003,0.003,0.0032
2017-06-06,-4.271,152.203,N,,0.0012,0.001,0.0011,0.0012,0.0011,0.001,0.0006,0.0005,0.0006,0.0009,0.0016,0.002,0.0022,0.0016,0.0016,0.0018,0.0024,0.0023,0.0018,0.0018,0.0018,0.0023,0.0024,0.002,0.0014,0.0009,0.0005,0.0008,0.0007
2017-06-06,-4.271,152.203,NE,0.0006,0.0007,0.0006,0.0006,0.0009,0.0015,0.0026,0.0031,0.0025,0.0011,0.0009,0.0028,0.0028,0.0038,0.0025,0.0028,0.002,0.0017,0.0024,0.0028,0.0028,0.0028,0.0022,0.0018,0.0011,0.001,0.0016,0.0018,0.0021,0.0013
2017-06-06,-4.271,152.203,NO,0.0014,0.0017,0.0017,0.0016,0.0012,0.0012,0.0014,0.0016,0.0016,0.0015,0.0012,0.0,0.0,0.0007,0.0007,0.0007,0.0009,0.0007,0.0,0.0,0.0002,0.0013,0.0021,0.0022,0.0017,0.0016,0.0025,0.0026,0.0027,0.0022
2017-06-06,-4.271,152.203,O,,0.0028,0.0033,0.0024,0.0006,0.0,0.0,0.0,0.0006,0.0011,0.0009,0.0003,0.0003,0.0,0.0006,0.0002,0.0,0.0009,0.0009,0.001,0.001,0.0008,0.0006,0.0006,0.0007,0.0011,0.0019,0.0028,0.0034,0.0037
2017-06-06,-4.271,152.203,S,,0.002,0.0016,0.0024,0.0037,0.0051,0.0053,0.0056,0.0039,0.0027,0.0023,0.0025,0.0027,0.0029,0.0024,0.0011,0.001,0.001,0.0019,0.0022,0.0022,0.0021,0.002,0.0022,0.0024,0.0027,0.003,0.0029,0.0018,0.0009
2017-06-06,-4.271,152.203,SE,0.0006,0.0007,0.0006,0.0014,0.0029,0.0045,0.005,0.0049,0.0043,0.0036,0.0031,0.0024,0.002,0.0016,0.0016,0.0022,0.0021,0.0016,0.0005,0.0015,0.0024,0.0034,0.0033,0.0036,0.0027,0.0024,0.0019,0.0021,0.002,0.0022
2017-06-06,-4.271,152.203,SO,0.0018,,0.0033,0.003,0.0023,0.0029,0.0017,0.0028,0.002,0.0044,0.0048,0.0046,0.0036,0.002,0.0014,0.002,0.0022,0.0038,0.003,0.0029,0.0031,0.0035,0.0043,0.0041,0.0038,0.0027,0.0019,0.0018,0.0016,0.0025
2017-09-10,-4.271,152.203,E,,0.0078,0.0082,0.0082,0.0082,0.0078,0.007,0.006,0.0054,0.0054,0.0061,0.0066,0.0066,0.0053,0.0041,0.0034,0.0031,0.0028,0.0022,0.0018,0.0018,0.0012,0.0014,0.0014,0.002,0.0023,0.0024,0.0031,0.0034,0.0035
2017-09-10,-4.271,152.203,N,,0.0052,0.0048,0.0045,0.0048,0.0053,0.0057,0.0057,0.0056,0.0056,0.0048,0.0039,0.0033,0.0037,0.0035,0.0034,0.0029,0.0028,0.0028,0.0029,0.0028,0.0021,0.0012,0.0009,0.0013,0.001,0.0017,0.0009,0.0006,0.0007
2017-09-10,-4.271,152.203,NE,0.0066,0.0058,0.0062,0.0065,0.0066,0.0068,0.0073,0.0073,0.0064,0.0049,0.0035,0.003,0.0028,0.0029,0.0029,0.0029,0.0027,0.0027,0.003,0.0029,0.0023,0.0022,0.0022,0.0018,0.0022,0.002,0.0015,0.0004,0.0005,0.0014
2017-09-10,-4.271,152.203,NO,0.0056,0.0049,0.0053,0.0066,0.0069,0.0055,0.005,0.0043,0.0052,0.0037,0.0034,0.0031,0.0027,0.0029,0.0027,0.0018,0.0006,0.0,0.0,0.0,0.0,0.0,0.0,0.0,0.0,0.0,0.0,0.0,0.0,0.0
2017-09-10,-4.271,152.203,O,,0.0054,0.0063,0.0076,0.0086,0.0083,0.0077,0.0072,0.0069,0.0051,0.0045,0.004,0.0035,0.003,0.0027,0.0025,0.0031,0.0031,0.0031,0.0033,0.0022,0.0015,0.0016,0.0016,0.002,0.0022,0.0024,0.0024,0.0029,0.0032
2017-09-10,-4.271,152.203,S,,0.0064,0.0072,0.0078,0.0072,0.0058,0.0049,0.0053,0.0059,0.0059,0.0057,0.0047,0.0068,0.0068,0.0067,0.0066,0.0065,0.0066,0.0067,0.007,0.007,0.0066,0.0068,0.0068,0.0065,0.006,0.0056,0.0052,0.0052,0.0049
2017-09-10,-4.271,152.203,SE,0.007,0.0071,0.0079,0.0079,0.0077,0.0076,0.0073,0.0069,0.0067,0.0065,0.0066,0.006,0.0057,0.0054,0.007,0.0069,0.0065,0.0053,0.0042,0.0039,0.0041,0.0054,0.0054,0.0044,0.0039,0.004,0.0038,0.0038,0.0039,0.0035
2017-09-10,-4.271,152.203,SO,0.0059,,0.0069,0.0077,0.0081,0.0073,0.0062,0.0043,0.0033,0.0041,0.0044,0.0043,0.0046,0.0051,0.0059,0.0055,0.0051,0.0048,0.004,0.0038,0.0035,0.0033,0.0029,0.003,0.0037,0.0038,0.0047,0.0047,0.0051,0.0048
2017-10-28,-4.271,152.203,E,,0.0092,0.0084,0.0066,0.0051,0.0037,0.0032,0.0032,0.003,0.0033,0.0038,0.0051,0.0055,0.0055,0.0044,0.0045,0.0045,0.004,0.004,0.0043,0.0046,0.0054,0.0054,0.0056,0.0053,0.0053,0.0051,0.005,0.0046,0.004
2017-10-28,-4.271,152.203,N,,0.0073,0.0052,0.0045,0.0043,0.0048,0.0057,0.0071,0.0086,0.0086,0.0076,0.007,0.0068,0.0068,0.0077,0.0078,0.0074,0.0065,0.0064,0.0064,0.0065,0.0069,0.0068,0.0064,0.0064,0.0063,0.006,0.0055,0.0052,0.005
2017-10-28,-4.271,152.203,NE,0.009,0.0062,0.0048,0.0049,0.0055,0.0063,0.0063,0.0061,0.0064,0.0071,0.0066,0.0054,0.0054,0.0041,0.0048,0.0041,0.0048,0.0047,0.0036,0.0036,0.0039,0.0041,0.0039,0.0031,0.0041,0.0036,0.0044,0.0028,0.0029,0.0036
2017-10-28,-4.271,152.203,NO,0.0096,0.0078,0.0069,0.0067,0.0057,0.0039,0.0048,0.0051,0.0053,0.0051,0.0064,0.0074,0.0087,0.0097,0.0103,0.0104,0.0107,0.0103,0.0117,0.0124,0.0114,0.0112,0.0108,0.0102,0.0103,0.0105,0.0107,0.0113,0.011,0.0102
2017-10-28,-4.271,152.203,O,,0.0103,0.009,0.0077,0.0072,0.0079,0.009,0.01,0.01,0.0089,0.0077,0.0081,0.0087,0.0094,0.0099,0.0102,0.0098,0.0099,0.0095,0.01,0.0108,0.0118,0.0127,0.0132,0.0137,0.0135,0.0127,0.0124,0.0128,0.0133
2017-10-28,-4.271,152.203,S,,0.0128,0.0108,0.0081,0.0058,0.0057,0.0064,0.0061,0.0068,0.0081,0.0072,0.0078,0.0051,0.0029,0.0015,0.001,0.0008,0.0008,0.0007,0.0015,0.0009,0.0002,0.0,0.0,0.0,0.0003,0.0013,0.0019,0.0019,0.0017
2017-10-28,-4.271,152.203,SE,0.0114,0.012,0.0105,0.0068,0.0046,0.0035,0.0036,0.0042,0.0032,0.003,0.0011,0.0,0.0,0.0,0.0,0.0,0.0,0.0,0.0,0.0,0.0,0.0,0.0,0.0,0.0,0.001,0.0008,0.0002,0.0003,0.0003
2017-10-28,-4.271,152.203,SO,0.0117,,0.0111,0.0082,0.0065,0.0045,0.0046,0.0056,0.0085,0.0071,0.0084,0.0079,0.0084,0.0086,0.009,0.0096,0.0108,0.0092,0.0074,0.0074,0.0086,0.009,0.009,0.0074,0.0074,0.0071,0.0062,0.009,0.0091,0.0081
2017-11-13,-4.271,152.203,E,,0.0063,0.0057,0.0048,0.0039,0.0027,0.0008,0.0004,0.0,0.0,0.001,0.0028,0.0038,0.0038,0.0037,0.004,0.0041,0.0038,0.0034,0.0033,0.0032,0.0031,0.0029,0.003,0.0032,0.003,0.0027,0.0022,0.0016,0.0016
2017-11-13,-4.271,152.203,N,,0.0044,0.0035,0.0023,0.0036,0.0046,0.0049,0.0042,0.003,0.0024,0.002,0.0014,0.0013,0.0004,0.0,0.0,0.0,0.0,0.0,1e-04,0.0003,0.0006,0.0006,0.0008,0.0003,0.0,0.0,0.0,0.0003,0.0004
2017-11-13,-4.271,152.203,NE,0.0063,0.0052,0.0054,0.0056,0.0057,0.0062,0.0051,0.0044,0.0031,0.0028,0.0023,0.0028,0.0023,0.0016,0.0006,0.0,1e-04,0.0009,0.0018,0.0028,0.0029,0.003,0.0027,0.0028,0.0031,0.0034,0.004,0.0035,0.0039,0.0039
2017-11-13,-4.271,152.203,NO,0.0059,0.0035,0.0025,0.0024,0.002,0.0033,0.0047,0.0047,0.0045,0.0039,0.0026,0.0022,0.003,0.0037,0.0051,0.0057,0.0051,0.0035,0.0028,0.0026,0.0021,0.0009,0.0016,0.0013,0.0021,0.0015,0.002,0.0028,0.003,0.0028
2017-11-13,-4.271,152.203,O,,0.0059,0.0056,0.0055,0.0057,0.0062,0.0065,0.0067,0.0064,0.0055,0.0052,0.0049,0.0045,0.004,0.0036,0.004,0.0042,0.0045,0.0042,0.0044,0.0053,0.0059,0.0063,0.0063,0.006,0.0056,0.0057,0.006,0.0058,0.0053
2017-11-13,-4.271,152.203,S,,0.0075,0.0078,0.0082,0.0076,0.0073,0.0065,0.0058,0.0054,0.005,0.0047,0.0048,0.0048,0.0048,0.0047,0.0039,0.0035,0.0025,0.0007,0.0021,0.0037,0.0037,0.0037,0.0035,0.0039,0.0056,0.0073,0.0069,0.0047,0.0024
2017-11-13,-4.271,152.203,SE,0.0068,0.0071,0.0064,0.0057,0.005,0.0042,0.0032,0.0025,0.0013,0.0016,0.0015,0.0016,0.002,0.0034,0.005,0.005,0.0042,0.0038,0.0032,0.0026,0.0022,0.0016,0.0014,0.0011,0.0003,0.0012,0.0016,0.0027,0.0031,0.0024
2017-11-13,-4.271,152.203,SO,0.0068,,0.0075,0.0069,0.0064,0.0061,0.0054,0.0057,0.0059,0.0057,0.0057,0.0041,0.0027,0.0025,0.0027,0.0034,0.0035,0.0033,0.0018,0.0017,0.0019,0.0022,0.0028,0.0028,0.0028,0.0027,0.0024,0.0023,0.0028,0.003
2018-01-16,-4.271,152.203,E,,0.0076,0.0077,0.0075,0.0074,0.0073,0.0074,0.0073,0.0074,0.0075,0.0076,0.008,0.0082,0.0085,0.009,0.0104,0.0108,0.012,0.0127,0.0122,0.0121,0.0116,0.012,0.0122,0.012,0.0119,0.0118,0.0116,0.0116,0.012
2018-01-16,-4.271,152.203,N,,0.0078,0.0074,0.0058,0.003,0.0011,0.0004,0.0006,0.0012,0.0012,0.001,0.0005,0.0,0.0,0.0,0.0,0.0,0.0,0.0,0.0,0.0,0.0,0.0,0.0,0.0,0.0,0.0,0.0,0.0,0.0002
2018-01-16,-4.271,152.203,NE,0.0073,0.0073,0.0058,0.0039,0.0033,0.0027,0.0034,0.0038,0.0039,0.0035,0.0034,0.0051,0.0047,0.0059,0.0069,0.0073,0.0071,0.0073,0.0073,0.0071,0.007,0.0072,0.0068,0.0063,0.0079,0.0071,0.0075,0.0079,0.0084,0.0087
2018-01-16,-4.271,152.203,NO,0.0073,0.0067,0.0059,0.004,0.0021,0.0008,0.0,0.0009,0.0022,0.0026,0.0037,0.0036,0.0035,0.004,0.0034,0.0032,0.0025,0.0021,0.0016,0.0019,0.003,0.003,0.0019,0.0026,0.0025,0.0042,0.0046,0.005,0.0058,0.0057
2018-01-16,-4.271,152.203,O,,0.0071,0.0067,0.0062,0.006,0.0062,0.0062,0.0061,0.0055,0.0057,0.007,0.0092,0.0102,0.0103,0.0095,0.0085,0.0076,0.0073,0.0071,0.0069,0.0067,0.006,0.0055,0.0051,0.0054,0.0052,0.0057,0.0062,0.0068,0.0072
2018-01-16,-4.271,152.203,S,,0.0087,0.0107,0.0107,0.0113,0.0107,0.0095,0.0104,0.0098,0.01,0.0108,0.0119,0.012,0.0127,0.0117,0.0123,0.0127,0.0127,0.0131,0.0134,0.0143,0.0137,0.0137,0.014,0.0142,0.0147,0.0151,0.015,0.014,0.0134
2018-01-16,-4.271,152.203,SE,0.0078,0.0093,0.0092,0.0093,0.0089,0.0081,0.0076,0.0083,0.0099,0.0107,0.0109,0.0111,0.0119,0.0123,0.013,0.0122,0.012,0.0123,0.0133,0.0142,0.0153,0.0153,0.0148,0.0154,0.016,0.0156,0.016,0.0152,0.0151,0.015
2018-01-16,-4.271,152.203,SO,0.0076,,0.0081,0.0077,0.0076,0.0077,0.0089,0.0094,0.0093,0.0111,0.012,0.0139,0.0137,0.0131,0.0123,0.0118,0.0119,0.0124,0.0126,0.0125,0.0128,0.013,0.0117,0.011,0.0107,0.0107,0.0111,0.0104,0.0098,0.0092
2018-05-07,-4.271,152.203,E,,0.0077,0.0069,0.0053,0.0035,0.0033,0.0041,0.0047,0.0041,0.0033,0.0022,0.0016,0.0016,0.0024,0.0035,0.0044,0.0045,0.0043,0.004,0.0036,0.0036,0.0032,0.0036,0.0032,0.0036,0.0034,0.0032,0.0032,0.0032,0.0027
2018-05-07,-4.271,152.203,N,,0.0076,0.0063,0.0048,0.003,0.0013,0.0,0.0,0.0008,0.0026,0.0021,0.0022,0.0014,0.0013,0.0014,0.0007,0.0011,0.0017,0.0019,0.0022,0.0019,0.0018,0.0025,0.0035,0.0027,0.0021,0.0017,0.0021,0.0027,0.0034
2018-05-07,-4.271,152.203,NE,0.0084,0.0077,0.0066,0.0047,0.0034,0.002,0.0018,0.0039,0.0048,0.0041,0.0028,0.0037,0.0025,0.0025,0.003,0.0036,0.0028,0.002,0.0019,0.0024,0.0025,0.0029,0.0032,0.0032,0.0028,0.0024,0.0018,0.0018,0.0016,0.0017
2018-05-07,-4.271,152.203,NO,0.0083,0.0071,0.006,0.005,0.0031,0.0018,0.0014,0.0017,0.0023,0.0016,1e-04,0.0,0.0002,0.0014,0.0024,0.0026,0.0027,0.001,0.0017,0.0015,0.0017,0.0017,0.0017,0.002,0.0024,0.0027,0.0036,0.0042,0.0043,0.0043
2018-05-07,-4.271,152.203,O,,0.008,0.0078,0.0077,0.0065,0.0061,0.0045,0.0046,0.005,0.0043,0.0042,0.0038,0.0018,0.0022,0.0018,0.0016,0.0015,0.001,0.0018,0.0027,0.0028,0.0019,0.002,0.0024,0.0028,0.0026,0.003,0.0028,0.0025,0.002
2018-05-07,-4.271,152.203,S,,0.0051,0.0022,0.0,0.0,0.0,0.0,0.0005,0.0004,0.0008,0.0009,1e-04,0.0,0.0,0.0002,0.0017,0.0025,0.0021,0.0016,0.0022,0.002,0.0016,0.0011,0.0008,0.0012,0.0015,0.0016,0.0016,0.0013,0.0013
2018-05-07,-4.271,152.203,SE,0.0076,0.0051,0.005,0.0028,0.0022,0.002,0.0019,0.0033,0.0033,0.0027,0.0031,0.0015,0.0002,0.0,0.0,0.0014,0.0028,0.0036,0.0028,0.0019,0.0033,0.0042,0.0048,0.0045,0.0042,0.0036,0.003,0.003,0.0025,0.0022
2018-05-07,-4.271,152.203,SO,0.0077,,0.0054,0.0035,0.0005,0.0,0.0,0.0023,0.0036,0.0023,0.0013,0.0007,0.0005,0.0019,0.003,0.004,0.0027,0.0038,0.0025,0.0026,0.0018,0.0018,0.0018,0.0021,0.0019,0.0024,0.0023,0.0025,0.0022,0.0016
2018-05-23,-4.271,152.203,E,,0.0112,0.0115,0.0131,0.013,0.0131,0.0125,0.0123,0.013,0.0126,0.0118,0.0104,0.0101,0.0109,0.0121,0.0127,0.0122,0.0115,0.0119,0.0127,0.0137,0.0141,0.0133,0.0128,0.0127,0.0122,0.013,0.0135,0.0141,0.0124
2018-05-23,-4.271,152.203,N,,0.0133,0.0156,0.0155,0.0152,0.0136,0.0137,0.0137,0.0137,0.0134,0.0134,0.0127,0.0125,0.0123,0.0122,0.012,0.0118,0.0111,0.0096,0.0079,0.0076,0.0075,0.0069,0.0056,0.0034,0.0003,0.0,0.0,0.0,0.0
2018-05-23,-4.271,152.203,NE,0.0121,0.0142,0.0163,0.0179,0.0186,0.0184,0.0173,0.0181,0.017,0.0157,0.0147,0.0136,0.0149,0.0158,0.0167,0.0158,0.0156,0.0154,0.0142,0.0128,0.0125,0.0133,0.0125,0.0119,0.0108,0.009,0.0079,0.0069,0.0068,0.0
2018-05-23,-4.271,152.203,NO,0.0121,0.0121,0.0124,0.0127,0.0139,0.0149,0.0154,0.0155,0.0145,0.015,0.0141,0.0121,0.0094,0.0081,0.0069,0.0064,0.0059,0.0062,0.005,0.0044,0.0035,0.0026,0.0025,0.0025,0.002,0.0022,0.0014,0.0008,0.001,0.0002
2018-05-23,-4.271,152.203,O,,0.0113,0.0108,0.0107,0.0111,0.0117,0.0126,0.0131,0.0126,0.0101,0.0089,0.008,0.0075,0.0069,0.0068,0.0071,0.007,0.0053,0.0044,0.0036,0.0031,0.0022,0.001,0.0,0.0,0.0,0.0,0.0,0.0,0.0
2018-05-23,-4.271,152.203,S,,0.0101,0.0085,0.007,0.0057,0.0035,0.0018,0.0006,0.0,0.0004,0.0005,0.0029,0.0018,0.0023,0.0041,0.0044,0.005,0.0054,0.0059,0.0061,0.0066,0.0069,0.0069,0.0064,0.0072,0.0065,0.0069,0.0068,0.0064,0.0064
2018-05-23,-4.271,152.203,SE,0.0107,0.0096,0.0099,0.0099,0.0092,0.0078,0.0057,0.0035,0.0036,0.0028,0.0061,0.007,0.0064,0.0055,0.004,0.0035,0.0039,0.0034,0.0038,0.0039,0.0034,0.0038,0.0043,0.0042,0.0046,0.0045,0.0054,0.0044,0.0051,0.0055
2018-05-23,-4.271,152.203,SO,0.0111,,0.0091,0.0083,0.0081,0.0078,0.0077,0.0067,0.0058,0.0038,0.0022,0.0028,0.0043,0.0035,0.0034,0.0043,0.0052,0.006,0.0084,0.0084,0.0075,0.0074,0.0067,0.0085,0.0078,0.0097,0.0097,0.0091,0.0094,0.0089
2018-06-08,-4.271,152.203,E,,0.0068,0.0059,0.006,0.0066,0.0077,0.0079,0.0069,0.0057,0.0052,0.0054,0.0063,0.0068,0.0069,0.0064,0.0058,0.0065,0.0067,0.0061,0.0053,0.0052,0.0049,0.0049,0.0046,0.0038,0.005,0.0052,0.0053,0.0056,0.0057
2018-06-08,-4.271,152.203,N,,0.0071,0.0072,0.0075,0.0078,0.0082,0.0085,0.0088,0.0088,0.0091,0.0081,0.0077,0.0067,0.007,0.0065,0.0061,0.0059,0.0058,0.0057,0.0049,0.0039,0.0026,0.0016,0.0013,0.0014,0.0011,1e-04,0.0,0.0,0.0
2018-06-08,-4.271,152.203,NE,0.0074,0.007,0.0069,0.0069,0.0072,0.0072,0.0069,0.0059,0.0049,0.0046,0.0044,0.0049,0.0047,0.005,0.0048,0.0061,0.0064,0.0064,0.006,0.0046,0.0035,0.0037,0.0036,0.0031,0.0032,0.0018,0.0017,0.002,0.0029,0.0029
2018-06-08,-4.271,152.203,NO,0.0075,0.0071,0.0071,0.0069,0.0064,0.0067,0.006,0.0074,0.0088,0.0085,0.0092,0.0078,0.0079,0.0064,0.0062,0.0063,0.0044,0.0037,0.0016,0.0007,0.0,0.0,0.0,0.0,0.0,0.0,0.0,0.0,0.0,0.0
2018-06-08,-4.271,152.203,O,,0.0072,0.0065,0.0064,0.0067,0.0067,0.0075,0.0084,0.0091,0.0098,0.0099,0.009,0.0079,0.0075,0.0074,0.0071,0.0065,0.006,0.0054,0.0044,0.003,0.0026,0.0028,0.0024,0.0013,0.0023,0.0036,0.0042,0.0061,0.0096
2018-06-08,-4.271,152.203,S,,0.0081,0.0065,0.0049,0.0033,0.0039,0.0054,0.0061,0.0071,0.0081,0.0092,0.0098,0.0101,0.0103,0.0104,0.0105,0.0113,0.0122,0.0136,0.0139,0.014,0.0138,0.0141,0.0151,0.0163,0.0168,0.0158,0.0156,0.0153,0.0156
2018-06-08,-4.271,152.203,SE,0.0079,0.0081,0.0068,0.0051,0.0045,0.0053,0.0056,0.0067,0.006,0.0073,0.006,0.006,0.006,0.0065,0.0077,0.0088,0.0097,0.0106,0.0102,0.0097,0.0076,0.0077,0.0084,0.0078,0.0095,0.0096,0.0095,0.0095,0.0094,0.0094
2018-06-08,-4.271,152.203,SO,0.008,,0.0064,0.0057,0.0064,0.0078,0.0099,0.0103,0.0101,0.01,0.0095,0.0107,0.0121,0.0121,0.0127,0.0118,0.0095,0.0093,0.0112,0.0099,0.0094,0.0088,0.0096,0.0096,0.0106,0.011,0.0115,0.0129,0.0148,0.0158
2018-09-29,-4.271,152.203,E,,0.0032,0.0033,0.0039,0.0039,0.004,0.0039,0.0035,0.0037,0.0032,0.0029,0.002,0.0015,0.0015,0.0018,0.0019,0.0022,0.0021,0.0021,0.002,0.0019,0.0018,0.0011,0.0,0.0,0.0,0.0,0.0,0.0,0.0
2018-09-29,-4.271,152.203,N,,0.0038,0.0034,0.0027,0.0024,0.0025,0.003,0.0036,0.0034,0.0024,0.0032,0.0024,0.0032,0.0024,0.0023,0.0027,0.0034,0.0039,0.0035,0.003,0.0028,0.0028,0.0032,0.0033,0.0029,0.0026,0.0027,0.0026,0.003,0.0034
2018-09-29,-4.271,152.203,NE,0.0037,0.0039,0.0038,0.004,0.0038,0.0039,0.0034,0.0039,0.0039,0.0038,0.0035,0.0031,0.0024,0.0021,0.0017,0.002,0.002,0.002,0.0021,0.0021,0.0018,0.0014,0.0017,0.0017,0.0021,0.002,0.0018,0.0022,0.0025,0.0029
2018-09-29,-4.271,152.203,NO,0.0038,0.004,0.0041,0.0045,0.0043,0.0037,0.003,0.002,0.0023,0.002,0.003,0.0034,0.0037,0.0042,0.0052,0.0057,0.0058,0.0051,0.0055,0.0054,0.0063,0.0061,0.0061,0.0061,0.006,0.0055,0.0055,0.0052,0.0058,0.0051
2018-09-29,-4.271,152.203,O,,0.0035,0.004,0.005,0.0054,0.0055,0.005,0.0047,0.0044,0.0052,0.0053,0.0053,0.0053,0.005,0.0049,0.0054,0.0058,0.006,0.0066,0.0068,0.0079,0.0081,0.0083,0.0088,0.0091,0.0082,0.0086,0.0088,0.0095,0.0102
2018-09-29,-4.271,152.203,S,,0.0023,0.0017,0.0015,0.0016,0.0017,0.0024,0.0032,0.0044,0.0043,0.0035,0.0025,0.0021,0.0023,0.0027,0.0029,0.003,0.0031,0.0032,0.0035,0.0032,0.003,0.0023,0.0019,0.0011,0.0009,0.0007,0.0004,1e-04,0.0
2018-09-29,-4.271,152.203,SE,0.0029,0.0021,0.0021,0.002,0.0021,0.0021,0.002,0.0022,0.0032,0.0034,0.0028,0.0026,0.0022,0.0022,0.0021,0.0023,0.002,0.0024,0.0029,0.0034,0.0035,0.0024,0.0015,1e-04,0.0,0.0,0.0,0.0,0.0002,0.0
2018-09-29,-4.271,152.203,SO,0.0032,,0.0026,0.0036,0.0035,0.0035,0.0041,0.0042,0.0045,0.0065,0.0068,0.0069,0.006,0.0052,0.0049,0.0048,0.0048,0.0049,0.0045,0.0057,0.0061,0.0062,0.0056,0.0052,0.0049,0.0049,0.0047,0.0047,0.0051,0.0053
2020-01-06,-4.271,152.203,E,,0.0137,0.0116,0.0097,0.0077,0.0051,0.0029,0.002,0.0021,0.0009,0.0014,0.0038,0.004,0.0025,0.001,0.0,0.0,1e-04,0.0,0.0,0.0,0.0,0.0008,0.0017,0.003,0.002,0.0,0.0007,0.0,0.0
2020-01-06,-4.271,152.203,N,,0.0185,0.0161,0.0155,0.0137,0.013,0.0126,0.0121,0.0125,0.0134,0.0143,0.015,0.0151,0.0152,0.0152,0.0157,0.0158,0.0154,0.0143,0.014,0.0119,0.0124,0.013,0.0125,0.0122,0.012,0.0116,0.0112,0.0114,0.0123
2020-01-06,-4.271,152.203,NE,0.0171,0.0165,0.0132,0.0111,0.0107,0.0118,0.0129,0.0146,0.0133,0.0128,0.0114,0.008,0.008,0.0052,0.0064,0.0015,0.0079,0.0053,0.0053,0.0058,0.0045,0.0044,0.0056,0.0059,0.0063,0.0072,0.0074,0.0074,0.0071,0.0071
2020-01-06,-4.271,152.203,NO,0.0193,0.0188,0.0179,0.0177,0.0187,0.0178,0.0182,0.0168,0.0176,0.016,0.0177,0.0165,0.0162,0.017,0.0185,0.0178,0.0194,0.0195,0.0193,0.0194,0.0178,0.0183,0.018,0.0155,0.0128,0.0118,0.0112,0.0108,0.0109,0.0106
2020-01-06,-4.271,152.203,O,,0.0183,0.017,0.0158,0.0165,0.0176,0.0197,0.0204,0.0193,0.0173,0.0156,0.015,0.0145,0.0142,0.0146,0.0152,0.0162,0.0171,0.018,0.0172,0.0162,0.0168,0.0183,0.0191,0.0185,0.0174,0.0184,0.018,0.0192,0.0193
2020-01-06,-4.271,152.203,S,,0.0136,0.0113,0.0139,0.0168,0.0183,0.0178,0.0152,0.0134,0.0118,0.0104,0.0107,0.0093,0.0091,0.0096,0.0093,0.0084,0.0079,0.0073,0.0069,0.0057,0.005,0.0044,0.0045,0.0056,0.007,0.0079,0.0079,0.008,0.0077
2020-01-06,-4.271,152.203,SE,0.015,0.012,0.0116,0.0114,0.0113,0.0106,0.0088,0.0079,0.0062,0.0062,0.0052,0.0051,0.0042,0.0048,0.0039,0.0019,0.001,0.0013,0.0007,0.0008,0.0,0.0002,0.0003,0.0002,0.0,0.0,0.001,0.0019,0.0028,0.0036
2020-01-06,-4.271,152.203,SO,0.0169,,0.0158,0.0177,0.0189,0.0189,0.0169,0.0179,0.0165,0.0191,0.0178,0.0168,0.015,0.0147,0.0136,0.0142,0.0158,0.0167,0.0183,0.0171,0.0157,0.0136,0.0132,0.0135,0.0156,0.0163,0.0162,0.016,0.0145,0.0149
2020-02-23,-4.271,152.203,E,,0.006,0.0065,0.0092,0.0087,0.0084,0.0067,0.0055,0.0044,0.0039,0.0039,0.0044,0.0046,0.0052,0.006,0.0059,0.0062,0.0062,0.0065,0.0062,0.0068,0.0063,0.0054,0.005,0.0047,0.0046,0.0045,0.0041,0.0038,0.0046
2020-02-23,-4.271,152.203,N,,0.0058,0.0039,0.0022,0.0004,0.0,0.0,0.0,1e-04,0.0019,0.0034,0.0033,0.0035,0.0033,0.0037,0.0046,0.0049,0.0039,0.0036,0.0036,0.0038,0.0043,0.0035,0.0042,0.0043,0.0041,0.0038,0.0037,0.0041,0.0042
2020-02-23,-4.271,152.203,NE,0.007,0.0058,0.0051,0.006,0.0058,0.0059,0.0046,0.0021,0.0008,0.0002,0.001,0.001,0.002,0.0031,0.0035,0.0047,0.004,0.0043,0.0038,0.0034,0.0035,0.0034,0.0032,0.0033,0.0042,0.0058,0.0065,0.006,0.0069,0.0072
2020-02-23,-4.271,152.203,NO,0.0072,0.0062,0.0055,0.0051,0.0042,0.0025,0.0015,0.0,0.0,0.001,0.003,0.0019,0.0012,0.0013,0.0024,0.0033,0.0032,0.0038,0.0041,0.0044,0.0038,0.0034,0.0037,0.0039,0.004,0.0036,0.0039,0.0041,0.0033,0.0028
2020-02-23,-4.271,152.203,O,,0.0068,0.0058,0.0043,0.0034,0.0038,0.0052,0.0062,0.006,0.0045,0.0038,0.0033,0.0028,0.0019,0.0014,0.0013,0.0004,0.0002,0.0003,1e-04,0.0003,0.0008,0.001,0.0013,0.002,0.0018,0.0005,0.0002,0.0005,0.0002
2020-02-23,-4.271,152.203,S,,0.0043,0.0018,0.0014,0.0014,0.0017,0.0022,0.005,0.007,0.0072,0.0067,0.006,0.0061,0.0058,0.0049,0.0045,0.0042,0.0037,0.0034,0.0032,0.0036,0.0045,0.0048,0.0049,0.0046,0.0045,0.0049,0.0049,0.0062,0.0071
2020-02-23,-4.271,152.203,SE,0.0057,0.0033,0.0025,0.0021,0.0029,0.0044,0.0061,0.0062,0.005,0.0037,0.0038,0.004,0.0052,0.0048,0.0042,0.0042,0.0051,0.0062,0.0069,0.0069,0.007,0.0069,0.0074,0.006,0.0066,0.0059,0.0055,0.004,0.0056,0.0075
2020-02-23,-4.271,152.203,SO,0.0068,,0.0037,0.0026,0.0018,0.0015,0.0023,0.0035,0.0044,0.0031,0.0028,0.0023,0.0029,0.0044,0.005,0.0039,0.0016,0.0003,0.0006,0.0005,0.0011,0.0003,1e-04,0.0,0.0,0.0,0.0006,0.001,0.0027,0.0037
2020-04-26,-4.271,152.203,E,,0.0074,0.0086,0.009,0.0093,0.0094,0.0095,0.0093,0.0092,0.0089,0.0084,0.0081,0.0085,0.0092,0.0104,0.0111,0.0121,0.0132,0.0143,0.0148,0.0155,0.0165,0.0177,0.0181,0.0179,0.0178,0.0174,0.0166,0.0159,0.0156
2020-04-26,-4.271,152.203,N,,0.0027,0.0034,0.0053,0.0064,0.0066,0.006,0.0058,0.0058,0.0059,0.0056,0.0055,0.0058,0.0065,0.0074,0.008,0.0083,0.0092,0.0095,0.009,0.0088,0.0088,0.0081,0.0082,0.0083,0.0076,0.0067,0.0064,0.006,0.0054
2020-04-26,-4.271,152.203,NE,0.0053,0.0035,0.0046,0.0056,0.0059,0.0063,0.0072,0.0082,0.0088,0.009,0.0086,0.0108,0.0097,0.0093,0.0082,0.0096,0.0099,0.01,0.0102,0.0094,0.0092,0.0105,0.0106,0.0104,0.0112,0.0102,0.0091,0.0081,0.0062,0.0057
2020-04-26,-4.271,152.203,NO,0.0042,0.003,0.0039,0.0047,0.0042,0.0038,0.0023,0.0031,0.0043,0.0021,0.0028,0.0026,0.0028,0.0026,0.0019,0.0025,0.0043,0.0061,0.0062,0.0051,0.0034,0.0044,0.0038,0.0031,0.0027,0.0028,0.0032,0.0036,0.0039,0.0041
2020-04-26,-4.271,152.203,O,,0.0046,0.0048,0.0049,0.0048,0.0038,0.0028,0.002,0.0012,0.001,0.0008,0.0005,0.0004,0.0002,0.0,0.0,0.0,0.0,0.0,0.0,0.0,0.0,0.0,0.0009,0.0021,0.0026,0.0031,0.0029,0.0024,0.0021
2020-04-26,-4.271,152.203,S,,0.0065,0.006,0.0046,0.0039,0.0036,0.0036,0.0038,0.004,0.0055,0.0071,0.0076,0.0074,0.006,0.005,0.0041,0.0041,0.0033,0.0025,0.0018,0.0031,0.0046,0.0063,0.0078,0.0095,0.0096,0.0085,0.0075,0.0063,0.0055
2020-04-26,-4.271,152.203,SE,0.007,0.0073,0.0082,0.0077,0.0072,0.007,0.0068,0.0066,0.0054,0.0048,0.0036,0.0058,0.0071,0.0085,0.0084,0.0085,0.0089,0.0096,0.0105,0.0108,0.0112,0.0103,0.0098,0.0112,0.0123,0.0139,0.0137,0.0137,0.0152,0.0145
2020-04-26,-4.271,152.203,SO,0.006,,0.0053,0.0043,0.0037,0.0038,0.0034,0.0038,0.0029,0.0021,0.0012,0.001,0.0012,0.0011,0.0004,0.0,0.0,0.0,0.0,0.0003,0.0009,0.0015,0.0016,0.001,0.0,0.0,0.0,0.0007,0.0006,0.0014
2020-06-14,-4.271,152.203,E,,,0.0,0.0,0.001,0.0121,0.0202,0.0268,0.0297,0.031,0.0321,0.0329,0.034,0.0344,0.0358,0.0357,0.0356,0.0356,0.0367,0.037,0.0377,0.0387,0.0385,0.0388,0.0381,0.0374,0.0374,0.0372,0.0375,0.0382
2020-06-14,-4.271,152.203,N,,0.0,0.0077,0.0155,0.0239,0.0291,0.0335,0.0375,0.0397,0.0386,0.0376,0.0366,0.0355,0.0332,0.0313,0.0309,0.0317,0.0338,0.0349,0.0347,0.0342,0.0339,0.0337,0.0337,0.035,0.034,0.0345,0.0334,0.0332,0.0329
2020-06-14,-4.271,152.203,NE,,0.0,0.0082,0.0165,0.0206,0.0253,0.0291,0.032,0.0333,0.0363,0.0392,0.0395,0.0409,0.0408,0.0403,0.0396,0.0394,0.0388,0.0374,0.0373,0.0374,0.0377,0.0378,0.0385,0.039,0.0389,0.0377,0.0375,0.0366,0.0356
2020-06-14,-4.271,152.203,NO,,,0.0,0.0,0.0038,0.0206,0.0251,0.03,0.0317,0.0338,0.0341,0.0335,0.032,0.0314,0.0303,0.0302,0.0307,0.0307,0.0307,0.0299,0.0302,0.0315,0.0316,0.0314,0.0305,0.0298,0.0295,0.0298,0.0295,0.0299
2020-06-14,-4.271,152.203,O,,,0.0,,0.0,0.0,0.0,0.0,0.004,0.0047,0.0,0.0,0.0,0.0024,0.0,0.0137,0.0192,0.0227,0.0217,0.0246,0.0267,0.0283,0.0294,0.0297,0.0293,0.0299,0.0304,0.0312,0.0317,0.0319
2020-06-14,-4.271,152.203,S,,,,,0.0,0.0,0.0044,0.0085,0.0065,0.0,0.0,0.0,0.0,0.0,,0.0,0.0,0.0,0.0,0.0029,0.0117,0.0165,0.0194,0.0218,0.0233,0.0222,0.0213,0.0214,0.0235,0.0238
2020-06-14,-4.271,152.203,SE,,,,0.0,0.0,0.0,0.0,0.0043,0.0119,0.0113,0.0178,0.0215,0.0261,0.0276,0.0287,0.0289,0.03,0.0312,0.0322,0.0324,0.0337,0.0341,0.0342,0.0345,0.0345,0.0344,0.0345,0.0339,0.0344,0.0352
2020-06-14,-4.271,152.203,SO,,,,,,0.0,0.0,,0.0,0.0,0.0,,,,,,0.0,0.0,0.0,0.0,0.0,0.0,0.0,0.0,0.0,0.0,0.0018,0.0,0.001,0.005
2020-09-02,-4.271,152.203,E,,0.0042,0.0047,0.0044,0.0038,0.0027,0.0022,0.0024,0.0029,0.0026,0.0026,0.0039,0.0049,0.0049,0.0038,0.0029,0.0021,0.0025,0.0027,0.0029,0.0034,0.004,0.0046,0.0046,0.0042,0.0039,0.0039,0.0042,0.0046,0.0049
2020-09-02,-4.271,152.203,N,,0.0084,0.0076,0.0081,0.0064,0.0056,0.0041,0.0022,0.0011,0.0013,0.0017,0.003,0.0029,0.0029,0.0024,0.0016,0.0022,0.0006,0.0002,0.0012,0.0029,0.0032,0.0033,0.0028,0.0027,0.0026,0.0035,0.0058,0.0077,0.0079
2020-09-02,-4.271,152.203,NE,0.0051,0.0065,0.0043,0.0035,0.0022,0.002,0.0025,0.0033,0.0041,0.0054,0.0056,0.0053,0.0032,0.0019,0.0016,0.0025,0.003,0.0022,0.002,0.0007,0.0,0.0,0.0002,0.0,0.0005,0.0004,0.001,0.0,0.0,0.0
2020-09-02,-4.271,152.203,NO,0.0062,0.0087,0.0082,0.0069,0.0059,0.0051,0.0039,0.0034,0.0027,0.0038,0.0032,0.0022,0.0019,0.0016,0.0017,0.0025,0.0026,0.0036,0.0043,0.0043,0.0037,0.0031,0.0026,0.0013,0.0014,0.0009,0.0008,0.0003,0.0006,0.0025
2020-09-02,-4.271,152.203,O,,0.0058,0.0061,0.0059,0.0046,0.0027,0.001,0.0002,0.0009,0.002,0.0026,0.0019,0.0017,0.0023,0.0024,0.0022,0.002,0.0018,0.0012,0.001,0.0018,0.0025,0.0029,0.0034,0.0034,0.0025,0.0025,0.0031,0.004,0.0044
2020-09-02,-4.271,152.203,S,,0.0022,0.0031,0.0037,0.0043,0.0039,0.0029,0.0031,0.0031,0.0031,0.0027,0.0026,0.0029,0.0036,0.0041,0.0046,0.0037,0.0035,0.0042,0.0045,0.0053,0.0058,0.0056,0.0051,0.0048,0.0042,0.0033,0.003,0.0026,0.0031
2020-09-02,-4.271,152.203,SE,0.0031,0.0023,0.0034,0.0044,0.0035,0.0026,0.0037,0.0031,0.0037,0.0032,0.0029,0.0024,0.0037,0.004,0.0046,0.0048,0.0053,0.0065,0.0057,0.0052,0.0037,0.0031,0.0033,0.0042,0.0052,0.0057,0.0056,0.0055,0.0052,0.0044
2020-09-02,-4.271,152.203,SO,0.0035,,0.0033,0.0048,0.0041,0.0002,0.0008,0.0,0.0009,0.0,1e-04,0.0,0.0,0.0,0.0002,0.0011,0.0016,0.0008,0.001,0.0006,0.0013,0.0018,0.0023,0.0025,0.0027,0.0028,0.0028,0.0025,0.0025,0.0025
2021-01-24,-4.271,152.203,E,,0.0031,0.003,0.0033,0.0035,0.0041,0.0042,0.0043,0.0041,0.0035,0.0026,0.0022,0.002,0.0017,0.0026,0.0035,0.0037,0.0044,0.0051,0.0054,0.0053,0.0045,0.0041,0.0036,0.0037,0.0047,0.0049,0.0041,0.0037,0.0034
2021-01-24,-4.271,152.203,N,,0.004,0.004,0.0041,0.0042,0.005,0.0063,0.0069,0.007,0.0065,0.0058,0.0054,0.0052,0.0048,0.0047,0.005,0.0055,0.0059,0.005,0.0044,0.0041,0.0043,0.0051,0.0054,0.005,0.0052,0.0054,0.005,0.0048,0.0047
2021-01-24,-4.271,152.203,NE,0.0036,0.0039,0.0038,0.0039,0.0041,0.0045,0.0051,0.0062,0.0061,0.0055,0.0047,0.0033,0.0033,0.0033,0.0033,0.0033,0.0046,0.005,0.0051,0.0051,0.0054,0.0054,0.0048,0.0042,0.0041,0.0041,0.0039,0.0035,0.0035,0.0034
2021-01-24,-4.271,152.203,NO,0.0036,0.0037,0.0036,0.0033,0.004,0.0047,0.0045,0.0038,0.0036,0.0039,0.004,0.0039,0.003,0.0037,0.0036,0.0037,0.0031,0.0037,0.0031,0.0029,0.0023,0.0036,0.0033,0.0037,0.0034,0.0041,0.0045,0.0042,0.004,0.0048
2021-01-24,-4.271,152.203,O,,0.0029,0.0022,0.0016,0.0013,0.0015,0.0019,0.0017,0.0017,0.0018,0.0019,0.0015,0.0007,1e-04,0.0,0.0,0.0,0.0,0.0,1e-04,0.0003,0.0,0.0,0.0,0.0,0.0,0.0,0.0,0.0,0.0
2021-01-24,-4.271,152.203,S,,0.0024,0.0022,0.0022,0.0027,0.003,0.0033,0.0031,0.0036,0.0043,0.0043,0.0043,0.0037,0.0029,0.0019,0.0016,0.0016,0.0017,0.0019,0.0019,0.002,0.0017,0.0008,0.0012,0.001,0.0008,0.0009,0.0012,0.002,0.0025
2021-01-24,-4.271,152.203,SE,0.003,0.0026,0.0023,0.0023,0.0025,0.003,0.0036,0.0041,0.005,0.0049,0.0062,0.0048,0.0055,0.004,0.0024,0.0013,0.0014,0.0009,0.0026,0.0038,0.0041,0.0041,0.004,0.0043,0.0048,0.0048,0.0048,0.0049,0.005,0.0042
2021-01-24,-4.271,152.203,SO,0.003,,0.0014,0.0004,0.0003,0.0013,0.0023,0.0027,0.0026,0.0023,0.0024,0.0007,0.0004,0.0004,0.0003,0.0007,0.0006,0.0014,0.0011,0.0014,0.0014,0.0012,0.0008,0.0005,0.0005,0.0011,0.0024,0.003,0.0037,0.0044
2021-08-04,-4.271,152.203,E,,0.0027,0.0026,0.0024,0.0024,0.0027,0.0026,0.0027,0.004,0.0045,0.005,0.0047,0.004,0.0033,0.0022,0.0019,0.0014,0.001,0.0013,0.0014,0.0011,0.0018,0.0013,0.0018,0.0023,0.0032,0.0029,0.0024,0.0021,0.0028
2021-08-04,-4.271,152.203,N,,0.0023,0.0022,0.0021,0.0016,0.0013,0.0016,0.0013,0.0012,0.0023,0.004,0.0053,0.0048,0.005,0.0042,0.0038,0.0032,0.0029,0.0023,0.0015,0.0016,0.0006,0.0007,0.0012,0.0016,0.0025,0.0034,0.0049,0.0054,0.0051
2021-08-04,-4.271,152.203,NE,0.0026,0.0024,0.0023,0.002,0.0018,0.0021,0.0033,0.0043,0.0045,0.0039,0.003,0.0036,0.0035,0.0031,0.0035,0.002,0.0024,0.0028,0.0036,0.0035,0.0035,0.0021,0.0018,0.0009,0.0006,0.0,0.0,0.0004,0.0006,0.0006
2021-08-04,-4.271,152.203,NO,0.0025,0.0023,0.0024,0.0025,0.0032,0.0036,0.0037,0.0031,0.0018,0.0015,0.0018,0.0027,0.0029,0.0024,0.0033,0.0038,0.0055,0.0046,0.0038,0.0021,0.0013,0.0002,0.0007,0.001,0.0024,0.0031,0.0041,0.0034,0.0025,0.0044
2021-08-04,-4.271,152.203,O,,0.0025,0.0021,0.0017,0.0016,0.0018,0.0021,0.0022,0.0025,0.0032,0.0037,0.0041,0.0038,0.0031,0.0018,0.0019,0.0017,0.0026,0.0037,0.0041,0.0035,0.0038,0.0039,0.0038,0.0035,0.0034,0.0033,0.0026,0.0027,0.0031
2021-08-04,-4.271,152.203,S,,0.003,0.0028,0.0025,0.0022,0.0024,0.0034,0.0033,0.0038,0.0026,0.0019,0.0015,0.0018,0.0019,0.0024,0.0026,0.0025,0.0019,0.0008,0.0019,0.0016,0.0016,0.0019,0.0026,0.003,0.003,0.0033,0.0033,0.0033,0.0037
2021-08-04,-4.271,152.203,SE,0.0028,0.0029,0.0028,0.0024,0.002,0.0013,0.0002,1e-04,0.001,0.0014,0.0009,0.002,0.0018,0.0014,0.0005,0.0013,0.0022,0.0028,0.0029,0.0027,0.0023,0.0027,0.0024,0.0028,0.0029,0.0033,0.0033,0.004,0.0041,0.005
2021-08-04,-4.271,152.203,SO,0.0028,,0.0024,0.0011,0.0004,0.0016,0.0017,0.0019,0.0024,0.0018,1e-04,0.0,0.0,0.0,0.0,0.0,0.0003,0.0013,0.0019,0.0025,0.003,0.0026,0.003,0.0032,0.0027,0.0025,0.0029,0.0025,0.0023,0.003
2021-08-20,-4.271,152.203,E,,0.0021,0.0023,0.0017,0.0011,0.0005,0.0006,0.0013,0.0024,0.0035,0.0045,0.0053,0.0058,0.0062,0.0067,0.0072,0.0072,0.0076,0.0069,0.0064,0.0057,0.0055,0.0059,0.0055,0.0059,0.0055,0.0051,0.0044,0.0037,0.0036
2021-08-20,-4.271,152.203,N,,0.0,0.0,0.0013,0.003,0.0034,0.0026,0.0012,0.0009,0.0013,0.0019,0.0017,0.0012,1e-04,0.0,1e-04,0.0009,0.0017,0.0019,0.0021,0.0017,0.0018,0.0017,0.0036,0.0038,0.0038,0.0016,0.0003,0.0,0.0
2021-08-20,-4.271,152.203,NE,0.0009,0.0,0.001,0.0016,0.0016,0.0013,0.0011,0.0,0.0004,0.0003,0.0017,0.0031,0.0026,0.0028,0.002,0.0037,0.0027,0.0038,0.0036,0.0021,0.0009,0.0,0.0007,0.0018,0.0014,0.0003,0.0,0.0,0.0004,0.0019
2021-08-20,-4.271,152.203,NO,0.0,0.0,0.0,0.0009,0.0024,0.0032,0.0031,0.0026,0.0024,0.0022,0.0019,0.0017,0.0016,0.0016,0.0014,0.0025,0.0002,0.0027,0.001,0.0024,0.002,0.0028,0.0029,0.0036,0.0055,0.0054,0.0061,0.0053,0.0051,0.005
2021-08-20,-4.271,152.203,O,,0.0011,0.0017,0.0023,0.002,0.0007,0.0,0.0,1e-04,0.002,0.003,0.0029,0.0022,0.0031,0.0038,0.0044,0.0045,0.0044,0.0043,0.0043,0.0044,0.0052,0.006,0.0058,0.0056,0.0058,0.0062,0.0062,0.0055,0.007
2021-08-20,-4.271,152.203,S,,0.003,0.0034,0.0033,0.0034,0.0029,0.0023,0.003,0.0032,0.0033,0.0041,0.0042,0.0039,0.0038,0.0027,0.0024,0.0026,0.0028,0.0038,0.0037,0.0034,0.0023,0.0019,0.0019,0.004,0.0043,0.005,0.0043,0.0037,0.0041
2021-08-20,-4.271,152.203,SE,0.0019,0.0029,0.0031,0.0041,0.0048,0.0056,0.0057,0.0064,0.0057,0.0057,0.0064,0.0063,0.0062,0.0061,0.0069,0.0074,0.0061,0.0061,0.0057,0.0063,0.0073,0.0077,0.0068,0.0067,0.0065,0.007,0.0073,0.0074,0.0067,0.0071
2021-08-20,-4.271,152.203,SO,0.0016,,0.004,0.0051,0.0042,0.0018,0.0009,0.0007,0.0009,0.001,0.0015,0.0015,0.0018,0.0023,0.0024,0.003,0.0012,0.0025,0.0028,0.0018,0.0026,0.0013,0.0016,0.0018,0.0019,0.0015,0.0012,0.0007,0.0012,0.0007
2021-10-23,-4.271,152.203,E,,0.0123,0.0122,0.012,0.0119,0.0121,0.0127,0.0125,0.0124,0.0117,0.011,0.0105,0.0098,0.0091,0.0091,0.0095,0.0098,0.0103,0.0098,0.009,0.0092,0.0083,0.0082,0.0076,0.0068,0.0054,0.0037,0.0012,0.0,0.0
2021-10-23,-4.271,152.203,N,,0.0106,0.0104,0.0092,0.0103,0.01,0.0098,0.0103,0.0108,0.011,0.0106,0.01,0.0101,0.0093,0.0092,0.0088,0.0082,0.0082,0.0078,0.0076,0.0068,0.0056,0.0044,0.0031,0.0024,0.0018,0.0,0.0,0.0,0.0
2021-10-23,-4.271,152.203,NE,0.012,0.0115,0.012,0.0121,0.0121,0.0119,0.0119,0.0095,0.0096,0.0084,0.0093,0.0086,0.0078,0.0068,0.008,0.0059,0.0053,0.0018,0.0009,0.0014,0.0007,0.0,0.0,0.0004,0.0,0.0,0.0,0.0,0.0,0.0
2021-10-23,-4.271,152.203,NO,0.012,0.0089,0.0075,0.0072,0.0075,0.0085,0.0119,0.0135,0.0131,0.0141,0.0131,0.0128,0.012,0.0112,0.0112,0.0097,0.0097,0.009,0.0099,0.0106,0.0115,0.0118,0.0108,0.0109,0.0096,0.0097,0.0098,0.0098,0.009,0.0098
2021-10-23,-4.271,152.203,O,,0.0118,0.011,0.0103,0.0099,0.0098,0.0098,0.0095,0.0091,0.0095,0.0098,0.0107,0.0115,0.0122,0.0117,0.0119,0.0119,0.012,0.0115,0.0107,0.0096,0.0099,0.011,0.0124,0.0136,0.0133,0.0124,0.0122,0.0118,0.0114
2021-10-23,-4.271,152.203,S,,0.0122,0.0122,0.0115,0.0123,0.0131,0.0142,0.0131,0.013,0.0128,0.0123,0.0131,0.0131,0.0134,0.0133,0.0132,0.0126,0.013,0.0129,0.0124,0.0123,0.0132,0.0142,0.015,0.0145,0.0126,0.012,0.011,0.0104,0.0108
2021-10-23,-4.271,152.203,SE,0.0126,0.0129,0.0131,0.0134,0.0132,0.0119,0.0113,0.0112,0.0117,0.0118,0.0119,0.0122,0.011,0.0109,0.0109,0.0116,0.0128,0.0128,0.0125,0.0118,0.0119,0.0124,0.0133,0.0134,0.0128,0.0123,0.0123,0.0112,0.0105,0.0117
2021-10-23,-4.271,152.203,SO,0.0124,,0.0114,0.0107,0.0106,0.0114,0.0112,0.012,0.0114,0.0114,0.0114,0.0112,0.0113,0.0115,0.0117,0.0117,0.0118,0.0117,0.0119,0.0119,0.0118,0.0117,0.0116,0.0117,0.0116,0.0106,0.0106,0.0105,0.0113,0.0119
2021-11-10,-4.271,152.203,E,,0.0075,0.008,0.0083,0.0067,0.0062,0.0063,0.0076,0.0086,0.0092,0.0096,0.0097,0.0099,0.0103,0.0109,0.0113,0.0122,0.0126,0.0135,0.0135,0.0129,0.0125,0.0121,0.0129,0.0122,0.0122,0.0133,0.0133,0.0135,0.0133
2021-11-10,-4.271,152.203,N,,0.0082,0.0088,0.0085,0.0085,0.0083,0.0084,0.0088,0.0093,0.0095,0.01,0.0099,0.0099,0.01,0.0104,0.0107,0.011,0.0114,0.0115,0.0119,0.0117,0.0115,0.0118,0.0119,0.0129,0.0141,0.0139,0.013,0.013,0.0131
2021-11-10,-4.271,152.203,NE,0.0076,0.0085,0.0094,0.0097,0.0107,0.0112,0.0112,0.0123,0.0115,0.0119,0.0111,0.0106,0.0106,0.0108,0.0113,0.0119,0.0118,0.0119,0.0118,0.0115,0.0116,0.0115,0.0119,0.0118,0.0118,0.0119,0.0116,0.0126,0.0127,0.0137
2021-11-10,-4.271,152.203,NO,0.0072,0.0081,0.0083,0.0085,0.0085,0.0084,0.0084,0.0083,0.008,0.0076,0.0076,0.0071,0.0077,0.007,0.0069,0.0066,0.0075,0.0094,0.0093,0.0092,0.0084,0.0096,0.009,0.0092,0.0102,0.0108,0.012,0.0123,0.0126,0.0132
2021-11-10,-4.271,152.203,O,,0.0071,0.0078,0.0083,0.0074,0.006,0.0046,0.0041,0.0047,0.0057,0.0062,0.0059,0.0055,0.0049,0.0043,0.0044,0.0035,0.0036,0.004,0.0044,0.0044,0.0048,0.0049,0.0044,0.0044,0.0048,0.0049,0.0048,0.0046,0.0059
2021-11-10,-4.271,152.203,S,,0.0054,0.0051,0.0049,0.0046,0.0043,0.0037,0.0036,0.0027,0.0027,0.0038,0.0041,0.0039,0.0032,0.002,0.0012,0.0003,1e-04,0.0,0.0,0.0003,0.0005,0.0005,0.0005,0.0002,0.0,0.0,0.0,0.0,0.0
2021-11-10,-4.271,152.203,SE,0.0063,0.0055,0.0061,0.0056,0.0052,0.0049,0.0052,0.0062,0.0077,0.0069,0.0068,0.006,0.0056,0.0061,0.0069,0.0075,0.0072,0.0055,0.0048,0.005,0.0051,0.0041,0.004,0.0041,0.0051,0.0057,0.0058,0.0038,0.0048,0.0032
2021-11-10,-4.271,152.203,SO,0.0061,,0.0063,0.0073,0.0062,0.0049,0.0036,0.0021,0.0024,0.0003,0.0019,0.0008,0.001,0.0021,0.0023,0.003,0.003,0.0021,0.0015,0.0015,0.0016,0.0019,0.002,0.0023,0.0015,0.001,0.0,0.0,0.0,0.0
2022-03-24,-4.271,152.203,E,,0.0093,0.0121,0.0104,0.0152,0.016,0.0171,0.0193,0.0194,0.0154,0.0153,0.0149,0.0112,0.0127,0.014,0.0162,0.0176,0.017,0.015,0.0128,0.0114,0.0111,0.0103,0.0089,0.0078,0.005,0.0043,0.0026,0.0014,1e-04
2022-03-24,-4.271,152.203,N,,0.0061,0.007,0.0077,0.0081,0.0086,0.0093,0.01,0.0107,0.0111,0.0116,0.0116,0.0111,0.0099,0.0095,0.0099,0.0099,0.0106,0.0115,0.0109,0.0108,0.0101,0.0088,0.0082,0.0075,0.0073,0.0074,0.0063,0.0065,0.0063
2022-03-24,-4.271,152.203,NE,0.0053,0.0062,0.0069,0.0075,0.0075,0.0076,0.0083,0.01,0.0114,0.0125,0.0128,0.0126,0.0126,0.0126,0.0126,0.013,0.0131,0.0131,0.0135,0.013,0.0127,0.0116,0.0109,0.0097,0.0087,0.0071,0.0077,0.0063,0.0066,0.0061
2022-03-24,-4.271,152.203,NO,0.0053,0.0068,0.0074,0.0076,0.0078,0.0083,0.0084,0.0081,0.007,0.0074,0.0071,0.0072,0.0068,0.0066,0.006,0.0056,0.0048,0.0052,0.0047,0.0048,0.0049,0.0051,0.0047,0.0042,0.0037,0.0021,0.0017,0.0005,0.0,0.0
2022-03-24,-4.271,152.203,O,,0.0072,0.008,0.0083,0.0078,0.0071,0.0065,0.0064,0.0062,0.0058,0.0056,0.0057,0.0061,0.0063,0.0062,0.0064,0.0057,0.0053,0.0047,0.0041,0.0042,0.0039,0.0034,0.0035,0.0034,0.0034,0.0028,0.0024,0.0025,0.0024
2022-03-24,-4.271,152.203,S,,0.017,0.0263,0.0281,0.0191,0.0088,0.0034,0.0019,0.0016,0.002,0.0028,0.0045,0.0054,0.0054,0.0058,0.006,0.0064,0.0055,0.0046,0.0049,0.0042,0.0047,0.0048,0.005,0.0052,0.0054,0.0052,0.0046,0.0044,0.0043
2022-03-24,-4.271,152.203,SE,0.0091,0.0185,0.0211,0.026,0.0262,0.0199,0.0089,0.0028,0.0037,0.0024,0.0025,0.0017,0.0017,0.0017,0.0015,0.001,0.0011,0.0012,0.0012,0.0016,0.0016,0.002,0.003,0.0018,0.003,0.0024,0.0015,0.001,0.0008,0.0029
2022-03-24,-4.271,152.203,SO,0.0078,,0.0162,0.0197,0.0271,0.0268,0.0279,0.0247,0.0229,0.0173,0.0084,0.0079,0.0075,0.0061,0.0041,0.0056,0.0031,0.0038,0.0036,0.0038,0.0036,0.0027,0.0022,0.0023,0.0007,0.0007,1e-04,0.0,0.0,0.0
2022-04-25,-4.271,152.203,E,,0.0025,0.0026,0.0036,0.0045,0.0048,0.0043,0.0035,0.0028,0.0022,0.0019,0.0021,0.0026,0.004,0.0045,0.0044,0.0042,0.0033,0.0028,0.0034,0.0043,0.0045,0.0038,0.0023,0.0018,0.0019,0.0021,0.0021,0.0023,0.0036
2022-04-25,-4.271,152.203,N,,0.0048,0.0054,0.0068,0.0061,0.0049,0.0037,0.004,0.0057,0.0065,0.0069,0.006,0.005,0.0039,0.0031,0.0029,0.0031,0.0032,0.0038,0.0039,0.0045,0.005,0.0049,0.0051,0.0062,0.0066,0.0064,0.006,0.0058,0.005
2022-04-25,-4.271,152.203,NE,0.0031,0.0037,0.0035,0.0038,0.004,0.0039,0.004,0.0033,0.0034,0.0033,0.0034,0.0034,0.0034,0.0036,0.004,0.0026,0.0036,0.003,0.0033,0.0039,0.004,0.0048,0.0042,0.0038,0.0036,0.0032,0.0032,0.0035,0.0034,0.0031
2022-04-25,-4.271,152.203,NO,0.004,0.0057,0.0064,0.0062,0.006,0.0049,0.0037,0.0034,0.0039,0.004,0.005,0.0043,0.0048,0.0045,0.0048,0.0047,0.0046,0.0044,0.0039,0.0038,0.0045,0.0043,0.005,0.0056,0.0067,0.0075,0.0081,0.0082,0.0079,0.0073
2022-04-25,-4.271,152.203,O,,0.0047,0.005,0.0051,0.0043,0.0036,0.0024,0.0015,0.0014,0.0022,0.0026,0.003,0.004,0.0052,0.0067,0.0073,0.0078,0.0076,0.0079,0.0083,0.0091,0.0097,0.0096,0.0099,0.0099,0.0098,0.0103,0.0108,0.0108,0.0106
2022-04-25,-4.271,152.203,S,,0.0045,0.0045,0.0046,0.0033,0.0024,0.0023,0.0016,0.0019,0.0019,0.002,0.0024,0.0028,0.0026,0.0014,0.0004,0.0,0.0,0.0,0.0,0.0,0.0,0.0,1e-04,0.0,0.0,0.0,0.0,0.0,0.0
2022-04-25,-4.271,152.203,SE,0.0032,0.0038,0.0029,0.0028,0.0025,0.0024,0.0027,0.0027,0.0037,0.0024,0.0024,0.0027,0.0039,0.0048,0.0049,0.0042,0.0041,0.0042,0.0038,0.0036,0.0033,0.0029,0.0029,0.0029,0.0036,0.0028,0.002,0.0008,0.0,0.0
2022-04-25,-4.271,152.203,SO,0.0041,,0.0048,0.0045,0.0036,0.0032,0.0023,0.0009,0.0006,1e-04,0.0012,0.0007,0.0031,0.0017,0.0,0.0005,0.0007,0.0012,0.0017,0.0022,0.003,0.0025,0.002,0.0021,0.003,0.0025,0.0023,0.0034,0.0039,0.0044
2022-06-20,-4.271,152.203,E,,0.0004,0.0,0.0,0.0,0.0,1e-04,0.0004,0.0004,0.0017,0.0019,0.0019,0.0019,0.0007,0.0015,0.002,0.0029,0.0034,0.003,0.0022,0.0012,0.0,0.0,0.0,0.0002,0.0005,0.0012,0.0011,0.0006,0.0005
2022-06-20,-4.271,152.203,N,,0.0043,0.0033,0.0041,0.0035,0.0033,0.0034,0.0039,0.0047,0.0052,0.0053,0.0056,0.0046,0.0042,0.0045,0.0045,0.0044,0.0043,0.004,0.0034,0.003,0.0023,0.0027,0.0034,0.0038,0.0042,0.0048,0.0057,0.0056,0.006
2022-06-20,-4.271,152.203,NE,0.0018,0.0019,0.0009,0.001,0.0014,0.002,0.0026,0.0029,0.0028,0.002,0.0012,0.0004,0.0003,0.001,0.0016,0.0027,0.0028,0.0013,0.0013,0.0017,0.0018,0.002,0.0015,0.0026,0.0026,0.0023,0.0011,0.0009,0.001,0.001
2022-06-20,-4.271,152.203,NO,0.0042,0.0064,0.0065,0.006,0.004,0.0019,0.0006,0.0004,0.0007,0.0013,0.0025,0.0036,0.0049,0.0063,0.0057,0.0033,0.0024,0.001,0.0015,0.0029,0.0046,0.0048,0.0052,0.0043,0.0034,0.0028,0.0029,0.0031,0.0034,0.0033
2022-06-20,-4.271,152.203,O,,0.0061,0.0076,0.0083,0.0077,0.0074,0.0053,0.0051,0.0048,0.0034,0.0028,0.0031,0.0033,0.0031,0.0031,0.0028,0.0029,0.0027,0.0023,0.0013,0.0009,0.0007,0.0006,0.0007,0.0014,0.0023,0.0023,0.0026,0.0024,0.0029
2022-06-20,-4.271,152.203,S,,0.0029,0.0014,0.0004,0.0,0.0,0.0,0.0008,0.0004,0.0008,0.0017,0.0021,0.003,0.0034,0.0029,0.0021,0.0024,0.0026,0.0033,0.0045,0.0045,0.0044,0.0045,0.0039,0.0038,0.0046,0.0053,0.0055,0.0054,0.0043
2022-06-20,-4.271,152.203,SE,0.0019,0.0017,0.0008,0.0004,0.0004,0.0003,0.0006,0.0015,0.002,0.0029,0.0033,0.0032,0.0029,0.0031,0.004,0.0043,0.0044,0.004,0.0028,0.0016,0.002,0.0021,0.0037,0.0029,0.0025,0.0026,0.0029,0.003,0.003,0.0031
2022-06-20,-4.271,152.203,SO,0.0038,,0.0043,0.005,0.0023,0.0013,0.0017,0.002,0.0025,0.0011,0.0019,0.0027,0.0033,0.004,0.0027,0.0036,0.0028,0.004,0.003,0.0033,0.0034,0.0037,0.0041,0.0035,0.0033,0.0025,0.0018,0.0015,0.0018,0.0024
2022-07-30,-4.271,152.203,E,,0.0024,0.0022,0.0021,0.002,0.0019,0.002,0.0023,0.003,0.0033,0.0033,0.0028,0.0023,0.0024,0.0029,0.0028,0.0027,0.0026,0.0023,0.002,0.002,0.0029,0.0037,0.0036,0.003,0.0015,0.0014,0.0015,0.0017,0.0026
2022-07-30,-4.271,152.203,N,,0.0034,0.0039,0.0037,0.0032,0.003,0.0034,0.0044,0.004,0.0043,0.0038,0.0025,0.0028,0.0034,0.0041,0.0048,0.005,0.0052,0.0053,0.0051,0.0047,0.0048,0.0048,0.0046,0.0042,0.0031,0.0025,0.0024,0.0025,0.0028
2022-07-30,-4.271,152.203,NE,0.0026,0.0032,0.0028,0.0023,0.0021,0.002,0.0025,0.0036,0.0044,0.0046,0.0044,0.0033,0.0033,0.0026,0.0027,0.004,0.005,0.0047,0.006,0.0056,0.0047,0.0038,0.0035,0.0029,0.003,0.0032,0.0032,0.0027,0.0025,0.0029
2022-07-30,-4.271,152.203,NO,0.0026,0.0032,0.0033,0.0026,0.0029,0.0028,0.0033,0.003,0.0021,0.0014,0.0011,0.001,0.0005,0.0007,1e-04,0.0002,0.0,0.0004,0.0004,0.0004,0.0009,0.0011,0.0011,0.001,0.0018,0.0024,0.002,0.0018,0.0013,0.0015
2022-07-30,-4.271,152.203,O,,0.0016,0.0012,0.0011,0.0016,0.0017,0.0016,0.0015,0.0018,0.0021,0.0022,0.0019,0.0018,0.0017,0.0016,0.0018,0.0015,0.0017,0.0019,0.0021,0.0019,0.0019,0.0021,0.002,0.0019,0.0022,0.0021,0.0023,0.0022,0.0021
2022-07-30,-4.271,152.203,S,,0.0017,0.0018,0.0018,0.0019,0.0018,0.0013,0.0011,0.0009,0.001,0.0012,0.0015,0.0015,0.0017,0.002,0.002,0.0017,0.0019,0.0032,0.0041,0.0045,0.004,0.0034,0.003,0.0012,0.0012,0.0013,0.0006,0.0004,0.0002
2022-07-30,-4.271,152.203,SE,0.0023,0.0021,0.0021,0.002,0.0018,0.0017,0.0012,0.0,0.0,0.0003,0.0003,0.0003,0.0,0.0,1e-04,0.0002,0.0007,0.0011,0.0003,0.0,1e-04,0.0009,0.0012,0.001,0.0009,0.001,0.0009,1e-04,0.0004,0.0
2022-07-30,-4.271,152.203,SO,0.0019,,0.0009,0.0006,0.0014,0.0015,0.0004,0.0009,0.0016,0.0021,0.002,0.0023,0.0029,0.0036,0.003,0.0022,0.0015,0.0009,0.0018,0.0023,0.0025,0.0023,0.002,0.0029,0.0026,0.0019,0.0028,0.0023,0.0027,0.0032
2022-08-07,-4.271,152.203,E,,1e-04,0.0,0.0,0.0,0.0,0.0,0.0,0.0,0.0,0.0,0.0006,0.0013,0.0018,0.0028,0.0034,0.0039,0.005,0.0052,0.0053,0.0067,0.0065,0.0079,0.0085,0.0074,0.0073,0.0064,0.0058,0.0047,0.0049
2022-08-07,-4.271,152.203,N,,0.0038,0.0036,0.006,0.0069,0.0068,0.0054,0.0041,0.0045,0.0069,0.0084,0.008,0.0065,0.0068,0.0074,0.0074,0.0098,0.0096,0.0098,0.0129,0.0129,0.0137,0.0147,0.0131,0.0126,0.0137,0.0141,0.0153,0.0156,0.0162
2022-08-07,-4.271,152.203,NE,0.001,0.001,0.0,0.0,0.0004,0.0,0.0,0.0,0.0,0.0,0.0,1e-04,0.0,0.0018,0.0003,0.0026,0.0005,0.0,0.0,0.0,0.0,0.0,0.0,0.0,0.0,0.0,0.0012,0.0002,0.0005,0.0012
2022-08-07,-4.271,152.203,NO,0.0034,0.0052,0.0054,0.0055,0.007,0.0082,0.0093,0.0097,0.0103,0.0111,0.0117,0.0122,0.0127,0.0131,0.0142,0.0143,0.0139,0.0132,0.0155,0.0167,0.0178,0.0176,0.017,0.0163,0.0158,0.0164,0.0164,0.0153,0.0141,0.0136
2022-08-07,-4.271,152.203,O,,0.0043,0.0038,0.0028,0.0026,0.0029,0.0041,0.0052,0.0066,0.009,0.0115,0.0137,0.0152,0.017,0.0183,0.019,0.0195,0.0195,0.0193,0.0186,0.0187,0.0193,0.0201,0.0211,0.0211,0.0213,0.0211,0.0212,0.0217,0.0218
2022-08-07,-4.271,152.203,S,,0.0022,0.0016,0.0032,0.0067,0.0086,0.0081,0.0071,0.0062,0.0058,0.0062,0.0073,0.0072,0.0065,0.0062,0.0052,0.0056,0.0066,0.0074,0.0074,0.0077,0.0088,0.0087,0.0086,0.0095,0.0107,0.0109,0.0107,0.0119,0.0122
2022-08-07,-4.271,152.203,SE,0.0012,0.0014,0.0012,0.0024,0.0031,0.0036,0.0043,0.0039,0.0026,0.0025,0.001,0.0025,0.0023,0.0025,0.0034,0.0028,0.0026,0.0046,0.0063,0.0078,0.0101,0.0105,0.0112,0.0114,0.0118,0.0131,0.0141,0.0137,0.0129,0.0122
2022-08-07,-4.271,152.203,SO,0.0029,,0.0029,0.0032,0.0044,0.0055,0.0049,0.0043,0.005,0.0048,0.0071,0.0091,0.0119,0.0107,0.0104,0.0112,0.0114,0.0132,0.0118,0.0123,0.0123,0.0116,0.0105,0.0097,0.011,0.0103,0.0104,0.0112,0.0118,0.0122
2022-08-23,-4.271,152.203,E,,0.0034,0.0038,0.0051,0.0051,0.0047,0.0032,0.0015,0.0005,1e-04,0.0,0.0002,0.0013,0.002,0.0024,0.0019,0.0013,0.0019,0.002,0.0024,0.0026,0.0024,0.0024,0.0021,0.0017,0.0008,0.0005,0.0,0.0,0.0007
2022-08-23,-4.271,152.203,N,,0.0027,0.0032,0.0026,0.0027,0.0022,0.0017,0.0014,0.0011,0.0012,0.0014,0.0023,0.003,0.0035,0.004,0.0035,0.0037,0.0024,0.0023,0.0026,0.0029,0.0027,0.0022,0.002,0.0022,0.0018,0.0016,0.001,0.001,0.0007
2022-08-23,-4.271,152.203,NE,0.0033,0.0035,0.0044,0.005,0.0057,0.0061,0.0054,0.0038,0.0031,0.0027,0.0022,0.0023,0.0016,0.0014,0.0004,0.0004,0.0011,0.002,0.0027,0.0027,0.0029,0.0036,0.0031,0.0026,0.0014,0.0011,0.0014,0.0004,1e-04,0.0
2022-08-23,-4.271,152.203,NO,0.0028,0.0021,0.0021,0.0025,0.0023,0.002,0.002,0.0019,0.0019,0.0013,0.0014,0.0025,0.0037,0.0034,0.0035,0.0039,0.0042,0.0047,0.0037,0.0032,0.0023,0.0021,0.0029,0.0025,0.0035,0.0029,0.0031,0.0032,0.0031,0.003
2022-08-23,-4.271,152.203,O,,0.0027,0.0029,0.0034,0.0038,0.0039,0.0035,0.0034,0.0036,0.0037,0.0038,0.0042,0.0054,0.006,0.0063,0.0063,0.0056,0.0043,0.0042,0.0045,0.0039,0.0034,0.0038,0.0039,0.0041,0.0043,0.0041,0.0041,0.0044,0.0046
2022-08-23,-4.271,152.203,S,,0.0032,0.0029,0.0034,0.003,0.0037,0.0047,0.0054,0.0051,0.0038,0.0023,0.0028,0.0025,0.0025,0.0034,0.0027,0.0022,0.0024,0.0026,0.003,0.0032,0.003,0.0024,0.0021,0.0017,0.0016,0.0008,0.0008,0.0008,0.0016
2022-08-23,-4.271,152.203,SE,0.0031,0.0028,0.0023,0.0011,0.0003,1e-04,0.0016,0.0015,0.0011,0.0015,0.001,0.0015,0.0011,0.0007,0.0005,0.001,0.0011,0.0011,0.0009,0.0009,0.0007,1e-04,0.0,0.0,0.0,0.0002,0.0,0.0,0.0,0.0
2022-08-23,-4.271,152.203,SO,0.003,,0.0033,0.0033,0.0029,0.0022,0.0016,0.0014,0.0014,0.0019,0.0029,0.0036,0.0047,0.0053,0.0038,0.003,0.0024,0.0028,0.0035,0.004,0.0052,0.0059,0.0059,0.0065,0.0069,0.0071,0.0071,0.0064,0.0058,0.0049
2022-10-02,-4.271,152.203,E,,0.0032,0.0031,0.0033,0.0043,0.0051,0.0055,0.0057,0.0045,0.0033,0.0031,0.003,0.0029,0.0034,0.0041,0.0033,0.0037,0.0034,0.0033,0.0043,0.0049,0.0058,0.0062,0.0064,0.0061,0.0057,0.006,0.0056,0.0056,0.0052
2022-10-02,-4.271,152.203,N,,0.0043,0.0039,0.004,0.0036,0.0039,0.004,0.0035,0.0032,0.0027,0.0041,0.0056,0.0072,0.0067,0.006,0.0062,0.005,0.0052,0.005,0.0047,0.0039,0.0032,0.0024,0.0031,0.0041,0.0029,0.0028,0.0029,0.0031,0.0029
2022-10-02,-4.271,152.203,NE,0.0038,0.0036,0.0027,0.0026,0.0027,0.0043,0.0057,0.0057,0.0049,0.0042,0.0038,0.0036,0.0047,0.0068,0.0067,0.0063,0.006,0.0051,0.0065,0.007,0.0082,0.0076,0.0071,0.0067,0.0064,0.0061,0.0062,0.0063,0.0063,0.0063
2022-10-02,-4.271,152.203,NO,0.0041,0.0045,0.0044,0.0044,0.0047,0.0047,0.0053,0.0051,0.0048,0.0038,0.0044,0.0053,0.0058,0.0058,0.0045,0.0044,0.0035,0.0025,0.0019,0.0017,0.0018,0.0014,0.0009,0.0,0.0004,0.0004,0.0008,0.0018,0.0016,0.0016
2022-10-02,-4.271,152.203,O,,0.004,0.0038,0.0038,0.0039,0.004,0.004,0.0041,0.0041,0.004,0.0036,0.0037,0.0033,0.0035,0.0041,0.0041,0.0039,0.0033,0.0025,0.0014,0.0007,0.0003,0.0004,0.0009,0.0015,0.002,0.0022,0.0019,0.0006,0.0
2022-10-02,-4.271,152.203,S,,0.003,0.0018,0.0008,0.0003,0.0003,0.001,0.0008,0.0018,0.0019,0.0019,0.002,0.0022,0.0011,0.0006,0.0009,0.0009,0.0016,0.0021,0.0021,0.003,0.003,0.0031,0.004,0.0035,0.003,0.0023,0.0016,0.0009,0.0016
2022-10-02,-4.271,152.203,SE,0.0035,0.0029,0.0029,0.003,0.0032,0.0039,0.0042,0.0034,0.0032,0.0028,0.0036,0.0043,0.0041,0.0026,0.0021,0.0013,0.0008,1e-04,1e-04,0.0008,0.0017,0.0019,0.0021,0.0025,0.0019,0.002,0.002,0.0023,0.0023,0.0024
2022-10-02,-4.271,152.203,SO,0.0036,,0.0032,0.0032,0.0029,0.0025,0.0026,0.0021,0.0018,0.0007,1e-04,1e-04,0.0,0.0,0.0002,0.0004,0.0009,0.0013,0.0013,0.0012,0.001,0.0009,0.0006,0.0004,0.0007,0.0018,0.002,0.002,0.0021,0.0014
2022-10-10,-4.271,152.203,E,,0.0101,0.0094,0.0089,0.0082,0.0081,0.0081,0.0078,0.007,0.0053,0.0037,0.0024,0.0013,0.0008,0.0006,0.0006,0.0006,0.0006,0.0,0.0,0.0,0.0,0.0,0.0,0.0,0.0,0.0,0.0,0.0,0.0
2022-10-10,-4.271,152.203,N,,0.0108,0.011,0.0111,0.0111,0.0104,0.0086,0.0074,0.0073,0.0081,0.0088,0.0092,0.0092,0.0092,0.0092,0.0095,0.0104,0.0104,0.0101,0.0099,0.0092,0.0083,0.0076,0.0062,0.005,0.0048,0.005,0.0094,0.0087,0.0085
2022-10-10,-4.271,152.203,NE,0.0106,0.0108,0.0105,0.0098,0.0093,0.0085,0.0077,0.0068,0.0059,0.0057,0.0056,0.0055,0.005,0.0044,0.0041,0.0035,0.0034,0.0026,0.0024,0.0033,0.0035,0.0036,0.0036,0.0037,0.0037,0.0043,0.0045,0.0027,0.0032,0.0032
2022-10-10,-4.271,152.203,NO,0.0107,0.0106,0.0108,0.0111,0.0114,0.0111,0.0115,0.0109,0.0115,0.0109,0.0112,0.0113,0.0115,0.0121,0.0124,0.0126,0.0138,0.0144,0.0157,0.016,0.0169,0.017,0.0169,0.0164,0.0162,0.0157,0.0154,0.0163,0.0167,0.0166
2022-10-10,-4.271,152.203,O,,0.0108,0.011,0.0116,0.0122,0.0125,0.0116,0.0103,0.0098,0.0106,0.0123,0.0142,0.0145,0.0144,0.0144,0.0145,0.0148,0.0152,0.0149,0.0153,0.0156,0.0162,0.0172,0.0184,0.0193,0.0201,0.0202,0.0202,0.0201,0.02
2022-10-10,-4.271,152.203,S,,0.0109,0.0106,0.0105,0.0097,0.009,0.0079,0.0072,0.006,0.0058,0.0061,0.0066,0.0065,0.0064,0.0068,0.0067,0.0068,0.0064,0.0063,0.0064,0.0062,0.0068,0.0073,0.0076,0.0073,0.0076,0.0074,0.0063,0.0052,0.0054
2022-10-10,-4.271,152.203,SE,0.0104,0.0103,0.0098,0.0091,0.0087,0.0082,0.0076,0.0074,0.0072,0.0066,0.0059,0.0048,0.0041,0.004,0.0035,0.003,0.0024,0.0019,0.0014,0.0014,0.0013,0.0016,0.0004,0.0011,0.0006,0.0002,0.0,0.0005,0.0,0.0
2022-10-10,-4.271,152.203,SO,0.0107,,0.0114,0.0116,0.0116,0.0111,0.0109,0.0105,0.0098,0.0093,0.0088,0.0088,0.0092,0.0095,0.0104,0.011,0.0119,0.0124,0.013,0.0138,0.0144,0.0146,0.0151,0.0156,0.0163,0.0165,0.0162,0.0178,0.0185,0.0186
2022-11-03,-4.271,152.203,E,,0.0,0.0,0.0,0.0008,0.0023,0.0033,0.004,0.0042,0.0053,0.0073,0.0099,0.0096,0.01,0.0088,0.0086,0.0083,0.0094,0.0097,0.0104,0.0109,0.0112,0.0108,0.01,0.0092,0.0086,0.0081,0.0085,0.0094,0.0101
2022-11-03,-4.271,152.203,N,,0.0,0.0003,0.0029,0.0046,0.0044,0.0039,0.0038,0.0031,0.0016,0.0011,0.0005,0.0007,0.0008,0.0,0.0003,0.0003,0.0002,0.0008,0.0007,0.0007,0.0006,0.0005,0.0007,0.0005,0.0003,1e-04,0.0004,0.0005,0.0009
2022-11-03,-4.271,152.203,NE,0.0,0.0,0.0,0.0,0.0,0.0004,0.0016,0.0025,0.0036,0.0044,0.0047,0.0047,0.0048,0.0054,0.0062,0.0077,0.0056,0.0048,0.0053,0.0042,0.0059,0.0068,0.005,0.0053,0.0083,0.0083,0.009,0.008,0.0094,0.0071
2022-11-03,-4.271,152.203,NO,1e-04,0.0016,0.003,0.0044,0.0037,0.0035,0.0022,0.0038,0.0052,0.0038,0.0025,0.0028,0.0037,0.0043,0.0039,0.002,0.0011,0.0002,0.0003,0.001,0.0009,0.0,0.0005,1e-04,0.002,0.0022,0.0021,0.0023,0.0031,0.0035
2022-11-03,-4.271,152.203,O,,0.0022,0.0042,0.0059,0.0061,0.0054,0.0038,0.0025,0.002,0.0033,0.0027,0.0023,0.0034,0.0034,0.0035,0.003,0.0025,0.0021,0.0024,0.0034,0.0044,0.0047,0.0047,0.0046,0.0049,0.0058,0.0067,0.007,0.0076,0.0074
2022-11-03,-4.271,152.203,S,,0.0027,0.0027,0.0029,0.0024,0.0024,0.0027,0.0044,0.0052,0.0055,0.0044,0.0042,0.0045,0.0059,0.0069,0.0077,0.0065,0.0057,0.0057,0.0061,0.0061,0.0054,0.0052,0.0056,0.0058,0.0059,0.0049,0.0039,0.0026,0.0019
2022-11-03,-4.271,152.203,SE,0.0,0.0015,0.0005,0.0007,0.0012,0.0022,0.0034,0.0051,0.0063,0.0077,0.0082,0.0078,0.0083,0.0085,0.0081,0.0085,0.0091,0.0089,0.0109,0.011,0.0102,0.0096,0.0101,0.0101,0.011,0.0101,0.0092,0.0092,0.0098,0.0105
2022-11-03,-4.271,152.203,SO,0.0014,,0.0033,0.0039,0.003,0.0025,0.003,0.0037,0.0042,0.0053,0.0048,0.0041,0.0052,0.0047,0.0037,0.0046,0.0034,0.0029,0.0028,0.0033,0.0039,0.0044,0.0045,0.0036,0.0038,0.0043,0.0043,0.0053,0.0052,0.0051
2023-03-19,-4.271,152.203,E,,0.0041,0.005,0.0041,0.0075,0.0086,0.0089,0.0087,0.0074,0.0064,0.0052,0.0046,0.0045,0.005,0.005,0.0054,0.0052,0.0055,0.0052,0.0053,0.0043,0.0033,0.003,0.0028,0.0029,0.002,0.0027,0.0026,0.0026,0.0013
2023-03-19,-4.271,152.203,N,,0.0041,0.0059,0.0079,0.0081,0.0085,0.0083,0.0076,0.0058,0.004,0.0029,0.0028,0.003,0.0034,0.004,0.0038,0.005,0.004,0.0036,0.0025,0.0015,0.0017,0.0037,0.005,0.0045,0.0044,0.0041,0.0041,0.0043,0.0046
2023-03-19,-4.271,152.203,NE,0.0026,0.0035,0.0038,0.0039,0.0046,0.0055,0.0062,0.0078,0.0072,0.0073,0.0067,0.0045,0.0051,0.0036,0.0039,0.0031,0.0028,0.0029,0.0028,0.0023,0.0024,0.0011,0.0008,0.0008,1e-04,0.0,0.0,0.0,0.0009,0.0002
2023-03-19,-4.271,152.203,NO,0.0032,0.0041,0.0046,0.0043,0.0038,0.0054,0.0067,0.0083,0.0076,0.0079,0.007,0.0062,0.0062,0.005,0.0043,0.0042,0.0047,0.006,0.0062,0.0063,0.0058,0.0051,0.0057,0.0062,0.007,0.0069,0.0075,0.0074,0.0065,0.0067
2023-03-19,-4.271,152.203,O,,0.0045,0.0054,0.0069,0.0088,0.0101,0.0092,0.0077,0.0053,0.0047,0.0047,0.0052,0.0059,0.0058,0.0055,0.0055,0.0057,0.006,0.0071,0.0079,0.0088,0.0092,0.0091,0.0091,0.0097,0.0095,0.0089,0.0081,0.0074,0.0087
2023-03-19,-4.271,152.203,S,,0.0065,0.0087,0.0076,0.0055,0.0028,0.002,0.0033,0.0038,0.0045,0.0041,0.003,0.003,0.0032,0.0028,0.0031,0.0034,0.003,0.0023,0.0019,0.0019,0.0021,0.0023,0.0026,0.003,0.003,0.003,0.0025,0.0022,0.0023
2023-03-19,-4.271,152.203,SE,0.0047,0.0077,0.0091,0.0107,0.0105,0.0095,0.0072,0.0054,0.0051,0.0037,0.0031,0.0039,0.0037,0.0039,0.0033,0.0026,0.0015,0.0,0.0,0.0008,0.0019,0.0012,1e-04,0.0,0.0,0.0,0.0,0.0,0.0,0.0
2023-03-19,-4.271,152.203,SO,0.0041,,0.0066,0.0074,0.0072,0.0057,0.0067,0.0071,0.0083,0.0077,0.0056,0.0049,0.004,0.0033,0.0033,0.0038,0.0046,0.0046,0.0044,0.0042,0.0044,0.0045,0.0038,0.0046,0.0048,0.0047,0.004,0.0037,0.0035,0.0045
2023-03-21,-4.271,152.203,E,,0.0083,0.0,0.0,0.0,0.0,0.0,0.0083,,,,,,,,,,,,,0.0083,0.0166,0.0083,0.0083,0.0,0.0,0.0,0.0,0.0,0.0083
2023-03-21,-4.271,152.203,N,,0.0083,0.0041,0.0,0.0041,0.0083,0.0083,0.0083,0.0041,0.0083,0.0083,0.0124,0.0166,0.0083,0.0,0.0083,0.0083,0.0083,0.0083,0.0083,0.0083,0.0083,0.0083,0.0083,0.0083,0.0083,0.0083,0.0083,0.0083,0.0083
2023-03-21,-4.271,152.203,NE,0.0083,0.0083,0.0083,0.0,0.0083,0.0083,0.0083,0.0124,0.0166,0.0,0.0,0.0083,,,,,,,,,,0.0083,0.0083,0.0083,0.0042,0.0083,0.0083,0.0083,0.0083,0.0083
2023-03-21,-4.271,152.203,NO,0.0083,0.0,0.0,0.0041,0.0083,0.0,0.0083,0.0083,0.0083,0.0083,0.0,0.0,0.0,0.0083,0.0083,0.0083,0.0083,0.0083,0.0,0.0083,0.0083,0.0,0.0083,0.0083,0.0083,0.0083,0.0083,0.0,0.0,0.0
2023-03-21,-4.271,152.203,O,,0.0,0.0,0.0083,0.0083,0.0041,0.0083,0.0083,0.0041,0.0,0.0,0.0,0.0083,0.0,0.0166,,,,,,,,,,,0.0,0.0041,0.0,0.0,0.0083
2023-03-21,-4.271,152.203,S,,0.0083,0.0,0.0,0.0041,0.0083,0.0083,0.0083,0.0,0.0,0.0,0.0,0.0,0.0,0.0,0.0041,0.0083,0.0083,0.0083,0.0,0.0,0.0,0.0,0.0,0.0,0.0041,0.0083,0.0083,0.0083,0.0
2023-03-21,-4.271,152.203,SE,0.0083,0.0,0.0,0.0,0.0041,0.0083,0.0083,0.0083,0.0083,0.0083,0.0083,0.0083,0.0083,0.0083,0.0124,0.0083,0.0124,0.0124,0.0124,0.0083,0.0041,0.0,0.0,0.0,0.0083,0.0083,0.0083,0.0,0.0083,0.0083
2023-03-21,-4.271,152.203,SO,0.0083,,0.0083,0.0083,0.0083,0.0,0.0,0.0,0.0,0.0,0.0,0.0041,0.0083,0.0,0.0083,0.0083,0.0083,0.0,0.0,0.0,0.0,0.0,0.0,0.0,0.0,,0.0,0.0,0.0083,0.0083
2023-03-27,-4.271,152.203,E,,0.004,0.003,0.0024,0.002,0.0023,0.0026,0.002,0.0011,0.0007,0.0007,0.0008,0.0014,0.0015,0.0014,0.001,0.0007,0.0004,0.001,0.0015,0.0017,0.0018,0.0021,0.0018,0.0018,0.0016,0.0017,0.0021,0.0025,0.0027
2023-03-27,-4.271,152.203,N,,0.006,0.0047,0.0036,0.0028,0.0027,0.0025,0.002,0.0014,0.0013,0.0011,0.001,0.0012,0.001,0.0009,0.0006,0.0005,0.0003,0.0005,0.0007,0.0005,0.0003,0.0002,1e-04,0.0006,0.0008,0.0009,0.0012,0.0006,0.0006
2023-03-27,-4.271,152.203,NE,0.0054,0.0054,0.0039,0.0028,0.0018,0.0007,0.0,0.0002,0.0015,0.0019,0.0023,0.0031,0.0019,0.0015,0.0011,0.001,0.0007,0.0006,1e-04,0.0,0.0002,0.0,0.0,0.0,0.0,0.0004,0.0004,0.0013,0.0015,0.001
2023-03-27,-4.271,152.203,NO,0.006,0.0057,0.0048,0.0042,0.0036,0.0032,0.0023,0.002,0.0019,0.0018,0.0033,0.0037,0.0039,0.0039,0.004,0.0041,0.0042,0.004,0.0042,0.0036,0.0042,0.0042,0.0042,0.0041,0.0041,0.0039,0.0039,0.004,0.004,0.0043
2023-03-27,-4.271,152.203,O,,0.0057,0.0051,0.0045,0.0045,0.0045,0.004,0.0028,0.0019,0.001,0.001,0.0019,0.0028,0.0033,0.0037,0.0038,0.004,0.0041,0.0046,0.0049,0.0048,0.0049,0.0054,0.0055,0.0053,0.0056,0.0055,0.0056,0.0058,0.0055
2023-03-27,-4.271,152.203,S,,0.0047,0.0039,0.0038,0.0031,0.0024,0.0013,0.0007,0.0,0.0,0.0011,0.0025,0.0034,0.0029,0.0025,0.0019,0.0017,0.0019,0.0022,0.0028,0.0024,0.0024,0.0023,0.0022,0.0024,0.0035,0.0036,0.0038,0.0033,0.0034
2023-03-27,-4.271,152.203,SE,0.0048,0.004,0.0033,0.0025,0.002,0.0016,0.0014,0.0012,0.0016,0.002,0.0024,0.0021,0.0024,0.0022,0.0025,0.0019,0.0018,0.0013,0.0019,0.001,0.0012,0.0013,0.0015,0.0018,0.002,0.0022,0.0023,0.003,0.0034,0.0034
2023-03-27,-4.271,152.203,SO,0.0053,,0.0053,0.0051,0.0052,0.0041,0.0037,0.003,0.0016,0.0025,0.0028,0.0028,0.0028,0.003,0.0024,0.003,0.0033,0.0039,0.0045,0.0052,0.0055,0.0059,0.0057,0.0053,0.0059,0.0056,0.0054,0.0054,0.0059,0.0061
2023-05-29,-4.271,152.203,E,,0.0147,0.0185,0.0224,0.0228,0.0235,0.0245,0.0256,0.0275,0.0295,0.031,0.0322,0.0332,0.0343,0.0354,0.0365,0.0388,0.0384,0.0391,0.0417,0.038,0.0404,0.0407,0.0408,0.0437,0.0379,0.0399,0.036,0.039,0.0372
2023-05-29,-4.271,152.203,N,,0.0089,0.0112,0.0081,0.006,0.0029,0.0041,0.0098,0.0169,0.0208,0.0229,0.0245,0.0263,0.0276,0.0296,0.0315,0.0322,0.033,0.0337,0.0352,0.0359,0.0368,0.0383,0.0381,0.0375,0.0375,0.0369,0.0373,0.0363,0.0352
2023-05-29,-4.271,152.203,NE,0.0114,0.0122,0.0164,0.0198,0.0204,0.021,0.0194,0.017,0.0166,0.0169,0.0235,0.0272,0.0273,0.0313,0.032,0.0337,0.034,0.0351,0.0343,0.0362,0.0361,0.0374,0.0361,0.0349,0.0383,0.0373,0.0376,0.0368,0.0383,0.0374
2023-05-29,-4.271,152.203,NO,0.008,0.0058,0.0049,0.0027,0.0021,0.0003,0.0008,0.0045,0.0072,0.0154,0.0202,0.022,0.0216,0.0229,0.0241,0.0258,0.0278,0.0317,0.0332,0.0333,0.0325,0.034,0.0335,0.0337,0.0334,0.0333,0.0332,0.0322,0.0307,0.0308
2023-05-29,-4.271,152.203,O,,0.0041,0.0013,0.0003,0.0006,0.0019,0.0034,0.0043,0.0044,0.0028,0.0027,0.0028,0.0019,0.0013,0.0009,0.0007,0.0006,0.0019,0.0036,0.004,0.0045,0.0053,0.0063,0.0072,0.0074,0.0079,0.0079,0.0079,0.0077,0.0076
2023-05-29,-4.271,152.203,S,,0.0052,0.0046,0.0015,0.0021,0.0017,0.0,0.0032,0.0021,0.0019,0.0038,0.0035,0.004,0.0041,0.0035,0.0037,0.0035,0.0034,0.004,0.0055,0.0068,0.0077,0.0087,0.01,0.0103,0.0124,0.014,0.0165,0.0174,0.0209
2023-05-29,-4.271,152.203,SE,0.0101,0.0083,0.0114,0.0119,0.0118,0.0117,0.0114,0.0103,0.0128,0.0101,0.0118,0.0125,0.0123,0.0106,0.0073,0.0059,0.0041,0.0032,0.0033,0.0037,0.0035,0.0039,0.0027,0.003,0.0016,0.002,0.0026,0.005,0.0048,0.0055
2023-05-29,-4.271,152.203,SO,0.0068,,0.0004,0.0,0.0,0.0,0.0,0.0,0.0,0.0,0.0,0.0,0.0,0.0,0.0,0.0,0.0,0.0,0.0002,0.0,0.0,0.0014,0.0024,0.0028,0.002,0.0033,0.0066,0.0078,0.0101,0.012
2023-06-06,-4.271,152.203,E,,0.0191,0.0183,0.0168,0.0147,0.0117,0.0092,0.0096,0.0083,0.0079,0.007,0.0073,0.0076,0.0081,0.0079,0.0077,0.0079,0.008,0.0083,0.0077,0.0058,0.0059,0.0049,0.0052,0.0065,0.0064,0.0074,0.0072,0.0071,0.008
2023-06-06,-4.271,152.203,N,,0.0205,0.0202,0.0204,0.0198,0.0194,0.019,0.0186,0.018,0.0175,0.0159,0.0133,0.0108,0.01,0.0098,0.0095,0.009,0.0084,0.0079,0.0069,0.0084,0.0099,0.0112,0.0113,0.0108,0.0105,0.0111,0.0118,0.0124,0.0138
2023-06-06,-4.271,152.203,NE,0.0197,0.0199,0.019,0.0181,0.0172,0.0166,0.0159,0.015,0.0138,0.0124,0.0102,0.0088,0.0097,0.0092,0.0089,0.0097,0.0095,0.0095,0.0104,0.0093,0.0089,0.0081,0.0076,0.0075,0.0076,0.0078,0.0077,0.008,0.0071,0.0071
2023-06-06,-4.271,152.203,NO,0.0202,0.0206,0.0206,0.0204,0.0203,0.0202,0.0195,0.0187,0.0172,0.0155,0.0131,0.0112,0.0103,0.011,0.0112,0.0118,0.0126,0.0127,0.0149,0.0165,0.0176,0.0185,0.0192,0.02,0.0203,0.0221,0.0227,0.0236,0.0232,0.0225
2023-06-06,-4.271,152.203,O,,0.0201,0.0199,0.0199,0.0196,0.0188,0.0178,0.0162,0.0141,0.0121,0.0106,0.0098,0.0095,0.0087,0.0068,0.0054,0.0045,0.0053,0.0052,0.006,0.0068,0.0082,0.01,0.0114,0.0135,0.0142,0.0131,0.0134,0.0138,0.0143
2023-06-06,-4.271,152.203,S,,0.0205,0.0226,0.0234,0.0218,0.0193,0.0174,0.0138,0.0127,0.0122,0.0095,0.0103,0.007,0.006,0.0058,0.0051,0.0042,0.0037,0.0029,0.0023,0.0017,0.0,0.0,0.0,0.0,0.0,0.0,0.0,0.0,0.0
2023-06-06,-4.271,152.203,SE,0.0196,0.0208,0.0205,0.0206,0.0192,0.0171,0.0151,0.014,0.0145,0.0125,0.0132,0.0083,0.0154,0.0116,0.0144,0.0079,0.0074,0.0106,0.0032,0.0004,0.0,0.0,0.0,0.0,0.0,0.0,0.0,0.0,0.0,0.0
2023-06-06,-4.271,152.203,SO,0.0199,,0.02,0.0205,0.022,0.0232,0.025,0.022,0.02,0.0196,0.0175,0.0188,0.0179,0.0175,0.0176,0.0152,0.0162,0.014,0.013,0.0134,0.013,0.014,0.0149,0.0152,0.0145,0.0143,0.0136,0.0124,0.0115,0.0097
2023-11-16,-4.271,152.203,E,,0.0,0.0,0.0,0.0115,0.0115,0.0115,0.0058,0.0115,0.0115,0.0115,0.0115,0.0115,0.0,0.0,0.0058,0.0,0.0115,0.0058,0.0115,0.0115,0.0115,0.0115,0.0115,,,,,,
2023-11-16,-4.271,152.203,N,,0.0115,0.0115,0.0115,0.0058,0.0115,0.0,0.0058,0.0058,0.0058,0.0115,0.0058,0.0058,0.0,0.0115,0.0058,0.0,0.0057,0.0,0.0057,0.0,0.0,0.0115,0.0115,0.0115,0.0,0.0,0.0,0.0115,0.0115
2023-11-16,-4.271,152.203,NE,0.0115,0.0115,0.0058,0.0,0.0,0.0,0.0,0.0115,0.0,0.0115,0.0115,0.0115,0.0115,0.0115,0.0,0.0,0.0,0.0,0.0,0.0057,0.0115,0.0115,0.0115,0.0115,0.0115,0.0115,0.0,0.0115,0.0,0.0
2023-11-16,-4.271,152.203,NO,0.0231,0.0115,0.0,0.0,0.0,0.0,,,,,,,,,0.0115,0.0115,0.0115,0.0115,0.0,0.0115,0.0,0.0,0.0,0.0115,0.0,0.0115,0.0115,0.0115,0.0115,0.0
2023-11-16,-4.271,152.203,O,,0.0173,,,,,,,,,,0.0116,0.0116,0.0116,0.0116,0.0116,0.0116,0.0058,0.0,0.0,0.0,0.0058,0.0116,0.0116,0.0116,1e-04,0.0058,0.0115,0.0116,1e-04
2023-11-16,-4.271,152.203,S,,0.0115,0.0116,0.0116,0.0116,0.0116,0.0231,0.0116,0.0116,0.0116,0.0,0.0116,0.0116,0.0116,0.0116,0.0058,0.0116,0.0116,0.0116,0.0116,0.0058,0.0116,0.0232,0.0116,1e-04,0.0058,1e-04,1e-04,0.0117,0.0117
2023-11-16,-4.271,152.203,SE,0.0115,0.0115,0.0115,0.0231,0.0173,0.0115,0.0,0.0,0.0116,0.0174,0.0116,0.0058,0.0,0.0,0.0,0.0058,0.0116,0.0116,0.0116,0.0116,0.0116,0.0116,0.0116,0.0116,1e-04,1e-04,0.0116,0.0116,1e-04,1e-04
2023-11-16,-4.271,152.203,SO,0.0231,,0.0058,,,,,,,,,,0.0231,0.0116,0.0116,0.0116,0.0116,0.0116,0.0174,0.0116,0.0116,0.0116,0.0116,0.0117,0.0117,1e-04,1e-04,1e-04,0.0117,1e-04
2024-01-01,-4.271,152.203,E,,0.011,0.0118,0.0129,0.0125,0.0129,0.0135,0.0138,0.0139,0.0147,0.0157,0.0173,0.0176,0.0183,0.0177,0.0177,0.0167,0.0165,0.0164,0.0156,0.013,0.0114,0.0092,0.0089,0.0114,0.0068,0.0069,0.0079,0.004,0.0
2024-01-01,-4.271,152.203,N,,0.0111,0.0128,0.013,0.0143,0.0144,0.0144,0.0147,0.0154,0.0167,0.018,0.0189,0.0204,0.0226,0.0241,0.0227,0.0209,0.0198,0.0197,0.0197,0.0196,0.0191,0.018,0.0174,0.0174,0.0174,0.0174,0.0172,0.017,0.017
2024-01-01,-4.271,152.203,NE,0.0108,0.0123,0.0136,0.0146,0.0148,0.015,0.0153,0.0157,0.0157,0.0155,0.0151,0.0158,0.0146,0.0153,0.0148,0.0138,0.0134,0.0123,0.0143,0.0149,0.0153,0.0158,0.0177,0.0161,0.0151,0.0137,0.0136,0.0138,0.014,0.0137
2024-01-01,-4.271,152.203,NO,0.0099,0.0099,0.0096,0.0078,0.0069,0.0094,0.0082,0.0129,0.0129,0.0155,0.0159,0.0161,0.0158,0.0189,0.0209,0.0232,0.0244,0.0238,0.0231,0.0215,0.0204,0.0205,0.0212,0.0227,0.0233,0.0238,0.0229,0.0215,0.0223,0.0208
2024-01-01,-4.271,152.203,O,,0.0085,0.0076,0.0068,0.0062,0.0064,0.0063,0.0059,0.0051,0.0054,0.0059,0.0069,0.0077,0.0081,0.0091,0.0094,0.0098,0.01,0.0104,0.0116,0.0118,0.0133,0.0145,0.0154,0.0158,0.0147,0.0145,0.0152,0.0147,0.0143
2024-01-01,-4.271,152.203,S,,0.0071,0.006,0.005,0.0042,0.0035,0.0032,0.0026,0.0028,0.0009,0.0018,0.0021,0.0019,0.0017,0.0012,0.001,0.0015,0.0015,0.0032,0.004,0.004,0.0035,0.0027,0.0012,0.0003,0.0004,0.0004,0.0006,0.0014,0.0
2024-01-01,-4.271,152.203,SE,0.0092,0.0077,0.0086,0.0077,0.0071,0.0063,0.0053,0.0042,0.0064,0.0026,0.0013,0.0015,0.0008,0.0023,0.0046,0.0056,0.0059,0.0035,0.0029,0.0024,0.0032,0.0034,0.0026,0.0006,0.0004,0.0003,0.0005,0.0002,0.0,1e-04
2024-01-01,-4.271,152.203,SO,0.0085,,0.0067,0.0063,0.006,0.005,0.0048,0.0027,0.0031,0.0013,0.0027,0.0016,0.0035,0.0033,0.0039,0.0049,0.0068,0.007,0.008,0.0082,0.0086,0.0093,0.0087,0.0088,0.0099,0.0111,0.0106,0.0109,0.0105,0.0094
2024-04-21,-4.271,152.203,E,,0.0009,0.0012,0.0024,0.0039,0.0046,0.0044,0.0041,0.0041,0.0043,0.0045,0.005,0.0057,0.006,0.0057,0.0056,0.0053,0.0048,0.0044,0.0047,0.0047,0.0049,0.0055,0.0055,0.0059,0.0061,0.0058,0.0046,0.0028,0.004
2024-04-21,-4.271,152.203,N,,0.0033,0.0047,0.0057,0.0055,0.0029,0.0008,0.0005,0.0026,0.0051,0.0058,0.0053,0.0056,0.005,0.0051,0.0041,0.0038,0.0027,0.0028,0.0033,0.0039,0.0046,0.0055,0.0063,0.006,0.0055,0.0052,0.0045,0.004,0.0037
2024-04-21,-4.271,152.203,NE,0.0014,0.0026,0.003,0.0039,0.0048,0.0048,0.0036,0.003,0.0014,0.0007,0.0007,0.0035,0.0006,0.0027,0.0021,0.0029,0.0028,0.0027,0.0025,0.0027,0.0026,0.0045,0.0041,0.0049,0.0063,0.0061,0.0057,0.0049,0.0051,0.0056
2024-04-21,-4.271,152.203,NO,0.0027,0.0038,0.0043,0.0049,0.0053,0.0044,0.0054,0.0055,0.005,0.0055,0.0055,0.0058,0.0059,0.006,0.006,0.0057,0.005,0.0039,0.0026,0.003,0.0039,0.0046,0.0041,0.0022,0.0025,0.0016,0.0021,0.0016,0.0013,0.0017
2024-04-21,-4.271,152.203,O,,0.0037,0.0045,0.0054,0.0066,0.0075,0.0081,0.0083,0.0078,0.0059,0.0042,0.0033,0.0033,0.0026,0.0019,0.0007,0.0,0.0,0.0,0.0,0.0,0.0,0.0,0.0,0.0,0.0,0.0003,0.0016,0.0019,0.0019
2024-04-21,-4.271,152.203,S,,0.0027,0.0027,0.003,0.0042,0.0055,0.0064,0.0061,0.0041,0.0027,0.0029,0.0031,0.003,0.0027,0.0024,0.003,0.0024,0.0021,0.003,0.0024,0.0023,0.0023,0.0026,0.0022,0.0024,0.0018,0.0014,0.0019,0.0037,0.0043
2024-04-21,-4.271,152.203,SE,0.0016,0.002,0.0018,0.0029,0.0038,0.0048,0.0056,0.0048,0.0041,0.0036,0.0027,0.0042,0.0049,0.0051,0.0044,0.003,0.0019,0.0021,0.0025,0.003,0.0029,0.0035,0.004,0.0039,0.0032,0.0037,0.0043,0.0044,0.0045,0.0044
2024-04-21,-4.271,152.203,SO,0.0027,,0.0041,0.0061,0.0075,0.0083,0.0081,0.0057,0.0052,0.003,0.0033,0.003,0.0029,0.0033,0.0026,0.0033,0.0037,0.0045,0.0042,0.0037,0.003,0.003,0.0025,0.0035,0.003,0.0021,0.001,0.0003,1e-04,0.0
2024-05-31,-4.271,152.203,E,,0.0019,0.002,0.0012,0.0016,0.0017,0.0017,0.002,0.0024,0.0029,0.0033,0.0036,0.0035,0.0037,0.0038,0.0045,0.0047,0.0036,0.0037,0.0046,0.0046,0.0045,0.0053,0.0048,0.0055,0.0047,0.0045,0.0038,0.0036,0.0039
2024-05-31,-4.271,152.203,N,,0.0015,0.0025,0.0029,0.0043,0.0046,0.0046,0.0049,0.0053,0.0053,0.0053,0.0058,0.0059,0.0053,0.0042,0.0039,0.0039,0.0048,0.0044,0.0043,0.0051,0.0047,0.0042,0.002,0.002,0.0024,0.0036,0.0041,0.0043,0.0043
2024-05-31,-4.271,152.203,NE,0.0014,0.0017,0.0022,0.0023,0.0025,0.0021,0.0025,0.0039,0.0048,0.0056,0.0068,0.0064,0.0083,0.0077,0.0071,0.0062,0.0054,0.0041,0.0048,0.0043,0.005,0.0052,0.005,0.0056,0.005,0.0051,0.0056,0.0057,0.0055,0.0049
2024-05-31,-4.271,152.203,NO,0.0014,0.0008,0.0006,0.0007,0.0009,0.0018,0.0021,0.0026,0.0027,0.0035,0.0051,0.0056,0.0047,0.0046,0.0043,0.0039,0.0038,0.0036,0.003,0.0029,0.0026,0.003,0.0032,0.0038,0.0039,0.0044,0.0041,0.0042,0.0038,0.0041
2024-05-31,-4.271,152.203,O,,0.0016,0.0015,0.0017,0.0016,0.0008,0.0,0.0,0.0,0.0,0.0012,0.0023,0.0017,0.0009,0.0014,0.0021,0.0028,0.0031,0.0032,0.0036,0.0039,0.0043,0.0044,0.0045,0.0044,0.0038,0.0039,0.0035,0.0032,0.0029
2024-05-31,-4.271,152.203,S,,0.0035,0.0044,0.0039,0.0028,0.0015,0.0006,0.0008,0.0005,0.0009,0.0003,0.0002,0.0,0.0,0.0,0.0005,0.0003,0.0005,0.0004,0.0005,0.0009,0.0015,0.0017,0.0013,0.0005,0.0005,0.0012,0.002,0.0029,0.0032
2024-05-31,-4.271,152.203,SE,0.0023,0.0038,0.0038,0.0039,0.0036,0.0031,0.0019,0.0012,0.0008,0.0003,0.0004,0.0007,0.0003,0.0011,0.0004,0.0011,0.0011,0.0006,0.0009,0.0008,0.0002,1e-04,0.0,0.0,0.0007,0.0012,0.002,0.002,0.0023,0.0018
2024-05-31,-4.271,152.203,SO,0.0022,,0.003,0.0026,0.0023,0.0016,0.0009,0.0006,0.0003,0.0004,1e-04,0.0,0.0,0.0,0.0,0.0,0.0013,0.0013,0.0015,0.0008,0.0011,0.0011,0.0015,0.0014,0.0016,0.0015,0.0022,0.0027,0.0035,0.0037
2024-06-08,-4.271,152.203,E,,0.0077,0.008,0.0078,0.0073,0.0066,0.0063,0.0062,0.0061,0.006,0.0064,0.0068,0.0075,0.0079,0.0078,0.0073,0.0066,0.0058,0.0061,0.0057,0.0051,0.0049,0.0047,0.0047,0.004,0.0022,0.0014,0.002,0.003,0.0029
2024-06-08,-4.271,152.203,N,,0.007,0.0069,0.0088,0.0092,0.0089,0.008,0.0069,0.0066,0.0087,0.011,0.011,0.0095,0.008,0.0065,0.0068,0.0074,0.0079,0.0081,0.0092,0.011,0.0117,0.0098,0.008,0.0049,0.0044,0.0044,0.006,0.0065,0.007
2024-06-08,-4.271,152.203,NE,0.0065,0.0056,0.0057,0.0069,0.0079,0.0088,0.0086,0.0082,0.0079,0.0084,0.0089,0.0085,0.0096,0.0091,0.0088,0.0085,0.0079,0.0078,0.0087,0.0089,0.0091,0.0088,0.0085,0.0076,0.0081,0.0081,0.0081,0.0085,0.0075,0.0077
2024-06-08,-4.271,152.203,NO,0.0072,0.0085,0.0094,0.0098,0.0107,0.0115,0.0105,0.0096,0.0094,0.0104,0.0126,0.0126,0.0126,0.0115,0.0101,0.0089,0.0092,0.0088,0.0092,0.0085,0.0084,0.0088,0.0079,0.0072,0.0062,0.0065,0.0069,0.0073,0.0078,0.0078
2024-06-08,-4.271,152.203,O,,0.0078,0.0083,0.0085,0.0088,0.009,0.0101,0.0109,0.0111,0.0103,0.0103,0.01,0.0097,0.0085,0.0077,0.0073,0.0073,0.0086,0.0095,0.0104,0.0113,0.0111,0.0097,0.0094,0.009,0.0091,0.0091,0.0091,0.0089,0.0087
2024-06-08,-4.271,152.203,S,,0.0072,0.0074,0.0064,0.0064,0.0063,0.0068,0.0072,0.0087,0.0091,0.0088,0.008,0.0071,0.0064,0.0049,0.0041,0.0035,0.0056,0.0074,0.0092,0.0073,0.0068,0.0063,0.006,0.0044,0.0051,0.0051,0.0041,0.0032,0.0
2024-06-08,-4.271,152.203,SE,0.0079,0.0086,0.0098,0.0088,0.0077,0.0064,0.0062,0.0065,0.0065,0.0075,0.0091,0.0093,0.0091,0.0071,0.0051,0.0025,0.0011,0.0,0.0,0.0,0.0,0.0,0.0,0.0,0.0,0.0,0.0,0.0,0.0,0.0
2024-06-08,-4.271,152.203,SO,0.0075,,0.0069,0.0079,0.0085,0.0062,0.0071,0.0054,0.0066,0.0072,0.0088,0.0092,0.0095,0.0094,0.0093,0.0091,0.0096,0.0105,0.0102,0.0092,0.0089,0.0091,0.0089,0.0099,0.0095,0.0092,0.0098,0.009,0.0076,0.0069
2024-08-20,-4.271,152.203,E,,0.0048,0.0058,0.006,0.007,0.0062,0.0033,0.0004,0.0,1e-04,0.003,0.0032,0.0023,0.0005,0.0,0.0,0.0007,0.0026,0.0025,0.0027,0.0015,0.0014,0.0024,0.0027,0.0037,0.0042,0.0042,0.0043,0.0045,0.0046
2024-08-20,-4.271,152.203,N,,0.0045,0.0018,0.002,0.0003,0.0,1e-04,0.0011,0.0025,0.0044,0.0058,0.008,0.0078,0.009,0.007,0.0037,0.003,0.003,0.0029,0.0033,0.0035,0.0042,0.0046,0.0046,0.0032,0.0027,0.0032,0.0031,0.0029,0.001
2024-08-20,-4.271,152.203,NE,0.0036,0.0019,0.0004,0.0,0.0005,0.0,0.0,0.0,0.0,0.0002,0.0007,0.0011,0.0015,0.0026,0.0037,0.0013,0.0039,0.0031,0.0032,0.0034,0.0043,0.0055,0.0053,0.0043,0.004,0.0029,0.0027,0.0022,0.0017,0.0026
2024-08-20,-4.271,152.203,NO,0.0045,0.0075,0.0076,0.0081,0.0066,0.0048,0.0039,0.0036,0.0034,0.0032,0.0033,0.0041,0.0036,0.0045,0.0046,0.0041,0.0047,0.0042,0.0053,0.0042,0.0036,0.0018,0.0015,0.001,0.0013,0.0017,0.0019,0.001,0.0002,0.0
2024-08-20,-4.271,152.203,O,,0.0054,0.0071,0.0083,0.0089,0.0081,0.0065,0.0053,0.0046,0.0046,0.0055,0.0066,0.0071,0.0073,0.0075,0.0077,0.0078,0.0076,0.0073,0.0074,0.0077,0.0078,0.0095,0.0103,0.011,0.0109,0.0099,0.0097,0.0099,0.0081
2024-08-20,-4.271,152.203,S,,0.0034,0.0043,0.0049,0.0056,0.0061,0.0066,0.0068,0.0067,0.0058,0.0047,0.0038,0.0035,0.0022,0.0021,0.0016,0.0029,0.0054,0.006,0.0058,0.007,0.0067,0.0066,0.0058,0.0058,0.0063,0.0072,0.0092,0.0108,0.0108
2024-08-20,-4.271,152.203,SE,0.0043,0.0045,0.0059,0.006,0.0062,0.0063,0.0072,0.0074,0.0075,0.0068,0.0056,0.0046,0.0041,0.0039,0.0054,0.0059,0.0069,0.0063,0.0059,0.0064,0.0062,0.006,0.0059,0.0057,0.0067,0.0075,0.0094,0.0093,0.0112,0.0128
2024-08-20,-4.271,152.203,SO,0.0035,,0.0046,0.0076,0.0091,0.009,0.0092,0.0083,0.0079,0.0087,0.0078,0.0077,0.0077,0.0073,0.0083,0.0088,0.009,0.009,0.0084,0.0079,0.0086,0.0092,0.0105,0.0107,0.0105,0.0096,0.0094,0.0097,0.0089,0.0087
2024-11-16,-4.271,152.203,E,,0.0093,0.0105,0.0136,0.0129,0.0152,0.0168,0.0173,0.0171,0.0167,0.0171,0.018,0.0188,0.0191,0.019,0.0191,0.0193,0.0198,0.0207,0.021,0.0213,0.022,0.022,0.0222,0.0227,0.0227,0.0224,0.0221,0.0209,0.0201
2024-11-16,-4.271,152.203,N,,0.0131,0.0165,0.0187,0.0189,0.0188,0.0187,0.0188,0.0187,0.0188,0.0186,0.0192,0.02,0.0214,0.0228,0.023,0.0231,0.0229,0.0224,0.0226,0.0228,0.0229,0.0238,0.0247,0.0241,0.0241,0.024,0.0235,0.0239,0.0249
2024-11-16,-4.271,152.203,NE,0.01,0.0137,0.0158,0.017,0.0172,0.0175,0.0177,0.0193,0.0206,0.0214,0.0217,0.0217,0.0215,0.021,0.0213,0.0208,0.0217,0.0215,0.0222,0.0229,0.0239,0.0241,0.0246,0.0248,0.0252,0.0248,0.0259,0.0243,0.0244,0.0246
2024-11-16,-4.271,152.203,NO,0.0097,0.014,0.0164,0.0175,0.0195,0.0198,0.0193,0.0183,0.0172,0.0176,0.0172,0.0179,0.0189,0.0188,0.0195,0.0204,0.0202,0.0214,0.0209,0.0214,0.0217,0.0229,0.0229,0.0229,0.0221,0.0226,0.0237,0.0235,0.0234,0.0234
2024-11-16,-4.271,152.203,O,,0.009,0.0109,0.0127,0.0139,0.0147,0.0145,0.014,0.0125,0.0128,0.0128,0.0148,0.0158,0.015,0.0137,0.0135,0.014,0.0142,0.0133,0.012,0.0122,0.0126,0.0113,0.0019,0.0,0.0,0.0,0.0,0.0,
2024-11-16,-4.271,152.203,S,,0.0017,0.0,0.0,0.0,0.0,0.0,0.0,0.0,0.0,0.0,0.0,0.0005,0.0032,0.0069,0.0101,0.0107,0.0111,0.0112,0.0123,0.0137,0.0149,0.0164,0.0174,0.0178,0.0176,0.0172,0.0149,0.0127,0.0126
2024-11-16,-4.271,152.203,SE,0.0061,0.0017,0.0027,0.0017,0.003,0.0056,0.0099,0.0101,0.0122,0.0123,0.0129,0.0139,0.0152,0.0158,0.0159,0.0155,0.0155,0.0159,0.0163,0.0166,0.0166,0.0173,0.0174,0.0171,0.0174,0.0168,0.0173,0.0165,0.0171,0.0174
2024-11-16,-4.271,152.203,SO,0.006,,0.0028,0.0034,0.0007,0.0,0.0,0.0,0.0,0.0,0.0,0.0,0.0004,0.0003,0.0005,0.0,0.0006,0.0,0.0,0.0,0.0,0.0,0.0,0.0,0.0,,,,,
2025-01-27,-4.271,152.203,E,,0.0075,0.0078,0.0082,0.0085,0.0086,0.0085,0.0085,0.0088,0.0087,0.0082,0.0076,0.0078,0.0077,0.0081,0.0077,0.0081,0.0085,0.0089,0.0092,0.009,0.0092,0.0084,0.0082,0.0075,0.0071,0.007,0.007,0.0065,0.0061
2025-01-27,-4.271,152.203,N,,0.0078,0.0077,0.0078,0.0085,0.0085,0.0083,0.0084,0.0082,0.0078,0.0079,0.0069,0.0065,0.0051,0.0037,0.0041,0.0022,0.0029,0.0019,0.001,0.001,0.0007,0.0,0.0,0.0,0.0,0.0,0.0,0.0,0.0
2025-01-27,-4.271,152.203,NE,0.0074,0.0073,0.0073,0.0078,0.0083,0.0081,0.008,0.0079,0.0082,0.0081,0.0072,0.0097,0.0083,0.0085,0.0082,0.0085,0.0077,0.0077,0.0075,0.0072,0.0066,0.0057,0.005,0.0054,0.0053,0.005,0.0035,0.0037,0.0018,0.0018
2025-01-27,-4.271,152.203,NO,0.0082,0.0081,0.0075,0.007,0.0062,0.0063,0.0061,0.0062,0.0063,0.005,0.0049,0.0049,0.0038,0.0034,0.0027,0.0021,0.0015,0.0013,0.0013,0.0018,0.0028,0.0027,0.0021,0.0016,0.0005,0.0,0.0,0.0,0.0,0.0
2025-01-27,-4.271,152.203,O,,0.0086,0.0085,0.008,0.0073,0.0072,0.0077,0.0083,0.0085,0.008,0.0071,0.0065,0.0063,0.0063,0.0064,0.0059,0.0052,0.0046,0.0037,0.003,0.0029,0.0027,0.0019,0.0009,0.0003,0.0004,0.0003,0.0002,0.0003,0.0
2025-01-27,-4.271,152.203,S,,0.007,0.007,0.0069,0.0076,0.008,0.0086,0.009,0.0093,0.0092,0.0087,0.0084,0.0083,0.0083,0.009,0.0092,0.0097,0.0102,0.0105,0.0109,0.0107,0.0108,0.0107,0.0106,0.0108,0.0107,0.0107,0.0104,0.0102,0.0103
2025-01-27,-4.271,152.203,SE,0.0075,0.0076,0.0078,0.0084,0.0088,0.0087,0.0085,0.0085,0.0089,0.009,0.0095,0.0088,0.0085,0.0085,0.0092,0.0102,0.0111,0.0117,0.0109,0.0102,0.0107,0.0106,0.0104,0.0099,0.01,0.0108,0.0104,0.0109,0.0111,0.0113
2025-01-27,-4.271,152.203,SO,0.0078,,0.0071,0.0072,0.0076,0.0084,0.0093,0.0096,0.0094,0.0086,0.0083,0.0079,0.008,0.0088,0.0085,0.0091,0.0094,0.0098,0.0106,0.01,0.0091,0.0082,0.0071,0.0062,0.0054,0.0056,0.008,0.005,0.0046,0.005
2025-02-12,-4.271,152.203,E,,0.0081,0.0081,0.0083,0.0091,0.0097,0.01,0.0095,0.0093,0.0091,0.0085,0.0067,0.0055,0.0051,0.005,0.0053,0.0058,0.0063,0.0066,0.0069,0.0068,0.0073,0.008,0.009,0.0097,0.0098,0.0097,0.0095,0.0088,0.0084
2025-02-12,-4.271,152.203,N,,0.0078,0.0076,0.0072,0.0067,0.006,0.005,0.0039,0.0027,0.0021,0.0009,0.0006,0.0,0.0,0.0,0.0,0.0,0.0,0.0,0.0,,,,,,,,,,
2025-02-12,-4.271,152.203,NE,0.0081,0.0079,0.0077,0.0073,0.0067,0.0059,0.0054,0.0056,0.006,0.0065,0.0056,0.0055,0.0055,0.0045,0.005,0.0048,0.0034,0.0024,0.0018,0.0019,0.0008,0.0,0.0,0.0002,0.0009,0.0009,1e-04,0.0,0.0,0.0
2025-02-12,-4.271,152.203,NO,0.008,0.0074,0.0069,0.006,0.0051,0.0053,0.0036,0.0052,0.0052,0.0038,0.003,0.0029,0.0034,0.003,0.0028,0.0023,0.0025,0.0019,0.0021,0.002,0.0021,0.0015,0.0019,0.0023,0.0043,0.0017,0.0014,0.0014,0.0015,0.0015
2025-02-12,-4.271,152.203,O,,0.0076,0.0067,0.0061,0.0063,0.0073,0.0085,0.0091,0.0091,0.0085,0.0076,0.0075,0.0073,0.0071,0.0066,0.006,0.0056,0.0059,0.0066,0.0078,0.0077,0.0065,0.0049,0.0039,0.0036,0.0037,0.0035,0.0035,0.0033,0.0032
2025-02-12,-4.271,152.203,S,,0.0084,0.0083,0.0078,0.0079,0.0083,0.0094,0.0093,0.0092,0.0092,0.0095,0.0093,0.0092,0.0085,0.0082,0.0073,0.0076,0.0083,0.009,0.01,0.0113,0.0124,0.013,0.0137,0.0143,0.0151,0.0152,0.0151,0.0151,0.0148
2025-02-12,-4.271,152.203,SE,0.0084,0.0086,0.0085,0.0086,0.0096,0.0103,0.0099,0.0115,0.0112,0.0115,0.0119,0.0097,0.0097,0.0079,0.0072,0.0061,0.0068,0.0074,0.0073,0.0073,0.0075,0.0078,0.0082,0.0091,0.0102,0.0111,0.0114,0.012,0.0126,0.0126
2025-02-12,-4.271,152.203,SO,0.0082,,0.0078,0.0069,0.0075,0.0096,0.0087,0.0082,0.0082,0.0074,0.0077,0.0081,0.0085,0.0095,0.0103,0.0101,0.0101,0.0097,0.0108,0.0106,0.0111,0.0111,0.0105,0.0105,0.0109,0.0115,0.0122,0.0127,0.0129,0.013
2025-04-09,-4.271,152.203,E,,0.0039,0.003,0.0032,0.0036,0.0047,0.005,0.0042,0.0033,0.0026,0.003,0.0041,0.005,0.005,0.004,0.0036,0.0025,0.0014,0.0,0.001,0.0034,0.0047,0.0057,0.007,0.0067,0.0073,0.0071,0.0057,0.0053,0.0052
2025-04-09,-4.271,152.203,N,,0.006,0.0036,0.0015,0.0012,0.0017,0.0023,0.0026,0.0022,0.0013,0.001,0.0009,0.0002,0.001,0.0028,0.003,0.002,0.0017,0.0021,0.003,0.004,0.004,0.0021,0.0,0.0,0.0,0.0,0.001,0.0013,0.0018
2025-04-09,-4.271,152.203,NE,0.0059,0.0055,0.0038,0.0028,0.002,0.0006,0.0003,0.0,0.0013,0.0019,0.0033,0.0028,0.0033,0.002,0.0016,0.0016,0.0012,0.0,0.0,0.0,0.0003,0.0011,0.002,0.0034,0.0037,0.0033,0.0018,0.0015,0.0012,0.0025
2025-04-09,-4.271,152.203,NO,0.007,0.0056,0.0037,0.0027,0.0013,0.0012,0.0015,0.0022,0.0018,0.0018,0.0,0.0,0.0,0.0,0.001,0.0024,0.0028,0.0031,0.0028,0.0019,0.002,0.0039,0.0043,0.0053,0.0075,0.0063,0.0015,0.0022,0.0037,0.0038
2025-04-09,-4.271,152.203,O,,0.0058,0.0047,0.0037,0.0035,0.0047,0.0046,0.0046,0.0033,0.0012,0.0011,0.0026,0.0043,0.0054,0.0058,0.0064,0.0076,0.0073,0.0052,0.0045,0.005,0.0049,0.0043,0.0039,0.003,0.004,0.005,0.0049,0.0042,0.0022
2025-04-09,-4.271,152.203,S,,0.0028,0.0018,0.0026,0.0033,0.0043,0.0047,0.0057,0.0072,0.0083,0.0088,0.0089,0.0088,0.0078,0.0057,0.0031,0.0022,0.0031,0.0048,0.0058,0.0068,0.0084,0.0099,0.0103,0.0078,0.007,0.0055,0.0053,0.0063,0.0067
2025-04-09,-4.271,152.203,SE,0.0043,0.0023,0.0019,0.0019,0.0017,0.0022,0.0027,0.0026,0.0032,0.0064,0.0078,0.0076,0.0064,0.0045,0.0037,0.0022,0.0013,0.0017,0.002,0.0026,0.0037,0.0048,0.0055,0.0061,0.0073,0.0072,0.0086,0.0071,0.007,0.0057
2025-04-09,-4.271,152.203,SO,0.0053,,0.0031,0.0025,0.002,0.0016,0.0018,0.0024,0.0038,0.0054,0.0058,0.0077,0.006,0.0073,0.0079,0.0076,0.0078,0.0077,0.0082,0.0074,0.0069,0.0079,0.0083,0.0083,0.0074,0.0068,0.0078,0.0078,0.0058,0.0071
2025-06-03,-4.271,152.203,E,,0.0029,0.0033,0.0044,0.0065,0.0079,0.0089,0.009,0.009,0.0085,0.008,0.0067,0.0059,0.0055,0.0062,0.0069,0.0075,0.0073,0.0071,0.0075,0.0066,0.0066,0.0066,0.0066,0.0068,0.0067,0.0075,0.0075,0.0073,0.0076
2025-06-03,-4.271,152.203,N,,0.0054,0.0066,0.0077,0.0058,0.0036,0.0025,0.0032,0.004,0.0041,0.0054,0.0039,0.0041,0.0047,0.0046,0.0046,0.0045,0.0044,0.0044,0.0047,0.0052,0.0056,0.0057,0.0059,0.0055,0.0053,0.0052,0.0047,0.005,0.0054
2025-06-03,-4.271,152.203,NE,0.0031,0.0043,0.0045,0.005,0.0057,0.0062,0.0072,0.0074,0.0072,0.0062,0.006,0.0063,0.0051,0.0055,0.005,0.0052,0.0048,0.0049,0.0051,0.0052,0.0055,0.0061,0.0065,0.007,0.0077,0.0079,0.0081,0.008,0.009,0.008
2025-06-03,-4.271,152.203,NO,0.0039,0.0059,0.0066,0.0064,0.0061,0.005,0.0037,0.0031,0.0013,0.0019,0.0022,0.0023,0.0015,0.0013,0.0005,0.001,0.0009,0.0012,0.0006,0.0012,0.001,0.0008,0.0003,0.0,0.0,0.0,0.0,0.0,0.0,0.0
2025-06-03,-4.271,152.203,O,,0.0045,0.0053,0.0055,0.0048,0.0035,0.0026,0.0026,0.0032,0.0036,0.0031,0.0025,0.0021,0.0017,0.0015,0.0015,0.0014,0.001,0.0011,0.0012,0.001,0.0009,0.0008,0.0006,0.0003,0.0,0.0,0.0,0.0,0.0
2025-06-03,-4.271,152.203,S,,0.0031,0.003,0.0029,0.0034,0.0041,0.0043,0.005,0.0039,0.0034,0.0036,0.0033,0.0042,0.005,0.0051,0.0051,0.0048,0.0047,0.0047,0.0041,0.0036,0.0033,0.0029,0.0026,0.0028,0.0026,0.0027,0.0029,0.0029,0.0028
2025-06-03,-4.271,152.203,SE,0.0031,0.0031,0.0039,0.0051,0.0066,0.007,0.0067,0.0057,0.0052,0.0043,0.0052,0.0053,0.0045,0.0036,0.0036,0.0041,0.0049,0.0057,0.0054,0.005,0.005,0.0052,0.0051,0.0054,0.0058,0.0056,0.0056,0.0054,0.0052,0.0053
2025-06-03,-4.271,152.203,SO,0.0034,,0.0037,0.0043,0.0044,0.0043,0.0062,0.0062,0.0057,0.0043,0.0032,0.0029,0.0019,0.0016,0.001,0.001,0.001,0.0015,0.0027,0.0033,0.0031,0.0028,0.0024,0.002,0.002,0.0019,0.0017,0.0014,0.0011,0.0009
2025-06-12,-4.271,152.203,E,,0.0015,0.0025,0.0036,0.0036,0.0024,0.0014,0.0016,0.0017,0.0028,0.0025,0.0029,0.0033,0.0038,0.0048,0.0048,0.0037,0.0028,0.0023,0.0032,0.0022,0.0026,0.0036,0.0033,0.0032,0.003,0.0034,0.0038,0.0042,0.0048
2025-06-12,-4.271,152.203,N,,0.006,0.0065,0.006,0.0054,0.0049,0.0049,0.0053,0.0062,0.0063,0.0063,0.0047,0.005,0.0055,0.007,0.0089,0.0083,0.0057,0.0026,0.0007,0.001,0.0018,0.0032,0.0043,0.0058,0.006,0.0057,0.0062,0.0064,0.0069
2025-06-12,-4.271,152.203,NE,0.0022,0.0048,0.0055,0.0061,0.0062,0.0055,0.0048,0.0041,0.0043,0.0046,0.0054,0.0054,0.0036,0.0039,0.0052,0.0054,0.0057,0.0057,0.0058,0.0054,0.0061,0.0057,0.0059,0.0043,0.0053,0.0042,0.0064,0.0047,0.0064,0.0056
2025-06-12,-4.271,152.203,NO,0.003,0.0077,0.0087,0.0093,0.0076,0.0052,0.0051,0.0061,0.0061,0.0079,0.0081,0.0071,0.0059,0.0071,0.0075,0.0079,0.0075,0.0058,0.0073,0.0058,0.0048,0.0036,0.0043,0.0043,0.0062,0.0053,0.0062,0.0058,0.0058,0.0055
2025-06-12,-4.271,152.203,O,,0.0026,0.0036,0.0039,0.0034,0.0023,0.0016,0.0014,0.0017,0.0016,0.0024,0.004,0.0043,0.004,0.0049,0.0048,0.0052,0.007,0.008,0.0087,0.0079,0.0061,0.0064,0.0062,0.0062,0.0082,0.0076,0.0068,0.0057,0.0048
2025-06-12,-4.271,152.203,S,,0.0,0.0026,0.004,0.005,0.0041,0.0032,0.0023,0.0013,0.0,0.0,0.0,0.0,0.0031,0.0041,0.0038,0.0035,0.0031,0.0034,0.0013,0.0,0.0,0.0,0.0,0.0,0.0003,0.0026,0.005,0.0059,0.0052
2025-06-12,-4.271,152.203,SE,1e-04,0.0004,0.0016,0.0045,0.0064,0.0066,0.0064,0.0066,0.0054,0.0037,0.0026,0.002,0.0029,0.0033,0.0052,0.0048,0.0045,0.0025,0.0032,0.0032,0.0052,0.0052,0.0031,0.0036,0.0043,0.0048,0.0041,0.0055,0.0049,0.0059
2025-06-12,-4.271,152.203,SO,0.0002,,0.0,0.0003,0.0009,0.0027,0.0029,0.0018,0.0011,0.0042,0.0027,0.0036,0.0033,0.0025,0.0025,0.0028,0.0034,0.0034,0.0034,0.0037,0.0038,0.0033,0.0022,0.0034,0.0028,0.0041,0.0034,0.0032,0.0019,0.0005
2025-09-24,-4.271,152.203,E,,0.0024,0.002,0.0016,0.0019,0.0025,0.0034,0.0039,0.0039,0.0031,0.0022,0.0019,0.0026,0.0029,0.0034,0.0036,0.0028,0.0027,0.0026,0.0022,0.0024,0.0029,0.0025,0.0023,0.0028,0.0032,0.0042,0.0049,0.0049,0.005
2025-09-24,-4.271,152.203,N,,0.002,0.0024,0.0027,0.0033,0.0034,0.0025,0.0018,0.0015,0.0014,0.0019,0.0025,0.0031,0.0025,0.0008,0.0,0.0002,0.0014,0.0017,0.0016,0.0015,0.0012,0.001,0.0,0.0,0.0,0.0,0.0,0.0,0.0
2025-09-24,-4.271,152.203,NE,0.0025,0.0025,0.0026,0.0019,0.0014,0.0011,0.0018,0.0027,0.0032,0.0033,0.0033,0.0026,0.0017,0.0024,0.0022,0.0024,0.0026,0.0032,0.0034,0.0035,0.0027,0.0024,0.0014,0.0013,0.0007,0.0011,0.0006,0.0,1e-04,0.0006
2025-09-24,-4.271,152.203,NO,0.0025,0.0012,0.0011,0.0012,0.0023,0.0031,0.0031,0.0031,0.0035,0.0035,0.0035,0.0034,0.0041,0.0045,0.0055,0.0051,0.0045,0.0041,0.0038,0.0037,0.0037,0.0032,0.0028,0.0019,0.0011,1e-04,0.0002,0.0011,0.0003,0.0008
2025-09-24,-4.271,152.203,O,,0.0027,0.0026,0.0027,0.003,0.0031,0.0036,0.0044,0.0046,0.0038,0.0022,0.0021,0.003,0.0048,0.0065,0.0071,0.0065,0.0057,0.0051,0.0054,0.0052,0.0048,0.0043,0.0038,0.0033,0.0027,0.003,0.0031,0.0026,0.0024
2025-09-24,-4.271,152.203,S,,0.0038,0.0037,0.0038,0.0038,0.004,0.0047,0.005,0.005,0.0052,0.0048,0.0048,0.0042,0.0039,0.0035,0.0034,0.0039,0.0044,0.0042,0.0041,0.0029,0.0031,0.0033,0.0037,0.0031,0.0023,0.0014,0.0011,0.0014,0.0017
2025-09-24,-4.271,152.203,SE,0.0027,0.0031,0.0025,0.0034,0.0045,0.0054,0.0053,0.0052,0.0048,0.0046,0.0057,0.0056,0.0054,0.0045,0.0032,0.0034,0.0039,0.0043,0.0042,0.0038,0.0029,0.0022,0.0023,0.0021,0.0021,0.0014,0.0011,0.0016,0.0016,0.0013
2025-09-24,-4.271,152.203,SO,0.0032,,0.0044,0.0045,0.0048,0.0053,0.0061,0.0046,0.0025,0.0019,0.0041,0.0028,0.003,0.004,0.0039,0.0035,0.0035,0.004,0.004,0.0044,0.0046,0.0046,0.0037,0.0034,0.0034,0.0035,0.0039,0.004,0.0036,0.0033
2025-10-02,-4.271,152.203,E,,0.0062,0.0067,0.008,0.0086,0.0088,0.0086,0.0084,0.0097,0.0087,0.0084,0.008,0.0077,0.0078,0.0078,0.0077,0.0076,0.0074,0.0069,0.0066,0.0065,0.0053,0.0058,0.0058,0.0057,0.0055,0.0055,0.0052,0.0047,0.0052
2025-10-02,-4.271,152.203,N,,0.0078,0.0073,0.0067,0.0056,0.0045,0.0042,0.0043,0.0047,0.0045,0.0058,0.0073,0.0081,0.0086,0.0084,0.0079,0.0073,0.0071,0.0067,0.0066,0.0066,0.0065,0.0061,0.0071,0.0081,0.0084,0.0083,0.0079,0.0076,0.0076
2025-10-02,-4.271,152.203,NE,0.0065,0.0068,0.0066,0.0076,0.0099,0.0117,0.0135,0.0122,0.011,0.0086,0.0068,0.0073,0.0065,0.0069,0.0068,0.0069,0.0072,0.0071,0.0081,0.0077,0.0074,0.0064,0.0059,0.0058,0.0059,0.0069,0.0072,0.0082,0.0085,0.0089
2025-10-02,-4.271,152.203,NO,0.0071,0.0091,0.0094,0.0101,0.0095,0.0074,0.0091,0.0087,0.0078,0.0073,0.007,0.0069,0.006,0.0061,0.0052,0.005,0.0049,0.0048,0.0042,0.0029,0.0021,0.0023,0.0013,0.0,0.0,0.0,0.0,0.0,0.0,0.0
2025-10-02,-4.271,152.203,O,,0.0073,0.008,0.0086,0.0092,0.0101,0.0102,0.01,0.0098,0.0091,0.0092,0.0088,0.008,0.0068,0.0059,0.0053,0.0045,0.0042,0.0042,0.0041,0.0032,0.0024,0.0011,0.0,0.0,0.0,0.0,0.0,0.0,0.0
2025-10-02,-4.271,152.203,S,,0.0066,0.0073,0.0079,0.0081,0.0079,0.0078,0.0074,0.0075,0.0075,0.0076,0.0064,0.0062,0.0056,0.0052,0.0055,0.0061,0.0065,0.0063,0.0054,0.0047,0.004,0.0041,0.0042,0.0042,0.0042,0.003,0.0029,0.0029,0.0028
2025-10-02,-4.271,152.203,SE,0.0062,0.0066,0.0066,0.0076,0.0079,0.0078,0.007,0.0056,0.0053,0.0057,0.0051,0.0058,0.0055,0.0054,0.006,0.0064,0.0069,0.0081,0.0083,0.008,0.0085,0.0089,0.0088,0.008,0.007,0.0074,0.008,0.0073,0.0069,0.0073
2025-10-02,-4.271,152.203,SO,0.0064,,0.0065,0.0067,0.0071,0.0081,0.0073,0.0063,0.0063,0.0059,0.0058,0.0061,0.0062,0.0053,0.0044,0.0046,0.0049,0.0042,0.0029,0.0019,0.0015,0.0016,0.0023,0.0019,0.0023,0.0014,0.0005,0.0,0.0,0.0
