date,center_lat,center_long,direction,15m,45m,75m,105m,135m,165m,195m,225m,255m,285m,315m,345m,375m,405m,435m,465m,495m,525m,555m,585m,615m,645m,675m,705m,735m,765m,795m,825m,855m,885m
2000-06-15,-1.4551,29.4818,E,-0.0021,0.0007,0.0058,0.0075,0.0092,0.0058,0.0035,-1e-04,-0.002,-0.0056,-0.0045,-0.0022,-0.0014,-0.0013,-0.0007,0.0025,-0.0002,0.0018,0.0039,0.0057,0.0022,0.0036,-0.0017,-0.003,-0.0072,-0.0058,-0.0032,-0.0038,-0.0032,-0.0052
2000-06-15,-1.4551,29.4818,O,0.0093,0.0007,0.0,,,,,,,,,,,,,,,,,,,,,,,,,,,
2000-06-15,-1.4551,29.4818,S,,0.0155,0.0143,0.0095,0.0071,0.0083,0.0059,0.0049,0.0022,0.0004,0.0014,0.0055,0.003,0.004,0.006,-0.0005,0.001,0.0052,0.0044,-0.0019,-0.0016,0.0015,-0.0002,-0.0012,-0.0008,0.001,0.0037,-0.0008,-0.0034,-0.0042
2000-06-15,-1.4551,29.4818,SE,,0.007,0.0084,0.0098,0.0072,0.0088,0.0096,0.0113,0.0094,0.0089,0.007,0.0054,0.0032,-0.0036,0.0021,0.0018,-0.0013,-0.0003,-1e-04,0.0022,0.0022,-0.001,0.002,0.0045,0.0041,0.0029,0.0055,0.0008,-0.0033,-0.0018
2000-06-15,-1.4551,29.4818,SO,,0.0012,0.0006,0.0005,-0.0,-0.0,1e-04,-0.0009,-1e-04,0.0093,0.0102,0.003,0.0007,-0.001,-0.0021,-0.0033,-0.0019,0.0059,-1e-04,0.0023,-0.001,-0.0019,-0.0015,-0.002,-0.0032,-0.004,-0.0045,-0.0031,-0.0041,-0.0038
2000-09-03,-1.4537,29.485,E,0.0008,-0.0017,-0.0035,-0.0041,-0.0066,-0.005,-0.0039,-0.0071,-0.0042,-0.0033,-0.0015,-0.0009,-0.0028,0.0005,0.0,0.0018,0.0057,0.0067,0.0047,0.0035,0.0005,0.0002,0.0011,0.0006,-0.0009,-0.0008,-0.003,-0.0018,-0.0008,-0.0036
2000-09-03,-1.4537,29.485,N,-0.0201,-0.0251,-0.0222,-0.0232,-0.0221,-0.022,-0.0219,-0.0173,-0.0175,-0.0137,-0.0131,-0.0137,-0.0135,-0.0164,-0.0158,-0.0127,-0.0094,-0.005,-0.0044,-0.0034,-0.0028,0.0017,0.0071,0.0057,0.0112,0.0071,0.0078,0.009,0.0079,0.0153
2000-09-03,-1.4537,29.485,NE,,-0.0058,-0.0054,-0.0069,-0.0073,-0.0061,-0.0041,-0.0029,-0.0045,-0.0055,-0.0017,0.0004,0.0038,0.0052,0.007,0.0067,0.0057,0.0089,0.0014,-0.0025,-0.0005,0.0014,0.0022,-0.0008,-0.0028,-0.0026,-0.0032,-0.0015,-0.0039,-0.0031
2000-09-03,-1.4537,29.485,NO,,-0.0278,-0.031,-0.0287,-0.0255,-0.026,,,,,,,-0.0226,-0.0222,,,0.0015,,0.0008,0.0097,-0.0056,0.0059,0.0191,0.0232,0.0171,-0.0,-0.0191,,,
2000-09-03,-1.4537,29.485,O,0.0104,0.0044,0.0,0.0,0.0,0.0,0.0,,,,,,,,,,,,,,,,,,,,,,,0.0
2000-09-03,-1.4537,29.485,S,,0.0091,0.0103,0.0097,0.0094,0.0093,0.0079,0.0066,0.0055,0.0052,0.0059,0.007,0.0064,0.0071,0.0068,0.0068,0.0048,0.0022,0.0008,-0.0023,-0.0033,-0.003,-0.0042,-1e-04,-0.0033,-0.0038,-0.0044,-0.0052,-0.003,0.0008
2000-09-03,-1.4537,29.485,SE,,0.0088,0.0063,0.0071,0.0051,0.0089,0.0023,0.0035,0.0013,0.0021,0.0013,0.0003,1e-04,0.0003,0.002,0.0036,0.0014,0.0015,0.0014,-0.0022,-0.0008,-0.0053,-0.0005,-0.0026,0.001,-0.0006,-0.0022,-0.0009,-0.0005,-0.0009
2000-09-03,-1.4537,29.485,SO,,0.003,0.0008,0.0005,0.0006,0.0006,0.0004,0.0003,,,,,,,,,,,,,,,,-0.0003,-0.0002,-0.0002,-0.0002,-0.0005,-0.0003,-0.0003
2002-06-05,-1.4607,29.4848,E,0.0734,,,,,,,,-0.0004,-0.0031,0.0019,0.0149,0.0191,0.0201,-0.0064,0.0033,0.0041,0.0011,0.001,-0.0047,-0.0114,-0.0133,-0.0138,-0.0118,-0.0078,-0.0015,0.0071,0.0103,0.0123,0.0169
2002-06-05,-1.4607,29.4848,N,0.0692,0.0229,-0.0196,-0.0325,,,,,,,,,,,,,,,,,0.0029,-0.0052,-0.0036,0.0041,0.005,0.0042,0.0002,-0.0017,-0.006,-0.0068
2002-06-05,-1.4607,29.4848,NE,,0.038,0.0105,-0.0045,-0.0089,-0.0172,-0.019,-0.0047,-0.0165,-0.0371,-0.0407,-0.0365,-0.0028,0.0176,0.0259,0.028,0.0243,0.0213,0.0184,0.008,-0.002,-0.0062,-0.0069,-0.0046,0.002,0.0067,0.002,0.0013,0.0013,-0.0037
2002-06-05,-1.4607,29.4848,NO,,0.0938,0.0598,0.0554,0.0538,0.0432,0.0324,,,0.0112,,,,,,,,,,,,0.0014,-0.0007,0.0117,0.0063,-0.0002,0.0037,0.0019,0.0018,0.0053
2002-06-05,-1.4607,29.4848,O,,0.1307,0.1134,0.0861,0.0398,0.018,0.0047,0.0182,0.0133,0.0173,0.0148,0.0085,0.0019,-0.0026,-0.0061,-0.0066,-0.009,-0.0145,-0.0154,-0.0108,-0.0037,0.0002,1e-04,-0.0016,1e-04,0.0021,0.0038,0.0056,0.0046,0.0024
2002-06-05,-1.4607,29.4848,S,,0.148,0.122,0.064,0.0361,-0.0004,-0.0164,-0.0146,-0.0132,-0.0131,-0.0047,-0.0082,-0.0026,-0.001,0.0096,0.0171,0.0174,0.0013,0.0024,0.0021,-0.0032,-0.0038,-0.0081,-0.007,-0.0061,-0.0058,-0.0043,-0.0036,-0.0026,-0.0017
2002-06-05,-1.4607,29.4848,SE,,0.1142,,,,,,,,,,,,,,0.0014,0.007,0.0048,0.0005,0.0005,-0.0,-0.0,-0.0076,0.0014,-0.0034,-0.002,-0.0003,0.0038,0.0036,0.0032
2002-06-05,-1.4607,29.4848,SO,0.0968,0.0674,0.0457,-0.0239,-0.0632,-0.0713,-0.0649,-0.0562,-0.0386,-0.0165,0.0134,0.0259,0.0529,0.023,0.0178,0.0123,0.007,0.0102,0.0015,0.0042,0.0027,-0.0014,-0.0007,-0.0145,-0.0163,-0.0196,-0.0126,-0.008,-0.0055,-0.0023
2003-01-31,-1.4608,29.4845,E,0.0936,0.0987,0.0643,0.0629,0.0751,0.0702,0.0532,0.0349,0.0214,0.0005,-0.0018,-0.0043,-0.0139,-0.0131,-0.0164,-0.0156,-0.0116,-0.0083,-0.0045,-0.0034,-0.0037,-0.0056,-0.0044,-0.0046,-0.0014,0.003,0.0056,0.0039,0.0055,0.0116
2003-01-31,-1.4608,29.4845,N,0.0995,0.0671,0.0368,0.0096,-0.0355,-0.0377,-0.0364,-0.0363,-0.0386,-0.039,-0.0404,-0.0401,,,,,,,,,,0.0589,0.0513,0.0428,0.0377,0.0263,0.0089,0.0106,-0.0016,-0.0065
2003-01-31,-1.4608,29.4845,NE,,0.0656,0.0602,0.0552,0.0509,0.0464,0.0492,0.0592,0.0294,0.0176,0.0149,0.0052,0.0017,0.0069,-0.0111,-0.0166,-0.0215,-0.0217,-0.0212,-0.0192,-0.0195,-0.0209,-0.0175,-0.0127,-0.0117,0.003,0.0004,0.0153,0.0202,0.0151
2003-01-31,-1.4608,29.4845,NO,,0.0275,0.009,-0.0072,-0.0262,-0.0348,-0.027,-0.0222,-0.021,-0.0148,-0.0486,-0.0018,0.0111,,,,,0.0145,0.0184,0.008,0.0085,0.0046,-0.0036,-0.001,0.0013,0.0013,0.0003,-0.002,-0.0043,-0.0074
2003-01-31,-1.4608,29.4845,O,,0.0426,0.0317,0.0204,0.0032,-0.0079,-0.0315,-0.0398,-0.0416,-0.0373,-0.0234,-0.0184,-0.0099,-0.0034,-0.0003,0.0139,0.0197,0.0219,0.0226,0.014,0.0052,-0.008,0.0135,0.0144,0.0189,0.0218,0.0245,0.0214,0.021,0.0223
2003-01-31,-1.4608,29.4845,S,,0.0632,0.0179,0.0166,0.0084,-0.009,-0.0146,0.0022,0.0252,0.0439,0.0426,0.0383,0.034,0.0165,0.0252,0.0214,0.0167,-0.0051,-0.0248,-0.0263,-0.0279,-0.0243,-0.0229,-0.02,-0.0166,-0.0123,-0.0095,-0.0063,-0.0,0.005
2003-01-31,-1.4608,29.4845,SE,,0.1118,0.0957,0.0759,0.0699,0.0562,0.0372,0.0169,0.0055,0.0013,-0.0033,0.0004,0.0022,0.0043,0.0002,0.0005,-0.0009,-0.0031,-0.0042,-0.0069,-0.0043,-0.0048,-0.0055,-0.0051,-0.0042,-0.0029,0.0018,0.002,0.0064,0.009
2003-01-31,-1.4608,29.4845,SO,0.0192,-0.0113,-0.0255,-0.0299,-0.0298,-0.0238,-0.0284,-0.0178,-0.0035,0.0176,0.0363,0.0238,0.0297,0.0292,0.0269,0.0014,0.0021,-0.0046,-0.0162,-0.0155,-0.0154,-0.0038,-0.0067,-0.0013,0.0027,0.0024,-0.0112,-0.0073,-0.0026,0.0047
2003-07-26,-1.4575,29.4856,E,0.0588,0.0276,0.027,0.0262,0.0259,0.0245,0.0173,0.0093,0.0091,0.0036,-0.0003,-0.0048,-0.002,-0.0025,-0.0051,-0.0039,-0.0024,-0.0016,,,-0.0005,-0.0019,-0.0007,-0.0006,0.0016,0.0019,0.0016,0.0047,0.0044,-0.0003
2003-07-26,-1.4575,29.4856,N,0.0189,-0.0033,-0.0014,-0.0024,-0.0107,-0.0095,0.0066,0.0074,0.0025,-0.0019,-0.0012,0.0072,0.0079,-0.0064,-0.0133,-0.0123,-0.0015,-1e-04,0.005,0.0063,0.0036,0.0036,0.0024,-0.0014,-0.004,-0.003,0.0023,-0.0014,-0.0049,-0.0038
2003-07-26,-1.4575,29.4856,NE,,0.0065,0.0081,0.0139,0.0084,0.0081,0.0097,0.0093,0.0058,0.0007,-0.0024,-0.0084,-0.0116,-0.015,-0.0133,-0.0112,-0.0152,-0.004,-0.0043,0.0039,0.0014,0.0062,-0.0018,-0.0017,-0.0023,0.0029,0.0043,0.0025,0.0031,0.0041
2003-07-26,-1.4575,29.4856,NO,,0.0775,0.0405,0.0252,0.0113,0.01,0.0,0.0,0.0,,,,,,,,,,,,,,,,,,,,,
2003-07-26,-1.4575,29.4856,O,,0.082,0.0618,0.0504,,,,,,,,,,,,,,,,,,,,,,,,,,
2003-07-26,-1.4575,29.4856,S,,0.0769,0.0701,0.0366,0.0276,0.0187,0.011,0.0043,0.002,0.0018,0.0025,-0.002,-0.0021,-0.0024,0.0063,0.0019,0.0004,-0.0035,-0.0041,-0.004,-0.0042,-0.0041,-0.0042,-0.0045,-0.0049,-0.0017,0.0023,0.0064,0.0111,0.0093
2003-07-26,-1.4575,29.4856,SE,,0.0697,0.0392,0.0365,0.0339,0.0322,0.0286,0.0189,0.0165,0.0112,0.0076,-0.0003,-0.001,-0.0048,-0.0062,-0.0044,-0.0029,0.0023,0.0058,0.0014,-0.0071,0.0025,-0.0064,0.0035,0.0016,-0.0005,0.0035,-0.0003,0.006,0.0047
2003-07-26,-1.4575,29.4856,SO,0.0692,0.064,0.0528,0.0369,0.0088,0.0028,-0.0019,-0.0045,0.0043,-0.0003,-0.006,-0.0021,0.0059,0.0091,,,,,,,,,,,,,,,,
2004-07-12,-1.4553,29.4885,E,0.0584,0.0331,0.0142,0.013,0.0085,0.0079,0.0007,-0.0016,0.0007,-1e-04,0.0023,0.0009,1e-04,0.0007,0.0047,0.005,0.0096,,,-0.006,-0.0047,-0.0014,0.0009,0.0022,-0.0017,-0.0004,-0.0007,-0.0013,-0.0022,0.0018
2004-07-12,-1.4553,29.4885,N,0.047,0.0516,0.0373,0.0229,0.0212,0.0135,0.0041,0.0133,0.0116,0.0051,0.0017,-0.0029,-0.0017,0.0008,-0.0037,-0.0106,-0.0085,-0.0047,-0.0073,-0.0027,-0.001,-0.0026,-0.005,-0.002,-0.0012,0.0009,0.0017,0.0021,0.004,0.0025
2004-07-12,-1.4553,29.4885,NE,,0.0194,0.0186,0.0036,0.0041,0.0048,0.0016,0.0022,0.0041,-0.0004,-0.0008,-0.0075,-0.0087,-0.0115,-0.0082,-0.0054,0.0016,0.0023,0.0053,0.0077,0.0033,0.0018,0.0004,0.0008,0.0007,0.0005,0.0009,-0.003,-0.0074,-0.0111
2004-07-12,-1.4553,29.4885,NO,,0.0435,0.0482,0.0301,0.0091,-0.0025,-0.0148,-0.0113,0.0057,0.0019,-0.0029,0.0029,0.0054,0.0076,0.0034,1e-04,-0.0051,-0.0033,-0.0017,-0.0115,-0.0095,-0.0023,-0.0046,-0.0033,-0.0048,-1e-04,0.0056,0.0053,0.0036,-0.0007
2004-07-12,-1.4553,29.4885,O,0.0049,-0.0228,,,,,,,,,,,,,,,,,,,,,,,,,-0.0199,-0.0079,0.0026,0.0036
2004-07-12,-1.4553,29.4885,S,,0.0377,0.02,0.0153,0.0157,0.0098,0.0146,0.0107,0.0012,-0.0022,-0.0031,-0.0017,-0.0035,-0.0031,,,,,,,,,,,,,,,,
2004-07-12,-1.4553,29.4885,SE,,0.0421,0.0232,0.0209,0.0189,0.0147,0.0131,0.0088,0.0047,-0.001,-0.0014,-0.0022,-0.0021,-0.002,-0.0019,0.0041,0.0011,-0.0006,-0.0014,-0.0013,-0.0014,-0.0014,-0.0014,-0.0012,-0.0011,-0.0009,-0.0005,-0.0004,0.0015,0.0041
2004-07-12,-1.4553,29.4885,SO,,0.0497,0.0312,0.0267,,0.0226,,,,,,,,,,,,,,,,,,,,,,,,
2005-02-21,-1.4608,29.4845,E,0.1436,0.1358,0.0871,0.0831,0.0913,0.1094,0.0815,,,0.0154,0.0054,-0.0078,-0.0142,-0.0096,-0.0065,-0.0023,1e-04,-0.0016,-0.001,-0.0053,-0.0077,-0.0073,-0.0112,-0.0052,-0.0054,-0.0003,0.0039,0.0066,0.0091,0.0135
2005-02-21,-1.4608,29.4845,N,0.0842,0.0417,-0.0078,-0.0405,-0.1052,-0.0974,,-0.1103,-0.1148,-0.1107,,,,,,,,,,,,0.0179,0.0107,0.0085,0.0058,0.0048,0.0085,0.0077,-0.0006,-0.0027
2005-02-21,-1.4608,29.4845,NE,,0.105,0.0775,0.0594,0.0505,0.0547,0.0256,-0.009,-0.0508,-0.0505,0.0354,0.0187,0.0127,0.0118,-0.0101,-0.0089,-0.0136,-0.0168,-0.0142,-0.0153,-0.0217,-0.0201,-0.0174,-0.0142,-0.0105,0.0138,0.0083,0.0196,0.0204,0.0184
2005-02-21,-1.4608,29.4845,NO,,0.0807,0.0368,0.0048,-0.0173,-0.0232,-0.0153,-0.0152,-0.014,-0.0132,-0.0086,-0.0005,-0.0053,,,,,-0.0079,0.0066,0.0029,0.0103,0.0048,0.0115,0.0148,0.0091,0.0023,-0.0017,-0.0068,-0.005,0.0052
2005-02-21,-1.4608,29.4845,O,,0.1042,0.082,0.0338,0.0089,-0.0074,-0.024,-0.0281,-0.0368,-0.0286,-0.0197,-0.0102,-0.0097,-0.0053,-0.0054,0.0038,0.0074,0.0127,0.018,0.0164,0.0154,0.0135,0.0132,0.0163,0.0317,0.0358,,-0.0224,-0.0091,-0.0046
2005-02-21,-1.4608,29.4845,S,,0.1103,0.0475,0.0254,0.0053,-0.0102,-0.0223,-0.0134,0.0244,0.0555,0.0539,0.0463,0.0416,0.0108,0.025,0.0175,0.0046,-0.0124,-0.0278,-0.0355,-0.0312,-0.0255,-0.0239,-0.0209,-0.0159,-0.0122,-0.0078,-0.0021,0.0039,0.0092
2005-02-21,-1.4608,29.4845,SE,,0.152,0.1226,0.094,0.0806,0.0687,0.0479,0.0265,0.011,0.0108,0.0037,-0.0022,-0.0016,0.0016,-0.0037,-0.0016,0.0016,-0.0005,-0.0043,-0.0072,-0.0073,-0.0056,-0.005,-0.0039,-0.0029,-0.0006,0.0018,0.0035,0.0056,0.0072
2005-02-21,-1.4608,29.4845,SO,0.0748,0.0338,0.0034,-0.0136,-0.0269,-0.0176,-0.0236,-0.0054,0.0189,0.039,0.0475,0.0438,0.0491,0.0326,0.0183,-0.003,-0.0041,-0.0012,-0.0131,-0.0136,-0.0077,-0.0008,-0.0044,-0.0081,-0.0086,-0.014,-0.011,-0.003,0.0083,0.0161
2005-06-13,-1.4575,29.4858,E,0.0879,0.0566,0.0451,0.0357,0.0257,0.014,0.0139,0.0084,0.0138,0.0043,0.0018,0.001,-0.0018,0.0008,-0.0028,-0.0074,-0.0024,-0.004,0.0045,-0.0029,0.0025,0.0061,0.0028,-0.0008,-0.0091,-0.0207,0.0082,0.0087,0.0041,0.0022
2005-06-13,-1.4575,29.4858,N,0.0535,0.0577,0.053,0.0314,0.0179,0.0244,-1e-04,0.0009,,,,,,,,0.0216,0.0023,0.0029,0.0141,0.0121,-0.002,-0.0013,0.0033,0.0039,0.0045,0.0079,0.0062,-0.0093,,-0.0189
2005-06-13,-1.4575,29.4858,NE,,0.0335,0.0447,0.0296,0.0153,0.0144,0.0114,0.0054,0.0011,-0.0048,-0.0093,-0.0151,-0.0056,0.0018,-0.0136,-0.0144,-0.0174,-0.0137,-0.0018,0.0071,0.0089,0.006,0.0065,0.0043,0.0013,0.0046,0.0086,0.0075,0.0028,-0.0083
2005-06-13,-1.4575,29.4858,NO,,0.0816,0.0628,0.0388,0.0186,0.0169,,,,,,,,,,,,,,,,,,,0.0038,0.003,0.0015,0.0009,0.0043,0.0003
2005-06-13,-1.4575,29.4858,O,,-0.0735,-0.1082,-0.1433,-0.1328,,,,,,,,,,,,,,,,,,,,,,,,,
2005-06-13,-1.4575,29.4858,S,,0.0338,,0.0292,,,,,,0.025,0.0155,0.0136,0.0102,0.0049,,0.0074,0.0011,-0.002,-0.0011,-0.0009,-0.0051,-0.0052,-0.0043,-0.0041,-0.0034,-0.0028,-0.0025,-0.0022,-0.0,0.0041
2005-06-13,-1.4575,29.4858,SE,,,,,-0.0022,-0.0038,0.0062,0.0064,0.0122,0.0052,-0.0021,0.0005,-0.0066,-0.0071,-0.0053,-0.0009,0.0018,0.0029,0.0029,0.0025,-0.0034,0.0002,-0.0012,0.0002,0.0005,0.0012,0.0037,0.0041,0.0076,0.0037
2005-06-13,-1.4575,29.4858,SO,0.0962,0.0718,0.0652,0.0704,,,,,,,,,,,,0.0372,,,-0.0056,-0.0106,-0.0189,-0.0208,-0.0217,0.0292,0.0464,0.0294,0.0077,-0.0175,-0.0272,-0.0276
2005-07-15,-1.4607,29.4848,E,0.053,0.0402,0.011,-0.0107,-0.0108,-0.0061,-0.0127,-0.0112,-0.0267,-0.0255,0.0009,-0.01,0.009,-1e-04,0.0056,0.0149,0.013,0.0108,0.0092,-0.0056,-0.0089,-0.0066,-0.0104,-0.0244,-0.0251,-0.019,0.0036,0.0069,0.0086,0.0146
2005-07-15,-1.4607,29.4848,N,0.1162,0.0778,0.0418,0.0064,0.0008,0.0007,0.0009,0.0006,0.0002,-0.0,1e-04,-0.0,,,,,,,,,,,,,,0.0011,-0.0031,-0.0021,0.0019,0.0118
2005-07-15,-1.4607,29.4848,NE,,0.0326,0.0287,0.0195,0.006,-0.0016,-0.024,-0.0232,-0.0326,-0.0382,-0.0386,-0.0263,0.0059,0.0182,0.0237,0.0328,0.036,0.0317,0.022,0.02,0.0061,0.0093,0.0133,-0.0206,-0.0136,-0.0085,-0.0264,-0.026,0.0131,0.0224
2005-07-15,-1.4607,29.4848,NO,,0.1196,0.0698,,,,,,,,,,,,,,,,,,,,,,,0.0062,,,,
2005-07-15,-1.4607,29.4848,O,,0.1541,,,,,,,,,,,,,,,,,,,,,,,,,,,,
2005-07-15,-1.4607,29.4848,S,,0.1245,,,,,,,,,,,,,,,,,0.0176,0.0165,0.0168,0.0068,-0.0005,-0.0039,-0.0038,-0.0035,-0.0026,-0.0028,-0.0026,-0.0023
2005-07-15,-1.4607,29.4848,SE,,0.0797,0.0603,0.028,0.0467,0.0525,0.0487,0.0272,0.0122,0.0029,-0.002,-0.0074,-0.0075,-0.0067,-0.001,-0.0006,-0.0011,0.0023,0.0022,0.0008,1e-04,-0.0,-0.0034,0.0022,-0.006,-0.0039,0.0016,0.0034,0.0012,0.0049
2005-07-15,-1.4607,29.4848,SO,0.1564,,,,,,,,,,,,,,,,,,,,,,,,,,,,,
2006-07-02,-1.4597,29.484,E,0.0552,0.047,0.0265,0.0172,0.0119,0.009,0.0055,0.0034,-0.0056,-0.0026,0.0036,0.0022,0.0025,0.0065,0.0056,0.0006,0.0,0.0018,0.0027,-0.0033,-0.004,-0.0041,-0.0021,-0.0018,0.0002,0.0061,0.0054,-0.0006,0.005,-0.0005
2006-07-02,-1.4597,29.484,N,0.0424,0.0311,0.0236,0.0257,0.0103,-0.002,-0.0036,-0.0176,-0.0337,-0.0328,-0.0293,-0.0218,,,,,,,,,,,0.0247,0.0288,0.0246,0.0217,0.0178,0.009,0.0043,-0.0043
2006-07-02,-1.4597,29.484,NE,,0.013,0.0054,-0.009,-0.0125,-0.0034,-0.0028,-0.0024,0.0047,-0.0234,-0.0212,-0.0038,0.0049,0.0086,-0.0069,-0.0055,-0.0085,-0.008,-0.006,-0.006,-0.0016,0.0028,0.0023,0.0082,0.0096,0.0143,0.0249,0.0225,0.0225,0.0222
2006-07-02,-1.4597,29.484,NO,,-0.2151,-0.185,-0.1729,,,,,,,,,,,,,,,,,,,,,,,,,,0.0057
2006-07-02,-1.4597,29.484,O,,0.0646,,,,,,,,,,0.0145,,0.0236,,,-0.0005,-0.005,-0.0044,-0.0031,-0.004,-0.0046,-0.0029,0.0012,0.0021,0.0073,,,,
2006-07-02,-1.4597,29.484,S,,0.062,0.0469,0.0345,0.0266,0.0239,0.0288,0.0249,0.0225,0.019,0.0171,0.0104,0.007,0.0054,0.0033,0.0004,0.0003,-0.004,-0.0037,-0.0025,-0.0068,-0.0127,-0.0063,-0.003,-0.0088,-0.0093,-0.0085,-0.0081,-0.0053,-0.0053
2006-07-02,-1.4597,29.484,SE,,0.0442,0.0355,0.0245,0.0154,0.0063,0.0057,0.0005,0.0006,0.0037,0.0095,0.0106,0.0077,0.0004,-0.0021,0.0017,-0.0083,-0.0059,-0.0045,-0.0031,0.0014,0.0036,0.0033,0.0078,0.0024,0.0021,0.001,0.0023,-0.0,-0.0006
2006-07-02,-1.4597,29.484,SO,0.0268,0.0226,0.0059,,-0.0287,-0.0409,,,,,,,,,0.014,0.0221,0.0139,0.0087,0.0029,0.0043,0.0095,0.0043,-0.0048,-0.008,-0.0034,-0.0066,-0.0027,0.0012,0.0035,0.0066
2006-08-19,-1.4608,29.4845,E,0.1043,0.0967,0.0495,0.0495,0.0465,0.0325,0.0087,0.0032,-0.0055,-0.0167,-0.004,-0.0099,0.0002,0.0058,-0.0093,-0.0085,,0.0077,0.0106,-0.0007,-0.0045,-0.006,-0.0106,-0.0064,-0.0045,-0.0038,-0.0028,0.0035,0.0033,0.0085
2006-08-19,-1.4608,29.4845,N,0.1893,0.1349,0.083,0.0536,-0.0066,-0.0206,-0.0193,-0.0184,-0.0246,-0.0258,-0.0281,-0.0258,,,,,,,,,,0.0836,0.0726,0.0396,0.0293,0.0249,0.021,0.006,-0.0067,-0.0313
2006-08-19,-1.4608,29.4845,NE,,0.0817,0.0586,0.0452,0.0307,0.0111,0.0056,0.0073,-0.0244,-0.031,-0.0347,-0.026,-0.0025,0.0044,0.0217,,,,0.0038,0.0035,-0.0054,-0.0094,-0.0002,0.006,-0.0029,0.0142,0.005,0.0199,0.0093,-0.0012
2006-08-19,-1.4608,29.4845,NO,,0.1356,0.0936,0.0652,0.0451,0.0404,0.0236,0.0357,0.0252,0.0009,-0.0263,-0.0124,-0.0206,,,,,-0.029,-0.0065,0.0062,0.0038,0.0033,-0.0057,0.0004,-0.0029,-0.0054,0.0029,0.0045,0.006,0.0099
2006-08-19,-1.4608,29.4845,O,,0.1572,0.1309,0.079,0.0363,0.0009,-0.0124,0.0032,0.0029,0.0025,0.0009,-0.0078,-0.0085,-0.0042,-0.0129,-0.0082,-0.0034,-0.0067,,-0.0007,0.0047,0.0061,0.0072,0.0064,0.0103,0.0117,0.0125,0.0117,0.0065,0.002
2006-08-19,-1.4608,29.4845,S,,0.136,0.0741,0.032,-0.0093,-0.024,-0.0399,-0.0352,-0.0095,0.0115,0.007,0.0091,0.0127,0.0155,0.0148,0.0198,0.0141,-0.0002,-0.0114,-0.0139,-0.0108,-0.0158,-0.0139,-0.0117,-0.0092,-0.0081,-0.0031,-0.0017,0.002,0.0036
2006-08-19,-1.4608,29.4845,SE,,0.1293,0.1082,0.0847,0.0758,0.0572,0.0374,0.0174,0.0026,0.0052,-0.0013,-0.002,-0.0014,0.0036,0.0013,0.0021,0.0023,-0.0038,-0.008,-0.0064,-0.007,-0.0047,-0.0075,-0.0015,-0.0049,0.0023,0.0003,0.004,0.0036,0.0062
2006-08-19,-1.4608,29.4845,SO,0.1051,0.0533,0.0169,-0.0459,-0.0647,-0.0809,-0.0736,-0.0473,-0.0171,0.0079,0.0369,0.0337,0.0318,0.0344,0.0249,0.0109,0.0026,0.0068,0.0027,0.0023,-0.0059,-0.0066,-0.0085,-0.0092,-0.0106,-0.0082,-0.0091,-0.0017,-0.0002,0.0053
2008-02-14,-1.4607,29.4848,E,0.1026,0.1025,0.0649,0.0602,0.0637,0.0647,0.05,0.0429,0.0202,0.0022,0.0047,-0.0173,-0.0069,-0.0133,-0.0136,-0.0102,-0.0055,-0.0066,-0.0069,-0.0065,-0.0044,-0.0042,-0.0038,-0.0023,-0.0003,0.0014,0.0007,0.0022,0.0082,0.0157
2008-02-14,-1.4607,29.4848,N,0.0621,0.026,-0.0197,-0.0494,-0.0505,-0.0475,-0.0471,-0.0483,-0.0505,-0.0532,-0.052,-0.051,,,,,,,,,0.0399,0.0336,0.0301,0.0216,0.0224,0.021,0.013,0.0049,-0.0062,-0.013
2008-02-14,-1.4607,29.4848,NE,,0.0586,0.0445,0.0375,0.0358,0.0264,0.0137,0.0208,0.0172,0.0143,0.009,0.0058,0.0062,0.001,-0.0044,-0.0069,-0.012,-0.0181,-0.0181,-0.0206,-0.0182,-0.0187,-0.0199,-0.0049,-0.0073,0.006,0.0036,0.0148,0.0208,0.0235
2008-02-14,-1.4607,29.4848,NO,,,,,,-0.0149,-0.0125,-0.0101,-0.019,-0.0093,,,,,,,,0.0057,0.011,0.01,0.0143,0.0046,0.004,0.0039,0.004,-0.0053,-0.0057,-0.0053,0.0022,0.0052
2008-02-14,-1.4607,29.4848,O,,,,,0.0006,-0.0044,-0.0234,-0.0235,-0.0281,-0.0182,-0.0085,-0.0083,-0.0132,-0.0125,-0.0079,0.0044,0.0117,0.0125,0.0152,0.0143,0.011,0.0102,0.0083,0.0067,0.0101,0.0102,0.0105,0.012,0.0116,0.0123
2008-02-14,-1.4607,29.4848,S,,0.0896,0.0789,0.0346,0.0308,0.0166,-0.0007,0.0011,0.0012,0.0162,0.0264,0.0189,0.0057,-0.0076,-0.006,0.0022,-0.0,0.0035,-0.0148,-0.0068,-0.0203,-0.0175,-0.0175,-0.0193,-0.016,-0.0148,-0.013,-0.0091,-0.0073,-0.0037
2008-02-14,-1.4607,29.4848,SE,,0.1082,0.1122,0.0717,0.0728,0.0652,0.049,0.0255,0.007,-0.0041,-0.007,-0.0019,-0.0029,-0.0009,0.0028,0.0014,0.0008,0.0009,-0.001,-0.0017,-0.0047,-0.0052,-0.0041,-0.0022,-0.001,0.0007,0.0017,0.0027,0.0058,0.0081
2008-02-14,-1.4607,29.4848,SO,0.0499,,,,-0.0271,-0.0242,-0.0278,-0.0142,-0.0044,0.0033,0.0212,0.0304,0.0359,0.0311,0.0219,-0.0019,-0.0032,-0.0003,-0.0024,0.0042,0.0039,0.0045,0.0057,-0.0037,-0.0095,-0.0058,-0.0082,-0.0068,-0.005,0.0002
2008-08-24,-1.4537,29.4858,E,0.0187,0.0159,0.0088,0.0063,0.003,0.0024,-0.0015,-1e-04,-0.002,-0.0046,-0.0003,-0.0012,0.0014,0.0045,0.0109,0.0104,0.0093,0.0112,0.0054,0.0014,-0.005,-0.0075,-0.003,-0.0051,,,,,,
2008-08-24,-1.4537,29.4858,N,0.0103,0.0107,0.0063,0.0059,0.0055,0.0029,0.002,0.0007,-0.0029,-0.0012,-0.0016,-0.0012,-0.0005,0.0005,0.0002,,,,,,,,,,,,,,,
2008-08-24,-1.4537,29.4858,NE,,0.0277,0.0249,0.0169,0.013,0.0081,0.0073,0.0084,0.0072,0.0022,-0.0025,-0.0019,0.0106,0.0081,0.0084,0.0103,0.0089,-0.0084,-0.0167,,,,,,,,,,,
2008-08-24,-1.4537,29.4858,NO,,0.0147,0.0102,0.0105,,,,,,,,,,,,,,,,,,,,,,,,,,
2008-08-24,-1.4537,29.4858,O,0.0153,0.0109,0.0004,,,,,,,,,,,,,,,,,,,,,,,,,,,
2008-08-24,-1.4537,29.4858,S,,0.0127,0.006,,,,,,,,,,,,,,,,,,,,,,,,,,,
2008-08-24,-1.4537,29.4858,SE,,0.0014,-0.0012,-0.0019,-0.002,-0.0101,,-0.0147,-0.0156,-0.0166,-0.0176,-0.0155,0.0094,0.0072,-0.0017,0.0043,-0.0024,0.0003,0.0049,0.0076,0.0033,0.005,0.0023,,,,,,,
2008-08-24,-1.4537,29.4858,SO,,0.0073,0.0,,,,,,,,,,,,,,,,,,,,,,,,,,,
2008-12-14,-1.4607,29.4848,E,0.0635,,,,,,,,,,,,,,,,,,,,,,,,,,,,,
2008-12-14,-1.4607,29.4848,N,-0.0099,-0.0359,,,,,,,,,,,,,,,,,,,,,,-0.0055,-0.0011,-0.0012,-0.0021,-0.0051,-0.0027,-0.0058
2008-12-14,-1.4607,29.4848,NE,,0.043,0.0153,,,,,,,,,,,,,,,,,,,,,,,,,,,
2008-12-14,-1.4607,29.4848,NO,,-0.0252,-0.0392,-0.0256,-0.0547,-0.0345,-0.0273,-0.0227,-0.0176,-0.0083,,,,,,,,0.0164,0.021,0.0204,0.0136,0.0087,0.0043,0.0092,0.0086,-0.0075,-0.0168,-0.0068,-0.0012,-0.0047
2008-12-14,-1.4607,29.4848,O,,-0.0061,-0.0005,0.0006,0.0006,-0.006,-0.0156,-0.0199,-0.0338,-0.0247,-0.0202,-0.0157,-0.0164,-0.0074,-0.003,0.0181,,0.0256,0.0124,0.0183,0.0236,0.0191,0.0196,0.0159,0.0145,0.011,0.0042,0.0064,0.0018,-0.0006
2008-12-14,-1.4607,29.4848,S,,,,,,0.0,0.0,0.0,0.0,,,,,,,,,,,,,,,,,,0.0,0.0,0.0,
2008-12-14,-1.4607,29.4848,SE,,,,,0.0168,0.0104,0.0031,0.0,0.0,0.0,,,,,,,,,,,,,,,,,,,,
2008-12-14,-1.4607,29.4848,SO,0.0414,,0.0234,0.0187,0.0138,0.0116,-0.0017,-0.0153,-0.0203,,-0.0209,-0.0206,,,,,,,,0.0079,-0.014,-0.0011,0.0124,0.0138,0.0067,-0.0109,0.0004,-0.0069,-0.0082,-0.0082
2009-08-27,-1.4567,29.484,E,0.042,0.0332,0.0272,0.0213,0.0082,0.0072,0.0082,0.0019,0.0052,0.0027,0.0082,-0.0031,-0.0059,,,,,,,,,,,-0.0036,-0.0014,0.0002,0.005,0.0032,0.0013,0.0003
2009-08-27,-1.4567,29.484,NE,,,,,0.0175,0.0112,0.0106,0.0031,-0.0047,-0.0057,,,,,,,,,,,,,,,0.0011,0.0008,0.0027,-0.0012,-0.0046,-0.005
2009-08-27,-1.4567,29.484,SE,,,,,,,,,,,,,,,,,,,,,,,,,,,-0.0045,0.0057,-0.0023,-0.0022
2009-08-27,-1.4567,29.484,SO,0.0353,,,,,,,,,,,,,,,,,,,,,,,,,,,,,
2009-09-28,-1.4608,29.4845,E,0.4839,0.4587,,,,,,,,,,,,,,,,,,,,,,,,,,,,0.0088
2009-09-28,-1.4608,29.4845,N,0.0835,0.0538,0.0327,0.0161,0.0065,0.0009,,,,,,,,,,,,,,,,,,,,,,,,
2009-09-28,-1.4608,29.4845,NE,,0.0741,0.0444,0.0304,0.0113,,,,,,,,,,,,,,,,,,,,,,,,,
2009-09-28,-1.4608,29.4845,NO,,0.0272,0.0087,-0.0055,-0.0223,-0.0266,-0.01,-0.0052,0.005,0.0034,0.0059,0.01,0.0051,,,,,-0.0052,0.0003,-0.0078,-0.012,-0.0127,-0.0174,0.0003,0.0084,0.0073,0.0096,0.0086,,
2009-09-28,-1.4608,29.4845,O,,0.0242,0.0186,0.0092,0.0014,0.0017,0.0057,0.0051,0.0097,0.0099,0.0063,0.0095,0.009,0.0067,0.0007,-0.0043,-0.0145,-0.0109,-0.0142,-0.0065,0.0012,,,,0.0426,0.0744,,,,
2009-09-28,-1.4608,29.4845,S,,0.097,0.0488,0.0475,0.0408,0.0267,,,,,,,,,,,,,,,,,,,,,,,,
2009-09-28,-1.4608,29.4845,SE,,0.1135,0.0841,0.066,0.0681,0.0555,,,,,,,,,,,,,,,,-0.0036,-0.0017,-0.0034,-0.0056,-0.0036,-0.0035,0.0033,0.0071,0.0064
2009-09-28,-1.4608,29.4845,SO,0.0544,0.0324,0.0206,0.0135,0.0052,1e-04,0.0005,0.0068,0.0104,0.0056,0.0005,-0.0071,-0.0074,-0.0049,-0.0281,,,,,,,,,,,,,,,
2010-10-01,-1.4608,29.4845,E,0.1163,0.1046,0.0675,0.0664,0.0715,0.0685,0.0508,0.032,0.0124,-0.0031,-0.0069,-0.0127,-0.0104,-0.0086,-0.0082,-0.0057,-0.0046,-0.002,-0.003,-0.0057,-0.0056,-0.0099,-0.0103,-0.0103,-0.0049,0.0006,0.0051,0.016,0.0248,0.0318
2010-10-01,-1.4608,29.4845,N,0.143,0.0924,0.0495,0.0049,-0.0485,-0.0481,-0.0467,-0.0465,-0.0481,-0.0499,-0.051,-0.0499,-0.0506,,,,,,,,,0.0756,0.0607,0.0577,0.0317,0.0288,0.0164,0.0074,-0.0051,-0.0126
2010-10-01,-1.4608,29.4845,NE,,0.0785,0.0523,0.046,0.037,0.0239,0.034,0.0383,-0.0007,-0.0071,-0.0125,-0.0156,-0.0019,0.0105,0.0065,0.0058,0.0002,1e-04,-0.0128,-0.0185,-0.0207,-0.0192,-0.0183,-0.0091,-0.0133,0.0109,0.0033,0.036,0.0316,0.0327
2010-10-01,-1.4608,29.4845,NO,,0.0629,0.0336,0.0023,-0.0457,-0.0982,-0.0155,-0.0211,-0.0108,-0.0101,-0.0128,-0.0121,-0.0159,,,,,0.0048,0.0232,0.0113,0.026,0.0145,0.0123,0.0089,0.0061,0.002,-0.0006,-0.0038,-0.003,-0.0029
2010-10-01,-1.4608,29.4845,O,,0.0982,0.0864,,,-0.0219,-0.0199,-0.0183,-0.0203,-0.0202,-0.0155,-0.0147,-0.0153,-0.0079,-0.0066,0.0016,0.0092,0.0151,0.0163,0.013,0.0108,0.0074,0.0086,0.0099,0.0079,0.0093,0.0139,0.0116,0.0112,0.0071
2010-10-01,-1.4608,29.4845,S,,0.1189,0.0667,0.0542,0.0258,-0.0019,-0.0171,0.0019,0.015,0.0326,0.0307,0.0131,0.007,0.0034,0.0067,-0.0002,-0.0087,-0.0169,-0.0252,-0.0247,-0.0218,-0.019,-0.0161,-0.0139,-0.0105,-0.0082,-0.0041,-0.0009,0.0038,0.0073
2010-10-01,-1.4608,29.4845,SE,,0.1405,0.1171,0.1071,0.1096,0.0891,0.0628,0.0354,0.0176,0.0085,0.0048,0.001,-0.0002,0.0037,0.0012,-0.0007,-0.0065,-0.0096,-0.0077,-0.0058,-0.0054,-0.0072,-0.0072,-0.0029,0.0011,-0.0009,0.0047,0.0054,0.0079,0.011
2010-10-01,-1.4608,29.4845,SO,0.0635,0.0171,-0.0177,,,,-0.056,-0.0203,0.0166,0.0284,0.0387,0.0466,0.0441,0.032,0.0264,0.0095,0.0072,0.0064,-0.0014,-0.0022,-0.001,0.0019,-0.0025,-0.0136,-0.0127,-0.0081,-0.0095,-0.0026,-0.0,0.0071
2010-12-04,-1.4553,29.4875,E,0.01,0.0032,-0.0055,-0.0057,-0.0058,-0.0053,-0.0062,-0.0064,-0.0065,-0.0058,0.0037,0.0057,0.0069,0.0041,-0.0012,,-0.0078,,-0.0082,-0.007,0.0009,0.0007,-0.009,-0.0043,-0.0045,,,,,
2010-12-04,-1.4553,29.4875,N,,,,,,-0.0182,-0.0069,-0.015,-0.0095,-0.0013,-0.0016,0.0064,0.0094,0.0033,-0.001,-0.0023,-0.0038,-0.0037,-0.0051,-0.0067,-0.0075,-0.0019,0.0016,0.0042,0.0071,0.0089,0.0091,0.0069,0.0029,-0.002
2010-12-04,-1.4553,29.4875,NE,,-0.0188,-0.0234,-0.0183,-0.0147,-0.0127,-0.013,-0.0144,-0.0112,-0.0059,-0.0005,-0.0019,-0.0023,0.0014,0.0018,0.0011,0.0037,0.0076,0.0028,0.0169,0.0183,0.0174,0.0208,0.0162,-0.0012,-0.0093,-0.0068,-0.0031,0.0124,-0.0065
2010-12-04,-1.4553,29.4875,NO,,,,,,,,,,,,,,,,,,,,,,,,,,,,,,-0.0
2010-12-04,-1.4553,29.4875,O,0.0234,0.0217,,,,,,,,,,,,,,,,,,,,,,,,,,,,
2010-12-04,-1.4553,29.4875,S,,0.0257,0.0161,,,,,,,,,,0.0021,0.0035,0.0016,0.0006,0.0016,0.0016,0.0008,-1e-04,-0.0007,0.0017,0.0039,0.0031,-0.0005,,,,,
2010-12-04,-1.4553,29.4875,SE,,0.0209,0.0077,0.0047,0.0034,,,0.0011,0.0005,-1e-04,0.0012,-1e-04,-0.0002,-0.0027,-0.003,-0.0015,0.0008,0.0044,0.0064,0.0024,0.0021,-0.0015,0.002,-0.0031,0.0151,0.0136,,,,0.0061
2010-12-04,-1.4553,29.4875,SO,,0.0174,0.0144,,,,,,,,,,,,,,,,,,,,,,,,,,,
2011-02-06,-1.4602,29.4842,E,0.0619,0.0699,0.0704,0.0642,0.0493,0.0385,0.02,0.0069,-0.0044,-0.0097,-0.0053,-0.0043,-0.0023,,-0.0041,0.0003,0.0035,0.0003,0.0012,-0.0016,-0.0053,-0.0052,-0.0103,-0.0084,-0.0006,0.0056,0.0059,0.0012,0.0098,0.0112
2011-02-06,-1.4602,29.4842,N,0.1055,0.0943,0.0772,0.0608,0.0373,0.0121,-0.0302,-0.0337,-0.0375,-0.0365,-0.0372,-0.0431,-0.0427,-0.038,,,,,,,,0.0572,0.0699,0.0569,0.0504,0.0397,0.0162,0.0067,-0.0039,-0.008
2011-02-06,-1.4602,29.4842,NE,,0.0237,0.0296,0.0421,0.0501,0.0506,0.0593,0.0368,0.0272,0.0163,0.0079,-0.0012,-0.0106,-0.0032,,-0.0307,-0.0274,-0.0236,-0.0212,-0.0212,-0.0203,-0.0142,-0.0127,-0.0106,-0.0111,-0.0025,-1e-04,0.0059,0.0208,0.0192
2011-02-06,-1.4602,29.4842,NO,,0.0622,0.0517,0.0252,0.0104,-0.0211,-0.0347,-0.039,-0.0234,-0.0069,-0.0012,-0.0287,-0.0264,0.0195,0.0231,,,,,0.0283,0.0396,0.0256,0.0443,0.0433,0.0373,-0.0071,0.022,0.017,0.0113,0.0122
2011-02-06,-1.4602,29.4842,O,,0.0666,0.0588,0.0232,0.0122,0.0144,0.0092,-0.0046,-0.0047,-0.0064,-0.0056,-0.0055,-0.007,0.0029,0.0157,0.0267,0.0252,0.0308,0.0322,0.0373,0.0441,,0.0226,0.0249,0.0131,0.0066,0.0009,-0.0134,-0.0208,
2011-02-06,-1.4602,29.4842,S,,0.0547,0.0599,0.043,0.0186,,,,,,,,,-0.002,-0.0008,-0.0002,-0.007,-0.0102,-0.0094,-0.0073,-0.0074,-0.009,-0.0098,-0.0116,-0.0068,-0.0044,-0.0029,-0.0028,-0.0007,0.0029
2011-02-06,-1.4602,29.4842,SE,,0.074,0.075,0.0626,0.0434,0.0259,0.016,0.0089,0.0028,-0.0,0.0032,0.0022,0.0071,0.0073,0.0043,0.0004,-0.0031,-0.0021,-0.0027,-0.0054,-0.0044,-0.0041,-0.0081,-0.0035,-0.0036,0.0034,-0.0057,0.0033,0.002,0.015
2011-02-06,-1.4602,29.4842,SO,0.0202,-0.0415,-0.0451,-0.0535,-0.0567,-0.0474,-0.0367,-0.0265,0.0023,0.0159,0.0144,0.009,0.0106,0.0024,0.002,-0.001,,0.0173,0.0093,0.0312,0.0151,0.0023,-0.0205,-0.0219,-0.0157,-0.0078,-0.001,0.0145,0.0234,
2011-05-13,-1.4545,29.4872,E,-0.0017,-0.012,-0.0078,-0.0089,-0.006,-0.0051,-0.0059,0.0,-0.0021,-0.0056,-0.0063,-0.0028,0.0012,-0.0104,-0.0031,0.017,0.0093,0.0078,0.0085,0.0082,0.0045,0.0027,0.0007,-0.0006,0.0008,-0.0,-0.0018,-0.0031,-0.0042,-0.0051
2011-05-13,-1.4545,29.4872,N,-0.0122,-0.0171,-0.0176,-0.0155,-0.0126,-0.0149,-0.0112,-0.0057,-0.0016,0.0028,0.0031,0.0038,0.003,0.0037,0.0015,-0.002,-0.0035,-0.001,-0.0005,-0.0018,0.0,0.001,-0.0008,-0.0014,-0.0017,0.0022,0.0003,0.0034,0.0044,0.0053
2011-05-13,-1.4545,29.4872,NE,,-0.0084,-0.0029,-0.0035,-0.0052,-0.0062,-0.0018,0.0016,-0.0025,-0.0073,0.0,0.0028,0.003,0.0053,0.0027,0.0027,-0.001,0.0004,0.0048,0.0096,0.0071,0.0069,0.0182,-0.0041,-0.0027,0.0012,0.0043,0.0013,-0.0078,-0.0184
2011-05-13,-1.4545,29.4872,NO,,-0.0098,-0.0145,-0.0145,-0.0125,-0.0104,-0.0096,-0.0041,-0.0011,-0.0096,-0.0055,0.0051,0.0111,0.0219,0.0175,0.0131,0.0106,0.0083,0.0074,0.0033,0.0076,0.0046,-0.001,-0.0015,-0.0151,0.0037,0.0018,0.0095,-0.003,-0.0027
2011-05-13,-1.4545,29.4872,O,0.0033,0.0006,-0.0057,-0.0054,-0.0046,-0.0028,-0.0032,-0.0016,0.0039,0.0034,-0.002,-0.0011,-0.0007,-0.0016,,,,,,,,-0.0082,,,,,,,,
2011-05-13,-1.4545,29.4872,S,,0.018,0.0147,0.0072,0.003,0.0013,-1e-04,-0.0023,-0.0036,-0.0051,,,,0.0032,0.0052,0.0016,0.0005,-0.0007,-0.0158,-0.0153,-0.009,-0.001,0.0095,0.0072,0.0042,0.0043,0.0024,0.0065,0.0058,0.0045
2011-05-13,-1.4545,29.4872,SE,,0.0295,0.0252,0.0207,0.0143,0.0102,0.0112,0.0112,0.003,-0.0007,0.014,0.0089,0.0092,0.0104,0.0011,0.0008,0.0031,0.0019,0.0055,-0.0056,-0.0053,-0.0025,0.004,0.0052,0.0059,0.0076,-0.001,-0.0028,-0.0021,-0.0017
2011-05-13,-1.4545,29.4872,SO,,0.0089,0.0061,1e-04,1e-04,,,,-0.0,-1e-04,-1e-04,0.0,-0.0,-0.0,0.0,-1e-04,-0.0,-1e-04,-0.0002,-0.0002,-0.0002,-1e-04,-1e-04,0.0007,,,,,,
2011-06-30,-1.4567,29.4872,E,,,0.0359,0.0245,0.0185,0.0163,0.0122,,0.0043,,,,-0.004,-0.0017,-0.0017,-1e-04,0.0024,0.0043,0.0031,0.0014,0.0025,-0.0022,-0.0038,0.0019,-0.0035,-0.0008,-0.0,0.0029,0.0027,-0.002
2011-06-30,-1.4567,29.4872,N,-0.0898,,,,,,,,,,,,,,,,,,,,,,,,,,,,-0.0039,0.0079
2011-06-30,-1.4567,29.4872,NE,,,,,,,,,,,,,,,,,,,0.0033,0.0104,0.0123,,,,,-0.0019,-0.0041,0.0046,0.0089,0.0039
2011-06-30,-1.4567,29.4872,NO,,0.0724,0.0639,,,,,,,,,,,,,,,,,,,,,,,,,,,
2011-06-30,-1.4567,29.4872,O,,0.0723,,,,,,,,,,,,,,,,,,,,,,,,,,,,
2011-06-30,-1.4567,29.4872,S,,0.058,0.0495,0.0547,0.052,0.0367,0.0319,0.0298,0.027,0.017,0.0135,0.0179,0.0157,0.0044,-0.0049,-0.0024,-0.0015,-0.0017,-0.0089,-0.0094,-0.0096,-0.0108,-0.0084,-0.0067,-0.0065,-0.0015,-0.0014,0.0051,0.0117,0.0121
2011-06-30,-1.4567,29.4872,SE,,0.0491,0.0384,0.0343,0.0327,0.0253,0.022,0.0149,0.0122,0.0041,0.0015,-0.0036,-0.0052,-0.0036,-0.005,-0.0043,-0.0048,-0.0018,0.002,-0.0011,-0.0026,0.0037,0.0046,0.0025,0.0014,-0.0035,0.0003,-0.0004,0.0016,-0.0012
2011-06-30,-1.4567,29.4872,SO,0.0731,0.0667,0.0653,0.0604,0.0449,0.0638,0.0505,0.0467,0.0423,0.0392,,-0.0148,-0.0141,-0.012,,,0.0007,-0.0025,0.002,-0.0019,0.0024,-0.0015,0.0026,0.0077,,,,,,
2011-07-16,-1.4616,29.4848,E,,,,,,,,,,,,,,,,-0.0075,-0.002,0.0042,0.0051,-0.0049,0.0061,0.0011,0.0018,0.0022,-0.0018,-0.0029,-0.0027,-0.0018,0.0027,0.0032
2011-07-16,-1.4616,29.4848,NE,,,,,,,,,,,,,,,,,,,,,,,,,,-0.0222,-0.0015,0.0015,-0.0007,-0.0217
2011-07-16,-1.4616,29.4848,O,,0.0427,0.0125,-0.0099,-0.005,-0.0006,0.0072,0.0104,0.0062,0.0008,0.0006,-0.0041,-0.008,,,-0.0012,0.0021,0.004,0.0053,0.0057,0.0072,-0.0058,-0.0042,-0.006,-0.0042,-0.0012,0.0018,0.0032,0.0051,0.0099
2011-07-16,-1.4616,29.4848,S,,0.0582,0.028,0.01,-0.0063,-0.0164,-0.0205,-0.0198,-0.0181,-0.0163,-0.0088,-0.008,0.0009,0.0036,0.0088,0.0186,0.0143,0.0057,0.0119,0.0079,0.0015,1e-04,-0.013,-0.0115,-0.0108,-0.01,-0.0087,-0.009,-0.0057,-0.0026
2011-07-16,-1.4616,29.4848,SE,,,,,0.0235,0.002,-0.0264,0.0003,-0.0216,0.0023,-0.0016,0.0063,0.0077,0.0037,0.0045,0.0034,0.003,0.0019,0.0022,0.0014,-0.0011,-0.0025,-0.0061,0.0027,-0.0076,-0.0066,-0.0016,0.0028,0.0046,0.0011
2011-07-16,-1.4616,29.4848,SO,0.0348,-0.0113,-0.0419,-0.0637,-0.0608,-0.0387,-0.0223,-0.0079,0.013,0.0068,0.0305,0.0237,0.0041,0.0107,0.0121,0.0112,0.0021,-0.0044,-0.0014,-0.001,0.0057,0.007,0.0032,-0.0145,-0.0092,-0.0111,-0.0049,0.0,0.0024,0.0086
2011-08-01,-1.4537,29.4839,E,-0.0045,-0.0073,-0.0096,-0.0114,-0.0095,-0.0075,-0.0061,-0.0073,-0.0083,,0.0041,0.0049,0.0023,-0.0035,-0.0053,0.0015,0.0042,1e-04,0.0,-0.0012,0.0,-0.0005,-0.0004,-0.0035,-0.0041,-0.0038,-0.0024,-0.003,-0.0031,-1e-04
2011-08-01,-1.4537,29.4839,N,0.0,0.0,0.0,,0.0,0.0,0.0,0.0,0.0,0.0,,,,,,,,,,,,,,,,,,,,
2011-08-01,-1.4537,29.4839,NE,,0.0112,0.0098,0.006,0.007,0.0059,0.0027,0.003,0.0049,0.0008,0.002,0.0036,-0.0018,-0.0035,-0.0025,0.0046,0.0092,0.0075,0.0057,-0.0021,-0.0087,-0.0027,,,,,,,,
2011-08-01,-1.4537,29.4839,NO,,0.0,0.0,0.0,,,,,,,,,,,,,,,,,,,,,,,,,,
2011-08-01,-1.4537,29.4839,O,0.0,,,,,,,,,,,,,,,,,,,,,,,,,,,,,
2011-08-01,-1.4537,29.4839,S,,-0.0108,-0.0111,-0.0112,-0.0117,-0.012,-0.0117,-0.0076,-0.0041,-0.0029,-0.0038,-0.0023,0.0042,0.004,0.0063,0.0081,0.0089,0.0028,0.0068,,,,,,,,,,,-0.0101
2011-08-01,-1.4537,29.4839,SE,,0.0087,0.0068,0.0048,0.0006,-0.0046,-0.0049,-0.0041,0.0028,0.0033,0.0032,-0.002,-0.0002,0.0017,0.0047,0.0049,0.0002,0.0014,-0.0011,-0.0045,-0.005,-0.0103,-0.0072,-0.0063,-0.0042,-0.003,-0.0002,-0.0015,0.0028,-0.0044
2012-02-09,-1.4608,29.4845,E,0.1389,0.1359,0.1043,0.1057,0.1069,0.1012,0.079,0.0518,0.0368,-0.0011,-0.0133,-0.0217,-0.0194,-0.0195,-0.0209,-0.0196,-0.0172,-0.0155,,-0.0195,-0.013,-0.0137,-0.0116,-0.0087,-0.0063,-0.0015,0.0037,0.0074,0.0123,0.0177
2012-02-09,-1.4608,29.4845,N,0.1327,0.079,0.0287,-0.0067,-0.0637,-0.0633,-0.0812,-0.0805,-0.0821,-0.0847,-0.0807,-0.0833,,,,,,,,,,0.0804,0.0703,0.0577,0.0412,0.0299,0.0194,0.0074,-0.0075,-0.0146
2012-02-09,-1.4608,29.4845,NE,,0.0861,0.0694,0.0572,0.0507,0.0422,0.0429,0.0442,0.0121,-0.0005,-0.0034,-0.0098,-0.0042,-0.0016,-0.0263,-0.0239,-0.0274,-0.0261,-0.0231,-0.0092,-0.016,-0.0366,-0.0276,-0.0236,-0.0219,0.0146,-0.0191,0.0062,0.0122,0.0021
2012-02-09,-1.4608,29.4845,NO,,0.0735,0.0425,0.009,-0.0209,-0.0293,-0.0409,-0.0286,-0.0174,-0.0151,-0.0086,-0.0003,0.0039,,,,,,,0.0198,0.0208,0.0092,0.0016,0.0057,0.0055,0.0052,-0.0015,-0.0038,0.0022,0.01
2012-02-09,-1.4608,29.4845,O,,0.1011,0.083,0.0561,0.0232,0.0084,-0.0192,-0.0348,-0.0498,-0.0457,-0.0368,-0.0189,-0.0153,0.0083,,,-0.0192,0.0182,0.0262,0.0138,0.0156,0.0161,0.0164,0.0158,0.0181,0.0181,0.0167,0.013,0.0093,0.0097
2012-02-09,-1.4608,29.4845,S,,0.1054,0.0497,0.0455,0.0234,0.0059,-0.0002,0.0125,0.0403,0.0725,0.0658,0.0622,0.05,0.0144,0.0345,0.022,0.0096,-0.0118,-0.0367,-0.044,-0.039,-0.0318,-0.0305,-0.0284,-0.0224,-0.0177,-0.0112,-0.0053,0.0022,0.0095
2012-02-09,-1.4608,29.4845,SE,,0.1604,0.1486,0.1341,0.1219,0.1022,0.0752,0.0485,0.0196,0.0033,-1e-04,-0.0014,-0.0043,-0.0007,-0.003,-0.003,-0.0016,-0.0051,-0.0082,-0.0072,-0.0076,-0.007,-0.0051,-0.0036,-0.0021,-1e-04,0.0032,0.0064,0.0073,0.0106
2012-02-09,-1.4608,29.4845,SO,0.0561,0.023,0.0031,-0.0008,-0.0159,-0.0161,-0.0239,-0.0072,0.0195,0.0318,0.0359,0.0371,0.0374,0.0279,0.0204,0.0089,0.0079,0.006,-0.013,-0.0049,-0.0008,-0.0072,-0.0121,-0.0066,0.0027,-0.0016,-0.0057,-0.0043,0.0004,0.0095
2012-03-28,-1.4607,29.4848,E,0.0712,0.0663,0.0171,0.0115,,,-0.0272,-0.0023,0.0142,0.0112,0.0257,0.021,0.0083,-0.0012,-0.0056,-0.0002,0.0045,-0.0025,-0.0023,-0.0035,0.0002,-0.0006,0.0008,-1e-04,-0.0025,-0.0011,-0.0002,0.004,0.0052,0.0069
2012-03-28,-1.4607,29.4848,N,0.0319,-0.0039,-0.0212,-0.0413,-0.0547,-0.052,-0.0517,-0.0537,-0.0555,,,,,,,,,,,,0.0135,0.0071,0.0082,0.0121,0.0169,0.0135,0.0067,-0.001,-0.0056,-0.0066
2012-03-28,-1.4607,29.4848,NE,,0.0454,0.0258,0.0109,-0.0098,,0.0058,0.01,-0.0131,-0.0063,-0.0061,-0.0077,0.0016,0.0025,-0.0035,0.0066,0.0112,0.0111,0.0005,-0.0113,-0.0261,-0.0116,-0.0071,-0.0004,-0.0036,-0.011,-0.0051,0.0058,0.0214,0.0196
2012-03-28,-1.4607,29.4848,NO,,0.0149,-0.0142,-0.029,-0.0462,-0.0189,-0.0097,-0.0351,-0.0022,-0.0022,,,,,,,,0.0078,0.0255,0.0157,0.0107,0.0009,0.0008,0.0021,0.0019,0.0015,-0.0031,-1e-04,0.0057,0.0076
2012-03-28,-1.4607,29.4848,O,,0.0554,0.0497,0.0387,0.0221,0.0071,-0.0032,-0.0031,-0.0133,-0.0136,-0.0086,-0.0041,-0.0007,-0.0006,-0.0018,-0.0023,0.0017,0.0048,0.0025,0.0014,0.004,0.0038,0.0049,0.0091,0.0098,0.0093,0.0089,0.0123,0.0093,-0.0354
2012-03-28,-1.4607,29.4848,S,,0.0811,0.0772,0.0277,0.0139,0.0009,-0.0194,-0.017,-0.0152,-0.0056,0.0089,0.004,0.0011,0.0071,0.0141,0.0092,0.0049,-1e-04,-0.007,-0.0121,0.0035,-0.0011,-0.0091,-0.008,-0.0066,-0.0058,-0.0056,-0.0041,-0.0032,-0.0018
2012-03-28,-1.4607,29.4848,SE,,0.1064,0.1018,0.0558,0.0583,,,,,,,,,,,,,,,,,,,0.0043,0.0033,-0.0009,-0.0012,0.001,-0.0005,0.0024
2012-03-28,-1.4607,29.4848,SO,0.0399,0.026,0.0178,-0.017,-0.0352,-0.0409,-0.0411,-0.0337,-0.0073,0.0012,0.0149,0.0137,0.0279,0.0209,0.0232,0.0086,0.0056,0.0056,0.0036,0.0022,-0.0015,0.0012,0.0035,-0.003,-0.0097,-0.01,-0.0119,-0.0092,-0.0031,0.0048
2012-05-31,-1.4551,29.4823,E,-0.0119,,,,,0.0051,0.0016,0.0004,0.0026,0.0002,-0.0015,-0.0005,0.0012,0.0037,0.0065,0.0109,-0.0013,0.0012,0.0036,0.0029,-0.0032,-0.0019,-0.0064,-0.0043,-0.0051,-0.0024,-0.0018,0.0008,-0.0051,-0.0067
2012-05-31,-1.4551,29.4823,N,0.0158,0.0104,0.006,0.0,0.0,,,,,,,,,,,,,,,,,,,,,,,,,
2012-05-31,-1.4551,29.4823,NE,,0.009,,,,,0.0151,0.0163,0.0112,0.0078,0.0041,0.0058,0.0069,0.003,0.0025,0.0029,-0.0065,-0.003,-0.0142,-0.0171,-0.0168,,,,,,,,,
2012-05-31,-1.4551,29.4823,NO,,0.0155,0.008,0.0017,0.0,0.0,0.0,,,,,,,,,,,,,,,,,,,,,,,
2012-05-31,-1.4551,29.4823,O,0.0159,0.0156,0.0105,0.0062,0.0043,0.0,,,,,,,,,,,,,,,,,,,,,,,,
2012-05-31,-1.4551,29.4823,S,,0.015,0.0151,0.016,0.0129,0.0088,0.0008,0.0009,0.0024,0.0042,0.0042,0.0033,0.003,0.0043,0.0023,0.0031,0.0049,0.0065,0.005,0.0004,-0.0009,-0.0002,-0.0009,-0.001,-0.0019,-0.0072,-0.0048,-0.0058,-0.003,-0.0035
2012-05-31,-1.4551,29.4823,SE,,-0.0116,,,-0.0048,,0.0033,0.0039,0.0074,0.0082,0.003,0.0049,0.0033,0.0025,0.0047,0.0068,0.0073,0.0054,0.0025,0.001,-0.0029,-0.0033,0.0025,0.001,-0.0056,0.001,0.0012,0.0009,-0.002,-0.0047
2012-05-31,-1.4551,29.4823,SO,,0.0112,0.0098,0.0068,0.0021,-0.0016,-0.0025,-0.0029,-0.0025,0.0016,0.0019,0.0027,0.0,-0.0011,-0.0024,-0.0023,-0.0024,-0.0018,0.0047,0.0069,0.0046,0.0043,0.0026,-0.0012,-0.0048,-0.0057,-0.0039,-0.0037,,
2012-07-02,-1.4548,29.4821,E,-0.0115,-0.0119,-0.0068,-0.0028,-0.0031,-0.0034,-0.0049,-0.002,-0.0008,0.0004,-0.0006,-0.0014,-0.0026,-0.0032,-0.002,0.0024,0.0054,0.0062,0.0071,0.0041,0.0028,0.0029,0.0014,0.0005,-0.0027,-0.0047,-0.0038,-0.0055,-0.0045,-0.0029
2012-07-02,-1.4548,29.4821,N,0.0017,0.0015,0.0017,,,,,,,,,,,,,,,,,,,,,,,,,,,
2012-07-02,-1.4548,29.4821,NE,,-0.0083,-0.0109,-0.0057,-0.0014,,,0.0049,0.0035,-0.0006,-0.003,-0.0062,-0.005,-0.0013,0.0017,0.0012,-0.0032,0.0009,0.0025,-0.0034,-0.0004,0.0004,-0.0019,-0.0005,-0.0058,-0.0068,,,,
2012-07-02,-1.4548,29.4821,O,0.0064,,,,,,,,,,,,,,,,,,,,,,,,,,,,,
2012-07-02,-1.4548,29.4821,S,,0.0173,0.0131,0.0105,,,,0.0021,0.0032,0.0036,0.0006,0.003,0.002,0.0024,0.0028,-0.0004,0.0008,-0.0012,-0.0021,-0.0053,-0.0043,-0.0024,0.0006,-0.0014,-0.0005,0.0026,0.0019,1e-04,-0.0008,-0.0017
2012-07-02,-1.4548,29.4821,SE,,0.0064,0.0128,0.0111,0.0055,0.0018,0.0043,0.0067,0.0058,0.0047,0.0063,0.0027,0.0017,0.0041,0.0059,0.0073,0.0018,0.0028,0.0039,0.0003,-0.0,0.0027,0.0026,0.0055,0.0027,-0.0008,-0.0009,-0.0004,-0.0015,0.0005
2012-07-02,-1.4548,29.4821,SO,,,,,,,,,,-0.0007,-0.0005,0.0013,0.0013,0.0015,-0.0013,-0.0007,-0.0021,-0.0019,-0.0035,-0.002,-0.0005,0.0008,0.0013,0.0051,-0.0012,0.0004,-0.0,0.001,0.0003,-0.0033
2013-01-10,-1.4602,29.4848,E,0.0958,0.1016,0.0968,0.0842,0.062,0.0484,0.0278,0.016,0.0024,-0.0081,-0.0022,,,-0.0041,0.0056,0.0047,0.0007,-0.0002,-0.0027,-0.0048,-0.0093,-0.0082,-0.0063,-0.002,-0.0007,-0.0005,0.0005,0.0018,0.0068,0.0103
2013-01-10,-1.4602,29.4848,N,0.0314,0.0221,-0.0101,-0.0426,-0.0492,-0.0537,-0.0632,-0.0677,-0.0724,,,,,,,,,,,-0.0031,0.0033,0.0031,0.0076,0.0051,0.0046,0.0047,0.0052,0.0039,0.0009,-0.004
2013-01-10,-1.4602,29.4848,NE,,0.0902,0.0765,0.0649,0.0441,0.022,-0.0002,0.0092,-0.0141,-0.0112,-0.0292,-0.0123,,,-0.0069,-0.0,-0.0004,-0.0028,-0.007,-0.0137,-0.0104,-0.0107,-0.0154,0.0033,0.0098,0.0157,0.0123,0.0161,0.0118,0.0081
2013-01-10,-1.4602,29.4848,NO,,0.0224,0.0056,-0.0383,-0.0555,-0.0378,-0.0497,-0.0418,-0.0299,-0.017,,,,,,,,,,0.0149,0.0169,-0.0007,-0.0096,-0.0106,-0.0018,0.003,0.0061,0.0011,0.007,0.0054
2013-01-10,-1.4602,29.4848,O,,0.0465,0.041,0.0299,0.0259,0.017,0.0064,-0.0101,-0.0176,-0.0173,-0.0,0.0022,0.0017,0.0039,0.0033,0.013,0.0195,0.0137,0.0125,0.0051,0.0072,-0.0004,,,,,,,,
2013-01-10,-1.4602,29.4848,S,,0.0943,0.0672,0.0427,0.0385,0.0225,-0.0016,-0.0066,0.0035,0.0144,0.0247,0.0215,0.0119,-0.009,0.0005,-0.0019,-0.011,-0.0191,-0.0225,-0.0221,-0.021,-0.0189,-0.0167,-0.0138,-0.0131,-0.0105,-0.0087,-0.0044,0.0018,0.0069
2013-01-10,-1.4602,29.4848,SE,,0.0968,0.0914,0.0837,0.0773,0.0509,0.0297,0.0112,0.0017,-0.0069,-0.0067,-0.0065,-0.0017,0.0078,0.01,0.0107,0.0006,-0.0052,-0.0047,-0.0044,-0.0042,-0.0048,-0.0045,-0.0039,-0.0038,-0.004,0.0011,0.0025,0.0066,0.0053
2013-01-10,-1.4602,29.4848,SO,0.0382,0.0253,0.0282,0.0052,-0.0108,-0.0182,-0.0224,-0.0252,-0.0168,-0.0042,0.0242,0.0181,0.0346,0.0128,0.0281,0.0247,0.0199,0.0125,0.0152,0.0107,0.0085,0.0118,0.0091,-0.0088,-0.0144,-0.0198,-0.0246,-0.0122,-0.011,0.0059
2013-06-03,-1.4575,29.4858,E,0.081,0.0442,0.0434,0.0375,0.0366,0.0327,0.0288,0.0177,0.009,0.0023,0.001,-0.0025,-0.0017,-0.0051,-0.0059,-0.0071,-0.0077,-0.0049,-0.0039,-0.0032,-0.0038,-0.0,0.0019,0.0026,0.0042,0.0049,0.0041,0.0035,0.0024,0.0045
2013-06-03,-1.4575,29.4858,N,,,,,,0.0123,,0.0056,,,,,,,,,-0.0246,0.0076,0.0072,-0.0025,-0.0032,-0.0113,-0.0134,-0.0049,0.0005,,,,,
2013-06-03,-1.4575,29.4858,NE,,0.0227,0.033,0.0238,0.0234,0.0243,0.0227,0.0121,0.0084,0.0045,0.0048,-0.001,-0.0082,-0.0125,-0.0157,-0.014,-0.0098,-0.0088,-0.0072,-0.0006,0.0,0.0014,0.0007,-0.0019,0.0125,0.0079,0.0065,-0.0035,-0.0021,1e-04
2013-06-03,-1.4575,29.4858,S,,0.0682,0.0708,0.0687,0.0379,0.0355,0.0316,0.0241,0.016,0.0091,0.0085,0.0088,0.0091,0.0067,0.001,-0.0032,-0.005,-0.0034,-0.0044,-0.005,-0.0037,-0.0011,-0.0032,-0.001,-0.0014,-0.002,-0.003,-0.0024,0.0006,0.0009
2013-06-03,-1.4575,29.4858,SE,,0.0729,0.0378,0.0342,0.0362,0.0367,0.0353,0.0262,0.0218,0.012,0.0054,0.0022,0.0002,-0.0051,-0.0068,-0.0078,-0.008,0.0003,0.0004,0.0007,0.0008,-0.0002,-0.0009,0.0015,0.0054,0.0029,0.0074,0.0062,0.0063,0.0055
2013-06-03,-1.4575,29.4858,SO,0.0921,,,,,,,,,,,,,,,,,,,,,,,,,,,,,
2013-07-13,-1.4624,29.4856,E,0.0874,0.0624,0.0471,0.0118,0.0039,-0.0005,-0.0003,0.0047,-0.0004,-0.0005,-0.0008,,,,,,,,,,,,-0.0014,-0.002,-0.0011,0.0012,0.0023,-0.0021,-0.0053,
2013-07-13,-1.4624,29.4856,N,-0.0016,,,,,,-0.0827,,,,,,,,,,,,,-0.0366,0.0031,0.0,-0.0004,-0.0023,-0.003,-0.0037,-0.0016,1e-04,0.0026,0.0091
2013-07-13,-1.4624,29.4856,NE,,0.0233,-0.0098,,,,-0.0573,-0.057,-0.0602,-0.0618,-0.0644,,,,,,,,,0.0159,0.0276,0.0346,0.0324,0.027,0.0259,0.0286,0.016,0.0101,0.0136,0.0066
2013-07-13,-1.4624,29.4856,NO,,0.0811,,,,,,,,,,0.0068,0.001,-0.007,-0.0099,-0.0092,,,0.0206,0.0171,0.028,0.0014,0.0042,0.0012,,,,,-0.003,-0.0008
2013-07-13,-1.4624,29.4856,O,,0.056,0.0529,0.0456,0.0412,0.0336,0.0173,0.0075,0.0029,0.0026,-0.0033,-0.0023,-0.001,0.0018,-0.006,-0.0075,-0.0087,-0.0068,-0.0018,0.0037,0.007,0.0037,,,,,,,,
2013-07-13,-1.4624,29.4856,S,,0.0907,,,,,,,,,,,,,,,,,,,,,,,,,,,,
2013-07-13,-1.4624,29.4856,SE,,0.0772,0.0598,,,,,,,,,,,,,,,,,,,,-0.007,-0.0046,0.0037,0.0026,-0.0009,1e-04,0.0003,0.0015
2013-07-13,-1.4624,29.4856,SO,0.0585,0.0532,0.0491,,,,,,,0.0014,0.0014,0.0087,0.0068,0.0106,,,,,,,,,0.0059,0.0024,-0.0061,-0.0051,-0.0036,-0.0008,0.0035,0.0062
2013-07-21,-1.4559,29.4888,E,0.028,,,0.009,0.0002,-0.0038,-0.0051,-0.0038,-0.0034,-0.0043,-0.0051,-0.0063,-0.0025,-0.0017,-0.0026,-0.0025,0.0006,0.001,1e-04,0.0039,0.0026,-0.0029,-0.0049,0.0053,0.0117,0.0072,0.0055,0.004,-0.0002,-0.0021
2013-07-21,-1.4559,29.4888,N,0.0399,0.0395,0.0349,0.0228,,,,,,,,,,,,,,,,,,,,,,,,,,
2013-07-21,-1.4559,29.4888,NE,,,,,0.0094,0.0088,0.0025,-1e-04,-0.0003,-0.0078,-0.0163,,,,,,,,,,0.0104,0.0055,0.0011,0.0045,-0.0025,-0.0029,-0.0032,-0.0044,-0.0072,-0.0057
2013-07-21,-1.4559,29.4888,O,0.0322,,,,,,,,,,,,,,,,,,,,,,,,,,,,,
2013-07-21,-1.4559,29.4888,S,,0.0121,0.0006,-0.0022,-0.0031,-1e-04,,0.0105,0.0047,-0.0034,-0.0024,-0.002,0.0024,0.0069,0.0002,-0.0014,-0.0014,,,,,,,,,,,,,-0.008
2013-07-21,-1.4559,29.4888,SE,,0.0083,,,,,-0.0027,0.0021,0.0069,0.0032,-0.0018,-0.004,-0.004,-0.004,-0.0023,-0.0006,-0.0023,0.0079,-0.0007,-0.0009,-0.0021,,,,,0.0082,0.0015,0.01,,
2014-07-16,-1.4572,29.4858,E,0.069,0.0663,0.0613,0.0534,0.0431,0.0356,0.0284,0.0173,0.0091,0.0019,-0.0021,-0.0048,-0.0051,-0.005,-0.0045,-0.0043,-0.0043,-0.0042,-0.0026,-0.0007,1e-04,-0.0002,-0.0005,0.0004,0.0015,0.0016,0.0011,0.0023,0.0004,-0.0003
2014-07-16,-1.4572,29.4858,N,0.0061,0.0094,0.0219,0.0191,0.0157,0.0255,0.0243,0.0203,0.0175,0.0165,0.0169,0.0164,0.0138,0.0094,0.0006,-0.0055,-0.0252,-0.024,-0.0038,-0.0002,0.0002,-0.001,-0.0029,-0.0003,0.0029,0.0024,-0.0026,-0.0084,-0.0029,-0.0008
2014-07-16,-1.4572,29.4858,NE,,0.0235,0.0276,0.0275,0.0276,0.0277,0.0223,0.0153,0.009,0.0039,0.0008,-0.0025,-0.0115,-0.0132,-0.0148,-0.012,-0.0119,-0.0108,-0.0101,-0.0073,-0.0059,-0.0045,-0.0042,-0.0049,-0.0035,-0.0003,0.0019,0.0027,0.0049,0.0067
2014-07-16,-1.4572,29.4858,NO,,0.0677,0.0659,0.0618,0.0613,,,,,,,,,,,,,0.0059,,,,,,,,,,0.0,,0.0
2014-07-16,-1.4572,29.4858,O,,0.0475,0.0284,0.0328,0.0295,0.0254,0.0165,0.0043,0.0038,0.0014,-0.006,,,,,,,,,,,,,,,,,,,
2014-07-16,-1.4572,29.4858,S,,0.0609,0.0464,0.0538,0.023,0.0215,0.0137,0.0151,0.0075,0.0091,0.0061,0.0018,0.002,0.0011,0.0015,0.0012,0.0027,0.0024,0.0016,-0.0005,-0.0028,-0.0011,1e-04,0.0003,-0.0093,-0.0059,,,,
2014-07-16,-1.4572,29.4858,SE,,0.0662,0.0625,0.0566,0.0506,0.0436,0.0341,0.0225,0.0195,0.0088,0.002,0.0004,-0.0037,-0.005,-0.0063,-0.0062,-0.0074,-0.007,-0.0045,-0.0042,-0.0014,-0.0011,0.0018,0.0045,0.0059,0.0062,0.0054,0.0052,0.0042,0.0061
2014-07-16,-1.4572,29.4858,SO,0.0618,0.0544,0.0513,0.0489,0.0406,0.0151,0.0108,0.0069,0.0091,0.0117,0.0142,0.0165,0.0197,0.0135,0.009,0.0014,-0.001,-0.0051,-0.0036,-0.0065,-0.0057,-0.0022,-0.0042,-0.01,0.0032,-0.0025,-0.0127,0.0037,-0.0003,-0.0068
2014-08-01,-1.4567,29.4872,E,0.066,0.0602,0.0499,0.0406,0.0313,0.0248,0.0151,0.007,0.0034,0.0011,-0.0012,-0.0027,-0.0031,-0.004,-0.0031,-0.0025,-0.0025,-0.002,-0.0025,-0.0013,0.0018,0.0016,0.001,-0.0004,0.0004,0.0019,0.0017,0.0018,0.0018,0.0009
2014-08-01,-1.4567,29.4872,N,0.0157,0.0123,0.0078,0.0039,0.0046,0.0055,0.0081,0.009,-1e-04,-0.0063,-0.0042,-0.0037,-0.0003,0.0003,-0.0032,-0.0019,-0.0067,-0.0046,-0.004,-0.0046,,,,,,,,,,
2014-08-01,-1.4567,29.4872,NE,,0.0355,0.0312,0.0252,0.0207,0.0175,0.0119,0.0034,0.0069,-0.0009,0.0095,0.0021,-0.0067,-0.0085,-0.0067,-0.0066,-0.0057,-0.0054,-0.0086,-0.009,-0.0081,-0.0053,0.0032,-0.0004,0.004,0.0048,0.0054,0.0035,0.002,0.0013
2014-08-01,-1.4567,29.4872,NO,,0.0824,0.0823,0.08,,,,,,,,,,,,,,,,,,,,,,,,,,
2014-08-01,-1.4567,29.4872,O,,0.077,,0.0511,0.0391,0.0262,0.0138,0.005,-0.0023,0.0002,0.0031,,,,,,,,,,,,,,,,,,,
2014-08-01,-1.4567,29.4872,S,,0.0581,0.0512,0.0523,0.0452,0.0381,0.0335,0.0301,0.0263,0.0224,0.0186,0.0156,0.0121,0.007,0.006,0.0032,0.0012,-1e-04,-0.0007,-0.0042,-0.0066,-0.0066,-0.0067,-0.0042,-0.004,-0.0014,-0.0014,-0.0012,1e-04,0.0017
2014-08-01,-1.4567,29.4872,SE,,0.0697,0.0607,0.0529,0.0477,0.0343,0.0291,0.0199,0.0198,0.0099,0.0048,0.0027,0.0009,-0.0028,-0.0038,-0.0036,-0.0038,-0.0052,-0.001,-0.0021,-0.0023,-0.0025,-0.001,0.0005,-0.0021,-0.0006,0.0018,0.0022,0.0033,0.0025
2014-08-01,-1.4567,29.4872,SO,0.0617,0.0533,0.0441,0.0295,0.0128,0.0042,0.0048,0.0066,0.008,0.0214,,,,,,,,,,-0.0035,0.0009,0.0031,0.0031,0.006,0.0059,0.005,0.0061,-0.0015,-0.0025,0.0007
2014-10-12,-1.4607,29.4848,E,0.084,0.0882,0.06,0.05,0.055,0.0517,0.0289,0.0359,0.0169,0.0093,0.0231,0.0005,-0.0221,-0.0266,-0.0156,-0.0094,-0.012,-0.0141,-0.015,-0.0145,-0.0124,-0.0137,-0.011,-0.011,-0.0057,-0.0007,0.0045,0.0113,0.0188,0.0231
2014-10-12,-1.4607,29.4848,N,0.021,-0.0044,-0.0243,-0.051,-0.0739,,,-0.0846,-0.0844,,,,,,,,,,,,-0.0008,-0.0022,-0.0027,-0.0004,0.0023,0.0028,0.0015,-0.0006,-0.0045,-0.0083
2014-10-12,-1.4607,29.4848,NE,,0.0415,0.0375,0.0285,0.0203,0.0161,0.0033,1e-04,-0.0027,-0.0051,-0.0065,-0.0082,-0.0075,-0.0059,,-0.0021,0.0016,0.0018,-0.0018,-0.0087,-0.0084,-0.0091,-0.0144,0.0023,0.0094,0.0146,0.0063,0.0165,0.0174,0.0154
2014-10-12,-1.4607,29.4848,NO,,0.0028,-0.0308,-0.0328,-0.0593,-0.0399,-0.0323,-0.0257,-0.0145,-0.0067,,,,,,,,0.0037,0.0152,0.0082,0.0133,0.0071,0.0035,0.0055,-0.001,-0.0061,-0.0072,-0.0051,0.0002,0.0027
2014-10-12,-1.4607,29.4848,O,,0.0511,0.0393,0.0289,0.0168,-0.0007,-0.0091,-0.0047,-0.0176,-0.0129,-0.0085,-0.0081,-0.0089,-0.0079,-0.0038,0.0027,0.0083,0.0116,0.0175,0.0178,-0.0049,0.0028,0.0056,0.0087,0.0076,0.0082,0.0095,0.0107,0.0106,0.0084
2014-10-12,-1.4607,29.4848,S,,0.0881,0.0823,0.0456,0.0402,0.0227,0.0038,0.0016,-0.0015,0.0126,0.0243,0.0203,0.0224,0.0094,0.0095,0.0056,0.0061,-0.0026,-0.017,-0.0238,-0.0237,-0.0213,-0.0196,-0.0158,-0.014,-0.0111,-0.0079,-0.0069,-0.0027,0.0002
2014-10-12,-1.4607,29.4848,SE,,0.1024,0.1061,0.0714,0.0698,0.0626,0.0549,0.0345,0.0193,0.0123,0.0012,-0.002,-0.0011,-0.0019,-0.0011,-0.0041,-0.0013,-0.0096,-0.0081,-0.0093,-0.0087,-0.008,-0.0065,-0.0043,-0.0029,0.0004,0.0027,0.0053,0.0092,0.0109
2014-10-12,-1.4607,29.4848,SO,0.0405,0.0209,0.0132,-0.0042,-0.0206,-0.0311,-0.0312,-0.0287,-0.0098,0.0098,0.034,0.0283,0.0317,0.0288,0.0272,0.009,0.0038,0.0022,0.0031,0.0014,-0.0013,-0.0019,-0.0039,-0.0086,-0.0047,-0.0086,-0.0053,-0.0012,0.0021,0.0073
2014-10-28,-1.4559,29.4888,E,0.0565,0.0522,0.0544,0.0496,,,,,,,0.0171,0.0065,0.0031,-0.0003,-0.0025,-0.0052,-0.0081,-0.0015,0.0083,0.0148,0.0178,0.0157,0.0095,0.0075,0.0044,0.0006,-0.0109,-0.0114,,
2014-10-28,-1.4559,29.4888,N,-0.0073,-0.0043,-0.0047,-0.0072,-0.0072,-0.0014,0.0077,0.0123,0.0117,0.0025,-0.0068,-0.0161,-0.0166,-0.0199,-0.018,-0.0293,-0.0293,,-0.0293,-0.0153,-0.0228,-0.0264,-0.0221,-0.0088,0.0003,-0.0058,0.0065,-0.0033,0.0452,0.0474
2014-10-28,-1.4559,29.4888,NE,,-0.0126,-0.0085,-0.0139,-0.0116,-0.0094,-0.007,-0.0005,0.0038,0.0004,0.0028,0.0072,0.0045,0.0066,0.0047,0.0101,0.0009,-0.0106,-0.0056,-0.0146,-0.0086,-0.0046,0.0031,0.0113,-0.0009,-0.0062,0.0117,0.0116,0.0084,0.0049
2014-10-28,-1.4559,29.4888,NO,,-0.0133,-0.0103,-0.0055,-0.0146,-0.0221,,,,,,,-0.0201,,-0.0087,-0.0058,-0.0008,0.0011,-0.005,1e-04,0.0079,0.0068,0.0038,0.0041,0.0039,0.0005,0.0022,0.0019,0.0088,0.0119
2014-10-28,-1.4559,29.4888,O,0.0096,,,,,,,,,,,,,,,,,,,,,,,,,,,,,
2014-10-28,-1.4559,29.4888,SE,,,,,,,,,,,,,,,,,,,,0.0,0.0,0.0,0.0,0.0,0.0,0.0,0.0,0.0,0.0,0.0
2015-01-08,-1.4569,29.4891,E,0.0,0.0,0.0,,,,,,,,,,,,,,,,,,,,,,,,,,0.0,0.0
2015-01-08,-1.4569,29.4891,N,-0.017,-0.017,-0.0178,-0.0177,-0.0145,-0.0082,1e-04,-0.0012,-0.0005,0.0019,-0.0012,0.0005,-0.0028,0.0051,0.0036,1e-04,-0.0036,-0.0008,-0.0047,-0.0038,-0.0021,-0.0003,0.0017,0.0023,0.0019,0.0017,0.0027,0.0039,0.004,0.0045
2015-01-08,-1.4569,29.4891,NE,,0.0048,0.0046,0.0045,0.004,0.0037,0.0033,0.0029,0.0024,0.002,0.0012,0.0004,,,,,,-0.0029,-0.0034,-0.0034,-0.0021,-0.0045,-0.0036,0.0009,1e-04,0.0012,0.0012,0.0044,0.0025,0.0044
2015-01-08,-1.4569,29.4891,NO,,,,,-0.0448,-0.0344,-0.023,-0.0136,-0.0079,-0.005,-1e-04,0.0006,0.0006,0.0008,0.0007,-0.0009,-0.0028,-0.0039,-0.0052,-0.0056,-0.0046,-0.0034,-0.0022,-0.0018,-0.0068,-0.0005,-0.0007,0.0015,0.0042,0.0067
2015-01-08,-1.4569,29.4891,O,,,,,,,,,,,-0.0062,-0.0095,,,,,,,,,0.001,0.0066,0.0072,0.0053,0.003,-0.0002,-0.0055,-0.0085,-0.0024,-0.0007
2015-01-08,-1.4569,29.4891,S,,0.0,0.0,0.0,,,,,,,,,,,,,,,,,,,,,,,,,,
2015-01-08,-1.4569,29.4891,SE,,0.0,0.0,0.0,0.0,0.0,0.0,,,,,,,,,,,,,,,,,,,,,,,
2015-01-08,-1.4569,29.4891,SO,-0.0517,,,,,,,,,,,,,,,,,,,,,,,,,,,,-0.003,-0.0178
2015-02-09,-1.4602,29.4842,E,0.0951,,,,,,,,,,,,,,,,,,,,,,,,,,,,,
2015-02-09,-1.4602,29.4842,N,0.1561,0.1367,0.1055,0.0913,0.0806,0.0464,0.0133,0.0043,0.0009,0.0024,0.0013,,,,,,,,,,,,,,,,,,,
2015-02-09,-1.4602,29.4842,NE,,0.0953,0.0899,0.1041,0.0969,,,,,,,,,,,,,,,,,,,,,,,,,
2015-02-09,-1.4602,29.4842,NO,,,,0.0613,0.0451,-0.0079,-0.0225,-0.0243,-0.0329,-0.0385,-0.0371,-0.0392,-0.039,0.0276,0.0246,,,,,,,,,,-0.0136,-0.0018,0.018,0.018,0.013,0.0071
2015-02-09,-1.4602,29.4842,O,,,,,,,,,,,,0.0031,0.0034,0.0015,-0.0053,-0.0057,-0.0083,-0.0049,0.0006,0.0068,0.0098,0.0134,0.0061,0.006,0.0055,0.0059,-0.003,-0.0061,-0.005,-0.0132
2015-02-09,-1.4602,29.4842,S,,0.0559,0.0504,0.039,0.0275,0.0202,0.0198,0.015,0.0235,0.0179,0.0106,0.0062,0.0017,-0.0057,-0.006,-0.0096,-0.01,-0.0127,-0.0149,-0.0148,-0.0134,-0.0125,-0.0113,-0.0094,-0.0066,-0.0045,0.0,0.0034,0.0062,0.0085
2015-02-09,-1.4602,29.4842,SE,,0.0766,,,,0.0266,0.0208,0.0102,0.0104,0.0056,0.0061,0.0058,0.0047,-0.0,-0.001,-0.0031,-0.0048,-0.0074,-0.0087,-0.0096,-0.0093,-0.0091,-0.0064,-0.0048,-0.0013,0.0003,0.0003,0.0034,0.0073,0.0108
2015-02-09,-1.4602,29.4842,SO,-0.0043,,,,,,,,,,,,,,,,,-0.0064,1e-04,0.0153,0.0201,0.0146,0.0057,-0.011,-0.0143,-0.0075,-0.0025,0.0005,0.0039,
2015-07-11,-1.4607,29.4848,E,0.0556,0.0511,0.0143,0.0098,-0.0013,-0.0101,-0.0102,-0.003,-0.0177,-0.0078,0.0103,0.0154,0.0193,0.0003,0.0017,0.0071,0.0052,0.0011,-0.001,-0.0143,-0.0165,-0.0096,-0.0106,-0.0077,-0.0058,-0.0039,-0.0018,0.002,0.0067,0.0115
2015-07-11,-1.4607,29.4848,N,0.0545,0.0253,-0.003,-0.0235,-0.0647,-0.0839,-0.0841,-0.0785,-0.0735,,,,,,,,,,,,0.005,0.0056,0.0108,0.0146,0.0053,0.004,0.0005,-0.0002,-1e-04,-0.0017
2015-07-11,-1.4607,29.4848,NE,,0.041,0.02,-0.0,-0.0154,-0.0238,-0.0495,-0.0422,-0.0459,-0.0452,-0.0488,-0.0324,0.014,0.0218,0.023,0.0229,0.0202,0.015,0.0142,0.0101,0.0167,0.0125,0.0098,0.0031,0.0094,0.0173,0.0119,0.0152,0.009,-0.0029
2015-07-11,-1.4607,29.4848,NO,,0.0726,0.0338,0.0296,0.0038,0.0269,0.0348,-0.0109,0.0304,0.0208,,,,,,,,-0.007,0.0122,0.0074,0.0038,-0.0039,-0.0018,-0.004,-0.0031,-0.0008,-0.0019,0.0016,0.0059,0.0113
2015-07-11,-1.4607,29.4848,O,,0.1241,0.1022,0.0819,0.0483,0.0222,0.001,0.0053,0.0014,0.0074,0.0093,0.0226,,-0.0068,-0.0045,-0.0066,-0.0039,-0.0039,0.0006,-0.0002,-0.0016,-0.0014,-0.0002,0.0006,0.0024,0.001,0.003,0.0124,0.0135,0.0078
2015-07-11,-1.4607,29.4848,S,,0.1381,0.1167,0.0645,0.0457,0.014,-0.0284,-0.0258,-0.0236,-0.0159,0.0073,0.0045,0.0018,0.016,0.0152,0.0134,0.011,0.0084,0.0014,-0.0034,-0.0087,-0.0093,-0.0153,-0.0129,-0.0109,-0.0094,-0.0065,-0.0051,-0.003,-0.0008
2015-07-11,-1.4607,29.4848,SE,,0.0916,0.0866,0.0466,0.0512,0.0477,0.0457,0.0331,0.0155,0.0074,0.0009,0.0021,-0.0008,0.0024,-0.0005,0.0009,-0.0012,-0.0065,-0.0066,-0.0064,-0.0072,-0.006,-0.0068,-0.0045,-0.0049,-0.0032,-0.001,0.0115,0.0082,0.0121
2015-07-11,-1.4607,29.4848,SO,0.0974,0.0847,0.0564,-0.0081,-0.0514,-0.0649,-0.0609,-0.0518,-0.0354,-0.0133,0.0219,0.0464,0.0723,0.0599,0.0375,0.0103,-0.0039,0.0039,-0.0034,-0.0003,-0.004,-0.0005,0.0045,0.0073,-0.0064,-0.0099,-0.0099,-0.0069,-0.0051,0.0005
2015-07-27,-1.4567,29.4875,E,0.0539,0.0463,0.0389,0.036,,,0.0194,0.0127,0.0071,0.0066,0.0051,-0.0009,-0.0022,-0.0026,-0.0002,0.0005,0.0017,-0.0009,-0.0009,-0.0017,0.0009,0.0037,0.002,0.0011,0.0049,0.0083,0.0053,-0.0007,-0.0026,-0.0026
2015-07-27,-1.4567,29.4875,N,0.0018,-0.0029,-0.0041,-0.0034,1e-04,0.0015,0.001,0.0049,0.0069,0.0121,0.0059,-0.001,0.001,0.0005,0.003,-0.0009,-0.0005,-0.001,-0.0023,-0.0037,-0.0024,-0.0019,-0.0037,-0.003,0.0013,0.0033,0.0027,0.0003,0.0026,0.0036
2015-07-27,-1.4567,29.4875,NE,,0.0145,0.0073,0.0093,0.0161,0.0196,0.0204,-0.0006,0.0066,-0.0014,-0.0011,-0.0005,0.0002,0.0016,0.0022,0.0033,0.0018,-0.0031,-0.0017,-0.0042,-0.0033,-0.001,0.0027,0.0026,0.0025,0.0067,0.0031,0.0019,0.0035,-0.0071
2015-07-27,-1.4567,29.4875,NO,,0.015,0.0141,0.0127,,,,,,,0.0103,0.0035,0.002,0.001,0.0,0.0071,0.0106,0.0007,-0.0,-0.0074,0.0023,0.0034,-0.0016,-0.0012,-0.0007,0.007,0.0076,0.0004,-0.0006,-0.0015
2015-07-27,-1.4567,29.4875,O,,0.031,,,,-0.0534,-0.0516,-0.0379,-0.0272,-0.0211,-0.0149,-0.0024,-0.0044,-0.0034,-0.0126,-0.0175,-0.0129,-0.0083,-0.0047,0.0069,0.0189,0.0243,0.0232,0.0159,0.0098,0.0104,0.0137,,0.007,0.0099
2015-07-27,-1.4567,29.4875,S,,0.053,0.0466,0.0454,0.0462,0.0466,0.0404,0.0348,0.0212,0.0292,0.0176,0.007,-0.0038,-0.0113,-0.0165,,-0.0129,-0.0104,-0.0087,-0.0078,-0.0065,-0.0047,-0.0032,-0.0021,-0.0018,-0.0002,-0.0019,-0.004,0.0021,0.0092
2015-07-27,-1.4567,29.4875,SE,,0.0663,0.0623,0.0599,0.0557,0.0432,0.0396,0.0328,0.0289,0.0086,0.0064,0.0055,-0.0009,-0.0046,-0.0025,-0.0007,0.0002,0.0004,0.0033,0.0089,0.0057,0.0041,0.0013,0.0048,-0.0029,-0.0002,0.0033,0.001,0.0018,-0.0039
2015-07-27,-1.4567,29.4875,SO,0.0647,0.0553,0.0454,0.0118,0.0013,,-0.0121,-0.0122,-0.0118,0.0052,0.0099,0.0029,-0.0021,-0.0109,-0.0118,-0.0121,-0.0023,-0.0015,0.0194,0.0244,0.0147,0.0074,-0.0123,-0.0132,-0.0139,-0.0136,-0.0032,0.0009,-0.0112,-0.0135
2015-08-12,-1.4572,29.485,E,0.0582,0.0517,0.0531,0.0463,0.0393,0.0355,0.0271,0.0109,0.0097,0.0028,0.0013,-0.0038,-0.0026,-0.0011,-0.0004,-0.0019,-0.0021,0.0008,0.0029,0.0014,0.0009,0.0026,0.0014,-0.0039,0.0016,0.006,0.0046,0.0044,0.0036,0.0011
2015-08-12,-1.4572,29.485,N,-0.0171,-0.0273,-0.0414,,,,,,,,,,,,,,,-0.0123,-0.0018,-0.0017,0.0029,0.0035,0.0022,0.001,-0.0043,-0.0047,-0.0064,-0.0061,-0.0074,-0.0053
2015-08-12,-1.4572,29.485,NE,,0.0206,0.0207,0.0247,0.029,,0.014,0.0064,-0.003,-0.0051,-0.0052,-0.0048,-0.0058,-0.0032,-0.0052,-0.0076,-0.0081,-0.009,-0.0043,-0.0046,-0.0035,0.0024,0.0033,0.0057,0.006,0.0021,0.0015,0.0037,0.0047,0.007
2015-08-12,-1.4572,29.485,NO,,0.0403,0.0315,0.0301,0.0262,1e-04,-0.0132,-0.0125,-0.0076,-0.0043,-0.0048,,,,,,,,,,,,,,,,,,,
2015-08-12,-1.4572,29.485,O,,0.0132,0.0019,-0.0104,-0.0166,-0.0171,-0.0184,-0.0181,-0.0052,,,,-0.0095,-0.0133,-0.0189,-0.0142,0.0164,0.0045,0.0114,-0.006,0.008,0.0112,0.0116,0.0043,0.0014,0.0012,0.0026,0.0032,0.0045,
2015-08-12,-1.4572,29.485,S,,0.0381,0.0323,0.0325,0.0267,0.022,0.0177,0.0165,0.0132,0.0107,0.0072,0.0055,0.0069,-0.0024,0.0061,-0.0026,-0.0054,-0.0062,-0.006,-0.0063,-0.0062,-0.0061,-0.006,-0.0056,-0.0051,0.001,-0.0002,0.0003,0.0009,0.001
2015-08-12,-1.4572,29.485,SE,,0.0544,0.0452,0.0424,0.0412,0.0316,0.0252,0.0135,0.0084,0.0018,0.0009,-0.0018,-0.0021,0.0012,0.0003,0.0004,0.0006,0.0004,0.0018,-0.003,-0.0037,0.0034,0.002,0.0045,0.0043,0.0048,0.0045,0.0036,0.0023,-0.0022
2015-08-12,-1.4572,29.485,SO,0.0583,0.0348,0.0317,0.0311,0.0249,0.0181,0.0132,0.0157,,,0.0186,,,,,,,0.0087,0.0037,,,-0.0048,-0.0044,-0.0024,-0.0009,0.001,,,,0.0087
2015-08-20,-1.4608,29.4845,E,0.0732,0.068,0.0154,0.0105,0.0042,0.0002,-0.0048,-0.0059,-0.0046,-0.0077,-0.0057,-0.0078,-0.0066,-0.0027,-0.0018,0.0031,0.0033,-0.0018,0.0021,-0.0027,-0.0044,-0.0045,-0.0052,-0.0004,-0.0027,-0.0017,0.002,0.0053,0.0091,0.0124
2015-08-20,-1.4608,29.4845,N,0.103,0.0698,0.051,0.0332,-0.0199,-0.0295,-0.0297,-0.0295,-0.0327,-0.0336,-0.0353,-0.0329,-0.0253,,,,,,,,,0.054,0.0534,0.0509,0.0331,0.0265,0.0139,0.0068,-0.0021,-0.0106
2015-08-20,-1.4608,29.4845,NE,,0.052,0.0285,0.0117,0.0007,-0.0071,-0.0117,-0.008,-0.0383,-0.0404,-0.0368,-0.0326,-0.0187,-0.0151,-0.0002,0.0095,0.0126,0.0154,0.0183,0.0176,0.0145,0.01,0.0046,0.0092,0.0091,0.0106,0.0095,0.0081,0.0085,0.009
2015-08-20,-1.4608,29.4845,NO,,0.0169,0.0008,-0.0058,-0.013,-0.0138,-0.0095,0.0065,0.0115,0.0087,-0.0227,0.0071,0.0004,,,,,-0.0118,0.0022,0.0018,0.0079,0.0042,0.0048,0.0061,0.0057,-0.0028,-0.0003,-0.0052,-0.0004,0.0024
2015-08-20,-1.4608,29.4845,O,,0.0413,0.0319,0.0189,0.0105,-0.0007,-0.006,-0.006,-0.0034,-0.0019,0.0059,0.0039,-1e-04,-0.001,-0.003,-0.0045,-0.0059,-0.0036,0.0013,0.0016,-0.0029,-0.0015,-0.0004,0.0018,0.0021,0.0059,0.0098,0.0129,0.0131,0.0178
2015-08-20,-1.4608,29.4845,S,,0.0942,0.0366,0.0236,0.0119,0.0057,-0.0006,-0.0007,0.0025,0.0086,0.0098,0.012,0.0123,0.0128,0.0085,0.0038,-0.0014,-0.0075,-0.0095,-0.0092,-0.0102,-0.009,-0.0082,-0.0067,-0.0056,-0.0049,-0.0025,-0.0015,0.0002,0.0021
2015-08-20,-1.4608,29.4845,SE,,0.0916,0.0634,0.0337,0.0327,0.0274,0.0188,0.0132,0.0063,0.0062,0.0061,0.0042,0.0027,0.0044,0.0008,-0.0008,-0.0003,-0.0047,-0.0049,-0.0046,-0.0051,-0.0052,-0.006,-0.0017,-0.0024,-0.0002,0.0025,0.0037,0.0064,0.0071
2015-08-20,-1.4608,29.4845,SO,0.0539,0.0114,-0.008,-0.0299,-0.0353,-0.0387,-0.0264,-0.0059,0.0128,0.0196,0.0274,0.0262,0.0271,0.0143,0.0128,0.0105,0.0064,0.0022,-0.0042,-0.0019,-0.0037,-0.0021,-0.0035,-0.0204,-0.0158,-0.0126,-0.0097,-0.0038,0.001,0.0073
2015-09-21,-1.4608,29.4845,E,0.0807,0.0778,0.0328,0.0262,0.0178,0.0134,0.0072,-0.0002,-0.0005,-0.0081,-0.0049,-0.0082,-0.0064,-0.0029,-0.0033,-0.0014,-0.002,-0.0054,-0.0035,-0.0065,-0.0076,-0.0073,-0.0085,-0.0045,-0.0055,-0.0021,0.0009,0.0045,0.009,0.012
2015-09-21,-1.4608,29.4845,N,0.0443,0.0207,0.0059,-0.0085,-0.0202,-0.0244,,-0.0551,-0.0615,-0.0638,,,,,,,,,,,,0.0019,0.0004,0.0007,0.0037,0.0046,0.0025,-1e-04,-0.0027,-0.0053
2015-09-21,-1.4608,29.4845,NE,,0.0542,0.0318,0.0181,0.0092,0.0072,0.0079,0.0103,-0.0154,-0.0176,-0.0156,-0.0141,-0.0078,-0.0068,-0.0051,-0.0022,-0.0026,-0.0013,0.0015,0.0011,0.0007,-0.0007,-0.0036,0.0078,0.0104,0.0125,0.0092,0.0108,0.0119,0.01
2015-09-21,-1.4608,29.4845,NO,,0.0195,0.0011,-0.006,-0.0119,-0.013,-0.0014,-0.0017,-0.0021,-0.0022,1e-04,-0.0008,-0.0022,,,,,-0.0005,0.0048,0.0048,0.0049,0.0029,0.0036,0.0023,0.0008,0.0009,-0.0042,-0.0032,-0.0027,0.0014
2015-09-21,-1.4608,29.4845,O,,0.0415,0.0304,0.0195,0.011,-0.0021,-0.0089,-0.0118,-0.0127,-0.0118,-0.0095,-0.0086,-0.0057,-0.0026,-0.0033,-0.0009,0.0042,0.0074,0.0103,0.0104,0.0042,0.0054,0.0064,0.0074,0.0073,0.0085,0.009,0.0097,0.0093,0.0074
2015-09-21,-1.4608,29.4845,S,,0.0843,0.0338,0.0255,0.0122,0.0011,-0.002,0.0,0.003,0.006,0.0058,0.0082,0.008,0.0024,0.004,0.0013,-0.0021,-0.006,-0.0102,-0.012,-0.0115,-0.0097,-0.0087,-0.0072,-0.0059,-0.0042,-0.0024,-0.0005,0.0017,0.0034
2015-09-21,-1.4608,29.4845,SE,,0.0949,0.0677,0.0388,0.0333,0.0266,0.0201,0.0121,0.0082,0.0022,-0.0002,-0.0011,-0.0015,0.0017,-0.0007,0.0,0.0014,-0.0028,-0.0044,-0.0032,-0.0012,-0.0018,-0.0024,-0.0008,-0.0016,-0.0005,0.0005,0.0022,0.0032,0.0039
2015-09-21,-1.4608,29.4845,SO,0.0477,0.0165,-0.003,-0.0228,-0.0258,-0.0267,-0.0163,-0.0003,0.0112,0.0152,0.0226,0.0217,0.0176,0.0128,0.0123,0.0073,0.0052,0.0044,-0.0037,1e-04,-0.0017,0.0017,-0.0026,-0.0114,-0.008,-0.0047,-0.0054,-0.0016,0.0009,0.0044
2015-10-07,-1.4602,29.4842,E,0.0283,0.0307,0.0311,0.0335,0.0258,0.0225,0.0201,0.0171,0.0127,0.0061,0.0043,0.005,0.0024,0.0007,-1e-04,-0.0039,-0.0065,-0.0091,-0.0092,-0.011,-0.0121,-0.0115,-0.0092,-0.0061,-0.0032,0.0007,0.0062,0.01,0.0138,0.0161
2015-10-07,-1.4602,29.4842,N,0.0606,0.0531,0.0267,0.0165,0.0036,-0.0082,-0.0222,-0.0307,-0.0386,-0.0417,-0.0316,,,,,,,,,,,0.0115,0.0169,0.0141,0.0106,0.0085,0.0079,0.0058,0.001,-0.0032
2015-10-07,-1.4602,29.4842,NE,,0.0101,0.0094,0.0132,0.0122,0.0133,0.0158,0.0165,0.0136,-0.0131,-0.0124,-0.0098,-0.0054,-0.004,-0.0019,0.0016,0.0019,-0.0014,0.0019,-0.005,-0.0051,-0.0046,-0.0076,-0.0041,-0.0003,0.0049,0.0011,0.0046,0.0106,0.0066
2015-10-07,-1.4602,29.4842,NO,,0.0365,0.031,0.0083,-0.0081,-0.018,-0.0211,-0.0229,0.0069,0.0113,0.0122,0.0147,0.015,0.0137,0.0048,,,,,,-0.0173,-0.0124,0.0008,-0.0021,0.0077,-0.0018,0.0083,-1e-04,0.0027,0.0002
2015-10-07,-1.4602,29.4842,O,,0.0513,0.0505,0.0305,0.0289,0.0219,0.0145,0.0057,1e-04,-0.0039,-0.0019,0.0173,0.0132,0.0187,,,,,,,,,,-0.0162,-0.0159,-0.0094,-0.0045,0.0009,0.0048,0.0053
2015-10-07,-1.4602,29.4842,S,,0.0327,0.0355,0.0315,0.0288,0.0297,0.0228,0.0196,0.0182,0.0126,0.0093,0.0056,0.0014,0.001,-0.0048,-0.008,-0.0094,-0.0083,-0.0073,-0.0055,-0.0034,-0.0024,-0.0007,0.0026,0.005,0.0062,0.0095,0.0116,0.0129,0.0142
2015-10-07,-1.4602,29.4842,SE,,0.0445,0.0483,0.0469,0.0438,0.0364,0.0295,0.0213,0.0156,0.0095,0.0056,0.0034,0.004,0.0009,-0.0006,-0.0033,-0.0054,-0.0076,-0.0084,-0.0079,-0.0067,-0.0058,-0.0051,-0.0029,-0.0024,0.0002,0.0025,0.0061,0.0085,0.0099
2015-10-07,-1.4602,29.4842,SO,0.068,0.0204,0.0201,0.0166,0.0138,0.0076,,0.0113,0.0126,0.0148,,,,,,,,,,,,,,,,,,,,
2016-05-02,-1.4602,29.4842,E,0.0247,0.0222,0.0182,0.0179,0.006,0.0026,0.0007,0.002,0.0006,-0.002,0.0004,0.0045,0.005,0.004,0.0063,0.0011,-0.002,-0.0033,-0.0035,-0.0064,-0.0073,-0.0079,-0.0073,-0.005,-0.0018,0.0007,0.0029,0.0055,0.0084,0.0114
2016-05-02,-1.4602,29.4842,N,0.1049,0.1001,0.0742,0.0819,,,,,,,,,,,,,,,,,,,,,,,,,,
2016-05-02,-1.4602,29.4842,NE,,-0.0029,-0.0076,-0.0036,-0.0028,-0.0021,-0.0019,-0.0044,-0.0013,0.0005,0.0044,0.0087,0.0014,-0.0064,-0.0017,0.0022,0.0018,0.0014,-0.0005,0.0003,0.0004,,,,,,,,,
2016-05-02,-1.4602,29.4842,NO,,0.1053,0.1021,0.083,,,,,,,,,,,,,,,,,,,,,,,,,,
2016-05-02,-1.4602,29.4842,O,,0.1103,0.1085,0.082,0.0515,0.024,0.0096,0.0079,-0.0037,-0.0071,-0.0018,,,,,,,,,,,,,,,,,,,
2016-05-02,-1.4602,29.4842,S,,0.0477,0.0459,0.0362,0.0242,0.0161,0.0092,0.011,0.0111,0.0111,0.0117,0.012,0.01,0.0085,0.0066,0.0019,-0.0037,-0.0066,-0.0089,-0.0096,-0.0092,-0.0084,-0.0076,-0.007,-0.0064,-0.0058,-0.0044,-0.0027,-0.0003,0.0023
2016-05-02,-1.4602,29.4842,SE,,0.0493,0.0487,0.0444,0.0369,0.025,0.0171,0.0118,0.0095,0.0068,0.0058,0.0043,0.0032,0.0012,-0.0006,-0.0043,-0.008,-0.0086,-0.0066,-0.0064,-0.0052,-0.0057,-0.004,-0.0008,-0.0006,0.0013,0.0027,0.0048,0.0045,-1e-04
2016-05-02,-1.4602,29.4842,SO,0.0924,0.0442,0.0373,0.025,0.0118,0.0015,-0.0085,-0.0106,-0.0096,-0.0052,-0.0081,-0.0049,-0.0064,0.001,0.0162,0.0173,0.0241,0.0193,0.0127,0.005,0.0028,-1e-04,-0.0081,-0.0074,,,-0.0059,,-0.0049,-0.0038
2016-06-19,-1.4553,29.4885,E,0.0045,0.0033,0.0012,-1e-04,-1e-04,0.0011,-0.0023,-0.0021,-0.0031,-0.0034,-0.002,-0.0004,-0.0018,-0.0006,0.0009,0.001,0.0015,0.001,0.0009,0.001,0.0024,0.0048,0.0056,0.0058,0.0049,0.0039,0.003,0.0019,0.0009,-1e-04
2016-06-19,-1.4553,29.4885,N,0.0097,0.0136,0.014,0.0171,0.0181,0.0182,0.0186,0.0157,0.012,0.0098,0.0033,-0.0011,-0.004,-0.0081,-0.0095,-0.0118,-0.0157,-0.0181,-0.0169,-0.0065,-0.0054,-0.0018,0.0002,0.0019,0.0011,0.0005,0.0007,0.0033,0.0055,0.0061
2016-06-19,-1.4553,29.4885,NE,,-0.0032,0.0024,0.0023,0.0027,0.0025,-0.0012,-0.0021,-0.0,0.0002,0.0004,-0.0004,-0.0017,-0.0019,-0.0026,0.0003,0.0017,0.0029,0.0049,0.0051,0.0045,0.004,0.0045,0.0054,0.0057,0.0035,0.0017,-0.0002,-0.0045,-0.0062
2016-06-19,-1.4553,29.4885,NO,,-0.0103,-0.0076,-0.0063,-0.0066,-0.0004,0.0032,0.0018,0.0005,,,,,,,,,,,,,,,,,,,,,
2016-06-19,-1.4553,29.4885,O,0.0339,0.0325,0.031,0.0307,,,,,,,,,,,,,,,,,,,,,,,,,,
2016-06-19,-1.4553,29.4885,S,,0.0262,0.0256,0.026,0.0248,0.0231,0.025,0.0185,0.0156,0.0122,0.0086,0.0078,0.0073,0.0069,0.0069,0.0048,0.0038,0.0022,0.0006,-0.0011,-0.0006,-0.0031,-0.0045,-0.0047,-0.0054,-0.0063,-0.0067,-0.007,-0.0071,-0.0083
2016-06-19,-1.4553,29.4885,SE,,0.0259,0.0243,0.0224,0.0179,0.015,0.0125,0.0097,0.007,0.0049,0.004,0.0023,0.0007,0.001,0.0009,0.0011,0.0012,0.0007,0.0016,0.0012,0.001,0.0005,0.0011,0.0021,0.0007,0.0006,0.0003,-0.0017,1e-04,-0.0016
2016-06-19,-1.4553,29.4885,SO,,0.0303,0.0296,0.0295,0.0281,0.0259,0.0221,0.0172,0.0115,0.006,0.0023,-0.0004,-0.0003,,,,0.0045,-0.0006,-0.0008,-0.0008,-0.0005,-0.0005,-0.0007,-0.0006,-0.001,-0.0008,-0.0009,-0.0009,-0.0009,-0.0011
2016-06-27,-1.4602,29.4837,E,,,,,,,,,,,,,,,,,,,,,,,,,0.0019,,0.0025,0.0084,0.0052,-0.0068
2016-06-27,-1.4602,29.4837,N,0.1094,,,,,,,,,,,,,,,,,,,,,,,,,,,,,
2016-06-27,-1.4602,29.4837,NE,,,,,,,,,,,,,,,,,,,,,,,,,,,,-0.0165,-0.0054,0.0052
2016-06-27,-1.4602,29.4837,NO,,0.1088,,,,,,,,,,,,,,,,,,,,,,,,,,,,
2016-06-27,-1.4602,29.4837,O,,0.0492,0.0425,0.0097,-0.0149,-0.0383,-0.0428,-0.0399,-0.0388,,0.0683,0.0199,0.0227,0.0176,0.0176,-0.0034,-0.0143,-0.0173,-0.0139,-0.0055,-0.0007,0.0005,0.0042,0.001,-0.0039,-0.0,0.0034,-0.0156,-0.013,-0.0117
2016-06-27,-1.4602,29.4837,S,,0.0555,0.0348,-0.0123,-0.0121,0.0108,0.0103,0.0174,0.0066,0.0075,0.0083,0.0099,-0.0132,-0.0097,-0.0071,-0.0097,,,,,,,,,,,,-0.012,-0.0038,0.0033
2016-06-27,-1.4602,29.4837,SE,,,,,0.0388,0.0384,0.0328,0.0097,0.0178,0.0125,0.0086,-0.0036,-0.0111,,-0.0131,,,-0.0082,-0.0099,-0.0108,-0.0103,-0.0109,-0.0115,-0.0043,-0.0026,0.0002,0.0058,0.0055,0.016,0.0208
2016-06-27,-1.4602,29.4837,SO,0.0381,-0.0045,-0.0317,-0.0708,-0.066,-0.0616,-0.0538,-0.0453,-0.026,-0.0202,-0.0149,0.0336,0.0623,0.0548,0.0272,0.0119,0.0124,0.0088,0.003,-0.0023,-0.0044,-0.0074,-0.0146,0.0021,-0.0139,-0.0105,-0.0074,-0.0049,-0.0,0.0036
2016-08-06,-1.4537,29.4839,E,-0.0059,-0.0053,-0.0047,-0.0037,-0.0022,-0.0015,0.0005,-0.0,-0.0007,1e-04,-0.0029,0.0026,0.0056,0.0058,0.0052,0.001,0.0011,-0.0008,0.0003,-0.0011,-0.0021,-0.0021,-0.0027,-0.0027,-0.0025,-0.0014,0.0011,0.0021,0.003,1e-04
2016-08-06,-1.4537,29.4839,N,0.0119,,0.0116,,,,,,,,,,,,,,,,,,,,,,,,,,,
2016-08-06,-1.4537,29.4839,NE,,0.0115,0.0098,0.0079,0.0077,0.0068,0.0063,0.0048,0.0009,-0.003,-0.0055,-0.0041,-0.0051,-0.0023,0.0012,0.0054,0.0065,0.0077,0.009,0.004,0.0019,0.0022,0.0004,-1e-04,-0.0007,-0.0008,-1e-04,-0.0016,-0.0028,-0.0042
2016-08-06,-1.4537,29.4839,O,0.0131,0.0121,0.01,,,,,,,,,,,,,,,,,,,,,,,,,,,
2016-08-06,-1.4537,29.4839,S,,0.006,0.0047,0.0039,0.0036,0.0043,0.0063,0.0078,0.0084,0.0092,0.0092,0.0081,0.0073,0.0067,0.0029,0.002,-0.0006,-0.0009,0.0004,-0.0004,-0.0,1e-04,0.0008,0.0003,-0.0007,-0.001,-0.0033,-0.004,-0.0026,0.0009
2016-08-06,-1.4537,29.4839,SE,,-0.002,-0.0028,-0.0021,0.0003,0.0017,0.0006,-0.0009,-0.001,0.0021,0.0031,0.0034,0.0028,0.002,0.0007,-0.0006,-0.0013,-0.0,-0.0017,1e-04,-0.0006,-0.0024,-0.0021,-1e-04,-0.0017,-0.002,-0.0019,-0.0013,0.0007,-0.0025
2016-08-06,-1.4537,29.4839,SO,,0.0093,0.0087,0.0072,0.0066,0.0057,0.0047,0.0047,0.0032,0.0026,0.0014,-0.0018,-0.0016,-0.0021,-0.0025,-0.0022,-0.0011,0.0004,0.0004,0.0007,-0.0007,-0.0012,-0.0015,-0.0017,-0.0017,-0.0014,-0.0011,-0.0003,1e-04,0.0004
2016-08-22,-1.4608,29.4845,E,0.0548,0.0511,0.0017,-0.0015,-0.0056,-0.008,-0.012,-0.0117,-0.0099,-0.0099,-0.0038,-0.0019,0.0025,0.0049,0.0013,0.0019,0.0004,-0.0037,-0.0002,-0.0033,-0.0035,-0.0045,-0.0045,-0.0032,-0.0038,-0.0026,0.0004,0.0029,0.0068,0.0116
2016-08-22,-1.4608,29.4845,N,0.0907,0.0594,0.0399,0.026,0.0097,-0.0252,-0.0237,-0.0235,-0.0263,-0.0271,-0.0286,-0.0271,-0.024,,,,,,,,,0.0455,0.0436,0.0409,0.0279,0.0232,0.0145,0.0068,-0.0025,-0.009
2016-08-22,-1.4608,29.4845,NE,,0.0417,0.0187,0.0012,-0.0092,-0.0157,-0.0174,-0.0132,-0.0409,-0.0397,-0.0345,-0.0287,-0.0125,-0.0096,0.0065,0.0129,0.0138,0.014,0.0145,0.0133,0.0085,0.006,0.0021,0.0086,0.0081,0.01,0.0106,0.0092,0.0087,0.0076
2016-08-22,-1.4608,29.4845,NO,,0.0121,-0.0031,-0.0072,-0.0118,-0.0107,-0.0059,0.0092,0.0142,0.0121,-0.0216,0.0076,-0.0005,,,,,-0.0112,0.0019,0.0033,0.0081,0.0047,0.004,0.006,0.0064,-0.0044,0.0019,-0.0064,-0.0012,0.0009
2016-08-22,-1.4608,29.4845,O,,0.0367,0.0299,0.0197,0.0133,0.002,-0.0039,-0.0032,-0.0029,-0.0022,0.001,-0.0006,-0.0028,-0.0037,-0.0041,-0.0046,-0.0041,-0.002,0.0024,0.0023,-0.0009,0.0005,0.0016,0.0032,0.0044,0.0068,0.0087,0.0106,0.0096,0.0143
2016-08-22,-1.4608,29.4845,S,,0.0797,0.0253,0.0149,0.0044,-0.0004,-0.0048,-0.0028,0.0014,0.0088,0.0085,0.0102,0.0093,0.0118,0.0076,0.0038,-0.0011,-0.007,-0.0102,-0.0101,-0.0095,-0.008,-0.0067,-0.0055,-0.0045,-0.0031,-0.0017,-0.0002,0.0016,0.0031
2016-08-22,-1.4608,29.4845,SE,,0.0752,0.0505,0.0246,0.0256,0.0231,0.0175,0.0145,0.0092,0.0086,0.0074,0.0041,0.0037,0.0027,1e-04,-0.0016,-0.0017,-0.0051,-0.0075,-0.007,-0.0053,-0.0051,-0.0049,-0.0009,-0.0025,-0.0002,0.0014,0.0038,0.0066,0.0086
2016-08-22,-1.4608,29.4845,SO,0.0347,-0.0023,-0.0192,-0.0385,-0.0449,-0.0479,-0.0339,-0.0137,0.0067,0.0146,0.0258,0.0222,0.03,0.0135,0.0117,0.0133,0.0077,0.0032,-0.0025,-0.0005,0.0007,0.0013,-0.0015,-0.0183,-0.0143,-0.0099,-0.0075,-0.0021,0.0019,0.0063
2016-08-30,-1.4607,29.4848,E,0.0725,0.0637,0.0341,0.0236,,,,0.0481,0.0087,1e-04,0.0206,0.0008,0.0098,-0.0022,-0.004,-0.0028,-0.0024,-0.0039,-0.0002,-0.0077,-0.0089,-0.0139,-0.0151,-0.0124,-0.0079,-0.0028,0.0023,0.0074,0.0128,0.0164
2016-08-30,-1.4607,29.4848,N,0.1066,0.0675,0.0245,-0.0099,-0.0491,-0.0567,-0.0564,-0.0569,-0.0577,-0.0582,-0.058,-0.058,,,,,,,,,0.0546,0.0476,0.0412,0.0307,0.0241,0.0208,0.0111,0.0003,-0.0115,-0.0152
2016-08-30,-1.4607,29.4848,NE,,0.0387,0.0233,-0.0068,-0.0118,-0.0742,-0.0854,0.0197,-0.0172,-0.0257,-0.0196,-0.0191,-0.0007,0.0054,0.0103,0.0101,0.0036,0.0019,0.0018,-0.0082,-0.0067,-0.01,-0.0125,0.0014,0.0007,0.0129,0.01,0.0135,0.0123,0.0064
2016-08-30,-1.4607,29.4848,NO,,0.0745,0.035,0.0205,-0.0051,0.0173,0.0181,0.0223,0.0036,-0.0264,,,,,,,,-0.0019,0.0198,0.0173,0.0146,0.0097,0.0037,0.0063,-0.0008,-0.0063,-0.0041,-0.0021,0.0017,0.0061
2016-08-30,-1.4607,29.4848,O,,0.1302,0.0899,0.0564,0.0575,0.0517,0.0166,0.0337,,,,,-0.0249,-0.0204,-0.0187,-0.0113,0.0051,0.0079,0.0087,0.0045,0.0023,0.0018,0.0032,0.0061,0.0064,0.0087,0.0115,0.0134,-0.0082,-0.0043
2016-08-30,-1.4607,29.4848,S,,0.146,,,,,,,,,,,,0.0059,,,,-0.0003,-0.0002,-0.0002,-0.0002,-0.0002,-1e-04,-1e-04,-1e-04,-0.0,-0.0,0.0,0.0,1e-04
2016-08-30,-1.4607,29.4848,SE,,0.0825,0.0788,,0.0422,0.0562,0.0584,0.0334,0.0169,0.0121,0.0075,0.0094,0.0118,0.0113,0.0085,0.0093,0.0022,1e-04,-0.001,-0.0075,-0.0043,-0.0059,-0.0054,0.0,-0.0043,0.0,0.0002,0.0014,0.0044,0.0077
2016-08-30,-1.4607,29.4848,SO,0.2071,0.1392,,,,,,,,,,,,,,,,,,,-0.0007,-0.0015,-0.0021,-0.0039,0.0023,0.0037,-0.0067,,,-0.0107
2017-01-13,-1.461,29.4821,E,0.0847,0.0799,0.0673,0.0517,0.0361,0.0261,0.0138,0.0094,0.0065,0.0049,0.0049,0.003,0.0015,-0.0062,-0.0077,-0.0115,-0.0106,-0.0085,-0.0084,-0.007,-0.0059,-0.0046,-0.0041,-0.0036,-0.001,0.0006,0.0029,0.0044,0.0063,0.0039
2017-01-13,-1.461,29.4821,N,0.1344,0.1316,0.1322,0.1351,,,,,,,,,,,,,,,,,,,,,,,,,,
2017-01-13,-1.461,29.4821,NE,,0.1266,0.1231,0.1226,0.1287,,,,,,,,,,,,,,,,,,,,,,,,,0.0386
2017-01-13,-1.461,29.4821,NO,,0.1295,0.1272,0.1237,0.1219,,,,,,,,,,,,,,,,,,,,,,,,,
2017-01-13,-1.461,29.4821,O,,0.0692,0.0684,0.06,,,,,,,,,,,0.0032,0.0174,0.0107,0.0094,0.0043,-0.0135,-0.0109,-0.0073,-0.0034,-0.0011,0.0081,,,,,
2017-01-13,-1.461,29.4821,S,,0.1238,0.1132,0.0973,,,,,,,,,,,,,,,,,,,,,,,,,,
2017-01-13,-1.461,29.4821,SE,,0.099,0.0883,0.0698,0.0563,0.0393,0.0254,0.0179,0.0123,0.0109,0.0095,0.007,0.0033,0.0026,-0.0016,-0.0021,-0.0047,-0.0051,-0.0061,-0.0059,-0.0043,-0.0029,-0.0019,-0.0008,-1e-04,0.0012,0.0012,0.0049,0.0054,0.0058
2017-01-13,-1.461,29.4821,SO,0.1226,0.1009,0.0907,,,,,,,,,,,,,,,0.0057,0.0064,-0.0045,,,-0.0021,-0.0011,-0.0005,0.0006,0.0015,,,
2017-01-21,-1.4583,29.4856,E,0.1415,0.0967,0.0782,0.0596,0.0222,0.0391,,0.0184,0.0179,0.0173,0.01,0.0034,-0.002,-0.0026,-0.0057,-0.0061,-0.0075,-0.0057,-0.0026,-0.0048,-0.0029,-0.0024,-0.0004,-0.0004,-0.0006,1e-04,0.0034,0.0046,0.0057,0.0036
2017-01-21,-1.4583,29.4856,N,0.0431,-0.0079,-0.0074,-0.0202,-0.0329,,,,,,,,,,,-0.0626,-0.0266,-0.003,0.0002,0.0098,0.0002,0.0127,0.0056,0.0017,0.0022,-0.0016,-0.0123,-0.0059,-0.0002,-0.0024
2017-01-21,-1.4583,29.4856,NE,,0.0725,0.0428,0.0255,0.0174,0.0082,0.0092,,-0.0186,-0.01,-0.011,-0.0131,-0.0119,-0.0144,-0.0158,-0.0025,-0.0118,-0.0105,-0.0157,-0.0136,-0.0173,-0.0154,-0.0141,-0.0055,-0.0037,-0.002,0.0028,0.0014,0.0009,-0.0013
2017-01-21,-1.4583,29.4856,NO,,0.1407,0.0931,0.0786,0.0666,,,,,,,,,,,,,,,,,,-0.009,-0.0088,-0.0096,-0.0061,0.0007,0.0065,0.0057,0.0058
2017-01-21,-1.4583,29.4856,O,,0.165,0.1479,,,,,,,,,,,,,,,,,,,,,,,,,,,
2017-01-21,-1.4583,29.4856,S,,0.1346,0.1011,0.0687,0.0514,0.0299,0.0163,0.0024,-0.0009,-0.0039,-0.0046,-0.0021,0.0009,0.0012,0.0049,0.0065,0.0054,0.0002,-0.0009,-0.0031,-0.0037,-0.0036,-0.0051,-0.005,-0.0044,-0.0024,-0.0017,-0.0022,-0.0025,-0.001
2017-01-21,-1.4583,29.4856,SE,,0.1235,0.0809,0.0502,0.0266,0.0165,0.0136,0.0101,0.0062,0.0036,-0.0005,0.0025,0.0005,-1e-04,-1e-04,-0.0005,-0.0037,-0.0042,-0.0027,-0.0014,-0.0013,-0.004,-0.0034,-0.0043,-0.0025,-0.0023,-0.0,0.0035,0.0038,0.0068
2017-01-21,-1.4583,29.4856,SO,0.0837,0.0761,0.0668,,,,,,,,,,,-0.0332,-0.0052,0.0046,0.0143,0.0191,0.0006,0.0204,0.0237,0.0133,0.0276,0.0115,0.0224,0.0169,0.001,-0.004,-0.0297,-0.0381
2017-03-26,-1.4605,29.4818,E,0.042,0.036,0.0193,0.0237,0.0214,0.0226,0.0258,0.0119,0.0031,0.0009,0.0065,0.0042,-0.0027,-0.001,-0.0006,-0.0031,0.003,-0.0044,-0.0033,-0.0025,-0.0054,-0.0075,-0.0023,-0.0012,-1e-04,0.0016,0.0045,,,
2017-03-26,-1.4605,29.4818,N,0.0368,0.0193,-0.0033,-0.0104,-0.0309,-0.0074,,,-0.0151,-0.0064,-0.0028,-0.003,-0.0047,-0.0003,-0.0077,-0.0142,,,,,,,,,,,,,,
2017-03-26,-1.4605,29.4818,NE,,0.056,0.044,0.0447,0.0423,0.0196,-0.0052,-0.0078,,,,,,,,,,0.014,0.0081,0.0066,0.0032,-0.0021,-0.0081,,,,,,,
2017-03-26,-1.4605,29.4818,NO,,-0.0253,-0.0477,-0.067,,,,,,,,-0.0761,-0.0525,-0.0411,-0.0181,-0.0037,0.008,0.0077,-0.0033,0.001,-0.0024,0.0042,0.0074,0.0103,0.0127,0.0084,0.019,0.0144,0.0168,0.0132
2017-03-26,-1.4605,29.4818,O,,0.0268,0.0047,,,,,-0.0158,0.0003,0.0108,0.011,0.0163,0.0142,0.0017,-0.0086,0.0067,0.0041,-0.0053,-0.0078,-0.0079,-0.0332,-0.0322,,,-0.0245,-0.0195,-0.0144,-0.0033,0.0115,0.0158
2017-03-26,-1.4605,29.4818,S,,0.0323,0.0199,0.0209,0.0139,0.0124,0.011,0.0033,-0.0025,-0.0006,,,,,,,,,,,,,,,,,,,,
2017-03-26,-1.4605,29.4818,SE,,0.0339,0.0378,0.0333,0.0278,0.0194,0.0188,0.0129,0.0047,-0.0038,-0.0062,-0.0053,-0.0016,-0.0048,-0.0066,-0.003,0.0065,0.0023,,,,,,,-0.008,-0.0031,-0.002,-0.0045,0.0018,0.0067
2017-03-26,-1.4605,29.4818,SO,0.0757,0.0706,0.0608,0.0607,0.0699,0.0742,0.055,0.0638,0.0584,,0.0359,,,,,,,,,,,,,,,,,,,
2017-06-06,-1.4572,29.4858,E,0.0378,0.0362,0.0332,0.0287,0.0235,0.0215,0.0168,0.0112,0.0078,0.0038,0.0015,-0.0021,-0.003,-0.0041,-0.0042,-0.0032,-0.0027,-0.0015,0.0006,0.0009,0.0017,0.0019,0.0016,0.0012,0.0023,0.0023,0.0006,0.0017,-0.0008,-0.0027
2017-06-06,-1.4572,29.4858,N,-0.0055,-0.0052,0.0002,-0.002,-0.0045,0.0027,0.003,0.003,0.0024,0.0015,-1e-04,-0.0015,-0.0042,-0.003,1e-04,0.0058,0.0045,0.0028,1e-04,-0.0019,-0.0084,,,,,,,,,
2017-06-06,-1.4572,29.4858,NE,,0.0023,0.0048,0.0041,0.0047,0.005,0.0029,0.0006,0.0002,-0.0024,-0.0021,-0.0041,-0.0092,-0.0093,-0.0095,-0.0028,-0.0035,-0.0034,-0.0003,-0.0008,-0.001,-0.0016,-0.0009,0.0002,0.0023,0.0023,0.0042,0.0033,0.0042,0.0046
2017-06-06,-1.4572,29.4858,NO,,0.0553,0.0507,0.045,0.0389,0.0205,0.0052,0.0023,0.0002,-0.0014,,,,,,,,,,,,,,,,,,,,
2017-06-06,-1.4572,29.4858,O,,0.0452,0.023,0.0142,,0.003,0.0127,-0.004,-0.0028,0.0008,0.0,0.0146,0.0126,0.0096,-0.0067,-0.0049,-0.0016,-0.0007,0.0046,0.0145,0.0029,-0.0035,-0.009,,,,,,,
2017-06-06,-1.4572,29.4858,S,,0.0606,0.0429,0.0526,0.0242,0.0243,0.0196,0.0199,0.0148,0.0137,0.011,0.008,0.0062,0.004,0.0035,0.004,0.0033,0.0006,-0.0039,-0.0042,-0.0042,-0.0034,-0.0048,-0.0029,-0.0049,-0.0048,-0.0053,-0.0046,-0.0036,-0.0009
2017-06-06,-1.4572,29.4858,SE,,0.0398,0.0366,0.0324,0.0307,0.0285,0.0247,0.0189,0.0139,0.0093,0.0052,0.0024,1e-04,-0.0014,-0.0021,-0.0015,-0.0012,-0.0,0.0023,0.0024,0.0027,0.0017,0.0027,0.0039,0.0028,0.002,0.0028,0.0028,0.004,0.0042
2017-06-06,-1.4572,29.4858,SO,0.0684,0.0599,0.0564,0.0557,0.0398,0.026,0.0231,0.0124,,,0.0109,0.0039,0.0057,0.0082,0.0108,0.0088,-0.0007,0.0019,0.0017,-0.0028,-0.0035,-0.0033,-0.0033,-0.0034,-0.0036,-0.0036,-0.0036,-0.0036,-0.0035,-0.0034
2017-07-08,-1.4583,29.4815,E,0.0215,0.0196,0.0171,0.0152,0.007,0.0044,0.0025,0.0003,-0.0034,-0.0028,-0.0034,-0.0045,-0.0012,-0.0013,-0.0007,-0.0014,0.0024,0.0034,0.0034,0.0029,0.0026,0.0022,0.0021,0.0012,0.0013,0.0024,0.0022,0.0013,0.0004,-1e-04
2017-07-08,-1.4583,29.4815,NE,,0.0295,,,,,,,,,,,,,,,,,,,,,,,,,,,,
2017-07-08,-1.4583,29.4815,O,,0.0294,,0.0252,0.0232,0.0188,0.0158,0.0078,0.0052,,,,,,,,,,,,,,,,,,,,,
2017-07-08,-1.4583,29.4815,S,,0.0215,0.0107,0.0098,0.0108,0.0089,0.0076,0.0067,0.0077,0.0067,0.0063,0.006,0.0065,0.0034,0.0029,0.0016,0.0009,0.0009,0.0017,0.0014,0.001,-0.0006,-0.0024,-0.0003,-0.0018,-0.0015,0.0031,-0.0003,-0.001,-0.001
2017-07-08,-1.4583,29.4815,SE,,0.0157,0.0092,0.0033,0.0022,0.004,0.0044,0.0024,0.0012,0.0008,-1e-04,-0.0002,-0.001,-0.0027,-0.0005,-0.001,-0.0004,-0.0003,0.0011,0.001,0.0022,0.0021,0.004,0.0033,0.0027,0.0011,-0.0,0.0016,-0.0002,0.0
2017-07-08,-1.4583,29.4815,SO,0.0275,0.0239,0.0214,0.0191,0.0185,0.0218,0.0199,0.0136,0.008,0.0043,0.0016,-0.0018,-0.002,-0.0019,-0.0018,-0.0018,-0.0016,-0.0016,-0.0014,-0.0013,-0.0012,-0.0011,-0.0011,-0.0009,-0.0009,-0.0008,-0.0007,-0.0007,0.0017,0.0032
2017-07-16,-1.4537,29.485,E,0.0017,-1e-04,-0.0008,-0.0018,-0.0041,-0.0046,0.0021,0.0009,-0.0054,-0.0063,-0.0057,-0.0042,,,,0.0052,0.0083,0.0164,0.0061,0.0049,0.0067,0.0084,-0.0028,0.0011,0.0103,0.0138,0.0085,0.0073,0.0063,0.0036
2017-07-16,-1.4537,29.485,N,,,,,,,,,,0.0098,,,,,,,,,,0.0003,-0.0002,,,,,,,,,
2017-07-16,-1.4537,29.485,NE,,-0.0084,,-0.0096,-0.0102,-0.0066,-0.0078,-0.0077,-0.0027,-0.0031,0.0014,0.0069,0.0141,0.0175,-0.0102,-0.0089,-0.0036,0.0127,0.0084,0.0056,0.0026,0.0054,0.009,0.0036,-0.0071,0.0022,0.0047,0.0045,0.0065,0.0059
2017-07-16,-1.4537,29.485,O,0.0,,,,,,,,,,,,,,,,,,,,,,,,,,,,,
2017-07-16,-1.4537,29.485,S,,0.0,,,,,,,,,,,,,,,,,,,,,,,,,,,,
2017-07-16,-1.4537,29.485,SE,,0.0,,,,,,0.0103,0.0031,,,,,,,,,,,,,,,,,,,,,
2018-06-17,-1.4561,29.4888,E,,,,,,,,,,,,,,,,,,,-0.0238,-0.0226,-0.0208,-0.0142,-0.0077,0.0003,0.0023,0.0073,0.0068,0.0139,0.0098,0.0187
2018-06-17,-1.4561,29.4888,N,-0.0073,-0.0101,0.0012,-0.0098,-0.0145,-0.0088,-0.01,-0.0037,-0.0027,-0.0121,-0.0163,-0.0164,-0.0143,-0.0108,-0.0029,-0.005,-0.0061,,,,,,,,,,,,,
2018-06-17,-1.4561,29.4888,NE,,,,,0.0747,,,,,,,,,,,,,,,,,,,,,,,,,
2018-06-17,-1.4561,29.4888,NO,,0.0244,0.0101,0.0057,0.0065,0.0177,0.0128,0.0202,0.0244,0.0067,-0.003,0.0043,0.0086,0.0034,-0.011,-0.0148,-0.0309,-0.0403,-0.0297,-0.0188,-0.0118,-0.0096,-0.0067,-0.0021,0.0029,,,,,
2018-06-17,-1.4561,29.4888,O,0.1197,0.1097,0.0947,0.0884,,,,,,,,,,0.0713,0.0629,0.0517,,,,,,,,,,,,,,
2018-06-17,-1.4561,29.4888,SE,,,,,,,,,,,,,,,,,,,,,,,,0.0017,0.0006,0.0025,0.0055,0.0003,-0.0002,-0.0095
2018-06-17,-1.4561,29.4888,SO,,0.094,0.0803,0.0562,,,,,,,,,,,,,,,,,,,,,,,,,,
2018-07-03,-1.4537,29.4848,E,-0.0384,-0.0382,-0.0325,-0.0237,-0.0191,-0.0195,-0.0071,-0.0036,-0.0039,-0.0041,-0.0042,-0.0039,-0.0054,-0.0078,-0.0053,0.0167,0.017,0.0056,0.0071,0.0069,0.0022,-0.0005,-0.0021,-0.0018,-0.0035,-0.0015,-0.0012,-0.0005,-0.0005,-0.0007
2018-07-03,-1.4537,29.4848,N,1e-04,,,,,,,0.0048,0.0055,0.0042,0.004,0.0014,0.0046,0.0074,0.0064,0.0057,-0.0031,-0.0053,-0.0047,-0.0032,-0.0025,-0.0024,-0.0024,-0.0014,-0.0026,0.0004,0.002,0.0048,0.0031,0.0102
2018-07-03,-1.4537,29.4848,NE,,-0.0319,,,-0.028,-0.0216,-0.0156,-0.006,0.0025,0.0064,0.0068,0.0068,0.0077,0.0085,0.0078,0.0086,-0.0071,-0.0094,-0.0089,-0.0115,0.0106,0.0089,0.0028,0.0027,-0.0019,-0.0062,-0.0057,-0.0058,-0.0083,-0.0064
2018-07-03,-1.4537,29.4848,NO,,0.0,,,,,,,,,,,,,,,,,,,,,,,,,,,,
2018-07-03,-1.4537,29.4848,O,0.0,0.0,0.0,0.0,,,,,,,,,,,,,,,,,,,,,,,,,,
2018-07-03,-1.4537,29.4848,S,,0.0122,0.0103,,,,,0.0038,0.0024,0.0173,0.0174,0.0201,0.0243,0.0187,0.0101,0.0124,0.0075,0.0177,0.0213,0.0302,0.021,0.0223,0.0185,0.0031,0.0112,-0.0051,-0.0054,-0.0054,-0.0027,-0.0044
2018-07-03,-1.4537,29.4848,SE,,-0.0168,,-0.0069,-0.0016,0.0034,0.0034,0.0046,0.0031,0.0012,0.0028,0.0008,-0.0007,0.0029,0.0049,0.0053,0.0,-0.0011,-0.0026,-0.0012,-0.0026,-0.0054,-0.0027,-0.005,0.0013,0.004,0.0034,-0.0008,-0.0028,-0.0029
2018-07-03,-1.4537,29.4848,SO,,,,,,,,,,,,,,,,,,,,,,,,,,,,0.0,0.0,0.0
2018-07-11,-1.4537,29.485,E,-0.0241,-0.0272,-0.0301,-0.0336,-0.0364,,,,-0.0377,,,,,,,-0.0059,0.0013,-0.0106,-0.0067,-0.0023,-0.0004,0.0009,0.0005,0.0024,0.0017,0.0013,-0.0003,0.0007,0.0008,0.0003
2018-07-11,-1.4537,29.485,N,0.003,,,,0.0017,0.0029,0.0056,0.0074,0.0099,0.0112,0.0093,0.007,0.0049,0.0019,-0.0006,-0.0027,-0.004,-0.0065,-0.0077,-0.0078,-0.0087,-0.0073,-0.0083,-0.0052,0.0009,0.0024,0.0064,0.0093,0.0122,0.0133
2018-07-11,-1.4537,29.485,NE,,-0.0167,,,,,,,,,,,,-0.0079,0.0032,0.0086,0.0113,0.0127,0.0115,0.011,0.0098,0.0085,0.008,0.0084,0.0058,0.0036,-0.0002,-0.0029,-0.0027,-0.004
2018-07-11,-1.4537,29.485,NO,,0.0009,0.0008,0.0,0.0012,0.0024,0.0011,,,,,,,,,,,,,,,,,,,,,,,
2018-07-11,-1.4537,29.485,O,0.012,,,0.0,0.0,0.0,0.0,0.0,0.0,,,,,,,,,,,,,,,,,,,,,
2018-07-11,-1.4537,29.485,S,,0.0102,0.0055,0.0,0.0,,,,,,,,,,,,,,,,,,,,,,,,,
2018-07-11,-1.4537,29.485,SE,,-0.0168,-0.0248,-0.0271,,,,,,,,,,,,,,,-0.0098,-0.0002,0.0039,0.0061,0.006,0.0024,0.003,-0.0018,-0.016,,,
2018-07-11,-1.4537,29.485,SO,,0.0043,0.0024,0.0,0.0,0.0,,,0.0,0.0,,,,0.0,,0.0,0.0,,,,,,,,,,,,,
2018-08-12,-1.4591,29.4834,E,0.0483,,,,,,,,,,,,,,,,,,,,,,,,,,,,,
2018-08-12,-1.4591,29.4834,O,,,,,,,0.0221,0.0059,-0.0118,-0.0182,-0.0202,,,,0.0225,0.0234,0.0132,0.0007,-0.0137,-0.0223,-0.0355,,,,,,,,,
2018-08-12,-1.4591,29.4834,S,,0.0523,,,,,,,,,,,,,,,,,,,,,,,,,,,,
2018-08-12,-1.4591,29.4834,SE,,0.0374,,,,,,,,,,,,,,,,,,,,,,,,,,,,
2018-08-12,-1.4591,29.4834,SO,0.0896,0.0885,,,,,,0.0037,,-0.0011,-0.0101,,0.0208,0.0298,0.0363,0.034,0.0235,0.012,-0.002,-0.0092,-0.0268,-0.0321,,,,,,,,
2018-10-07,-1.4564,29.4834,E,,,,,,,,,,,,,,,,,,,,,,,,,,0.0025,-0.0,-0.0008,-0.0005,0.006
2018-10-07,-1.4564,29.4834,N,,,,,,,,,,,,,,,,,,,,0.0096,0.0043,0.0088,0.0069,0.0033,-0.0004,0.0017,0.0073,0.0106,0.0115,0.0145
2018-10-07,-1.4564,29.4834,NE,,,,,,,,,,,,,,,,,,,,,,0.0048,0.0043,0.0024,0.0012,0.0079,0.007,0.0091,0.0045,0.0002
2018-10-07,-1.4564,29.4834,S,,0.0357,0.0332,0.0263,0.0245,0.0191,0.012,0.0096,0.0082,0.0079,0.0057,0.0059,0.0057,0.0023,0.0011,-0.0009,-0.0008,-0.004,-0.0022,-0.0016,-0.0026,-0.0029,-0.005,-0.0072,-0.0074,-0.0014,0.0017,0.0015,0.004,0.0064
2018-10-07,-1.4564,29.4834,SE,,,0.0231,0.024,0.019,0.0151,0.0093,0.0062,0.0037,0.0076,-0.0008,-1e-04,0.0002,-0.0048,-0.0067,,-0.0096,-0.0072,,-0.0036,,,,-0.0222,-0.0148,1e-04,0.0013,0.0035,0.0038,0.001
2018-10-07,-1.4564,29.4834,SO,0.0186,0.0177,0.012,,,,,,,,,,,,,,,,0.001,0.0,0.0,,,,,,,,,
2019-05-03,-1.4572,29.485,E,0.0394,0.0378,0.0363,0.0386,0.027,0.023,0.0144,0.0076,0.0078,0.0038,0.0038,-0.001,-0.0013,-0.0027,-0.0007,-0.0027,-0.0014,-0.0028,0.0004,-0.0013,-1e-04,-0.0014,-0.0022,-0.0016,-0.0016,0.0019,0.0051,0.0071,0.0055,0.0045
2019-05-03,-1.4572,29.485,N,0.0233,0.0183,-0.0046,-0.0045,-0.0039,0.0046,0.0009,0.0148,0.0206,0.0161,0.0047,-0.0087,0.0004,0.0028,-0.0008,0.0188,0.0121,0.0017,0.0073,0.003,0.0105,0.0043,-0.001,-0.0073,-0.0071,-0.0073,-0.0053,-0.0014,0.0028,0.0028
2019-05-03,-1.4572,29.485,NE,,-0.0019,-0.0016,0.0023,0.0073,0.0073,0.0062,-0.0048,-1e-04,-0.0046,0.0019,-0.0029,-0.0068,-0.0089,-0.0078,-0.0078,-0.0125,-0.0133,-0.0097,-0.002,-0.0061,-0.0045,-0.0018,0.0032,0.0065,0.0072,0.0062,0.0053,0.0042,0.0084
2019-05-03,-1.4572,29.485,NO,,1.5365,1.592,1.6165,1.5852,1.5419,,,,,,,,,,,,,,,,,,,,,,,,0.0373
2019-05-03,-1.4572,29.485,O,,0.0697,0.0646,0.0544,0.0492,,,,,,,,,,,,,,,,,,,,,,,,,
2019-05-03,-1.4572,29.485,S,,0.0338,0.0327,0.0288,0.0201,0.0187,0.0105,0.0116,0.0114,0.007,0.0079,0.0103,0.0127,0.0015,0.004,-0.003,-0.0058,-0.0069,-0.0065,-0.0043,-0.0062,-0.008,-0.008,-0.008,-0.008,-0.0066,-0.0053,-0.0023,0.0022,0.0025
2019-05-03,-1.4572,29.485,SE,,0.0497,0.0442,0.0435,0.0436,0.0344,0.0229,0.0159,0.0097,0.0081,0.0023,0.0031,0.0006,-0.0003,1e-04,0.0009,0.0004,-0.0043,0.0005,-0.0016,-0.0013,0.003,-0.0006,0.0065,-0.0015,-0.0003,0.0039,0.0053,0.004,0.0024
2019-05-03,-1.4572,29.485,SO,0.0418,0.0167,0.0158,0.015,0.0133,0.0045,-0.0042,-0.0018,0.0023,0.0042,0.0069,0.0094,0.0123,0.0134,0.0058,0.0071,0.0082,0.0057,0.0047,0.0028,-0.0055,-0.0127,-0.0097,-0.0085,-0.0114,-0.0076,-0.0051,-0.0022,0.001,0.0037
2019-06-20,-1.4578,29.4853,E,0.0601,0.0545,0.027,0.0256,0.0335,0.0324,0.0237,0.0139,0.0088,0.0033,-0.0016,-0.0057,-0.0031,-0.0026,-0.0051,-0.0099,-0.0054,-0.0014,-0.003,-0.003,-0.0026,-0.0014,-0.0018,-0.0022,-0.0021,0.0018,0.0021,0.0042,0.0066,0.0057
2019-06-20,-1.4578,29.4853,NE,,0.0462,,0.0204,0.0204,0.0218,0.0204,0.01,0.0037,-0.0007,0.0034,0.0064,0.0016,-0.001,0.0027,,-0.0093,-0.0117,-0.0081,-0.0081,-0.0014,-0.0014,-0.0022,0.0011,0.0041,0.0041,0.0066,0.0026,0.0005,0.0012
2019-06-20,-1.4578,29.4853,NO,,,,,,,,,,,,,,,,,,,,,,,,,,,,,,-0.0017
2019-06-20,-1.4578,29.4853,O,,0.0956,,,,,,,,,,,,,,,,,,,,-0.0094,-0.009,,,0.0019,-0.0052,-0.0068,0.0044,0.0014
2019-06-20,-1.4578,29.4853,S,,0.0715,0.0428,0.038,0.0286,0.0267,0.0153,0.0142,0.0098,0.0096,0.0076,0.0099,0.0052,0.005,-0.0002,-0.0018,-0.0036,-0.003,0.0003,0.0025,0.0018,-0.0003,-0.0005,-0.0054,-0.0043,-1e-04,-0.001,-0.0003,-0.0061,-0.0038
2019-06-20,-1.4578,29.4853,SE,,0.0697,0.0499,0.0346,0.0315,0.0304,0.0245,0.02,0.0107,0.0084,0.0027,-0.002,0.0009,-0.001,-0.004,-0.0043,-0.0013,-0.0035,0.0035,0.0022,0.0021,0.001,-0.0002,0.0021,0.0035,0.0007,0.0045,-0.001,0.0059,0.0002
2019-06-20,-1.4578,29.4853,SO,0.0728,0.0537,0.0299,0.0256,0.0206,0.0229,0.0239,0.0276,0.0372,0.0288,0.0274,0.0194,0.011,0.0003,-0.0152,-0.0162,-0.0163,-0.0164,-0.0164,-0.0163,-0.0141,-0.0063,0.0108,-0.0107,0.0104,0.0053,-0.0023,-0.0023,-0.0122,-0.017
2019-07-14,-1.4542,29.4826,E,-0.0171,-0.0158,-0.0129,-0.0107,-0.0102,-0.0082,-0.0069,-0.0031,-0.0027,-0.0011,1e-04,0.0007,-0.0005,0.0008,0.0023,0.0033,0.0039,0.0032,0.0021,0.001,0.0006,-0.0008,-0.0016,-0.0015,-0.0021,-0.0007,0.0004,-0.0002,-0.0007,-0.0007
2019-07-14,-1.4542,29.4826,N,0.0,,,,,,,,,,,,,,,,,,,,,,,,,,,,,
2019-07-14,-1.4542,29.4826,NE,,-0.0139,,,-0.0083,,,-0.0039,-0.0034,-0.0024,0.0002,0.001,0.0033,0.004,0.0047,0.0021,0.0008,-0.0003,-0.0008,-1e-04,0.0006,0.0036,0.0031,0.0024,0.0014,-0.0006,-0.0027,-0.0033,-0.0061,-0.0097
2019-07-14,-1.4542,29.4826,O,0.0,0.0,0.0,0.0,0.0,,,,,,,,,,,,,,,,,,,,,,,,,
2019-07-14,-1.4542,29.4826,S,,0.0059,0.0046,0.0056,0.0071,0.0071,0.0044,0.0058,0.0042,0.0049,0.0031,0.0019,0.0017,0.0021,0.0031,0.0038,0.0037,0.0023,0.002,-0.0003,-0.0009,-0.0018,-0.0022,-0.0009,-0.0006,-0.0011,-0.0015,0.0,0.0011,0.0014
2019-07-14,-1.4542,29.4826,SE,,-0.0029,0.0006,0.002,0.0031,0.0052,0.0061,0.0058,0.0054,0.0043,0.0041,0.004,0.0047,0.006,0.0064,0.0052,0.0062,0.004,0.0074,0.0033,0.0006,0.0023,0.0024,0.0025,-0.0039,-0.0045,-1e-04,-0.0031,-0.0025,-0.0032
2019-07-14,-1.4542,29.4826,SO,,0.0035,0.0039,0.0036,0.0036,0.0035,0.0023,0.0023,0.0028,0.0022,0.0017,0.0011,1e-04,1e-04,0.0002,0.0015,0.0007,-0.0018,-0.0027,-0.0034,-0.0044,-0.0053,-0.0046,-0.0027,-0.0035,0.0009,0.0,0.0002,0.0009,-0.0007
2019-08-15,-1.4602,29.4842,E,0.0453,0.0428,0.0376,0.0328,0.0183,0.011,0.0068,0.0038,0.0002,-0.0036,0.0006,0.0039,0.0044,0.0025,0.0053,1e-04,-0.0038,-0.0044,-0.0035,-0.0075,-0.0076,-0.0072,-0.0072,-0.0059,-0.0037,-1e-04,0.0043,0.0067,0.009,0.0134
2019-08-15,-1.4602,29.4842,N,0.1209,0.1067,0.0721,0.0557,0.0366,0.0163,-0.0223,-0.0298,-0.0349,-0.0342,-0.0365,-0.0391,-0.0358,-0.0284,,,,,,,,0.0401,0.0629,0.0586,0.0487,0.0359,0.0184,0.0105,0.0016,-0.0057
2019-08-15,-1.4602,29.4842,NE,,0.0189,0.0114,0.0114,0.0067,0.002,0.0013,0.0034,-0.0006,-0.0264,-0.0242,-0.0172,-0.0031,-0.0019,0.007,0.008,0.0056,0.0045,0.0024,0.0017,0.0019,0.0017,-0.0017,0.0035,0.0057,0.0069,-0.0038,-0.0012,0.0084,0.0009
2019-08-15,-1.4602,29.4842,NO,,0.0816,0.0744,0.0493,0.0289,0.0178,0.0108,-0.0074,1e-04,-0.0094,-0.0095,-0.0135,-0.0462,-0.0129,0.01,,,,,-0.0045,0.0072,0.0065,0.015,0.0106,0.0093,0.0042,0.0043,0.0,-0.0014,-0.0036
2019-08-15,-1.4602,29.4842,O,,0.096,0.091,0.0605,0.0441,0.0283,0.0087,-0.0073,-0.0099,0.0008,0.01,0.0104,0.0062,0.0087,0.0003,-0.0034,-0.0059,-0.0065,-0.0016,-1e-04,0.0015,0.0021,-0.0008,0.0005,0.0018,0.0035,0.0032,0.0064,0.0089,0.0035
2019-08-15,-1.4602,29.4842,S,,0.0655,0.0597,0.0417,0.0278,0.0296,0.0268,0.0267,0.0226,0.0174,0.0163,0.0155,0.0144,0.0108,0.0086,0.0039,-0.0004,-0.0067,-0.0115,-0.0126,-0.0135,-0.0142,-0.0122,-0.0107,-0.0091,-0.0057,-0.0027,-0.0006,0.0027,0.0062
2019-08-15,-1.4602,29.4842,SE,,0.0667,0.0628,0.0545,0.0483,0.0383,0.0328,0.0243,0.0204,0.0136,0.0094,0.0079,0.0047,0.0012,-0.0007,-0.0051,-0.0069,-0.0079,-0.007,-0.0078,-0.0081,-0.0076,-0.0062,-0.0022,-0.0032,-0.0008,0.0015,0.005,0.0083,0.0097
2019-08-15,-1.4602,29.4842,SO,0.0643,0.0051,-0.0067,-0.0253,-0.0417,-0.0514,-0.0531,-0.0472,-0.0227,-0.0031,0.0212,0.0345,0.0403,0.0324,0.0281,0.0238,0.0132,0.0105,0.003,0.001,-0.0025,0.0,-0.0053,-0.0231,-0.0196,-0.0147,-0.0103,-0.0041,-0.0003,0.0044
2020-06-06,-1.4561,29.4885,E,0.0583,0.0481,0.0403,0.0244,0.0182,0.0158,0.0126,0.0129,0.0052,0.0019,0.0021,-0.0062,-0.009,-0.0127,-0.0011,-0.0019,,,0.0017,0.0008,0.0048,0.0034,0.0039,0.0094,0.0092,0.0057,-0.0007,-1e-04,-0.0004,-0.0015
2020-06-06,-1.4561,29.4885,N,-0.0102,-0.0179,-0.0203,,,,,,,-0.0023,-0.0053,0.0005,-0.0098,-0.0136,-0.0137,-0.0108,,,,,,,,,,,,,,0.1113
2020-06-06,-1.4561,29.4885,NE,,0.0245,,,-0.0018,,,,,,0.0034,0.0086,0.0029,0.0026,0.0015,0.0007,-0.0007,-0.0058,-0.0107,-0.0004,-0.0017,0.0047,0.0023,0.0066,-0.0021,0.0012,-0.0037,-0.005,-0.0063,-0.0093
2020-06-06,-1.4561,29.4885,NO,,-0.0129,-0.015,-0.023,-0.0272,-0.0301,-0.0053,-0.011,-0.0006,0.0078,0.0066,,,,-0.0039,0.0003,-0.0058,-0.0079,-0.0078,,,,,,,,,,,
2020-06-06,-1.4561,29.4885,O,0.0648,0.0549,0.0447,0.0362,,,,,,,,,,,,,,,,,,,,,,,,,,
2020-06-06,-1.4561,29.4885,S,,0.0864,0.0786,0.0702,0.0643,0.0552,0.0449,0.0336,0.0148,,,,,,,0.0043,0.0034,0.0036,0.0019,0.0021,0.0018,0.0012,0.0022,0.0044,0.0025,0.0033,0.0029,0.001,-0.0057,-0.0089
2020-06-06,-1.4561,29.4885,SE,,0.0798,0.0739,0.0672,0.0619,0.0515,0.0422,0.0209,0.0121,0.0052,-0.0054,-0.0081,0.0005,-0.0112,-0.0067,-0.0009,-0.011,-0.0123,-0.0069,-0.0002,0.0034,0.0027,0.0042,0.0058,0.004,0.0058,0.0025,-1e-04,0.0011,-0.0026
2020-06-06,-1.4561,29.4885,SO,,0.0536,0.045,0.0366,0.0276,0.0123,,,,,,,,,,,,,,,,,,,,,,,,
2020-08-01,-1.4605,29.4845,E,0.0494,0.0022,-0.0028,,,0.0035,0.0061,,0.006,0.0136,0.0224,0.028,0.03,0.0011,0.0013,0.0029,0.0012,-0.0012,-0.004,-0.0071,-0.0097,-0.0105,-0.0079,-0.0044,-0.0022,0.0021,0.0062,0.0103,0.0142,0.0173
2020-08-01,-1.4605,29.4845,N,0.1126,0.0866,0.0745,0.065,0.0161,0.0135,0.0056,0.0004,-0.0006,-0.0003,-0.0034,-0.0004,,,,,,,,,,,,,,,,,,
2020-08-01,-1.4605,29.4845,NE,,0.041,0.0063,0.0014,-0.0011,-0.0055,-0.01,-0.0029,-0.0333,-0.0318,-0.0243,-0.0173,-0.0059,-0.0032,0.0104,0.0121,0.0111,0.0118,0.0103,0.0095,0.0097,0.0102,0.0081,0.0074,-0.0006,0.0036,-0.0063,-0.0057,-0.0028,-0.0032
2020-08-01,-1.4605,29.4845,NO,,0.0307,-0.0012,-0.0159,-0.0276,-0.0309,-0.0441,-0.002,0.0049,0.0023,,,,,,,,,,,,,,,,,,,,
2020-08-01,-1.4605,29.4845,O,,0.0714,0.0491,0.0345,0.0171,0.0025,-0.0068,-0.0007,0.0027,0.0023,0.0106,0.0087,0.006,-0.0042,-0.0062,-0.008,-0.0071,-0.0031,-0.0005,0.0008,0.0025,0.0044,0.0028,0.0045,0.0069,0.0099,,,,
2020-08-01,-1.4605,29.4845,S,,0.0885,0.0347,0.0199,0.0034,-0.0117,-0.0184,-0.0204,-0.0135,0.0002,-0.0007,0.0026,0.0062,0.01,0.0071,0.0071,0.0024,-0.0007,-0.0016,-0.0004,-0.0017,-0.0039,-0.0101,-0.0088,-0.007,-0.0064,-0.0043,-0.0031,-0.0007,0.0022
2020-08-01,-1.4605,29.4845,SE,,0.0735,,,,,,,,-0.0007,0.0038,0.0038,0.0031,0.0024,0.0018,0.0051,0.0011,-0.001,-0.0007,-0.0013,-0.0018,-0.0004,-0.0015,0.0004,0.0024,0.0035,0.0021,0.0005,0.0023,0.0017
2020-08-01,-1.4605,29.4845,SO,0.0432,0.027,-0.0167,-0.0387,-0.0528,-0.0645,-0.0617,-0.0562,-0.0362,0.003,0.0196,0.0308,0.0397,0.0298,0.0213,0.0202,0.011,0.0094,0.0003,0.0002,-0.0015,-0.0011,-0.001,-0.0095,-0.0183,-0.0149,-0.0118,-0.0065,-0.0033,0.0027
2020-09-02,-1.4605,29.4848,E,,,,,,,,,-0.003,0.0048,0.0108,0.0127,-0.0054,-0.0066,-0.0043,0.0008,0.0026,0.0017,0.0024,-0.0026,-0.0045,-0.0032,-0.0016,1e-04,0.0002,0.0023,0.0056,0.0084,0.0107,0.0118
2020-09-02,-1.4605,29.4848,N,0.0246,0.021,0.0211,0.0199,,-0.0132,-0.0131,-0.0167,-0.0194,-0.0228,-0.0137,-0.0074,,,,,,,,,,,,,0.0444,0.0347,0.0296,0.0118,-0.0007,-0.014
2020-09-02,-1.4605,29.4848,NE,,,0.0049,-0.0064,-0.0063,-0.0058,-0.0231,-0.019,-0.0155,-0.0112,0.0005,0.0017,0.0067,0.0074,0.0108,0.008,0.0073,0.0059,0.0059,0.0041,0.0031,,-0.0039,-0.0086,-0.0116,,0.0306,0.0224,0.0141,0.0047
2020-09-02,-1.4605,29.4848,NO,,,,,0.0248,,,,,,,,,,,,,,,,,,,,,,,,,
2020-09-02,-1.4605,29.4848,S,,,,,,,,,,,,,,,,,,,0.0035,0.0007,-0.0012,-0.0009,-0.003,-0.0032,-0.0034,-0.0036,-0.0033,-0.0029,-0.0025,0.0003
2020-09-02,-1.4605,29.4848,SE,,,,,,,,,,,,,,,,,,0.0036,0.0023,-0.0016,-0.0021,-0.0024,-0.0007,-0.0007,-0.0017,-0.0018,-0.0016,0.0017,0.0025,0.0025
2020-09-02,-1.4605,29.4848,SO,-0.0256,,,,,,,,,,,,,,,,,,,0.0052,-0.0014,0.0039,0.0079,-0.0,-0.0002,0.0049,,,,
2021-02-25,-1.4602,29.4845,E,0.0586,0.0588,0.0591,0.0498,0.0426,0.0386,0.0204,0.0182,0.008,0.0063,0.016,-0.0007,-0.0045,-0.0103,-0.0074,-0.0103,-0.0108,-0.0088,-0.0069,-0.0073,-0.0063,-0.0046,-0.0033,-0.0012,-0.0,0.0019,0.0046,0.0072,0.0085,0.0105
2021-02-25,-1.4602,29.4845,N,0.1192,0.0945,0.0807,0.0686,0.0487,0.0116,0.0041,-0.0004,-0.0032,-0.0024,-0.0112,-0.007,,,,,,,,,,,,,,0.0539,0.0367,0.0143,-0.0037,-0.0224
2021-02-25,-1.4602,29.4845,NE,,0.0245,0.0423,0.0417,0.0406,0.0366,0.0378,0.0348,0.0036,0.0023,0.002,-1e-04,-0.0094,-0.01,-0.0161,-0.0106,-0.0124,-0.0154,-0.0152,-0.019,-0.0137,-0.0146,-0.0173,0.0064,0.0084,0.0103,-0.0024,0.0079,0.0175,0.0075
2021-02-25,-1.4602,29.4845,NO,,0.0539,0.0345,0.0204,-0.0144,-0.0379,-0.0346,-0.0526,-0.0272,-0.0565,-0.0636,-0.0584,-0.0545,,,,,,,0.0304,0.034,0.0281,0.0236,0.0179,0.0132,0.007,0.0038,-0.0053,-0.0122,-0.0172
2021-02-25,-1.4602,29.4845,O,,0.0453,0.0462,0.0188,0.0122,0.0038,-0.0026,-0.0061,-0.0159,-0.0246,-0.0257,-0.0234,-0.0193,-0.0099,-0.0112,-0.0049,-0.0036,-1e-04,0.012,0.0146,0.0156,0.0164,0.0076,0.0084,0.0107,0.012,0.0092,0.0109,0.011,0.0105
2021-02-25,-1.4602,29.4845,S,,0.1226,0.0709,0.0573,0.0471,,,,,,,,,,,,,,,0.001,,0.0014,0.0009,1e-04,-0.0009,-0.0015,-0.002,-0.0017,-0.0005,-0.0018
2021-02-25,-1.4602,29.4845,SE,,0.0805,0.0764,0.0629,0.0437,0.0233,,,,,,,,0.0029,0.0022,0.0015,0.0008,1e-04,-1e-04,-0.0007,-0.0016,-0.0022,-0.0026,-0.0031,-0.0031,-0.0006,-0.0005,0.0041,0.0053,0.0045
2021-02-25,-1.4602,29.4845,SO,0.0735,0.0604,0.0275,,-0.0082,,,,,,,,-0.0042,0.0041,0.0131,0.014,0.004,0.0028,0.0044,0.0099,0.0124,0.0161,0.0159,0.015,-0.0097,-0.0093,-0.0035,-0.0021,-0.0004,0.0008
2021-04-14,-1.4551,29.4823,E,-0.0025,-0.0028,-0.0025,-0.0012,-1e-04,-0.0002,0.0007,0.0015,0.0013,0.0012,0.0009,0.0007,0.001,0.0022,0.0051,0.0062,0.0071,0.0062,0.0054,0.0081,0.0078,0.0041,-0.0011,-0.0037,-0.0083,-0.0106,-0.014,-0.0117,-0.0115,-0.0144
2021-04-14,-1.4551,29.4823,N,,,,,,0.0064,0.0065,0.0074,0.0045,0.0034,-0.0,0.0004,-0.0014,-0.0027,,,,,,,,,,,,,,,,
2021-04-14,-1.4551,29.4823,NE,,-0.001,-0.0022,-0.0035,-0.0029,-0.0024,-0.0026,-0.0012,-0.0032,-0.0017,-0.003,-0.0019,0.001,0.0032,0.0055,0.0057,0.0054,0.0054,0.0047,0.0041,0.0033,0.0003,0.0019,0.001,-0.0028,-0.0039,-0.0042,-0.0007,-0.0048,-0.0089
2021-04-14,-1.4551,29.4823,O,0.0171,,,0.0148,0.0155,0.013,0.0113,0.0076,,,,,,,,,,,,,,,,,,,,,,
2021-04-14,-1.4551,29.4823,S,,0.0164,0.0149,0.0136,0.0108,0.0067,0.0,0.0,0.0,0.0,,,,,,,,,,,,,,,,,,,,
2021-04-14,-1.4551,29.4823,SE,,0.0217,0.0211,0.0215,0.021,0.0171,0.0102,0.0136,0.0132,0.0121,0.0123,0.0007,0.0079,0.003,0.0076,0.0025,-0.0061,-0.0061,-0.0056,-0.0007,0.0023,-0.0013,0.0011,0.0028,-0.0012,0.0101,0.0104,0.0115,0.0082,-0.0005
2021-04-14,-1.4551,29.4823,SO,,0.0161,0.0146,0.0116,0.0098,0.0071,0.0047,0.0,-0.0,-0.0,-0.0,,,,,,,,,,,,,,,,,,,
2021-07-03,-1.4607,29.4848,E,0.054,0.0472,0.0059,-0.0004,-0.0051,-0.0041,-0.0096,-0.0029,-0.0129,-0.0133,0.0047,-0.0036,0.0049,0.0043,0.0042,0.0069,0.0067,0.0031,0.0089,0.0013,-0.0021,-0.0053,-0.0063,-0.0062,-0.0058,-0.0038,-0.0007,0.0034,0.0073,0.0109
2021-07-03,-1.4607,29.4848,N,0.07,0.055,0.0167,-0.0161,-0.0213,-0.0257,-0.0281,-0.0284,-0.0302,-0.031,-0.0299,,,,,,,,,,0.039,0.0405,0.0377,0.0379,0.0298,0.0299,0.0159,0.001,-0.0004,-0.0107
2021-07-03,-1.4607,29.4848,NE,,0.03,0.0195,0.0018,-0.0094,-0.0175,-0.0417,-0.0379,-0.0412,-0.0341,-0.0207,-0.0144,0.0047,0.0111,0.0134,0.0144,0.0127,0.0108,0.0081,0.0048,0.0067,0.0051,0.0041,0.0077,0.0101,0.0075,0.0054,0.0034,0.0005,-0.0056
2021-07-03,-1.4607,29.4848,NO,,0.0828,0.0682,0.0504,0.0396,0.0472,0.0637,0.0586,,,,,,,,,,,,,,,,,,,,,,
2021-07-03,-1.4607,29.4848,O,,0.0648,0.0541,0.0455,0.0398,0.0257,0.0146,0.0168,0.0017,0.0022,0.005,-0.0035,-0.0066,,,,,,,,,,,,,,,,,
2021-07-03,-1.4607,29.4848,S,,0.1015,0.0949,0.0385,0.0241,0.0147,-0.0008,-0.0017,-0.0071,-0.0088,-0.0021,-0.0066,-0.0017,0.0049,0.0071,0.0126,0.0081,0.0024,-0.0023,-0.0016,-0.0063,-0.0082,-0.0074,-0.0071,-0.0072,-0.0073,-0.0036,-0.0058,-0.0032,-0.0014
2021-07-03,-1.4607,29.4848,SE,,0.0822,0.0759,0.0288,0.0307,0.0303,0.028,0.0215,0.0125,0.009,0.0055,0.0027,0.0013,0.0025,0.001,-0.0007,-0.0012,-0.0028,-0.0055,-0.0061,-0.0057,-0.0053,-0.0043,-0.0017,-0.0033,-0.0011,0.0007,0.0032,0.0062,0.0072
2021-07-03,-1.4607,29.4848,SO,0.069,0.0393,0.027,-0.0017,-0.0256,-0.0375,-0.0334,-0.0252,-0.0168,-0.0088,0.0047,0.0125,0.0212,0.0166,0.0152,0.0101,0.0069,0.0066,0.0035,0.0036,0.0028,-0.0011,-0.0009,-0.0158,-0.0138,-0.0125,-0.0101,-0.0057,-0.0063,-0.0011
2021-07-19,-1.4559,29.4888,E,0.0431,0.0353,0.0248,0.0156,0.0076,0.0051,-0.0003,-0.0013,-0.0007,0.0003,-0.0006,-0.0015,-0.002,-0.0016,-0.0011,-0.0004,-0.0,-0.0004,-0.0008,-0.0007,-0.0022,-0.0022,-0.0005,0.0039,0.0061,0.0073,0.008,0.0084,0.0081,0.0068
2021-07-19,-1.4559,29.4888,N,0.0395,0.0378,0.0286,0.0168,0.0093,0.0032,,,-0.0111,0.0025,0.0063,0.0113,0.0061,0.0029,-0.0024,-0.0035,-0.0046,-0.0044,-0.0044,-0.0054,-0.007,-0.0049,-0.0045,0.0005,0.0028,0.0044,0.0053,0.0044,0.0044,0.0068
2021-07-19,-1.4559,29.4888,NE,,0.0384,0.0323,0.0226,0.0176,0.0128,0.0049,-0.0087,-0.0058,-0.0031,-0.0047,-0.0034,-0.0041,-0.0042,-0.0018,0.0032,0.0019,0.001,0.0055,0.0031,0.006,0.0047,0.0058,0.0066,0.0049,0.0023,-0.0,-0.0011,-0.0022,-0.0071
2021-07-19,-1.4559,29.4888,NO,,0.0124,0.0048,-0.006,-0.0063,-0.0018,-0.0038,0.0036,0.0141,0.0127,0.0199,0.0197,0.0181,0.018,0.0128,0.0101,0.0084,,,,,,,-0.0149,-0.0204,-0.0174,-0.0102,-0.0026,0.0025,0.0094
2021-07-19,-1.4559,29.4888,O,0.0531,0.0465,0.0306,,,,,,,,,,,,,,,,,,,,,0.0,0.0,,0.0,,,
2021-07-19,-1.4559,29.4888,S,,0.0351,0.0338,0.0318,0.0315,0.0306,0.0317,0.0276,0.024,0.0204,0.0209,0.0136,0.0115,0.0067,0.005,0.0032,0.0012,0.0003,-0.0021,-0.0048,-0.0034,-0.0042,-0.0043,-0.0046,-0.0065,-0.0048,-0.0043,-0.0036,-0.0023,-0.001
2021-07-19,-1.4559,29.4888,SE,,0.0499,0.0409,0.0346,0.03,0.02,0.0164,0.0108,0.0104,0.0056,0.004,0.0023,0.0014,0.0003,0.0019,0.0012,-0.0005,-0.0012,-0.002,-0.0027,-0.0027,-0.0023,-0.0013,-0.0003,-0.0005,0.0021,0.003,0.0028,0.0039,0.0031
2021-07-19,-1.4559,29.4888,SO,,0.0416,0.0341,0.0292,0.0239,0.0218,0.0321,0.0353,0.0336,0.0355,0.0336,,,,,,,,,,,,,-0.0018,,-0.001,-0.0045,-0.0027,-0.0015,-0.0002
2021-08-04,-1.4572,29.4853,E,0.0181,0.0096,0.0036,,0.004,0.0054,0.0078,0.0067,0.0053,0.0038,0.0021,0.0006,-0.0009,-0.0007,-0.0004,-1e-04,0.001,0.0019,0.0021,0.0005,0.0015,0.0016,0.0012,0.0023,0.0028,0.0028,0.0023,0.0025,0.0012,-0.0011
2021-08-04,-1.4572,29.4853,N,,,,,,,,,,,,,,,,,,,,,,,,,,0.0,0.0,0.0,0.0,0.0
2021-08-04,-1.4572,29.4853,NE,,,,,,0.0079,0.007,0.0034,0.0034,0.0015,-0.0004,-0.0002,-0.0038,-0.0008,-0.0032,-1e-04,-0.0021,-0.0034,-0.0003,-0.0004,0.0009,0.0003,0.0008,0.0019,0.0015,0.0042,0.0038,0.0036,0.0016,0.0024
2021-08-04,-1.4572,29.4853,S,,0.0308,,,,,,,,,,0.0014,0.0011,0.0005,0.0003,1e-04,-0.0002,-0.0004,-0.0004,-0.0006,-0.0009,-0.0006,-0.0006,-0.0007,0.0005,1e-04,-0.0016,-0.001,-0.001,-0.0009
2021-08-04,-1.4572,29.4853,SE,,,0.0162,,,,,,0.0073,0.0057,0.0068,0.0039,0.003,0.0016,0.0002,-0.0011,-0.0021,-0.0031,-0.0037,-0.007,0.0045,0.0014,-0.0004,0.0002,0.0028,0.0049,0.0029,0.0015,0.0019,0.0012
2021-08-04,-1.4572,29.4853,SO,0.0332,0.0269,0.011,0.0,,,,0.0,,,,,,,,,,,,,,,,,,,,,,
2021-08-28,-1.4608,29.4845,E,0.0885,0.0759,0.0397,0.0345,0.0323,0.0321,0.0201,0.0072,-0.0063,-0.0201,,-0.0003,-0.0039,-0.0027,-0.0068,-0.0042,-0.0077,-0.0079,-0.0057,-0.0121,-0.0068,-0.002,-0.0034,-0.0031,0.0003,0.0031,0.0064,0.0077,0.0123,0.0141
2021-08-28,-1.4608,29.4845,N,0.1263,0.0783,0.0501,0.0313,-0.011,-0.0179,-0.0211,-0.0199,-0.0254,-0.0264,-0.0274,-0.0264,-0.0274,,,,,,,,,0.0633,0.0462,0.0439,0.0276,0.0249,0.0089,0.0046,-0.0047,-0.0036
2021-08-28,-1.4608,29.4845,NE,,0.051,0.0266,0.0223,0.0138,0.001,-0.0031,0.0014,-0.0278,-0.0384,-0.0427,-0.0066,-0.0045,-0.0009,0.0027,0.0023,-0.0008,-0.0023,-0.0053,-0.0059,-0.0082,-0.0073,-0.0098,0.0082,0.0052,0.0106,0.0103,0.0143,0.014,0.0098
2021-08-28,-1.4608,29.4845,NO,,0.0607,0.0374,0.0287,0.0114,0.0073,0.0151,0.023,0.0068,-0.0063,0.0027,-0.0106,-0.0152,,,,,-0.0063,0.0172,0.0147,0.0184,0.0091,0.0041,0.0011,0.0008,-0.0013,-0.0014,-0.0017,0.0015,0.0013
2021-08-28,-1.4608,29.4845,O,,0.1056,0.091,0.0595,0.0203,-0.0071,-0.0256,-0.0231,-0.023,-0.021,-0.0138,-0.0123,-0.0086,-0.008,-0.0092,-0.0046,0.0027,-0.0003,0.0043,0.0074,0.0061,0.0099,0.0253,0.0206,-0.0011,0.0008,0.0104,0.0122,0.0116,0.0093
2021-08-28,-1.4608,29.4845,S,,0.1254,0.0693,0.0497,0.0215,-0.0091,-0.0145,-0.0136,-0.0127,-0.0047,0.0034,0.0034,0.0081,0.0044,0.0126,0.0092,0.0056,-0.0009,-0.0045,-0.0093,-0.0095,-0.0084,-0.0069,-0.0063,-0.0056,-0.0049,-0.0039,-0.0029,-0.0015,-0.0005
2021-08-28,-1.4608,29.4845,SE,,0.1203,0.0903,0.0632,0.0602,0.049,0.0333,0.0186,0.0041,0.0011,-0.0,-0.0035,0.0004,0.002,0.0022,0.0,-0.001,-0.0036,-0.0051,-0.0063,-0.0047,-0.002,-0.0026,-0.0018,-0.0013,0.0003,0.0008,0.0005,0.0041,0.0051
2021-08-28,-1.4608,29.4845,SO,0.0864,0.0496,0.0214,-0.0304,-0.0507,-0.0565,-0.0512,-0.0426,-0.0127,-0.001,0.0212,0.0309,0.0299,0.0259,0.0182,0.0103,0.0083,0.0078,-0.0002,0.0026,-0.0005,-0.0,-0.005,-0.0198,-0.0143,-0.0095,-0.0102,-0.0075,-0.0016,0.0042
2021-10-23,-1.4602,29.485,E,0.0397,0.0431,0.0423,0.0335,0.0431,0.0388,0.0333,0.0279,0.0218,0.0054,0.0077,-0.0096,-0.0071,-0.0077,-0.0024,-0.0026,-0.0023,-0.002,-0.0027,-0.0048,-0.005,-0.0034,-0.001,0.0022,0.0041,0.0055,0.0072,0.0083,0.0103,0.012
2021-10-23,-1.4602,29.485,N,-0.0104,-0.0203,-0.0311,-0.0635,-0.0701,-0.0656,-0.0682,-0.0615,,,,,,,,,,,-0.0011,-0.0006,1e-04,0.0007,0.0021,0.0044,0.0048,0.0041,0.0026,0.0002,-0.0039,-0.005
2021-10-23,-1.4602,29.485,NE,,0.0113,0.0111,0.0109,0.0122,-0.0122,-0.0101,-0.009,-0.0112,-0.0103,-0.0107,-0.0081,-0.0077,-0.0055,-0.0023,0.002,0.0013,-0.0006,0.0017,-0.0056,0.0059,0.0127,0.0173,0.015,0.0128,0.008,-0.0064,-0.0109,-0.0272,-0.0352
2021-10-23,-1.4602,29.485,NO,,-0.0196,-0.0321,-0.0525,-0.0524,-0.0626,-0.0528,,,,,,,,,,,,,-0.0077,-0.0013,0.002,0.0078,0.0062,0.0051,0.0032,-0.0007,-0.0013,-0.0055,-0.0027
2021-10-23,-1.4602,29.485,O,,0.0035,-0.0065,-0.0263,-0.0284,-0.028,-0.024,-0.0112,-0.0063,0.0005,-0.007,-0.0029,0.0013,0.0044,-0.0014,0.0019,0.0008,-0.0006,0.0016,0.0009,0.0006,0.0043,0.0009,0.0033,0.0052,0.0071,0.0068,0.01,0.0101,0.0107
2021-10-23,-1.4602,29.485,S,,,,,,,,,,,,,,0.0243,0.0236,0.0217,0.0149,0.0039,-0.0058,-0.0063,-0.006,-0.0055,-0.0051,-0.004,-0.0032,-0.0026,-0.0004,-0.0002,0.0006,0.0015
2021-10-23,-1.4602,29.485,SE,,0.0516,0.0543,0.0525,0.0502,0.0459,0.0396,0.0319,0.0228,0.0175,0.0125,,0.0057,0.0054,0.0046,0.0035,0.0017,-0.0009,-0.0033,-0.0044,-0.0046,-0.0057,-0.0053,-0.0036,-0.0023,-0.001,0.0013,0.0032,0.0043,0.0052
2021-10-23,-1.4602,29.485,SO,0.0236,,,,,,,,,-0.0054,0.0026,0.0064,0.0194,0.0173,0.0157,0.017,0.0107,0.0044,-0.0012,0.0002,0.0013,0.004,0.0072,0.0071,0.0094,0.0092,-0.0061,-0.0035,-0.0052,-0.009
2021-11-08,-1.4597,29.485,E,0.0691,0.0655,0.064,0.0439,0.0472,0.0409,0.0324,0.0271,0.021,-0.0055,-0.0049,-0.0055,-0.0036,-0.0049,-0.0031,-0.0034,-0.0029,-0.0023,-0.0012,-0.0008,-0.0,0.0006,0.0013,0.0021,0.0026,0.003,0.0037,0.0041,0.0039,0.0039
2021-11-08,-1.4597,29.485,N,0.0309,0.0193,0.0115,-0.0189,-0.0311,-0.0366,-0.0402,-0.0354,-0.0535,-0.0515,-0.0432,,,,,,,,0.0187,0.0172,0.0133,0.012,0.0114,0.0103,0.0086,0.0048,0.0008,-0.001,-0.0042,-0.0059
2021-11-08,-1.4597,29.485,NE,,0.0409,0.0349,0.0348,0.0322,0.0022,-0.0015,-0.0022,-0.0037,-0.0095,-0.0093,-0.0077,-0.0061,-0.0031,-0.0053,-0.002,-0.002,-0.0049,-0.0045,-0.0061,-0.0009,0.003,-0.0042,0.0059,0.0018,0.0017,-1e-04,0.0008,0.0063,0.0002
2021-11-08,-1.4597,29.485,NO,,,0.0587,0.041,0.0014,-0.0066,-0.0102,-0.0099,-0.0114,-0.0133,-0.0102,-0.0083,,,,,,,,,,,,-0.0508,-0.0254,0.0098,0.0228,0.0158,0.0056,0.0022
2021-11-08,-1.4597,29.485,O,,,,,,-0.0354,-0.0344,-0.037,-0.0141,0.0049,0.0068,0.0076,0.0072,0.007,0.0046,0.0054,-0.004,-0.0068,-0.0053,,,,,,,-0.0266,-0.0121,-0.0,0.0087,0.0216
2021-11-08,-1.4597,29.485,S,,,,,,,,-1e-04,-0.005,-0.0066,-0.0071,-0.0033,-0.0008,-0.0015,-0.0007,-0.0037,-0.0035,-0.0025,-0.0057,-0.0065,-0.0063,-0.006,-0.006,-0.0053,-0.0048,-0.0042,-0.0027,-0.0022,0.0018,0.0029
2021-11-08,-1.4597,29.485,SE,,,0.0605,0.0465,0.0376,0.0283,0.0211,0.0138,0.0054,0.0019,0.0005,-0.0005,0.0008,0.0015,0.0006,-1e-04,-0.0013,-0.0052,-0.0056,-0.006,-0.0056,-0.0051,-0.0035,-0.0013,-1e-04,0.0003,0.0032,0.0044,0.0059,0.0068
2021-11-08,-1.4597,29.485,SO,0.0374,,,,,,,,,,,,,,,,,,,-0.0045,0.0225,0.0154,0.0137,0.0079,0.0071,0.0016,-0.0118,-0.0125,-0.0136,-0.0103
2022-05-10,-1.4564,29.4826,E,0.005,-0.0006,-0.0022,0.0009,0.0024,-0.0012,-0.0087,-0.0072,-0.0034,-0.0034,0.0029,0.003,0.0021,0.0006,0.0025,,,,,,,,,0.0057,0.0043,0.0039,0.0019,-0.0007,-0.0008,-0.0038
2022-05-10,-1.4564,29.4826,N,0.0084,0.0028,0.0067,0.0012,0.0,0.0,,,,,,,,,,,,,,,,,,,,,,,,
2022-05-10,-1.4564,29.4826,NE,,-0.031,-0.0311,-0.0316,-0.0311,-0.0333,,,,,,,,,,,,,,,,,,,-0.0042,-0.0007,-0.0008,0.0013,0.003,0.0043
2022-05-10,-1.4564,29.4826,NO,,0.0093,0.0,0.0,0.0007,,,,,,,,,,,,,,,,,,,,,,,,,
2022-05-10,-1.4564,29.4826,O,,,0.001,,,,,,,,,,,,,,,,,,,,,,,,,,,
2022-05-10,-1.4564,29.4826,S,,,0.0122,,0.0043,0.0028,0.0038,0.0033,0.0035,0.0031,1e-04,0.0022,0.0013,0.0016,-0.0004,-0.0006,-0.0024,-0.0004,-0.0,0.003,0.0005,-0.0038,-0.0008,-0.002,-0.0042,0.0002,-0.0017,-0.0035,-0.0008,0.0002
2022-05-10,-1.4564,29.4826,SE,,,0.0023,-0.0006,-0.0025,-0.0043,-0.0058,0.0035,0.0014,0.0033,0.0029,0.003,0.0018,0.0016,0.0027,0.0012,0.0017,0.0032,0.0021,-0.0009,-0.0019,-0.0032,-0.0049,-0.0036,-0.0003,0.0024,0.0025,0.0007,0.0079,0.0065
2022-05-10,-1.4564,29.4826,SO,0.0105,,,,,0.0,0.0,0.0,0.0,0.0,0.0,0.0,0.0,0.0,,,,,,,,,,,,,,,,
2022-05-19,-1.4589,29.4813,E,0.0109,0.0102,0.0096,0.0066,0.0083,0.0066,0.0019,0.0012,1e-04,0.0008,0.0014,0.0013,-0.0014,-0.0031,,-0.0018,,,,,,,,,,,,,,
2022-05-19,-1.4589,29.4813,N,0.0186,0.0153,0.0045,0.0,,,,,,,,,,,,,,,,,,,,,,,,,,
2022-05-19,-1.4589,29.4813,NE,,0.0066,0.0039,-0.0059,-0.0088,-0.0076,-0.0095,-0.001,0.0033,0.0044,0.0052,0.0031,0.0006,0.0023,-0.0005,0.0013,0.0022,,,,,,,,,,,,,
2022-05-19,-1.4589,29.4813,NO,,0.017,0.0145,,,,,,,,,,,,,,,,,,,,,,,,,,,
2022-05-19,-1.4589,29.4813,O,,0.0192,,,,,,,,,,,,,,,,,,,,,,,,,,,,
2022-05-19,-1.4589,29.4813,S,,0.008,0.006,0.0044,0.0035,0.0009,0.001,0.0016,0.0011,0.0,-0.0003,1e-04,0.0012,0.0017,-0.0035,,,,,,,,,,,,,,-0.0029,-0.0036
2022-05-19,-1.4589,29.4813,SE,,0.021,0.0169,0.0142,0.0107,0.0081,0.0047,0.0016,-0.0015,-0.0018,-0.0041,0.0004,,,,,,,,,,,,,,,,,,
2022-05-19,-1.4589,29.4813,SO,0.0139,0.0119,0.0107,,,,,0.004,,0.0015,-0.002,-0.002,-0.0029,-0.0036,,,,,,,,,0.0019,0.0013,0.0005,-1e-04,-1e-04,-0.0002,-0.002,-0.0023
2022-07-06,-1.4602,29.4848,E,0.0079,0.0105,0.0182,0.0073,-0.0004,0.0108,-0.005,0.0092,-0.0043,-0.004,0.0127,0.0016,0.0014,0.0022,0.0034,0.0007,-0.003,-0.0055,-0.0077,-0.0107,-0.0107,-0.009,-0.0082,-0.0058,-0.0032,1e-04,0.0037,0.007,0.0117,0.016
2022-07-06,-1.4602,29.4848,N,0.0653,0.0625,0.0418,0.0144,-0.0133,-0.028,-0.0317,-0.007,-0.008,-0.0098,-0.0135,-0.0263,,,,,,,,,-0.0115,0.0165,0.0362,0.0816,,,,,,
2022-07-06,-1.4602,29.4848,NE,,0.0071,0.0006,-0.0034,-0.0054,-0.0073,-0.0284,-0.0222,-0.0271,-0.016,-0.0059,-0.004,0.0026,0.0055,0.0031,0.002,-0.0007,-0.0025,-1e-04,-0.0019,0.0039,0.0059,0.0085,0.0139,0.016,0.0159,0.0059,0.0088,0.0072,-0.0015
2022-07-06,-1.4602,29.4848,NO,,0.0368,0.0475,0.0171,0.0032,-0.0023,-0.0086,-0.018,0.005,-0.0183,-0.0189,,,,,,,,,,,,,,,,,,,
2022-07-06,-1.4602,29.4848,O,,,0.0681,0.0618,0.0533,0.042,0.0296,0.0226,0.003,0.0026,-0.0006,-0.0017,-0.0025,-0.0032,-0.0047,-0.0097,-0.0107,-0.0118,-0.0071,-0.0048,-0.0024,-0.0005,-0.0002,0.0015,0.0052,0.0107,0.015,0.0014,0.0053,0.0096
2022-07-06,-1.4602,29.4848,S,,,,,0.0554,0.0377,0.0367,,,,,,,,,,,,0.003,0.0026,,,,-0.0,0.0002,0.0009,0.0003,-0.0004,-0.0011,-0.0022
2022-07-06,-1.4602,29.4848,SE,,,,0.0347,0.0344,0.0271,0.0185,0.0122,0.0046,0.0025,0.0118,0.0132,0.0161,0.0126,0.0094,0.014,-0.002,-0.0082,-0.0056,-0.0036,-0.0033,-0.0044,-0.0031,-0.0017,-0.0012,0.001,0.0015,0.0036,0.0056,0.0072
2022-07-06,-1.4602,29.4848,SO,0.1018,,,0.0735,0.0376,0.0156,-0.0039,-0.0038,-0.0037,-0.0036,-0.0005,,0.0036,0.0099,0.0055,0.0012,-0.0035,-0.0035,-0.0028,-0.0034,-0.0007,0.0015,0.0017,0.0035,0.0023,0.0052,0.0004,-0.0029,-0.0029,-0.0029
2022-07-14,-1.4605,29.4845,E,0.0711,0.0195,0.0114,0.0092,-0.0003,-0.0064,-0.0084,-0.0091,-0.0106,-0.0094,-0.0032,-0.0025,0.0046,0.0023,0.0028,0.0038,-0.0006,-0.0031,-0.0008,-0.0022,-0.0044,-0.0045,-0.0049,-0.0038,-0.002,-0.0005,0.0013,0.0035,0.0069,0.01
2022-07-14,-1.4605,29.4845,N,0.12,0.0882,0.0708,0.0585,0.0096,0.003,-0.0075,-0.0134,-0.016,-0.0193,-0.0195,-0.0147,-0.0113,,,,,,,,,0.0943,0.0894,0.08,0.0709,0.0501,0.0413,0.0206,-0.0025,-0.0147
2022-07-14,-1.4605,29.4845,NE,,0.046,0.0057,-0.0007,-0.007,-0.0112,-0.0142,-0.0063,-0.0369,-0.0344,-0.0264,-0.0121,0.0059,0.0099,0.0133,0.012,0.0101,0.0074,0.006,0.0038,0.0024,0.0021,0.0024,0.0058,0.0032,0.0091,0.0071,0.0077,0.0058,0.0013
2022-07-14,-1.4605,29.4845,NO,,0.0697,0.0461,0.0296,0.0222,0.021,0.0015,-0.0042,-0.0021,-0.0099,-0.0307,-0.0126,-0.0166,,,,,,0.0026,0.0086,0.0088,0.0092,,,,,,,,
2022-07-14,-1.4605,29.4845,O,,0.1029,0.0729,0.0522,0.0344,0.022,0.0059,0.0015,-0.009,-0.0015,0.0174,0.0179,0.0148,0.0048,0.0006,-0.0018,-0.0035,-0.002,-0.0009,-0.0004,0.0005,-0.0036,-0.0029,0.0015,0.0031,-1e-04,-0.0034,1e-04,0.0042,0.0059
2022-07-14,-1.4605,29.4845,S,,0.1169,0.0642,0.0497,0.0339,0.0182,0.0023,0.0029,0.0032,0.0086,0.0099,0.0099,0.0092,0.0146,0.0083,0.005,0.0012,-0.0022,-0.004,-0.0038,-0.0058,-0.0067,-0.0089,-0.0072,-0.0064,-0.0063,-0.0012,-0.0039,-0.0009,0.0013
2022-07-14,-1.4605,29.4845,SE,,0.1008,0.0518,0.0528,0.048,0.0391,0.0256,0.0181,0.0141,0.0095,0.0068,0.0056,0.0042,0.0037,0.0002,-1e-04,-0.0048,-0.0089,-0.0085,-0.0079,-0.0059,-0.0043,-0.0037,0.0,-0.0015,0.0005,0.0014,0.0057,0.0065,0.0083
2022-07-14,-1.4605,29.4845,SO,0.0772,0.0673,0.0179,-0.02,-0.0365,-0.0498,-0.0577,-0.054,-0.0389,-0.0215,0.004,0.023,0.0353,0.0253,0.0215,0.0212,0.0113,0.0153,0.0042,0.0047,0.0043,0.0045,0.0009,-0.0078,-0.0163,-0.0137,-0.0106,-0.0055,-0.0025,0.0012
2022-07-22,-1.4608,29.4845,E,0.0696,0.0642,0.012,0.0036,-0.0059,-0.0136,-0.0233,-0.0284,-0.0031,-0.0396,0.0054,0.011,0.0204,0.0244,0.0028,0.0063,0.0131,0.0138,0.0141,0.0065,-0.0016,-0.0067,-0.0143,-0.0147,-0.0108,-0.0073,-0.0094,-0.0034,0.0044,0.0112
2022-07-22,-1.4608,29.4845,N,0.1485,0.1233,0.1034,0.0471,0.0216,0.0076,-0.0009,-0.0028,-0.0045,-0.0044,-0.0031,0.0023,0.0109,,,,,,,,,,,,,,,,,
2022-07-22,-1.4608,29.4845,NE,,0.0599,0.0394,0.0173,0.0036,-0.0088,-0.018,-0.0172,-0.047,-0.0411,-0.0331,-0.022,-0.0066,0.0008,0.0136,0.0235,0.0219,0.0204,0.0171,0.015,0.0151,0.014,0.0123,0.0153,0.0098,0.0029,-0.0028,-0.0017,-0.0012,-0.0007
2022-07-22,-1.4608,29.4845,NO,,0.0463,0.0343,0.0246,0.0062,0.0056,0.0048,0.0246,0.0078,0.002,-0.0245,0.0026,-0.0053,,,,,-0.0107,0.0033,0.0079,0.0162,0.0042,-0.0017,-0.0064,-0.0075,,,,,
2022-07-22,-1.4608,29.4845,O,,0.074,0.0664,0.0373,0.0146,0.0012,0.0009,0.0045,0.0071,0.0029,0.0142,0.012,0.0023,-0.0015,-0.0042,-0.0055,-0.0014,1e-04,0.0014,0.0019,0.001,0.0002,-0.0007,0.0017,0.0016,0.0002,-0.0024,-0.0009,0.0009,0.0006
2022-07-22,-1.4608,29.4845,S,,,,0.035,0.0134,0.0012,-0.0073,-0.0078,-0.0038,0.0059,0.0064,0.0096,0.0109,0.0133,0.0117,0.008,0.0028,-0.0039,-0.008,-0.0097,-0.0102,-0.0126,-0.0125,-0.0105,-0.0078,-0.0057,-0.0029,-0.0022,0.0006,0.0025
2022-07-22,-1.4608,29.4845,SE,,,,,,,,,,,,,,,0.0133,0.0052,0.0021,-0.0005,-0.0032,-0.0051,-0.0059,-0.0045,-0.0036,-0.0013,-0.0005,-0.0011,-0.001,0.0004,0.0017,0.0024
2022-07-22,-1.4608,29.4845,SO,0.0577,0.0195,-0.005,-0.0486,-0.0601,-0.0708,-0.0646,-0.0421,0.0047,0.0147,0.0331,0.0305,0.0383,0.026,0.0144,0.0146,0.0098,0.0068,-0.0005,0.001,1e-04,1e-04,-0.0037,-0.0211,-0.0174,-0.012,-0.0101,-0.0035,0.0015,0.0069
2022-10-22,-1.4613,29.4848,E,,,,,,,0.0187,0.0234,0.0213,0.0015,-0.0035,-0.0081,-0.006,-0.0126,-0.0125,-0.0122,-0.0122,-0.0098,-0.0048,-0.0007,-0.0049,-0.0073,-0.0064,-0.0048,-0.003,0.0013,0.0046,0.0114,0.012,0.0161
2022-10-22,-1.4613,29.4848,N,,,,-0.0109,-0.0396,-0.045,-0.0428,-0.0402,,,,,,,,,,,,,-0.0006,0.0029,0.0042,0.009,0.0053,0.0063,0.0004,-0.0006,-0.0034,-0.0013
2022-10-22,-1.4613,29.4848,NE,,,,,,,,0.0161,-0.0128,-0.0096,-0.0065,-0.0059,-0.0015,-0.0019,-0.0024,-0.0032,-0.007,-0.0093,-0.0064,-0.0043,-0.0099,-0.0102,-0.0098,0.007,0.0051,0.0061,0.0057,0.0061,0.0068,-0.0006
2022-10-22,-1.4613,29.4848,NO,,-0.0069,-0.0165,-0.02,-0.0169,-0.014,-0.0135,-0.013,-0.0108,-0.0043,,,,,,0.0073,0.0048,0.0089,0.0036,0.0076,0.0026,0.0035,0.003,0.0017,0.0006,-0.0011,-0.0019,-0.002,0.0014,0.0035
2022-10-22,-1.4613,29.4848,O,,0.0151,0.0046,-0.004,-0.0137,-0.0186,-0.0233,-0.0162,-0.0141,-0.0098,-0.0104,-0.0104,-0.0016,0.0023,0.0029,0.0068,0.0064,0.0058,0.0041,0.0072,0.008,0.0062,0.0026,0.0037,0.0067,0.0091,0.0132,0.0127,0.0121,0.0119
2022-10-22,-1.4613,29.4848,S,,0.0349,0.0255,0.0095,0.0034,-0.0028,-0.0032,-0.0097,-0.0012,0.005,0.0168,0.0098,0.0087,0.0084,0.0052,0.0034,0.0038,0.0036,-0.003,0.0047,-0.001,0.0053,-0.016,-0.0148,-0.0104,-0.0098,-0.0096,-0.0101,-0.007,-0.0063
2022-10-22,-1.4613,29.4848,SE,,,,,,,,,0.0178,0.0053,0.002,0.0013,0.0007,1e-04,-0.0003,-0.0008,-0.0006,-0.0018,-0.0008,-0.0026,-0.0034,-0.0039,-0.0036,-0.0032,-0.0026,-0.0016,-0.0018,-0.001,0.0017,0.004
2022-10-22,-1.4613,29.4848,SO,0.0247,0.0106,0.0039,-0.0157,-0.0144,-0.0255,-0.0194,-0.0387,-0.0059,-0.0159,0.0084,0.0036,0.0036,-0.0022,-0.0035,-0.0027,-0.0026,-0.0011,0.0026,0.0054,0.0056,0.0052,0.0056,-0.0055,-0.0058,-0.0062,-0.0064,-0.0033,-0.0021,0.0034
2022-12-17,-1.4589,29.4858,E,0.08,0.0719,0.059,0.0405,0.0305,0.0185,0.0094,-0.0011,0.0004,0.0024,0.0,-0.0015,-0.0014,-0.0027,-0.0053,0.0005,0.0023,0.0021,0.0033,0.005,0.0033,0.0023,-0.0006,-0.0018,-0.0048,-0.0034,,,,
2022-12-17,-1.4589,29.4858,N,-0.0205,-0.0295,-0.0386,-0.0472,,,,,,,,,,,,0.0003,-0.0032,-0.003,0.0023,0.009,0.0071,0.0071,0.0037,0.0008,0.0012,-0.0009,-0.0018,-0.0027,0.0004,0.001
2022-12-17,-1.4589,29.4858,NE,,0.031,0.0251,0.0188,0.0158,0.0135,0.0079,-0.0013,0.001,-0.0054,-0.0054,-0.0085,-0.0087,-0.0129,-0.011,-0.0002,-0.0054,0.0004,0.0029,0.0005,1e-04,0.001,1e-04,0.0098,0.0117,0.0041,0.0088,0.0105,0.0061,0.005
2022-12-17,-1.4589,29.4858,NO,,,,,,,,,,,,,,,,,,,,,,,,-0.0039,0.0004,0.0026,-0.0003,-0.0042,-0.0038,-0.0053
2022-12-17,-1.4589,29.4858,O,,,,,,,,,,,0.0116,0.005,0.0058,0.006,0.0007,-0.0047,-0.0006,-0.0064,-0.0157,-0.0174,-0.0153,-0.0089,0.0007,0.0099,0.0173,0.0179,0.0131,0.0064,0.0056,0.0005
2022-12-17,-1.4589,29.4858,S,,,0.0665,0.0574,0.0243,0.007,-0.006,-0.0126,-0.012,-0.0115,-0.0108,-0.0105,-0.0101,-0.0093,-0.0092,-0.0085,-0.0066,-0.0056,-0.0074,-0.007,-0.0064,-0.0059,-0.0056,-0.0049,-0.0025,-0.0019,0.001,0.0029,0.003,0.005
2022-12-17,-1.4589,29.4858,SE,,0.0903,0.0824,0.0648,0.0324,0.0143,0.0063,0.0048,0.004,0.0028,0.0015,0.0006,-0.0011,-0.0019,-0.002,-1e-04,-0.0034,-0.002,-0.0008,0.0023,0.0019,-1e-04,0.001,-0.0008,-0.0028,-0.0015,0.0025,0.003,0.0033,0.0013
2022-12-17,-1.4589,29.4858,SO,0.045,,,,,,,,,,0.0414,0.0236,0.0083,-0.007,-0.0114,-0.0108,-0.0059,-0.0058,0.0083,0.0115,0.0078,0.0121,0.008,0.0061,0.0072,-0.002,-0.0007,0.0017,0.0007,0.0047
2023-01-03,-1.4602,29.4848,E,0.0459,,,,,,0.041,0.0322,-0.0035,-0.0044,0.0014,-0.0054,-0.0059,-0.007,-0.0077,-0.0063,-0.0063,-0.0079,-0.003,-0.0,-0.0002,0.001,-0.0005,0.0041,0.0013,0.004,0.0025,0.0075,0.0064,0.0039
2023-01-03,-1.4602,29.4848,N,0.0246,0.0191,0.0135,0.0065,-0.0167,-0.0187,-0.0185,-0.0201,-0.0172,-0.0155,-0.0198,-0.0339,,,,,,,,,0.013,0.0167,0.0168,0.0196,0.0116,0.0123,0.0086,0.0025,-0.0032,-0.006
2023-01-03,-1.4602,29.4848,NE,,0.0475,0.0425,,,,,0.0377,0.0139,0.0075,-0.0017,-0.0036,-0.0137,-0.0163,-0.015,-0.0068,-0.0086,-0.0151,-0.0144,-0.019,-0.0099,-0.0047,-0.0087,0.0053,0.0039,0.0036,-0.0016,0.0085,0.0136,0.0125
2023-01-03,-1.4602,29.4848,NO,,0.0122,0.0108,-0.01,-0.0076,-0.0121,-0.012,-0.0204,-0.0139,-0.0196,-0.0215,-0.0286,,,,,,,,0.0112,0.0081,0.0032,0.0127,0.0085,0.0096,0.0071,0.0062,-0.0016,-0.0054,-0.0034
2023-01-03,-1.4602,29.4848,O,,0.0428,0.0402,0.0327,0.0287,0.0146,0.0075,0.0049,-0.0086,-0.0141,-0.0141,-0.0107,-0.0062,-0.0079,-0.0164,-0.0119,-0.0143,-0.0034,0.0012,0.0094,0.011,0.0127,0.0051,0.0099,0.0115,0.0079,0.0131,0.0171,0.0142,0.0137
2023-01-03,-1.4602,29.4848,S,,0.064,0.0408,0.0157,0.012,0.0019,-0.0077,-0.0112,-0.0109,-0.0036,0.0008,-0.0,0.0012,-0.0021,-0.0002,0.0037,0.0032,-0.0022,-0.0055,-0.0055,-0.0096,-0.0069,-0.0099,-0.0037,-0.0097,-0.0045,-0.0087,-0.0052,-0.0021,-0.0018
2023-01-03,-1.4602,29.4848,SE,,0.0517,,0.0449,0.0341,,,,0.0032,0.0026,0.0022,0.0013,0.0003,-0.0004,-0.0008,0.0026,-0.0013,-0.0022,-0.0027,-0.0026,-0.0039,-0.003,-0.0021,-0.0016,-0.0,-0.0022,-0.0005,-0.0004,0.0047,0.0032
2023-01-03,-1.4602,29.4848,SO,0.0434,0.0301,0.0301,0.0153,-0.007,-0.016,-0.0186,-0.0163,-0.0121,-0.0148,-0.0103,-0.0016,0.0008,0.0032,0.0053,0.0136,0.0135,0.0089,0.004,0.0056,0.0073,0.0073,0.0066,-0.002,0.0031,-0.0035,-0.0107,-0.0106,-0.0094,-0.0055
2023-01-06,-1.4602,29.4842,E,0.0869,0.0844,0.0811,0.0663,0.0421,0.0296,0.0134,0.0038,0.0029,0.004,0.0096,,,,,,,,,,,,,,,,,,,
2023-01-06,-1.4602,29.4842,N,0.1394,0.1229,0.0938,0.0782,0.0636,0.0483,0.0107,0.0028,-0.0063,-0.0076,-0.0101,-0.0137,-0.0096,-0.0057,,,,,,,,,0.0275,0.0257,0.027,0.021,0.0137,0.0041,-0.0075,
2023-01-06,-1.4602,29.4842,NE,,0.0507,0.054,0.0544,0.061,0.053,0.0443,0.0231,0.0016,-0.014,-0.0308,,,,,,,,,,,,,-0.0382,-0.0278,-0.0214,,,,
2023-01-06,-1.4602,29.4842,NO,,0.0614,0.0471,0.0203,-0.0005,-0.0126,-0.0291,-0.0368,-0.0273,-0.0346,-0.0343,-0.0283,-0.0689,-0.0197,0.0313,,,,,0.0328,0.0361,0.031,0.0291,0.0209,0.0173,0.0101,0.0065,-0.0033,-0.0106,-0.0188
2023-01-06,-1.4602,29.4842,O,,0.0712,0.0651,0.0405,0.0375,0.0226,0.0138,0.001,-0.0077,-0.02,-0.0244,-0.0259,-0.03,-0.0176,-0.0202,-0.0068,-0.0049,0.0009,0.0378,0.0365,0.0367,0.0348,0.0295,0.0313,0.0309,0.0271,0.0224,0.0203,0.0163,0.0102
2023-01-06,-1.4602,29.4842,S,,0.0568,0.0504,0.0357,0.0236,0.0158,0.0211,0.0174,0.0387,0.0137,0.0107,0.0093,0.0057,-0.0107,-0.0057,-0.0118,-0.0187,-0.0256,-0.0245,-0.0232,-0.0207,-0.0185,-0.0171,-0.0139,-0.0112,-0.0081,-0.0021,0.0028,0.0059,0.0097
2023-01-06,-1.4602,29.4842,SE,,0.1052,0.0973,0.077,0.0557,0.0375,0.0258,0.0122,0.0074,0.0037,0.002,0.0015,0.0024,-0.0,-0.0009,-0.0046,-0.0048,-0.0049,-0.0051,-0.0053,-0.0055,-0.0056,-0.0044,-0.0026,-0.0014,0.0003,0.0024,0.004,0.0064,0.0073
2023-01-06,-1.4602,29.4842,SO,0.0115,-0.0401,-0.0437,-0.0467,-0.0436,-0.0413,-0.0291,-0.0167,0.0055,0.0161,0.0266,0.0162,0.0284,0.0178,0.013,0.0098,0.0066,0.0067,-0.0038,-0.0004,-0.0028,0.0044,0.0064,-0.0295,0.0021,-0.0114,-0.0117,-0.0065,0.0002,0.0131
2023-03-22,-1.4608,29.4845,E,0.0771,0.0722,0.0404,0.0456,,,,,,,,,,,,,,-0.0008,-0.0021,-0.0023,0.0007,0.0021,-0.0007,-0.0007,0.0018,0.0016,0.0027,0.0027,0.0044,0.0027
2023-03-22,-1.4608,29.4845,N,0.0763,0.0534,0.0405,0.0314,1e-04,-0.0046,0.002,0.003,0.0012,-0.0057,-0.0099,-0.0111,,,,,,,,,,,,,0.0154,0.0184,0.0079,0.0053,0.0023,-0.0003
2023-03-22,-1.4608,29.4845,NE,,0.0524,0.0373,0.0341,0.0291,,,,,,,,,,,,,,-0.008,-0.0072,-0.0085,-0.0104,-0.0072,0.0004,-0.0034,0.0023,-0.001,0.0038,0.0149,0.0103
2023-03-22,-1.4608,29.4845,NO,,0.0344,0.02,0.0124,0.0043,0.0025,0.0021,0.007,0.0066,-0.0018,-0.0013,-0.0068,-0.0123,,,,,0.001,0.0181,0.0194,0.0224,0.0067,0.0031,-1e-04,0.0052,-0.003,-0.0053,-0.005,-0.0032,0.001
2023-03-22,-1.4608,29.4845,O,,0.0626,0.0607,0.0346,0.0169,-0.0006,-0.0089,-0.0115,-0.011,-0.0058,-0.0043,-0.0022,-0.0037,-0.0006,0.0027,0.0126,,0.037,,,,,,,,,,,,0.0371
2023-03-22,-1.4608,29.4845,S,,0.0795,0.0372,0.0235,0.0058,-0.0012,-0.0147,-0.0143,-0.0107,-0.0048,-0.0027,0.0028,0.004,0.0022,0.0078,0.01,0.0085,0.0027,-0.0055,-0.0069,-0.0079,-0.0076,-0.0078,-0.0079,-0.0058,-0.0049,-0.0022,-0.0046,-0.0035,-0.0003
2023-03-22,-1.4608,29.4845,SE,,0.0895,0.071,0.052,0.0446,0.0317,0.0112,0.0034,0.0008,0.0036,,,-0.0072,,,,,,,,-0.0022,-0.001,0.0009,0.0006,0.0027,-1e-04,-1e-04,-0.0014,-0.0004,0.004
2023-03-22,-1.4608,29.4845,SO,0.0596,0.0444,0.0259,-0.0108,-0.0285,-0.0334,-0.0314,-0.0268,-0.027,-0.0241,-0.0165,-0.0013,0.0135,0.0132,0.013,0.0034,0.0077,0.012,0.0137,0.0112,0.009,0.0071,0.0024,-0.0173,-0.0157,-0.0187,-0.016,-0.016,-0.0177,
2023-05-14,-1.4605,29.4842,E,,,,,,,,,,,,,-0.0099,-0.0096,0.0082,0.0143,0.0114,0.004,0.0128,0.0075,0.0011,-0.0056,-0.0069,-0.0026,0.003,0.0054,0.0059,0.0075,0.0121,0.0156
2023-05-14,-1.4605,29.4842,N,,,,,,,,,,,,,,,,,,,,,,,-0.0061,-0.0043,-0.0011,-0.0007,0.0021,0.0037,-0.0025,0.0005
2023-05-14,-1.4605,29.4842,NE,,,,,,,,,,,,,,,0.0106,0.0116,0.0065,0.0087,0.0061,0.0047,0.0037,-1e-04,0.0003,-0.0057,-0.0033,-0.0022,-0.0022,-0.0016,-0.0003,0.0008
2023-05-14,-1.4605,29.4842,NO,,,,,,,,,,0.0065,0.0151,0.0094,0.0041,-0.0011,-0.0112,,,,,,,,,,,,-0.0064,-0.0035,-0.0029,-0.0002
2023-05-14,-1.4605,29.4842,O,,0.0729,0.038,0.011,0.0009,-0.0156,-0.0091,-0.0128,-0.0054,0.0022,0.0117,0.0109,0.0069,0.002,-0.0009,-0.0023,-0.0033,-0.0029,-0.0022,-0.0004,0.0013,-0.0013,0.0002,0.0021,0.0042,0.0028,-0.0058,-0.0036,-0.0008,-0.0007
2023-05-14,-1.4605,29.4842,S,,0.08,,,,,0.0,,,,,,,,,,,,,,,,,,,,,,,
2023-05-14,-1.4605,29.4842,SO,0.0984,0.0377,0.0327,0.0032,-0.0109,-0.0234,-0.0213,-0.0173,-0.0111,0.0074,0.0216,0.0261,0.0193,0.0171,0.0074,0.0011,-0.0007,-0.0031,-0.004,-0.0009,-0.0094,-0.0031,0.0058,0.0061,-0.001,-0.003,-0.0016,-0.0011,-0.0002,0.0012
2023-05-22,-1.4572,29.4858,E,,,,,,,,,,,,,,,,,,,,,,,,,,,,-0.0013,,0.002
2023-05-22,-1.4555,29.486,E,0.0322,0.0301,0.0298,,,,,,,,,,,,,,,,,,,,,,,,,,0.0009,
2023-05-22,-1.4537,29.4861,E,,,,,,,-0.001,-0.0045,-0.0053,-0.0064,-0.001,0.0019,0.0033,0.0023,0.0011,-0.0018,-0.0037,0.0006,0.0033,0.0075,0.0068,0.0056,0.0007,-0.0035,-0.0047,-0.0033,-0.003,,,
2023-05-22,-1.4555,29.486,N,-0.0056,-0.007,-0.0085,-0.0099,,,,,,,,,,,,,,,,,,,,,,,,,,
2023-05-22,-1.4537,29.4861,N,,,,,-0.0147,-0.0111,-0.0086,-0.0077,-0.0046,-0.0017,-0.0007,0.0013,0.0056,0.0073,0.0064,0.0044,0.0022,0.0044,0.0072,0.0045,0.0011,0.0003,0.0049,0.0014,0.0015,0.001,0.0012,-0.0023,-0.0039,-0.0093
2023-05-22,-1.4572,29.4858,NE,,,,0.0165,0.0154,0.0174,0.0163,,0.0021,,,0.0007,,0.0017,,0.0008,,,,,,,,,,,,0.005,0.0063,
2023-05-22,-1.4555,29.486,NE,,-0.0038,-0.005,,,,,-0.0013,,,-0.0031,,,,,,0.0031,,,,,,,,,,0.0018,,,0.008
2023-05-22,-1.4537,29.4861,NE,,,,,,,,,,-0.0041,,,0.0017,,0.0025,,,0.004,0.005,0.0051,0.0017,-0.0019,-0.0049,-0.0013,0.0002,-0.0017,,,,
2023-05-22,-1.4555,29.486,NO,,0.0247,0.0187,,,,,,,,,,,,,,,,,,,,,,,,,,,
2023-05-22,-1.4537,29.4861,NO,,,,0.0023,0.0003,-0.0009,0.0022,0.0005,0.0016,0.0029,0.0017,0.0056,0.0009,0.0044,0.0029,0.0022,-0.0018,-0.0082,-0.0044,0.0026,0.006,0.0054,0.0045,0.0065,0.0052,0.0035,0.0049,0.0009,-0.0049,-0.0034
2023-05-22,-1.4555,29.486,O,,0.0433,0.0251,0.0183,,,,,,,,,,,,,,,,,,,,,,,,,,
2023-05-22,-1.4537,29.4861,O,0.0106,,,,0.0033,0.0002,0.0007,0.0068,0.007,0.0125,0.013,0.013,0.0143,0.0126,0.0082,0.0044,-0.0116,-0.0122,-0.0136,-0.0137,-0.0196,-0.0222,-0.0245,,,,,,,
2023-05-22,-1.4572,29.4858,S,,,,0.0326,,,,,,,,,,,,,,,,,,,,,,,,,,
2023-05-22,-1.4555,29.486,S,,0.0439,0.0312,,,0.0251,0.0217,,,,,,,,,,,,,,,,,,,,,,,
2023-05-22,-1.4537,29.4861,S,,,,,0.0278,,,0.0185,0.0165,0.0156,0.0127,0.0105,0.0163,0.0198,0.0195,0.0248,0.0111,0.0024,-0.0005,-0.0023,-0.003,-0.0046,-0.0056,-0.0065,-0.0095,-0.0095,-0.0056,-0.0044,-0.0043,-0.0015
2023-05-22,-1.4572,29.4858,SE,,,0.0708,,,,,,,,,,,,,,,,,,,0.0012,,,,,,,,
2023-05-22,-1.4555,29.486,SE,,,,0.0305,,,,,,,,,,,,,,,,0.0093,0.0052,,,,,,,,,
2023-05-22,-1.4537,29.4861,SE,,-0.0057,,,-0.0034,-0.0121,-0.0127,-0.0106,-0.0042,0.007,0.0025,0.0025,0.0032,0.0035,0.0075,0.0079,0.0119,0.0097,0.0097,,,,-0.0008,-0.0045,-0.008,-0.0082,-0.0012,-0.0009,0.0009,0.0039
2023-05-22,-1.4572,29.4858,SO,0.0781,,,,,,,,,,,,,,,,,,,,,,,,,,,,,
2023-05-22,-1.4555,29.486,SO,,0.0525,0.0473,,,,,,,,,,,,,,,,,,,,,,,,,,,
2023-05-22,-1.4537,29.4861,SO,,,,0.0376,0.0257,0.0224,0.0188,0.0187,0.0163,0.0175,0.0169,0.0159,0.0117,0.0099,0.0039,-0.0025,-0.0053,-0.0054,-0.0051,-0.0054,-0.0054,-0.0051,-0.0052,-0.0049,-0.0051,-0.0049,-0.0048,-0.0048,-0.0048,-0.0044
2023-06-13,-1.4583,29.4813,E,0.0226,0.022,0.0166,0.0214,-0.0016,0.0003,0.0026,0.002,0.0004,0.002,0.0022,0.0015,0.0059,0.0048,0.0036,0.0039,0.0019,-0.0027,-0.0043,-0.0053,-0.0019,-0.0013,-0.0014,-0.0016,-0.0026,-0.0012,0.0007,0.0078,0.01,0.0129
2023-06-13,-1.4583,29.4813,N,0.0223,0.023,0.0077,0.0079,0.0005,0.0003,0.0003,-0.0046,-0.0048,0.0002,-0.0029,-0.0029,-0.003,0.01,0.0068,0.0069,0.0023,0.0036,-0.0073,-0.0072,-0.0012,-0.0038,0.0073,-0.0122,-0.0122,-0.0032,0.0125,0.0124,0.016,0.0084
2023-06-13,-1.4583,29.4813,NE,,0.0134,0.0114,-0.0042,-0.0092,-0.0142,0.0071,0.0123,0.0125,0.0095,0.0075,0.0073,0.007,0.0062,0.0057,0.0008,-0.0038,-0.0038,-0.0017,-0.0053,0.0009,0.002,-0.0017,-0.0033,-0.0085,-0.0031,-0.0008,0.0004,0.0021,0.0011
2023-06-13,-1.4583,29.4813,NO,,0.0223,0.0186,0.0029,0.0175,0.0178,0.0119,0.0107,0.0046,0.0046,0.0034,-0.0045,-0.0042,-0.0049,-0.0049,-0.0027,0.009,0.0025,-0.0013,-0.0003,0.0039,0.0012,0.0059,0.006,0.0081,-0.0032,0.0018,0.002,0.0076,0.0066
2023-06-13,-1.4583,29.4813,O,,0.0158,0.0077,0.0066,0.0116,0.01,0.0097,-0.0055,-0.0047,-0.0027,-0.0017,0.0009,0.0074,0.0063,0.0123,0.0126,0.0095,0.0078,0.0061,0.0029,-0.0065,-0.008,-0.0069,-0.0069,-0.0045,-0.0045,-0.0034,-0.0015,0.0013,0.0018
2023-06-13,-1.4583,29.4813,S,,0.0196,0.0144,0.0091,0.0144,0.0111,-1e-04,0.0009,0.001,0.005,0.0016,-0.0061,-0.0042,-0.0021,-0.0062,-0.0064,-0.0067,-0.0007,-0.0009,-0.0015,-0.0012,-0.0003,-0.0027,0.0006,0.0048,0.0045,0.0018,0.0025,-0.0023,-0.0021
2023-06-13,-1.4583,29.4813,SE,,0.0258,0.0226,0.0195,0.0188,0.0114,0.0101,0.0109,0.0047,0.0055,0.0031,-0.0009,-0.002,-0.0026,0.0015,0.001,1e-04,-0.0006,0.0002,-0.0005,0.0038,-0.0031,-0.0038,0.0011,-0.0,0.0006,0.0049,0.0063,0.0017,-0.0019
2023-06-13,-1.4583,29.4813,SO,0.0299,-0.0014,-0.0036,-0.0065,0.0116,0.0064,-0.0006,-0.0152,-0.0152,-0.006,-0.006,-0.0058,-0.0037,0.002,0.0056,0.0076,0.0097,0.0076,0.0074,0.0032,-0.0033,-0.0024,0.0003,0.0007,0.0008,-0.0023,0.0011,0.0016,0.0013,0.0016
2023-07-17,-1.4608,29.4842,E,0.055,0.0487,0.0007,0.0086,-0.001,-0.0101,-0.0131,-0.0138,-0.0135,-0.0133,-0.0089,-0.0033,0.0013,0.0096,0.0071,0.0106,0.0097,0.0048,0.0065,0.003,0.0006,-0.0004,-0.0005,-0.0008,-0.0021,-0.0008,0.0008,0.001,0.002,0.0028
2023-07-17,-1.4608,29.4842,N,0.102,0.0926,0.0653,0.0559,0.046,0.0363,0.0008,-0.0002,-0.0002,-0.0003,-0.0004,-0.0005,0.0006,-0.0005,,,,,,,,,,,,,,,,
2023-07-17,-1.4608,29.4842,NE,,0.0304,0.021,-0.0194,-0.0365,-0.0443,-0.0564,-0.0628,-0.0626,-0.0625,,,,,-0.0104,-0.0033,0.0035,0.0051,0.0042,0.0044,0.0042,0.0057,0.0058,0.0069,0.0047,0.0086,-0.0025,-0.0041,-0.0033,-0.0038
2023-07-17,-1.4608,29.4842,NO,,0.0429,0.0346,0.0196,0.01,0.0046,0.0019,0.0074,,,,,,,,,,,,,,-0.0049,-0.0028,-0.0022,-0.0014,-1e-04,0.0021,0.0019,-1e-04,0.0012
2023-07-17,-1.4608,29.4842,O,,0.0669,0.0534,0.028,0.0111,0.0004,0.0016,,,,,,,,,,-0.0078,-0.0029,,,,,,,,0.0035,0.0021,0.0026,0.003,0.0039
2023-07-17,-1.4608,29.4842,S,,0.039,0.03,0.0163,0.0075,-0.0019,-0.0098,-0.0074,0.0002,-0.0005,0.0061,0.0072,0.0073,0.0054,0.0023,-0.0002,-0.0039,-0.0062,-0.0062,-0.0063,-0.0079,-0.0085,-0.0088,-0.0063,-0.006,-0.0065,-0.0015,-0.0059,-0.0052,-0.0042
2023-07-17,-1.4608,29.4842,SE,,0.0326,0.0345,0.0338,0.0319,0.0234,0.014,0.0086,0.0051,0.0034,0.0017,0.0016,0.0021,0.001,0.0002,-0.0,-0.0051,-0.005,-0.0052,-0.0031,-0.0027,-0.0031,-0.0051,-0.0002,-0.0026,-0.0005,0.0004,0.002,0.0039,0.0034
2023-07-17,-1.4608,29.4842,SO,0.0444,-0.005,-0.0207,-0.0409,-0.0481,-0.0476,-0.042,-0.0321,0.0046,0.0098,0.0127,0.014,0.0062,-0.0032,-0.0224,-0.0254,,-0.0164,,,,,,,0.0171,-0.0091,-0.0051,-0.0015,-0.005,-0.0026
2023-07-27,-1.4558,29.4888,E,0.0431,0.0356,0.0268,0.0133,,,,,,,,,,,,0.0015,0.0035,0.0038,0.0035,0.0036,-0.0003,-0.0019,-0.0021,-0.0007,-0.0008,-0.0012,-0.003,0.0009,-0.0002,-0.0005
2023-07-27,-1.4558,29.4888,N,0.0245,0.0218,0.0197,0.0093,-0.0018,-0.0055,-0.0025,0.0024,0.0028,-0.0005,-0.0008,-0.0005,1e-04,0.0006,-0.0028,-0.0028,-0.0019,-0.0027,-0.0018,0.0029,0.0047,0.0051,-0.0003,-0.0039,-0.0043,-0.0027,0.0024,0.0073,0.0082,0.0089
2023-07-27,-1.4558,29.4888,NE,,0.0338,0.0354,0.0235,0.0135,0.0103,0.0173,,,,,,,,,,-0.0098,-0.0039,0.0007,-0.0023,0.0014,-0.0043,0.0023,0.0031,0.0045,0.0031,0.0023,0.0011,0.0044,0.0013
2023-07-27,-1.4558,29.4888,NO,,0.0258,0.0182,0.0076,-0.0059,-0.0145,0.0026,0.0098,0.0144,0.0137,0.0134,0.0109,0.0141,0.0079,0.0093,0.0083,0.0009,-0.0009,-0.0036,-0.0055,-0.0088,-0.001,-0.0056,-0.0017,-0.0107,-0.0023,-0.0012,0.0005,0.001,0.0049
2023-07-27,-1.4558,29.4888,O,0.078,0.0764,0.0659,0.0636,0.064,,,,,,,,,0.0331,0.0245,0.0065,0.0054,0.003,,,,,,,,,,,,-0.0007
2023-07-27,-1.4558,29.4888,S,,0.0475,0.0208,0.0174,0.026,0.0297,0.0336,0.033,0.0235,0.0176,0.0221,0.021,0.021,0.0185,0.0158,0.0107,0.0037,0.0008,-0.0005,-0.0014,-0.0043,-0.0076,-0.0096,-0.0075,-0.0074,-0.005,-0.01,-0.0089,-0.0081,-0.0074
2023-07-27,-1.4558,29.4888,SE,,0.0313,0.0147,0.0167,0.0186,0.0209,0.0156,0.0124,0.008,0.0024,-0.0014,-0.0008,-0.0042,-0.0068,-0.0028,,,-0.0033,,-0.0059,-0.0027,-0.0035,-0.001,0.0003,-0.0029,0.0011,0.0034,-0.0004,0.0026,0.0034
2023-07-27,-1.4558,29.4888,SO,,0.0509,0.0311,0.011,0.0083,0.0093,0.0196,0.0306,0.0325,0.0257,0.0238,0.024,0.0074,-0.0082,-0.0041,-0.001,0.004,0.0079,0.0042,-0.0186,0.0021,-0.0105,-0.0155,-0.0124,-0.0169,-0.0128,-0.0112,-0.0099,-0.0073,-0.0045
2023-08-26,-1.4608,29.4845,E,0.0617,0.0506,0.0003,-0.0118,-0.0147,-0.011,-0.0195,-0.0255,-0.0255,-0.0262,-0.027,,0.0322,0.0056,0.0133,0.0146,0.0129,0.0018,0.0019,-0.0016,-0.003,-0.0045,-0.0026,-0.0027,-0.0013,-0.0006,0.0009,0.0022,0.0038,0.0051
2023-08-26,-1.4608,29.4845,N,0.0958,0.0787,0.0675,0.0519,0.0,0.0,0.0,0.0,0.0,0.0,0.0,0.0,0.0,,,,,,,,,,,,,,,,,
2023-08-26,-1.4608,29.4845,NE,,0.0667,0.05,0.0322,0.0225,0.0154,0.0113,0.0182,-0.0035,-0.0248,,,,,,,,,,,,,,,,,0.0035,0.0053,0.007,0.0074
2023-08-26,-1.4608,29.4845,NO,,0.0094,-0.0023,-0.0079,-0.0188,-0.0226,-0.0178,-0.0061,-0.0325,-0.0649,-0.065,,,,,,,-0.0017,0.0082,0.0083,0.0125,0.0092,0.007,0.006,0.0043,-0.0023,1e-04,-0.0075,-0.0044,0.0004
2023-08-26,-1.4608,29.4845,O,,0.0264,0.0234,0.016,0.0117,0.0026,-0.0051,-0.0071,,,,,,,-0.0129,-0.0124,-0.0104,0.0065,0.0074,0.0045,-0.004,-0.0016,0.0006,0.0008,-0.0008,-0.0026,-0.003,0.0017,0.0058,0.0088
2023-08-26,-1.4608,29.4845,S,,0.0888,0.0317,0.023,0.0088,0.0,0.0,0.0,,,,,,,,,,,,,,,,,,,,,,
2023-08-26,-1.4608,29.4845,SE,,0.0846,0.0463,0.014,0.006,0.0049,0.0043,0.0041,,,,,,,,,,0.0002,0.005,-0.0061,-0.0006,-0.0017,0.0006,0.0002,1e-04,-1e-04,0.0013,0.0021,0.0019,0.0002
2023-08-26,-1.4608,29.4845,SO,0.0741,0.0451,0.0309,0.0116,0.0002,-0.0126,-0.003,-0.009,-0.0012,-0.0,0.0041,0.0079,0.0069,0.0081,0.0048,-0.0037,0.0008,0.0022,0.0081,0.0041,0.0099,0.0143,0.0113,0.01,-0.0097,-0.0063,-0.0039,-0.0031,-0.0014,-0.0021
2023-09-14,-1.4558,29.4853,E,,,,,,,,,,,,,,,0.0098,0.0066,0.0046,0.0024,-0.0033,-0.0092,-0.0096,-0.0043,0.0151,0.0148,,,,,,
2023-09-14,-1.4558,29.4853,N,,,,,0.0035,0.0033,0.003,0.0061,0.006,0.0051,0.0025,0.0045,0.0048,0.001,-0.0106,-0.0052,-0.0035,-0.0056,-0.0002,0.0013,-0.0017,-0.006,-0.0059,-0.0077,-0.0067,-0.0009,0.0058,0.0065,0.0074,0.009
2023-09-14,-1.4558,29.4853,NE,,,,,,,,,,,,,,,,0.0053,-0.0041,-0.0019,-0.0008,0.0004,0.0037,0.0029,0.0037,0.0007,-0.0015,-0.0008,-0.0039,-0.003,-0.0018,-0.0012
2023-09-14,-1.4558,29.4853,NO,,-0.0156,0.0043,-0.0029,0.0543,0.0148,0.0052,0.0131,0.013,0.0176,0.0129,,,-0.0089,-0.0041,,,,,0.0089,0.0088,-0.0007,-0.0007,-0.0007,-0.005,1e-04,1e-04,0.0002,0.0032,0.0015
2023-09-14,-1.4558,29.4853,O,0.1244,-0.0294,,,,,,,,,-0.013,-0.0088,0.0002,-1e-04,-0.0007,-0.0016,0.008,0.006,0.0082,,,,,,,,,,,
2023-09-14,-1.4558,29.4853,S,,0.1501,0.0,,,,,,,,,,,,,,,,,,,,,,,,,,,
2023-09-14,-1.4558,29.4853,SO,,-0.0138,,,,,,,,,,-0.0136,-0.0092,-0.0076,0.009,0.0094,0.0108,0.0108,1e-04,,,,,,,,,,,
2024-06-25,-1.4608,29.4845,E,0.0823,0.0757,0.0202,0.0179,0.0073,0.0041,-0.002,-0.007,-0.008,-0.0119,-0.0066,-0.0042,1e-04,0.0032,0.0028,0.0058,0.0041,-0.0014,0.0025,-0.0041,-0.0063,-0.0107,-0.0104,-0.0086,-0.0046,-0.0015,0.0009,0.0049,0.0107,0.015
2024-06-25,-1.4608,29.4845,N,0.11,0.0814,0.0606,0.0438,-0.0086,-0.0203,-0.0301,-0.0315,-0.0354,-0.0377,-0.0378,-0.0316,-0.0302,,,,,,,,,0.0444,0.0446,0.0463,0.0223,0.0183,0.0081,0.003,-0.0059,-0.0105
2024-06-25,-1.4608,29.4845,NE,,0.053,0.0297,0.0076,-0.0063,-0.0189,-0.0262,-0.024,-0.0527,-0.0519,-0.0439,-0.0305,-0.0087,-0.0031,0.0124,0.0189,0.0174,0.017,0.0115,0.0085,0.0053,0.0036,-0.0008,0.0184,0.0177,0.0222,0.017,0.016,0.0131,0.0093
2024-06-25,-1.4608,29.4845,NO,,0.0585,0.0388,0.027,0.0155,0.0158,0.0147,0.0322,0.0128,0.0075,-0.0118,0.0096,0.0002,,,,,-0.0123,0.0016,0.0051,0.01,0.0048,0.0013,1e-04,0.0007,-0.0007,-1e-04,-0.0031,0.0014,0.0063
2024-06-25,-1.4608,29.4845,O,,0.088,0.0728,0.0415,0.0208,0.008,0.0031,0.0043,-0.0037,0.001,0.0098,0.0096,-0.0012,-0.0031,-0.0044,-0.0068,-0.0035,-0.0022,-0.0019,-0.0008,-0.0017,-1e-04,0.0003,0.0028,0.0041,0.0024,0.0041,0.0074,0.0096,0.0107
2024-06-25,-1.4608,29.4845,S,,0.1222,0.0635,0.0412,0.0241,0.0137,-0.0024,-0.0031,-0.0064,0.0054,0.0098,0.0128,0.0146,0.0171,0.013,0.0078,0.0035,-0.0024,-0.0068,-0.0108,-0.0144,-0.0125,-0.011,-0.009,-0.0059,-0.0046,-0.001,0.0007,0.0037,0.0061
2024-06-25,-1.4608,29.4845,SE,,0.1069,0.0808,0.0542,0.0564,0.047,0.0382,0.0271,0.02,0.0165,0.0127,0.0095,0.0068,0.0051,0.0012,0.0004,-0.0026,-0.0069,-0.0083,-0.0075,-0.0073,-0.0066,-0.0049,-0.0002,-0.001,0.0021,0.0033,0.0077,0.0122,0.014
2024-06-25,-1.4608,29.4845,SO,0.0793,0.0347,0.0076,-0.041,-0.0559,-0.0675,-0.0663,-0.0506,-0.0227,-0.0063,0.0111,0.0244,0.0369,0.0258,0.0171,0.0197,0.0145,0.0093,0.0013,0.004,0.0016,0.005,-0.0003,-0.0184,-0.016,-0.013,-0.0099,-0.0045,-0.0004,0.0048
2024-07-03,-1.4607,29.4848,E,0.0719,0.0652,0.0176,0.0131,0.0014,0.0011,0.0013,0.0003,-0.0106,-0.0094,0.0099,-1e-04,0.0068,0.0027,0.002,0.0046,0.0054,0.0018,0.0034,-0.0049,-0.0087,-0.0117,-0.01,-0.0075,-0.0043,-0.0011,0.002,0.005,0.01,0.0136
2024-07-03,-1.4607,29.4848,N,0.0799,0.0555,0.0107,-0.0221,-0.028,-0.0324,-0.0367,-0.0391,-0.0426,-0.0415,-0.0371,-0.0289,,,,,,,,,0.0427,0.0432,0.0392,0.0201,0.0173,0.0115,0.0037,-0.0004,-0.0057,-0.0082
2024-07-03,-1.4607,29.4848,NE,,0.0311,0.0122,-0.007,-0.0196,-0.0267,-0.0538,-0.0505,-0.0565,-0.0457,-0.0224,-0.0181,0.0014,0.0107,0.0159,0.0192,0.015,0.0125,0.0093,0.006,0.0061,0.005,0.0038,0.0114,0.0145,0.0145,0.012,0.0096,0.0067,0.0031
2024-07-03,-1.4607,29.4848,NO,,0.053,0.0308,0.0178,-0.0041,0.0085,0.0357,-0.0263,-0.0031,-0.0099,-0.0382,,,,,,,-0.0065,0.0017,0.0073,0.0049,0.0022,0.0012,0.001,0.0007,-0.0013,-0.0013,-0.0021,0.003,0.0061
2024-07-03,-1.4607,29.4848,O,,0.0977,0.083,0.0615,0.0376,0.0145,0.0084,0.0202,0.0023,0.0004,0.0052,0.0054,-0.0022,-0.0045,-0.0065,-0.0093,-0.0056,-0.0047,-0.0019,-0.0024,-0.0042,-0.0026,-0.001,0.0016,0.003,0.0043,0.0054,0.0077,0.0094,0.011
2024-07-03,-1.4607,29.4848,S,,0.1266,0.1145,0.0533,0.0299,0.0122,-0.0151,-0.0058,-0.0023,-0.0073,0.0022,0.001,0.0043,0.0068,0.0087,0.0101,0.0063,0.0029,-0.004,-0.0079,-0.0083,-0.0037,-0.0099,-0.0085,-0.0068,-0.0053,-0.0032,-0.0028,-0.0013,0.0002
2024-07-03,-1.4607,29.4848,SE,,0.1,0.0957,0.0439,0.0402,0.0378,0.0358,0.0298,0.0202,0.0129,0.0083,0.0048,0.0027,0.0037,-0.0,-0.0028,-0.0057,-0.0077,-0.0087,-0.0082,-0.0067,-0.0069,-0.0051,-0.0007,-0.0014,0.0004,0.0019,0.0049,0.0079,0.0101
2024-07-03,-1.4607,29.4848,SO,0.0904,0.0651,0.0492,0.0019,-0.0269,-0.046,-0.0516,-0.0396,-0.0176,-0.0079,0.0099,0.0255,0.0341,0.0246,0.0193,0.0157,0.0113,0.0079,0.0019,0.0035,0.0002,0.0022,0.0031,-0.0016,-0.0103,-0.0102,-0.0099,-0.0053,-0.0039,0.001
2024-08-04,-1.4572,29.4866,E,0.0888,0.0796,0.0655,0.0429,0.019,0.0236,0.0353,,0.0168,0.0068,0.0035,0.0008,0.0004,0.0004,-0.0007,-0.0011,-0.0016,0.0013,0.0006,-0.0006,-0.0029,0.0035,0.0038,0.0003,0.0017,-0.0008,-0.0024,-0.0065,0.0052,0.0123
2024-08-04,-1.4572,29.4866,N,0.0087,,0.0039,-0.0062,-0.0089,-0.0088,-0.0071,-0.0062,-0.0028,-0.0024,-0.0023,-0.0051,-0.0002,0.0006,0.0098,0.0085,0.0078,0.0017,-0.0072,-0.0094,-0.0121,-0.0103,-0.0103,-0.0087,-0.0062,-0.0025,0.0047,0.0107,0.014,0.0155
2024-08-04,-1.4572,29.4866,NE,,0.0389,0.0335,0.0281,0.0186,0.0162,0.0067,0.0009,0.0052,0.0002,0.0149,0.0075,-0.0046,-0.0034,-0.0055,0.0009,-0.004,-0.0065,-0.0043,-0.0067,-0.0071,-0.0055,-0.0045,-0.0031,0.0002,0.0029,0.0052,0.0059,0.0086,0.0063
2024-08-04,-1.4572,29.4866,NO,,0.044,,,,,,,,,,,,,,,,,,,,,,,,,0.0022,-0.0022,-0.0012,0.0019
2024-08-04,-1.4572,29.4866,O,,0.0654,0.0503,0.0285,0.0093,-0.0026,-0.0086,-0.0074,-0.0065,-0.0044,,,,,,,,,,,0.0148,0.0182,0.0104,0.0097,0.0055,-0.0038,-0.0035,-0.0025,-0.0021,-0.0009
2024-08-04,-1.4572,29.4866,S,,0.0832,0.0703,0.0719,0.0401,,,,,,,,,,,,,,,,,,,,,,,,,
2024-08-04,-1.4572,29.4866,SE,,0.0837,0.0635,0.0342,0.0167,,,,,,,,,,,,,,,,,,,,,,,,,
2024-08-04,-1.4572,29.4866,SO,0.0845,0.078,0.0652,0.0545,,0.0259,,,,,,,,,,,,,,,,,,,,,0.0,,,
2025-02-20,-1.4624,29.4856,E,0.0526,0.0289,0.0154,0.0138,0.0115,0.0167,0.0183,0.018,0.0035,0.0025,0.0088,0.0108,0.015,0.0169,0.0225,0.0169,0.0071,0.0011,-0.0021,-0.0153,-0.0151,-0.0105,-0.0058,0.0005,0.0015,-1e-04,-0.0012,-0.0015,0.0018,0.0027
2025-02-20,-1.4624,29.4856,N,-0.0152,,,,,,,,,,,,,,,,,,,0.0107,0.0087,0.0033,0.0047,1e-04,-0.0008,-0.0024,-0.0047,-0.0068,-0.0083,-0.0101
2025-02-20,-1.4624,29.4856,NE,,0.0149,-0.0156,-0.0462,,,-0.0501,-0.0497,-0.0503,-0.0421,-0.0358,-0.0133,,,,,,,,0.0443,0.0495,0.0451,0.0306,0.0278,0.0156,0.0135,0.0041,-0.0023,-0.0054,-0.0116
2025-02-20,-1.4624,29.4856,NO,,-0.05,,,,,,,,,,-0.0057,-0.0017,0.0007,0.0071,0.0031,0.0025,0.0039,0.0045,0.0041,-0.0035,1e-04,0.002,0.0113,0.0032,0.0016,-0.0135,-0.0145,-0.0144,-0.0145
2025-02-20,-1.4624,29.4856,O,,-0.0185,-0.0149,-0.0121,-0.0069,-0.0021,-0.0076,-0.0027,-0.0,0.0035,0.0058,0.008,0.0123,0.0136,0.0035,0.006,0.0083,0.0082,0.0091,0.0032,0.0055,0.0061,0.0068,0.0073,0.0099,0.0135,0.0116,0.0115,0.0116,-0.0043
2025-02-20,-1.4624,29.4856,S,,0.0912,0.0843,0.0484,0.0187,0.0258,,,,,,,,,,-0.0183,-0.0002,0.0079,0.0049,0.0061,0.0013,-0.0011,-0.0083,-0.0053,-0.0103,-0.0198,,,,
2025-02-20,-1.4624,29.4856,SE,,0.0715,0.0514,0.0473,0.0342,0.0255,0.0131,-0.001,-0.001,,,-0.001,-0.001,,,,-0.0009,-0.0009,-0.0009,-0.0008,-0.0008,-0.0008,-0.0007,-0.0003,0.0,-0.0006,-0.0006,-0.0003,0.0013,0.0006
2025-02-20,-1.4624,29.4856,SO,0.056,0.0516,0.0475,0.0417,0.0123,0.0169,0.005,-0.0064,-0.0148,0.0199,0.0025,0.0031,-0.0107,0.0247,0.0043,-0.0072,-0.0248,-0.0235,-0.0327,-0.0262,-0.0106,0.0005,0.0083,0.008,-0.0018,0.0016,0.0037,0.0023,0.0008,-0.0021
2025-02-28,-1.4605,29.4845,E,0.1367,0.0866,0.084,0.0737,0.0628,0.0519,0.0327,0.0233,0.0085,-0.0013,-0.001,-0.0071,-0.0044,-0.0084,-0.0088,-0.0074,-0.0097,-0.0105,-0.0081,-0.0086,-0.0103,-0.0087,-0.0073,-0.0038,-0.0016,0.0012,0.0043,0.0081,0.012,0.0152
2025-02-28,-1.4605,29.4845,N,0.119,0.087,0.064,0.0452,0.0243,-0.0293,-0.0422,-0.0438,-0.0487,-0.0506,-0.0523,-0.0518,-0.0459,,,,,,,,0.0528,0.0701,0.0647,0.0551,0.0408,0.0236,0.0148,0.0052,-0.0061,-0.0109
2025-02-28,-1.4605,29.4845,NE,,0.095,0.0602,0.0543,0.0531,0.0478,0.0406,0.0415,0.0057,0.0011,-0.0008,-0.0013,-0.0059,-0.0067,-0.0117,-0.0143,-0.0133,-0.0164,-0.0182,-0.022,-0.0156,-0.0168,-0.0159,0.008,0.013,0.0155,0.0012,0.0079,0.0192,0.0063
2025-02-28,-1.4605,29.4845,NO,,0.0796,0.0407,0.0111,-0.0149,-0.0227,-0.0381,-0.027,-0.0322,-0.0365,-0.0802,-0.0361,0.0117,,,,,,0.0195,0.0238,0.0252,0.0224,0.0181,0.0131,0.0085,0.0031,0.0014,-0.0074,-0.0066,-0.0086
2025-02-28,-1.4605,29.4845,O,,0.0943,0.0663,0.0534,0.0374,0.0216,0.005,-0.0067,-0.0166,-0.0211,-0.0207,-0.0257,-0.0232,-0.01,-0.0125,-0.0046,-0.002,0.0118,0.0222,0.0234,0.0232,0.012,0.0105,0.0111,0.0154,0.0132,0.0141,0.0153,0.0124,0.0158
2025-02-28,-1.4605,29.4845,S,,0.1179,0.0593,0.0446,0.0278,0.0171,0.0183,0.025,0.0374,0.0351,0.0274,0.0216,0.0147,-0.0045,-0.0002,-0.0082,-0.0149,-0.0192,-0.0223,-0.0213,-0.0206,-0.0154,-0.0143,-0.0117,-0.0088,-0.0062,-0.0024,0.0008,0.0047,0.0085
2025-02-28,-1.4605,29.4845,SE,,0.1494,0.0944,0.0826,0.0652,0.055,0.0428,0.0273,0.0163,0.0066,0.0024,1e-04,-0.0011,0.0027,-0.0009,-0.0015,-0.0042,-0.0057,-0.0062,-0.0061,-0.005,-0.0046,-0.0042,-0.003,-0.0017,-0.0006,0.0018,0.0036,0.0062,0.0078
2025-02-28,-1.4605,29.4845,SO,0.0337,0.0191,-0.0234,-0.0351,-0.0401,-0.0421,-0.0361,-0.0258,0.0009,0.0173,0.0393,0.0336,0.0393,0.0241,0.0219,0.0142,0.0117,0.0125,-0.0025,0.0028,-0.0006,-0.0004,-0.0092,-0.0207,-0.0138,-0.0129,-0.0086,-0.003,0.0027,0.0162
2025-04-09,-1.4602,29.4842,E,0.0514,0.0493,0.0433,0.0355,0.0218,0.0188,0.0087,0.0083,0.0057,-0.0021,0.004,0.0049,0.0039,0.0007,0.0014,-0.0041,-0.0077,-0.0073,-0.0038,-0.0067,-0.0079,-0.0075,-0.0063,-0.0043,-0.0018,0.0008,0.0029,0.0064,0.0092,0.0123
2025-04-09,-1.4602,29.4842,N,0.1061,0.0972,0.0679,0.0627,0.0485,0.0276,-0.0229,-0.0285,-0.0324,-0.0321,-0.0319,-0.0363,-0.036,-0.036,,,,,,,,0.0285,0.0461,0.0494,0.0465,0.0367,0.0055,0.0015,-0.0016,-0.0036
2025-04-09,-1.4602,29.4842,NE,,0.0153,0.0113,0.017,0.021,0.0186,0.0194,0.0179,0.0157,-0.0132,-0.0115,-0.0072,-0.0037,-0.0014,-0.0046,-0.0043,-0.0045,-0.0078,-0.0076,-0.0096,-0.0107,-0.0108,-0.0108,0.0023,0.0072,0.0099,-0.0027,0.001,0.0121,0.0065
2025-04-09,-1.4602,29.4842,NO,,0.0739,0.0699,0.0464,0.0335,0.0184,0.0088,-0.0162,-0.0041,-0.0166,-0.0166,-0.0184,-0.056,0.0162,0.0123,,,,,0.0034,0.0157,0.0166,0.0177,0.0144,0.0093,0.0055,0.0034,-0.0,-0.0023,-0.0076
2025-04-09,-1.4602,29.4842,O,,0.0869,0.0842,0.0493,0.0389,0.0281,0.0159,0.0038,-0.0036,-0.0073,-0.0032,-0.001,-0.004,-0.0011,-0.0064,-0.0074,-0.0059,-0.0052,0.0021,0.0049,0.0071,0.0081,0.0022,0.0042,0.0051,0.0065,0.0017,0.0069,0.0102,0.0031
2025-04-09,-1.4602,29.4842,S,,0.0593,0.0565,0.0433,0.0272,0.0121,0.0029,0.0003,0.0043,0.0041,0.0058,0.002,0.0042,0.0032,-0.001,-0.0018,-0.0121,-0.0124,,,,,,,-0.0026,-0.0013,-0.0009,0.0006,0.0018,
2025-04-09,-1.4602,29.4842,SE,,0.0893,0.087,0.0741,0.0509,0.0249,0.0212,,,0.0,-0.0014,-1e-04,-0.0017,0.008,0.0055,0.0066,-0.0029,0.0016,0.005,-0.0033,-0.0034,-0.0089,-0.0043,-0.003,-0.0031,0.0019,0.001,0.0053,0.0062,0.0068
2025-04-09,-1.4602,29.4842,SO,0.0607,0.0015,-0.006,-0.0165,-0.0284,-0.0364,-0.0363,-0.0323,-0.014,-1e-04,0.0178,0.0223,0.0295,0.0223,0.0234,0.0191,0.0136,0.0142,0.0051,0.0033,0.0004,-0.0014,-0.0002,-0.0176,-0.0162,-0.0134,-0.0099,-0.0051,0.0003,0.0041
2025-07-30,-1.4608,29.4845,E,0.075,0.074,0.0229,0.0195,0.0138,0.0116,0.0042,-0.0003,-0.0021,-0.0077,-0.0013,-0.0028,0.0008,0.0047,0.0002,0.0031,0.0009,-0.0037,-0.0023,-0.0087,-0.0109,-0.0123,-0.0111,-0.0085,-0.0053,-0.0022,0.0028,0.0079,0.0122,0.0171
2025-07-30,-1.4608,29.4845,N,0.1121,0.084,0.0636,0.0399,-0.0202,-0.0338,-0.0435,-0.0448,-0.0476,-0.0519,-0.0484,-0.0439,-0.0374,,,,,,,,,0.0675,0.0676,0.0671,0.0301,0.022,0.0118,0.0066,-0.0065,-0.0104
2025-07-30,-1.4608,29.4845,NE,,0.044,0.0241,0.0072,-0.0063,-0.0165,-0.0231,-0.0183,-0.048,-0.0436,-0.0342,-0.0243,-0.0094,-0.0042,0.0058,0.0126,0.0114,0.0096,0.0059,0.0005,-0.0006,-0.0022,-0.0057,0.0185,0.0226,0.0283,0.019,0.0168,0.0162,0.0075
2025-07-30,-1.4608,29.4845,NO,,0.0501,0.0392,0.0278,0.0064,0.0036,0.0057,0.0222,0.012,0.0051,-0.0242,0.0053,-0.0005,,,,,-0.0061,0.0067,0.0071,0.013,0.0085,0.0064,0.0044,0.0015,-0.0004,-0.0005,-0.0036,-0.0007,0.0059
2025-07-30,-1.4608,29.4845,O,,0.0735,0.069,0.0424,0.0218,0.005,0.0011,0.0009,-0.0016,-0.0039,0.004,0.0043,-0.0019,-0.0015,-0.0025,-0.0037,-1e-04,0.0006,0.0018,0.0016,-0.0004,-0.0007,0.0003,0.0019,0.0034,0.0025,0.0029,0.0065,0.008,0.0085
2025-07-30,-1.4608,29.4845,S,,0.1206,0.0639,0.0428,0.0244,0.0224,0.0114,0.01,0.0093,0.0127,0.0093,0.013,0.0067,-0.0021,-0.0024,-0.0052,-0.0093,-0.0203,-0.0201,-0.0189,-0.0173,-0.0154,-0.014,-0.0125,-0.0101,-0.0054,-0.0032,-0.0041,-0.0024,0.005
2025-07-30,-1.4608,29.4845,SE,,0.1287,0.1068,0.0836,0.0848,0.0779,0.0637,0.0483,0.0297,0.0252,0.0278,0.0102,0.0012,-0.0023,-0.0159,-0.0119,-0.0173,-0.0167,-0.0139,-0.0161,-0.0152,-0.015,-0.0142,-0.0059,-0.0091,-0.0038,0.0006,0.0076,0.0112,0.0118
2025-07-30,-1.4608,29.4845,SO,0.0488,0.0101,-0.0117,-0.0521,-0.0632,-0.0745,-0.0704,-0.0519,-0.006,0.0098,0.0267,0.0336,0.041,0.0261,0.0197,0.0204,0.0132,0.0088,-0.0006,0.0013,-0.0031,-0.0007,-0.0077,-0.0097,-0.0166,-0.0119,-0.0091,-0.0032,0.0021,0.0081
