date,center_lat,center_long,direction,15m,45m,75m,105m,135m,165m,195m,225m,255m,285m,315m,345m,375m,405m,435m,465m,495m,525m,555m,585m,615m,645m,675m,705m,735m,765m,795m,825m,855m,885m
2000-10-23,-0.214,-90.7687,E,,0.0245,0.0386,0.0316,0.0122,0.0085,0.0134,0.0071,0.0145,0.0078,-0.0212,0.0097,-0.0256,-0.0097,0.0068,0.0205,0.0339,0.0439,0.0339,0.0098,-0.0078,-0.023,0.018,0.0191,-0.0626,-0.1311,,,,
2000-10-23,-0.214,-90.7687,N,,0.0022,0.0033,-0.0005,-0.0122,-0.0231,-0.0335,-0.0475,-0.0507,-0.0328,-0.0235,-0.0271,-0.0034,0.0223,0.0144,0.0385,0.0174,0.0143,0.0028,-0.0061,-0.0013,-0.0096,-0.0106,-0.0219,-0.0113,-0.0023,0.0039,0.0208,0.0278,0.0334
2000-10-23,-0.214,-90.7687,NE,-0.0758,,-0.0541,-0.0532,-0.0579,-0.0548,-0.0484,-0.0378,-0.0255,-0.007,0.0079,0.0153,0.0168,0.0192,0.0108,-0.0019,-0.0002,0.0317,0.025,0.0334,0.0372,0.0191,-0.0078,-0.0638,-0.0456,-0.0324,-0.0232,,,
2000-10-23,-0.214,-90.7687,NO,0.0857,0.0655,0.0407,0.0375,0.025,-0.0039,0.0179,0.0213,0.0125,0.0258,0.0121,0.0172,-0.007,-0.0146,-0.0082,0.0081,0.019,0.0212,0.0167,0.0015,-0.0116,0.0132,-0.0038,-0.026,-0.0026,0.0448,0.0356,0.034,0.0346,0.0345
2000-10-23,-0.214,-90.7687,O,,0.1834,0.0992,0.0324,-0.0047,-0.015,-0.0183,-0.013,-0.0102,-0.0037,-0.0036,0.0142,0.0236,0.0128,0.0116,-0.0198,-0.0297,-0.038,-0.0388,0.0227,0.0374,0.0216,-0.0013,-0.0111,-0.0089,-0.0099,,,,-0.0474
2000-10-23,-0.214,-90.7687,S,,0.17,0.1434,0.114,0.0925,0.075,0.0587,0.0284,0.0074,-0.0083,0.0007,-0.0066,-0.0077,0.0014,0.0061,-0.0041,0.0021,-0.0056,-0.0076,-0.0101,-0.0047,-0.0068,0.0002,0.0026,0.0038,0.0091,0.0007,0.0018,0.0024,0.0189
2000-10-23,-0.214,-90.7687,SE,0.0794,0.0989,0.0779,0.0797,0.0448,0.0002,-0.0411,-0.0767,-0.0433,-0.0067,-0.0488,0.0025,-0.0194,-0.0024,0.0052,-0.0018,-0.0426,-0.042,-0.0351,-0.0365,-0.0386,-0.0253,-0.0108,0.0129,0.0296,0.0039,-0.0107,-0.0014,-0.0102,0.0077
2000-10-23,-0.214,-90.7687,SO,0.2183,0.19,0.1281,0.0703,0.0501,0.0303,0.0141,0.007,0.0058,0.0132,0.0125,0.0172,0.0069,0.006,-0.0025,-0.0016,-0.0051,-0.0208,-0.0089,-0.0275,-0.011,-0.0178,-0.0154,-0.0151,-0.0139,-0.0132,-0.013,-0.0144,-0.0154,-0.0126
2001-10-26,-0.2167,-90.7652,E,,-0.0612,-0.1128,-0.0961,-0.0799,-0.0706,-0.0476,-0.0316,-0.0243,-0.0013,0.004,0.0085,0.0189,0.0223,0.0241,0.0334,0.0446,0.0329,0.0211,0.0183,0.0093,0.0076,0.0105,0.0108,-0.0016,-0.0213,-0.0281,-0.0289,-0.0297,-0.0298
2001-10-26,-0.2167,-90.7652,N,,-0.012,-0.0144,-0.0028,-0.0038,0.0272,0.0136,0.0137,0.0217,0.0124,0.0183,0.018,0.0188,0.029,0.0339,0.0393,0.0155,0.0172,0.0126,0.0111,0.0077,-0.0021,-0.0023,-0.0188,-0.0227,-0.0334,-0.0337,-0.0127,-0.0094,-0.0053
2001-10-26,-0.2167,-90.7652,NE,-0.0464,-0.0843,-0.0841,-0.0752,-0.0665,-0.0741,-0.0347,-0.0188,-0.0156,0.0126,0.0257,0.0185,0.0117,0.0097,0.0114,0.0137,0.0149,0.0083,0.0052,-0.001,-0.009,-0.0133,-0.0173,-0.0158,-0.0075,1e-04,0.0033,0.005,0.0019,0.0055
2001-10-26,-0.2167,-90.7652,NO,0.0357,-0.0014,0.0002,-0.0063,-0.0198,-0.019,-0.0455,0.0173,0.0275,0.0349,0.0294,0.0344,0.0304,0.0139,0.0197,0.0155,0.0081,0.017,0.0212,0.0196,0.0233,0.0228,0.0061,-1e-04,-0.0087,-0.0041,-0.0135,-0.0256,-0.0413,-0.0433
2001-10-26,-0.2167,-90.7652,O,,0.1505,0.1246,0.11,0.1087,0.0877,0.0551,0.0388,0.0406,0.0697,0.0359,0.0265,0.0333,0.0371,0.0279,0.0203,0.0215,0.0178,0.0105,-0.0101,-0.042,-0.0502,-0.0333,-0.0291,-0.0282,-0.0152,-0.0089,-0.0046,0.007,0.0132
2001-10-26,-0.2167,-90.7652,S,,0.1148,0.1077,0.0787,0.0754,0.0724,0.0643,0.0632,0.0521,0.0455,0.0168,0.0003,-0.0078,-0.0019,-0.0015,0.0054,0.0064,0.0032,-0.0023,0.0015,-0.0059,-0.0133,-0.0097,-0.0018,0.0038,-0.0005,-0.0003,-0.0159,-0.0096,0.0132
2001-10-26,-0.2167,-90.7652,SE,0.0322,0.0288,0.017,-0.0271,-0.019,-0.0141,0.0013,-0.0122,-0.0198,-0.0322,0.0011,-0.0217,-0.0177,-0.0156,-0.0099,-0.0048,-0.0067,0.0037,0.0036,0.0147,0.015,0.0167,0.0085,-0.0008,-0.0094,-0.0104,-0.0069,0.0134,0.0285,0.0406
2001-10-26,-0.2167,-90.7652,SO,0.145,0.1519,0.1387,0.13,0.113,0.1127,0.1217,0.1252,0.1072,0.1117,0.0941,0.05,0.077,-0.0123,-0.006,-0.0133,-0.0006,-0.0342,-0.0323,-0.029,-0.0331,-0.0444,-0.047,-0.0402,-0.0288,-0.0167,-0.0085,-0.0115,0.0048,-0.0028
2002-03-19,-0.2202,-90.7638,E,,0.0797,0.0732,0.0903,0.0682,0.0656,0.0708,0.0542,0.0746,0.0843,0.0434,0.0092,0.0033,-0.0151,-0.0331,-0.0167,-0.044,-0.0467,-0.0448,-0.0412,-0.0346,-0.0286,-0.0089,0.0135,0.0053,0.004,0.0066,0.0199,0.008,0.0023
2002-03-19,-0.2202,-90.7638,N,,0.0246,-0.0149,0.0016,-0.0502,-0.044,-0.0152,-0.0244,-0.0264,-0.0118,-0.0087,0.005,0.015,0.016,0.0163,0.0071,0.0025,-0.0014,-0.0002,-0.0025,-0.023,-0.0276,-0.0289,-0.0148,-0.0187,-0.0079,0.0073,0.0222,0.0257,0.0342
2002-03-19,-0.2202,-90.7638,NE,-0.0018,-0.0088,-0.0195,-0.0112,0.0016,-0.0644,-0.0499,-0.0354,-0.0235,-0.0016,0.0098,0.0155,0.0248,0.0322,0.0194,0.0169,0.0077,-0.0325,-0.01,-0.0176,0.0183,0.0639,-0.0529,,,,,,,
2002-03-19,-0.2202,-90.7638,NO,,0.1056,0.0958,0.0957,0.0267,0.037,0.0447,0.052,0.0319,0.0192,0.0234,0.0205,0.0213,0.0234,-0.0058,-0.0132,-0.0159,-0.0425,-0.0275,-0.0324,-0.0273,-0.0274,-0.0192,-0.0203,-0.0172,-0.0169,-0.01,-0.015,-0.005,-0.0095
2002-03-19,-0.2202,-90.7638,O,,0.1618,0.1188,0.0626,0.0708,0.0793,0.0604,0.0376,0.0207,0.0151,-0.0014,-0.0025,-0.009,-0.0113,-0.0063,-0.0154,-0.0161,-0.0142,-0.0183,-0.0161,-0.0041,0.0042,0.0108,0.0221,0.022,0.0098,-0.001,-0.0071,-0.0106,-0.0118
2002-03-19,-0.2202,-90.7638,S,,0.1216,0.1215,0.1284,0.0821,0.0442,0.0186,0.0034,-0.0002,-0.0008,-0.0092,0.0137,0.0045,-0.0186,0.005,-0.0134,-0.0126,-0.0108,-0.0104,,-0.0109,-0.0112,-0.0137,,,,,,,
2002-03-19,-0.2202,-90.7638,SE,0.0718,,0.0723,0.064,0.0474,0.0372,0.0424,0.0502,0.0645,0.0574,0.0568,0.0375,0.0116,0.0007,0.061,0.0268,0.0608,0.007,-0.0132,-0.0318,-0.0265,-0.0428,-0.0351,-0.0414,-0.0322,-0.0253,-0.0166,-0.0222,-0.0222,-0.0407
2002-03-19,-0.2202,-90.7638,SO,0.0983,0.0986,0.1087,0.0912,0.0945,0.0821,0.0832,0.0721,0.0437,0.0229,0.0072,-0.0068,-0.0225,-0.0178,-0.0265,-0.0286,-0.0235,-0.0193,-0.0032,0.0128,0.0334,0.0472,,,,,,,,
2002-04-20,-0.2202,-90.7638,E,,0.0669,0.0504,0.0812,0.0289,0.0211,0.0399,0.0211,0.0541,0.0561,0.0058,0.0457,0.0475,0.0327,0.0351,-0.0101,-0.0257,-0.0313,-0.0325,-0.0424,0.0047,-0.0144,0.0123,0.0159,0.0165,0.0087,0.0042,0.001,0.001,0.0106
2002-04-20,-0.2202,-90.7638,N,,0.0714,0.0551,0.0639,0.0045,0.0039,0.0143,-0.0096,-0.0268,-0.0187,-0.0083,0.0247,0.0213,0.0175,0.0208,0.0044,0.0006,-0.002,-0.0053,-0.0173,-0.0152,-0.0176,-0.0134,-0.0011,-0.008,-0.0045,-0.0003,0.0017,0.0021,-0.0053
2002-04-20,-0.2202,-90.7638,NE,0.0428,0.0433,0.0335,0.0332,0.0414,-0.0221,-0.0161,-0.0013,-0.001,-0.0004,0.0053,0.0066,0.0041,0.0055,0.0062,0.0077,0.0061,0.0038,-0.0045,-0.0058,-0.0067,-0.0062,-0.0083,0.0027,0.0087,0.0055,0.0036,-0.0028,-0.0009,0.0009
2002-04-20,-0.2202,-90.7638,NO,,0.1742,0.1718,0.1665,0.081,0.0626,0.0017,-0.0103,0.0113,-0.0449,-0.0116,0.0104,-0.032,-0.0181,-0.045,-0.0112,0.0197,0.0243,0.0184,0.022,-0.0031,,,,,,,,,
2002-04-20,-0.2202,-90.7638,O,,0.203,0.1414,0.1133,0.0945,0.0711,0.0467,,,,,,,,,,,,,,,,,,,,,,,
2002-04-20,-0.2202,-90.7638,S,,0.0565,0.0079,-0.0353,,,,,,-0.0514,-0.0384,0.0018,0.0343,0.0448,0.0446,0.0239,0.0097,-0.0042,-0.0032,-0.0055,-0.0016,0.0021,-0.0042,-0.0094,-0.006,0.0021,-0.0095,-0.0068,-0.0042,0.0009
2002-04-20,-0.2202,-90.7638,SE,0.0729,,0.0416,0.0252,0.0116,-0.0086,0.0077,-0.0029,0.0093,0.0108,0.031,0.0384,0.025,0.0509,0.04,0.0301,0.041,0.0324,0.0171,0.0039,0.0114,-0.0122,-0.0244,-0.03,-0.0408,-0.0361,-0.0255,-0.0267,-0.0196,-0.0207
2002-04-20,-0.2202,-90.7638,SO,0.1188,0.1097,0.0593,0.0261,0.0,0.0,0.0,,,,,,,,,,,,,,,,,,,,,,,
2002-05-06,-0.2208,-90.7638,E,,0.0717,0.0446,0.0413,0.0321,0.0162,0.0322,0.0061,,0.0157,,,,,,,,,,,,0.003,-0.0051,-0.0189,-0.0151,-0.0126,-0.0107,0.0044,0.0081,0.012
2002-05-06,-0.2208,-90.7638,N,,0.0356,0.0283,0.0324,0.0139,0.0214,0.0159,0.0003,-0.0156,-0.0032,-0.0028,-0.0181,-0.0288,-0.0245,-0.0211,-0.0206,-0.0142,-0.0081,0.0151,0.0087,0.0017,0.0039,0.0033,0.0111,0.007,0.0106,0.0151,0.0074,-0.0009,-0.0115
2002-05-06,-0.2208,-90.7638,NE,0.0444,0.052,0.0259,0.035,0.0268,-0.0085,-0.0073,-0.0142,-0.0046,0.0024,0.0029,0.0038,0.0095,-0.0085,-0.0138,-0.0107,-0.003,0.0131,0.0227,0.0134,-0.002,0.005,0.0132,0.0096,0.0068,0.0168,0.0064,-0.0077,-0.0195,-0.0251
2002-05-06,-0.2208,-90.7638,NO,,0.0344,0.0347,0.0341,0.0501,0.0466,0.0332,0.0286,0.0239,0.0203,0.0101,-0.0066,-0.0155,-0.0188,-0.0079,-0.0061,-0.0133,-0.0135,-0.0118,-0.0135,-0.0283,0.041,0.0173,0.032,-0.0166,0.0878,0.0353,-0.0267,-0.0442,-0.0512
2002-05-06,-0.2208,-90.7638,O,,0.0322,0.0314,0.0303,0.0192,0.0152,0.0118,0.0014,-0.0019,-0.0044,-0.0,0.0069,0.0083,0.004,0.002,-0.0062,-0.0077,-0.0055,0.0006,0.0242,,,,,,,,,,
2002-05-06,-0.2208,-90.7638,S,,0.0625,0.0467,0.0371,0.0064,-0.0252,-0.0103,,,,,,,,,,,0.0137,0.0059,-0.0026,-0.0003,0.0071,0.0108,0.0032,0.0019,0.001,-0.0052,-0.0106,-0.0079,-0.0002
2002-05-06,-0.2208,-90.7638,SE,0.0126,,,,,,,,,,,,-0.0474,0.0037,0.0218,0.0184,0.0039,-0.0044,-0.0115,0.0032,0.0145,0.0013,-0.0017,-0.0041,-0.0065,-0.0085,-0.0019,-0.0073,-0.0057,-0.0134
2002-05-06,-0.2208,-90.7638,SO,0.0763,0.0873,0.0868,0.0787,0.0712,0.0432,0.0351,0.0171,0.0108,-0.0087,-0.0075,-0.0081,-0.0101,-0.0039,-0.0083,-0.0069,-0.006,-0.0044,0.0004,0.0031,-0.0005,-0.0007,-0.0014,0.0002,0.0006,0.0008,0.0026,0.0026,0.0018,0.0015
2004-03-24,-0.2186,-90.7668,E,,0.0697,,,,0.0377,0.0338,0.0255,0.0061,-0.0292,-0.0261,-0.0293,-0.0257,-0.0264,-0.0115,-0.0058,-0.0053,0.001,0.0009,-0.0023,-0.0046,-0.0107,-0.011,-0.0087,-0.002,0.0107,0.0167,0.0145,0.0087,0.0064
2004-03-24,-0.2186,-90.7668,N,,0.0561,0.0319,-0.0106,-0.0365,-0.0319,-0.0241,-0.0192,-0.0372,-0.0324,-0.0251,0.0239,0.025,0.0218,0.0167,0.0005,0.0012,0.0007,0.009,0.0077,-0.0024,0.0055,0.0034,0.0017,0.0078,0.0033,-0.0023,-0.0013,-0.0055,-0.011
2004-03-24,-0.2186,-90.7668,NE,0.081,0.0796,,,,,0.0202,0.0288,0.0134,0.0156,0.0023,-0.0146,-0.0084,-0.0162,-0.0098,-0.0245,-0.025,-0.0333,-0.0035,-0.0068,-0.0089,-0.0076,0.0004,-0.0007,0.0013,0.0078,0.0079,0.0141,0.0332,0.0263
2004-03-24,-0.2186,-90.7668,NO,,0.0479,0.0255,0.0029,-0.0164,-0.0247,-0.0218,-0.0152,-0.0127,-0.0152,-0.0117,-0.0186,-0.0217,-0.0111,-0.025,-0.0169,-0.0071,-0.011,-0.0047,0.0002,-0.0028,0.0019,0.0068,0.0099,0.0122,0.0086,0.0013,-0.0016,-0.0083,-0.0127
2004-03-24,-0.2186,-90.7668,O,,0.085,0.0609,0.0294,0.0161,0.006,0.0023,0.0036,0.0038,0.013,0.0114,0.0129,0.0029,-0.0099,-0.011,-0.0082,-0.0038,0.0056,0.0081,0.0013,-0.0004,-0.0061,-0.0019,0.0011,0.0017,-0.0022,-0.0028,-0.0048,-0.0038,0.0058
2004-03-24,-0.2186,-90.7668,S,,0.0617,0.0378,0.0159,-0.0037,-0.0113,-0.015,-0.0131,-0.004,-0.0003,0.0091,0.0027,0.0013,0.0036,0.0026,0.0043,-0.0011,-0.0052,-0.0028,0.0028,0.003,-0.0023,-0.0023,-0.0014,-1e-04,-0.0023,-0.0013,-0.0011,-0.0006,-0.0039
2004-03-24,-0.2186,-90.7668,SE,0.0776,,0.044,0.0276,0.0112,,,0.0514,0.0102,0.0112,-0.0034,-0.0046,-0.0044,-0.006,-0.0063,-0.0049,-0.0101,-0.0113,-0.0011,0.0029,0.0024,0.0055,0.0008,0.0011,0.0012,-0.0039,-0.0032,0.0011,0.0059,0.0102
2004-03-24,-0.2186,-90.7668,SO,0.0966,0.088,0.0584,0.046,0.0329,0.0215,0.0142,0.0149,0.011,0.0067,0.0047,-0.0016,-0.0033,-0.0018,-0.0013,-0.0032,0.001,0.0028,0.0057,0.0069,0.0042,0.0037,-0.004,-0.0026,1e-04,-0.004,-0.0034,-0.0038,-0.003,-0.0067
2004-04-25,-0.2202,-90.7638,E,,0.0156,0.0112,0.0454,0.0186,0.0034,0.0263,0.0155,0.0424,0.0424,-0.0002,0.0222,0.0319,0.0253,0.0214,0.0185,-0.04,,-0.0376,-0.0115,-0.0027,0.0059,0.0067,0.0027,-0.0034,-0.0095,-0.001,-0.0031,0.0051,0.0118
2004-04-25,-0.2202,-90.7638,N,,0.0092,-0.0035,0.0139,-0.0311,-0.023,-0.0018,-0.0175,-0.0326,-0.0124,-0.0212,-0.0002,0.0036,0.0024,0.0007,-0.0017,-0.0087,-0.0115,-0.0056,-0.0013,-0.003,-0.0003,0.001,-0.0044,-0.0087,-0.0101,-0.0022,0.0042,0.0093,0.0082
2004-04-25,-0.2202,-90.7638,NE,0.0243,0.0245,0.0341,0.0253,0.0329,-0.0185,-0.013,-0.0086,-0.0013,0.0024,0.0134,0.0048,0.0037,0.0058,0.0043,0.0009,-0.0036,-0.0056,-0.0077,-0.0109,-0.0092,-0.0115,-0.0093,0.0106,0.0044,-0.0007,-0.001,0.0036,0.0113,0.0042
2004-04-25,-0.2202,-90.7638,NO,,0.0785,0.0862,0.0815,0.0216,0.0125,0.0182,0.0176,0.0172,0.0115,0.0035,0.0034,0.006,0.0096,0.0045,-0.0021,-0.0069,-0.0129,-0.0125,-0.0118,-0.0161,-0.011,0.0587,-0.0017,0.0442,0.0827,-0.0187,-0.0253,-0.0369,-0.0307
2004-04-25,-0.2202,-90.7638,O,,0.1237,0.0884,0.0494,0.0408,0.033,0.025,0.0118,0.0039,-0.002,-0.0079,-0.0056,-0.0044,-0.0047,-0.0009,0.0129,-0.0135,,-0.0118,-0.004,0.005,0.0065,0.0069,0.0075,0.0021,0.0008,0.0005,0.0037,0.0007,-0.0091
2004-04-25,-0.2202,-90.7638,S,,0.0626,0.0589,0.0553,0.0417,0.0227,0.004,-0.003,-0.004,-0.0031,-0.0026,0.0064,0.02,0.022,0.0143,0.0042,-0.0104,-0.013,-0.0203,-0.0131,-0.0039,-0.0036,-0.0035,-0.0037,0.0018,0.0041,0.0042,0.0019,-0.0003,-0.0034
2004-04-25,-0.2202,-90.7638,SE,0.0272,,0.0107,0.0113,0.0048,-0.0052,-0.0159,-0.0061,-0.0032,0.0074,0.0167,0.0189,0.0082,0.0299,0.0255,0.0042,0.0291,0.0015,-0.0049,-0.0129,-0.0096,-0.0086,-0.0153,-0.0185,-0.0208,-0.0095,-0.0066,-0.0064,-0.0053,-0.0008
2004-04-25,-0.2202,-90.7638,SO,0.072,0.0632,0.0558,0.0526,0.0522,0.0517,0.0466,0.0433,0.0357,0.0118,-0.0057,-0.0159,-0.0174,-0.0089,-0.0079,-0.0086,-0.0087,-0.0087,-0.0052,0.0013,0.0008,0.0022,-0.0021,0.0007,0.0002,0.0006,0.0024,0.001,-0.0006,-0.0002
2005-02-23,-0.2178,-90.7652,E,,0.0737,0.068,0.0086,,,,,,,,-0.0452,-0.0513,-0.0396,-0.0053,-0.0027,0.0117,0.0136,0.0135,0.0211,0.0055,0.0181,0.0077,0.0414,0.0347,0.022,0.0094,-0.035,-0.0581,-0.0371
2005-02-23,-0.2178,-90.7652,N,,-0.0473,-0.0509,-0.0399,-0.0351,0.0119,0.0097,0.0153,0.0144,-0.013,-0.0004,0.0092,0.0056,0.0094,0.0053,0.007,0.0156,0.0117,0.0049,0.0009,-0.0039,-0.0183,-0.0205,-0.0157,-0.0157,0.0014,-0.0356,0.0087,,
2005-02-23,-0.2178,-90.7652,NE,-0.0144,-0.0582,-0.0191,-0.0096,-0.0435,-0.0466,-0.0202,-0.0073,0.0131,-0.0207,-0.0228,-0.0102,0.0149,0.0118,0.0181,0.0193,-0.003,-0.0005,-0.0029,0.0051,0.0082,0.0104,0.0007,0.0007,-0.0039,-0.0032,-0.0081,-0.0114,-0.0021,0.0046
2005-02-23,-0.2178,-90.7652,NO,0.1495,0.1358,0.1171,0.1113,,0.1585,,,,,,,,,,,,,,,,,,,0.0978,,,,,
2005-02-23,-0.2178,-90.7652,S,,0.0569,0.0635,0.049,0.0254,0.0147,0.0038,0.014,0.0175,0.0234,0.017,0.0107,0.0121,0.0204,0.0249,0.0193,0.0092,0.003,-0.0027,-0.0018,-0.0126,-0.0303,-0.0306,-0.0384,,,-0.0146,0.0044,0.0039,0.0009
2005-02-23,-0.2178,-90.7652,SE,0.0453,0.0245,0.0113,0.0058,-1e-04,0.0233,0.0604,,,,,,,,,,,,,,0.0007,0.0018,0.0111,-0.0206,-0.0197,,,,,
2005-02-23,-0.2178,-90.7652,SO,0.1373,,,,,,,,,,,,,,,,,,,,,,,,0.0087,0.0013,-0.0016,-0.0024,-0.0023,-0.0023
2005-04-12,-0.2186,-90.7665,E,,0.0343,-0.011,-0.0363,-0.06,-0.024,-0.0204,0.0021,0.0083,-0.0261,-0.0622,,,-0.0557,-0.0631,-0.0342,0.0039,0.0158,0.0065,0.0015,-0.0071,-0.0019,0.0022,-0.0043,0.0152,0.0254,0.0229,0.0163,0.0147,0.0014
2005-04-12,-0.2186,-90.7665,N,,0.0136,-0.0262,-0.0517,-0.0624,-0.0516,-0.036,-0.0365,-0.0316,-0.0233,0.0269,0.0237,0.0179,0.0191,-0.0061,-0.0043,-0.0069,0.0003,0.0089,0.0091,-0.0021,0.0078,0.0133,0.0136,0.0117,0.0088,-0.0039,-0.0111,-0.0143,-0.0185
2005-04-12,-0.2186,-90.7665,NE,0.0741,0.0368,0.021,0.0037,-0.0032,-0.0264,-0.0217,0.0176,0.0025,-0.021,-0.0274,-0.0093,0.0079,0.016,0.0358,-0.0327,-0.0204,-0.0114,0.0221,0.0259,0.0123,0.0128,0.009,0.0023,0.0004,0.0,-0.0044,-0.0035,-0.008,-0.0107
2005-04-12,-0.2186,-90.7665,NO,,0.0331,-0.0144,-0.0354,-0.0395,-0.0598,-0.0303,0.0078,0.014,0.0202,0.0159,0.0124,0.0144,-0.0048,-0.0042,-0.005,0.0045,-0.003,0.0008,0.007,0.0173,0.0033,0.009,0.0167,0.0048,-0.002,-0.012,-0.0268,-0.0474,-0.0425
2005-04-12,-0.2186,-90.7665,O,,0.1626,0.0944,0.0039,-0.008,-0.0202,-0.0008,0.0239,0.0313,0.0325,0.0369,0.0165,0.009,-0.0009,-0.0161,-0.016,-0.0138,-0.0053,-0.0093,-0.0143,-0.0197,-0.0207,-0.0191,0.0047,0.0063,0.0006,-0.0076,-0.0052,-0.0016,-0.0028
2005-04-12,-0.2186,-90.7665,S,,0.1423,0.1235,0.1087,0.0614,0.01,-0.006,-0.0165,-0.0138,-0.0104,0.0034,0.0002,0.0029,0.0016,0.0019,0.0034,0.008,0.0023,0.0061,-0.0003,-0.0017,-0.0003,-0.0002,-0.0019,-0.0094,-0.0112,-0.008,0.0018,-0.0003,-0.002
2005-04-12,-0.2186,-90.7665,SE,0.1218,,0.0511,0.0093,-0.0147,-0.0157,-0.0037,0.0028,0.0042,-0.0016,-0.0032,-0.0033,0.0022,-0.0083,-0.0172,-0.0258,-0.0029,-0.0012,-0.0098,0.0029,0.0023,0.0063,0.0036,-0.0022,-0.0041,-0.0038,-0.0016,0.0057,-0.0031,0.0147
2005-04-12,-0.2186,-90.7665,SO,0.1909,0.1716,0.1304,0.1022,0.1142,0.0863,0.0614,0.0505,0.0238,0.0113,0.0041,-0.0045,-0.0052,-0.0037,-0.0005,0.0019,0.0036,0.0022,-0.0048,-0.008,-0.01,-0.0108,-0.0098,0.0048,-0.0074,-0.0009,-0.0042,-0.0064,-0.0077,-0.0162
2005-04-28,-0.2167,-90.7652,E,,-0.0328,-0.0668,-0.0668,-0.0554,-0.0839,-0.0794,,,,0.002,0.0044,0.0099,0.0352,0.0234,0.025,0.0212,0.0232,0.0236,0.0215,0.0136,0.0118,-0.0007,-0.0136,-0.0112,-0.0099,-0.0046,-0.007,-0.0159,-0.0292
2005-04-28,-0.2167,-90.7652,N,,0.0399,0.0303,0.0279,0.0061,0.0419,0.0281,0.0422,0.0584,0.0349,0.0296,0.0204,0.0208,0.0396,0.0375,0.0444,0.0383,0.0269,0.0093,-0.008,0.025,0.0176,0.011,-0.0402,-0.0415,-0.0342,-0.0542,-0.0496,-0.0127,-0.0013
2005-04-28,-0.2167,-90.7652,NE,-0.0332,-0.0804,-0.0986,-0.0836,-0.083,-0.0702,-0.0603,-0.0597,-0.0438,-0.0419,-0.0103,0.0249,0.0196,0.0182,0.0106,0.0097,0.0079,0.0042,0.0115,0.0099,0.0021,0.01,0.0101,0.0009,0.0167,-0.0021,0.0192,0.0021,-0.0068,-0.0117
2005-04-28,-0.2167,-90.7652,NO,0.0833,0.0326,0.0326,0.0294,0.0096,0.009,-0.0159,0.0345,0.0401,0.0715,0.0626,0.0584,0.0307,0.0204,-0.0025,-0.0061,-0.0283,-0.0241,-0.0422,-0.0537,-0.0479,-0.0496,-0.0613,-0.0598,-0.0551,-0.0427,-0.0219,0.0168,0.038,0.0861
2005-04-28,-0.2167,-90.7652,O,,0.1567,0.1177,0.1049,0.1107,0.1087,0.0869,0.0627,0.033,0.0433,0.0259,0.0078,0.0359,0.0331,0.0369,0.028,0.0309,0.0116,0.0032,-0.0131,-0.0358,-0.0441,-0.0411,-0.0379,-0.0382,-0.0455,-0.0123,-0.009,-0.0029,-1e-04
2005-04-28,-0.2167,-90.7652,S,,0.1375,0.1352,0.0968,0.0918,0.0806,0.0844,0.0756,0.0573,0.0346,0.0045,-0.0012,-0.0058,-0.0085,-0.0027,0.009,0.0162,0.0077,0.0034,-0.0068,-0.0077,-0.0095,-0.0067,-0.0059,-0.0072,-0.0079,-0.0079,-0.0095,-0.0077,-0.002
2005-04-28,-0.2167,-90.7652,SE,0.0222,-0.0096,-0.0175,-0.0532,,,,,,,,,,,,,,,-0.0363,-0.0313,-0.0161,-0.0054,-0.0079,0.0054,-0.0048,0.0022,-0.0073,-1e-04,0.015,0.0253
2005-04-28,-0.2167,-90.7652,SO,0.132,0.1393,0.1129,0.093,0.0591,0.0565,0.073,0.097,0.072,0.0826,0.0566,-0.0013,0.0401,-0.0379,-0.0093,-0.0201,-0.0243,-0.0404,-0.0365,-0.0235,-0.0071,-0.003,-0.002,0.0055,0.0057,0.0114,-0.0004,-0.0057,-0.0121,-0.0277
2006-03-14,-0.2162,-90.7668,E,,-0.0483,-0.0532,-0.0489,-0.0425,-0.0305,-0.0191,0.0131,0.021,0.0347,0.0302,0.0187,0.0132,0.0065,0.0235,0.0146,0.069,0.062,0.047,0.0434,0.0237,0.0093,-0.0052,-0.0123,-0.003,-0.0578,-0.0465,-0.0569,-0.0651,-0.0723
2006-03-14,-0.2162,-90.7668,N,,0.0073,-0.006,0.0053,0.0092,0.0095,0.014,-0.0086,-0.0042,0.0032,0.0094,0.0175,0.0261,0.0246,0.0278,0.0526,0.0428,0.0332,0.034,0.0299,0.0248,0.0101,-0.0032,-0.0248,-0.0333,-0.0329,-0.0297,-0.0286,-0.0336,-0.0274
2006-03-14,-0.2162,-90.7668,NE,-0.0647,-0.0653,-0.0826,-0.0756,-0.0868,-0.0901,-0.0891,-0.0787,-0.0596,-0.0384,-0.0295,-0.0212,0.0118,0.0116,0.0052,0.0058,0.0052,0.0301,0.0435,0.0394,0.0343,0.0348,0.0091,0.0097,0.0026,-0.0055,-0.0119,-0.0202,-0.0228,-0.0311
2006-03-14,-0.2162,-90.7668,NO,0.1378,0.1197,0.0976,0.0961,0.0882,0.0549,0.0303,0.0208,0.0119,-0.0008,-0.0082,-0.0126,-0.0208,0.0074,-0.0117,-0.0025,-0.0177,-0.006,-0.0142,-0.0207,-0.006,0.0035,-0.0201,0.0212,-0.006,-0.002,0.0031,0.0061,0.0377,0.0413
2006-03-14,-0.2162,-90.7668,O,,-0.0391,-0.043,-0.036,-0.0673,-0.066,-0.0371,0.0025,0.0635,-0.004,,,0.0004,-0.0056,-0.0229,-0.0602,,,,,,,,,,,,,,
2006-03-14,-0.2162,-90.7668,S,,0.0853,0.073,0.0698,0.02,0.0081,0.004,0.0052,0.0139,0.0094,0.0064,-0.0006,0.0026,-0.0062,-0.002,-0.0037,-0.0016,-0.0041,-0.0024,-0.0052,-0.0034,-0.0026,0.0054,-0.0011,-0.0141,-0.0378,,,,
2006-03-14,-0.2162,-90.7668,SE,0.0199,0.0092,0.0144,0.004,-0.0062,-0.0049,-0.0026,-0.0086,-0.0108,0.0012,-1e-04,0.0026,-0.0074,0.0061,-0.0077,-0.0111,-0.0175,-0.0255,-0.0246,-0.0262,-0.0164,0.0064,-0.0027,0.0153,0.0156,0.0154,0.0146,-0.0076,-0.0081,-0.0125
2006-03-14,-0.2162,-90.7668,SO,0.1066,0.0924,0.0698,0.0596,0.0635,0.0343,0.0101,0.0016,1e-04,-0.01,0.0513,0.05,0.0443,-0.0029,-0.0207,-0.0158,-0.0203,-0.0199,-0.0122,-0.0037,-0.0014,0.0005,-0.0093,-0.0101,0.0056,0.0005,-0.0051,-0.0057,-0.0031,0.0085
2006-04-15,-0.2186,-90.7665,E,,0.0388,-0.0024,-0.0075,-0.0231,0.0089,0.0154,0.0203,0.0233,-0.0022,-0.0105,-0.0214,-0.0271,-0.0186,-0.0162,-0.0052,0.0105,0.0208,0.0168,0.0125,0.0151,0.0092,-0.0114,,,0.0204,0.0051,-0.0075,-0.0237,-0.0287
2006-04-15,-0.2186,-90.7665,N,,0.0197,-0.0206,-0.0402,-0.0318,-0.0289,-0.0275,-0.0253,-0.0283,-0.0246,0.0225,0.0172,0.0148,0.0149,-0.0123,-0.0156,-0.0085,-0.0058,0.0002,0.01,0.0055,0.0099,0.0022,0.0025,0.0048,1e-04,-0.0007,0.0038,-0.0011,-0.0104
2006-04-15,-0.2186,-90.7665,NE,0.0626,0.0549,0.0263,0.008,0.0027,-0.0006,-0.0039,0.0254,0.0228,0.0006,-0.0198,-0.0215,-0.0198,-0.0077,-0.0157,-0.0305,-0.021,-0.0207,0.002,0.0014,0.0009,0.008,0.0161,0.027,0.0124,0.0259,0.0193,0.0212,0.0253,0.0173
2006-04-15,-0.2186,-90.7665,NO,,0.0233,-0.0165,-0.0369,-0.0292,-0.0601,-0.0408,-0.0016,0.0098,0.0153,0.0176,0.0125,0.0494,0.0469,0.0584,-0.0029,-0.0004,-0.0217,-0.0136,-0.007,0.0015,0.0044,0.0063,0.0025,-0.0012,-0.0089,-0.0125,-0.0181,-0.0272,-0.011
2006-04-15,-0.2186,-90.7665,O,,0.1043,0.0514,0.0219,-0.0024,-0.0192,-0.0048,0.0093,0.0192,,,,0.0172,0.0092,0.0004,-0.0057,-0.0034,-0.0007,0.0009,0.0006,-0.0051,-0.0048,0.0024,0.0073,0.004,0.0039,-0.0037,-0.009,-0.0096,1e-04
2006-04-15,-0.2186,-90.7665,S,,0.1075,0.0924,0.0877,0.0473,0.0205,0.0135,0.0021,-0.0012,-0.0033,-0.0103,-0.0137,-0.0025,-0.0139,0.0015,-0.0118,0.0052,-0.0057,-0.004,-0.013,-0.0125,-0.0115,-0.0112,-0.0098,-0.0054,-0.0008,-0.003,-0.0014,0.0034,-0.0046
2006-04-15,-0.2186,-90.7665,SE,0.0874,,0.046,0.0121,0.0047,-0.0076,-0.0063,-0.0186,-0.0042,-0.006,0.0008,0.0084,0.005,0.0009,-0.0023,-0.007,-0.003,-0.0065,-0.0044,-0.0028,-0.0039,-0.0023,-0.0071,-0.0078,-0.0077,0.0012,-0.0049,0.0053,-0.0006,0.0048
2006-04-15,-0.2186,-90.7665,SO,0.122,0.1049,0.0883,0.0559,0.0588,0.0376,0.0349,0.0334,0.022,0.0079,0.0031,-0.0032,-0.003,0.0112,0.0097,0.0092,0.0036,0.0062,0.0177,0.0102,0.0036,-0.0065,-0.0132,-0.0086,-0.0095,-0.0074,-0.01,-0.0091,-0.0023,-0.0035
2006-05-01,-0.2191,-90.7676,E,,0.0945,0.073,0.0442,0.0077,-0.001,0.0088,0.0194,0.0141,0.0021,-0.0021,-0.017,-0.0107,-0.0072,-0.0016,,,,,,,,,,,,,,,
2006-05-01,-0.2191,-90.7676,N,,0.1006,0.0621,0.0137,,,,,-0.001,0.0034,,,,,,,,,,,,,,,,,,,,
2006-05-01,-0.2191,-90.7676,NE,0.1118,0.0961,0.0886,0.0496,0.0632,,,,,,,,,,,,,,,,,,,,,,,,,
2006-05-01,-0.2191,-90.7676,NO,,0.0415,-0.0043,-0.0535,-0.1037,-0.0789,-0.0755,-0.0109,-0.0293,-0.0254,-0.0035,0.0074,0.0105,0.0194,-0.0046,0.0075,0.0056,0.0026,-0.0003,0.0037,0.0023,0.0076,-0.0002,0.0005,-0.0053,0.001,-0.0017,0.0075,0.0222,0.0311
2006-05-01,-0.2191,-90.7676,O,,0.0932,0.0765,0.0366,0.0194,0.0093,0.001,0.0065,0.011,0.0092,-0.0141,-0.0139,-0.0163,-0.0077,,-0.0168,-0.0112,-0.0052,-0.004,0.0006,0.0056,0.0054,0.0061,-0.0067,0.0004,-0.0035,0.001,0.0051,0.0079,0.0083
2006-05-01,-0.2191,-90.7676,S,,0.0685,0.0316,0.0031,-0.0098,-0.0085,0.0046,0.0056,-0.0053,-0.01,-0.0107,-0.0119,-0.0054,0.0099,0.0145,0.0165,0.0206,0.0184,-0.0034,-0.0267,-0.0247,,,,,,,,,
2006-05-01,-0.2191,-90.7676,SE,0.0717,,0.0283,-0.0071,-0.0269,-0.0302,-0.0191,-0.0025,0.0159,0.0175,0.0107,-0.006,-0.0054,-0.0059,-0.0103,0.0039,-0.0041,0.0043,0.0038,0.0046,0.0171,0.024,0.014,0.0144,-0.0079,-0.0004,0.0008,-0.0007,0.0019,-0.0037
2006-05-01,-0.2191,-90.7676,SO,0.1081,0.1145,0.088,0.054,0.0107,0.0026,-0.0018,-0.0061,-0.0058,-0.0046,-0.0022,0.0064,0.0073,0.0061,-0.0044,-0.0056,-0.0074,-0.0083,-0.0056,-0.002,-0.0011,0.0,-0.001,-0.0004,-0.0017,0.0021,0.0049,0.0007,0.0049,0.005
2006-11-09,-0.2143,-90.7679,E,,-0.0058,0.0118,0.0177,0.0076,0.0145,0.012,0.0171,0.0234,0.0449,0.0439,0.0441,0.0246,0.0102,0.0129,0.0135,0.0272,0.0256,0.0096,-0.0015,-0.0202,-0.0202,-0.0148,-0.0343,-0.0463,-0.0515,-0.049,-0.0322,-0.0315,-0.0296
2006-11-09,-0.2143,-90.7679,N,,0.0138,0.0052,0.0004,-0.0195,-0.0373,-0.0465,-0.0416,-0.0319,-0.0145,0.002,0.024,0.0235,0.0203,-0.001,0.0162,0.0185,0.0185,0.0164,0.0116,0.0099,0.006,0.0034,-0.0035,-0.002,-0.0012,-0.0091,-0.0162,-0.0193,-0.014
2006-11-09,-0.2143,-90.7679,NE,-0.039,,-0.0204,-0.0119,-0.008,-0.0119,-0.014,-0.016,-0.0082,-0.0074,0.0031,0.0125,0.0196,0.0197,0.0167,0.0126,0.0204,0.0137,0.0093,0.0045,-0.0093,-0.0147,-0.0247,-0.0208,-0.0194,-0.0155,0.0023,0.0041,0.0078,0.0099
2006-11-09,-0.2143,-90.7679,NO,0.046,0.0393,0.0236,0.0164,0.0027,-0.0004,0.0038,0.0046,-0.0128,-0.0119,-0.0091,0.003,0.0196,0.0173,0.0225,0.0247,0.0259,0.0101,0.003,-0.0117,-0.0165,-0.0131,-0.0207,0.0246,0.0118,0.0199,0.0154,0.0178,0.0098,0.006
2006-11-09,-0.2143,-90.7679,O,,0.1241,0.0893,0.0918,0.093,0.0884,0.0821,,,,,0.05,0.0356,0.0186,0.0157,0.0109,0.0232,0.0238,0.0202,0.006,-0.0237,-0.0254,-0.0156,-0.0158,-0.0155,-0.0102,-0.0073,-0.0147,-0.0137,-0.0102
2006-11-09,-0.2143,-90.7679,S,,0.0886,0.0701,0.0607,0.0636,0.0552,0.0467,0.0324,0.0156,1e-04,-0.0119,-0.0123,-0.0073,-0.0103,-0.0092,-0.0071,0.0007,0.0005,-0.0055,-0.0111,-0.0074,-0.0052,-0.002,-0.0027,0.0048,-0.0016,-0.0044,0.0012,0.0042,0.0098
2006-11-09,-0.2143,-90.7679,SE,0.0106,0.0128,0.0106,0.0277,0.0239,0.0214,0.0085,-0.0091,-0.0148,-0.0119,-0.0199,-0.006,-0.0146,0.0044,0.0154,0.0245,0.0025,0.0203,0.0059,-0.0138,-0.0127,-0.0134,-0.0147,-0.0115,-0.0003,0.0065,-0.0016,-0.0007,0.0007,0.0086
2006-11-09,-0.2143,-90.7679,SO,0.1297,0.1077,0.0675,0.0482,0.0321,0.0288,0.0187,0.0074,0.0016,1e-04,0.0033,0.0537,0.0375,0.0283,0.0234,0.015,0.008,0.0024,-0.0017,-0.0053,-0.0096,-0.0125,-0.0113,-0.0065,-0.0033,0.0012,-0.0014,-0.0002,0.001,0.0031
2007-10-27,-0.2172,-90.7657,E,,,,-0.0195,-0.0852,-0.0935,-0.0887,-0.077,-0.0857,-0.086,-0.0694,-0.0263,-0.0076,0.009,0.0237,0.0271,0.0302,0.0183,0.0171,0.0386,0.0461,0.0453,0.0435,0.0218,0.005,-0.011,-0.0242,-0.0336,-0.06,-0.0758
2007-10-27,-0.2172,-90.7657,N,,,,,-0.0481,-0.01,-0.0095,0.0461,0.0384,0.0379,0.049,0.0193,0.0109,0.0027,0.0041,0.0113,0.0166,0.0183,0.0082,0.0059,0.0039,0.0016,0.0072,0.0062,-0.0053,-0.0203,-0.0315,-0.036,-0.0326,-0.0279
2007-10-27,-0.2172,-90.7657,NE,,,,,-0.0498,-0.064,-0.0637,-0.0441,-0.0169,-0.0294,-0.0063,0.0011,0.0351,0.0386,0.0419,0.0152,-0.0011,0.0167,0.009,0.0116,0.0174,0.0227,0.0045,-0.0055,-0.0172,-0.0263,-0.029,-0.0281,-0.0127,0.0037
2007-10-27,-0.2172,-90.7657,NO,0.1008,0.0926,0.0816,0.0687,0.0336,0.004,0.0008,0.0038,-0.002,0.0191,0.0502,0.0685,0.0576,0.0511,0.0485,0.0441,0.0426,0.026,0.0224,0.0123,0.0064,0.0115,-0.0022,-0.0101,-0.0132,-0.0302,-0.028,-0.0356,-0.0544,-0.0634
2007-10-27,-0.2172,-90.7657,O,,0.1743,0.17,0.1507,0.1359,0.0818,0.0542,0.0327,0.0104,0.0597,0.0347,0.0073,0.0464,0.0631,0.0653,0.0624,0.0473,0.0161,-0.0287,-0.0457,-0.0479,-0.0393,-0.0337,-0.0311,-0.0247,-0.0162,-0.0123,-0.0096,-0.0018,-0.0103
2007-10-27,-0.2172,-90.7657,S,,0.1309,0.1006,0.0844,0.0726,0.0585,0.0525,0.0481,0.0178,0.0115,0.0058,-0.0082,0.0149,0.0363,0.0217,0.0139,0.0013,0.0037,-0.0122,-0.0092,-0.0255,-0.0197,-0.0169,-0.01,-0.0132,-0.0049,0.0011,0.0014,0.0028,0.0025
2007-10-27,-0.2172,-90.7657,SE,,,,0.0162,,0.0282,0.0183,0.0303,0.0236,0.0171,0.0338,0.0096,-0.0073,-0.0337,-0.0288,-0.0258,-0.0065,0.0041,0.0068,0.0143,0.0062,0.0003,-0.0127,-0.0084,-0.0212,-0.0067,0.0084,0.0143,0.0427,0.0598
2007-10-27,-0.2172,-90.7657,SO,0.1743,0.1746,0.1564,0.1526,0.1595,0.1528,0.1346,0.1378,0.0949,0.1068,0.056,0.0105,0.0389,0.0278,0.0122,-0.0263,-0.0393,-0.0367,-0.0353,-0.0426,-0.0351,-0.021,-0.0171,-0.0153,-0.0176,-0.0182,-0.0196,-0.0313,-0.0223,-0.0242
2007-11-28,-0.217,-90.7655,E,,-0.0158,-0.0191,-0.0728,-0.0918,-0.0905,-0.0798,-0.0665,-0.08,-0.0385,-0.0247,-0.0026,-0.0135,-0.0046,0.0044,0.0225,0.0244,0.0214,0.0228,0.0291,0.0246,0.0129,0.003,-0.0098,-0.0288,-0.0227,-0.0226,-0.0258,-0.0047,-0.1039
2007-11-28,-0.217,-90.7655,N,,0.0571,0.0204,0.0212,0.0204,0.0037,0.028,0.0174,0.018,0.0335,0.0099,0.0101,0.0127,0.0148,0.0171,0.0346,0.0331,0.0205,0.0109,0.0088,0.0058,-0.0016,0.0043,-0.0087,-0.0277,-0.0392,-0.051,-0.0441,-0.0214,-0.0117
2007-11-28,-0.217,-90.7655,NE,-0.0202,-0.0229,-0.0398,-0.0595,-0.0722,-0.0513,-0.037,-0.031,-0.0215,-0.0003,0.0076,0.0451,0.0373,0.0114,0.007,0.0133,0.0082,0.0091,0.0095,0.0229,0.0112,0.0039,-0.0049,-0.0193,-0.0266,-0.0308,-0.0127,-0.0032,0.0017,0.0086
2007-11-28,-0.217,-90.7655,NO,0.1233,0.0918,0.0575,0.0036,0.0184,0.0888,0.0332,0.0743,0.1054,0.1012,-0.026,0.0296,0.0396,0.0486,0.0421,0.0537,0.048,0.019,0.0303,0.0107,0.0142,0.0175,0.0069,-0.0004,-0.0207,-0.0173,-0.0261,-0.0333,-0.0321,-0.0191
2007-11-28,-0.217,-90.7655,O,,0.1705,0.153,0.1378,,,,,0.0459,0.0506,0.0426,0.0535,0.0438,0.0421,0.0503,0.0528,0.0463,0.0276,0.002,-0.024,-0.0555,-0.0436,-0.0284,-0.0247,-0.0249,-0.0161,-0.0109,-0.0081,-0.0043,0.0006
2007-11-28,-0.217,-90.7655,S,,0.1297,0.0829,0.0711,0.073,0.0595,0.0468,0.0358,0.0291,0.0181,-0.0071,0.0016,0.0022,0.0226,0.02,0.0062,-0.0098,-0.0075,0.0045,0.0006,-0.0104,-0.013,-0.0138,-0.0114,-0.0002,-0.0075,-0.0122,0.0011,0.0013,0.0281
2007-11-28,-0.217,-90.7655,SE,0.0405,0.0245,-0.0063,-0.0418,-0.0069,0.0014,-0.0123,0.007,0.0015,-0.0008,0.0325,0.0098,-0.0119,-0.0324,-0.0024,0.0021,-0.0053,-0.0027,0.0071,0.0222,0.0086,0.0092,0.0003,-0.0089,-0.0159,-0.0087,-0.0077,0.0046,0.0377,0.0466
2007-11-28,-0.217,-90.7655,SO,0.2204,0.1721,0.167,0.15,0.1489,0.1359,0.1081,,0.1068,0.0875,0.0823,0.068,0.0786,0.0324,0.0384,-0.0033,-0.018,-0.0161,-0.0154,-0.0293,-0.033,-0.029,-0.0204,-0.0154,-0.0097,-0.0113,-0.0124,-0.0227,-0.0217,-0.0161
2007-12-14,-0.217,-90.766,E,,-0.0865,,,,,,,,,,-0.0146,0.0003,0.0071,0.0175,0.0164,0.0252,0.0358,0.041,0.0591,0.045,0.0397,0.0339,0.0092,-0.0095,-0.0212,-0.0365,-0.0525,-0.053,-0.0474
2007-12-14,-0.217,-90.766,N,,0.1189,0.0965,0.0847,0.0486,0.0499,0.0244,0.0214,0.0447,0.0396,0.0306,-0.0153,-0.041,-0.0475,-0.0474,-0.064,-0.0832,-0.058,-0.0036,0.0274,0.0278,0.0322,0.0257,0.0188,0.0189,0.0139,-0.0016,-0.0094,-0.0125,-0.02
2007-12-14,-0.217,-90.766,NE,-0.1014,-0.0732,-0.0904,-0.0793,,,,,,,,-0.0565,-0.0221,-0.0227,-0.0121,-0.0032,-0.0077,0.0046,0.0076,0.0012,0.0075,-0.0013,0.0019,0.0022,-0.0062,-0.01,-0.0153,-0.0036,0.0102,0.0107
2007-12-14,-0.217,-90.766,NO,0.0663,0.0425,0.0402,0.0282,0.0203,-0.0184,-0.0214,-0.0175,-0.0166,0.0118,0.0073,0.0003,0.0129,0.0078,0.0185,0.0206,0.0261,0.0192,0.0195,0.0149,0.0155,0.0038,-0.0012,0.0102,0.0117,0.0043,-0.0035,-0.0034,-0.0287,-0.0354
2007-12-14,-0.217,-90.766,O,,0.1231,0.1135,0.1094,0.1021,0.0958,0.055,0.043,0.0246,0.0034,-0.0125,-0.0198,0.0084,0.0249,0.0319,0.0387,0.0391,0.0223,-0.0055,-0.0373,-0.0582,-0.0441,-0.0344,-0.0252,,,,-0.017,-0.0098,0.0038
2007-12-14,-0.217,-90.766,S,,0.1202,0.1181,0.1114,0.0962,0.0761,0.056,0.0441,0.017,0.0021,0.0044,0.0055,0.0159,0.0106,0.0115,0.0065,-0.0077,-0.0132,-0.0105,-0.0071,-0.01,-0.0145,-0.0038,0.0004,-0.0003,0.003,0.0054,0.0047,0.0046,0.0008
2007-12-14,-0.217,-90.766,SE,-0.0737,-0.081,-0.0632,-0.041,-0.0242,-0.0314,-0.028,,,,,0.0061,-0.0511,-0.0226,-0.0063,0.0019,-0.0028,0.0052,-0.004,-0.0008,-0.0108,-0.0201,-0.0376,-0.0228,-0.0282,-0.0212,0.0052,0.0295,0.0418,0.0475
2007-12-14,-0.217,-90.766,SO,0.172,0.1285,0.1296,0.1292,0.1201,0.104,0.0963,0.0767,0.0535,0.0396,0.0436,0.0187,0.0101,0.0025,-0.0268,-0.0186,-0.03,-0.0283,-0.0218,-0.0272,0.0011,0.0091,0.0192,0.0221,0.0279,0.021,0.0198,,,
2008-04-04,-0.2202,-90.7638,E,,0.0213,0.0195,0.0491,0.0255,0.016,0.0427,0.018,0.041,0.0307,-0.0055,0.0245,0.0252,0.0335,0.0344,-0.014,-0.0208,-0.0294,-0.028,-0.0269,-0.004,-0.0313,-0.041,-0.0578,-0.0012,0.015,0.0214,0.0197,0.0051,0.0111
2008-04-04,-0.2202,-90.7638,N,,0.0385,0.0184,0.0222,-0.0254,-0.0247,0.0115,-0.0073,-0.0272,-0.0175,-0.0168,-0.0003,0.005,0.0057,0.0136,0.0083,-0.0004,-0.0007,0.0006,-0.0042,-0.0116,0.0075,-0.0023,-0.0045,-0.0098,-0.0196,-0.026,,,
2008-04-04,-0.2202,-90.7638,NE,0.0164,0.0167,0.0164,0.0123,0.0249,-0.0358,-0.0255,-0.0078,-0.0076,-0.0075,0.0057,0.0063,0.011,0.0063,0.0045,0.0005,0.0003,0.001,0.002,-0.0012,-0.0087,-0.0107,-0.0079,0.001,0.0018,-0.0061,0.001,0.0035,0.0082,0.0088
2008-04-04,-0.2202,-90.7638,NO,,0.0796,0.0728,0.0682,-0.0009,0.0004,0.0007,-0.0046,-0.0073,0.0068,0.0083,0.0074,0.0014,-0.0021,,,,-0.0091,-0.0028,-0.0016,0.021,,,,,,,,,
2008-04-04,-0.2202,-90.7638,O,,0.1125,0.0729,0.0373,0.0332,0.0296,0.0208,0.0132,,,,-0.001,-0.0088,-0.0013,-0.0019,-0.0082,-0.0086,-0.0017,-0.0039,-0.0058,0.0021,-0.0021,0.0026,0.0014,-0.0009,0.0058,0.0098,0.002,0.0033,-0.0058
2008-04-04,-0.2202,-90.7638,S,,0.0383,0.0336,0.0258,0.0157,0.0019,-0.017,-0.0181,-0.0183,-0.0172,-0.0071,0.0023,0.0108,0.0154,0.0102,0.0096,0.003,-0.0057,-0.0105,-0.0152,-0.0145,-0.0134,-0.0082,0.0005,-0.0057,-0.0094,1e-04,0.0048,0.0024,0.0042
2008-04-04,-0.2202,-90.7638,SE,0.016,,0.0075,-0.0018,-0.0111,-0.0151,-0.0027,-0.0041,0.0007,0.0005,-0.0028,0.0025,-0.0008,0.0068,0.0114,0.0061,0.0348,0.0094,0.0026,-0.0089,-0.0167,-0.025,-0.0344,-0.0343,-0.0091,-0.019,-0.0333,-0.0445,,
2008-04-04,-0.2202,-90.7638,SO,0.0434,0.0351,0.034,0.024,0.0222,0.0214,0.0141,0.0133,0.0131,0.0072,0.0007,-0.0063,-0.0121,-0.0106,-0.0101,-0.0097,-0.0077,-0.0016,0.0035,0.0005,-0.0002,0.0005,0.006,0.0009,-0.0039,-0.0055,-0.0068,-0.0055,-0.0006,0.0011
2008-12-16,-0.2167,-90.7652,E,,-0.0281,-0.0838,-0.0926,-0.1001,-0.0977,-0.0744,-0.0639,-0.0622,-0.0128,-0.0249,-0.0172,-0.0103,-0.0088,-0.0089,0.0006,0.0226,0.0294,0.0445,0.0408,0.0327,0.0056,-0.0026,0.0008,0.0002,0.0039,-0.0055,-0.0158,-0.026,-0.0239
2008-12-16,-0.2167,-90.7652,N,,-0.0416,-0.0429,-0.0371,-0.0397,0.0058,-0.0028,0.0016,0.0236,0.0091,0.0122,0.0075,0.0041,0.0055,0.0064,0.0124,0.0167,0.0192,0.0155,0.01,0.0057,0.0044,0.0055,-0.0007,-0.0045,-0.0164,-0.0312,-0.0283,-0.021,-0.0183
2008-12-16,-0.2167,-90.7652,NE,-0.0803,-0.1192,-0.0992,-0.0876,-0.0676,-0.0763,-0.0561,-0.0355,-0.047,-0.014,-0.0084,0.0005,0.0051,0.0036,0.0122,0.017,0.0183,0.0184,0.019,0.0117,0.0086,-0.0009,-0.008,-0.0057,0.0024,-0.0055,0.0072,-0.0151,-0.0051,0.0002
2008-12-16,-0.2167,-90.7652,NO,0.039,-0.0122,-0.0221,-0.0227,-0.0046,0.0101,-0.0096,0.0111,0.0296,0.0446,0.0328,0.0325,0.0254,0.0249,0.0286,0.0429,0.0248,0.0342,0.0138,0.0162,-0.0051,-0.0166,0.0012,-0.0114,-0.037,-0.0083,-0.0278,-0.0419,-0.0501,-0.0543
2008-12-16,-0.2167,-90.7652,O,,0.1214,0.0567,0.0518,0.0518,0.0491,0.0445,0.0288,0.0171,0.0241,0.0112,,0.035,,0.0083,0.0111,0.0094,0.0069,0.0011,-0.004,-0.0133,-0.0179,-0.0088,-0.0065,-0.0054,-0.0075,-0.0022,0.0018,0.0041,0.0194
2008-12-16,-0.2167,-90.7652,S,,0.082,0.075,0.0535,0.0523,0.0552,0.0508,0.0351,0.0373,0.0285,0.0091,0.0009,0.0006,0.0004,0.0032,-0.004,-0.0032,-0.0052,-0.0043,0.0009,-0.0037,-0.0119,-0.0075,-0.0086,-0.0076,-0.0055,-0.0024,-0.0003,0.0035,0.0035
2008-12-16,-0.2167,-90.7652,SE,0.0435,0.05,0.0392,-0.0202,-0.0223,-0.0216,-0.0273,-0.0338,-0.0318,-0.0344,-0.0007,0.0005,-0.0007,-0.0073,-0.0052,0.0015,0.0027,0.0062,0.0007,-0.0006,-0.0129,-0.0068,-0.0166,-0.0221,-0.0454,-0.0397,-0.0184,0.0065,0.0221,0.0353
2008-12-16,-0.2167,-90.7652,SO,0.1142,0.1142,0.0757,0.044,0.0408,0.0434,0.0471,0.0563,0.0496,0.0394,0.0263,0.0187,0.0064,-0.0047,-0.0057,-0.0057,-0.0088,-0.0087,-0.0107,-0.0148,-0.0204,-0.0165,-0.0162,-0.0121,-0.0046,-0.0,-0.0039,-0.0061,-0.0032,-0.0077
2009-02-02,-0.2202,-90.7638,E,,0.0074,,,,,,,,,,,,,,,-0.0534,0.0034,0.0204,0.0112,0.0122,0.0082,0.0112,0.0093,0.0017,-0.0119,0.0014,0.0036,0.0083,-0.0024
2009-02-02,-0.2202,-90.7638,N,,0.0168,-0.0077,0.0172,-0.0196,-0.0188,-0.0121,-0.0117,-0.011,0.0073,0.0066,0.0008,0.0006,0.0055,-0.0021,-0.0154,-0.0077,-0.0224,-0.0066,0.0032,-0.0046,-0.0035,-0.0142,-0.0142,-0.0085,-0.0013,0.0052,0.0089,0.0113,0.0128
2009-02-02,-0.2202,-90.7638,NE,-0.0049,-0.0067,-0.0493,-0.0507,,,,,,,,,0.0093,0.0092,-0.0007,-0.0121,-0.016,-0.0033,0.0034,0.0026,-0.0014,-0.0023,-0.004,0.0035,0.0037,-0.0023,0.0014,0.0066,0.0027,0.0063
2009-02-02,-0.2202,-90.7638,NO,,0.0777,0.0779,0.0779,0.0059,0.0053,0.0112,0.0112,0.0027,-0.0025,0.0014,-0.0074,-0.0067,-0.0065,-0.0044,-0.0108,-0.0161,-0.0159,-0.0163,-0.017,-0.0181,-0.0179,-0.0127,-0.0077,-0.0109,-0.0007,-0.0024,0.0032,0.0074,-0.0055
2009-02-02,-0.2202,-90.7638,O,,0.1086,0.0792,0.0438,0.0412,0.0373,0.0295,0.0112,-0.0017,-0.0075,-0.0072,-0.0092,-0.0077,-0.002,0.0003,-0.0045,-0.0122,-0.0096,-0.0097,-0.0057,0.002,-0.0003,0.0019,-0.0014,-0.0133,0.0052,0.0139,0.0145,0.0143,0.0059
2009-02-02,-0.2202,-90.7638,S,,0.0377,0.0333,0.03,0.0122,0.0056,0.0078,-0.0019,-0.0044,-0.0029,-0.0067,0.0017,0.0034,0.0052,0.0107,0.009,0.0014,-0.0042,-0.0055,-0.0028,-0.0002,-0.0014,0.0021,0.002,0.0003,0.0033,0.0026,0.0003,-0.0014,-0.0066
2009-02-02,-0.2202,-90.7638,SE,0.0568,,0.0635,0.0609,0.049,0.0489,0.0343,,,,,,,0.0081,0.0054,0.0013,-0.0016,-0.0058,-0.0125,-0.016,-0.0115,0.0072,0.0128,0.0172,0.0107,0.0017,-0.0111,-0.0222,,
2009-02-02,-0.2202,-90.7638,SO,0.0422,0.0395,0.0463,0.0347,0.0332,0.0329,0.0238,0.0233,0.0168,0.0142,-0.0023,-0.0079,-0.0097,-0.0087,-0.0092,-0.0072,-0.0102,-0.0086,-0.0074,-0.0047,-0.0013,-0.0038,-0.0054,-0.0063,-0.0058,-0.0045,-0.0035,0.0059,0.0022,0.0087
2009-03-06,-0.2202,-90.7638,E,,-0.006,-0.0026,0.0302,0.0239,0.0127,0.039,0.0247,0.036,0.031,-0.0051,-0.0116,0.0088,,0.0434,-0.0018,-0.007,-0.0137,-0.0229,-0.03,-0.0018,-0.0076,0.0175,0.021,0.0117,-1e-04,0.0039,0.0039,0.0021,0.0104
2009-03-06,-0.2202,-90.7638,N,,0.019,0.0089,0.0231,-0.0214,-0.02,-0.0036,-0.0146,-0.023,-0.0118,-0.0107,0.0065,0.0063,0.0074,0.0062,0.008,0.0022,-0.0087,-0.0076,-0.0117,-0.0117,-0.0167,-0.015,-0.013,-0.0196,-0.0179,-0.004,0.0042,0.0176,0.0218
2009-03-06,-0.2202,-90.7638,NE,0.0081,0.007,0.008,0.012,0.02,-0.0218,-0.0196,-0.0175,-0.0173,-0.0091,-0.0048,-0.0056,-0.0083,-0.0004,-0.0017,-0.0037,-0.0004,0.0151,0.0139,0.0045,0.0122,0.0009,0.0008,0.0143,0.0133,-0.0002,-0.0056,-0.0063,-1e-04,-0.0006
2009-03-06,-0.2202,-90.7638,NO,,0.0726,0.068,0.0636,0.0083,0.02,0.0223,0.0126,0.0111,0.0127,0.0127,-0.0036,-0.0051,-0.0056,-0.0086,-0.0146,-0.0245,-0.024,-0.0219,-0.0265,-0.0104,-0.0167,-0.0217,-0.0261,-0.0205,-0.0131,-0.0081,-0.0021,-0.0041,0.0011
2009-03-06,-0.2202,-90.7638,O,,0.0902,0.0635,0.027,0.0254,0.0256,0.0243,0.0057,-0.0024,-0.0014,-0.0084,0.0002,0.0012,0.0022,0.0024,-0.0042,-0.0017,-0.0024,-0.0103,-0.0127,,0.0008,0.0035,0.0032,0.001,-0.0004,-0.0027,-0.0035,0.0002,-0.0059
2009-03-06,-0.2202,-90.7638,S,,0.0147,0.0009,0.001,-0.0054,-0.0077,-0.0154,-0.0131,-0.0116,-0.0093,-0.0015,0.0066,0.0136,0.0168,0.0186,0.0106,-0.0024,-0.0104,-0.0096,-0.0108,-0.0065,-0.0057,-0.0073,-0.004,-0.0028,0.0017,0.0034,0.0027,-0.0004,-0.0009
2009-03-06,-0.2202,-90.7638,SE,-0.0172,,-0.0244,-0.0224,-0.0211,-0.018,-0.0162,-0.0236,-0.0151,0.0028,0.0163,0.0231,0.0218,0.0269,0.0077,-0.01,-0.0085,-0.0021,-0.0081,-0.0184,-0.0178,-0.0192,-0.01,-0.0061,-0.006,-0.0009,0.0019,0.0021,0.0063,0.0058
2009-03-06,-0.2202,-90.7638,SO,0.0365,0.0338,0.0266,0.0244,0.024,0.0241,0.0287,0.0276,0.0191,0.0087,0.0021,-0.0004,-0.0061,-0.0058,-0.0108,-0.0097,-0.0046,-0.0044,0.0052,-0.0016,-0.0015,-0.0009,0.0009,-0.0002,-0.0039,-0.0023,-0.0041,-0.0034,-0.0015,0.0037
2009-03-22,-0.2202,-90.7638,E,,0.0097,0.009,0.0537,-0.0144,,,,0.0557,0.0613,0.0111,0.0178,0.0307,0.0448,0.0368,-0.0057,-0.0187,-0.0282,-0.0277,-0.0283,0.0087,0.0034,0.0231,0.0222,0.0172,0.0148,0.0164,0.0149,0.0066,0.011
2009-03-22,-0.2202,-90.7638,N,,0.0158,0.001,0.0026,-0.0397,-0.0306,-0.0097,-0.0065,-0.001,0.0065,-0.0009,0.0099,0.0103,0.0071,0.0041,-0.0181,-0.024,-0.0223,-0.0045,0.0006,0.001,-0.0038,-0.0229,-0.0106,-0.0222,-0.0164,0.0003,0.0136,0.0143,0.0187
2009-03-22,-0.2202,-90.7638,NE,-0.0048,-0.005,0.0028,0.0067,0.0281,-0.0369,-0.0315,-0.0221,0.0268,-0.0084,-0.009,-0.0047,-0.003,0.0077,0.0019,0.0005,-0.0105,-0.0015,0.0023,0.0073,0.004,-0.0037,0.0028,0.0197,0.0204,0.0068,0.0041,-0.0011,0.0118,0.0132
2009-03-22,-0.2202,-90.7638,NO,,0.0969,0.0885,0.0885,0.0141,0.0207,0.0315,0.0199,0.0232,0.023,0.0322,0.0271,0.0181,0.0246,0.0122,0.003,-0.0114,-0.0271,-0.0404,-0.0383,-0.0373,-0.0286,-0.0219,-0.0247,-0.0199,-0.015,-0.0039,0.0046,-0.0044,0.0014
2009-03-22,-0.2202,-90.7638,O,,0.1526,0.1028,0.0532,0.0404,0.0371,0.0446,0.0278,0.0163,0.0009,-0.0152,-0.0148,-0.0142,-0.0128,-0.0113,-0.0106,-0.0099,-0.0105,-0.011,-0.0092,-0.0058,-0.0044,-0.0003,0.0071,0.0032,0.0257,0.011,0.0217,-0.0031,-0.0061
2009-03-22,-0.2202,-90.7638,S,,0.0844,0.0757,0.0669,0.0466,0.0222,-0.0148,-0.0246,-0.0276,-0.0184,-0.0037,1e-04,0.0188,0.0312,0.0341,0.028,0.0059,-0.0109,-0.0254,-0.0241,-0.0202,-0.014,-0.0074,-0.0093,-0.0103,-0.0086,-0.0003,-0.0016,-0.0017,-0.0018
2009-03-22,-0.2202,-90.7638,SE,0.0261,,0.005,0.0029,0.0018,0.0142,-0.0105,-0.0363,-0.008,0.0168,0.0472,0.0608,0.0571,0.0762,0.0594,0.0617,0.0561,0.0334,0.0077,0.0048,-0.0008,-0.0281,-0.0257,-0.0224,-0.0241,-0.0182,-0.0141,-0.0101,0.0065,0.0074
2009-03-22,-0.2202,-90.7638,SO,0.1041,0.0852,0.0748,0.0589,0.061,0.0544,0.045,0.0358,0.022,0.0152,0.0065,0.0024,-0.0065,-0.0122,-0.0138,-0.0157,-0.0149,-0.0101,-0.0026,0.0051,0.0067,0.0025,-0.0017,-0.003,-0.0035,-0.0041,-0.0027,-0.0041,0.0031,0.0017
2009-04-07,-0.2202,-90.7638,E,,0.0069,0.0108,0.0272,0.0073,0.0137,0.0218,0.0028,0.0312,0.0361,-0.0117,-0.0154,-0.0034,0.0161,0.0216,-0.0256,-0.0288,-0.0308,-0.0327,0.0027,0.0086,0.013,0.0172,0.0296,,,0.0043,-0.0045,-0.0049,-0.0111
2009-04-07,-0.2202,-90.7638,N,,0.0277,0.0076,0.0098,-0.028,-0.0238,-0.0063,-0.0148,-0.0234,-0.0169,-0.0151,-0.0039,0.0003,-0.0007,-0.002,-0.0003,-0.0098,-0.0146,-0.0139,0.0117,-0.0039,-0.0099,-0.0084,-0.0052,-0.0061,-0.0048,0.003,0.0069,0.0094,0.0147
2009-04-07,-0.2202,-90.7638,NE,0.0156,0.009,0.0089,0.0121,0.022,-0.026,-0.0154,-0.0119,-0.0119,-0.0117,-0.0015,-0.004,-0.0035,0.0093,0.0102,0.0044,0.0016,0.0038,0.001,0.005,-0.0022,-0.0014,-0.0015,0.0041,0.0093,-0.0005,-0.0028,-0.0035,-0.0129,-0.0137
2009-04-07,-0.2202,-90.7638,NO,,0.1008,0.09,0.0935,0.013,0.0174,0.0204,0.0248,0.03,0.0324,0.0407,0.03,0.0272,0.0146,0.0042,0.0025,-0.0058,-0.0197,-0.0195,-0.0299,-0.0178,-0.0209,-0.0225,-0.0154,-0.0113,-0.0018,0.0026,0.001,0.0009,0.004
2009-04-07,-0.2202,-90.7638,O,,0.1263,0.0843,0.0406,0.0393,0.0334,0.0405,,,0.0069,0.0064,-0.0024,-0.002,0.0016,0.0052,-0.0006,-0.0024,-0.0027,-0.0057,-0.0082,-0.0059,-1e-04,0.0037,0.0056,0.0041,0.0018,-0.0003,1e-04,-0.0011,-0.0032
2009-04-07,-0.2202,-90.7638,S,,0.0608,0.0638,0.0543,0.035,0.0107,0.004,-0.0083,-0.0118,-0.0113,-0.0016,0.0063,0.0114,0.0199,0.0167,0.0081,-0.0091,-0.0104,-0.0104,-0.0051,-0.0055,-0.0055,-0.005,-0.0043,-0.0034,-0.0021,-0.0031,-0.0032,-0.0024,-0.0016
2009-04-07,-0.2202,-90.7638,SE,0.0172,,0.0173,0.0116,-0.0024,-0.0146,-0.0158,-0.0122,-0.0004,0.0088,0.0187,0.0192,0.0154,0.0105,-0.0072,-0.015,-0.0239,-0.0316,-0.017,-0.0245,-0.0098,0.0128,0.0071,0.0018,0.0071,0.0069,-0.004,-0.0046,-0.0061,-0.0052
2009-04-07,-0.2202,-90.7638,SO,0.0769,0.0686,0.0649,0.0514,0.0524,0.0452,0.0436,0.0343,0.0239,0.0221,0.0114,-0.0017,-0.0076,-0.0075,-0.0074,-0.0074,-0.0054,-0.0033,-0.002,-0.0011,-0.0,-0.0039,-0.0021,-0.002,-0.0019,-0.005,-0.0026,-0.0036,0.0006,0.0031
2011-02-08,-0.2202,-90.7638,E,,0.043,0.0433,0.0634,0.0542,0.0526,0.062,0.0535,,0.0531,0.0321,0.0201,0.024,0.0099,-0.004,-0.0228,-0.0276,-0.0201,-0.0158,-0.0102,-0.0052,-0.0015,1e-04,0.0031,0.0073,0.0073,0.0019,0.0012,-0.007,-0.0035
2011-02-08,-0.2202,-90.7638,N,,0.0141,0.018,0.0256,-0.0158,-0.0102,0.0042,0.0003,-0.0025,-0.0018,-0.0167,-0.0071,-0.0053,-0.0138,-0.0117,-0.018,-0.0149,-0.0116,-0.0116,0.0182,0.0172,0.0125,-0.0036,-0.0069,-0.0049,-0.0032,0.01,0.0167,0.0086,-0.0012
2011-02-08,-0.2202,-90.7638,NE,0.0511,0.0606,0.0583,0.0722,0.0839,0.0562,0.0566,0.0589,0.0593,0.0628,0.049,0.0257,0.0119,-0.0004,-0.0054,-0.0251,-0.011,-0.0218,1e-04,-0.014,-0.0137,-0.0185,-0.0141,-0.011,-0.0067,-0.0073,-0.0042,0.0121,0.0136,0.0336
2011-02-08,-0.2202,-90.7638,NO,,0.0789,0.0775,0.0778,0.0126,-0.0076,-0.0295,-0.0615,-0.0599,-0.0417,-0.0253,-0.0062,0.0027,0.0062,0.0071,0.0104,0.0008,-0.0058,-0.0056,-0.0125,-0.0225,-0.0117,-0.0144,-0.0121,-0.0073,-0.0103,-0.0148,0.0057,0.0072,0.0099
2011-02-08,-0.2202,-90.7638,O,,0.1255,0.0989,0.0657,0.0539,0.0442,0.0186,-0.0028,-0.004,-0.0074,-0.0129,-0.0192,-0.0228,-0.0281,-0.0243,-0.0088,0.0029,0.0045,0.0022,0.0038,0.0108,0.0071,0.02,,,0.0031,-0.0044,0.003,0.0199,0.0213
2011-02-08,-0.2202,-90.7638,S,,0.0384,0.032,0.0229,0.007,0.0071,0.0019,-0.005,-0.0029,0.0029,0.018,0.0281,0.0322,0.0316,0.0211,0.0076,-0.0135,-0.0289,-0.0352,-0.0309,-0.0177,-0.0143,-0.0061,-0.0006,0.0002,0.0104,0.0122,0.0044,-0.0014,-0.0184
2011-02-08,-0.2202,-90.7638,SE,0.0177,,0.0083,-0.0004,-0.0083,-0.0117,-0.0015,-0.0034,-0.0024,-0.0094,0.004,0.0154,0.0369,0.0403,0.0306,0.0247,0.0322,-0.0017,0.0018,-0.0006,0.0006,-0.0036,-0.0125,-0.006,-0.004,-0.0024,-0.0089,-0.0123,-0.0115,-0.0155
2011-02-08,-0.2202,-90.7638,SO,0.0216,0.0232,0.0246,0.0053,-0.005,-0.0064,-0.0111,,,,,,,,-0.0225,-0.0127,-0.005,0.0041,0.0137,0.017,0.02,0.008,-0.0036,-0.0029,-0.0074,-0.0183,-0.0201,-0.0207,-0.009,0.0257
2012-01-10,-0.2189,-90.7671,N,,0.0404,0.0385,0.0183,0.0045,-0.0042,-0.0087,0.0023,0.0011,-0.0087,-0.0096,-0.0144,0.0197,0.0101,0.0003,,,,,,,,,,,,,,,
2012-01-10,-0.2189,-90.7671,NO,,0.0407,0.0356,0.0341,0.0184,0.0113,0.0058,-0.0013,0.0066,0.0025,-0.0017,-0.0009,-0.0084,-0.0104,-0.0129,-0.0133,-0.0135,,,,,,,,,,,,,
2012-01-10,-0.2189,-90.7671,O,,0.0418,0.0218,-0.0029,0.0079,0.0221,0.0153,0.0096,0.0166,0.0154,0.0066,-0.0018,-0.0091,-0.0117,-0.0098,-0.0042,,,,,,,,,,,,,,
2012-01-10,-0.2189,-90.7671,S,,0.0333,0.0285,0.0137,0.0034,-0.0072,-0.0087,-0.0042,-0.0049,-0.0028,-0.0031,-0.0021,0.0045,0.0061,0.0037,0.0104,0.01,0.0085,0.0049,0.0003,-0.0056,-0.014,-0.0075,-0.0084,-0.0112,-0.0089,-0.0068,-0.0027,-0.0084,-0.0056
2012-01-10,-0.2189,-90.7671,SO,0.0455,0.0392,0.0268,0.0299,0.0283,0.0242,0.0164,0.0057,0.0024,0.005,0.0052,0.0014,-0.001,-0.0002,0.0042,0.0034,-0.0071,-0.0113,-0.0018,-0.0026,-0.0002,-1e-04,0.0105,0.0079,0.0015,-0.0003,-0.0002,0.003,0.0015,-0.0062
2012-01-26,-0.2202,-90.7638,E,,0.0065,0.0108,0.0491,0.0309,0.0148,0.0201,0.0022,0.035,0.0402,-0.0026,0.0025,0.0112,0.0092,0.0079,0.0177,-0.0188,-0.0349,-0.0234,-0.0048,-0.0037,-0.0113,0.0051,0.0117,0.0123,0.0043,0.002,0.0012,0.0008,0.0061
2012-01-26,-0.2202,-90.7638,N,,0.0523,0.0405,0.0522,-0.0002,0.0031,0.0209,0.0075,-0.0021,,,,,,,,,,,,,,-0.0059,0.0021,-0.0016,0.0,0.0051,0.0037,0.0035,-0.001
2012-01-26,-0.2202,-90.7638,NE,0.032,0.0308,0.0374,0.0337,0.0385,-0.0089,-0.0005,0.0068,0.0021,0.0003,-0.0005,-0.0011,-0.0013,-1e-04,0.0002,0.0024,0.0021,-0.002,-0.0068,-0.0021,-0.0039,-0.0093,-0.0143,-0.0003,0.0039,0.0035,0.0045,0.0041,0.0016,0.002
2012-01-26,-0.2202,-90.7638,NO,,0.1035,0.0977,0.0972,0.0204,0.0168,0.0133,0.0043,-0.0031,-0.0055,,,,,,,,,,,,,,,,,,,,
2012-01-26,-0.2202,-90.7638,O,,0.1207,0.0845,0.0431,0.0337,0.0234,0.0231,0.0142,0.0047,-0.0002,-0.001,-0.0041,-0.0073,-0.0116,-0.01,0.0081,,-0.0102,-0.0099,-0.0072,-0.0017,0.0005,-0.0002,0.0048,0.0035,-0.0006,-0.005,-0.0065,-0.0009,-0.0084
2012-01-26,-0.2202,-90.7638,S,,0.0391,0.0338,0.0305,0.0196,0.0129,0.003,-0.0028,-0.0097,-0.0071,-0.0025,0.0044,0.0098,0.0131,0.0121,0.0092,-0.004,-0.0063,-0.0104,-0.0104,-0.0056,-0.0067,-0.0066,-0.0013,0.0002,-0.0012,-0.0016,0.0042,-0.0006,-0.001
2012-01-26,-0.2202,-90.7638,SE,0.0053,,-0.0009,-0.0061,0.0,0.0062,-0.0067,-0.0259,-0.0192,-0.0085,0.002,0.0101,0.0137,0.0231,0.0187,0.008,0.0267,0.0143,0.0111,0.003,-0.0015,-0.0083,-0.0085,-0.0023,-0.0007,-0.0031,-0.0063,-0.0121,-0.0084,-0.0058
2012-01-26,-0.2202,-90.7638,SO,0.0567,0.0557,0.0491,0.0429,0.0378,0.0387,0.0272,0.0233,0.0123,0.0073,0.001,-0.0017,-0.0074,-0.0128,-0.0124,-0.0106,-0.0068,0.004,-0.0005,0.0004,0.0011,0.0013,-0.0034,-0.0037,-0.0039,-0.0027,-0.0019,0.0018,0.004,0.0038
2012-02-11,-0.2167,-90.766,E,,0.0347,-0.0154,-0.0263,-0.0256,,,-0.0147,-0.0122,-1e-04,0.0074,0.0131,0.0128,0.0037,0.002,-0.0029,-0.0037,-0.011,-0.0033,-0.0168,-0.0058,-0.0041,-0.0036,-0.0049,-0.0015,0.0058,0.0091,0.0106,0.0108,0.0075
2012-02-11,-0.2167,-90.766,N,,0.0857,0.0696,0.0591,0.0133,,,,,,,,,,,,,,,,,,0.0023,0.0032,,1e-04,-0.013,0.0013,0.0047,
2012-02-11,-0.2167,-90.766,NE,-0.0103,-0.0131,-0.0247,-0.0427,-0.0545,-0.0581,-0.0518,,-0.0256,-0.0238,-0.0212,-0.0057,0.0079,0.0194,0.0026,-0.0007,-0.0017,-0.0025,0.0052,0.0094,0.0094,0.0154,0.0099,0.0188,0.0181,-0.0135,-0.0298,-0.0273,-0.022,-0.0249
2012-02-11,-0.2167,-90.766,NO,0.0448,0.0393,0.0102,0.0114,-0.0089,-0.0018,0.0069,-0.0018,-0.0063,-0.0103,-0.0137,-0.0087,-0.0135,-0.0068,0.0382,0.0397,0.0308,,,,,,,,,,,-0.0031,-0.01,-0.0055
2012-02-11,-0.2167,-90.766,O,,0.0653,0.0169,0.0141,0.0184,0.0223,0.0247,0.011,0.0069,0.0076,0.005,-0.0033,-0.0068,-0.0026,-0.0058,0.0003,0.003,0.0025,-0.0032,-0.0152,-0.0177,,,,,,,,,-0.0229
2012-02-11,-0.2167,-90.766,S,,0.0503,0.0438,0.0361,0.0362,0.0319,0.0405,0.0041,0.0012,0.0002,0.0043,0.0069,0.0116,0.0099,0.0007,0.0019,0.004,-0.0035,-0.0071,-0.0112,-0.012,-0.0147,-0.0128,-0.0058,-0.0011,0.005,0.003,0.0013,0.0036,0.0055
2012-02-11,-0.2167,-90.766,SE,0.0354,0.0237,0.0265,0.0041,-0.0023,0.0017,-0.0015,-0.0012,-0.0075,-0.0105,-0.0124,-0.0072,-0.0033,0.0022,0.0049,0.0108,0.0052,0.0067,-1e-04,0.0013,-0.0042,-0.0089,-0.0105,-0.0128,-0.005,-1e-04,0.0039,0.008,0.0094,0.0071
2012-02-11,-0.2167,-90.766,SO,0.0725,0.0631,0.0446,0.0343,0.0397,0.0344,0.0274,0.0198,0.012,0.0051,0.0096,0.0114,0.003,-0.0024,-0.0077,-0.008,-0.0084,-0.0099,-0.0073,-0.0065,-0.0038,-0.0065,-0.0046,-0.0029,-0.0013,0.0031,0.0047,-0.0004,-0.0017,0.0145
2013-05-04,-0.217,-90.7652,E,,0.0218,0.0164,-0.0404,,,-0.0402,-0.0458,-0.0542,-0.0242,-0.0283,-0.0203,-0.0283,-0.0253,-0.0103,-0.0123,0.0018,0.0118,0.0142,0.0206,0.0205,0.0155,0.0125,0.0085,0.0024,-0.0002,0.0016,-0.0045,-0.006,-0.0079
2013-05-04,-0.217,-90.7652,N,,-0.0324,-0.0299,-0.03,-0.0269,0.0223,0.0278,0.0359,0.0478,0.0295,0.02,0.0161,0.006,0.0025,0.0014,-0.0007,1e-04,0.0018,-0.0091,-0.0046,-0.0034,0.0021,0.0036,-0.0041,-0.0128,-0.0269,-0.044,-0.0278,-0.0249,-0.026
2013-05-04,-0.217,-90.7652,NE,-0.0369,-0.0774,-0.0841,-0.0725,-0.0704,-0.03,,-0.0714,-0.0649,-0.0485,-0.0237,-0.009,-0.0037,-0.0069,-0.0087,-0.0034,0.0,0.0051,0.0036,0.0133,0.0219,0.0211,0.0207,0.0064,0.0204,0.0023,0.0114,0.0075,0.001,-0.0029
2013-05-04,-0.217,-90.7652,NO,0.0349,-0.0182,-0.0218,-0.0324,-0.0342,-0.0322,-0.0419,-0.0018,0.0187,0.0333,0.0128,0.0156,0.0119,0.0106,0.0101,0.0133,0.0141,0.0172,0.0136,0.0127,0.0253,-0.0044,-0.0098,-0.0132,-0.006,-0.0122,-0.0199,-0.0257,-0.0423,-0.0446
2013-05-04,-0.217,-90.7652,O,,0.0532,0.0421,0.0391,0.0289,0.0243,0.017,0.0067,0.0049,0.012,-0.0024,-0.0049,0.0102,0.0158,0.0155,0.0083,0.0061,0.004,-0.0035,-0.0105,-0.014,-0.0128,-0.0101,-0.0079,-0.006,-0.0025,-0.0019,0.0007,0.0006,0.004
2013-05-04,-0.217,-90.7652,S,,0.0785,0.0714,0.0436,0.0425,0.0367,0.0323,0.0278,0.0238,0.019,-0.0061,-0.007,-0.0044,-0.0017,0.0016,0.0009,0.0035,0.0011,-0.0016,-0.0032,-0.003,-0.0055,-0.0007,-0.0038,-0.0038,-0.0035,0.0002,-0.0006,0.0003,-0.0006
2013-05-04,-0.217,-90.7652,SE,0.0438,0.0459,0.0468,0.0496,0.0234,0.019,0.0236,0.0198,0.0107,-0.0333,-0.0342,-0.0263,-0.0129,-0.0075,-0.0017,0.0048,0.0045,0.0053,-0.0013,-0.0037,-0.0076,-0.0063,-0.0081,-0.0025,-0.0069,-0.0074,-0.0055,0.001,0.0079,0.0095
2013-05-04,-0.217,-90.7652,SO,0.0831,0.0342,0.027,0.0201,0.0143,0.0222,0.024,0.0585,0.0463,0.0402,0.0123,-0.0017,-0.0013,-0.0151,-0.0013,-0.0071,-0.0079,-0.008,-0.0089,-0.0078,-0.0047,-0.0008,-0.0021,0.0011,0.0063,-0.0007,-0.0069,-0.0059,-0.0043,-0.0052
2013-05-28,-0.2162,-90.7663,E,,-0.0512,-0.0531,-0.053,-0.0535,-0.0517,-0.0478,-0.0377,-0.0272,-0.0194,-0.0143,-0.0119,-0.013,-0.0104,0.0002,0.0059,0.0179,0.0174,0.0164,0.0192,0.018,0.0122,0.0043,0.0053,0.0054,0.0031,-0.0005,-0.0066,-0.0133,-0.012
2013-05-28,-0.2162,-90.7663,N,,-0.0005,-0.0277,-0.0284,-0.0254,-0.0359,-0.0291,-0.0225,-0.0192,0.0014,0.0049,0.0089,0.0129,0.0247,0.0216,0.0147,0.0113,0.0098,0.009,0.0096,-0.0018,-0.0049,-0.0061,-0.0082,-0.0053,-0.0051,-0.0065,-0.0148,-0.0171,-0.0215
2013-05-28,-0.2162,-90.7663,NE,-0.0071,-0.0214,-0.042,-0.0507,-0.0643,-0.0704,-0.08,-0.0644,-0.0568,-0.0351,-0.0154,0.0022,0.0004,0.0021,0.0051,0.01,0.0154,0.0193,0.0208,0.0187,0.0155,0.0156,0.0105,-0.0047,-0.0047,-0.0165,0.0044,-0.0121,-0.0045,0.0034
2013-05-28,-0.2162,-90.7663,NO,0.0595,0.0396,0.0316,0.033,0.0256,-0.0004,-0.0042,-0.0076,-0.0122,-0.0209,-0.0217,-0.0211,-0.0028,0.0213,0.0306,0.0241,0.0194,0.0122,0.0058,0.0129,0.0114,0.0099,0.0095,0.013,0.0029,-0.0181,-0.0173,-0.0178,-0.0219,-0.0242
2013-05-28,-0.2162,-90.7663,O,,0.0783,0.0592,0.0552,0.0146,0.0199,0.032,0.0346,0.0393,0.035,0.032,0.0207,0.0012,-0.0077,-0.0054,0.0068,0.0039,0.0012,0.0006,-0.0024,-0.0055,-0.0073,-0.0065,-0.0056,-0.005,-0.0047,-0.0045,-0.0055,-0.0057,-0.0051
2013-05-28,-0.2162,-90.7663,S,,0.0517,0.0508,0.0511,0.0364,0.0316,0.0128,0.0064,0.0008,0.0003,-0.0015,-0.0034,-0.0038,-0.0043,-0.0037,-0.0031,-0.0025,-0.001,0.002,0.0003,0.0007,0.0008,-0.0024,0.0006,0.0036,0.0025,0.0012,0.0035,0.0024,0.0019
2013-05-28,-0.2162,-90.7663,SE,-0.0006,-0.0079,-0.0031,-0.0063,-0.0048,-0.0083,-0.0134,-0.0167,-0.017,-0.0124,-0.0125,-0.0066,-0.0103,-0.0067,-0.0037,-0.0104,-0.0148,-0.0167,-0.0171,-0.0159,-0.0128,-0.0104,-0.0087,-0.0028,0.0031,-0.0,0.0032,0.0051,0.0072,-0.0068
2013-05-28,-0.2162,-90.7663,SO,0.0849,0.0785,0.0675,0.0548,0.0487,0.0395,0.0205,0.0014,-0.0002,-0.0012,0.0014,-0.0012,-0.0043,-0.0008,-0.005,-0.0045,-0.0062,-0.0075,-0.0051,-0.0019,-0.0011,0.0007,0.0027,0.0022,-0.0026,-0.0024,0.0004,0.0,0.0007,0.0019
2013-09-17,-0.2162,-90.7665,E,,-0.1122,-0.1057,-0.0971,-0.0895,-0.0773,-0.0626,-0.0446,-0.0335,-0.0253,-0.0201,-0.0171,-0.0209,-0.0169,-0.0062,0.0019,0.0235,0.0233,0.0252,0.0222,0.0223,0.0193,0.012,0.0122,0.0099,0.0049,0.0008,-0.0034,-0.0119,-0.0184
2013-09-17,-0.2162,-90.7665,N,,0.0941,0.0385,0.0255,0.0198,0.0198,0.0065,0.0099,0.0116,0.0122,0.02,0.022,0.0258,0.0214,0.0362,0.035,0.0232,0.0119,0.0081,0.0095,0.0097,-0.0103,-0.004,-0.0097,-0.0168,-0.0224,-0.0255,-0.0243,-0.035,-0.0393
2013-09-17,-0.2162,-90.7665,NE,-0.0059,-0.0214,-0.0572,-0.0716,-0.082,-0.0906,-0.0911,-0.0784,-0.0653,-0.0546,-0.0445,-0.01,0.0002,0.0019,0.0071,0.0167,0.0239,0.0255,0.0266,0.0278,0.0239,0.0199,0.0115,-0.0006,-0.0105,-0.0225,-0.0115,-0.0152,-0.0113,-0.0006
2013-09-17,-0.2162,-90.7665,NO,0.1335,0.1233,0.1088,0.1025,0.0862,0.0671,0.0518,0.0439,0.0378,0.0212,0.0057,0.0045,-0.0034,-0.0041,0.0081,0.0115,0.0052,-0.0021,-0.0149,-0.0089,-0.011,-0.0161,-0.0068,0.0013,0.0029,-0.0267,-0.0244,-0.0224,-0.0197,-0.0203
2013-09-17,-0.2162,-90.7665,O,,0.1201,0.1084,0.0976,0.0548,0.0495,0.049,0.0483,0.0483,0.0454,0.0404,0.0373,0.0171,0.0005,-0.0075,-0.0087,-0.0081,-0.0094,-0.0074,-0.0119,-0.0155,-0.0173,-0.019,-0.0187,-0.0143,-0.011,-0.008,-0.0141,0.005,0.0008
2013-09-17,-0.2162,-90.7665,S,,0.0263,0.0244,0.0336,0.0221,0.0004,-0.0049,-0.0035,-0.0023,-0.0011,-0.0038,-0.0078,-0.0057,-0.0015,0.0005,-1e-04,-0.0016,-0.0044,-0.0032,0.0007,0.0046,0.0067,0.0069,0.012,0.013,0.0124,0.0149,0.0166,0.0161,0.0164
2013-09-17,-0.2162,-90.7665,SE,-0.0637,-0.0564,-0.0497,-0.0425,-0.0346,-0.0274,-0.0309,-0.0402,-0.0417,-0.0309,-0.0268,-0.0181,-0.0215,-0.0163,-0.0088,-0.0158,-0.0173,-0.016,-0.0194,-0.0168,-0.0098,-0.0054,-0.004,0.0031,0.0102,0.0019,0.0074,0.0048,0.0013,-0.0102
2013-09-17,-0.2162,-90.7665,SO,0.1092,0.1007,0.0911,0.0873,0.0843,0.0796,0.0293,0.0185,0.0177,0.0159,0.0085,0.0175,0.0078,0.0062,-0.0006,1e-04,-0.0035,-0.0073,-0.0099,-0.0136,-0.0126,-0.0083,-0.0041,-0.0044,-0.0031,-0.01,-0.0173,-0.0258,-0.009,-0.0216
2014-03-28,-0.214,-90.7695,E,,,0.0095,0.0077,0.005,0.0047,0.0042,0.0041,0.0031,0.0038,0.0047,0.006,0.0035,0.0013,-0.0015,0.0036,0.0065,0.0028,-0.0013,-0.0,0.0007,0.0022,0.0024,0.0029,0.0026,0.0005,-0.0009,-0.002,-0.0049,-0.0071
2014-03-28,-0.214,-90.7695,N,,,,,,,,,,,,,,,,,,,,-0.003,-0.0035,-0.0008,,,,,-0.006,1e-04,0.0039,0.0028
2014-03-28,-0.214,-90.7695,NE,0.0027,,,,,,,,,,,,-0.0081,0.0067,0.0075,0.0078,0.0072,0.0009,-0.0021,0.0007,0.0041,0.0131,0.0066,0.0029,0.0008,0.0012,-0.0044,-0.0024,-0.0068,-0.008
2014-03-28,-0.214,-90.7695,NO,0.0272,,0.024,0.0272,0.0249,0.013,0.0159,0.0051,-0.0014,-0.0053,-0.0113,,,,,,,,,,,,,,,-0.0087,-0.0049,-0.0034,0.0012,-0.001
2014-03-28,-0.214,-90.7695,O,,0.0163,0.0078,0.0014,-0.0034,-0.0045,-0.0058,-0.0053,-0.0022,0.001,0.0031,0.0042,0.0049,0.0056,0.0044,-0.0002,-0.0081,-0.0125,,,,,,,,,,,,-0.0274
2014-03-28,-0.214,-90.7695,S,,0.0048,0.0036,0.0017,0.0023,0.0025,0.0034,0.0027,0.0041,0.0003,0.0037,0.0051,0.0047,0.0024,0.0014,-0.0003,0.0019,0.004,-0.0009,-0.003,-0.0026,-0.0017,-0.0011,-0.0019,-0.0029,-0.0032,-0.0024,-0.0011,-0.001,-0.002
2014-03-28,-0.214,-90.7695,SE,0.0364,0.0332,0.0331,0.0303,0.0294,0.0277,0.027,0.0184,0.0138,0.0087,0.0028,0.0062,-0.0049,-0.0031,-0.0042,-0.0051,-0.0042,-0.0064,-0.0076,-0.0078,-0.0079,-0.0088,-0.0063,-0.0017,0.0011,-0.0085,-0.0067,-0.0154,-0.0127,0.0069
2014-03-28,-0.214,-90.7695,SO,0.0105,0.0037,-0.0026,-0.0076,-0.0092,-0.0104,-0.0082,-0.0063,-0.003,0.0003,0.0008,0.0024,0.0036,0.0023,0.0045,0.0042,0.0035,0.0023,-0.0005,-0.0041,-0.0006,-0.0034,-0.0096,-0.0075,-0.0041,-0.0014,-1e-04,0.001,0.0006,-0.0013
2015-01-26,-0.2164,-90.7663,E,,-0.0479,-0.0489,-0.0498,-0.0526,-0.0579,-0.059,-0.0524,-0.0448,-0.0349,-0.034,-0.0307,-0.0246,-0.0213,-0.0157,-0.0103,0.0047,0.0191,0.0231,0.0242,0.0209,0.0213,0.0178,0.0123,0.0123,0.0133,0.0075,0.0025,-0.0043,-0.0152
2015-01-26,-0.2164,-90.7663,N,,0.0254,0.0264,0.0242,0.0132,-0.0155,-0.0133,-0.0102,-0.0068,0.0244,0.013,0.0173,0.0292,0.0302,0.0285,0.0228,0.0121,0.0111,0.006,-0.0017,-0.0045,-0.0073,-0.0062,-0.0112,-0.0074,0.0007,0.0031,-0.0087,-0.0104,-0.018
2015-01-26,-0.2164,-90.7663,NE,-0.0126,-0.0184,-0.0555,-0.0609,-0.0705,-0.0681,-0.0731,-0.066,-0.0587,-0.0467,-0.0255,-0.0067,0.001,0.0065,0.0087,0.0114,0.0147,0.0183,0.0195,0.0157,0.013,0.0159,0.0153,0.0023,0.0134,-0.003,0.0018,-0.006,-0.0027,0.0086
2015-01-26,-0.2164,-90.7663,NO,0.0331,0.0426,0.0411,0.0399,0.0054,0.0021,-0.002,-0.0037,0.0031,0.0053,0.005,0.0126,0.0255,0.0348,0.0279,0.0275,0.0251,0.0274,0.0211,0.0179,-0.0035,-0.0047,-0.0132,-0.0101,-0.0083,-0.0078,-0.0124,-0.0103,-0.0118,-0.0213
2015-01-26,-0.2164,-90.7663,O,,0.0865,0.0827,0.0481,0.0509,0.0557,0.0572,0.0438,0.0276,0.0126,0.0071,-0.0005,-0.0047,-0.001,0.0079,0.0074,0.0065,0.0049,0.0016,-0.0009,-0.0052,-0.0097,-0.0102,-0.0076,-0.0078,-0.0059,-0.0064,-0.0049,-0.0035,-0.0024
2015-01-26,-0.2164,-90.7663,S,,0.0719,0.0657,0.0575,0.0499,0.0438,0.0017,-0.0012,-0.0024,-0.0036,-0.0052,-0.0035,-0.002,-1e-04,-0.0005,-1e-04,-0.0011,-0.0027,-0.0035,-0.0039,-0.0042,-0.0007,-0.0038,0.0006,0.0044,0.0022,0.0019,0.0015,0.0015,0.0017
2015-01-26,-0.2164,-90.7663,SE,0.0265,-0.0003,-0.0074,-0.0009,0.002,0.0019,0.001,0.0012,-0.0102,-0.022,-0.0297,-0.022,-0.0209,-0.0168,-0.009,-0.0085,-0.0097,-0.0092,-0.0092,-0.0134,-0.0159,-0.0138,-0.0095,-0.0064,-0.0009,0.0055,0.0049,0.0076,0.0096,-0.0002
2015-01-26,-0.2164,-90.7663,SO,0.098,0.0964,0.0909,0.0849,0.0617,0.0385,0.041,0.0173,0.0123,0.0052,0.0012,1e-04,-0.0059,0.0013,-0.0031,-0.0018,-0.0032,-0.0075,-0.0043,-0.0029,-0.0035,-0.0003,0.0004,0.001,0.0009,-0.0003,-0.0006,-0.0035,-0.0023,-0.0019
2015-03-31,-0.2162,-90.7663,E,,0.0394,0.0279,0.0142,0.0071,-0.0021,-0.005,-0.0019,-0.0031,-0.0043,-0.0037,-0.0043,-0.0007,-0.0004,-0.0029,0.0168,0.034,0.0183,-0.001,-0.0255,,,,,-0.0357,-0.013,-0.0033,-0.0032,-0.0003,0.0081
2015-03-31,-0.2162,-90.7663,N,,0.0854,0.0655,,,,,,,,,,,,,,,,,,,,,,,,,,,
2015-03-31,-0.2162,-90.7663,NE,-0.071,-0.0662,-0.0687,-0.0705,-0.0721,-0.0762,-0.0727,,,,-0.0346,-0.006,0.0027,0.0074,0.0086,0.0119,0.0102,0.0101,0.0018,-0.0005,0.0045,-0.007,0.0082,-0.0064,-0.0068,-0.0013,0.0021,0.0046,0.0044,0.0069
2015-03-31,-0.2162,-90.7663,NO,0.211,,,,,,,,,,,,,,,,,,,,,,,,,-0.0103,-0.0101,-0.0041,0.011,0.0026
2015-03-31,-0.2162,-90.7663,O,,,0.0567,0.0555,0.018,0.0186,0.021,0.0239,0.0266,0.0264,0.0273,,,,,,,,,,,,,,0.0023,0.0021,0.0033,0.0038,0.0032,-0.0017
2015-03-31,-0.2162,-90.7663,S,,0.0176,0.0175,0.0359,0.0152,0.0143,-0.0058,-0.0116,-0.0156,-0.0137,0.004,0.0007,0.0151,0.0144,0.0161,0.0186,0.0224,0.0163,0.0111,0.0054,-0.0003,-0.0029,-0.0053,-0.0081,-0.0056,-0.0041,-0.004,-0.0055,-0.0074,0.001
2015-03-31,-0.2162,-90.7663,SE,0.0215,0.0175,0.019,0.0143,0.0104,0.009,0.0093,0.0004,-0.006,0.0021,-0.0113,0.0011,-0.0044,-0.0048,-0.0041,,,,,,,,,,,,,,,0.0358
2015-03-31,-0.2162,-90.7663,SO,0.0419,0.0468,0.0454,0.0425,0.0421,0.0371,0.0125,0.0137,0.0114,0.0103,0.0093,0.0065,0.0024,0.0038,0.0013,0.0058,1e-04,-0.004,-0.0027,-0.0024,-0.0012,-0.001,1e-04,-0.0018,-0.0039,-0.0064,-0.0013,-0.0037,-0.0082,-0.0104
2015-09-07,-0.2162,-90.7663,E,,-0.0548,-0.0502,-0.0477,-0.0477,-0.035,-0.0275,-0.0248,-0.023,-0.0179,-0.0168,-0.0166,-0.0227,-0.0225,-0.0168,-0.0095,0.0087,0.0101,0.0114,0.0151,0.0137,0.0146,0.0056,0.0059,0.0072,0.0057,0.0052,0.0016,-0.0046,-0.0067
2015-09-07,-0.2162,-90.7663,N,,0.0265,0.0022,0.0016,0.0018,-0.0121,-0.0091,-0.007,-0.0077,0.0122,0.0064,0.0052,0.0203,0.0235,0.0178,0.0118,0.0041,0.0044,0.0064,0.0046,-0.0065,-0.0083,-0.0085,-0.0127,-0.0107,-0.0057,-0.0039,-0.0125,-0.0141,-0.0184
2015-09-07,-0.2162,-90.7663,NE,0.0128,-0.003,-0.0256,-0.0355,-0.0494,-0.0564,-0.0586,-0.0522,-0.046,-0.035,-0.0166,0.0002,-0.0019,0.0007,-1e-04,0.0025,0.0077,0.0079,0.0142,0.0142,0.0128,0.0133,0.0057,-0.0051,0.0009,-0.0199,-0.0003,-0.0141,-0.0038,0.0049
2015-09-07,-0.2162,-90.7663,NO,0.0488,0.0355,0.0317,0.0298,0.0253,-0.0075,-0.011,-0.0138,-0.0156,-0.019,-0.0103,-0.0105,0.0041,0.0231,0.0202,0.0155,0.0134,0.0113,0.0123,0.0186,0.0188,0.0117,-0.0012,0.0105,-0.009,-0.0102,-0.0114,-0.0145,-0.0177,-0.0183
2015-09-07,-0.2162,-90.7663,O,,0.0606,0.0565,0.055,0.0158,0.0178,0.0254,0.0314,0.0347,0.0188,0.0183,0.011,0.0032,0.0023,0.0008,0.0009,0.0019,0.0005,1e-04,-0.0011,-0.0022,-0.0042,-0.0045,-0.0065,-0.0072,-0.0064,-0.0057,-0.0054,-0.0055,-0.0053
2015-09-07,-0.2162,-90.7663,S,,0.0307,0.0311,0.0344,0.0252,0.0216,0.0011,0.0,-0.0011,0.0025,0.0008,-0.0008,-0.0029,-0.0036,-0.003,-0.0015,-0.0032,-0.0047,0.0013,-0.0018,-0.0011,-1e-04,-0.0019,0.0003,0.0013,0.0008,0.0013,0.0027,0.0028,0.0037
2015-09-07,-0.2162,-90.7663,SE,-0.0103,-0.006,-0.001,0.0022,-0.0002,0.0002,-0.0019,-0.0064,-0.0075,-0.008,-0.0106,-0.0073,-0.0121,-0.0115,-0.0084,-0.0126,-0.0112,-0.011,-0.0115,-0.0111,-0.0076,-0.0084,-0.0055,-0.0031,0.0014,-0.0003,0.0009,0.0016,0.0013,-0.0041
2015-09-07,-0.2162,-90.7663,SO,0.0629,0.0568,0.0531,0.0495,0.0452,0.0397,0.0172,0.0042,0.0029,0.0003,0.0021,0.0014,-0.0016,-0.0002,0.001,-0.0015,-0.0012,-0.0019,-0.002,-0.0011,0.0002,0.0012,0.0008,-0.0011,-0.0014,-0.003,-0.0007,-0.0019,-0.0011,-0.0002
2016-01-13,-0.2208,-90.7638,E,,0.0114,0.0017,0.0158,0.0024,0.0088,0.02,0.0079,0.0168,0.0189,0.0078,0.002,-0.001,-0.0003,0.0137,0.0138,0.0153,-0.008,-0.0072,-0.0127,-0.016,-0.0016,-0.0067,-0.0092,0.0068,0.0088,0.0096,0.0108,0.0113,0.0063
2016-01-13,-0.2208,-90.7638,N,,0.0252,0.0264,0.0283,0.0197,0.0217,0.022,0.0056,-0.0099,-0.0075,-0.0089,0.0053,0.0062,0.0054,0.0042,-0.0147,-0.0168,-0.0196,0.0078,0.0084,0.0094,0.0104,-0.0038,0.0004,0.0015,0.002,0.0019,0.0039,0.0072,0.0069
2016-01-13,-0.2208,-90.7638,NE,0.0282,0.0274,0.0272,0.0185,0.0094,-0.0192,-0.0178,-0.0155,-0.0059,0.0024,0.0018,0.0035,0.007,0.0043,0.0026,0.0005,-0.0014,-0.0009,-0.0008,0.0035,-0.0006,-0.0021,-0.0098,-0.0067,-0.0045,-0.0003,-0.0005,-0.0029,0.0056,0.008
2016-01-13,-0.2208,-90.7638,NO,,0.0123,0.0111,0.0105,0.0118,0.016,0.0177,0.0191,0.0175,0.0154,0.0174,0.0159,0.0125,0.0084,0.0037,-0.0004,-0.0057,-0.0092,-0.0106,-0.0083,-0.0046,-0.0041,-0.0028,-0.0023,-0.0014,-0.0017,-0.0025,-0.003,-0.0024,-0.0021
2016-01-13,-0.2208,-90.7638,O,,0.0137,0.0114,0.0078,,,,,,,,,,,,,,,,,,,,,,,,,,
2016-01-13,-0.2208,-90.7638,S,,0.006,0.0052,0.0038,0.0023,-0.0006,-0.002,-0.0019,-0.0036,-0.0031,-0.0036,-0.0021,0.0013,0.0021,0.0049,0.0094,0.0059,0.0021,0.0012,0.0007,0.0009,-0.0008,-0.001,-0.0012,-0.0018,-0.0023,-0.0026,-0.0009,1e-04,0.0022
2016-01-13,-0.2208,-90.7638,SE,-0.0073,,-0.0076,-0.0089,-0.0114,-0.0115,-0.0063,-0.0087,-0.0166,-0.0157,-0.0133,-0.0086,0.0006,0.0027,0.0052,0.0043,0.0008,-0.0031,0.0137,0.0012,0.0046,-0.0013,-0.0041,-0.0034,-0.0008,0.0025,-0.0028,-0.006,-0.0069,-0.0058
2016-01-13,-0.2208,-90.7638,SO,0.0133,0.0127,0.0101,0.0075,0.0086,0.0102,0.0116,0.0085,,,,,,,,,,,,,,,,,,,,,,
2016-03-01,-0.217,-90.7668,E,,0.0089,0.0044,-0.0298,-0.0195,-0.0167,-0.0185,-0.0158,-0.0102,-0.0166,-0.0169,-0.0148,-0.0118,-0.0113,-0.0115,-0.0103,-0.0114,-0.0097,-0.0057,0.0153,0.0146,0.0125,0.0111,0.0103,0.007,0.0037,0.0069,0.0101,0.0084,0.0052
2016-03-01,-0.217,-90.7668,N,,0.0302,0.0219,0.0183,0.0201,0.0198,0.0183,-0.0158,-0.0165,-0.0132,-0.0157,0.0187,0.0164,0.0169,0.0149,0.0096,0.0081,0.0058,0.0017,0.006,0.0093,0.004,1e-04,-0.0019,-0.0023,-0.0032,-0.0042,-0.002,-0.0022,-0.0109
2016-03-01,-0.217,-90.7668,NE,0.0855,0.0768,0.0857,0.0686,0.0232,0.0092,-0.0049,-0.0163,-0.0246,-0.0259,-0.0293,-0.027,-0.0252,-0.0167,0.0025,0.0013,0.0033,0.0057,0.0078,0.0097,0.0118,0.0125,0.0175,0.0118,0.0187,0.0004,0.008,-0.0224,-0.0135,-0.0065
2016-03-01,-0.217,-90.7668,NO,0.0615,0.0105,0.0089,0.0077,0.0127,0.0115,0.004,-0.006,-0.0174,-0.018,-0.016,-0.0119,-0.0079,-0.0099,-0.006,0.0096,0.0227,-0.0002,0.0234,-0.0041,-0.001,-0.0075,-0.0065,-0.0066,-0.0061,-0.0042,-0.0019,-0.0061,-0.0101,-0.0117
2016-03-01,-0.217,-90.7668,O,,0.0168,0.0172,0.0213,0.0249,0.0308,0.0325,0.0267,0.0197,0.0097,0.0016,-0.0006,-0.0006,-0.0024,-0.002,-1e-04,0.0015,0.0014,0.0007,-0.0013,-0.0022,-0.0024,-0.0022,-0.0023,-0.0033,-0.004,-0.0038,-0.0037,-0.001,0.0
2016-03-01,-0.217,-90.7668,S,,0.0496,0.0479,0.0449,0.005,0.0025,0.0009,0.0008,0.0029,0.0036,0.0028,0.0064,0.0051,0.0049,0.0005,-0.0013,-0.0023,-0.0036,-0.0028,-0.0029,-0.0027,-0.0025,-0.0019,-0.0016,-0.0014,-0.0012,-0.0004,-0.0005,0.0005,0.0014
2016-03-01,-0.217,-90.7668,SE,0.0314,0.0329,0.0321,0.0312,0.0331,0.0002,0.0019,0.0027,0.0017,-0.0011,-0.0051,-0.0056,-0.0064,-0.0044,-0.0003,-0.0018,0.0007,-0.0004,-0.0011,-0.0029,-0.0028,-0.0016,-0.0016,0.0007,0.0033,0.0065,0.0068,0.0047,0.003,0.0004
2016-03-01,-0.217,-90.7668,SO,0.058,0.0214,0.0192,0.0169,0.0144,0.011,0.0098,0.005,0.0035,0.0013,0.0026,0.0023,-1e-04,-0.0,-0.0013,-0.0016,-0.0021,-0.003,-0.003,-0.0024,-0.0018,-0.0007,0.0002,0.001,0.0005,0.0004,1e-04,-0.0006,-0.0006,-0.0014
2016-03-17,-0.221,-90.7641,E,,,,,,,,,,,,,,,,,,,,,0.0147,0.0092,0.0008,-0.0059,-0.004,-0.0021,-0.0027,-0.0033,-0.0042,0.0014
2016-03-17,-0.221,-90.7641,N,,,,,,,0.0083,0.0078,0.0023,0.0072,0.0141,0.0148,0.013,0.0139,0.0044,0.0025,-0.0021,-0.0064,-0.0111,-0.0188,0.0322,-0.0508,-0.0389,-0.0222,0.0293,,0.0422,,0.0484,0.0498
2016-03-17,-0.221,-90.7641,NE,,,,,,,,,,,,,,,,,,,,,,,-0.041,-0.027,-0.0085,0.0078,0.0127,0.0088,-0.0124,-0.0131
2016-03-17,-0.221,-90.7641,NO,,,0.0294,0.0312,0.0264,0.0209,0.0164,0.0127,0.0236,0.0177,0.0023,-0.0045,-0.0054,-0.0075,-0.0119,-0.0123,-0.0116,-0.0104,-0.0069,-0.0035,-0.0016,0.0009,0.0028,0.0043,0.0054,0.0085,0.0087,0.0092,0.003,-0.0011
2016-03-17,-0.221,-90.7641,O,,0.0362,0.0333,0.0297,0.0223,0.0142,0.0054,0.0026,0.0,0.0038,0.0021,0.0008,-1e-04,-0.0007,-0.0014,-0.0023,-0.0058,-0.0041,-0.0032,-0.0006,1e-04,0.0011,-0.0047,-0.0057,,-0.0015,,,,
2016-03-17,-0.221,-90.7641,S,,0.0475,0.0473,0.0405,0.0298,0.0119,1e-04,-0.0063,0.0027,-0.002,0.0006,0.0026,-0.0062,-0.0062,-0.0063,,,,,,,,,,,,,,,-0.0007
2016-03-17,-0.221,-90.7641,SE,,,,,,,0.0032,0.0042,,,,,,,,,,,,0.0266,-0.003,-0.0051,-0.0026,-0.0027,-0.0033,-0.0011,0.0034,,,
2016-03-17,-0.221,-90.7641,SO,0.0328,0.0309,0.029,0.0269,0.0248,0.0178,0.0125,0.0089,0.007,0.0077,0.0058,0.0024,0.0012,0.0012,-0.0022,0.0026,-0.0039,-0.0005,-0.0014,-0.0018,0.0004,0.0002,0.0008,0.0019,0.0046,0.0071,0.0094,0.0087,0.011,0.0127
2016-04-18,-0.2162,-90.7668,E,,-0.0227,-0.0238,-0.0261,-0.0222,-0.0168,-0.0113,-0.0048,0.0018,0.0066,0.0073,0.0014,0.0021,0.0025,-0.0042,-0.0096,-0.0115,0.0065,0.004,,,,,,,,,,,
2016-04-18,-0.2162,-90.7668,N,,,,,,,,,,,,,,,,0.0221,0.016,0.0171,0.0148,0.0092,0.0058,0.0085,-0.0,-0.0033,0.0035,0.0036,-0.0035,0.0013,0.011,0.004
2016-04-18,-0.2162,-90.7668,NE,-0.201,-0.1808,-0.1447,-0.1241,-0.108,-0.0862,,,,,,,,,0.0364,,0.0383,0.0283,0.0131,0.0089,-0.0155,-0.0046,-0.0105,-0.0433,-0.0259,-0.0131,0.0103,0.026,0.0403,0.0468
2016-04-18,-0.2162,-90.7668,NO,0.1248,,,,,,,,,,,,,,,,,,,,,,,,,,,,,
2016-04-18,-0.2162,-90.7668,S,,0.0354,0.0262,0.0347,-0.0047,-0.0036,-0.0009,-0.0046,-0.0007,0.0077,0.0163,0.0151,0.0116,0.0075,0.0045,0.0034,0.0041,0.01,0.0117,0.0128,0.0093,-0.0022,-0.0055,-0.0018,-0.0007,-0.0021,-0.0033,-0.0126,-0.0138,-0.0235
2016-04-18,-0.2162,-90.7668,SE,0.0074,-0.0002,0.0048,-0.0013,-0.0051,-0.0131,-0.0169,-0.0139,-0.0117,-0.0022,0.0007,0.0046,0.0047,0.0056,0.0044,0.0025,-0.0007,-0.0017,0.0012,0.0033,0.006,0.0086,0.0111,0.0142,0.0118,0.011,0.0029,-0.0246,-0.022,-0.0182
2016-04-18,-0.2162,-90.7668,SO,0.0861,,0.0643,0.0629,0.0529,0.0085,0.0147,0.0146,0.0072,0.0091,0.0125,0.0168,0.0086,0.0003,-0.0136,-0.0049,0.019,0.0081,-0.0028,-0.008,-0.0175,-0.0174,,,,,-0.0035,,,
2016-05-20,-0.2162,-90.7652,E,,-0.022,-0.0298,-0.0434,-0.051,-0.0523,-0.0421,-0.0366,-0.0313,-0.0266,-0.0259,-0.0086,0.0051,-1e-04,0.0068,0.0022,0.0188,0.0191,0.0164,0.0156,0.0055,0.0027,0.0006,0.0021,0.0049,0.0008,-0.0025,-0.0108,-0.0166,-0.0219
2016-05-20,-0.2162,-90.7652,N,,-0.0231,-0.0215,-0.0168,-0.01,0.0103,0.0124,0.0081,0.0085,0.0249,0.0225,0.0214,0.0142,0.0096,0.0065,0.0139,0.0026,0.0038,0.005,0.0033,0.0049,0.0005,0.0048,-0.0026,-0.0063,-0.0103,-0.0143,-0.0152,-0.0209,-0.0304
2016-05-20,-0.2162,-90.7652,NE,-0.0898,-0.0794,-0.0777,-0.0642,-0.0639,-0.0576,-0.0571,-0.045,-0.0141,-0.0074,-0.0061,-0.0037,0.0003,0.0013,0.005,0.0074,0.0106,0.0139,0.0167,0.0049,-0.0018,0.0009,-0.0098,-0.0108,0.0091,-0.0041,0.0074,-0.0038,0.0063,0.0107
2016-05-20,-0.2162,-90.7652,NO,0.0079,-0.017,-0.0129,-0.0073,-0.0108,-0.0126,-0.0057,0.0174,0.0163,0.0183,0.0144,0.0104,0.0067,0.0056,0.0053,0.0062,-0.0006,0.0141,0.0087,0.0143,0.0141,0.0201,0.0168,0.0175,0.012,-0.0081,-0.0138,-0.0181,-0.0235,-0.0195
2016-05-20,-0.2162,-90.7652,O,,0.0761,0.0687,0.06,0.0294,0.027,0.0205,0.0137,0.0084,0.0077,0.0086,0.0123,0.0139,0.0147,0.02,0.0153,0.0175,0.013,0.0043,-0.0,-0.0064,-0.0128,-0.0164,-0.0193,-0.0169,-0.0125,-0.0093,-0.0062,0.0031,0.0123
2016-05-20,-0.2162,-90.7652,S,,0.0408,0.0311,0.0433,0.0129,0.0027,-0.0063,-0.0104,-0.014,-0.0242,,,-0.0217,-0.0212,-0.0149,-0.0136,-0.011,-0.0071,-0.0142,-0.0102,-0.0053,-0.0014,0.0015,0.0037,0.0031,0.0039,0.0018,0.0031,0.0031,0.001
2016-05-20,-0.2162,-90.7652,SE,0.0047,0.0019,0.0007,-0.0045,-0.0078,-0.0123,-0.0205,-0.026,-0.0245,-0.0215,-0.0237,-0.0114,-0.0119,-0.0044,-0.0019,0.0008,0.0007,0.0031,0.0041,0.0056,0.0028,-0.0008,-0.0019,-0.0063,-0.0026,-0.0005,0.0039,0.0107,0.0195,0.0041
2016-05-20,-0.2162,-90.7652,SO,0.0745,0.074,0.0641,0.0529,0.0408,0.02,0.0109,-0.0066,-0.0021,-0.0027,0.0178,0.0246,0.0262,0.0241,0.008,0.0058,0.0046,0.0049,0.003,-0.0015,-0.0013,-0.0105,-0.0084,-0.0061,-0.0045,-0.0038,-0.0023,-0.0016,-0.0003,-0.0038
2016-10-27,-0.2162,-90.7652,E,,-0.0841,-0.0808,-0.0714,-0.0631,-0.0528,-0.0385,-0.0331,-0.0269,-0.0113,-0.0052,0.0011,0.0017,0.0077,0.0166,0.0129,0.0183,0.0186,0.0158,0.0119,0.0089,0.0049,0.0002,-0.0006,-0.0032,-0.008,-0.0114,-0.0225,-0.0222,-0.0227
2016-10-27,-0.2162,-90.7652,N,,-0.0187,-0.0155,-0.012,-0.0048,0.0173,0.0146,0.0181,0.0349,0.0326,0.0274,0.0216,0.0157,0.0191,0.0155,0.029,0.0087,0.0089,0.0041,-0.0007,0.0013,0.0033,0.0089,-0.0063,-0.0083,-0.0101,-0.0259,-0.0337,-0.0403,-0.0436
2016-10-27,-0.2162,-90.7652,NE,-0.0656,-0.0557,-0.0508,-0.0504,-0.0436,-0.0444,-0.0559,-0.0273,-0.0204,-0.0126,-0.0078,-0.0012,0.0029,-0.0065,0.0052,0.0098,0.0126,0.016,0.0168,0.0105,0.002,-0.0017,-0.0033,-0.0071,0.0045,0.0011,0.0046,-0.0054,-0.0028,0.0157
2016-10-27,-0.2162,-90.7652,NO,0.0073,-0.0201,-0.0161,-0.0125,-0.0226,-0.0181,-0.0173,0.014,0.0162,0.0168,0.0169,0.0173,0.0152,0.0112,0.0083,0.0058,-0.0032,0.0085,0.0052,0.0144,0.016,0.0159,0.0072,0.0067,0.0041,-0.0092,-0.0118,-0.0116,-0.0158,-0.0169
2016-10-27,-0.2162,-90.7652,O,,0.0738,0.072,0.0694,0.042,0.0347,0.0261,0.0253,0.0177,0.0197,0.0229,0.0258,0.0159,0.0089,0.0067,0.0067,0.0053,0.0015,-0.0066,-0.009,-0.0119,-0.0154,-0.0169,-0.0174,-0.0102,-0.0064,-0.0042,-0.0004,0.0037,0.0065
2016-10-27,-0.2162,-90.7652,S,,0.0288,0.0285,0.0422,0.0335,0.0344,0.032,0.0262,0.0284,0.0144,0.001,-0.007,-0.0071,-0.0057,-0.0063,-0.0066,-0.0084,-0.0087,-0.009,-0.0094,-0.0106,-0.011,-0.0066,-0.002,-1e-04,0.0012,0.001,0.004,0.0065,0.007
2016-10-27,-0.2162,-90.7652,SE,-0.0107,-0.0179,-0.0207,-0.0262,-0.0264,-0.028,-0.0347,-0.032,-0.0226,-0.0201,-0.017,-0.0125,-0.0114,-0.0045,-0.0027,-0.0037,-0.0008,-0.0025,-0.0011,-0.0021,-0.0038,-0.0037,-0.0056,-0.0069,-0.0023,-0.0025,0.0061,0.0154,0.0303,0.0069
2016-10-27,-0.2162,-90.7652,SO,0.0637,0.0652,0.0626,0.0598,0.0598,0.0595,0.0357,0.028,0.0355,0.0296,0.0396,0.0211,0.0273,0.0095,0.0041,0.0029,-0.005,-0.0084,-0.0111,-0.0132,-0.0121,-0.0138,-0.0127,-0.0117,-0.0084,-0.0089,-0.0048,-0.0034,0.0049,0.0038
2016-11-28,-0.2164,-90.7663,E,,-0.0447,-0.0443,-0.0451,-0.0466,-0.0514,-0.0493,-0.039,-0.0263,-0.018,-0.0171,-0.0132,-0.0122,-0.0102,-0.0063,-0.0006,0.0072,0.0151,0.0157,0.0166,0.0131,0.0072,0.0047,0.001,0.0048,0.0044,0.0005,-0.0027,-0.0087,-0.0163
2016-11-28,-0.2164,-90.7663,N,,0.0005,0.0052,0.0084,0.0021,-0.0203,-0.0159,-0.0136,-0.0106,0.0196,0.0097,0.012,0.0253,0.0202,0.0186,0.0136,0.006,0.007,0.0056,0.0019,0.0013,-0.0011,-0.0023,-0.0093,-0.0058,-0.0035,-0.0048,-0.0176,-0.0153,-0.0224
2016-11-28,-0.2164,-90.7663,NE,-0.0399,-0.0447,-0.0677,-0.0666,-0.0713,-0.0682,-0.0712,-0.0609,-0.0534,-0.0455,-0.0277,-0.0079,-0.0008,0.006,0.0056,0.0091,0.0167,0.0139,0.0212,0.0237,0.0223,0.0228,0.0188,0.0052,0.0136,-0.0004,0.004,-0.0037,-0.0009,0.0087
2016-11-28,-0.2164,-90.7663,NO,0.0441,0.035,0.0358,0.0372,0.0132,0.0097,1e-04,-0.0145,-0.0159,-0.006,-0.011,-0.0011,0.0289,0.0424,0.0304,0.0254,0.0194,0.0199,0.0147,0.019,0.011,0.0105,-0.0019,-0.007,-0.0071,-0.0061,-0.008,-0.0107,-0.0191,-0.0171
2016-11-28,-0.2164,-90.7663,O,,0.0694,0.0681,0.0383,0.0429,0.0488,0.0527,0.0512,0.041,0.0215,0.0228,0.0071,-0.0032,0.0019,0.0051,0.0042,-0.0007,-0.0017,-0.0035,-0.0058,-0.0106,-0.0141,-0.0148,-0.0082,-0.0042,-0.0025,-0.0033,-0.0028,-0.0017,1e-04
2016-11-28,-0.2164,-90.7663,S,,0.0544,0.0512,0.0472,0.0452,0.0428,0.0053,0.0038,0.0028,0.0034,0.0087,0.0133,0.0033,-0.0014,-0.0042,-0.0056,-0.0077,-0.0095,-0.0072,-0.0041,-0.0023,0.0007,-0.0005,-0.0007,0.0016,0.0031,0.0054,0.0027,0.0019,0.0014
2016-11-28,-0.2164,-90.7663,SE,0.0164,-0.005,-0.0094,-0.0049,0.0037,0.0064,0.0039,0.0019,-0.0077,-0.0141,-0.014,-0.0015,-0.0052,-0.0017,0.0029,-0.001,-0.0044,-0.0068,-0.007,-0.0085,-0.0098,-0.0075,-0.0073,-0.0059,0.0009,0.0096,0.0111,0.0125,0.0107,0.0036
2016-11-28,-0.2164,-90.7663,SO,0.0732,0.0695,0.0685,0.0666,0.0477,0.0273,0.0348,0.0226,0.023,0.0171,0.0164,0.0143,0.0028,0.009,0.0007,-0.003,-0.006,-0.0127,-0.0089,-0.0071,-0.0044,-0.0014,0.0009,0.0034,0.0022,-0.0012,-0.0051,-0.0105,-0.0124,-0.0098
2017-03-04,-0.2183,-90.7668,E,,-0.0023,-0.0342,-0.0447,-0.0067,-0.007,-0.0007,-0.0057,-0.0346,-0.0234,-0.0245,-0.033,-0.0336,-0.0326,-0.0243,-0.0199,-0.0062,-0.0016,0.004,0.0052,0.0066,0.0051,0.0047,0.0048,0.0231,0.0243,0.0224,0.0146,0.0016,-0.0025
2017-03-04,-0.2183,-90.7668,N,,0.0272,0.0129,-0.0014,-0.0133,-0.0281,-0.041,-0.0403,-0.0321,-0.0178,-0.0112,0.0205,0.0195,0.0202,0.0176,0.0072,0.0055,0.0062,0.007,0.0086,0.0101,0.0094,0.0084,0.0044,0.0029,-0.0003,0.0,-0.0034,-0.0071,-0.028
2017-03-04,-0.2183,-90.7668,NE,0.0356,0.0358,0.0172,0.0159,0.0011,0.0052,0.0085,0.0268,0.0083,0.0038,-0.0044,-0.0139,-0.0088,-0.0078,-0.0158,-0.0159,-0.0172,-0.0181,0.0058,0.0024,0.002,0.009,0.0145,0.0155,0.0043,0.0042,-0.0007,-0.0019,-0.0066,-0.0147
2017-03-04,-0.2183,-90.7668,NO,,0.0611,0.0418,0.016,-0.0012,-0.0119,-0.0158,-0.0033,-0.0025,0.0,0.0065,0.0096,0.0103,0.0072,-0.0019,-0.004,-0.0024,-0.007,-0.0072,-0.0071,-0.009,-0.0061,-0.0043,-0.0054,0.0008,0.0015,-0.0029,-0.0118,-0.0219,-0.0156
2017-03-04,-0.2183,-90.7668,O,,0.0831,0.0723,0.0581,0.043,0.0208,0.0016,0.0026,0.0019,0.0037,0.0079,0.0084,0.0075,0.0052,0.003,-0.001,-0.0037,-0.0034,-0.0045,-0.0068,-0.0074,-0.0072,-0.0065,-0.003,0.0006,0.0025,0.0039,-0.0012,-0.0024,-0.003
2017-03-04,-0.2183,-90.7668,S,,0.0402,0.0297,0.022,0.008,-0.0031,-0.0102,-0.0048,0.0035,0.0063,0.0151,0.0027,0.0028,-0.0047,-0.0065,-0.0054,-0.0032,-0.001,-0.0013,-0.0012,-0.0005,-0.0043,-0.004,-0.0047,-0.0036,-0.0013,-0.0009,0.0002,0.0006,-0.0016
2017-03-04,-0.2183,-90.7668,SE,0.0211,,-0.0065,-0.0148,-0.0155,-0.0016,-0.0072,-0.0137,-0.0175,-0.0037,-0.0051,0.0029,-0.0013,-0.0181,-0.0188,-0.0172,-0.0009,-0.004,0.005,0.0005,-0.0073,-0.0038,0.0081,0.0062,0.0114,0.0042,0.0058,0.0079,0.0097,0.017
2017-03-04,-0.2183,-90.7668,SO,0.0807,0.0821,0.0741,0.0678,0.0569,0.0405,0.0217,0.0213,0.012,0.0056,0.0027,-0.0018,-0.003,-0.0027,-0.0017,0.0007,0.0016,0.0003,0.0028,0.0054,0.005,0.0011,-0.0059,-0.0061,-0.0022,-0.0028,-0.0072,-0.0058,-0.0058,-0.0069
2017-07-26,-0.2162,-90.7663,E,,-0.0794,-0.0751,-0.0681,-0.0663,-0.0559,-0.0457,-0.0336,-0.0209,-0.0136,-0.0099,-0.0103,-0.0127,-0.0143,-0.0042,-0.001,0.0181,0.015,0.0141,0.0154,0.0104,0.0095,0.0028,0.0016,0.0049,0.0027,0.0017,-0.0026,-0.009,-0.0098
2017-07-26,-0.2162,-90.7663,N,,0.0299,0.0019,-0.0013,-0.0018,-0.0166,-0.0134,-0.0116,-0.0119,0.0046,0.0034,0.0018,0.0091,0.0165,0.0129,0.0092,0.0063,0.0059,0.0056,0.0069,-0.0062,-0.0062,-0.0037,-0.0034,0.0014,0.0015,0.0021,-0.0097,-0.0138,-0.0184
2017-07-26,-0.2162,-90.7663,NE,0.0041,-0.009,-0.0257,-0.0358,-0.049,-0.0627,-0.0655,-0.0532,-0.0437,-0.0338,-0.0026,0.0027,0.0031,-1e-04,0.0052,0.0111,0.0116,0.0159,0.0127,0.0086,0.0062,0.004,0.0026,-0.0071,-0.0033,-0.016,0.0045,-0.0116,-0.0029,0.0053
2017-07-26,-0.2162,-90.7663,NO,0.0789,0.0652,0.0586,0.0562,0.0484,0.0166,0.0055,-0.0012,-0.0115,-0.028,-0.0194,-0.019,-0.0044,0.0149,0.0253,0.0241,0.0243,0.0179,0.0144,0.0186,0.0201,0.0174,0.0041,0.0174,-0.0082,-0.0126,-0.0141,-0.0128,-0.0161,-0.0199
2017-07-26,-0.2162,-90.7663,O,,0.0936,0.084,0.0783,0.0394,0.0429,0.0458,0.047,0.0469,0.0302,0.0298,0.0256,0.0004,-0.0092,-0.0067,-0.0061,-0.0058,-0.0064,-0.0068,-0.0069,-0.007,-0.0069,-0.0069,-0.0064,-0.0052,-0.0043,-0.0033,-0.0036,-0.0042,-0.0038
2017-07-26,-0.2162,-90.7663,S,,0.0254,0.0258,0.04,0.018,0.0154,-0.0009,-0.006,-0.0083,-0.0051,-0.0054,-0.0039,-0.004,-0.0048,-0.0028,-0.0039,-0.003,-0.0014,-0.0007,-0.0012,0.0018,0.0046,0.0038,0.0058,0.0075,0.0068,0.0075,0.0094,0.0097,0.0083
2017-07-26,-0.2162,-90.7663,SE,-0.0282,-0.0298,-0.0276,-0.0289,-0.0289,-0.0285,-0.0311,-0.0222,-0.019,-0.0088,-0.0042,0.0015,-0.0016,0.0003,0.0033,-0.0028,-0.0084,-0.0136,-0.0141,-0.0133,-0.0109,-0.0089,-0.0068,-0.0042,0.0041,0.0058,0.0085,0.0033,0.0032,-0.0031
2017-07-26,-0.2162,-90.7663,SO,0.0804,0.0796,0.0748,0.068,0.0625,0.052,0.0256,0.0124,0.0127,0.0027,0.0064,0.0116,-0.0015,0.0002,-0.0043,-0.0017,-0.0019,0.0003,0.0012,-0.0019,-0.0014,0.0008,0.0012,-0.0021,-0.0022,-0.0119,-0.0104,-0.01,-0.0106,-0.0111
2017-09-28,-0.214,-90.7684,E,,-0.0085,-0.0063,0.0065,0.0012,0.0051,0.0177,0.0109,0.0313,0.0373,0.0306,0.0381,0.0152,0.0159,0.0176,0.0317,0.0338,0.0277,0.0238,0.0143,0.0085,0.0016,-0.0098,-0.0126,-0.0164,-0.0227,-0.0247,-0.0219,-0.0184,-0.0192
2017-09-28,-0.214,-90.7684,N,,0.058,0.0436,0.0265,0.0114,1e-04,-0.0059,-0.0193,-0.0324,-0.0393,-0.0384,-0.03,-0.0201,0.0022,-0.007,0.0223,0.0227,0.0149,0.0184,0.019,0.0199,0.0171,0.0148,0.01,0.0082,0.0066,0.0033,0.0015,-0.0042,-0.0074
2017-09-28,-0.214,-90.7684,NE,-0.0543,,-0.0362,-0.0281,-0.0262,-0.0296,-0.0309,-0.0294,-0.0169,0.0044,0.0125,0.0153,0.0181,0.0213,0.0225,0.013,0.0108,0.0102,0.0031,0.0004,-0.0079,0.0059,0.0008,-0.0168,-0.0122,-0.0092,-0.0124,-0.0104,-0.005,0.0018
2017-09-28,-0.214,-90.7684,NO,0.0427,0.0279,0.0245,0.0233,0.0256,0.0174,0.0117,0.0052,-0.0057,-0.0084,-0.0078,0.0077,0.0181,0.0117,0.0254,0.0112,0.0064,0.0085,0.0023,-0.012,-0.0198,-0.0054,-0.0154,-0.0002,0.0108,0.0079,0.0022,0.0023,-0.0041,-0.0015
2017-09-28,-0.214,-90.7684,O,,0.0883,0.0713,0.0498,0.0258,0.0096,0.0045,0.0027,0.0064,0.0119,0.0187,0.0231,0.0213,0.0166,0.0164,0.0169,0.0104,0.0062,-0.0045,-0.0074,-0.0105,-0.0115,-0.012,-0.0138,-0.0145,-0.0158,-0.0161,-0.0157,-0.0163,-0.0158
2017-09-28,-0.214,-90.7684,S,,0.0215,0.0183,0.0153,0.0106,0.0054,0.0006,-0.0009,-0.0013,-0.0005,0.0021,0.0044,0.0041,1e-04,-0.0032,-0.004,-0.0092,-0.0075,-0.0021,-0.0034,-0.0041,0.0003,0.0051,0.0006,0.0022,0.0024,-0.0046,-0.0055,-0.0018,0.0025
2017-09-28,-0.214,-90.7684,SE,-0.0014,0.0048,-0.0008,-0.0062,-0.0092,-0.0115,-0.0174,-0.0244,-0.0238,-0.02,-0.019,-0.01,-0.0106,-0.0007,0.0021,0.0004,0.0013,-0.0087,-0.0048,-0.0081,-0.0112,-0.0115,-0.013,-0.0102,-0.0048,0.0002,-0.0029,-0.0039,-0.0002,0.0171
2017-09-28,-0.214,-90.7684,SO,0.0738,0.0619,0.0513,0.0382,0.0255,0.0131,0.0034,0.001,1e-04,0.0029,0.0026,0.0071,0.0049,0.0061,0.0049,0.0071,0.0042,0.0002,-1e-04,-0.0076,-0.0099,-0.0111,-0.0124,-0.0109,-0.009,-0.0076,-0.0056,-0.0039,-0.0013,-0.0024
2018-10-17,-0.2162,-90.7652,E,,-0.104,-0.0969,-0.0909,-0.0852,-0.0722,-0.0517,-0.0443,-0.0384,-0.0241,-0.0125,-0.0012,-0.0016,0.0067,0.0196,0.0142,0.0257,0.0269,0.0253,0.023,0.0178,0.0098,0.0041,-0.0014,-0.0036,-0.0097,-0.0179,-0.0262,-0.024,-0.023
2018-10-17,-0.2162,-90.7652,N,,-0.0241,-0.0232,-0.0213,-0.0166,0.0019,-0.0021,-0.0,0.0091,0.0284,0.0271,0.0237,0.0172,0.0174,0.0114,0.037,0.0136,0.0129,0.0102,0.0058,0.0087,0.0062,0.0106,-0.0033,-0.0073,-0.0094,-0.018,-0.0165,-0.0252,-0.033
2018-10-17,-0.2162,-90.7652,NE,-0.0841,-0.076,-0.0661,-0.0631,-0.0522,-0.0567,-0.0511,-0.0374,-0.0087,-0.001,0.0051,0.0053,0.008,0.0063,0.0103,0.0128,0.0107,0.0116,0.0064,0.001,-0.0057,-0.0124,-0.0089,-0.0147,-0.006,-0.0073,-0.0004,-0.0055,-1e-04,0.0151
2018-10-17,-0.2162,-90.7652,NO,0.0278,-0.0069,-0.0045,-0.0037,-0.0135,-0.0187,-0.0135,0.0077,0.0081,0.0123,0.0144,0.0115,0.0076,0.0053,0.0021,0.0018,-0.0047,0.0123,0.0101,0.0163,0.0187,0.0218,0.0117,0.0119,0.0085,-0.0129,-0.0186,-0.0213,-0.0261,-0.0286
2018-10-17,-0.2162,-90.7652,O,,0.071,0.0691,0.0654,0.0327,0.0246,0.0151,0.0155,0.0099,0.0071,0.0099,0.0118,0.0033,-0.0012,-0.0019,-0.0024,-0.0048,-0.0052,-0.0069,-0.0074,-0.0036,-0.0051,-0.0013,-0.0043,-0.0102,-0.0062,-0.0018,-0.0041,-0.0045,-0.0035
2018-10-17,-0.2162,-90.7652,S,,0.0238,0.0231,0.038,0.0262,0.0275,0.0276,0.0252,0.0252,0.0194,0.0009,-0.0076,-0.0103,-0.0101,-0.0126,-0.0128,-0.0124,-0.012,-0.0112,-0.0092,-0.0085,-0.0067,-0.0049,-0.0009,0.0012,0.0035,0.0029,0.0058,0.0067,0.0049
2018-10-17,-0.2162,-90.7652,SE,-0.0243,-0.0269,-0.0293,-0.0327,-0.0351,-0.0366,-0.0404,-0.0332,-0.0235,-0.0151,-0.0144,-0.0172,-0.0165,-0.0108,-0.0066,-0.0092,-0.0029,-0.0041,-0.0032,-0.0041,-0.0049,-0.005,-0.006,-0.0075,-0.0038,-0.0057,0.004,0.0144,0.0277,0.0136
2018-10-17,-0.2162,-90.7652,SO,0.0634,0.0658,0.0649,0.0645,0.0651,0.0628,0.0304,0.0288,0.0354,0.033,0.0318,0.0182,0.0217,0.0078,0.0014,-0.0013,-0.0112,-0.0135,-0.0106,-0.011,-0.0092,-0.0087,-0.0081,-0.0071,-0.0061,-0.0062,-0.0025,-0.0007,0.001,0.0064
2019-02-06,-0.2219,-90.7722,E,,0.0561,0.0546,0.0518,0.0452,0.0338,0.0085,-0.0016,-0.0014,0.0009,-0.0074,,-0.0058,,,,,,,,,,,,,,,,,
2019-02-06,-0.2219,-90.7722,NO,,,,,,0.0019,,0.0017,,0.0008,-0.0033,-0.0081,-0.0103,-0.0116,-0.0062,-0.0065,-0.004,-0.0011,0.0015,0.0028,0.0024,0.0015,0.0065,0.0047,0.0048,0.0004,0.0035,0.0088,0.01,0.0098
2019-02-06,-0.2219,-90.7722,O,,0.0113,0.0087,0.0075,0.0037,0.0006,0.0015,-0.0026,1e-04,-0.0009,-0.0025,-0.0034,-0.004,-0.0062,-0.006,-0.0043,-0.0006,-0.0005,0.002,0.0071,0.0054,0.0082,0.0042,0.0031,0.0009,-0.0004,1e-04,-0.0005,-0.0,0.0037
2019-02-06,-0.2219,-90.7722,S,,0.0166,0.0116,0.0094,0.0053,0.0026,0.0045,0.0034,0.007,0.0091,0.0072,0.0072,0.0045,0.0005,-0.0017,-0.0022,-0.0038,0.0054,0.0056,0.0025,0.0006,0.0003,-0.001,-0.0034,-0.0035,-0.0061,-0.0054,-0.0125,-0.0161,0.0026
2019-02-06,-0.2219,-90.7722,SE,0.0449,0.0337,0.0437,0.0323,0.0348,0.0341,0.0158,0.0056,0.0019,0.0007,-0.0011,-0.0009,-0.0002,-0.0054,0.002,-0.0061,-0.0043,0.0052,0.0018,-0.01,,,,,,,,,,
2019-02-06,-0.2219,-90.7722,SO,0.016,0.0158,0.011,0.009,0.0046,0.0046,0.0056,0.0061,0.0047,0.0043,0.0082,0.0064,0.0058,0.0044,0.002,0.0002,-0.0027,-0.0056,-0.0075,-0.0067,-0.0026,-0.0027,-0.0,-0.0006,-0.0029,-0.003,-0.0028,-0.0023,-0.0024,-0.0019
2019-03-10,-0.2208,-90.7638,E,,0.0136,0.0036,0.0163,0.006,0.0078,0.019,0.0068,0.0183,0.0156,0.0045,0.0012,0.0005,0.0008,0.0154,0.0195,0.0197,-0.0024,-0.0097,-0.011,-0.0129,-0.0041,-0.0044,-0.0033,0.0098,0.0079,0.0067,0.0063,0.007,0.0027
2019-03-10,-0.2208,-90.7638,N,,0.0126,0.013,0.0136,0.0058,0.0075,0.0066,-0.0026,-0.0119,-0.009,-0.0112,-0.0065,-0.0049,-0.0042,-0.0035,-0.0158,-0.0168,-0.0182,0.0017,0.0032,0.003,0.0057,-0.0034,-0.001,-0.0016,0.0002,0.002,0.0044,0.0121,0.0108
2019-03-10,-0.2208,-90.7638,NE,0.027,0.0255,0.023,0.0145,0.0057,-0.0179,-0.0164,-0.014,-0.0061,-0.0011,-0.0016,0.0003,0.0054,0.0034,0.0027,0.0007,-0.0018,-0.0005,-0.0019,-0.0005,0.0009,0.0004,-0.0061,0.0007,0.005,0.0038,0.0007,-0.0016,0.0013,0.0038
2019-03-10,-0.2208,-90.7638,NO,,-0.0048,-0.0047,-0.0043,-0.0013,0.0019,0.0036,0.005,0.003,0.0028,0.0028,0.0013,0.0009,-0.0003,-0.0035,-0.0073,-0.0084,-0.008,-0.0069,-0.0084,-0.0088,-0.0077,-0.0072,-0.0057,-0.003,-0.0025,-0.0013,-0.001,0.0015,0.0018
2019-03-10,-0.2208,-90.7638,O,,0.0041,0.0034,0.0025,0.0008,-0.0014,-0.001,-0.0013,0.0004,0.0013,0.0,0.0018,0.0041,0.0025,0.0009,-0.0011,-0.002,-0.0017,-0.0007,-1e-04,0.0007,0.001,0.0005,0.0004,-0.0007,-0.0003,0.0003,-0.0007,0.0002,0.0007
2019-03-10,-0.2208,-90.7638,S,,0.0135,0.0133,0.0121,0.0095,0.0062,0.0047,0.0005,0.0008,0.0017,-0.0003,0.0011,0.0036,0.004,0.0029,0.0016,0.0018,0.0009,0.0018,0.0014,0.0019,0.0011,0.0019,0.0016,0.0016,0.0015,0.0008,-0.0045,-0.0069,-0.0077
2019-03-10,-0.2208,-90.7638,SE,0.0079,,0.007,0.0031,0.002,0.0015,0.0038,-1e-04,-0.0064,-0.0052,0.0024,0.0042,0.0121,0.0086,0.0076,0.0008,-0.0034,-0.005,0.0089,-0.0059,-0.0047,-0.0087,-0.0078,-0.0078,-0.0065,-0.0044,-0.0035,-0.0052,-0.0053,-0.0046
2019-03-10,-0.2208,-90.7638,SO,0.0079,0.0054,0.0052,0.0042,0.0037,0.0016,1e-04,-0.0003,1e-04,-0.0005,-0.001,-0.0021,-0.0039,-0.0035,-0.004,-0.0004,-0.0012,1e-04,0.0039,0.003,0.0031,0.0016,0.0014,-0.0017,-0.0071,-0.0071,-0.0065,-0.0048,-0.0054,0.0031
2019-08-17,-0.2162,-90.7665,E,,-0.0771,-0.0756,-0.0739,-0.0697,-0.0552,-0.0452,-0.0373,-0.0267,-0.0167,-0.0148,-0.0115,-0.012,-0.0131,-0.0084,-0.0011,0.0132,0.0128,0.0144,0.0163,0.0137,0.0134,0.0094,0.0072,0.0095,0.0062,0.0018,-0.0025,-0.0105,-0.0155
2019-08-17,-0.2162,-90.7665,N,,0.0362,-0.0041,-0.011,-0.0113,-0.0079,-0.0177,-0.0125,-0.0096,-0.01,0.0082,0.007,0.0103,0.0186,0.0288,0.0245,0.0152,0.0033,0.0022,0.0061,0.0077,-0.0078,-0.0086,-0.0113,-0.0143,-0.0139,-0.0104,-0.0095,-0.0204,-0.0228
2019-08-17,-0.2162,-90.7665,NE,0.0278,0.0142,-0.0168,-0.0336,-0.0493,-0.0683,-0.0759,-0.0698,-0.0584,-0.0414,-0.0292,0.0002,0.0057,0.0083,0.0061,0.0067,0.016,0.0157,0.0205,0.0237,0.0224,0.0199,0.0169,0.0037,-0.0078,-0.021,-0.0098,-0.0191,-0.0145,-0.0038
2019-08-17,-0.2162,-90.7665,NO,0.0734,0.0589,0.0479,0.0419,0.0386,0.0229,0.0054,-0.0021,-0.005,-0.0171,-0.0233,-0.0181,-0.0167,-0.0059,0.0213,0.0251,0.0208,0.0154,0.0129,0.0154,0.0214,0.0129,-0.001,0.0009,-0.0099,-0.0094,-0.0087,-0.0084,-0.0108,-0.0126
2019-08-17,-0.2162,-90.7665,O,,0.0652,0.0583,0.0561,0.0179,0.0202,0.0295,0.0391,0.0435,0.0374,0.0277,0.0221,0.0078,-1e-04,-0.0025,-0.0031,-0.0019,-0.0041,-0.0035,-0.0068,-0.0094,-0.0104,-0.0092,-0.0099,-0.0094,-0.0081,-0.0068,-0.0055,-0.0053,-0.0049
2019-08-17,-0.2162,-90.7665,S,,0.0293,0.03,0.0357,0.0227,0.0056,0.0,-0.0026,-0.0014,-0.0015,-0.0023,-0.0047,-0.0036,-0.0029,-0.003,-0.0015,-0.0029,-0.0004,0.0027,0.0036,0.0031,0.0019,-0.001,0.0019,0.0006,0.0039,0.0053,0.0049,0.0029,0.0025
2019-08-17,-0.2162,-90.7665,SE,-0.016,-0.0149,-0.012,-0.0139,-0.0154,-0.0185,-0.0193,-0.017,-0.0162,-0.0102,-0.013,-0.009,-0.0133,-0.0128,-0.0108,-0.0136,-0.0134,-0.0142,-0.0143,-0.0126,-0.009,-0.007,-0.0028,0.0026,0.0036,0.0019,0.0004,-0.0029,-0.0035,-0.0066
2019-08-17,-0.2162,-90.7665,SO,0.0654,0.0612,0.0563,0.0501,0.045,0.0394,0.0084,0.0062,0.0059,0.001,0.0027,0.007,-0.0009,0.0017,-0.0027,-0.004,-0.0051,-0.004,-0.0025,-0.0006,0.0017,0.0032,0.0042,0.0017,-0.0008,-0.0031,-0.0024,-0.0024,-0.0025,-0.0006
2019-11-21,-0.2164,-90.7652,E,,-0.0806,-0.0845,-0.0813,-0.0823,-0.0791,-0.0665,-0.0639,-0.0561,-0.037,-0.036,-0.0276,-0.021,-0.0201,-0.0092,-0.0007,0.0092,0.0183,0.0218,0.0243,0.0224,0.0205,0.0151,0.01,0.0082,0.0036,-0.0041,-0.0102,-0.0182,-0.0138
2019-11-21,-0.2164,-90.7652,N,,0.0051,0.0046,0.0056,0.0078,0.0395,0.0231,0.0239,0.0295,0.0326,0.0256,0.0161,0.0047,0.0027,-0.003,0.0004,-0.0047,-1e-04,0.0016,0.0014,0.0049,0.0116,0.014,0.0006,-0.0013,-0.0069,-0.0275,-0.041,-0.0382,-0.0353
2019-11-21,-0.2164,-90.7652,NE,-0.0331,-0.0691,-0.0434,-0.0495,-0.043,-0.0432,-0.0408,-0.0228,-0.0213,-0.0025,0.0003,0.0048,0.0105,-0.0014,0.0076,0.0057,0.0076,0.0096,0.0086,0.0072,0.0032,-0.0008,-0.0016,-0.0101,-0.0028,0.0004,0.0068,-0.0014,-0.0017,0.0071
2019-11-21,-0.2164,-90.7652,NO,0.0538,0.0225,0.0183,0.0156,0.0127,0.0063,0.007,0.0328,0.0373,0.0363,0.032,0.0241,0.0129,0.0065,-0.0031,-0.0147,-0.0117,-0.0107,-0.0052,-0.0025,0.0009,0.0094,0.0057,0.0033,-0.0131,-0.0104,-0.0112,-0.0101,-0.0096,-0.0095
2019-11-21,-0.2164,-90.7652,O,,0.0862,0.0832,0.0495,0.0435,0.0396,0.0295,0.0259,0.0208,0.0147,0.0051,0.0005,-0.0018,-0.0022,-0.0018,-0.0021,-0.0014,0.0051,-0.003,-0.0021,-0.0024,-0.0029,-0.0039,-0.0038,-0.0031,-0.0013,-0.0,0.0011,0.0021,0.0034
2019-11-21,-0.2164,-90.7652,S,,0.0271,0.0235,0.0229,0.0224,0.0238,0.0244,0.0242,0.0276,0.0117,-0.0033,-0.0054,-0.004,-0.0053,-0.0084,-0.0172,-0.0162,-0.0126,-0.0077,-0.0047,-0.0065,-0.0082,-0.0074,-0.0055,-0.0015,0.0033,0.006,0.008,0.0078,0.0089
2019-11-21,-0.2164,-90.7652,SE,0.0131,-0.0152,-0.0211,-0.0258,-0.0246,-0.0244,-0.0282,-0.0278,-0.024,-0.0194,-0.0131,-0.0122,-0.0198,-0.0171,-0.0074,-0.0104,-0.0094,-0.0074,-0.0075,-0.0052,-0.0036,-0.0061,-0.0069,-0.0056,-0.0053,-0.001,0.0061,0.0205,0.032,0.0167
2019-11-21,-0.2164,-90.7652,SO,0.0566,0.0508,0.0468,0.0375,0.0252,0.0226,0.0317,0.0056,0.0014,0.0014,0.0027,0.0127,,,,,,,,,,,-0.0372,-0.0043,,,,,,
2020-04-29,-0.2162,-90.7663,E,,-0.0559,-0.0564,-0.0568,-0.0576,-0.0464,-0.0376,-0.0308,-0.0246,-0.0172,-0.0126,-0.0094,-0.0143,-0.0154,0.0015,0.0025,0.0145,0.0112,0.011,0.0131,0.0104,0.0112,0.0046,0.0036,0.003,0.0007,-0.001,-0.0061,-0.0135,-0.0118
2020-04-29,-0.2162,-90.7663,N,,0.0228,-0.0036,-0.0056,-0.005,-0.0199,-0.0171,-0.0154,-0.0152,0.0047,0.0025,0.0023,0.0127,0.0266,0.0221,0.0174,0.0097,0.0074,0.0077,0.0093,-0.0051,-0.0066,-0.0066,-0.0063,-0.0047,-0.0007,0.0017,-0.0068,-0.0076,-0.0117
2020-04-29,-0.2162,-90.7663,NE,-0.0006,-0.0126,-0.033,-0.043,-0.0593,-0.0667,-0.0691,-0.0576,-0.0475,-0.0342,-0.0115,0.0009,-0.0024,0.0009,0.0012,0.0042,0.0081,0.0089,0.0149,0.0127,0.0112,0.0146,0.0083,-0.0021,0.0027,-0.016,0.0055,-0.0116,-0.0027,0.0038
2020-04-29,-0.2162,-90.7663,NO,0.0548,0.0436,0.0398,0.0381,0.0337,-0.0,-0.0062,-0.0108,-0.0133,-0.019,-0.0125,-0.018,-0.0034,0.0185,0.0199,0.0148,0.0157,0.0124,0.0121,0.0236,0.0228,0.0166,0.0007,0.0135,-0.006,-0.0044,-0.0047,-0.0065,-0.0141,-0.02
2020-04-29,-0.2162,-90.7663,O,,0.071,0.0651,0.0593,0.0163,0.0171,0.0255,0.0349,0.0407,0.0272,0.0258,0.0187,0.0045,0.001,0.0009,0.0017,0.0013,-0.0008,-0.0025,-0.0047,-0.0066,-0.0084,-0.0072,-0.0078,-0.0071,-0.0062,-0.0051,-0.0058,-0.0063,-0.0066
2020-04-29,-0.2162,-90.7663,S,,0.0364,0.0368,0.0459,0.0279,0.0244,0.0039,0.001,0.0023,0.0008,0.0032,0.0027,0.0031,0.0033,0.0016,0.0003,-0.0007,-0.003,-0.0019,-0.0013,-0.0008,1e-04,-1e-04,0.0006,0.0007,-0.0009,-0.0028,-0.0009,-0.001,0.0005
2020-04-29,-0.2162,-90.7663,SE,-0.0047,-0.0065,-0.0012,-0.0056,-0.0103,-0.0119,-0.0164,-0.0173,-0.0158,-0.0107,-0.0068,-0.0042,-0.0044,-0.0026,-0.0048,-0.0053,-0.0069,-0.0089,-0.0108,-0.0115,-0.0119,-0.0091,-0.0062,-0.0048,0.0002,0.0014,0.0028,0.0022,0.0016,-0.002
2020-04-29,-0.2162,-90.7663,SO,0.0713,0.0673,0.062,0.0562,0.053,0.0492,0.0172,0.0088,0.0079,0.0044,0.0053,0.0045,-0.0041,0.0012,-0.0029,-0.0039,-0.0047,-0.0044,-0.002,-0.0009,0.0002,0.0009,0.0004,-0.0007,-0.0003,-1e-04,-1e-04,-0.003,-0.0012,-0.0037
2020-05-31,-0.2202,-90.7638,E,,0.0125,0.017,0.0373,0.015,-0.0013,0.0161,0.019,0.0362,0.0344,-0.0044,0.0207,0.0269,0.0354,0.0362,-0.0007,0.0012,0.0009,-0.0092,-0.0045,-0.0121,-0.0135,0.0042,0.0082,0.0048,-0.0004,0.0071,0.0089,0.0168,0.0217
2020-05-31,-0.2202,-90.7638,N,,0.0291,0.0226,0.0327,0.008,0.0092,0.0268,0.0125,-0.0015,0.0017,0.0066,0.0107,-0.0043,-0.0171,-0.0239,-0.0279,-0.0287,-0.0267,-0.0243,0.0072,0.0072,0.0057,0.003,,,,,-0.004,0.0084,0.0087
2020-05-31,-0.2202,-90.7638,NE,-0.0249,-0.0281,-0.0346,-0.0318,-0.0197,-0.045,-0.0349,-0.0192,-0.0183,-0.0139,-0.003,0.0069,0.0132,0.0151,0.0173,0.0168,0.0066,0.0015,-0.014,-0.022,-0.022,-0.0092,-0.0023,0.0077,0.0164,0.0317,0.0208,-0.0161,0.0065,-0.0
2020-05-31,-0.2202,-90.7638,NO,,0.0629,0.0631,0.0653,0.023,0.0262,0.0289,0.0278,0.0175,0.0128,0.007,0.0013,-0.0049,-0.0135,-0.0149,-0.0135,-0.019,-0.0084,-0.0144,-0.0208,0.0246,0.0268,0.0217,0.0254,,,,,,
2020-05-31,-0.2202,-90.7638,O,,0.054,0.0283,0.0065,0.004,0.0025,0.002,0.0007,0.0017,0.0044,0.0037,0.0051,0.0021,-0.0011,-0.0021,-0.0041,-0.0047,-0.0016,0.0,0.0035,0.0037,,,,,,,,,
2020-05-31,-0.2202,-90.7638,S,,0.0103,0.0084,0.0072,0.0046,0.0024,0.0006,-0.0037,-0.0017,0.002,0.0002,-0.001,0.0033,0.0061,0.0063,0.0052,0.0024,0.0018,0.0019,-0.0003,-0.0024,-0.0023,-0.0013,-0.0022,-0.0006,0.0005,-1e-04,0.0022,0.0014,0.0024
2020-05-31,-0.2202,-90.7638,SE,0.013,,0.0116,0.0126,0.0155,0.0039,-0.0098,-0.017,-0.0118,-0.0029,-0.003,-0.012,-0.0147,-0.0155,,,,,,,,,-0.0364,-0.0232,-0.0153,-0.0086,0.0105,0.0236,0.0342,0.0389
2020-05-31,-0.2202,-90.7638,SO,0.024,0.0227,0.02,0.0167,0.0139,0.0135,0.0118,0.0103,0.0077,0.0056,0.0033,0.0005,-0.0036,-0.0053,-0.0098,-0.0067,-0.0078,-0.006,0.0015,0.004,0.0073,0.0083,,,,,,,,
2020-09-20,-0.214,-90.7684,E,,0.1143,,,,,,,,,,,,,,,,,,,,,,,,,,,,
2020-09-20,-0.214,-90.7684,N,,0.087,0.0718,0.0514,0.0304,0.0089,-0.0052,-0.0179,-0.0294,-0.0382,-0.0445,-0.0447,-0.0357,-0.0088,-0.0151,0.0016,0.0042,0.0099,0.0172,0.0227,0.0259,0.0298,0.0271,0.0186,0.0125,0.0092,0.0107,0.0072,-0.0,-0.0012
2020-09-20,-0.214,-90.7684,NE,-0.0785,,-0.0588,-0.0535,,-0.0627,,,,,-0.0182,-0.0267,,,0.0014,,0.0122,,0.0204,,,0.0262,0.0176,0.0101,-0.0021,-0.0093,-0.0126,-0.0148,-0.0027,0.0048
2020-09-20,-0.214,-90.7684,NO,0.0409,0.0279,0.0252,0.0297,0.0268,0.0139,0.0079,0.002,-0.0006,0.0024,0.006,0.0159,0.0237,0.0228,0.028,0.0193,0.0135,0.0144,0.0014,-0.0125,-0.0102,-0.0074,-0.0159,-1e-04,0.0007,-0.0047,-0.0099,-0.0115,-0.0161,-0.0163
2020-09-20,-0.214,-90.7684,O,,0.073,0.0529,0.0351,0.0211,0.0091,0.0027,0.0016,0.0078,0.0166,0.0239,0.0297,0.0236,0.0158,0.0171,0.0159,0.013,0.0084,0.0063,0.0047,-0.0009,-0.006,-0.0107,-0.0139,-0.0147,-0.0166,-0.0164,-0.0192,-0.0202,-0.0207
2020-09-20,-0.214,-90.7684,S,,-0.0009,-0.0016,-0.0044,-0.0018,-0.0006,-0.0022,-0.0033,-0.0029,-0.0023,-0.0018,-0.0005,-0.0002,-0.0009,-0.0009,0.0004,-0.0038,-0.0037,-0.0033,-0.0041,-0.0022,0.002,0.0032,0.0017,0.0009,-1e-04,-0.003,-0.0026,0.0022,0.0045
2020-09-20,-0.214,-90.7684,SE,0.0089,0.0134,0.0085,0.0027,0.0035,0.0014,1e-04,0.0012,0.0018,0.0023,0.0012,0.0022,0.0045,0.0033,0.0012,-0.0008,-0.0049,-0.0072,-0.0084,-0.0103,-0.0111,-0.0093,-0.0097,-0.0067,-0.0033,-0.0019,0.0055,0.0128,0.0169,0.0154
2020-09-20,-0.214,-90.7684,SO,0.0353,0.0206,0.0115,0.0019,-0.0029,-0.0069,-0.0068,-0.0061,-0.0002,0.0024,0.0062,0.0095,0.0094,0.0099,0.0072,0.007,0.0022,-0.0017,-0.002,-0.0095,-0.0096,-0.0085,-0.0111,-0.0055,-0.004,-0.0064,-0.0077,-0.0041,-0.0032,-0.0059
2021-01-10,-0.217,-90.7665,E,,-0.0535,-0.0394,-0.0372,-0.0272,-0.0159,-0.0099,-0.006,0.0059,0.0083,-0.0012,-0.0062,,,,,,,,,,,,,,,,,,
2021-01-10,-0.217,-90.7665,N,,0.0545,0.0503,0.0482,0.0453,0.0415,0.0031,-0.0004,0.0002,,,,,,,,,,,,,,,,,,,,,
2021-01-10,-0.217,-90.7665,NE,0.1076,0.1071,0.1075,0.1015,0.0684,0.0625,0.0543,0.0489,0.0487,,,,,,,,,,,,,,,,,,,,,
2021-01-10,-0.217,-90.7665,NO,0.0717,0.032,0.033,0.0302,0.0253,0.0158,0.0081,-0.0024,-0.0017,0.0002,0.0002,-0.0045,-0.009,,,,,,,,,,,,,,,,,
2021-01-10,-0.217,-90.7665,O,,0.0374,0.042,0.0482,0.0564,0.065,0.0626,0.0434,0.0259,0.0029,-0.0083,-0.003,0.0069,-0.0011,-0.0076,-0.0064,-0.0084,-0.0124,-0.0164,-0.0128,1e-04,0.0074,,,,,,,,
2021-01-10,-0.217,-90.7665,S,,0.0419,0.0427,0.0432,0.0429,0.0068,0.0048,0.0042,0.0082,0.0161,0.0163,0.0159,0.0098,0.0073,0.0052,0.002,-0.0052,-0.0062,-0.0076,-0.0085,-0.0066,-0.008,-0.0074,-0.0041,-0.004,0.0012,0.0023,0.0025,0.0038,0.0095
2021-01-10,-0.217,-90.7665,SE,0.0314,0.0462,0.0507,0.0557,0.0572,0.0302,0.0198,0.0102,-0.0012,-0.0081,-0.0138,-0.0098,0.0023,0.0112,0.0125,0.0222,0.0135,0.017,0.0014,-0.0059,-0.0194,-0.0184,-0.0411,-0.0124,,,,,,
2021-01-10,-0.217,-90.7665,SO,0.0778,0.0433,0.0418,0.0391,0.0401,0.0386,0.0416,0.0259,0.0218,0.0129,0.013,0.0103,-0.0014,-0.0038,-0.0079,-0.0101,-0.0103,-0.0116,-0.008,-0.0059,-0.004,-0.0045,-0.0055,-0.0016,-0.0023,0.0002,0.0048,0.0085,0.0072,0.0069
2021-05-18,-0.2202,-90.7638,E,,-0.0022,0.0051,0.0186,0.0009,-0.0099,0.0196,0.0189,0.0213,0.0211,0.0132,0.0036,0.0069,0.0176,0.0262,0.0019,0.0024,-0.0076,-0.0141,-0.0067,0.019,0.0161,0.0154,0.0117,0.0104,0.0083,0.0103,0.0064,0.0048,0.0011
2021-05-18,-0.2202,-90.7638,N,,0.0232,0.0147,0.0158,-0.0031,-0.0014,0.0097,0.0032,-0.0072,0.0018,-0.0085,-0.0023,-0.0012,0.004,0.0046,0.0076,0.0048,-0.0008,0.0054,-0.0093,-0.0012,-0.0008,-0.007,0.0114,0.008,0.0011,-0.0024,-0.0005,0.0085,-0.0221
2021-05-18,-0.2202,-90.7638,NE,-0.0083,-0.0122,-0.0155,-0.0151,-0.0014,-0.0308,-0.0209,-0.0061,-0.0043,-0.0006,0.0054,0.0084,0.0108,0.0047,-0.0015,-0.001,-0.0036,-0.0018,-0.0047,-0.0031,-0.0062,-0.0022,-0.0026,0.0084,0.0117,0.0045,0.0042,0.0105,0.0115,0.0082
2021-05-18,-0.2202,-90.7638,NO,,0.0645,0.0629,0.0593,0.0161,0.0161,0.0187,0.0194,0.0172,0.0135,0.0022,-0.0008,-0.0035,-0.0066,-0.0053,-0.0101,-0.0148,-0.0196,-0.0258,-0.0265,-0.0226,-0.0167,-0.0173,-0.0105,-0.0092,-0.0059,-0.0069,-0.007,-0.0035,-0.0023
2021-05-18,-0.2202,-90.7638,O,,0.0658,0.0426,0.018,0.0163,0.0143,0.0099,0.0042,0.0015,0.0002,-0.0012,-0.0004,-1e-04,-0.0002,0.0023,0.0004,-0.0026,-0.0003,0.0013,0.002,-0.0017,-0.0017,,,,,,,,
2021-05-18,-0.2202,-90.7638,S,,0.0037,-0.0002,-0.0047,,,,,,,,,,,,,,,,-0.0025,-0.003,-0.0006,0.0034,0.0018,-0.001,0.0014,0.0005,-0.0004,0.001,0.0042
2021-05-18,-0.2202,-90.7638,SE,-0.0242,,-0.0294,-0.0332,-0.0274,,,,,,,,,,,,,-0.0392,,,,,,0.001,0.0036,0.0024,0.0036,-0.0022,0.0014,-0.0002
2021-05-18,-0.2202,-90.7638,SO,0.0323,0.0326,0.03,0.0274,0.0192,0.0217,0.0199,0.0131,0.0078,0.0048,0.0027,-0.0003,-0.0026,-0.0053,-0.0054,-0.0037,-0.0021,-0.002,-0.0006,0.0039,0.0061,0.0088,,,,,,,,
2022-07-24,-0.2162,-90.7663,E,,-0.1044,-0.1019,-0.088,-0.0791,-0.0588,-0.0497,-0.0432,-0.0338,-0.0262,-0.0203,-0.015,-0.0182,-0.0196,-0.0084,-0.0046,0.0144,0.0137,0.0147,0.0193,0.0194,0.0181,0.0101,0.0051,0.0039,0.0015,-0.0007,-0.0064,-0.0117,-0.0112
2022-07-24,-0.2162,-90.7663,N,,0.0606,0.0287,0.0205,0.0162,-1e-04,1e-04,0.0005,-0.002,0.0159,0.0109,0.0092,0.0192,0.0267,0.0173,0.0105,0.0004,-0.0021,-0.0014,0.0018,-0.0096,-0.0115,-0.0107,-0.0119,-0.0087,-0.0062,-0.0047,-0.0131,-0.0145,-0.0175
2022-07-24,-0.2162,-90.7663,NE,0.0332,0.0129,-0.0153,-0.0297,-0.0416,-0.0582,-0.062,-0.059,-0.0517,-0.0419,-0.0087,-0.003,0.0004,0.0015,0.0058,0.0121,0.015,0.0182,0.0183,0.0209,0.0183,0.0117,0.0059,-0.0076,-0.0071,-0.0181,-0.0002,-0.0127,-0.0063,0.0015
2022-07-24,-0.2162,-90.7663,NO,0.0869,0.0643,0.0539,0.0495,0.0407,0.0067,-0.0016,-0.0063,-0.0097,-0.0149,-0.0171,-0.0176,-0.004,0.017,0.0211,0.0161,0.0159,0.0131,0.0109,0.0175,0.0148,0.0074,-0.006,0.0114,-0.0087,-0.0047,-0.0041,-0.0037,-0.0095,-0.015
2022-07-24,-0.2162,-90.7663,O,,0.0798,0.0686,0.0633,0.0246,0.0236,0.0234,0.0301,0.0348,0.0226,0.0233,0.0129,-0.0014,-0.0058,-0.0036,-0.0004,0.0021,-0.0017,-0.0043,-0.0063,-0.0065,-0.0068,-0.0066,-0.0067,-0.0061,-0.0054,-0.0046,-0.0042,-0.0037,-0.0035
2022-07-24,-0.2162,-90.7663,S,,0.0141,0.0168,0.0303,0.01,0.0089,-0.0071,-0.0128,-0.0144,-0.0123,-0.0071,-0.0075,-0.0068,-0.0064,-0.0039,-0.0003,0.0041,0.0054,0.0071,0.0074,0.0093,0.0099,0.0102,0.0105,0.0084,0.0025,0.002,0.004,0.0043,0.0014
2022-07-24,-0.2162,-90.7663,SE,-0.0177,-0.0188,-0.0172,-0.0211,-0.0235,-0.0258,-0.0291,-0.0275,-0.0263,-0.021,-0.0158,-0.0127,-0.0059,-0.0026,-0.0004,-0.0018,-0.0045,-0.0063,-0.0061,-0.0074,-0.0078,-0.0075,-0.0089,-0.0064,0.0002,0.001,0.002,0.0027,0.0052,-0.0074
2022-07-24,-0.2162,-90.7663,SO,0.0759,0.0672,0.0618,0.0555,0.0509,0.0422,0.0094,0.006,0.0087,0.0048,0.0076,0.009,-0.0025,0.0006,-0.0024,-0.0034,-0.0054,-0.0047,-0.0027,-0.0012,0.002,0.0043,0.0044,0.0004,-0.0014,-0.0053,-0.0036,-0.0046,-0.0045,-0.0028
2022-08-25,-0.2162,-90.7663,E,,-0.0926,-0.0902,-0.08,-0.0749,-0.0592,-0.0507,-0.043,-0.033,-0.0227,-0.0177,-0.0141,-0.0159,-0.0175,-0.0063,-0.0032,0.016,0.0173,0.0191,0.022,0.0197,0.0182,0.0075,0.0042,0.0039,0.0015,0.001,-0.0037,-0.0129,-0.0147
2022-08-25,-0.2162,-90.7663,N,,0.0532,0.0222,0.0189,0.0184,0.0028,0.0018,0.0006,-0.0041,0.0145,0.0088,0.0073,0.025,0.027,0.0184,0.0121,0.0019,0.0016,0.0035,0.0069,-0.0086,-0.0117,-0.0112,-0.0133,-0.0123,-0.0088,-0.0067,-0.0155,-0.0163,-0.0186
2022-08-25,-0.2162,-90.7663,NE,0.0147,-0.0034,-0.0351,-0.0479,-0.0625,-0.074,-0.0762,-0.0695,-0.0609,-0.051,-0.0144,-0.0062,-0.0014,0.0005,0.0071,0.015,0.0214,0.0253,0.0232,0.0251,0.016,0.0136,0.0052,-0.0123,-0.0044,-0.0258,0.0009,-0.0166,-0.0059,0.0065
2022-08-25,-0.2162,-90.7663,NO,0.0583,0.048,0.0436,0.0412,0.0356,0.0031,-0.0018,-0.0054,-0.0111,-0.019,-0.0133,-0.0153,-0.0008,0.0172,0.0178,0.0142,0.016,0.0153,0.016,0.0215,0.021,0.0102,-0.008,0.0072,-0.0046,-0.0042,-0.0045,-0.0036,-0.0085,-0.0173
2022-08-25,-0.2162,-90.7663,O,,0.0717,0.0661,0.0644,0.0262,0.0256,0.0277,0.0332,0.0398,0.0311,0.0297,0.0176,-0.0005,-0.0067,-0.0069,-0.0036,-0.0038,-0.0039,-0.0033,-0.0046,-0.0054,-0.0071,-0.0065,-0.0076,-0.0071,-0.0062,-0.0053,-0.0045,-0.004,-0.0035
2022-08-25,-0.2162,-90.7663,S,,0.0163,0.0175,0.0341,0.0158,0.0153,-0.003,-0.0076,-0.0078,-0.0052,-0.001,-0.0006,-0.0009,0.0009,0.0045,0.005,0.004,0.0015,-1e-04,0.0005,0.0019,0.003,0.0041,0.0036,0.0026,0.0011,0.0003,0.0036,0.0034,0.003
2022-08-25,-0.2162,-90.7663,SE,-0.0318,-0.0357,-0.0334,-0.0342,-0.0342,-0.0335,-0.0323,-0.0311,-0.0286,-0.0203,-0.0154,-0.0079,-0.0089,-0.0052,-0.0037,-0.007,-0.0092,-0.0118,-0.0132,-0.0143,-0.0122,-0.0095,-0.0078,-0.0038,0.0022,-0.0011,0.0007,0.002,0.0019,-0.0087
2022-08-25,-0.2162,-90.7663,SO,0.0666,0.063,0.0593,0.0559,0.0532,0.0467,0.0171,0.009,0.012,0.0078,0.0102,0.0111,0.0009,0.0028,-0.0013,-0.004,-0.0057,-0.0051,-0.0031,-0.0006,0.0031,0.0053,0.004,-0.0003,0.0016,-0.0035,-0.0007,-0.0065,-0.0067,-0.007
2022-09-18,-0.2164,-90.7663,E,,-0.0944,-0.0916,-0.0854,-0.0849,-0.0825,-0.0674,-0.0557,-0.0432,-0.0362,-0.0304,-0.0216,-0.0217,-0.0205,-0.0178,-0.0102,0.0124,0.0229,0.0244,0.0269,0.0194,0.0215,0.018,0.009,0.0058,0.007,0.0031,-0.0006,-0.0041,-0.0228
2022-09-18,-0.2164,-90.7663,N,,0.0512,0.0416,0.0395,0.0362,0.0041,0.0037,0.0028,0.0035,0.0301,0.0146,0.0156,0.0174,0.0197,0.0152,0.006,-0.0029,0.0022,0.0013,0.0061,-0.0109,-0.0144,-0.0135,-0.0147,-0.0138,-0.0084,-0.004,-0.0126,-0.0113,-0.0156
2022-09-18,-0.2164,-90.7663,NE,0.0258,0.0041,-0.0514,-0.0606,-0.0782,-0.08,-0.0884,-0.0792,-0.07,-0.0562,-0.048,-0.013,-0.0051,0.0062,0.0128,0.0229,0.0301,0.0336,0.0301,0.03,0.0256,0.0251,0.0181,0.006,0.0101,-0.01,-0.0043,-0.0184,-0.0043,0.0116
2022-09-18,-0.2164,-90.7663,NO,0.0555,0.0433,0.0398,0.0379,0.0051,0.0018,-0.0069,-0.0116,-0.0147,-0.0169,-0.0176,-0.0105,0.0057,0.0181,0.01,0.0098,0.0078,0.0053,-0.0094,-0.0016,0.0005,-0.0006,-0.0062,0.0087,0.0088,0.005,0.0027,0.0039,0.0009,-0.0095
2022-09-18,-0.2164,-90.7663,O,,0.0764,0.0716,0.0297,0.0315,0.0404,0.0494,0.0503,0.0465,0.0232,0.0231,0.0154,-0.0003,-0.0091,-0.0091,-0.0074,-0.0073,-0.0066,-0.0065,-0.0069,-0.0085,-0.0104,-0.0107,-0.0096,-0.0023,-0.0012,-0.0004,0.0013,0.0014,0.0011
2022-09-18,-0.2164,-90.7663,S,,0.0473,0.0461,0.0429,0.0368,0.0346,-0.0051,-0.0062,-0.0062,-0.0062,0.0024,0.0076,0.0038,0.0031,0.0052,0.0072,0.0063,0.0016,0.0002,1e-04,0.0013,0.0034,0.0048,0.0047,0.0015,-0.0029,-0.004,-0.0033,-0.003,-0.0026
2022-09-18,-0.2164,-90.7663,SE,-0.012,-0.0505,-0.0525,-0.0484,-0.037,-0.0325,-0.0257,-0.0212,-0.0253,-0.0262,-0.0286,-0.0197,-0.0137,-0.0074,-0.0046,-0.0071,-0.0052,-0.0076,-0.0078,-0.0116,-0.0113,-0.0107,-0.0102,-0.0072,-0.0034,0.0009,0.0,0.0043,0.0079,-0.0042
2022-09-18,-0.2164,-90.7663,SO,0.0756,0.0721,0.0676,0.0649,0.0447,0.0252,0.0298,0.0115,0.0127,0.0086,0.0132,0.0154,0.0031,0.001,-0.0038,-0.0073,-0.0074,-0.0092,-0.0074,-0.0051,-0.0016,-0.0008,-0.0026,-0.0032,-0.0021,-0.0016,-0.0003,-0.0018,-0.0021,-0.0063
2022-12-15,-0.2197,-90.7646,E,,0.0589,0.0228,-0.0169,-0.0414,-0.0459,-0.0506,-0.0413,-0.0092,0.0065,0.0365,0.0502,0.0535,0.0423,0.0269,0.0083,-0.0077,-0.0273,-0.0489,-0.0501,-0.0382,-0.0283,-0.0189,-0.0242,-0.0023,-0.0012,0.0104,0.0159,0.0088,0.0096
2022-12-15,-0.2197,-90.7646,N,,0.0567,0.0407,0.0414,0.0106,-0.0153,-0.0233,-0.0397,-0.0305,-0.0254,-0.0198,-0.0082,-0.0024,0.003,0.0086,0.0184,0.0232,0.0229,0.0222,0.022,0.0133,0.0032,0.0034,0.0052,-0.0084,-0.0132,-0.0198,-0.0307,-0.0451,-0.0506
2022-12-15,-0.2197,-90.7646,NE,0.0602,0.0562,-0.019,-0.0617,-0.1143,-0.0691,-0.0571,-0.0551,-0.0658,-0.0692,-0.0516,-0.0277,-0.0159,0.0038,0.0095,0.011,0.018,0.0225,0.0226,0.0129,0.008,0.0048,-0.0034,-0.0015,-0.0017,0.0093,0.0119,0.0049,-0.011,-0.0141
2022-12-15,-0.2197,-90.7646,NO,,0.032,0.0281,0.0316,0.0338,0.022,0.0261,0.0075,-0.0068,-0.0135,-0.0202,-0.024,-0.0159,-0.0152,-0.0051,0.0073,0.0157,0.0228,0.0148,0.0093,0.001,-0.0031,-0.0037,0.0038,-0.0039,0.0029,-0.0104,-0.004,-0.0085,-0.0158
2022-12-15,-0.2197,-90.7646,O,,0.0737,,,,,-0.0033,-0.0188,-0.0207,-0.0269,-0.027,-0.028,-0.0185,-0.023,0.0038,-0.0104,0.038,0.0436,0.0277,0.0332,0.0394,0.0362,0.0202,0.0137,0.007,-0.0069,-0.0117,-0.0285,-0.0265,-0.0212
2022-12-15,-0.2197,-90.7646,S,,0.0583,0.0365,0.028,0.0037,-0.0085,-0.0074,-0.0063,-0.0169,-0.0092,-0.0028,,,,,,,-0.0159,-0.0161,-0.0092,0.0014,0.0127,0.0134,0.0127,0.0075,-0.0023,-0.0069,-0.009,-0.01,-0.0117
2022-12-15,-0.2197,-90.7646,SE,0.0893,,0.07,0.0399,0.0169,-0.0009,-0.0224,-0.0184,-0.0177,-0.0181,-0.0137,-0.0101,0.0025,0.0268,0.0329,0.0319,0.0232,0.0179,0.0126,0.0095,0.0096,-0.0,-0.0044,-0.0151,-0.0187,-0.021,-0.0212,-0.0207,-0.0184,-0.0208
2022-12-15,-0.2197,-90.7646,SO,0.1123,0.0999,0.0693,0.053,,,,,,,,,,,,,,,,,-0.0012,-0.0007,-0.0,-0.0002,-0.0005,-0.0005,1e-04,0.0005,-0.0012,0.0002
2023-02-25,-0.2164,-90.7665,E,,-0.0673,-0.0575,-0.0426,-0.032,-0.019,,0.0002,0.0004,1e-04,0.0006,0.0039,0.0007,-0.0045,-0.0009,-0.0051,-0.0042,-0.0047,0.01,0.0105,0.0076,0.0038,,,,,,,,
2023-02-25,-0.2164,-90.7665,N,,0.1685,0.1356,0.1173,0.0771,0.0467,0.0377,,,,,,,,,,,,0.0086,0.0004,-0.0096,-0.0182,-0.0317,-0.0127,-0.01,-0.0153,0.0029,0.0227,0.0129,0.0103
2023-02-25,-0.2164,-90.7665,NE,-0.0509,-0.0511,-0.0517,-0.0395,-0.0321,-0.0141,,,,,,,,,,,,,,,,-0.008,-0.0009,-0.0061,-0.0086,-0.0036,0.0116,-0.0214,-0.0,0.0193
2023-02-25,-0.2164,-90.7665,NO,0.0059,0.0277,0.0209,,,,,,,,,,,,,,,,-1e-04,-0.0017,0.0004,0.0016,0.0013,0.0009,0.003,0.0024,-0.001,-0.0033,-0.0016,0.001
2023-02-25,-0.2164,-90.7665,O,,0.0739,0.0631,0.0184,0.0109,0.0155,0.0232,0.0223,0.024,0.0192,0.0117,0.0085,-0.0036,-0.0072,-0.0016,-0.0055,-0.005,-0.0047,0.0051,0.0059,0.0032,-0.0002,0.0015,0.0012,-0.0012,-0.003,-0.0025,-0.0017,0.001,0.0014
2023-02-25,-0.2164,-90.7665,S,,0.0621,0.0565,0.0484,0.04,-0.0038,-0.0068,-0.0075,-0.0069,-0.0036,0.0019,0.005,0.005,0.0036,0.0031,0.002,0.0005,-0.0007,0.0007,0.0022,0.0004,0.0008,-0.0032,-0.0016,-0.0025,-0.0018,-0.0023,-0.0006,0.0019,0.0044
2023-02-25,-0.2164,-90.7665,SE,0.0155,-0.0239,-0.0198,-0.0097,0.0035,0.0052,0.0057,-0.0065,-0.0174,-0.0261,-0.0207,-0.0094,-0.0029,-0.0,0.0047,0.0087,0.0061,0.0079,0.0071,0.0021,0.0033,0.0062,0.0054,0.0067,0.0069,0.0034,-0.0047,-0.0139,-0.0031,-0.0062
2023-02-25,-0.2164,-90.7665,SO,0.0802,0.0768,0.0647,0.0531,0.0298,0.0073,0.0054,0.0011,0.0017,-0.0041,-0.0037,0.0003,-0.0036,0.0003,-0.001,-0.0035,0.0,0.0026,-0.0014,0.0009,-0.0,-0.0059,-0.0082,,,,,,,
2023-03-13,-0.2162,-90.7663,E,,-0.0276,-0.0286,-0.0292,-0.0329,-0.0306,-0.0259,-0.0145,-0.0083,-0.0044,-0.003,-0.0028,-0.0033,-0.0032,0.0015,0.0026,0.0147,0.0152,0.0083,0.003,0.0019,-0.0136,-0.0151,-0.0132,0.0087,0.0127,0.0162,0.0139,,
2023-03-13,-0.2162,-90.7663,N,,0.0396,0.0161,0.0138,0.0118,-0.0051,-0.0083,-0.0114,-0.0143,1e-04,-0.0038,-0.0018,0.0157,0.0184,0.0133,0.0094,0.0042,0.0043,0.007,0.0111,-0.0024,-0.0022,-0.0016,-0.0028,-0.0003,0.0041,0.0025,-0.0068,-0.0087,-0.0122
2023-03-13,-0.2162,-90.7663,NE,-0.0748,-0.0682,-0.0611,-0.0471,-0.0438,-0.0356,-0.0459,-0.0429,-0.0349,-0.0264,-0.0038,0.005,0.0046,0.0109,0.008,0.005,0.0084,0.0075,0.0096,0.0122,0.0168,0.0162,0.0202,0.0062,0.0013,-0.0088,-0.0048,0.0055,0.0067,0.0071
2023-03-13,-0.2162,-90.7663,NO,0.0655,0.0512,0.0479,0.0453,0.0384,0.0077,0.0016,-0.0041,-0.0102,-0.0195,-0.0079,-0.013,0.0033,0.022,0.0194,0.0113,0.0151,0.0146,0.0141,0.0201,0.0193,0.008,-0.0068,0.0056,-0.0043,-0.0023,-0.0019,-0.0036,-0.0086,-0.0148
2023-03-13,-0.2162,-90.7663,O,,0.0738,0.0717,0.0681,0.03,0.0338,0.0375,0.0388,0.0379,0.0314,0.0266,0.0209,0.0095,1e-04,-0.005,-0.0051,-0.0083,-0.007,-0.0069,-0.0072,-0.008,-0.0087,-0.007,-0.0101,-0.0085,-0.0068,-0.0084,-0.0094,-0.0093,-0.0105
2023-03-13,-0.2162,-90.7663,S,,0.0299,0.0268,0.0435,0.0228,0.0217,-0.0012,-0.0029,-0.0026,0.0014,0.0037,0.0003,-0.0024,-0.0023,-1e-04,0.0004,-0.0007,-0.0025,-0.0035,-0.001,0.0017,0.0042,0.0034,0.0013,0.0007,0.0,-0.001,0.0007,0.0011,-0.0029
2023-03-13,-0.2162,-90.7663,SE,-0.0159,-0.0178,-0.0172,-0.018,-0.0177,-0.0157,-0.012,-0.0149,-0.017,-0.015,-0.0086,-0.0005,-0.0013,0.0029,0.0016,0.0009,-0.0028,-0.0044,-0.007,-0.0081,-0.0052,-0.0039,-0.006,0.0014,0.002,0.0033,0.0038,0.0009,-0.0004,-0.0042
2023-03-13,-0.2162,-90.7663,SO,0.081,0.0803,0.0754,0.0715,0.0695,0.0634,0.0326,0.0196,0.0184,0.0088,0.0008,0.0092,-0.0072,0.0047,-0.0072,-0.0078,-0.0082,-0.0071,-0.0075,-0.0064,-0.0066,-0.0058,-0.0041,-0.0032,-0.0013,-0.0012,-0.0021,-0.0011,-0.002,-0.0014
2023-04-30,-0.2162,-90.7665,E,,-0.0395,-0.0369,-0.0323,-0.0294,-0.0194,-0.0121,-0.009,-0.0039,-0.0028,-0.0064,-0.0078,-0.0102,-0.0133,-0.0095,-0.0067,0.0123,0.0096,0.0095,0.0096,0.0084,0.0068,0.0027,0.0009,0.0038,0.004,0.0028,-0.0036,-0.0067,-0.0083
2023-04-30,-0.2162,-90.7665,N,,0.1052,0.0679,0.0541,0.0395,0.0312,0.0037,0.0011,0.0007,-0.0003,-0.0018,-0.0046,0.0057,0.0172,,,,,,,,,,,,,,,,
2023-04-30,-0.2162,-90.7665,NE,0.0895,0.0775,0.0515,0.0336,0.0198,-0.0087,-0.0176,-0.0236,-0.0185,-0.0187,-0.0144,0.0125,0.0121,0.0151,0.0201,0.0213,0.0228,0.0264,0.0191,0.021,0.019,0.0116,0.0091,0.0131,-0.0043,-0.0121,-0.0022,-0.0146,-0.0073,-0.0228
2023-04-30,-0.2162,-90.7665,NO,0.0584,0.0584,0.0534,0.0461,0.0401,0.0211,0.0021,-0.0017,-0.003,-0.0015,0.001,0.0005,0.0039,0.003,,,,,,,,,,,,-0.0006,-0.0008,0.0013,0.0025,0.0031
2023-04-30,-0.2162,-90.7665,O,,0.0637,0.0602,0.0539,0.01,0.0095,0.0128,0.0147,0.0164,0.0125,0.0126,0.0121,0.0047,0.0002,-0.0034,-0.0037,-0.0024,0.0008,0.0032,0.0024,0.0016,-0.0007,-0.0009,-0.0037,-0.0044,-0.0046,-0.0041,-0.0036,-0.0044,-0.0046
2023-04-30,-0.2162,-90.7665,S,,0.0257,0.0248,0.0392,0.018,-0.0038,-0.0048,-0.004,-0.0023,-0.0013,0.0003,0.0023,0.0037,0.0031,0.0017,0.0002,0.0007,-0.001,0.0021,0.0036,0.0026,0.0025,0.0029,0.004,0.0031,0.0025,0.0014,-0.0026,-0.0052,-0.0042
2023-04-30,-0.2162,-90.7665,SE,-0.004,-0.0054,-0.0047,-0.0062,-0.0066,-0.0067,-0.0066,-0.0047,-0.004,-0.0004,0.0004,0.0012,-0.0007,-0.001,-0.0024,-0.0049,-0.0072,-0.007,-0.007,-0.0064,-0.0046,-0.0009,-0.0018,0.0027,0.003,0.0024,0.0009,-0.0015,-0.001,-0.002
2023-04-30,-0.2162,-90.7665,SO,0.0575,0.0573,0.0533,0.0488,0.0462,0.0448,0.0041,0.0033,0.0011,-0.0008,0.001,0.0045,0.0,-0.0015,-0.0027,-0.0034,-0.0035,-0.0034,-0.0018,0.0008,0.0033,0.0048,0.0029,0.0007,0.0012,0.0015,0.0023,-0.0028,-0.0063,-0.0054
2023-05-24,-0.2205,-90.7638,E,,,,,,,,,,-0.0114,,-0.0128,,0.0034,0.0158,0.032,0.0255,0.0302,0.0011,-0.0002,0.0058,-0.0013,-0.0123,0.0088,0.0075,0.0041,0.0041,0.0057,0.0051,0.004
2023-05-24,-0.2205,-90.7638,N,,0.0145,0.0229,0.0266,0.0188,0.0197,0.0177,0.0024,-0.0125,-0.0121,-0.0134,-0.0003,0.0004,-0.001,-0.0016,-0.022,-0.0205,-0.0174,-0.0064,0.0045,0.0073,0.0104,0.004,0.007,0.005,0.0037,0.0041,0.005,0.0106,0.0081
2023-05-24,-0.2205,-90.7638,NE,0.0064,0.0171,-0.0024,0.0019,-0.0011,-0.0178,-0.0165,-0.0153,-0.0096,-0.0023,0.005,0.0047,0.0119,0.008,0.0052,0.0042,0.0022,0.0067,0.0019,0.0065,0.0003,1e-04,-0.0102,-0.0019,0.0063,0.001,1e-04,0.0012,0.007,0.0056
2023-05-24,-0.2205,-90.7638,NO,,0.0449,0.023,0.014,0.0111,0.0104,0.0189,0.014,0.0086,0.005,-0.0003,,,,,-0.0069,-0.0182,-0.0232,-0.0163,-0.0202,0.0089,0.031,0.0153,0.002,-0.0058,-0.0006,-0.0096,-0.0239,-0.0164,0.0005
2023-05-24,-0.2205,-90.7638,O,,0.0551,0.0055,0.0082,0.0,,,,,,,,,,,,0.0,0.0,0.0,0.0,0.0,0.0,0.0,0.0,0.0,0.0,0.0,0.0,0.0,0.0
2023-05-24,-0.2205,-90.7638,S,,,,,,,,,,,,,,,,,,,,,-0.0012,,0.0006,0.0015,0.0007,-0.0014,-0.0003,0.0002,0.0004,0.0004
2023-05-24,-0.2205,-90.7638,SE,-0.0443,,,,,,,,,,,,,,,,,,,,,,-0.0272,-0.0095,-0.0059,-0.002,0.002,0.0034,0.0056,0.0074
2023-05-24,-0.2205,-90.7638,SO,0.0052,0.0048,,,,,,,,,,,,,,,,,,,,,,,,,,,,
2023-08-20,-0.2162,-90.7663,E,,-0.0541,-0.0531,-0.0498,-0.0498,-0.0358,-0.0294,-0.026,-0.019,-0.0169,-0.0141,-0.012,-0.0098,-0.0097,-0.0068,0.0018,0.0173,0.0113,0.0092,0.0087,0.0098,0.0079,0.0042,0.0036,0.0043,0.0036,0.0025,-0.0016,-0.0063,-0.0062
2023-08-20,-0.2162,-90.7663,N,,0.0338,0.0113,0.0086,0.0078,-0.0062,-0.0053,-0.0047,-0.0071,0.0069,0.0017,-1e-04,0.0112,0.0171,0.013,0.0088,0.0033,0.0056,0.0074,0.0095,-0.0003,-0.001,-0.0029,-0.0064,-0.0055,-0.0038,-0.0035,-0.0121,-0.0115,-0.0116
2023-08-20,-0.2162,-90.7663,NE,0.0391,0.0221,-0.0018,-0.0126,-0.028,-0.0386,-0.042,-0.0419,-0.0391,-0.0304,-0.0091,-0.0023,-0.0034,-0.0007,0.0009,0.0041,0.0091,0.0089,0.0132,0.0118,0.012,0.0147,0.0101,0.0022,0.0085,-0.0123,0.0086,-0.0101,-0.0008,0.0041
2023-08-20,-0.2162,-90.7663,NO,0.0411,0.0334,0.0328,0.0316,0.0274,-0.0027,-0.0069,-0.0126,-0.01,-0.0092,-0.0068,-0.0057,0.0033,0.0154,0.0136,0.0127,0.0142,0.0126,0.0128,0.0197,0.019,-0.0051,-0.014,-0.0156,-0.0114,-0.0101,-0.0132,-0.0096,-0.0087,-0.0104
2023-08-20,-0.2162,-90.7663,O,,0.0731,0.0659,0.0615,0.023,0.0229,0.0281,0.0336,0.0353,0.0257,0.0187,0.0101,-0.0012,-0.0083,-0.0112,-0.009,-0.0094,-0.0063,-0.0019,-0.0005,-0.0006,-0.0017,-0.0028,-0.0055,-0.0032,-0.0002,-0.0004,-0.0029,-0.0044,-0.0049
2023-08-20,-0.2162,-90.7663,S,,0.0339,0.0321,0.037,0.0238,0.0217,0.0042,0.002,0.0009,0.0,0.0003,0.0013,0.002,0.0018,-0.0008,-0.0023,-0.003,-0.0036,-0.002,-0.0008,0.0003,0.0012,-0.0,-0.0005,0.0015,0.0012,0.0015,0.0028,0.0005,0.0012
2023-08-20,-0.2162,-90.7663,SE,0.0008,-0.0007,0.0034,0.0003,-0.0035,-0.0055,-0.0096,-0.012,-0.0146,-0.0119,-0.0113,-0.0075,-0.0096,-0.0069,-0.0044,-0.0071,-0.0064,-0.0072,-0.0074,-0.0067,-0.0054,-0.0053,-0.0048,-0.0022,0.0005,-0.0007,-0.0003,0.0012,0.0015,-0.0024
2023-08-20,-0.2162,-90.7663,SO,0.0847,0.0725,0.0627,0.0572,0.0555,0.0501,0.0216,0.0011,0.008,0.0028,0.0012,-0.0009,-0.0033,-0.0043,-0.006,-0.0061,-0.0152,-0.0073,0.0053,,,,,,,,,,,
2024-03-07,-0.2202,-90.7638,E,,0.0284,0.0321,0.0489,0.0411,0.0313,0.0457,0.0299,0.0398,0.0347,-0.0107,0.0073,0.0048,0.0158,0.0153,-0.0071,-0.011,-0.0137,-0.0174,-0.0006,-0.0076,-0.0021,0.0051,0.0104,0.0096,0.0095,0.0099,0.0085,0.0047,0.0033
2024-03-07,-0.2202,-90.7638,N,,0.0406,0.0336,0.0441,0.0155,0.0161,0.036,0.0176,0.0053,0.009,-0.003,0.0138,0.0122,0.0102,0.0093,0.0018,0.0008,-0.001,0.0025,-0.0129,-0.0128,-0.0114,0.0002,0.0058,-0.0016,-0.0068,-0.0017,0.0029,0.0033,0.002
2024-03-07,-0.2202,-90.7638,NE,0.0337,0.035,0.0364,0.0372,0.0365,0.0069,0.0173,0.0261,0.0257,0.0237,0.0231,0.0168,0.0107,0.0069,-0.0003,-0.0052,-0.0153,-0.0185,-0.0104,-0.0167,-0.018,-0.0241,-0.0236,-0.011,-0.0055,0.0006,0.0037,0.0166,0.033,0.0355
2024-03-07,-0.2202,-90.7638,NO,,0.0718,0.0712,0.0717,0.0205,0.0212,0.0249,0.024,0.0265,0.0232,0.0202,0.0174,0.017,0.0162,0.0026,0.002,-0.0031,-0.0101,-0.005,-0.0093,-0.0088,0.0026,-0.0085,-0.0006,-0.0148,-0.014,-0.0188,-0.017,-0.0182,-0.0183
2024-03-07,-0.2202,-90.7638,O,,0.071,0.0443,0.0174,0.0149,0.0126,0.0095,0.0038,0.0029,0.0019,-0.0006,-0.001,-0.0014,-0.0015,1e-04,-0.0015,-0.0033,-0.0038,-0.0048,-0.0031,-0.0009,-0.0018,-0.0034,0.0024,0.0006,0.0015,0.0023,0.001,0.0042,0.0023
2024-03-07,-0.2202,-90.7638,S,,0.026,0.0234,0.0228,0.0151,0.006,-0.0028,-0.0032,-0.005,-0.0054,-0.0007,0.0063,0.0085,0.0098,0.0075,0.0022,-0.0033,-0.0108,-0.009,-0.0081,-0.0062,-0.0076,-0.0062,-0.0045,-0.0057,-0.0015,0.0039,0.0053,0.012,0.0095
2024-03-07,-0.2202,-90.7638,SE,0.0321,,0.0279,0.0237,0.0201,0.018,0.0112,0.0029,-0.0087,-0.0141,-0.0126,-0.0071,-0.0113,,,,,,,,,,,,,0.0136,0.0094,0.0053,0.0014,0.0016
2024-03-07,-0.2202,-90.7638,SO,0.0227,0.022,0.0205,0.019,0.018,0.0162,0.0133,0.0107,0.0061,0.0024,-0.0004,0.0002,-0.0009,-0.0019,-0.0035,-0.0038,-0.0047,-0.0059,-0.0038,-0.0079,-0.0045,-0.0047,-0.003,-0.0038,-0.0052,-0.0029,-0.0057,-0.0035,0.0011,0.0017
2024-04-08,-0.2162,-90.7663,E,,-0.0515,-0.0541,-0.0538,-0.0575,-0.0445,-0.0324,-0.0301,-0.0255,-0.0189,-0.0162,-0.0143,-0.017,-0.0178,-0.0112,-0.0077,0.0152,0.0136,0.0134,0.0158,0.0104,0.0099,0.0044,0.0051,0.0077,0.006,0.0045,-0.0,-0.0065,-0.0085
2024-04-08,-0.2162,-90.7663,N,,0.0595,0.0348,0.0354,0.0377,0.0212,0.0208,0.019,0.0144,0.026,0.0157,0.0116,0.0193,0.0329,0.0275,0.0192,0.0085,0.0145,0.0218,0.0267,0.0067,-0.0013,-0.0007,-0.0061,-0.0063,-0.0098,-0.0152,-0.0238,-0.0257,-0.0297
2024-04-08,-0.2162,-90.7663,NE,-0.0121,-0.0193,-0.0315,-0.0371,-0.0486,-0.0466,-0.0486,-0.0438,-0.0404,-0.0372,-0.004,0.0036,0.0029,0.0022,0.0063,0.0103,0.0122,0.0123,0.0108,0.0109,0.0085,0.0071,0.004,-0.0064,-0.0036,-0.0136,-0.0009,-0.0109,-0.0048,0.005
2024-04-08,-0.2162,-90.7663,NO,0.0428,0.0427,0.043,0.0452,0.0424,0.0072,0.0035,-0.0007,1e-04,,,,,,,,-0.0072,,,,,,,,,-0.0013,-0.0008,-0.001,-0.0003,0.0011
2024-04-08,-0.2162,-90.7663,O,,0.0049,0.0209,0.0236,-0.0086,-0.0035,0.0017,0.002,-0.0008,0.0002,,,,,,,,,,,,,,,,,,,,
2024-04-08,-0.2162,-90.7663,S,,0.0312,0.0297,0.0383,0.0235,0.0214,0.0015,0.0014,0.001,0.0014,0.0032,0.0046,0.0045,0.0024,-0.0007,-0.0011,-0.0022,-0.002,-0.0008,-0.0,-0.0009,-0.0011,-0.0024,-0.0026,-0.002,-0.0019,-0.0014,-0.0011,-0.0003,0.0009
2024-04-08,-0.2162,-90.7663,SE,-0.0066,-0.0086,-0.006,-0.007,-0.0082,-0.0075,-0.0111,-0.0138,-0.0129,-0.0119,-0.0109,-0.008,-0.0087,-0.0063,-0.0055,-0.0056,-0.0065,-0.0062,-0.0067,-0.0068,-0.0051,-0.0039,-0.0023,-0.0003,0.002,-0.0012,0.0012,0.0014,0.0007,-0.0052
2024-04-08,-0.2162,-90.7663,SO,0.0626,0.0591,0.0546,0.0493,0.0455,0.0405,-0.0035,-0.0033,-0.0034,-0.0033,0.0043,0.0075,0.0083,0.0086,,0.0007,,,,,,,-0.0032,-0.0031,-0.003,-0.0029,-0.0029,,,
2024-04-24,-0.2162,-90.7663,E,,-0.0672,-0.0679,-0.0651,-0.0675,-0.056,-0.0476,-0.0373,-0.0249,-0.0191,-0.0152,-0.0106,-0.0125,-0.0137,-0.009,-0.0042,0.0132,0.012,0.0121,0.0141,0.0127,0.0124,0.0047,0.0004,0.0061,0.0032,0.0034,-0.0033,-0.0067,-0.0077
2024-04-24,-0.2162,-90.7663,N,,0.0398,0.0075,0.0037,0.0021,-0.017,-0.0165,-0.0156,-0.0146,0.0059,0.002,-0.0005,0.0129,0.0155,0.0126,0.0077,0.0034,0.0035,0.0058,0.0121,-0.0017,-0.0006,-0.0009,-0.0023,0.0007,-0.0007,-0.001,-0.0101,-0.0129,-0.0169
2024-04-24,-0.2162,-90.7663,NE,0.0246,0.0085,-0.0188,-0.0292,-0.0466,-0.0562,-0.062,-0.0535,-0.0483,-0.0378,-0.0084,-0.0019,-0.0021,-0.0004,0.0049,0.0114,0.0153,0.0164,0.0156,0.012,0.0082,0.0096,0.0008,-0.0112,-0.0018,-0.0196,0.007,-0.0141,-0.0007,0.0091
2024-04-24,-0.2162,-90.7663,NO,0.0618,0.0494,0.0422,0.0398,0.0331,-0.0056,-0.01,-0.0112,-0.0166,-0.0283,-0.0189,-0.0218,-0.0041,0.0231,0.0279,0.015,0.0183,0.0167,0.0172,0.0201,0.0189,0.008,-0.0079,0.011,-0.0048,1e-04,-0.0016,-0.0036,-0.0135,-0.0183
2024-04-24,-0.2162,-90.7663,O,,0.0758,0.0666,0.0586,0.0133,0.0169,0.0241,0.0297,0.0329,0.0222,0.0233,0.0182,0.0033,-0.003,-0.0043,-0.0017,-1e-04,0.0004,1e-04,-0.0019,-0.0039,-0.0061,-0.0076,-0.0097,-0.01,-0.0089,-0.0071,-0.0063,-0.0059,-0.0056
2024-04-24,-0.2162,-90.7663,S,,0.0332,0.0324,0.0482,0.0263,0.0227,-0.0005,-0.0038,-0.0049,-0.0046,-0.0006,0.0,0.0006,0.0015,0.0016,0.0021,0.0047,0.0018,0.0025,0.0018,0.002,1e-04,-0.0022,-0.0039,-0.0015,-0.0009,-0.0004,0.0012,0.0014,0.002
2024-04-24,-0.2162,-90.7663,SE,-0.003,-0.0092,-0.0054,-0.0091,-0.0134,-0.0156,-0.0233,-0.0237,-0.022,-0.0157,-0.0135,-0.0077,-0.0081,-0.0055,-0.0025,-0.0075,-0.0047,-0.0075,-0.005,-0.0053,-0.0065,-0.0049,-0.0053,-0.0034,0.0013,0.0022,0.0029,0.0018,0.002,-0.0016
2024-04-24,-0.2162,-90.7663,SO,0.0708,0.0686,0.061,0.054,0.0506,0.0487,0.0148,0.0062,0.0034,-0.0004,0.0023,0.0021,-0.004,0.0005,-0.0024,-0.0006,0.001,0.0004,0.0008,0.0017,0.0017,-0.0,-0.0023,-0.0013,-0.0003,-1e-04,0.0004,-0.0038,0.0013,0.005
2024-05-02,-0.2202,-90.7638,E,,0.0066,0.0112,0.0276,0.0071,-0.0058,0.0131,0.011,0.0277,0.027,0.0002,0.0124,0.0091,0.0164,0.0262,0.0052,-0.001,-0.0087,-0.0175,-0.0242,0.0042,-0.0103,0.0086,0.0107,0.0132,0.0138,0.0158,0.0143,0.0161,0.0145
2024-05-02,-0.2202,-90.7638,N,,0.0471,0.0425,0.0486,0.0281,0.0268,0.0228,0.0084,0.0033,0.0002,0.0004,-0.0005,0.0119,0.0132,0.0149,0.0246,0.0257,0.0189,-0.0034,-0.0073,-0.0043,-0.0042,-0.0006,0.0187,0.0035,-0.0074,-0.0025,0.0036,0.0126,-0.0676
2024-05-02,-0.2202,-90.7638,NE,-0.006,-0.0084,-0.0104,-0.01,0.0015,-0.0252,-0.0154,-0.0018,-0.0028,-0.0012,0.0048,0.0079,0.0084,0.0082,0.0002,0.004,-0.0021,-0.0028,-0.0064,-0.006,-0.0111,-0.0091,-0.0054,-0.0002,0.0119,0.0031,0.0031,0.0043,0.0153,0.0218
2024-05-02,-0.2202,-90.7638,NO,,0.1192,0.1181,,,,,,,,,,,,,,,,,,,,,,,,,,,
2024-05-02,-0.2202,-90.7638,O,,0.1178,0.0926,0.0655,0.0605,0.0533,,,,,,,,,,,,,,,,,,,,,,,,
2024-05-02,-0.2202,-90.7638,S,,0.0622,0.06,0.0565,0.0503,0.0402,0.0308,0.0248,0.0194,0.0133,0.0048,0.0017,-0.0019,0.0013,-0.0105,-0.0094,-0.0058,-0.0036,-0.0045,-0.0047,-0.0037,-0.003,-0.0022,-0.0019,-0.0009,-1e-04,0.0009,-1e-04,-0.0031,0.0006
2024-05-02,-0.2202,-90.7638,SE,0.0284,,0.027,0.0245,0.0216,0.0148,0.0065,0.0015,-0.0031,-0.0097,-0.0193,-0.0233,-0.0258,-0.0288,-0.0262,-0.0178,0.0188,0.0243,0.0192,0.0165,0.0138,0.0088,0.008,0.0071,0.0012,-0.0097,-0.0151,-0.0325,-0.0052,0.0276
2024-05-02,-0.2202,-90.7638,SO,0.056,0.0538,0.0527,0.0464,0.0418,0.0363,0.0265,0.0193,0.0086,0.0057,-0.0041,-0.0017,-0.0041,-0.0168,-0.0174,-0.0098,-0.0052,-0.0021,0.0004,0.0019,-0.0052,-0.0117,-0.0093,-0.0031,0.0159,,,,,0.0035
2024-05-10,-0.2162,-90.7663,E,,-0.0515,-0.0547,-0.0555,-0.0551,-0.0448,-0.0366,-0.0325,-0.0246,-0.0192,-0.0141,-0.01,-0.0123,-0.013,-0.0041,-0.0016,0.0138,0.0125,0.0121,0.0126,0.0099,0.0086,0.0023,0.0038,0.0067,0.0029,0.0013,-0.0046,-0.0084,-0.0091
2024-05-10,-0.2162,-90.7663,N,,0.043,0.0147,0.0111,0.0115,-0.0028,-0.0026,-0.0028,-0.0048,0.012,0.0075,0.0014,0.0133,0.0139,0.0116,0.0093,0.0065,0.0064,0.0052,0.008,-0.0028,-0.0051,-0.0055,-0.0072,-0.0069,-0.0059,-0.0046,-0.0144,-0.0169,-0.0193
2024-05-10,-0.2162,-90.7663,NE,0.0376,0.0192,-0.009,-0.0208,-0.0385,-0.0509,-0.0554,-0.0507,-0.0463,-0.0358,-0.0078,-0.0019,0.0012,0.0003,0.007,0.0109,0.0118,0.0142,0.0143,0.0106,0.0084,0.0082,0.0021,-0.0082,0.006,-0.0198,0.0149,-0.0086,0.0028,0.0104
2024-05-10,-0.2162,-90.7663,NO,0.051,0.039,0.0349,0.0341,0.0291,-0.0029,-0.0093,-0.0121,-0.0158,-0.0225,-0.0168,-0.0181,-0.0009,0.0159,0.0173,0.0162,0.0151,0.0137,0.0152,0.0205,0.0187,0.0064,-0.008,0.0052,-0.0034,0.0008,-0.0004,0.0004,-0.0092,-0.0165
2024-05-10,-0.2162,-90.7663,O,,0.0596,0.0496,0.0482,0.0057,0.0051,0.0114,0.0198,0.027,0.0196,0.0164,0.0095,-0.0025,-0.0051,-0.0021,0.0012,-0.0014,-0.0035,-0.0023,-0.0027,-0.0045,-0.0076,-0.0091,-0.0084,-0.0025,-0.002,-0.0072,-0.0071,,
2024-05-10,-0.2162,-90.7663,S,,0.0279,0.0293,0.0381,0.0254,0.0231,0.006,0.0019,-0.0023,0.0005,0.0013,-0.0003,-0.0002,-0.0016,-0.0028,-0.002,-0.002,-0.0006,-0.0004,-0.0003,1e-04,0.0012,0.0009,0.0011,0.0018,0.0012,0.0013,0.0044,0.0037,0.0013
2024-05-10,-0.2162,-90.7663,SE,-0.0068,-0.0088,-0.0049,-0.0045,-0.0067,-0.0082,-0.0137,-0.0136,-0.0134,-0.0094,-0.0076,-0.003,-0.0058,-0.0036,-0.0018,-0.0054,-0.0052,-0.0078,-0.007,-0.0069,-0.0069,-0.0063,-0.0058,-0.0023,0.0027,0.0017,0.0031,0.003,0.0029,-0.002
2024-05-10,-0.2162,-90.7663,SO,0.0691,0.0623,0.0559,0.0494,0.0445,0.0369,0.0086,-0.0014,-0.0011,-0.0032,-0.0028,-0.002,-0.0027,-0.0017,-0.0021,-0.0023,-0.0022,-0.0019,-0.0018,-0.0012,-0.0008,-0.0003,0.0002,0.0009,0.0017,0.002,,,,
2024-06-03,-0.2162,-90.7663,E,,-0.0756,-0.0769,-0.0703,-0.0649,-0.0486,-0.0412,-0.0366,-0.0249,-0.0178,-0.0125,-0.0101,-0.0121,-0.0131,-0.0066,-0.0034,0.0121,0.0092,0.0099,0.0119,0.0098,0.0102,0.0036,0.0044,0.0059,0.0037,0.0011,-0.0029,-0.0061,-0.006
2024-06-03,-0.2162,-90.7663,N,,0.0513,0.0219,0.0169,0.0146,-0.0022,-0.0026,-0.0055,-0.009,0.0097,0.0071,0.0031,0.0131,0.0198,0.0159,0.0114,0.0056,0.0056,0.0078,0.0117,-0.001,-0.0053,-0.0071,-0.0099,-0.0104,-0.0121,-0.0132,-0.0208,-0.0217,-0.0215
2024-06-03,-0.2162,-90.7663,NE,0.0645,0.0413,0.0057,-0.01,-0.032,-0.0512,-0.06,-0.0539,-0.0483,-0.0343,-0.0097,-0.0022,-0.0047,-0.0028,0.0015,0.0083,0.0105,0.0133,0.0158,0.0103,0.0118,0.0161,0.0088,-0.008,0.0017,-0.0177,0.0054,-0.0101,-0.0061,0.0049
2024-06-03,-0.2162,-90.7663,NO,0.0668,0.0451,0.0383,0.0383,0.0311,0.0062,1e-04,-0.0063,-0.0097,-0.018,-0.0161,-0.0181,-0.0002,0.0143,0.0147,0.0127,0.0124,0.0104,0.0089,0.0226,0.0186,0.0104,-0.0069,0.007,-0.0006,0.0014,-0.0,-0.0025,-0.0068,-0.0137
2024-06-03,-0.2162,-90.7663,O,,0.0658,0.0531,0.0486,0.012,0.0172,0.0221,0.0318,0.0416,0.0318,0.0275,0.0097,-0.0051,-0.0077,-0.0029,-0.0009,-0.0007,-0.0022,-0.0034,-0.0065,-0.007,-0.0082,-0.0074,-0.0074,-0.0068,-0.0055,-0.0041,-0.0038,-0.0046,-0.0039
2024-06-03,-0.2162,-90.7663,S,,0.0221,0.0254,0.0381,0.0204,0.0193,0.002,-0.004,-0.008,-0.0086,-0.0062,-0.0085,-0.0099,-0.0098,-0.0078,-0.0047,0.0012,0.0004,0.0026,0.0059,0.0084,0.0096,0.0066,0.0066,0.0063,0.0019,0.0039,0.007,0.007,-0.0003
2024-06-03,-0.2162,-90.7663,SE,-0.0102,-0.012,-0.0098,-0.0126,-0.0137,-0.0141,-0.0168,-0.0125,-0.0112,-0.0082,-0.0076,-0.0022,-0.005,-0.0019,-0.0017,-0.0059,-0.0076,-0.0083,-0.0083,-0.0089,-0.0063,-0.0072,-0.0057,-0.0019,0.0024,0.0043,0.005,0.0028,0.0016,-0.0032
2024-06-03,-0.2162,-90.7663,SO,0.0694,0.0612,0.0555,0.0482,0.0446,0.0378,0.012,-0.0013,1e-04,0.0009,0.0027,0.0033,-0.002,0.0009,-0.0039,-0.0013,-0.0026,-0.0053,-0.0035,-0.0016,0.0008,0.0029,0.0051,0.0041,-0.0004,-0.0042,-0.0026,-0.0004,-0.0011,-0.0004
2024-06-27,-0.2202,-90.7638,E,,-0.0211,-0.0191,-0.0131,-0.0165,-0.0091,-0.0029,-0.002,-0.0005,0.0015,0.003,-0.0041,0.012,,,,,,,,,,,,,,,,,
2024-06-27,-0.2202,-90.7638,N,,0.0426,0.0381,0.0402,0.0256,0.0274,0.0267,0.0246,0.023,0.0236,0.0284,0.0255,0.023,0.0203,0.0172,0.0095,0.0071,0.0053,0.0075,0.0044,0.0023,-0.0026,-0.0165,-0.0167,-0.0176,-0.0143,-0.0138,-0.0123,-0.0134,-0.0129
2024-06-27,-0.2202,-90.7638,NE,-0.0089,-0.0113,-0.0108,-0.0085,0.001,-0.0165,-0.0083,0.0054,0.0063,0.0076,0.0114,0.0162,0.0148,0.0116,0.0045,-0.0096,-0.0061,-0.0092,-0.0272,0.0135,-0.0108,0.0103,-0.0105,-0.0087,0.0221,0.0024,0.0151,-0.002,0.0152,0.0187
2024-06-27,-0.2202,-90.7638,NO,,0.0993,0.0955,0.091,0.0495,0.0413,0.0318,0.0206,0.0095,0.0045,-0.0023,-0.0074,-0.0052,-0.0082,-0.01,-0.0108,-0.014,-0.0135,-0.0121,-0.0109,-0.0082,-0.0061,-0.0031,-0.0034,-0.0025,0.017,0.0156,0.0127,0.015,0.0143
2024-06-27,-0.2202,-90.7638,O,,0.0928,0.0727,0.0459,0.0369,0.0255,0.016,0.0098,0.0063,0.0031,0.0058,0.0058,0.0086,0.0057,0.0087,0.0063,0.0051,0.0037,0.0006,-0.0016,-0.0043,-0.0054,0.0017,0.0046,0.002,-0.0003,-0.0004,-0.0012,-0.0048,-0.0049
2024-06-27,-0.2202,-90.7638,S,,0.026,0.0255,0.0255,0.0256,0.0272,0.0248,0.0209,0.0139,0.0091,0.0087,0.0067,0.0082,0.0117,0.0142,0.0128,0.008,0.0022,-0.0006,-0.0081,-0.0082,-0.0107,-0.0084,-0.0064,0.0008,-0.0052,-0.0013,-0.0056,-0.0039,-1e-04
2024-06-27,-0.2202,-90.7638,SE,-0.0087,,-0.0046,0.0007,-0.0031,0.0045,-0.0025,-0.0013,0.0131,0.0062,,,,,,,,,,,-0.0124,0.005,-0.0023,0.005,0.0018,-0.0028,,,,
2024-06-27,-0.2202,-90.7638,SO,0.0252,0.0216,0.0244,0.0154,0.0092,-0.003,-0.0071,-0.0081,-0.0089,-0.01,-0.0078,0.0018,0.005,0.0067,0.0044,0.0096,0.0089,0.0104,0.0078,0.0125,0.0108,0.0132,0.0156,0.008,0.003,-0.0058,-0.0109,-0.0107,-0.0166,-0.0138
2024-11-10,-0.2208,-90.7638,E,,0.0061,,,,,,,,,,,,,,,,,,,,,,,,,,,,
2024-11-10,-0.2208,-90.7638,N,,0.0073,1e-04,-0.0094,-0.0059,-0.0113,-0.0107,-0.0134,0.0058,0.0004,0.0011,-0.0038,-0.0065,-0.0123,-0.0226,-0.0326,-0.0396,-0.0411,-0.0197,0.0022,0.0089,0.0138,0.0053,0.0087,0.0152,0.0198,0.0224,0.0237,0.0275,0.032
2024-11-10,-0.2208,-90.7638,NE,0.0561,0.0552,0.0258,0.0287,,,,,,0.006,0.0053,,,,,,-0.0212,,,,,,,-0.0257,0.0063,0.0043,0.0003,,,
2024-11-10,-0.2208,-90.7638,NO,,-0.0159,-0.011,-0.0053,-0.0029,-0.0017,-0.0016,0.0054,0.0069,0.0054,0.0036,-0.0021,-0.0073,-0.0129,-0.0089,-0.0182,-0.0254,-0.0239,-0.0191,,,0.0313,0.0358,0.0387,0.0474,0.0436,-0.0017,-0.0073,-0.0063,-0.0072
2024-11-10,-0.2208,-90.7638,O,,0.0089,0.0048,0.0068,0.0014,-0.0044,-0.0043,-0.0096,-0.0051,-0.0004,0.0012,0.0038,0.005,0.0062,0.006,-0.0009,0.0023,0.0009,-0.0002,0.0024,0.0035,0.0042,0.0026,0.0034,0.007,0.0041,0.0022,-0.0023,-0.0009,-0.0016
2024-11-10,-0.2208,-90.7638,S,,-0.0211,-0.0253,-0.0256,,,-0.0161,-0.0149,-0.0172,-0.0133,-0.0086,-0.0042,0.0006,0.0051,0.0036,0.0046,0.0056,0.0066,0.0068,0.0056,0.0051,0.0052,0.007,0.0074,0.0078,0.0048,0.0065,0.0061,0.0029,0.0005
2024-11-10,-0.2208,-90.7638,SE,0.0037,,,,,,,,0.0,0.0,,,,,,,,,,,,,,,,,,,,
2024-11-10,-0.2208,-90.7638,SO,0.0146,0.0184,0.0075,0.007,-0.0007,-0.0024,-0.0024,-0.0023,-0.0019,-0.001,-0.0005,-0.0002,-0.0002,-1e-04,-1e-04,-0.0002,1e-04,0.0003,,,,,,,,,,,,
2025-02-22,-0.2208,-90.7638,E,,0.0196,0.0071,0.0202,0.0069,0.0088,0.0197,0.0056,0.015,0.016,0.0065,0.0009,-0.0028,-0.002,0.0105,0.0159,0.0175,-0.0039,-0.0092,-0.0127,-0.0166,-0.0084,-0.0122,-0.0107,0.0054,0.0084,0.0074,0.0088,0.0058,0.0052
2025-02-22,-0.2208,-90.7638,N,,0.0509,0.0498,0.0479,0.036,0.0349,0.0332,0.0194,0.0049,0.0048,0.0029,0.0149,0.0131,0.0088,0.0046,-0.0157,-0.021,-0.0235,0.0006,-0.0113,-0.0116,-0.0146,-0.0105,-0.0022,-0.0034,-0.004,-0.0005,0.0019,0.0153,0.0077
2025-02-22,-0.2208,-90.7638,NE,0.0401,0.0385,0.0356,0.0256,0.0148,-0.013,-0.0135,-0.0128,-0.0046,0.0027,0.0016,0.001,0.0044,0.0021,0.0013,-0.0007,-0.0026,-0.004,-0.0039,0.0077,-0.0024,0.0003,-0.0044,-0.0022,-0.0014,0.0002,-0.0016,-0.0032,0.0004,0.003
2025-02-22,-0.2208,-90.7638,NO,,0.0137,0.0139,0.0135,0.012,0.0119,0.0096,0.0093,0.0076,0.007,0.0046,0.0004,0.0008,0.0004,-0.0031,-0.0058,-0.0065,-0.0037,-0.0005,-0.0025,-0.0062,-0.0053,-0.0071,-0.0044,-0.0007,-0.0005,0.0013,0.0037,0.0114,0.0127
2025-02-22,-0.2208,-90.7638,O,,0.0151,0.0141,0.012,0.0083,0.0032,-0.0006,-0.0059,-0.0077,-0.0086,-0.0093,-0.0092,-0.0083,-0.0063,-0.0061,-0.0104,-0.0104,-0.0101,-0.0081,-0.0072,-0.0049,-0.0017,0.0018,0.003,0.0045,0.0087,0.0101,0.0086,0.0093,0.0093
2025-02-22,-0.2208,-90.7638,S,,0.0222,0.0198,0.0157,0.0088,0.0039,0.0012,-0.0003,-0.0008,-0.0013,-0.0012,-0.0025,0.0003,0.0025,0.0012,0.001,-0.001,-0.0013,-0.0019,-0.0036,-0.0046,-0.0045,-0.0025,-0.0016,-0.0003,0.0011,0.0017,-1e-04,-0.0013,-0.0047
2025-02-22,-0.2208,-90.7638,SE,0.0029,,-0.0022,-0.0077,-0.011,-0.0131,0.003,0.0013,-0.0134,-0.0074,-0.0096,-0.0061,0.0088,0.0106,0.0098,0.0062,-0.0007,-0.0042,0.0086,0.0015,0.0045,-0.0085,-0.007,-0.0014,-0.0007,0.0027,0.0014,-0.003,1e-04,-0.0019
2025-02-22,-0.2208,-90.7638,SO,0.0275,0.0251,0.0224,0.0195,0.0158,0.0101,0.0064,0.0034,0.0011,-0.0015,-0.0021,-0.0019,-0.0021,-0.0026,-0.0033,-0.0039,-0.0046,-0.0052,-0.0044,-0.0048,-0.0014,-0.004,-0.0017,-0.0016,-0.0037,-0.0027,-0.0008,-0.0008,0.0018,0.0073
2025-04-11,-0.2162,-90.7674,E,,0.0061,0.0099,0.0151,0.0168,0.021,0.0228,0.0253,0.0276,0.0244,0.0232,0.0161,0.0151,0.0116,0.0033,0.0052,0.0136,0.0075,-0.0015,-0.019,-0.0291,-0.0335,-0.0346,-0.0199,-0.0098,0.0004,0.013,0.0156,0.0219,0.0257
2025-04-11,-0.2162,-90.7674,N,,0.0234,0.0148,0.0208,0.0278,0.0301,0.0311,0.0287,0.0277,0.0057,-0.0011,-0.0084,-0.015,-0.0052,-0.0072,-0.0051,-0.0062,0.0056,-0.0046,-0.0073,-0.0107,-0.0085,-0.0066,0.0004,-0.0016,0.0006,0.0061,-0.0143,-0.0102,-0.005
2025-04-11,-0.2162,-90.7674,NE,-0.0276,-0.0259,-0.0107,-0.002,0.0078,0.0151,0.0204,0.0211,0.0238,0.0247,0.0232,0.0212,0.0155,0.0077,0.0269,0.0176,0.0074,-0.0083,-0.0207,-0.021,-0.022,-0.0194,-0.0197,-0.0161,-0.015,-0.0113,-0.0073,0.0149,0.0258,0.0305
2025-04-11,-0.2162,-90.7674,NO,0.0405,0.0437,0.0426,0.0427,0.0391,0.0263,0.0118,0.0205,0.0211,0.0087,-0.0004,0.0008,1e-04,-0.0049,-0.0072,-0.0035,-0.0085,0.0011,-0.0014,0.0019,-0.002,-0.0109,-0.0126,-0.0054,-0.0017,0.0018,0.0034,0.0149,0.0102,0.0054
2025-04-11,-0.2162,-90.7674,O,,0.0564,0.0524,0.0485,0.0126,0.0079,0.0072,0.0079,0.0144,0.0167,0.0131,0.0083,-0.0006,-0.0054,-0.0077,-0.0094,-0.0112,-0.0111,-0.0122,-0.0085,-0.005,,,,,,,,,
2025-04-11,-0.2162,-90.7674,S,,0.0259,0.0064,0.0066,0.0065,0.0068,0.0068,0.0059,0.0072,0.0047,0.0019,-0.0015,-0.0054,-0.0083,-0.0043,-0.0002,0.0017,0.0022,0.0034,0.003,0.0049,0.0032,0.0007,0.0011,0.0026,0.0043,0.0045,0.0066,0.0066,0.0059
2025-04-11,-0.2162,-90.7674,SE,0.005,0.0038,0.0018,0.0,-0.001,-0.0026,-0.0027,0.0003,0.0024,0.0099,0.0079,0.0099,0.0034,0.0005,-1e-04,-0.0036,-0.0028,-0.0024,-0.0025,-0.0024,-0.0007,-0.0007,0.0017,0.0013,0.0007,0.001,0.0032,-0.0019,0.0004,-1e-04
2025-04-11,-0.2162,-90.7674,SO,0.0573,0.0554,0.0529,0.0178,0.0182,0.0182,0.0091,0.0139,0.0148,0.0102,0.0031,0.0055,-0.0006,-0.0054,-0.007,-0.0115,-0.0142,-0.0081,-0.0082,-0.0017,0.0137,0.0113,0.0184,0.0167,0.0059,0.0008,-0.0087,-0.0229,-0.0249,-0.0324
2025-04-27,-0.2162,-90.7663,E,,0.0459,0.0376,,,,,,,,,,,,,,,,,,,,,,,,,,,
2025-04-27,-0.2162,-90.7663,N,,0.0531,0.0276,0.0253,0.0246,0.0077,0.0073,0.0052,-1e-04,0.0111,0.0074,0.0069,0.0085,0.0316,0.0256,0.025,0.018,0.0099,0.0074,0.0128,-0.0046,-0.0076,-0.0102,-0.0098,0.0065,0.0032,0.0025,-0.0049,-0.0017,-1e-04
2025-04-27,-0.2162,-90.7663,NE,0.0372,0.0287,0.0137,0.0069,-0.0076,0.0057,-0.0044,-0.0128,-0.0144,-0.0073,-0.0054,0.0192,0.0149,0.0234,0.0075,0.0011,-0.0066,-0.0107,-0.0192,-0.015,-0.0214,-0.0184,-0.0099,-0.0083,-0.0016,0.0006,0.005,0.0121,0.0141,0.0126
2025-04-27,-0.2162,-90.7663,NO,0.0764,0.0679,0.0656,0.0657,0.0615,0.0279,0.0227,0.0188,0.0063,-0.0059,-0.0012,-0.0002,-0.0034,-0.0014,,,-0.0281,,,,,,-0.0307,-0.0199,-0.0062,-0.0041,0.0045,0.0076,0.0059,0.0034
2025-04-27,-0.2162,-90.7663,O,,0.0557,0.0442,0.0436,0.0043,0.0046,0.007,0.0122,,,0.0329,0.0282,0.0199,0.0138,0.0109,0.0111,0.01,0.009,,,,,,0.024,0.0194,-0.0065,-0.0275,-0.0264,-0.0254,-0.0197
2025-04-27,-0.2162,-90.7663,S,,0.0606,0.059,0.0654,0.062,0.055,0.0124,0.008,0.0059,0.0036,0.0056,0.0049,0.0059,0.004,0.0027,-0.0008,-0.0036,-0.0065,-0.0072,-0.0075,-0.0078,-0.008,-0.0082,-0.0072,-0.0052,-0.0024,0.0051,0.0091,0.0103,0.0058
2025-04-27,-0.2162,-90.7663,SE,-0.0365,-0.0378,,,,,,,,,,,,,,,,,,,,,,,0.0,-0.0,0.0,,,
2025-04-27,-0.2162,-90.7663,SO,0.0574,0.0516,0.0455,0.0407,0.0397,0.0388,0.0051,0.0046,0.0033,0.0024,0.0024,-0.0008,-0.0041,-0.0004,-0.0065,-0.0058,-0.0086,-0.0095,-0.0067,-0.0043,-0.0012,0.002,0.002,0.0042,0.0014,0.0029,0.0024,0.0021,0.0014,-0.0005
2025-05-05,-0.2162,-90.7663,E,,-0.0357,-0.0351,-0.039,-0.038,-0.0337,-0.0292,-0.0223,-0.016,-0.0144,-0.0115,-0.0109,-0.0109,-0.01,-0.002,0.0031,0.0258,0.0228,0.0201,0.018,0.0121,0.0044,-0.0003,0.0017,0.0043,0.0018,0.0,-0.0034,-0.011,-0.0117
2025-05-05,-0.2162,-90.7663,N,,0.033,0.0101,0.0079,0.0067,-0.011,-0.0125,-0.0141,-0.0151,-0.0005,-0.0048,-0.0065,0.0049,0.01,0.0099,0.0075,0.0074,0.0089,0.0076,0.0079,0.0063,0.0036,0.0042,0.0011,0.0017,0.0023,0.0026,-0.0063,-0.0089,-0.0126
2025-05-05,-0.2162,-90.7663,NE,-0.0055,-0.0115,-0.0203,-0.0271,-0.0388,-0.0468,-0.0479,-0.0421,-0.0377,-0.034,-0.0025,-1e-04,0.0009,0.0011,0.0033,0.006,0.0079,0.0099,0.0111,0.0105,0.011,0.0091,0.0055,-0.0074,-0.0027,-0.015,0.002,-0.0128,-0.0058,0.0033
2025-05-05,-0.2162,-90.7663,NO,0.0614,0.0437,0.0382,0.0367,0.0303,-0.0026,-0.0048,-0.0095,-0.0116,-0.0209,-0.0165,-0.0218,-0.0049,0.0176,0.0201,0.016,0.0172,0.0156,0.014,0.0247,0.0212,0.0132,-0.0011,0.0119,-0.0077,-0.0074,-0.0067,-0.008,-0.0128,-0.0178
2025-05-05,-0.2162,-90.7663,O,,0.0657,0.0583,0.0488,0.0037,0.0055,0.0134,0.0234,0.0262,0.0177,0.0133,0.0059,0.0008,-0.0021,-0.0043,-0.0033,-0.0022,-0.0026,-0.0038,-0.0016,-0.0024,-0.005,-0.0051,-0.0061,-0.0061,-0.0058,-0.0055,-0.0052,-0.0047,-0.0036
2025-05-05,-0.2162,-90.7663,S,,0.0285,0.0292,0.041,0.0238,0.0202,-0.0002,-0.0043,-0.0052,-0.0052,0.0005,0.0012,0.0029,0.0035,0.0016,0.0008,0.0024,0.0012,0.0028,0.0038,0.0035,0.0027,0.002,0.0012,0.0,-0.0002,-0.0005,1e-04,-0.0023,-0.0038
2025-05-05,-0.2162,-90.7663,SE,0.001,0.0003,0.0051,0.0074,0.0046,-0.0038,-0.0096,-0.0101,-0.0102,-0.0061,-0.0039,0.0008,0.0002,0.0028,0.0034,-0.0006,-0.0015,-0.0028,-0.0015,-0.0022,-0.0014,0.0006,0.0016,0.0041,0.0067,0.0065,0.0062,-0.0015,-0.0011,-0.0108
2025-05-05,-0.2162,-90.7663,SO,0.0655,0.0624,0.0571,0.0509,0.046,0.042,0.0083,0.0017,0.0013,-0.0033,-0.0011,0.0055,-0.002,0.0038,-0.0006,-0.0019,-0.0033,-0.0058,-0.0038,-0.0021,-0.0004,0.0025,0.0044,0.0044,0.0032,1e-04,-0.0015,-0.0011,-0.0017,-0.0013
2025-09-10,-0.2162,-90.7655,E,,-0.0764,-0.0764,-0.0774,-0.0788,-0.0759,-0.0643,-0.0525,-0.0446,-0.0322,-0.0253,-0.0164,-0.0166,-0.0075,0.0051,0.0114,0.0269,0.0249,0.0214,0.0191,0.0161,0.01,0.003,0.0037,0.0014,-0.0009,-0.0045,-0.0104,-0.0106,-0.01
2025-09-10,-0.2162,-90.7655,N,,0.0719,0.0357,0.0342,0.0321,0.0318,0.042,0.0322,0.0297,0.0228,0.0415,0.0346,0.0238,0.0188,0.0066,0.0144,0.0199,-0.0,-0.0006,-0.0017,-0.0065,-0.0058,0.0002,0.0021,-0.0075,-0.0103,-0.0158,-0.0187,-0.0221,-0.0355
2025-09-10,-0.2162,-90.7655,NE,-0.0443,-0.0393,-0.0495,-0.0383,-0.0496,-0.0492,-0.0522,-0.0463,-0.015,-0.0055,0.0017,0.0067,0.0081,0.0072,0.0105,0.0147,0.0139,0.0117,0.009,0.0075,0.0038,0.0013,-0.0061,-0.011,-0.0019,-0.0039,0.0101,-0.0008,0.008,0.0137
2025-09-10,-0.2162,-90.7655,NO,0.0597,0.0549,0.0384,0.0218,0.0142,0.0124,0.0055,0.0098,0.0106,0.0156,0.0183,0.0112,0.009,0.0052,-0.0021,-0.0041,-0.0018,0.0233,0.0179,0.0077,-0.0053,-0.0061,-0.008,-0.0089,-0.0118,-0.0152,-0.0116,-0.0104,-0.0113,-0.0004
2025-09-10,-0.2162,-90.7655,O,,0.0673,0.0612,0.0568,0.0268,0.0252,0.0253,0.0226,0.0216,0.0123,0.0107,0.0135,0.0083,0.0082,0.0023,0.003,0.0093,0.0084,0.0073,0.0037,0.0016,-0.0022,-0.0062,-0.0099,-0.0098,-0.009,-0.0074,-0.0059,-0.0035,-0.0019
2025-09-10,-0.2162,-90.7655,S,,0.0272,0.0201,0.0242,0.0118,0.0106,0.0062,0.0009,-0.0026,0.0105,0.0018,-0.0055,-0.0068,-0.0115,-0.0242,-0.0265,-0.0328,-0.024,-0.0129,-0.0007,-0.0007,-0.0027,-0.0053,-0.0013,0.0024,0.0037,0.0054,0.0139,0.0118,0.016
2025-09-10,-0.2162,-90.7655,SE,-0.0396,-0.039,-0.0433,-0.0442,-0.0456,-0.0454,-0.0449,-0.0399,-0.0353,-0.0247,-0.0196,-0.0087,-0.0126,-0.0051,0.0037,-0.0005,0.0013,-0.0014,-0.0035,-0.0061,-0.0088,-0.0084,-0.0067,-0.0034,0.0052,0.002,0.0126,0.0218,0.033,0.0019
2025-09-10,-0.2162,-90.7655,SO,0.0768,0.0714,0.0611,0.051,0.0415,0.017,0.0106,0.004,0.0091,0.0032,0.0095,0.0011,0.0052,0.0087,-0.0008,-0.0089,-0.0078,-0.0089,-0.0089,-0.0087,-0.0032,-0.0036,-0.005,-0.004,-0.0034,-0.0028,-0.001,0.0,0.001,-1e-04
2025-09-18,-0.214,-90.7684,E,,-0.015,-0.0127,-0.004,-0.0081,-0.0056,-0.0004,0.0029,0.0223,0.0262,0.0255,0.0256,0.006,0.0021,0.0035,0.0203,0.0234,0.0226,0.0194,0.0147,0.0085,0.0027,-0.0003,-0.0035,-0.0075,-0.0149,-0.0186,-0.0172,-0.0127,-0.012
2025-09-18,-0.214,-90.7684,N,,0.1145,0.0937,0.0678,0.0427,0.0199,0.005,-0.0093,-0.0208,-0.0273,-0.0306,-0.0286,-0.0226,-0.0004,-0.0,0.0116,0.0132,0.0092,0.0136,0.0185,0.018,0.0182,0.016,0.0114,0.0059,0.0007,-0.0003,0.0008,-0.0051,-0.0066
2025-09-18,-0.214,-90.7684,NE,-0.024,,-0.0175,-0.0253,-0.0234,-0.0331,-0.041,-0.036,-0.0279,-0.0165,0.0023,-0.0011,0.0131,0.0062,0.0111,0.0102,0.013,0.013,0.007,0.0087,0.0069,0.0066,0.0024,-0.0014,-0.0053,-0.0051,-0.0063,-0.0091,-0.0064,-0.0006
2025-09-18,-0.214,-90.7684,NO,0.05,0.0366,0.0322,0.0321,0.0307,0.0209,0.0132,0.0071,0.0012,0.0065,0.0101,0.016,0.0234,0.0215,0.0291,0.0154,0.009,0.007,-0.0028,-0.0132,-0.0146,0.0012,-0.0122,0.0038,0.0024,-0.001,-0.0033,-0.0048,-0.0087,-0.0065
2025-09-18,-0.214,-90.7684,O,,0.0939,0.0738,0.0548,0.0394,0.0272,0.0218,0.0178,0.0234,0.0302,0.0339,0.0309,0.0156,0.0065,0.008,0.0091,0.0132,0.0039,0.0045,0.0042,-0.003,-0.0058,-0.0064,-0.0088,-0.0114,-0.0132,-0.0145,-0.0177,-0.0169,-0.018
2025-09-18,-0.214,-90.7684,S,,0.0073,0.0075,0.0043,0.0032,0.0019,0.0022,0.0009,0.0011,0.0012,0.0017,0.0014,-0.0,-0.0026,-0.0042,-0.0034,-0.0087,-0.0128,-0.0034,-0.0047,-0.0024,0.0009,0.0021,1e-04,-0.0005,-0.0012,-0.0041,-0.0039,0.0002,0.0018
2025-09-18,-0.214,-90.7684,SE,-0.0139,-0.0088,-0.0101,-0.0131,-0.015,-0.0164,-0.0178,-0.0207,-0.0176,-0.0114,-0.0095,-0.0018,-0.0057,-0.0019,0.0013,0.0047,-0.0054,-0.0078,-0.0101,-0.0119,-0.0112,-0.0097,-0.0087,-0.005,-0.0012,0.0033,0.0023,-0.0019,0.0002,0.0124
2025-09-18,-0.214,-90.7684,SO,0.0404,0.0268,0.0162,0.0044,-0.0017,-0.0051,-0.0009,0.0008,0.0031,0.0044,0.0091,0.0113,0.0103,0.0087,0.0081,0.0077,0.0042,0.0008,0.001,-0.0062,-0.01,-0.014,-0.0166,-0.0144,-0.0123,-0.009,-0.0048,-0.001,0.001,0.001
2025-10-04,-0.214,-90.7717,E,,-0.0293,-0.0197,-0.0159,-0.01,-0.009,-0.0129,-0.0116,-0.0257,-0.0286,-0.0297,-0.0305,-0.0236,-0.015,-0.0076,-0.0024,0.0045,0.0102,0.0133,0.0346,0.0259,0.0158,0.0075,0.0041,-0.0045,-0.0116,-0.0131,-0.0137,-0.0175,-0.0109
2025-10-04,-0.214,-90.7717,N,,,,,,,,,,,,,0.0286,0.0052,0.0038,0.0049,0.0008,0.0132,0.009,-0.0047,-0.0114,-0.0173,-0.0151,-0.0134,-0.0118,0.0061,0.0197,0.0123,0.0422,-0.0044
2025-10-04,-0.214,-90.7717,NE,-0.0692,,,,,,,,,,-0.0776,-0.0665,-0.053,-0.0354,-0.0115,0.0044,0.0121,0.0144,0.016,0.0214,0.0221,0.0185,0.0181,0.0148,0.0121,0.0107,-0.0014,-0.0106,-0.0282,-0.0229
2025-10-04,-0.214,-90.7717,NO,0.0637,0.0545,0.0476,0.0466,0.0393,0.0322,0.0249,0.0181,0.0169,0.0073,-0.0003,-0.0031,-0.002,-0.0041,-0.0088,-0.0087,-0.0058,0.0003,-1e-04,-0.0021,0.0072,0.0106,-0.0019,0.0053,-0.001,-0.002,-0.0065,-0.007,-0.0079,-0.0062
2025-10-04,-0.214,-90.7717,O,,0.0907,0.0801,0.0719,0.0506,0.0318,0.0211,0.0129,0.0035,-1e-04,-0.0024,-0.007,-0.0124,,,,,,,,,,,,,,,,,
2025-10-04,-0.214,-90.7717,S,,-0.0023,-0.0026,-0.0085,-0.0045,-0.0085,-0.0066,-0.0042,-0.0025,0.001,0.0032,0.0016,0.002,0.0026,-0.0011,-0.0028,0.0014,-0.0007,-0.0036,-0.0041,-0.0058,-0.0014,0.001,0.0025,0.0024,0.0036,0.0045,-0.0013,0.0081,0.0038
2025-10-04,-0.214,-90.7717,SE,-0.032,-0.0246,-0.0162,-0.007,0.0002,0.0003,-0.0029,-0.007,-0.01,-0.0103,-0.0118,-0.0089,-0.0027,-1e-04,0.0008,-0.0055,-0.0051,-1e-04,0.0049,0.0118,0.0161,0.0121,0.0204,0.0213,0.0162,0.0033,-0.0073,-0.0097,-0.0115,-0.0075
2025-10-04,-0.214,-90.7717,SO,0.029,0.0216,0.0206,0.0172,0.015,0.0121,0.0091,0.0095,0.0061,0.0055,0.009,0.0081,0.0118,0.0118,0.0116,0.0039,0.0035,0.003,0.0026,0.0053,0.0077,0.0054,-0.0055,-0.0137,-0.0147,-0.0205,-0.0223,-0.0229,-0.023,-0.0239
2025-11-21,-0.214,-90.7687,E,,0.0005,0.0081,0.0094,0.0146,0.0326,0.0366,0.024,0.0434,0.0487,0.0333,0.0398,0.0188,0.0196,0.0296,0.0341,0.0224,-0.0124,-0.0412,-0.0508,-0.0378,-0.035,-0.0247,-0.0481,-0.0544,-0.047,-0.0368,-0.0209,-0.0436,-0.0877
2025-11-21,-0.214,-90.7687,N,,0.1045,0.0855,0.0633,0.0388,0.0187,0.0048,-0.0078,-0.0206,-0.0276,-0.0293,-0.0306,-0.026,-0.0194,-0.0164,0.0156,0.0127,0.0208,0.0152,0.0188,0.0223,0.016,0.0171,0.0131,0.0047,-0.0032,-0.0114,-0.0136,-0.017,-0.0217
2025-11-21,-0.214,-90.7687,NE,-0.0565,,-0.0419,-0.0366,-0.03,-0.0281,-0.024,-0.0206,-0.0155,-0.0065,0.0081,0.017,0.024,0.0238,0.0268,0.0256,0.0218,0.0198,0.012,0.0085,-0.009,-0.0091,-0.0393,-0.0638,-0.0102,-0.0446,-0.0893,,,
2025-11-21,-0.214,-90.7687,NO,0.041,0.0299,0.0262,0.0288,0.0221,0.0097,0.0101,0.0069,0.0056,0.0123,0.0148,0.018,0.0215,0.0207,0.0244,0.0193,0.0115,0.0019,-0.0095,-0.0173,-0.0176,-0.0161,-0.0188,-0.0224,-0.0057,0.0189,0.0088,0.0102,0.0072,0.0094
2025-11-21,-0.214,-90.7687,O,,0.0521,0.041,0.0338,0.0242,0.0184,0.0182,0.0198,0.0189,0.017,0.0227,0.029,0.0256,0.0146,0.0105,0.0089,0.0047,0.0023,-0.0055,-0.0088,-0.0105,-0.0164,-0.0204,-0.0204,-0.0156,-0.0143,-0.0157,-0.0167,-0.0202,-0.0232
2025-11-21,-0.214,-90.7687,S,,0.0028,0.0008,-0.008,-0.0012,-0.0026,-0.0044,-0.0041,-0.0033,-0.0012,0.0007,-0.0014,-0.0024,0.0011,0.005,0.0047,0.0032,0.0041,0.0074,0.0055,0.0061,0.0027,-0.0021,-0.001,0.0022,-0.0004,-0.0022,0.0003,0.0009,-0.0007
2025-11-21,-0.214,-90.7687,SE,-0.0021,0.0054,0.0038,0.0032,0.0015,0.0014,-0.0003,-0.0033,-0.0036,0.0019,0.002,0.0085,0.008,0.0143,0.0136,0.0076,0.0018,-0.0046,-0.0096,-0.012,-0.0129,-0.0089,-0.0057,-0.0023,0.0034,0.0055,0.0032,-0.0027,-0.0081,-0.0062
2025-11-21,-0.214,-90.7687,SO,0.0406,0.0271,0.0186,0.0101,0.0043,-1e-04,-0.0034,-0.0009,0.0041,0.0058,0.0082,0.0098,0.0077,0.0088,0.0064,0.0071,0.001,-0.0037,-0.0043,-0.0091,-0.0118,-0.0144,-0.0122,-0.0083,-0.0049,-0.0039,-0.0021,-1e-04,0.0011,0.0007
2025-12-15,-0.217,-90.7665,E,,-0.052,-0.0267,-0.0301,-0.0227,-0.0256,-0.0393,-0.0424,-0.0442,-0.0495,-0.0423,-0.0393,-0.0396,-0.03,-0.0223,-0.0182,-0.0125,-0.0076,-0.0019,0.0201,0.0214,0.0211,0.0179,0.0172,0.0117,0.0067,0.0121,0.0142,0.0135,0.0078
2025-12-15,-0.217,-90.7665,N,,0.0471,0.0387,0.0369,0.0345,0.0305,0.0006,-0.0014,-0.0021,-0.0031,0.0219,0.0173,0.0137,0.0152,0.0035,0.0044,0.0025,0.002,0.0027,0.0034,0.0028,-0.0054,-0.0052,-0.0067,-0.0089,-0.0106,-0.0104,-0.0066,-0.0154,-0.0176
2025-12-15,-0.217,-90.7665,NE,0.0013,-0.0003,0.0111,0.0202,0.0051,0.0004,-0.022,-0.0332,-0.0325,-0.0263,-0.032,-0.0317,-0.0139,-0.002,0.0015,0.008,0.0113,0.0113,0.0138,0.0199,0.0238,0.0235,0.0221,0.0177,0.0101,0.0022,0.0041,-0.0101,-0.0098,-0.0049
2025-12-15,-0.217,-90.7665,NO,0.0676,0.0262,0.029,0.0296,0.0267,0.0178,0.0072,-0.0144,-0.0075,-0.0049,-0.0005,0.0056,0.0064,-0.0022,0.0202,0.0196,0.0221,0.0024,0.0058,-0.0013,-0.003,-0.0028,-0.0048,-0.0003,-0.0007,-0.0079,-0.0053,-0.0085,-0.0121,-0.0142
2025-12-15,-0.217,-90.7665,O,,0.0374,0.0404,0.0456,0.053,0.06,0.0572,0.0455,0.0309,0.0118,0.0038,0.0062,0.0085,0.0011,-0.0007,-0.0011,-0.0023,-0.0053,-0.0089,-0.0106,-0.0104,-0.0069,-0.0048,-0.0029,-0.0036,-0.0033,-0.0026,-0.0012,0.0019,-0.0002
2025-12-15,-0.217,-90.7665,S,,0.0421,0.0406,0.0387,0.0382,0.0026,0.0023,-0.0008,0.0016,0.0074,0.0092,0.008,0.0057,0.0044,0.0005,0.0009,-0.003,-0.0018,-0.0015,-0.0017,-0.0025,-0.001,-1e-04,0.0024,1e-04,-0.0004,-0.0016,1e-04,0.0007,0.0019
2025-12-15,-0.217,-90.7665,SE,-0.0146,-0.006,-0.0064,-0.0065,-0.0032,0.0035,0.008,0.0099,0.005,0.0003,-0.0152,-0.023,-0.0211,-0.0118,-0.0098,-0.0101,0.0007,0.0012,0.0019,0.0,-0.0061,-0.0065,-0.0065,-0.0054,-0.0037,0.0026,0.0105,0.0114,0.0114,0.0094
2025-12-15,-0.217,-90.7665,SO,0.0723,0.0355,0.035,0.0327,0.0332,0.0298,0.0327,0.0203,0.0165,0.0105,0.0086,0.0039,-0.0027,-0.0046,-0.0069,-0.0067,-0.0086,-0.006,-0.0049,-0.0022,-0.001,0.0002,-1e-04,-0.001,-0.0002,-0.0015,-0.0009,-0.0029,-0.0015,-0.001
