date,center_lat,center_long,direction,15m,45m,75m,105m,135m,165m,195m,225m,255m,285m,315m,345m,375m,405m,435m,465m,495m,525m,555m,585m,615m,645m,675m,705m,735m,765m,795m,825m,855m,885m
2000-06-08,19.9089,110.2334,E,0.1045,0.0924,0.0784,0.0663,0.0734,0.0608,0.0339,0.0042,-0.0101,-0.01,-0.0108,-0.0023,0.0039,0.0192,0.0183,0.0251,0.0197,0.0169,0.0136,0.0123,0.0007,-0.0053,-0.0046,-0.0044,-0.0095,0.0,-0.0019,-0.0131,-0.0198,-0.0195
2000-06-08,19.9089,110.2334,N,,0.0442,0.0377,0.0073,-0.0124,-0.0134,-0.0247,-0.0239,-0.0227,-0.0126,0.0029,0.0048,0.0148,0.0194,0.0064,0.0022,0.0029,0.0049,0.0099,-0.0035,-0.0028,-0.0032,-0.0108,-0.0021,0.0059,0.006,0.019,0.0315,0.0262,0.0179
2000-06-08,19.9089,110.2334,NE,,0.0926,0.0903,0.078,0.0588,0.0392,0.0149,0.0003,0.0017,0.0017,0.002,0.0004,0.0118,0.0135,0.013,0.0112,1e-04,0.0007,-0.0115,-0.0154,-0.028,-0.03,-0.0296,-0.0263,-0.0045,-0.0033,0.009,0.0157,0.0222,0.0102
2000-06-08,19.9089,110.2334,NO,,0.0904,0.0659,0.0568,0.0375,0.0209,0.0161,-0.003,-0.0093,-0.0096,-0.0103,-0.0157,-0.0143,-0.0081,0.0021,0.0099,0.0101,0.0087,-0.0042,-0.0037,-0.0044,0.007,0.0099,0.0099,0.0209,0.0187,0.0066,-0.0037,-0.0075,-0.017
2000-06-08,19.9089,110.2334,O,,0.1097,0.0837,0.0688,0.0689,0.0552,0.0393,0.0117,0.0014,-0.009,-0.0101,-0.0182,-0.0065,-0.0045,-0.0011,-0.0035,-0.0029,-0.0033,-0.0079,-0.0035,0.0028,0.002,-0.0018,-0.0025,-0.0002,0.008,0.0083,0.0083,0.0069,0.0114
2000-06-08,19.9089,110.2334,S,0.1126,0.0686,0.0543,0.0454,0.034,0.0212,0.008,0.0076,0.0068,0.0078,-0.0055,-0.0052,0.0074,0.0082,-0.0034,-0.0034,-0.0042,-0.0043,-0.0041,-0.0037,-0.0031,-0.0017,-0.0026,-0.0029,-0.0025,-0.0028,-0.0029,-0.0019,-0.001,-0.001
2000-06-08,19.9089,110.2334,SE,,0.0841,0.0535,0.0404,0.0235,0.0105,0.0241,0.0203,-0.0005,0.0037,0.0021,-0.0008,0.0027,-0.0054,-0.0124,-0.0117,-0.0026,0.0036,0.0034,0.0039,0.007,-0.0013,-0.005,-0.0056,-0.0009,-0.0091,0.0005,0.0075,-0.0017,-0.0109
2000-06-08,19.9089,110.2334,SO,,0.1072,0.0871,0.079,0.0779,0.0496,0.0371,0.0286,0.0166,0.011,0.0013,-0.0006,-0.0062,-0.0078,-0.0113,-0.0068,-0.0083,-0.0022,-0.0067,0.0018,-0.0087,0.0003,0.0003,0.0028,0.0037,0.0138,0.0036,0.0011,-0.0094,-0.0105
2000-07-26,19.9102,110.2334,E,0.0959,0.0729,0.0272,-0.0082,-0.0196,-0.0181,-0.0149,-0.013,-0.0122,-0.0006,-0.0027,-0.005,-0.003,0.0059,-0.0011,-0.0082,-0.0043,-0.0002,0.0014,0.0062,0.0103,0.011,0.0085,0.0038,0.0011,-0.0021,-0.0041,-0.0083,-0.0096,-0.0228
2000-07-26,19.9102,110.2334,N,,0.0956,0.0527,0.0198,0.0204,-0.0113,-0.0048,0.0032,0.0123,0.0123,-0.003,0.0057,-0.0081,-0.0099,-0.01,-0.0218,-0.0186,-0.0109,-0.0092,-0.0085,0.0002,0.002,-0.0009,0.0011,0.023,0.0118,0.0095,0.0016,-0.0017,-0.0013
2000-07-26,19.9102,110.2334,NE,,0.1059,0.0612,0.006,-0.0019,0.0058,-0.0026,0.0017,0.006,0.0003,0.0018,0.0055,-0.001,-0.0,-0.0029,-0.002,0.001,-0.0013,-0.0013,0.0018,-0.0048,-0.0039,-0.0041,-0.0067,-0.0041,-0.0107,-0.0052,-0.0021,-0.0031,-0.0057
2000-07-26,19.9102,110.2334,NO,,0.089,0.083,0.0742,0.0746,0.0379,0.0176,0.0112,0.0049,-0.0012,-0.0014,-0.0021,-0.002,-0.0015,-0.0011,-0.0017,-0.0019,-0.0025,-0.0022,-0.0026,-0.0024,-0.0025,-0.0015,-0.0021,-0.0027,-0.0031,-0.0032,-0.0029,-0.0024,0.0086
2000-07-26,19.9102,110.2334,O,,0.0502,0.0448,0.0513,0.0647,0.039,0.024,-0.0082,-0.0191,-0.0066,0.0015,-0.0019,0.0052,-0.0036,-0.0088,-0.017,-0.0067,-0.0013,0.0017,0.0014,0.0053,0.0036,0.0095,0.0056,0.007,0.0033,-0.003,-0.0078,-0.0111,-0.0129
2000-07-26,19.9102,110.2334,S,,0.1047,0.0638,0.0324,-0.0015,-0.0055,-0.0094,-0.009,-0.0101,-0.0088,-0.0014,-0.002,-0.0005,-0.0089,-0.0055,-0.0007,-0.0024,-0.0011,0.0021,0.0003,0.0011,0.0045,0.0046,0.003,0.0029,0.0064,-0.0012,0.0004,-0.0047,-0.0046
2000-07-26,19.9102,110.2334,SE,,0.0974,0.0742,0.0145,-0.0039,-0.0214,-0.0208,-0.0199,-0.0123,-0.0199,-0.0201,-0.0106,-0.0105,-0.0094,-0.0099,-0.0091,-0.0121,-0.0033,-0.013,-0.006,-0.0046,-0.0029,-0.0026,0.0075,0.0145,0.0052,-0.0052,-0.0071,-0.0065,-0.0071
2000-07-26,19.9102,110.2334,SO,0.1041,0.0774,0.0434,0.0192,-0.0034,-0.013,0.0039,0.0094,0.0105,0.0086,-0.0022,-0.0023,-0.0088,0.0006,0.002,0.0003,0.0076,0.0072,-0.002,-0.0011,0.0008,0.0056,-0.0014,0.0057,-1e-04,-0.0026,-0.0072,-0.0085,-0.0062,0.0026
2000-12-17,19.9118,110.2248,E,0.0439,0.0351,0.0343,0.0327,0.0019,-0.0046,-0.0064,-0.0092,-0.007,0.0055,-0.0025,-0.0029,-0.0031,-0.0015,-0.0039,-0.0052,-0.0049,-0.0056,0.0024,-0.0007,-0.0023,-0.003,-0.0028,-0.0029,-0.0041,-0.0046,-0.0056,0.0017,0.0036,0.005
2000-12-17,19.9118,110.2248,N,0.0063,0.0003,-0.0033,-0.0064,-0.0061,-0.002,0.0023,0.0047,0.0054,0.0,-0.0009,0.0055,-0.0034,0.002,-0.0028,-0.0069,-0.0064,-0.0081,0.0008,-0.0031,-0.0009,-0.0016,-0.0033,-0.0043,-0.0041,-0.003,-0.0022,-0.002,-1e-04,-0.0033
2000-12-17,19.9118,110.2248,NE,,-0.0103,-0.0129,-0.0301,-0.0259,-0.019,-0.0176,-0.0224,-0.0212,-0.0208,0.0762,0.0258,-0.0149,-0.0077,-0.0024,0.002,0.0043,0.0016,0.0074,0.0039,0.0042,0.005,-0.0002,0.0006,-0.0032,-0.0046,-0.0063,-0.0116,-0.0112,-0.0158
2000-12-17,19.9118,110.2248,NO,,0.0175,0.0154,0.0082,-0.0035,-1e-04,-0.0017,-0.0017,0.0006,0.0055,-0.0009,-0.0084,-0.0062,-0.0076,-0.0058,-0.0003,-0.0013,-0.0003,-0.0002,0.0004,0.007,0.0067,-0.001,0.0013,0.0042,0.0028,-0.0006,-0.0006,0.0006,1e-04
2000-12-17,19.9118,110.2248,O,,0.048,0.025,0.0329,-0.002,-0.0102,-0.011,-0.0017,0.0103,0.0046,-0.0027,-0.0017,-0.0031,-0.0034,-0.0041,-0.0031,0.0008,0.0002,-0.0,0.0004,0.0005,-0.0012,-0.0008,0.0013,0.0018,0.0012,0.0004,0.0008,0.0008,0.0012
2000-12-17,19.9118,110.2248,S,0.0397,0.0394,0.0405,0.0419,0.0482,0.0413,0.04,0.0322,0.0233,0.0287,0.0101,0.007,0.0,-0.0024,0.0006,-0.0025,0.0008,-0.0066,-0.0003,-0.0016,-0.0011,-0.0003,-0.0066,-0.007,-0.008,-0.005,-0.0023,-0.003,-0.0008,-0.007
2000-12-17,19.9118,110.2248,SE,,0.0215,0.0251,0.0343,0.036,0.0232,0.0067,0.0101,0.0176,0.0131,0.0134,-0.0139,-0.0178,-0.0132,-0.0087,-0.0045,-0.0018,0.0015,0.0018,-0.0014,-0.0038,-0.0037,0.0013,0.0034,-0.0024,-0.006,-0.0043,-0.004,-0.0032,-0.0036
2000-12-17,19.9118,110.2248,SO,,0.0429,0.0428,0.0462,0.0158,-0.0082,-0.0083,-0.0055,-0.0002,-0.0032,-0.0021,-0.0024,0.001,-0.0027,0.007,-0.0033,0.0016,-0.0025,-0.0028,0.0013,-0.0031,-0.0034,-0.0029,-0.0007,-0.0032,-0.0025,-0.0026,0.0012,-0.0009,0.0042
2001-03-23,19.9102,110.2331,E,0.081,0.056,0.0007,-0.0278,-0.0275,-0.0022,-1e-04,-0.0075,0.0038,0.0124,0.0137,0.0076,0.0044,0.0178,0.0063,-0.0047,-0.0035,-0.0199,-0.0203,-0.0203,-0.0034,0.0071,0.0036,-0.0057,-0.0022,0.0036,0.0017,0.0104,0.0052,-0.0131
2001-03-23,19.9102,110.2331,N,,0.0662,0.0238,-0.0177,-0.0161,-0.0213,-0.0196,-0.0194,-0.0174,-0.0051,-0.0056,-0.0045,-0.0019,-0.0156,-0.0034,-0.0047,-0.0045,-0.0022,0.0015,-0.0044,-0.0006,0.0096,0.0186,0.0132,0.0134,0.0104,-0.0023,-0.0021,-0.0076,-0.0166
2001-03-23,19.9102,110.2331,NE,,0.078,0.0539,0.0131,0.0064,-0.0082,-0.0075,-0.0047,0.0025,0.0161,0.0221,0.0108,0.0086,0.0097,0.0121,-0.0068,-0.0165,-0.0159,-0.0174,-0.0163,-0.0035,-0.0131,-0.0046,-0.0086,0.0081,0.0023,0.0018,-0.0146,-0.0083,-0.009
2001-03-23,19.9102,110.2331,NO,,0.0723,0.0679,0.0541,0.0585,0.0271,0.0142,0.0108,0.012,0.0111,0.0107,0.0101,-0.0036,-0.0108,-0.0184,-0.0189,-0.0184,-0.0117,-0.0174,-0.0035,-0.0026,-0.0053,-0.0029,0.0106,-0.001,0.0111,0.006,-1e-04,-0.0021,0.0022
2001-03-23,19.9102,110.2331,O,,0.0446,0.0256,0.0316,0.0318,0.0419,0.0448,0.0167,-0.0099,-0.0072,-0.0077,-0.0053,0.0021,-0.0115,-0.0221,-0.0206,-0.0198,-0.0081,-0.0059,0.0032,0.0125,0.0313,0.0313,0.0291,0.0184,0.0131,-0.0065,-0.0166,-0.0194,-0.017
2001-03-23,19.9102,110.2331,S,,0.0449,0.0317,0.0114,0.0174,0.0119,0.0125,0.0155,0.0127,0.0128,-0.0023,-0.0264,-0.0293,-0.0279,-0.0255,-0.022,-0.0119,-0.0016,-0.0102,0.0037,0.007,0.0065,0.005,-0.0018,-0.0066,0.0024,0.0084,0.0111,0.0092,0.0014
2001-03-23,19.9102,110.2331,SE,,0.0343,0.0052,-0.0086,-0.0106,0.007,0.0071,0.0084,-0.0056,-0.0083,-0.0227,-0.0212,-0.0326,-0.0328,-0.0396,-0.0293,-0.0135,-0.0136,0.0198,0.027,0.0239,0.0151,0.0329,0.0511,0.0245,-0.0079,-0.0074,-0.0144,-0.021,-0.0312
2001-03-23,19.9102,110.2331,SO,0.0664,0.0369,0.0175,0.0185,0.0125,0.0144,0.0086,0.0317,0.0198,0.0333,0.0057,-0.0098,-0.0121,-0.0114,-0.0203,-0.0049,-0.0038,0.0029,-0.0035,-0.0065,0.0034,-0.0033,-0.001,0.0054,0.0051,-0.0004,-0.0087,-0.0027,-0.0087,-0.0103
2001-04-08,19.8996,110.232,E,0.0432,-0.0003,-0.0052,-0.0206,-0.0311,-0.0246,-0.0164,-0.0089,-0.0082,-0.0056,-0.008,-0.0115,0.0006,0.0075,0.0066,0.0093,0.0203,0.0263,0.0229,0.0146,0.0018,-0.0041,-0.0124,-0.0185,-0.0172,-0.0044,-0.0045,0.0045,0.0025,0.0052
2001-04-08,19.8996,110.232,N,,0.1086,0.0516,0.0267,-0.007,-0.0105,-0.0088,-0.0084,-0.0136,-0.0143,-0.0139,-0.0148,-0.0111,-0.0132,-0.013,-0.0153,-0.0188,-0.0175,-0.018,-0.0067,0.0143,0.0036,0.0084,0.004,0.0134,0.0041,0.0002,0.0011,-0.0103,-0.0139
2001-04-08,19.8996,110.232,NE,,0.0512,0.03,0.0168,0.0051,0.0033,0.0032,0.0003,-0.0059,-0.0059,-0.0012,-0.0062,1e-04,-0.0022,0.0023,-0.0035,-0.0028,0.0033,0.0109,0.0096,0.0095,0.0017,-0.0032,-0.006,-0.006,-0.005,-0.0061,-0.007,-0.0077,-0.0068
2001-04-08,19.8996,110.232,NO,,0.0659,0.0193,-0.0034,-0.0059,-0.0076,-0.0046,0.0004,-0.0084,-0.0061,-0.0097,-0.0175,-0.0148,-0.0164,-0.0176,-0.0093,-0.0087,-0.0125,-0.0148,-0.0128,-0.0109,-0.0072,-0.0002,0.0071,0.0183,0.0157,0.0015,0.0037,0.0002,0.0141
2001-04-08,19.8996,110.232,O,,0.0664,0.0265,0.014,0.0051,-0.0017,-0.0121,-0.013,-0.0073,-0.0033,-0.0006,-0.0009,0.0011,0.0049,0.0048,0.0072,0.0041,0.0094,0.0258,0.0194,0.0121,-0.0065,-0.0051,-0.015,-0.016,-0.0103,-0.0095,-0.0115,-0.013,-0.001
2001-04-08,19.8996,110.232,S,0.073,0.0501,0.0287,0.0162,0.0087,0.0083,-0.0047,-0.0121,-0.0066,-0.0045,-0.0002,0.0035,0.0018,0.0074,-0.0041,0.0014,-0.0081,-0.006,-0.0115,-0.0162,-0.0203,-0.0157,-0.0228,-0.0125,-0.004,0.0063,0.0048,0.0119,0.0265,0.023
2001-04-08,19.8996,110.232,SE,,0.0459,0.0135,0.0169,0.0186,0.0076,-0.0078,-0.0211,-0.0155,-0.0123,-0.0107,-0.0112,0.0007,-0.0088,-0.0162,-0.0088,-0.0068,-0.003,-0.0081,-0.0143,-0.0064,-0.0023,-0.0012,-0.0024,-0.0033,0.0032,0.0112,0.0125,0.0149,0.0119
2001-04-08,19.8996,110.232,SO,,0.0599,0.0454,0.017,0.0196,0.0038,-0.0089,-0.0043,-0.0102,-0.0085,-0.0108,-0.007,-0.0061,-0.0016,0.0035,-0.008,-0.0009,-0.0018,-0.0019,0.0013,0.0065,0.0223,0.0127,0.0051,0.0006,0.0028,-0.0007,0.0005,-0.0105,-0.0131
2001-06-11,19.9113,110.2239,E,0.0674,0.0654,0.0605,0.0573,0.0557,0.0573,0.0227,0.0133,0.0062,0.0036,-0.0049,-0.007,-0.0104,-0.014,-0.0125,-0.0186,-0.022,-0.0105,-0.0034,-0.003,-0.0087,-0.0138,-0.008,-0.011,-0.0078,0.0038,0.0065,0.0124,0.0197,0.0287
2001-06-11,19.9113,110.2239,N,,0.0164,0.0148,0.0014,-0.0106,-0.01,-0.0131,-0.012,-0.0064,-0.0037,0.009,0.0045,0.0049,0.0039,0.0041,0.0056,0.0093,0.0012,-0.0005,-0.0009,0.0017,1e-04,0.0015,0.0036,0.0031,-0.0,-0.0017,-0.0058,-0.0062,-0.009
2001-06-11,19.9113,110.2239,NE,,0.0361,0.0301,0.0236,0.0232,-0.0019,-0.0175,-0.0286,-0.0157,-0.015,-0.0081,-0.0008,-0.0024,-0.0131,-0.0047,-0.0075,-0.0054,-0.0049,-0.0134,-0.0091,-0.0112,-0.0037,-0.0032,-0.0015,-0.0016,0.0025,0.0059,0.0062,0.0044,0.0083
2001-06-11,19.9113,110.2239,NO,,0.0358,0.022,0.0072,0.0125,0.0127,0.0103,0.001,0.0021,0.001,0.0126,0.0129,0.0093,-0.0042,0.0028,0.0044,0.0031,0.0069,0.0049,0.0033,0.0031,-0.0029,-0.0003,-0.0004,0.0009,-0.0037,-0.0054,-0.0059,-0.0123,-0.0032
2001-06-11,19.9113,110.2239,O,,0.0329,0.0196,0.0102,0.0014,0.0159,0.0088,0.0222,0.0239,0.0173,0.0216,0.0166,0.019,0.0195,0.0226,0.0212,0.0147,0.0013,-0.0018,-0.0091,-0.0014,-0.0065,-0.0119,-0.0106,-0.0155,-0.0149,-0.0109,-0.0125,-0.0056,0.0022
2001-06-11,19.9113,110.2239,S,0.1293,0.1285,0.1239,0.1107,0.1129,0.1035,0.0932,0.0598,0.0509,0.0494,0.0364,0.0217,0.0146,0.006,-0.0005,-0.0075,-0.0106,-0.0121,-0.0151,-0.0151,-0.0135,-0.0119,-0.0102,-0.0019,-0.0008,-0.0019,-0.0032,-0.0028,-0.0076,-0.0045
2001-06-11,19.9113,110.2239,SE,,0.0864,0.0884,0.0836,0.0876,0.0691,0.0662,0.069,0.0406,0.0117,0.0054,-0.0014,-0.0218,0.0017,-0.0122,0.0016,0.0007,-0.004,-0.0053,0.0104,0.0022,0.0002,-0.0149,-0.0016,0.0023,-0.0052,-0.005,0.0037,0.0147,0.019
2001-06-11,19.9113,110.2239,SO,,0.03,0.0342,0.0235,0.0149,0.0255,0.0176,0.0252,0.0277,0.026,0.0269,0.0142,0.0195,0.0059,0.0024,0.0026,0.0133,-0.0003,0.0094,0.0003,0.0003,-0.0018,-0.0117,-0.0116,-0.0135,-0.0126,-0.0178,-0.0112,-0.0083,0.0
2001-07-29,19.9102,110.2334,E,0.0795,0.0467,0.0023,0.003,-0.0127,-0.0127,-0.0111,-0.0111,-0.0081,-0.0021,0.0112,0.0051,0.0032,0.009,0.0229,0.0209,0.0058,0.0038,-0.0023,-0.001,0.0072,0.0153,0.0013,-0.0098,-0.0194,-0.0153,-0.0121,-0.0063,-0.0071,-0.0126
2001-07-29,19.9102,110.2334,N,,0.0716,0.0227,-0.0063,0.01,-0.0291,-0.0147,-0.015,0.0039,0.0021,-0.0055,0.0088,0.0051,0.0055,0.004,0.0026,0.003,-0.0108,-0.0006,0.0034,0.0021,-0.0017,-0.0061,-0.0076,0.0074,0.0014,0.0075,-0.0054,-0.0039,-0.0014
2001-07-29,19.9102,110.2334,NE,,0.0704,0.0649,0.0128,0.0023,0.0,-0.0002,0.0064,0.0111,0.0082,0.0089,0.0007,-0.0036,0.0067,-0.0075,-0.0072,-0.0069,-0.0095,-0.0066,0.0071,0.01,0.008,-0.0079,-0.0114,-0.0073,0.0024,-0.0005,-0.0076,-0.0072,-0.0084
2001-07-29,19.9102,110.2334,NO,,0.0546,0.0554,0.0417,0.036,0.0167,0.0152,0.014,-0.0016,1e-04,0.0005,0.0006,-0.0004,-0.0009,-0.0151,0.0006,-0.0073,0.0008,0.0033,0.002,0.0022,0.0018,0.0015,0.0013,0.0018,0.0019,0.002,0.0021,0.0016,0.0019
2001-07-29,19.9102,110.2334,O,,0.0347,0.0196,0.0337,0.0551,0.0177,0.0019,-0.0014,-0.0148,-0.0131,-0.0128,0.0052,0.0065,-0.0083,-0.0069,-0.0074,0.009,-0.003,-0.0007,-0.0035,-0.0014,0.0119,0.0059,0.0101,0.0085,0.0029,-0.0021,-0.003,-0.0037,-0.003
2001-07-29,19.9102,110.2334,S,,0.0721,0.0562,0.0303,0.002,0.0031,0.0042,0.005,0.0053,0.0051,0.0051,-0.0012,0.0019,-0.0053,-0.0078,-0.0138,-0.0132,-0.0143,0.0002,0.0005,0.0013,0.0007,-0.0002,0.0007,0.0043,1e-04,-0.0005,-0.0002,0.0009,0.0131
2001-07-29,19.9102,110.2334,SE,,0.0543,0.0474,0.0017,-0.0064,-0.0156,-0.0139,-0.0136,-0.0143,-0.013,-0.0147,-0.0137,-0.0139,-0.006,-0.0149,-0.0131,-0.0115,-0.0087,-0.0068,-0.0027,0.0142,0.011,0.0021,-0.0036,0.0159,-0.0154,-0.0077,-0.0055,-0.005,-0.0143
2001-07-29,19.9102,110.2334,SO,0.0868,0.0513,0.0493,0.0217,0.0106,-0.0122,-0.0097,0.0059,0.0172,0.0135,0.0028,-0.0067,-0.0008,0.008,0.0082,-0.0062,-0.0069,-0.0059,-0.0055,-0.0051,-0.0032,-0.0034,-0.006,-0.0014,0.0116,0.0019,-0.0013,-0.0034,-0.0036,-0.0038
2001-09-15,19.9102,110.2334,E,0.095,0.0828,0.0337,0.008,-0.0101,-0.0144,-0.013,-0.0024,0.0053,0.0036,0.0027,0.0012,0.0078,0.0078,0.0104,0.0051,-0.0013,-0.0077,-0.0026,-0.0019,-0.0024,0.0044,0.0037,0.0035,-0.0077,-0.0057,-0.0077,-0.009,-0.0117,-0.0158
2001-09-15,19.9102,110.2334,N,,0.0743,0.0183,-0.0014,0.0115,-0.0077,-0.0075,0.0054,0.0187,0.0194,0.0102,0.0126,-0.0044,-0.0076,-0.0075,-0.0081,-0.0088,-0.0095,-0.0083,-0.0058,0.0049,0.0057,0.0062,0.005,0.0055,0.0038,0.0042,-0.0063,0.0044,0.0047
2001-09-15,19.9102,110.2334,NE,,0.0704,0.0456,-0.003,-0.007,-0.0058,0.0045,0.0036,0.0068,0.001,0.0015,0.0012,-0.0026,0.003,0.0061,-0.0004,-0.0003,-0.0036,-0.0023,-0.0056,-0.0049,-0.0047,-0.0044,-0.0061,-0.0029,-0.0042,-0.0038,-0.0021,-0.0021,0.0029
2001-09-15,19.9102,110.2334,NO,,0.0857,0.0795,0.0651,0.046,0.0226,0.0126,-0.0048,0.0069,0.0058,0.006,-0.0048,-0.0075,-0.0068,-0.0064,-0.0057,-0.0003,0.0041,0.0045,0.0053,0.0053,0.0053,0.0041,-0.0063,0.0037,-0.0067,0.0038,0.0039,0.0038,0.0033
2001-09-15,19.9102,110.2334,O,,0.0459,0.0407,0.034,0.0352,0.0211,0.0245,0.0094,0.0122,0.0038,0.0034,-0.0057,-0.0023,-0.0062,-0.0091,-0.0181,-0.016,-0.0057,0.002,0.003,0.0048,0.0054,0.0087,0.0208,0.015,1e-04,-0.0036,-0.0042,-0.0046,-0.0039
2001-09-15,19.9102,110.2334,S,,0.078,0.0408,0.0092,-0.0105,-0.0104,-0.0149,-0.0036,-0.0035,-0.0091,-0.0135,0.0035,-0.0029,-0.0002,-0.0022,-0.0021,0.0007,0.0006,0.0055,0.0091,0.0121,0.0113,0.0045,-0.0012,-0.0023,-0.0017,0.0036,-0.0029,-0.0118,-0.015
2001-09-15,19.9102,110.2334,SE,,0.0958,0.0613,0.0075,-0.0241,-0.0335,-0.0326,-0.0171,-0.0183,-0.0151,-0.0277,-0.0163,-0.0182,-0.0172,-0.011,-0.0052,-0.001,-0.0007,-0.01,0.0012,-0.0031,-0.0018,0.002,0.0188,0.027,0.005,-0.0059,-0.0029,-0.0127,-0.0168
2001-09-15,19.9102,110.2334,SO,0.1107,0.0919,0.0577,0.0204,0.0097,-0.0011,0.0099,-0.0004,0.0022,-0.0008,0.0005,0.0044,-0.0082,-0.0014,-0.0017,0.002,0.0019,0.0025,0.0033,0.0017,-0.0027,-0.0029,-0.0052,-0.0075,-0.0067,0.002,0.0027,0.0015,-0.0005,-0.0065
2001-11-02,19.9113,110.2239,E,0.0821,0.0751,0.08,0.0952,0.0845,0.0644,0.0204,0.0081,-0.0049,0.0164,-0.0014,-0.0015,-0.0015,-0.0028,-0.0055,-0.0129,-0.0168,-0.0109,-0.0104,-0.0136,-0.0157,-0.003,-0.001,-0.0028,-0.0075,-0.0088,-0.0086,-0.0175,-0.0182,-0.0165
2001-11-02,19.9113,110.2239,N,,0.0632,0.0397,0.0139,0.0143,0.004,0.0058,0.0012,0.003,0.0085,0.0027,-0.0044,0.0043,0.0007,-0.0039,-0.0004,-0.0011,-0.0029,-0.013,-0.0066,0.0015,0.0031,-0.0038,-0.0067,0.003,0.0033,0.0047,0.003,-0.0058,-0.0019
2001-11-02,19.9113,110.2239,NE,,0.0471,0.0327,0.0218,0.0075,-0.0121,-0.0338,-0.034,-0.0329,-0.0227,-0.0144,-0.027,-0.0258,-0.0245,-0.0186,-0.009,-0.0078,0.0093,0.0026,0.0114,0.0054,0.0057,-0.0044,0.0015,-0.0019,0.0041,-0.0027,-0.0213,-0.0249,-0.0269
2001-11-02,19.9113,110.2239,NO,,0.0554,0.0216,0.0084,0.0061,0.0099,1e-04,0.0024,0.0073,0.0038,0.0016,0.0023,0.0008,0.0098,0.009,0.0029,0.0065,0.0018,0.0024,0.0015,0.0072,0.0009,0.0044,0.0065,0.0071,0.0022,-0.0014,-0.0035,-0.0122,-0.0116
2001-11-02,19.9113,110.2239,O,,0.0691,0.0232,0.0089,-0.0167,-0.008,-0.0074,0.0149,0.018,0.0101,0.0089,0.0078,0.0106,0.0092,0.0159,0.0147,0.0119,0.0044,0.0027,-0.0142,-0.0198,-0.0196,-0.0117,-0.0146,-0.0131,-0.0072,-0.0044,-0.006,-0.0056,-0.0046
2001-11-02,19.9113,110.2239,S,0.1246,0.1131,0.1015,0.0818,0.034,0.027,0.0074,-0.0016,-0.0015,-0.0014,0.0016,0.0006,-1e-04,0.0007,-0.0023,-0.003,-0.0006,-0.0007,-0.0008,,-0.0003,1e-04,1e-04,,,,,,,
2001-11-02,19.9113,110.2239,SE,,0.0865,0.0961,0.0749,0.0651,0.0315,0.0205,0.0219,0.0329,-0.0054,-0.0158,-0.0174,-0.0146,-0.0088,-0.0078,0.01,0.0115,0.001,-0.0058,-0.0021,0.0033,0.005,0.0054,0.0015,0.0024,-0.0021,-0.0081,-0.013,0.0046,0.0048
2001-11-02,19.9113,110.2239,SO,,0.0529,0.0535,0.0199,-0.0055,-0.0135,-0.0057,-0.0087,0.0078,-0.0015,0.0099,0.0053,0.0148,-0.0044,-0.0045,-0.0039,-0.0041,-0.0035,-1e-04,-0.006,-0.0095,-0.0029,-0.0041,-0.0028,-0.0017,-0.0022,0.0,-0.0018,-0.0041,-0.0026
2002-05-13,19.9037,110.2306,E,,0.0852,0.0454,0.0118,-0.0022,-0.0159,-0.0105,-0.0171,-0.0234,-0.0143,-0.0062,0.011,0.0157,0.0144,0.0142,0.0087,0.0088,0.0155,0.0153,0.0177,0.0162,0.0086,-0.005,-0.0048,-0.0104,-0.0127,-0.013,-0.0073,-0.0186,-0.0086
2002-05-13,19.9037,110.2306,N,0.1092,0.1092,0.0897,0.0654,0.0588,0.0597,0.061,0.057,0.0456,0.018,0.0082,0.0276,0.023,0.0318,0.0224,0.019,0.0125,-0.0,-0.0009,-0.0164,-0.0237,-0.0256,-0.0198,-0.0184,-0.0081,-0.0143,-0.0063,-0.0082,-0.0121,-0.0191
2002-05-13,19.9037,110.2306,NE,0.1501,0.1501,0.1054,0.0852,0.0948,0.0781,0.0484,0.0416,0.03,0.0334,0.0222,0.0213,0.019,0.0171,0.0226,0.0232,0.0215,0.0195,0.0131,0.0093,-0.008,-0.0072,-0.0096,-0.0036,0.0021,-0.0069,-0.0168,-0.0311,-0.0346,-0.0327
2002-05-13,19.9037,110.2306,NO,,0.126,0.1054,0.0778,0.05,0.031,0.0284,0.0378,0.0313,0.0146,0.0252,0.0273,0.026,0.0174,0.0088,0.0081,-0.0021,0.0107,0.013,0.0146,0.0178,0.0176,0.0007,-0.0062,-0.0046,-0.0155,-0.0456,-0.042,-0.0436,-0.0428
2002-05-13,19.9037,110.2306,O,,0.0908,0.067,0.0244,-0.011,-0.025,-0.0347,-0.0466,-0.0501,-0.0165,0.0116,0.0094,0.0027,0.021,0.0401,0.0473,0.0443,0.0275,0.0107,-0.0004,-0.0074,-0.0202,-0.0097,-0.0189,-0.033,-0.0443,-0.0413,-0.0259,-0.0143,-0.0049
2002-05-13,19.9037,110.2306,S,,0.1588,0.1088,0.0962,0.0981,0.0905,0.0406,0.0108,-0.0028,0.0187,0.0128,0.0127,0.0254,0.0091,0.0232,0.026,0.0267,0.0144,0.0174,0.0169,0.0135,0.003,-0.0032,-0.0165,-0.0164,-0.0174,-0.0354,-0.0168,-0.0353,-0.0343
2002-05-13,19.9037,110.2306,SE,0.1915,0.1799,0.1268,0.0902,0.0543,0.0181,0.0215,0.029,0.0349,0.0519,0.0571,0.0549,0.0637,0.0706,0.0562,0.0377,0.0297,0.009,-0.0047,-0.0145,-0.0267,-0.0339,-0.0337,-0.0249,-0.022,-0.0252,-0.0249,-0.0268,-0.0312,-0.0219
2002-05-13,19.9037,110.2306,SO,,0.1051,0.0714,0.0337,0.0084,0.0165,0.0146,0.0126,-0.0015,-0.0104,-0.0218,-0.0212,-0.0232,-0.0161,-0.008,-0.0048,-0.0134,-0.0087,0.0089,-0.0005,0.0016,0.0097,0.0028,-0.0078,-0.0047,-0.004,-0.0046,0.0039,0.0035,0.0241
2002-06-14,19.8996,110.232,E,0.0381,-0.0015,-0.0032,-0.0034,0.0076,0.0025,-0.0019,-0.0055,-0.0031,0.0086,0.0087,-0.0015,0.009,0.0134,0.0247,0.0258,0.0248,0.0149,0.0114,0.0022,-0.0008,-0.0067,-0.0098,-0.0086,-0.009,-0.0069,-0.0044,-0.0027,-0.0024,0.0007
2002-06-14,19.8996,110.232,N,,0.0781,0.0478,0.0192,0.0085,0.0011,-0.011,-0.0236,-0.0186,-0.0144,-0.0066,-0.0055,-0.0031,-0.0081,-0.0083,-0.0091,-0.0057,-0.0049,-0.0097,-0.0101,0.001,0.0048,0.0196,0.0141,0.0129,0.0024,-0.003,-0.0053,-0.0037,-0.0141
2002-06-14,19.8996,110.232,NE,,0.0572,0.0214,0.0178,0.0179,0.0182,0.0111,0.0062,0.0056,0.0043,0.005,0.0114,0.0051,0.0044,0.0029,-0.0069,-0.0071,-0.0072,-0.0031,-0.0048,-0.0042,-0.0054,-0.0062,-0.0052,-0.0046,-0.0048,-0.0048,-0.0051,-0.0038,-0.0023
2002-06-14,19.8996,110.232,NO,,0.053,0.0264,0.0006,-0.0105,-0.0192,-0.0127,-0.0154,-0.0097,-0.0096,-0.0093,-0.0112,-0.0097,-0.0046,-0.004,-0.005,-0.0087,-0.0094,-0.0075,-0.0113,-0.0147,-0.0002,0.003,0.0133,0.012,0.0095,0.0044,0.0009,-0.0028,0.0078
2002-06-14,19.8996,110.232,O,,0.0597,0.0212,0.0031,-0.0051,-0.0145,-0.0115,-0.0113,-0.0083,-0.0008,0.0013,0.0032,0.0065,0.0067,0.0008,0.0006,0.0007,0.0095,0.0207,0.022,0.0086,0.0101,0.0008,-0.0083,-0.0132,-0.0121,-0.0103,-0.0123,-0.0087,0.0011
2002-06-14,19.8996,110.232,S,0.0429,0.0157,0.0039,-0.0065,0.0041,0.002,0.0053,-0.0016,-0.0055,-0.0048,0.0019,0.0035,0.0037,0.0009,0.0081,0.0108,0.0049,1e-04,-0.0031,-0.0099,-0.0123,-0.0129,-0.0116,-0.0115,-0.0011,0.0017,0.0059,0.0023,0.0056,-0.0021
2002-06-14,19.8996,110.232,SE,,0.0183,-0.0139,-0.0003,0.0034,0.0142,0.0099,-0.0011,1e-04,-0.0002,0.0004,-0.0017,-0.0008,1e-04,-0.0102,-0.0007,-0.0003,-0.009,0.0005,0.002,0.0021,0.0023,0.0006,-0.0006,-0.0031,0.002,0.0034,0.003,0.0006,-0.0068
2002-06-14,19.8996,110.232,SO,,0.0437,0.0169,0.0117,0.0058,0.003,0.0022,0.0075,0.003,0.0013,0.0038,0.0054,-0.0043,0.0025,0.0015,-0.0014,-0.0042,-1e-04,0.0,-0.0018,0.0079,0.0074,0.0119,0.0028,-0.0006,-0.0026,-0.0009,-0.0011,-0.0063,-0.0134
2002-10-20,19.9102,110.2334,E,0.102,0.1023,0.0264,-0.0119,-0.0214,0.0039,0.0055,0.0181,0.0099,0.0119,0.005,0.0033,0.004,0.0138,0.0143,0.0026,-0.0034,-0.005,-0.0068,-0.0057,0.0003,0.0043,0.0075,0.005,-0.0021,-0.0081,-0.0085,-0.0084,-0.0113,-0.0187
2002-10-20,19.9102,110.2334,N,,0.0816,0.04,0.0045,-0.0073,-0.0156,-0.0148,-0.014,-0.0009,0.0005,0.005,0.0087,0.0044,0.0085,0.0099,-0.0034,-0.0004,-0.0068,-0.0073,-0.0051,-0.0049,0.0005,-0.0028,-0.0055,0.0062,0.0039,0.0064,0.007,-0.0016,-0.0004
2002-10-20,19.9102,110.2334,NE,,0.08,0.0295,-0.0041,-0.0103,-0.0053,0.002,-0.0062,1e-04,0.0102,0.0045,0.0031,-0.0006,-0.0011,0.0017,-0.0002,-0.0084,-0.0077,-0.0061,0.0002,0.0017,0.0006,-0.0006,-0.0003,-0.0004,-0.0046,-0.0004,-0.0047,-0.0044,-0.0065
2002-10-20,19.9102,110.2334,NO,,0.0747,0.0691,0.0471,0.0358,0.0109,0.0043,0.0054,0.007,-0.0013,-0.0004,-0.0005,-0.0019,-0.0041,-0.0042,-0.0009,-0.0017,-0.0112,-0.0013,-0.0018,0.0005,0.0016,0.0015,0.0009,0.0013,0.002,0.0025,0.0022,0.0024,0.001
2002-10-20,19.9102,110.2334,O,,0.0395,0.0345,0.0393,0.0421,0.0249,0.0295,0.0014,-0.005,0.0034,-0.0125,-0.0132,-0.0113,-0.0197,-0.0299,-0.0295,-0.0141,-0.0035,-0.006,-0.0046,0.0042,0.0172,0.0169,0.0199,0.013,0.008,-0.0027,-0.0085,-0.015,-0.0155
2002-10-20,19.9102,110.2334,S,,0.0854,0.0619,0.0303,-0.0096,-0.0157,-0.0217,-0.0194,-0.0089,-0.0077,-0.0063,-0.0072,-0.0065,-0.0072,-0.0084,-0.009,-0.0085,-0.0201,-0.0108,-0.009,-0.0086,-1e-04,-0.0039,-0.0044,-0.0034,0.0016,0.0033,0.0038,0.003,0.0027
2002-10-20,19.9102,110.2334,SE,,0.0713,0.037,-0.0326,-0.0464,-0.051,-0.0405,-0.0383,-0.0354,-0.04,-0.0299,-0.0236,-0.0116,-0.0023,-0.0114,-0.014,-0.0166,-0.0105,-0.0026,0.0024,0.0093,0.0094,0.0013,0.0091,0.0602,0.0069,-0.0209,-0.0282,-0.0351,-0.0338
2002-10-20,19.9102,110.2334,SO,0.1092,0.0929,0.0568,0.0279,0.0185,-0.0087,0.0079,0.0099,0.0159,0.012,0.0021,-0.0002,-0.0032,-0.0007,-0.0015,-0.0016,-0.0037,-0.0029,-0.0088,-0.0049,-0.0021,0.0029,-0.008,-0.0091,-0.0003,0.0099,-0.0008,-0.0007,-0.0016,-0.0016
2003-03-29,19.9113,110.2239,E,0.1101,0.0981,0.0971,0.1102,0.1105,0.097,0.0615,0.0346,0.0228,0.0171,-0.0228,-0.0315,-0.0324,-0.0185,-0.0057,-0.006,-0.0288,-0.0252,-0.0167,0.0006,-0.0267,-0.0264,-0.0062,0.0109,0.0061,-1e-04,-0.0026,-0.0162,-0.016,-0.0247
2003-03-29,19.9113,110.2239,N,,0.0729,0.0622,0.0369,0.0371,0.0303,0.0347,0.0363,0.0242,0.015,0.0147,0.0163,-0.0022,0.0011,0.0148,0.0079,-0.0099,-0.0224,-0.0221,-0.0172,-0.0032,-0.009,-0.0054,0.0058,0.0058,0.0049,0.0034,0.0046,0.0052,0.0043
2003-03-29,19.9113,110.2239,NE,,0.0542,0.0361,0.023,0.0074,-0.0053,-0.0193,-0.0191,-0.0027,-0.0131,0.0009,-0.0172,-0.041,-0.0526,-0.024,-0.0374,-0.0182,-0.018,0.0007,0.0142,0.015,-0.0021,-0.0026,0.0192,0.0194,0.0126,-0.008,-0.0209,-0.028,-0.0184
2003-03-29,19.9113,110.2239,NO,,0.0767,0.0666,0.055,0.0522,0.0627,0.0494,0.0235,0.0017,-0.004,-0.0124,-0.0107,-0.0067,-0.006,-0.0057,0.0007,0.0009,-0.0073,-0.0045,-0.0042,0.0036,0.0027,0.0053,0.0153,0.0073,0.0024,0.0024,-0.0027,-0.009,-0.0089
2003-03-29,19.9113,110.2239,O,,0.0663,0.0249,0.0234,0.0113,0.0111,0.0277,0.0496,0.0464,0.0407,0.0309,0.0065,-0.0057,-0.0072,1e-04,0.0007,-0.0062,-0.008,-0.0115,-0.0168,-0.0167,-0.0164,-0.003,0.004,-0.0107,-0.0083,-0.0057,-0.0064,-0.002,-0.0004
2003-03-29,19.9113,110.2239,S,0.0889,0.0877,0.1015,0.1004,0.0913,0.0835,0.0726,0.0244,0.0171,0.0155,0.002,-0.0016,-0.0107,-0.011,-0.0045,0.0025,0.0006,0.0073,0.0099,0.0074,0.0069,-0.0021,-0.0076,-0.0068,-0.0078,-0.007,-0.0072,-0.0058,-0.0064,0.004
2003-03-29,19.9113,110.2239,SE,,0.0922,0.1062,0.1062,0.0805,0.0549,0.0483,0.04,0.0398,-0.0033,-0.015,-0.0215,-0.0111,0.0023,0.013,0.0166,0.0,-0.017,-0.011,-0.012,-0.0122,-0.0056,-0.0126,0.0186,-0.012,-0.0146,-0.0181,-0.0093,-0.0025,0.0058
2003-03-29,19.9113,110.2239,SO,,0.0184,0.0342,0.0209,0.012,0.0256,0.0298,0.0256,0.0249,0.0112,0.0078,-0.0034,-0.0002,0.0023,0.0038,0.0041,-0.0006,0.0007,0.0038,-0.0009,0.0009,-0.0028,-0.0149,-0.0157,-0.0156,-0.0106,-0.0075,-0.0047,-0.0018,0.0056
2003-04-30,19.9026,110.2337,E,0.02,0.0044,0.0059,0.005,0.0047,0.0109,0.0091,0.0095,0.0082,-0.0037,-0.0033,-0.0047,-0.0043,-0.006,-0.0056,-0.0052,-0.0051,0.0045,0.0046,0.0024,-0.0011,0.0018,0.0046,0.0037,0.003,0.0037,0.0018,-0.0032,-0.0054,-0.0006
2003-04-30,19.9026,110.2337,N,0.0162,,,,,,,,,,,,,,0.0008,0.0017,,,,,,,,,,-0.0004,0.0003,-0.0013,-0.0023,-0.0031
2003-04-30,19.9026,110.2337,NE,,0.009,0.0156,0.0153,0.0144,,,,,,,0.0209,0.0176,0.0042,-0.0059,-0.0093,-0.0079,-0.0085,0.0005,0.0002,0.0125,0.0007,-0.0019,0.0021,0.0085,0.0042,-0.0062,-0.012,-0.0063,0.0072
2003-04-30,19.9026,110.2337,NO,,0.0102,0.0092,0.0067,0.0046,0.004,0.0039,0.003,0.0033,-0.0032,-0.0158,-0.0087,-0.0061,-0.0062,-0.0,0.0006,-0.0011,0.0043,0.0125,0.0189,0.0161,0.0094,0.0061,1e-04,-0.0051,-0.0072,-0.0055,-0.0078,0.0009,-0.0055
2003-04-30,19.9026,110.2337,O,,0.0171,0.0163,0.0054,0.0048,-0.0065,-0.0018,-0.0061,-0.0061,-0.0058,0.0052,0.0056,-0.0044,-0.0053,-0.0067,-0.0055,-0.0019,-0.0016,0.0036,0.001,-0.0011,0.0051,0.0056,0.0023,-0.0012,-0.0021,-0.0025,0.001,-0.0056,-0.0031
2003-04-30,19.9026,110.2337,S,,0.0065,-0.0061,-0.0073,-0.0069,-0.0045,-0.004,-0.0045,0.0035,0.0058,-0.0055,-0.0066,-0.0062,-0.0095,-0.0055,-0.0003,0.0068,-0.0009,-0.0067,-0.0007,,,,,,,0.0173,0.0173,0.0056,0.0018
2003-04-30,19.9026,110.2337,SE,,-0.0044,-0.0141,-0.0146,-0.0039,-0.0041,-0.0015,0.0018,0.0016,0.0017,0.0003,0.0003,-0.0003,-0.0087,0.0046,0.0032,0.0048,-0.0027,-0.0049,-0.0045,-0.0009,-0.002,-0.0007,-0.0016,,,-0.0009,,0.0065,
2003-04-30,19.9026,110.2337,SO,,0.0046,-0.0064,-0.0064,-0.0049,0.006,0.0015,0.0005,0.0003,-0.005,-0.0069,0.0037,0.0098,-0.008,-0.0057,,0.0048,,,,,,,,,,,,,
2003-05-16,19.9105,110.2331,E,0.0293,0.0237,0.0125,0.0115,0.0098,0.0093,-0.0036,-0.0031,0.0094,0.0127,0.0133,0.0088,0.0127,0.0131,0.0151,0.0139,0.0079,0.0007,-0.0038,-0.0074,-0.0032,-0.0015,0.0053,0.0032,-0.0049,-0.0073,-0.0084,-0.0081,-0.0072,-0.0075
2003-05-16,19.9105,110.2331,N,,0.037,0.0216,0.0028,0.0079,0.0032,0.0085,-0.0022,-0.0018,-0.0023,-0.0024,-0.0018,-0.0028,-0.0027,-0.0023,-0.0021,0.0069,-0.0029,-0.0027,-0.0023,0.0027,0.0077,0.0058,-0.0031,0.0005,0.0043,0.0043,0.0039,0.0035,0.0041
2003-05-16,19.9105,110.2331,NE,,0.0244,0.017,0.0121,0.0033,0.0065,0.0064,0.0128,0.0116,0.0027,-0.0002,-0.0006,-0.0002,-0.0034,-0.0024,-0.0011,0.0004,-0.0012,-0.0014,0.0003,-0.0009,0.0007,-0.001,-0.0019,0.0004,-0.001,-0.001,-0.0078,-0.0003,0.001
2003-05-16,19.9105,110.2331,NO,,0.0434,0.0356,0.0382,0.0377,0.0359,0.0311,0.0115,0.0044,0.0041,0.0041,-0.0047,-0.0037,-0.0018,-0.006,-0.0077,-0.0085,-0.0086,0.0014,-0.0085,0.0017,-0.0072,-0.0006,0.0014,0.0031,0.0024,0.0032,0.0058,0.0003,0.0004
2003-05-16,19.9105,110.2331,O,,0.0324,0.0166,0.0167,0.0217,0.0165,0.004,0.0047,0.0034,0.0049,0.0061,0.0143,0.0041,-0.0038,-0.0101,-0.0123,-0.0041,-0.014,-0.0132,-0.0044,-0.003,-0.0029,-0.0031,0.0063,0.0066,0.007,0.0075,0.0066,0.0061,0.0063
2003-05-16,19.9105,110.2331,S,,0.028,0.0189,0.0118,0.0155,0.0083,0.0066,0.0044,-0.0003,0.0017,0.0036,-0.0015,-0.0015,-0.0076,0.0026,0.0033,0.0071,-0.0036,-0.0044,-0.001,-0.0024,-0.0025,-0.002,-0.0031,-0.0042,-0.0043,-1e-04,-0.0027,-0.0026,-0.0022
2003-05-16,19.9105,110.2331,SE,,0.0309,0.0152,0.0092,0.0133,0.0045,0.0026,-0.0024,0.0039,0.0037,0.0049,0.0053,0.005,-0.0006,0.0023,0.0028,0.0031,0.0034,0.0083,0.0085,0.0098,0.0104,0.0039,-0.0002,-0.0062,-0.0082,-0.0077,-0.0093,-0.0095,-0.008
2003-05-16,19.9105,110.2331,SO,0.0514,0.0496,0.0306,0.0224,0.0133,0.0118,0.001,0.0109,0.0113,0.0031,0.0023,0.0023,0.003,-1e-04,0.0007,0.0007,0.0017,0.0013,0.001,-0.0061,0.0019,0.0014,0.0025,-0.0002,0.0012,-0.0065,-0.0073,-0.0083,-0.0073,-0.0088
2012-05-08,19.901,110.2286,E,0.1286,0.0606,0.0216,0.0104,-0.0211,-0.0127,,,,,,,,,,,-0.0022,-0.0058,-0.0042,-0.0071,-0.0054,-0.0055,-0.0049,-0.0101,-0.0025,0.0022,0.0063,0.0002,0.0061,-0.0023
2012-05-08,19.901,110.2286,N,0.1357,0.0702,0.0084,-0.0058,0.0046,0.0091,0.0105,0.0056,0.008,-0.0037,-0.008,0.0037,0.0064,0.0133,0.0157,0.0014,-0.0073,-0.0056,-0.0012,-0.0083,-0.0051,-0.0071,-0.0032,-0.0005,-0.0013,0.0021,0.0053,0.0053,0.0018,0.0041
2012-05-08,19.901,110.2286,NE,,0.1064,0.0561,0.0143,0.0193,0.0079,-0.0031,-0.0025,-0.001,-0.001,0.01,,,,,,,-0.0254,-0.0148,-0.0145,-0.0092,0.0138,0.0207,0.0238,0.0119,-0.008,-0.0116,-0.0128,-0.013,-0.0126
2012-05-08,19.901,110.2286,NO,,0.1278,0.0621,0.0343,0.025,0.0245,0.0297,0.0149,0.0035,-0.0025,0.0014,0.0045,0.0088,-0.0008,-0.0065,-0.0214,0.0018,-0.0136,0.0006,0.0031,-0.0018,-0.0067,-0.0083,-0.0074,-0.005,-0.0046,-0.0044,-0.0027,-0.0088,-0.012
2012-05-08,19.901,110.2286,O,,0.1429,0.1296,0.096,0.0825,0.0418,0.0391,0.0085,-0.0174,-0.0123,-0.0055,0.0071,0.0101,0.0136,0.0147,0.0031,0.0021,0.0151,0.0153,,,,,,,,,-0.0309,-0.0164,-0.0151
2012-05-08,19.901,110.2286,S,0.1407,0.1014,0.0511,0.0119,-0.0381,-0.0385,-0.038,-0.0375,-0.0389,-0.0415,-0.0226,-0.0009,0.0053,0.0048,-0.0111,-0.0014,0.0081,0.0084,0.0085,0.0017,-0.0148,-0.0148,0.0098,0.0158,0.0179,0.0077,0.006,-0.0093,-0.0116,-0.0008
2012-05-08,19.901,110.2286,SE,,0.1228,0.0534,0.019,0.0126,-0.0012,-0.0034,-0.005,0.0073,-0.0077,0.0156,0.0252,0.0258,0.0245,0.009,-0.0017,0.011,0.0226,0.0194,0.0206,0.0136,0.0028,-0.0016,-0.0027,0.0062,-0.0089,-0.0013,-0.0078,-0.0079,-0.0229
2012-05-08,19.901,110.2286,SO,,0.1517,0.1173,0.0643,0.0123,-0.0134,-0.0127,-0.0111,-0.0014,0.0095,0.0102,0.0153,0.0207,-0.002,0.0097,-0.0121,-0.0111,-0.0129,-0.0128,-0.0136,-0.013,-0.0003,0.0039,-0.0116,0.0016,-0.0008,0.0006,-0.0122,-0.0131,-0.0123
2013-04-05,19.9113,110.2239,E,0.068,0.0737,0.0684,0.0664,0.0608,0.0533,0.0315,0.0176,0.0202,0.0177,-0.0183,-0.0175,-0.0167,-0.0133,-0.0063,-0.0038,-0.003,-0.0035,-0.0072,-0.005,-0.0052,-0.0006,-0.0006,0.0007,0.0029,0.0035,0.01,0.0044,-0.0017,-0.0043
2013-04-05,19.9113,110.2239,N,,0.0857,0.0811,0.0297,0.0245,0.022,0.0173,0.0093,0.0093,0.0122,0.0085,0.0063,0.0031,0.0002,-0.0025,-0.0012,-0.0068,-0.0056,-0.0049,-0.0096,-0.004,-0.0042,-0.0049,-0.0024,0.0016,0.0019,-0.0002,0.0015,0.0006,0.0002
2013-04-05,19.9113,110.2239,NE,,0.0679,0.0653,0.0541,0.0449,0.0178,-0.0128,-0.0177,-0.0187,-0.0208,-0.0176,-0.021,-0.0209,-0.02,-0.016,-0.0155,-0.0133,-0.0073,-0.0058,0.0031,0.0019,0.0016,-0.0028,0.002,-0.0026,-0.0014,-0.0046,-0.0051,-0.006,-0.0057
2013-04-05,19.9113,110.2239,NO,,0.0826,0.0576,0.0302,0.0201,0.0149,0.0072,0.0004,-0.0038,-0.0027,-0.0024,0.0053,-0.0019,-0.0059,-0.0055,-0.0053,-0.0056,-0.0059,-0.0057,-0.0032,-0.0016,1e-04,0.0024,0.0033,0.0036,0.004,0.0019,0.001,-0.0004,-0.0013
2013-04-05,19.9113,110.2239,O,,0.1001,0.0401,0.0348,0.0305,0.0249,0.0208,0.0133,0.0067,-0.0012,-0.0063,-0.0085,-0.0085,-0.0074,-0.0088,-0.0102,-0.0106,-0.0092,-0.0054,-0.0035,-0.0029,-0.003,-0.0011,-0.001,-0.0014,-0.0032,-0.0008,0.0093,0.0102,0.0131
2013-04-05,19.9113,110.2239,S,0.0944,0.095,0.0968,0.0921,0.0889,0.0881,0.0829,0.0334,0.0255,0.0171,0.0102,0.0076,0.0052,0.0008,0.0051,0.0033,0.0031,0.0028,-0.0012,-0.0024,-0.0061,-0.0056,-0.0054,-0.0051,-0.0066,-0.0033,0.0004,-0.0002,-0.0067,-0.0058
2013-04-05,19.9113,110.2239,SE,,0.083,0.0848,0.0789,0.0746,0.0656,0.0588,0.0482,0.0258,-0.0042,-0.0074,-0.0096,-0.0094,-0.007,-0.0051,0.0011,0.0034,0.001,0.0037,-0.0024,-0.0029,-0.0018,-0.0038,-0.0007,-0.0006,0.0003,0.0004,0.0013,0.0012,0.0015
2013-04-05,19.9113,110.2239,SO,,0.0391,0.0387,0.0333,0.0368,0.0323,0.0339,0.0324,0.0225,0.0111,0.0048,-0.0009,-0.0036,-0.004,1e-04,-0.001,-0.006,-0.0016,-0.004,-0.0018,-0.0038,-0.003,-0.0029,-0.0039,-0.0059,-0.0046,-0.0064,-0.0018,0.0014,0.0054
2013-05-19,19.9113,110.2239,E,0.1501,0.1505,0.1555,0.1403,0.1199,0.0973,0.0632,0.0497,0.0356,0.0226,-0.0364,-0.0375,-0.0347,-0.0294,-0.0298,-0.0297,-0.0271,-0.0309,-0.0264,-0.0231,-0.0149,-0.0126,-0.0151,-0.0162,0.0115,0.0018,0.002,-0.0039,-0.0058,0.0018
2013-05-19,19.9113,110.2239,N,,0.1556,0.1471,0.081,0.0702,0.0626,0.049,0.0311,0.0214,0.0217,0.0161,0.0121,0.008,0.001,-0.0072,-0.008,-0.0157,-0.0112,-0.0084,-0.0149,-0.0103,-0.0104,-0.0182,-0.0154,-0.0073,-0.0004,-0.0,0.0064,0.01,0.0166
2013-05-19,19.9113,110.2239,NE,,0.1187,0.108,0.0845,0.0651,0.0301,-0.0013,-0.0126,-0.0192,-0.0248,-0.0214,-0.0271,-0.0268,-0.0251,-0.0237,-0.024,-0.0191,-0.0114,-0.0077,-0.0012,-0.0013,0.0012,0.0008,0.0052,0.0055,0.0026,0.002,-0.0037,-0.0021,0.0005
2013-05-19,19.9113,110.2239,NO,,0.1477,0.1164,0.0797,0.0678,0.0589,0.0456,0.0223,0.0102,0.0006,-0.0011,0.0107,-0.0104,-0.0125,-0.0134,-0.0139,-0.0133,-0.0083,-0.0161,-0.0099,-0.0063,-0.0025,0.0022,0.0013,0.0042,0.0025,0.0089,0.0122,0.0015,0.0069
2013-05-19,19.9113,110.2239,O,,0.2063,0.1107,0.0974,0.0934,0.0695,0.0578,0.0405,0.0202,0.0032,-0.0085,-0.0196,-0.015,-0.0188,-0.025,-0.0226,-0.022,-0.0163,-0.0109,-0.0081,-0.0064,-0.0107,-0.0078,-0.0048,-0.0016,0.0006,0.0056,0.0218,0.0219,0.0249
2013-05-19,19.9113,110.2239,S,0.1684,0.168,0.1658,0.1601,0.1415,0.138,0.129,0.0667,0.0506,0.0366,0.02,0.0096,-1e-04,-0.0041,-0.0054,-0.0045,-0.0081,-0.01,-0.0109,-0.0051,-0.0067,-0.009,-0.0032,-0.0081,-0.0051,-0.0033,-0.0042,-0.0038,-0.012,-0.0061
2013-05-19,19.9113,110.2239,SE,,0.156,0.1526,0.1393,0.1263,0.1093,0.092,0.0623,0.0361,0.0052,-0.0104,-0.0131,-0.0169,-0.012,-0.0095,-0.0079,-0.0012,-0.0009,0.0033,-0.0016,-0.0028,-0.0032,-0.0048,-0.0045,-0.0034,0.0003,0.0014,0.0026,0.0041,0.0048
2013-05-19,19.9113,110.2239,SO,,0.1076,0.1009,0.088,0.0915,0.0804,0.0838,0.0796,0.057,0.037,0.0214,0.003,-0.0104,-0.0167,-0.0114,-0.0171,-0.0205,-1e-04,0.0038,0.0043,-0.0066,-0.0056,-0.0103,-0.0128,-0.017,-0.0152,-0.0133,-0.0078,0.0076,0.0132
2013-06-20,19.9113,110.2239,E,0.122,0.1228,0.1269,0.1144,0.1077,0.0845,0.0509,0.035,0.0208,0.013,-0.0266,-0.0291,-0.0234,-0.0195,-0.0207,-0.0189,-0.018,-0.0249,-0.0209,-0.0205,-0.0118,-0.0048,-0.0097,-0.0094,0.011,-0.0005,-0.005,-0.0086,-0.011,-0.0042
2013-06-20,19.9113,110.2239,N,,0.1234,0.1204,0.0867,0.0856,0.0921,0.0792,0.0611,0.037,0.028,0.0163,0.0113,0.0042,-0.0033,-0.0121,-0.0152,-0.0218,-0.0153,-0.0176,-0.0214,-0.0181,-0.0105,-0.0188,-0.0102,-0.0092,-0.0006,-0.0028,0.0043,0.0056,0.0076
2013-06-20,19.9113,110.2239,NE,,0.1058,0.0966,0.0783,0.0557,0.0275,-0.0079,-0.0165,-0.0234,-0.0272,-0.0239,-0.0281,-0.026,-0.0219,-0.0234,-0.0146,-0.0104,0.0028,-0.0013,0.0078,0.0047,0.0043,0.0018,0.01,0.0036,0.0066,0.0071,-1e-04,-0.0088,-0.0123
2013-06-20,19.9113,110.2239,NO,,0.1415,0.1039,0.0761,0.0676,0.0788,0.0378,0.0356,0.025,0.0066,0.0062,0.0087,-0.0131,-0.0112,-0.0127,-0.0122,-0.0101,-0.0072,-0.0089,-0.0049,-0.0035,1e-04,0.0019,0.0042,0.0039,0.0029,0.006,0.0047,-0.0094,-0.0024
2013-06-20,19.9113,110.2239,O,,0.1655,0.0887,0.0765,0.0683,0.0527,0.0406,0.0247,0.0091,-0.0018,-0.011,-0.0166,-0.0147,-0.0155,-0.0168,-0.0127,-0.0129,-0.0094,-0.0039,-0.0033,-0.0056,-0.0045,-0.0005,0.0014,0.0021,0.0014,0.0039,0.0134,0.0128,0.014
2013-06-20,19.9113,110.2239,S,0.145,0.142,0.1442,0.1453,0.1254,0.1208,0.1132,0.0544,0.0416,0.0322,0.018,0.0074,0.0095,0.0012,-0.0025,-0.0052,-0.0036,-0.0048,-0.0075,-0.0029,-0.0041,-0.007,-0.0068,-0.0043,-0.0046,-0.0035,-0.0045,-0.0037,-0.0139,-0.0073
2013-06-20,19.9113,110.2239,SE,,0.1371,0.1308,0.119,0.1068,0.0932,0.082,0.0605,0.0266,0.0076,-0.0038,-0.0122,-0.0152,-0.0136,-0.0141,-0.0061,0.0008,0.0051,0.004,0.0013,-0.0014,-0.0051,-0.0059,-0.005,-0.0037,-0.0023,-0.0041,-0.004,-0.004,-0.0035
2013-06-20,19.9113,110.2239,SO,,0.092,0.0897,0.0742,0.0735,0.0593,0.0642,0.0639,0.0457,0.027,0.012,0.0048,-0.0069,-0.0095,-0.0084,-0.0091,-0.0136,0.0021,-0.0055,-0.0005,-0.0048,-0.0004,-0.0039,-0.0097,-0.015,-0.014,-0.0112,-0.0038,0.0057,0.0103
2013-09-24,19.9113,110.2239,E,0.1044,0.1075,0.0909,0.0875,0.0721,0.0569,0.0235,0.0145,0.011,0.0188,-0.0113,-0.0093,-0.014,-0.014,-0.0106,-0.0108,-0.0116,-0.0129,-0.0162,-0.0162,-0.0099,-0.0039,-0.0093,-0.0071,-0.0021,-0.0002,0.0028,0.0012,0.0097,0.0301
2013-09-24,19.9113,110.2239,N,,0.1103,0.1006,0.0803,0.0781,0.0811,0.0626,0.0411,0.0173,0.0113,0.01,0.0044,0.0023,-0.0032,-0.0068,-0.0053,-0.0093,-0.0093,-0.0047,-0.0057,-0.0026,0.0,-0.0055,-0.0034,-0.0021,-0.0018,-0.0017,-0.0038,-0.0034,0.0014
2013-09-24,19.9113,110.2239,NE,,0.1061,0.0964,0.0788,0.0562,0.0413,0.025,0.0171,0.0004,-0.0159,-0.011,-0.0136,-0.0117,-0.0095,-0.0102,-0.0084,-0.0066,-0.0056,-0.0037,-0.0024,-0.0023,-0.0036,-0.0025,-0.0023,-0.0007,0.0008,0.0021,0.0037,0.0059,0.0058
2013-09-24,19.9113,110.2239,NO,,0.1073,0.085,0.0602,0.0508,0.0489,0.0597,0.0694,0.0631,0.0489,0.0144,0.004,0.003,-0.0073,-0.0082,-0.0088,-0.0074,-0.0115,-0.0095,-0.0075,-0.0055,-0.0091,-0.0093,-0.0029,-0.001,0.0011,0.002,0.0,0.0015,0.006
2013-09-24,19.9113,110.2239,O,,0.1273,0.065,0.0633,0.0596,0.0602,0.0613,0.0441,0.0362,0.0277,0.0152,0.0108,0.0024,-0.002,-0.0125,-0.0092,-0.0087,-0.0057,-0.004,-0.0031,-0.0107,-0.0121,-0.0103,-0.009,-0.0047,-0.0021,0.0033,0.0058,0.0046,0.0086
2013-09-24,19.9113,110.2239,S,0.1086,0.1132,0.1157,0.1077,0.096,0.094,0.0849,0.0628,0.0505,0.0402,0.0347,0.0011,-0.0044,-0.0039,-0.0034,-0.0016,-0.0024,-0.0032,-0.0043,-0.0059,-0.0078,-0.0071,-0.0115,-0.0056,-0.0084,-0.0092,-0.005,-0.0075,-0.0168,-0.0168
2013-09-24,19.9113,110.2239,SE,,0.1034,0.1016,0.0916,0.0802,0.0632,0.0563,0.044,0.0213,0.0173,0.0145,0.007,-0.0019,-0.0228,-0.0217,-0.0168,-0.0111,-0.0062,-0.0002,-0.0044,-0.003,-0.0032,-0.0033,-0.0021,-0.0002,0.0012,-0.0,0.0027,0.0024,0.0018
2013-09-24,19.9113,110.2239,SO,,0.0571,0.0623,0.0496,0.0501,0.0417,0.0395,0.0389,0.0295,0.0224,0.0152,0.0161,0.0074,0.0021,1e-04,0.0047,-0.004,-1e-04,-0.0058,-0.0016,-0.0081,-0.0079,-0.0145,-0.0155,-0.0165,-0.0173,-0.0131,-0.0034,0.0043,0.0185
2013-10-26,19.9113,110.2239,E,0.0578,0.0655,0.0519,0.0553,0.0456,0.0369,0.0162,0.0019,0.0143,0.0201,-0.0096,-0.0105,-0.0108,-0.0108,-0.0115,-0.0107,-0.0092,-0.0098,-0.0135,-0.0159,-0.0112,-0.0073,-0.0118,-0.0147,-0.0097,-0.0102,-0.0059,-0.0122,0.0119,0.0232
2013-10-26,19.9113,110.2239,N,,0.0893,0.0863,0.0634,0.0624,0.0594,0.0524,0.0277,0.0151,0.01,0.0068,0.0035,0.0003,-0.0057,-0.0092,-0.0062,-0.0121,-0.0117,-0.0108,-0.014,-0.0092,-0.0057,-0.0082,-0.0042,-1e-04,0.0014,0.0016,0.0022,0.0059,0.0058
2013-10-26,19.9113,110.2239,NE,,0.0648,0.0626,0.0535,0.0416,0.0279,0.0125,0.0092,-0.0123,-0.0193,-0.0142,-0.0199,-0.0202,-0.0176,-0.0193,-0.0156,-0.0118,-0.0016,-0.0028,0.0058,0.0032,0.0028,-0.0066,0.0022,-0.0057,-0.005,-0.0043,-0.0074,-0.0093,-0.0115
2013-10-26,19.9113,110.2239,NO,,0.0782,0.0562,0.031,0.0253,0.0271,0.0335,0.0477,0.0454,0.0353,0.0006,-0.0007,-0.0035,-0.0101,-0.0085,-0.0104,-0.0089,-0.0113,-0.0077,-0.0057,-0.007,-0.0053,-0.0045,1e-04,0.0015,0.0055,0.0065,0.0045,0.006,0.0051
2013-10-26,19.9113,110.2239,O,,0.113,0.042,0.0422,0.0457,0.0377,0.038,0.0271,0.0181,0.0121,0.0039,-0.0053,-0.0071,-0.008,-0.0192,-0.0121,-0.0176,-0.0125,-0.0011,-0.0042,-0.0101,-0.0127,-0.0071,-0.0074,-0.0016,0.0021,0.0085,0.0138,0.0095,0.0122
2013-10-26,19.9113,110.2239,S,0.0902,0.0933,0.0974,0.0954,0.0893,0.0868,0.0809,0.0603,0.0487,0.0421,0.0377,-0.0023,-0.0063,-0.0086,-0.0077,-0.0068,-0.0064,-0.0044,-0.0026,-0.0061,-0.0045,-0.0031,-0.0084,-0.0046,-0.0082,-0.0096,-0.0065,-0.0075,-0.0159,-0.0163
2013-10-26,19.9113,110.2239,SE,,0.0757,0.0754,0.0694,0.0631,0.0502,0.045,0.035,0.0148,0.0129,0.013,0.0095,0.0022,-0.0151,-0.0108,-0.0047,0.0018,0.0043,0.005,-0.0023,-0.0012,-0.0016,-0.0018,-0.0017,-0.003,-0.0011,-0.0016,-0.0008,-0.0021,-0.0032
2013-10-26,19.9113,110.2239,SO,,0.0332,0.0399,0.0338,0.0357,0.0286,0.0278,0.0272,0.0192,0.016,0.0107,0.0079,0.0004,0.0015,0.0005,-0.0016,-0.0123,-0.0019,-0.0066,-0.002,-0.0038,-0.0054,-0.009,-0.0116,-0.0127,-0.0099,-0.0081,-0.0055,0.0023,0.016
2013-12-29,19.9113,110.2239,E,0.0235,0.0286,0.0208,0.0237,0.0198,0.0158,0.0048,-0.0037,0.0087,0.0149,-0.0072,-0.0065,-0.0064,-0.0052,-0.0053,-0.006,-0.0054,-0.0072,-0.0107,-0.0132,-0.009,-0.0068,-0.0096,-0.0131,-0.0005,-0.0015,-0.0,-0.0079,0.0156,0.0177
2013-12-29,19.9113,110.2239,N,,0.0495,0.049,0.0316,0.0311,0.0322,0.0293,0.0127,0.0069,0.0046,0.0036,0.0026,0.0018,0.0006,-0.0007,-0.0011,-0.0035,-0.0028,-0.0019,-0.0054,-0.0028,-0.0033,-0.0063,-0.003,-0.0003,0.0013,0.0009,0.0017,0.0021,0.0007
2013-12-29,19.9113,110.2239,NE,,0.0329,0.0323,0.0286,0.0228,0.0127,0.0014,0.0005,-0.0131,-0.0183,-0.0148,-0.0166,-0.0164,-0.0145,-0.0136,-0.0105,-0.0077,0.0002,-0.0012,0.0046,0.0034,0.0039,-0.0029,0.0037,-0.0034,-0.0039,-0.0056,-0.0081,-0.0089,-0.0106
2013-12-29,19.9113,110.2239,NO,,0.0472,0.0319,0.015,0.0125,0.0162,0.0215,0.0395,0.0388,0.0331,0.005,0.0046,-0.0007,-0.0052,-0.0052,-0.0062,-0.0064,-0.0086,-0.0065,-0.0048,-0.0041,-0.0044,-0.0033,-0.0023,-0.0008,0.0029,0.0033,0.0023,0.0028,0.0029
2013-12-29,19.9113,110.2239,O,,0.0677,0.0189,0.0223,0.0239,0.0226,0.0243,0.0205,0.0169,0.0125,0.0087,0.002,0.0006,-0.0024,-0.0074,-0.0071,-0.0088,-0.0049,-0.0035,-0.0051,-0.0076,-0.0097,-0.0067,-0.0049,-0.0025,-0.0007,0.0024,0.0064,0.0053,0.0067
2013-12-29,19.9113,110.2239,S,0.0507,0.0509,0.0521,0.0511,0.0475,0.0466,0.0443,0.0329,0.0314,0.0301,0.0287,0.0,-0.0019,-0.0044,-0.0061,-0.0048,-0.0046,-0.0027,-0.0021,-0.0048,-0.0036,-0.0028,-0.0061,-0.0047,-0.0057,-0.0082,-0.0041,-0.0029,-0.0095,-0.0089
2013-12-29,19.9113,110.2239,SE,,0.0317,0.0311,0.0276,0.0258,0.0214,0.0197,0.0179,0.0079,0.0092,0.0117,0.0103,0.0058,-0.0093,-0.0053,-0.0005,0.0031,0.0024,0.0018,-0.0029,-0.0033,-0.0027,-0.0019,-0.0017,-0.0031,-0.0023,-0.0022,-0.0013,0.0002,0.0007
2013-12-29,19.9113,110.2239,SO,,0.0101,0.0133,0.0121,0.0163,0.0147,0.0151,0.0147,0.0117,0.009,0.0051,0.0041,0.0026,-0.0007,-0.001,-0.0025,-0.0072,-0.0027,-0.0063,-0.0027,-0.0025,-0.0026,-0.0063,-0.0074,-0.0084,-0.0071,-0.0062,-0.0028,-0.0004,0.007
2014-03-19,19.9113,110.2239,E,0.0714,0.0794,0.0663,0.07,0.0625,0.0517,0.0332,0.014,0.025,0.0247,-0.0095,-0.0182,-0.0244,-0.0246,-0.0192,-0.0182,-0.019,-0.02,-0.0248,-0.0264,-0.0226,-0.0142,-0.0081,-0.0051,0.0,-0.006,0.0007,-0.015,0.0224,0.0115
2014-03-19,19.9113,110.2239,N,,0.0904,0.0902,0.0661,0.0627,0.0582,0.0487,0.0204,0.0106,0.0077,0.0014,-0.0021,-0.0064,-0.0112,-0.0145,-0.0155,-0.0187,-0.0176,-0.0203,-0.0176,-0.0132,-0.008,-0.006,0.0054,0.0118,0.0143,0.016,0.0142,0.0113,0.0031
2014-03-19,19.9113,110.2239,NE,,0.0607,0.0591,0.0514,0.0442,0.0305,0.0143,0.0127,-0.0113,-0.0154,-0.0148,-0.023,-0.026,-0.0251,-0.0271,-0.0201,-0.0183,-0.0059,-0.0078,0.0094,0.0041,0.0085,-0.0018,0.0096,-0.0034,0.0012,-0.0015,-0.0069,-0.0143,-0.0188
2014-03-19,19.9113,110.2239,NO,,0.0735,0.0618,0.0425,0.0317,0.0353,0.0411,0.0549,0.0501,0.0332,-0.0008,-0.0054,-0.0073,-0.0176,-0.0177,-0.0159,-0.0154,-0.0171,-0.0129,-0.0081,-0.0055,-0.0069,-0.0011,0.0024,0.0109,0.015,0.0131,0.0083,0.0071,0.0036
2014-03-19,19.9113,110.2239,O,,0.1149,0.0526,0.057,0.0578,0.0557,0.0522,0.0439,0.0336,0.0244,0.0073,-0.0018,-0.0036,-0.0093,-0.0168,-0.0129,-0.0143,-0.0113,-0.0026,-0.0094,-0.0104,-0.0143,-0.0108,-0.0063,-0.0004,0.0015,0.0028,0.0092,0.0106,0.0145
2014-03-19,19.9113,110.2239,S,0.1018,0.101,0.1043,0.1008,0.0945,0.0934,0.0837,0.0608,0.0551,0.0479,0.0411,0.0077,0.006,-0.0014,-0.0043,0.0018,-0.0024,-0.0016,-0.0041,-0.0011,-0.0005,-0.0064,-0.0105,-0.0072,-0.0091,-0.0144,-0.0109,-0.0116,-0.0235,-0.0201
2014-03-19,19.9113,110.2239,SE,,0.0734,0.0759,0.0678,0.0613,0.0495,0.0449,0.0382,0.0194,0.0185,0.015,0.0127,0.0091,-0.0129,-0.0053,-0.0041,0.0006,0.0021,0.0049,-0.0024,-0.0085,-0.0063,-0.006,-0.0041,-0.0057,-0.0026,-0.0012,-0.0008,0.0033,0.0055
2014-03-19,19.9113,110.2239,SO,,0.0333,0.0358,0.0316,0.0363,0.034,0.0438,0.0454,0.0359,0.0298,0.0219,0.0159,0.0048,0.0022,-0.006,-0.007,-0.0147,-0.0102,-0.0152,-0.0025,-0.0083,0.001,-0.0127,-0.0169,-0.017,-0.0156,-0.013,-0.0071,0.0011,0.0177
2014-07-09,19.9034,110.2208,E,,0.1417,0.0864,0.0612,0.0441,0.0232,0.0084,0.0009,-0.0061,-0.0194,-0.0196,-0.0226,-0.0155,-0.0103,-0.0098,-0.0156,-0.0165,-0.0161,-0.0192,-0.0099,-0.003,-0.0036,0.0023,0.0108,0.0064,0.0082,0.0032,0.006,0.0049,0.0296
2014-07-09,19.9034,110.2208,N,0.0703,0.0654,0.0422,0.0324,0.0271,0.0172,0.0144,0.0123,0.0095,0.0073,-0.0035,0.0172,0.0489,0.0536,0.0539,0.0531,0.0404,0.0285,0.004,-0.0088,-0.004,-0.0157,-0.0299,-0.0299,-0.0286,-0.0251,-0.0172,-0.0202,-0.0137,0.0016
2014-07-09,19.9034,110.2208,NE,,0.125,0.093,0.0649,0.0749,0.0622,0.0559,0.0404,0.0279,0.0059,-0.0171,-0.0263,-0.0262,-0.0278,-0.0256,-0.0265,-0.0044,-0.0033,0.0053,-0.0094,-0.0096,-0.016,-0.0044,0.0019,0.0153,0.0159,0.0274,0.0156,0.0236,-0.0022
2014-07-09,19.9034,110.2208,NO,,0.0863,0.0646,0.0429,0.0478,0.0277,0.0098,0.0062,0.0024,0.0018,-0.0036,-0.0115,-0.0177,-0.0195,-0.0083,-0.0009,0.0209,0.0073,0.0095,0.0102,0.0157,0.0165,0.0156,0.0115,-0.009,-0.0083,-0.0136,-0.0181,-0.0269,-0.0331
2014-07-09,19.9034,110.2208,O,,0.1046,0.0766,0.0563,0.0311,0.0063,-0.009,-0.0102,0.0033,-0.0082,0.0032,-0.0043,0.0024,0.0136,0.014,0.0172,0.0187,0.0155,0.0202,0.0302,0.0288,0.0226,0.0151,0.0012,-0.0104,-0.0221,-0.0244,-0.0303,-0.031,-0.0321
2014-07-09,19.9034,110.2208,S,,0.047,0.0334,0.0045,-0.0191,-0.0317,-0.0367,-0.0375,-0.0295,-0.0222,-0.0217,-0.0249,-0.0282,-0.0226,-0.0239,-0.0359,-0.0203,-0.0131,-0.0164,-0.02,-0.012,-0.0073,0.0059,0.0019,0.021,0.0054,0.011,0.0114,0.0205,0.0312
2014-07-09,19.9034,110.2208,SE,,0.0684,0.0694,0.0184,-0.0133,-0.0278,-0.0332,-0.0312,-0.0234,0.0193,0.0504,0.0548,0.0077,-0.0274,-0.0116,-0.0223,-0.0159,-0.0068,-0.0016,-0.0011,0.0131,-0.0047,-0.0179,-0.0046,0.0062,-0.0119,-0.016,-0.0175,-0.0422,-0.058
2014-07-09,19.9034,110.2208,SO,,0.1121,0.0898,0.076,0.0831,0.0569,0.0553,0.0319,0.039,0.0192,0.0165,0.0141,0.0165,0.0135,0.0155,0.0153,0.0076,0.0116,0.0057,0.0022,-0.01,0.0017,-0.0148,-0.0127,-0.0178,-0.0152,-0.0144,-0.0019,-0.0137,-0.0098
2014-07-25,19.9113,110.2239,E,0.0866,0.0865,0.0943,0.0857,0.0784,0.0666,0.0428,0.0335,0.0251,0.0169,-0.0238,-0.026,-0.0274,-0.0227,-0.0235,-0.0238,-0.0204,-0.0228,-0.02,-0.0201,-0.0188,-0.015,-0.0121,-0.0083,0.0085,0.0065,0.0046,-0.0009,0.0291,0.0297
2014-07-25,19.9113,110.2239,N,,0.0905,0.0925,0.0745,0.0675,0.0713,0.0556,0.0259,0.017,0.0206,0.0156,0.0104,0.0044,-0.0017,-0.0103,-0.0133,-0.0172,-0.0113,-0.0148,-0.0182,-0.0002,-0.0055,-0.0061,-0.013,-0.0006,0.0002,0.0068,0.0112,0.0065,0.0093
2014-07-25,19.9113,110.2239,NE,,0.0544,0.0489,0.0396,0.03,0.0172,0.0062,0.0037,-0.016,-0.0167,-0.0154,-0.0219,-0.0225,-0.0221,-0.0236,-0.0181,-0.0137,-0.0026,-0.0025,0.0022,0.0051,0.0014,-0.0039,0.0056,0.001,0.0042,0.0066,0.0068,0.0048,-0.0008
2014-07-25,19.9113,110.2239,NO,,0.0775,0.0623,0.04,0.0335,0.0317,0.0241,0.0373,0.0317,0.019,0.0004,-0.013,-0.0199,-0.0239,-0.0226,-0.0206,-0.0188,-0.0062,-0.0152,0.0014,-0.0008,0.0021,0.0053,0.0097,0.0128,0.0089,0.0101,0.0056,0.0024,0.0094
2014-07-25,19.9113,110.2239,O,,0.1251,0.063,0.0574,0.0584,0.0455,0.0367,0.0233,0.0078,-0.0052,-0.0144,-0.0203,-0.0153,-0.0137,-0.022,-0.0144,-0.02,-0.0145,-0.0029,-0.0057,-0.0085,-0.0155,-0.006,0.0036,0.0088,0.0073,0.0071,0.0147,0.0125,0.0203
2014-07-25,19.9113,110.2239,S,0.1,0.1015,0.1088,0.1089,0.1002,0.0986,0.0912,0.0686,0.0609,0.0482,0.0378,0.0006,-0.0018,-0.0049,-0.0092,-0.0057,-0.0085,-0.0064,-0.0055,-0.0064,-0.0049,-0.0089,-0.0077,-0.0057,-0.0035,-0.008,-0.0028,-0.005,-0.0143,-0.0116
2014-07-25,19.9113,110.2239,SE,,0.0795,0.0826,0.0792,0.071,0.0584,0.0519,0.0404,0.0202,0.0184,0.0121,0.0066,-0.001,-0.0145,-0.0091,-0.0061,0.0005,0.0014,0.0035,-0.0035,-0.0106,-0.01,-0.0083,-0.002,-0.0063,-0.0017,-0.0057,0.0025,0.0043,0.0034
2014-07-25,19.9113,110.2239,SO,,0.0412,0.0439,0.0353,0.0327,0.0287,0.0292,0.0292,0.0209,0.0196,0.0129,0.007,-0.0015,-0.0055,-0.0114,-0.0108,-0.0176,-0.0135,-0.0147,-0.0105,-0.0064,-0.0058,-0.0086,-0.0131,-0.0121,-0.0099,-0.0018,0.0066,0.0199,0.0432
2015-01-01,19.9113,110.2248,E,0.0261,0.0242,0.0293,0.0265,0.0245,0.016,0.0182,0.0219,0.0085,0.0139,-0.0119,-0.0077,-0.0015,0.0015,0.0011,-0.0004,-0.0011,-0.0034,-0.0053,-0.007,-0.0053,-0.004,-0.0036,-0.0048,-0.004,-0.0045,-0.0056,-0.0056,-0.0017,-0.0019
2015-01-01,19.9113,110.2248,N,0.0387,0.0382,0.0394,0.0362,0.0159,0.0083,0.0074,0.0053,0.0012,-0.001,-0.0013,-0.0031,-0.0053,0.002,-0.0042,-0.0051,0.0007,-0.0077,-0.007,-0.0058,-0.005,-0.0042,-0.0006,-0.0009,-0.0002,0.0008,0.0003,0.0017,1e-04,0.0027
2015-01-01,19.9113,110.2248,NE,,0.0055,0.0049,0.0043,0.006,-0.0028,-0.0028,-0.0148,-0.0128,-0.0137,-0.0121,-0.0118,0.0495,-0.0096,0.0269,0.003,0.0021,0.0038,0.0054,0.0047,0.0014,0.001,-0.0026,-0.0024,-0.008,-0.0083,-0.0094,-0.0133,-0.0133,-0.0158
2015-01-01,19.9113,110.2248,NO,,0.0332,0.0212,0.0088,0.0076,0.0057,0.0206,0.0044,-0.0014,0.0003,-0.0081,-0.0092,-0.0088,-0.0088,-0.0085,-0.0095,-0.0059,-0.0033,-0.0003,0.0006,0.0021,0.004,0.0074,0.0086,0.0047,0.0028,0.0048,0.0045,0.0021,-0.0007
2015-01-01,19.9113,110.2248,O,,0.0571,0.0179,0.0128,0.0099,0.0143,0.0158,0.0128,0.0121,-0.0022,-0.0029,-0.0056,-0.0078,-0.0033,-0.0036,-1e-04,-0.0004,0.0003,0.0014,0.0023,-0.0004,-0.0022,-0.0,-0.0045,-0.0018,-0.0017,-0.0019,0.0072,0.0047,0.0039
2015-01-01,19.9113,110.2248,S,0.0444,0.0441,0.045,0.0428,0.0423,0.0447,0.0278,0.0459,0.0459,0.028,0.0344,0.0324,0.0136,0.0269,-0.0077,-0.0125,-0.0144,-0.0149,-0.0182,-0.0151,-0.0032,0.0008,0.0004,-0.0069,-0.008,-0.0087,-0.0082,-0.0116,-0.0113,-0.0106
2015-01-01,19.9113,110.2248,SE,,0.0169,0.017,0.0179,0.0174,0.0178,0.0163,0.0143,0.0128,0.0029,0.0067,0.01,0.0105,-0.0065,0.005,-0.0111,-0.009,-0.0068,-0.0028,-0.0014,0.0024,0.0038,-0.0018,-0.0009,-0.0046,-0.0053,-0.0038,-0.0031,-0.0026,-0.0031
2015-01-01,19.9113,110.2248,SO,,0.051,0.01,0.0081,0.0095,0.0079,0.0076,0.0099,0.0121,0.012,0.0094,0.0062,0.005,0.0015,-0.0025,-0.0007,-0.003,-0.0053,-0.0053,-0.0046,-0.0042,-0.0046,-0.0037,-0.0047,-0.0027,-0.0023,-0.003,-0.0027,-0.0,0.0
2015-02-18,19.911,110.2239,E,0.0063,0.0065,0.0071,0.0055,0.0069,0.0066,0.0063,0.0027,0.0037,0.0015,0.0031,-0.0048,-0.007,-0.0046,-0.0031,0.0012,0.0007,0.0014,0.0008,-0.0035,-0.0037,-0.0026,-0.0023,-0.0019,-0.0019,-0.0011,0.0055,0.0055,0.0046,0.0042
2015-02-18,19.911,110.2239,N,,0.0188,0.0194,0.0078,0.0073,0.0053,0.0051,0.0003,-0.0007,0.001,0.0012,0.0035,0.0044,0.0038,0.0033,0.0026,0.0014,0.0017,0.0014,0.0011,0.0017,-0.001,-0.0014,-0.0019,-0.0013,-0.0014,-0.0017,-0.0019,-0.0017,-0.0014
2015-02-18,19.911,110.2239,NE,,0.0096,0.0088,0.0085,0.0074,0.0022,-0.003,-0.0024,-0.0017,-0.0059,-0.0057,-0.0058,-0.0085,-0.0043,-0.0042,0.0109,-0.0019,-0.0002,0.001,0.0012,0.0016,0.0007,0.0006,0.0003,-0.0006,-0.0012,-0.0018,-0.0022,-0.0028,-0.0044
2015-02-18,19.911,110.2239,NO,,1e-04,1e-04,-0.0003,0.002,0.0014,0.001,0.0133,0.0136,0.0021,0.0015,0.0009,0.0009,0.0002,-0.0006,-0.0005,-0.0008,-0.001,1e-04,0.0005,0.0008,0.0009,0.001,0.0009,0.0008,-0.0017,-0.0021,-0.0024,-0.0016,-0.0022
2015-02-18,19.911,110.2239,O,,-0.0008,-0.0016,-0.0014,0.0035,0.0031,0.0029,0.0028,-0.0003,-0.0005,-0.001,-0.0021,0.0009,0.0039,0.0045,0.0016,0.0052,0.0046,0.0048,0.0016,0.002,0.0018,0.0017,-0.004,-0.003,-0.0023,-0.0029,-0.0016,-0.0018,-0.0007
2015-02-18,19.911,110.2239,S,-0.0004,-0.0007,0.0084,-0.0011,0.0077,-0.0015,-0.0013,0.0036,-0.0025,0.0035,0.0026,-0.002,-0.0011,-0.0008,-0.0009,0.0,-0.0007,-0.0005,-0.0026,-0.0029,-0.0021,-0.002,-0.002,-0.0021,-0.0014,-0.0016,-0.0016,-0.0022,-0.0047,-0.0046
2015-02-18,19.911,110.2239,SE,,0.012,0.0122,0.0117,0.0102,0.0081,0.0084,0.0077,0.0034,0.0036,0.0035,0.0045,-0.002,-0.0034,-0.0041,-0.0041,-1e-04,0.0023,0.0049,0.0002,-0.0004,-0.001,-0.0017,0.0,0.0002,-0.0006,-0.0014,-0.0016,-0.0012,-0.0023
2015-02-18,19.911,110.2239,SO,,-0.0069,-0.0082,-0.0079,-0.0067,-0.0007,0.001,1e-04,-0.002,-0.0042,-0.0061,-0.0047,-0.0027,-0.0016,0.0022,0.0017,0.0015,-0.0007,-0.0016,-0.0025,-0.0024,-0.0047,-0.0056,-0.0052,0.0006,-0.0,0.0032,0.0019,0.0032,0.0045
2015-03-06,19.9054,110.2354,E,,0.0723,0.0585,0.0452,0.0301,0.015,-0.0017,-0.0114,-0.0185,-0.0114,-0.0073,-0.0036,-0.0005,-0.0035,-0.0007,0.0038,0.0064,0.0058,0.0024,0.0008,0.0024,-0.002,-0.0044,-0.004,-0.0012,0.0007,0.0034,0.0088,0.0097,0.0075
2015-03-06,19.9054,110.2354,N,,0.0483,0.0425,0.0276,0.0234,0.0209,0.0189,0.0142,0.0153,0.0251,0.0176,0.0195,0.0143,0.0096,-0.0011,-0.004,-0.0093,-0.0102,-0.0064,-0.0034,-0.0066,-0.0102,-0.0103,-0.0108,-0.0027,0.0008,0.0059,0.0111,0.0182,0.0215
2015-03-06,19.9054,110.2354,NE,0.0932,0.0867,0.0803,0.0681,0.0531,0.0426,0.0348,0.0239,0.0207,0.0214,0.0154,0.0214,0.0088,0.0074,0.0002,-0.0041,-0.0082,-0.014,-0.0132,-0.0153,-0.0122,-0.0139,-0.0118,-0.0098,-0.0031,0.0005,1e-04,-0.0042,-0.0033,-0.0072
2015-03-06,19.9054,110.2354,NO,0.0239,0.0049,-0.0021,-0.0076,-0.0154,-0.0109,-0.0002,0.0098,0.011,0.0119,0.0182,0.0076,0.0006,0.0017,1e-04,-0.0033,0.015,0.0177,0.0113,0.0104,-0.0033,0.0013,0.0035,-0.0007,0.0017,-0.0045,-0.0029,-0.0044,-0.0163,-0.0077
2015-03-06,19.9054,110.2354,O,,0.0616,0.0506,0.0436,0.0351,0.0207,0.0099,0.002,-0.0025,-0.013,-0.0191,-0.0239,-0.0285,-0.0341,-0.0383,-0.0391,-0.0321,-0.0268,-0.023,-0.019,-0.0192,-0.0194,-0.0178,-0.0157,-0.0096,0.0024,0.0236,0.0367,0.047,0.0422
2015-03-06,19.9054,110.2354,S,,0.0552,0.048,0.0398,0.0227,0.0122,0.0046,-0.0054,-0.0003,-0.0075,-0.004,0.0123,0.0022,0.0181,0.0093,0.0102,0.0176,0.0175,0.0172,0.02,0.0144,0.0049,-0.0103,-0.007,-0.0154,-0.0113,-0.0078,-0.008,-0.01,0.0019
2015-03-06,19.9054,110.2354,SE,0.1682,0.1533,0.1272,0.11,0.092,0.0675,0.049,0.0068,-0.0018,0.0009,-0.0064,-0.0062,-0.0045,0.0003,0.0046,0.0024,0.0007,-0.0002,0.0078,0.0096,0.0099,0.0125,-0.0073,-0.0054,-0.0107,-0.0052,-0.0118,-0.0116,-0.0131,-0.0063
2015-03-06,19.9054,110.2354,SO,0.0751,0.0697,0.0609,0.0525,0.034,0.0276,0.0284,0.0278,0.0364,0.0353,0.033,0.0225,0.0158,0.0045,-0.0091,-0.0218,-0.0338,-0.0272,-0.0304,-0.0291,-0.0158,-0.0297,-0.0126,-0.0163,-0.0137,-0.0046,0.0044,0.0041,0.0024,0.0045
2015-05-25,19.9113,110.2239,E,0.1157,0.1134,0.1166,0.1005,0.0877,0.0787,0.054,0.039,0.0241,0.0131,-0.0313,-0.0318,-0.026,-0.0218,-0.0217,-0.02,-0.0145,-0.0158,-0.0136,-0.0125,-0.0116,-0.0077,-0.0063,-0.0053,-0.0015,-0.0044,0.0006,0.0016,0.0217,0.0448
2015-05-25,19.9113,110.2239,N,,0.1246,0.1208,0.09,0.0801,0.0739,0.06,0.0252,0.0191,0.0178,0.0118,0.0116,0.0052,-0.0034,-0.0058,-0.0021,-0.0127,-0.0066,0.0032,-0.0156,-0.0106,-0.0108,-0.0175,-0.0116,-0.0095,-0.0063,-0.0041,-0.0051,-0.0008,0.0049
2015-05-25,19.9113,110.2239,NE,,0.0842,0.0779,0.0674,0.054,0.0341,0.0175,0.0062,-0.008,-0.0275,-0.0188,-0.0241,-0.0228,-0.0228,-0.0216,-0.0214,-0.0156,-0.005,-0.0077,0.0011,0.0044,0.0098,0.0092,0.0094,0.0066,0.0075,0.0018,0.0016,-0.0022,-0.0094
2015-05-25,19.9113,110.2239,NO,,0.0888,0.0767,0.0493,0.0396,0.0379,0.0374,0.0398,0.0322,0.0201,-0.0085,-0.0178,-0.0246,-0.0326,-0.031,-0.0268,-0.0189,-0.0167,-0.0015,0.0071,0.0146,0.0109,0.0181,0.0159,0.0122,0.0147,0.0073,0.0014,-0.0038,0.0101
2015-05-25,19.9113,110.2239,O,,0.1554,0.088,0.0754,0.0816,0.0802,0.0776,0.0648,0.0503,0.0274,0.0067,-0.0054,-0.0117,-0.0177,-0.0337,-0.0217,-0.0375,-0.0297,-0.015,-0.0146,-0.0133,-0.0106,0.0007,0.0072,0.0082,0.005,0.0067,0.0137,0.0139,0.015
2015-05-25,19.9113,110.2239,S,0.1215,0.1222,0.1307,0.1351,0.1215,0.1196,0.1149,0.0891,0.079,0.065,0.049,-0.001,-0.0019,-0.0089,-0.0145,-0.0099,-0.0064,-0.0034,0.0072,-0.0097,-0.001,-0.0058,-0.0058,-0.0063,-0.0085,-0.0152,-0.0125,-0.0063,-0.0093,-0.0159
2015-05-25,19.9113,110.2239,SE,,0.104,0.1087,0.1027,0.0925,0.0704,0.0585,0.0442,0.0145,0.019,0.0148,0.0105,0.0084,-0.0172,-0.0159,-0.0168,-0.0087,-0.0078,0.0011,-0.0085,-0.0071,-0.0055,-0.0078,-0.003,-0.003,0.0008,0.0017,0.0045,0.0058,0.0062
2015-05-25,19.9113,110.2239,SO,,0.0658,0.0677,0.0635,0.0626,0.0601,0.0575,0.051,0.0423,0.0315,0.0233,0.0133,0.0068,0.0103,-0.0068,-0.0119,-0.0216,-0.0154,-0.0127,-0.0065,-0.0021,-0.0017,-0.0185,-0.0179,-0.0221,-0.0192,-0.0096,0.0003,0.0128,0.0334
2015-06-26,19.9113,110.2239,E,0.1489,0.1491,0.169,0.1467,0.1277,0.1079,0.0708,0.0539,0.0305,0.0126,-0.0375,-0.0412,-0.0365,-0.0276,-0.0332,-0.0305,-0.0307,-0.0387,-0.035,-0.0348,-0.0297,-0.0187,-0.0213,-0.0221,0.0063,0.0002,0.0021,-0.0127,0.0253,0.0177
2015-06-26,19.9113,110.2239,N,,0.1694,0.1642,0.1287,0.1132,0.1034,0.0768,0.0283,0.0214,0.0196,0.0113,0.0067,0.0011,-0.0047,-0.0081,-0.01,-0.0143,-0.0141,-0.0115,-0.0231,-0.0154,-0.0186,-0.0178,-0.0121,-0.0079,-0.0042,-0.0039,-0.001,0.0041,0.0116
2015-06-26,19.9113,110.2239,NE,,0.1125,0.103,0.0859,0.0713,0.0447,0.0277,0.0117,-0.0172,-0.0404,-0.0349,-0.0409,-0.037,-0.0349,-0.0318,-0.032,-0.0225,-0.006,-0.0018,0.0006,0.0052,0.02,0.0241,0.0243,0.013,0.0163,0.0092,0.0065,-0.0052,-0.0091
2015-06-26,19.9113,110.2239,NO,,0.0962,0.0808,0.0422,0.0384,0.0322,0.0416,0.0379,0.023,0.0068,-0.0244,-0.0348,-0.0431,-0.0511,-0.0487,-0.0432,-0.0246,-0.0146,-0.0039,0.0064,0.0258,0.0114,0.0311,0.0321,0.0245,0.0279,0.0244,0.0167,0.0104,0.0154
2015-06-26,19.9113,110.2239,O,,0.1815,0.096,0.0749,0.0977,0.1,0.1,0.0929,0.0703,0.0409,0.016,-0.0117,-0.0243,-0.0287,-0.0526,-0.0406,-0.0537,-0.0394,-0.0234,-0.0082,-0.0053,0.0026,0.0182,0.0217,0.0203,0.0109,0.0074,0.0182,0.0123,0.0134
2015-06-26,19.9113,110.2239,S,0.158,0.1593,0.172,0.181,0.1603,0.1548,0.1512,0.1216,0.1072,0.0811,0.0537,0.0038,0.0047,-0.0071,-0.0139,-0.0101,-0.0014,0.0005,0.0005,-0.011,0.0013,-0.0107,-0.0093,-0.0089,-0.0073,-0.0165,-0.0131,-0.01,-0.0215,-0.0181
2015-06-26,19.9113,110.2239,SE,,0.1381,0.1411,0.1313,0.1174,0.094,0.0827,0.0644,0.0252,0.0254,0.0124,0.0086,-0.0,-0.019,-0.0193,-0.0234,-0.0124,-0.012,0.0066,-0.0025,-0.01,-0.0081,-0.013,-0.0078,-0.0088,-0.0036,-0.0027,0.0009,0.0013,0.0014
2015-06-26,19.9113,110.2239,SO,,0.0748,0.0835,0.0762,0.0724,0.0756,0.0682,0.0592,0.0518,0.0401,0.025,0.0144,0.004,0.0014,-0.0116,-0.0128,-0.0215,-0.0186,-0.0228,-0.0153,-0.0111,-0.0079,-0.0296,-0.0252,-0.0248,-0.0198,-0.0163,-0.0032,0.0124,0.0415
2015-08-13,19.9113,110.2342,E,0.0214,0.0251,0.0252,0.0262,0.0264,0.0158,0.007,0.0106,0.0144,0.0202,0.013,0.0156,0.0166,0.0127,0.0099,0.0111,0.0099,-0.0007,-0.0022,-0.0034,-0.0057,-0.0077,-0.0098,-0.0082,-0.0062,-0.0074,-0.0036,0.0059,0.0034,0.0019
2015-08-13,19.9113,110.2342,N,,0.0219,0.0208,0.0182,0.0222,0.0186,0.0184,0.0151,0.0102,0.0059,0.0061,0.0067,0.0051,0.0021,-0.0022,0.0002,-0.001,-0.0044,-0.0048,-0.0063,-0.0039,-0.0029,-0.0022,-0.0007,0.0004,0.0032,0.0062,0.0097,0.0066,0.0097
2015-08-13,19.9113,110.2342,NE,,0.0059,0.0119,0.0165,0.0197,0.0273,0.0211,0.0243,0.021,0.014,0.0141,0.0132,0.0037,-0.0016,-0.0024,-0.0153,-0.0115,-0.0132,-0.0187,-0.0158,-0.0166,-0.0171,-0.0145,-0.0043,-0.0021,0.001,0.0064,0.0122,0.0194,0.0242
2015-08-13,19.9113,110.2342,NO,0.089,0.0813,0.0699,0.0642,0.0511,0.0466,0.028,0.0147,0.0076,0.0007,-0.0128,-0.0185,-0.0101,-0.0212,-0.0094,-0.0066,-0.0073,-0.0059,-0.0047,-0.0047,-0.0007,-0.0119,-0.0133,-0.0138,-0.0121,-0.0133,-0.0104,-0.0077,-0.0028,1e-04
2015-08-13,19.9113,110.2342,O,,0.1301,0.1189,0.1034,0.0868,0.083,0.0695,0.0556,0.0368,0.0304,0.0179,0.0073,-0.0009,-0.0087,-0.0141,-0.014,-0.018,-0.0169,-0.0179,-0.0191,-0.0166,-0.0089,0.0003,0.0036,0.0067,0.0111,0.0138,0.0153,0.0137,0.0214
2015-08-13,19.9113,110.2342,S,,0.1104,0.0785,0.066,0.0467,0.0312,0.018,0.0195,0.0226,0.0009,0.007,0.0016,-0.0022,-0.0311,-0.0249,-0.0237,-0.0467,-0.0376,-0.0288,-0.0213,-0.0218,-0.0171,-0.0066,-0.0043,0.0088,0.0161,0.0181,0.0142,0.0154,0.0132
2015-08-13,19.9113,110.2342,SE,,0.0234,0.017,0.0108,0.0175,0.0054,0.0045,0.0127,-0.002,0.0052,0.0159,0.0045,0.0103,0.0042,0.0044,0.0058,0.0117,0.0157,0.0086,0.0007,-0.0028,-0.0018,-0.0042,-0.0048,-0.0063,-0.0022,0.0011,-0.0025,-0.0051,-0.0029
2015-08-13,19.9113,110.2342,SO,,0.1371,0.139,0.1313,0.1186,0.0982,0.0789,0.0611,0.0409,0.0206,0.0068,0.0038,-0.0039,-0.0063,-0.006,-0.0064,-0.008,-0.0051,-0.0031,-0.001,-0.0059,-0.0071,-0.0094,-0.0048,-0.0053,-0.0087,-0.0092,-0.0107,-0.0115,-0.0099
2015-11-17,19.9031,110.2208,E,,0.0894,0.0713,0.0556,0.0331,0.0247,0.0044,-0.0029,-0.009,-0.0096,-0.0127,-0.0151,-0.0179,-0.0163,-0.0114,-0.0112,-0.0152,-0.0138,-0.0162,-0.0158,-0.0072,-0.004,-0.0042,0.0002,0.0035,0.0074,0.0128,0.0156,0.0218,0.0276
2015-11-17,19.9031,110.2208,N,0.0441,0.034,0.0325,0.0325,0.0152,-0.0009,0.0019,-0.0021,-0.0061,-0.0064,-0.0026,0.0087,0.0276,0.0299,0.0296,0.0268,0.0161,0.0053,-0.0108,-0.0149,-0.0122,-0.0141,-0.0224,-0.0201,-0.0163,-0.011,-0.008,-0.0072,-0.0044,0.0053
2015-11-17,19.9031,110.2208,NE,,0.0455,0.0346,0.0182,0.0172,0.0181,0.0139,0.0155,0.014,0.008,0.0045,-0.0024,0.0005,-0.0049,-0.0134,-0.0212,-0.0085,-0.017,-0.0056,-0.0131,-0.0099,-0.0056,-0.0045,-0.001,0.0093,0.0093,0.016,0.008,0.0151,0.0095
2015-11-17,19.9031,110.2208,NO,,0.0586,0.0474,0.0319,0.0328,0.0233,0.0078,-0.0002,-0.0025,0.0016,-0.0067,-0.0158,-0.0194,-0.0103,-0.0101,-0.0021,0.0013,0.002,-0.0033,0.0051,0.007,0.0124,0.0044,-0.0027,-0.0036,-0.0075,-0.0091,-0.0067,-0.0066,-0.0034
2015-11-17,19.9031,110.2208,O,,0.0726,0.0575,0.0408,0.0244,0.0161,0.0177,0.0098,0.0168,0.0177,0.0238,0.0178,0.0205,0.0163,0.0134,0.0098,0.0062,0.005,0.0092,0.0009,-0.0017,-0.0058,-0.0103,-0.0147,-0.0161,-0.0124,-0.0084,-0.0028,-0.0063,0.002
2015-11-17,19.9031,110.2208,S,,0.0476,0.0421,0.0285,0.0196,0.005,-0.002,0.0055,0.0112,0.0099,0.0165,0.0158,0.0147,0.0147,0.0028,-0.0002,-0.0028,-0.0045,-0.0088,-0.0128,-0.0146,-0.0089,-0.0075,-0.0016,-0.0005,-0.001,-0.0127,-0.0056,0.0031,0.0117
2015-11-17,19.9031,110.2208,SE,,0.0535,0.0412,0.0129,-0.0063,-0.0252,-0.0338,-0.0317,-0.038,0.0276,0.0427,0.0464,0.0334,0.0416,0.0127,-0.0155,-0.0153,-0.0166,-0.0007,-0.0021,0.0076,0.0059,0.0052,-0.0111,-0.0056,0.0028,-0.0027,-0.0154,-0.0168,-0.02
2015-11-17,19.9031,110.2208,SO,,0.0925,0.0691,0.0672,0.0658,0.0581,0.0475,0.043,0.0292,0.0213,0.0226,0.0202,0.0143,0.0127,0.005,0.0042,-0.0036,0.0006,0.0015,0.0015,0.01,0.0089,-0.0008,0.0033,-0.0154,-0.0141,-0.0191,-0.016,-0.0116,-0.009
2015-12-27,19.9007,110.2294,E,0.069,0.0496,0.0422,0.0431,0.0362,0.027,0.02,0.024,0.0237,0.0215,0.0052,-0.0028,-0.0075,-0.0085,-0.0095,-0.0093,-0.0104,-0.0113,-0.0103,-0.0102,,,,,-0.0021,-0.0022,-0.0012,-0.0013,0.0014,0.0016
2015-12-27,19.9007,110.2294,N,,,,,,0.0219,0.0129,0.0243,0.0131,0.0091,0.0103,0.01,0.011,0.0107,0.0051,-0.0062,-0.0098,-0.0096,-0.0089,0.0016,-0.001,-0.0076,-0.0075,-0.0112,-0.0096,0.0002,0.0009,0.0087,0.0095,0.0038
2015-12-27,19.9007,110.2294,NE,,0.0589,0.0451,0.0387,0.0312,0.0245,0.0203,0.0061,0.0042,0.0015,0.001,1e-04,-0.0016,-0.0177,-0.0193,-0.0292,-0.0284,-0.0222,-0.0141,-0.0112,-0.0076,-0.007,-0.0004,0.0113,0.0186,0.0288,0.0393,0.0229,0.023,0.0166
2015-12-27,19.9007,110.2294,NO,,,,,,,,,,,,,,,,,,,,-0.0049,-0.0095,-0.0058,-0.0031,-0.011,-0.011,-0.0018,-0.0002,0.0002,0.0022,0.0011
2015-12-27,19.9007,110.2294,O,,,,,,,,0.0038,,,,,,,,,-0.0168,-0.011,-0.0094,-0.0161,-0.0126,-0.0088,-0.0102,-0.0051,-0.002,0.0115,0.0132,0.0159,0.0195,0.0078
2015-12-27,19.9007,110.2294,S,,0.044,0.0315,0.023,0.0185,0.0216,0.0215,0.0113,0.0133,0.0065,0.001,-0.0006,0.0034,0.0071,0.0119,0.0075,0.007,0.0027,-0.0011,-0.0006,-0.0029,-0.0082,-0.0069,-0.0007,-0.0061,-0.001,-0.0045,-0.0098,-0.0077,-0.0085
2015-12-27,19.9007,110.2294,SE,,0.0497,0.0445,0.0369,0.0333,0.0317,0.0319,0.0255,0.0212,0.0196,0.0174,0.0165,0.0119,0.0095,-0.0008,-0.001,-0.011,-0.012,-0.0159,-0.0131,-0.0112,-0.0127,-0.0089,-0.0116,-0.0128,-0.0059,-0.0091,0.0049,-0.0049,0.0062
2015-12-27,19.9007,110.2294,SO,,0.0166,0.0045,0.0052,0.0162,0.0053,0.0052,-0.0059,-0.0075,-0.0127,-0.0122,-0.0173,-0.0221,,,,-0.0022,-0.0141,-0.0128,-0.0163,-0.0192,-0.017,-0.0205,0.0078,0.0088,0.025,0.0251,0.0194,0.0052,0.0045
2016-01-12,19.9024,110.2366,E,,,,,,,,,,-0.0122,0.004,0.004,0.0014,-0.0053,-0.0089,-0.0089,-0.0027,-0.0043,0.0069,0.0111,0.0094,0.0033,-0.0129,-0.0104,,,-0.0167,-0.0238,-0.0083,-0.0014
2016-01-12,19.9024,110.2366,N,,0.0662,0.0455,0.031,0.0118,-0.0149,-0.0195,-0.0149,0.007,0.0138,0.0172,0.01,-0.0065,-0.0164,-0.0115,-0.0052,0.0025,0.004,-0.006,-0.0142,,0.0058,-0.0072,0.0028,-0.0079,0.0266,0.0278,,0.0019,
2016-01-12,19.9024,110.2366,NO,,0.064,0.0489,0.0303,0.0126,-0.0106,-0.0182,-0.0182,-0.0175,-0.0148,-0.0086,0.0026,0.0171,0.0176,0.019,0.0149,0.0052,0.005,0.0042,-0.0034,-0.0083,-0.0105,-0.01,-0.0101,-0.0176,-0.0169,-0.0104,0.0042,0.0061,0.0205
2016-01-12,19.9024,110.2366,O,,0.0786,0.0689,0.0576,0.0496,0.0349,0.0341,0.0378,0.0254,0.0218,0.0182,0.0248,0.0141,0.0065,0.0062,0.0071,0.0049,0.0005,-0.0067,-0.0092,-0.0182,-0.019,-0.0185,-0.0184,-0.0189,-0.0199,-0.0188,,,
2016-01-12,19.9024,110.2366,S,0.0625,0.0507,0.0307,0.018,0.0121,0.0252,0.0311,0.0353,0.0306,0.0295,0.0145,0.0311,0.0211,0.0082,-0.0176,-0.018,-0.0112,-0.0233,-0.0272,-0.0131,-0.0045,0.0049,0.0125,-0.0004,-0.0039,-0.0079,-0.0041,-0.0031,0.0087,0.0164
2016-01-12,19.9024,110.2366,SE,,,,,,,,,,,-0.0063,-0.0082,-0.0046,-0.0107,0.0091,0.0119,0.0261,0.0327,0.0213,0.0271,0.004,0.0017,-0.0069,-0.0148,-0.0168,-0.0094,-0.0124,0.0034,0.001,-0.006
2016-01-12,19.9024,110.2366,SO,,0.0539,0.0443,0.0448,0.045,0.0409,0.0392,0.0279,0.0177,0.0129,0.0086,-0.0025,0.001,0.0092,0.0103,-0.0005,-0.0214,-0.0155,-0.0228,-0.0031,-0.0144,-0.007,-0.0084,-0.0093,-0.007,-0.0063,-0.0223,-0.0217,-0.0235,-0.0067
2016-03-08,19.9113,110.2239,E,0.0491,0.0552,0.041,0.0471,0.0418,0.0384,0.0154,0.0096,0.0165,0.0218,-0.0056,-0.0073,-0.0132,-0.0148,-0.0156,-0.018,-0.0161,-0.0176,-0.0215,-0.023,-0.0182,-0.0098,-0.0091,-0.0087,0.0102,0.0071,0.004,-0.0084,0.0191,0.0131
2016-03-08,19.9113,110.2239,N,,0.0475,0.0465,0.0274,0.0285,0.0346,0.0285,0.0139,0.0186,0.0273,0.0283,0.0311,0.0193,0.007,0.0032,-0.0024,-0.0099,-0.0042,-0.0021,-0.0214,-0.0165,-0.0067,-0.0101,-0.0046,-0.0004,0.0037,0.0043,0.0028,0.0023,0.0051
2016-03-08,19.9113,110.2239,NE,,0.0438,0.0415,0.0344,0.0277,0.0139,-0.0006,-0.0,-0.0034,-0.0166,-0.0176,-0.0245,-0.0237,-0.0231,-0.0179,-0.0168,-0.0138,-0.0011,-0.0058,0.0025,0.0009,0.0028,0.0003,0.004,-0.0018,0.0032,0.0034,0.0019,-0.0024,-0.0068
2016-03-08,19.9113,110.2239,NO,,0.0459,0.0347,0.0169,0.0074,0.0109,0.0217,0.034,0.0313,0.0251,-0.0055,-0.0096,-0.0102,-0.0201,-0.0186,-0.016,-0.0108,-0.01,-0.0042,0.0058,0.0081,0.0003,0.005,0.0045,0.0046,0.0085,0.0046,0.0024,0.001,-0.0006
2016-03-08,19.9113,110.2239,O,,0.0728,0.024,0.0301,0.0339,0.0348,0.0343,0.0273,0.0238,0.013,0.0037,-0.0021,-0.0085,-0.0075,-0.011,-0.0103,-0.0172,-0.0126,-0.0027,-0.001,-0.0016,0.0007,0.0042,0.002,0.0005,-0.0026,-0.0015,0.0007,0.0026,0.0067
2016-03-08,19.9113,110.2239,S,0.0804,0.0786,0.0803,0.0803,0.0755,0.0735,0.0724,0.058,0.0532,0.0469,0.0396,0.0087,0.0072,0.0038,0.0015,0.0066,0.0032,0.0054,0.0053,-0.0031,-0.0072,-0.0079,-0.0104,-0.0093,-0.01,-0.013,-0.0108,-0.0094,-0.0193,-0.0194
2016-03-08,19.9113,110.2239,SE,,0.0491,0.0502,0.0456,0.044,0.0379,0.0335,0.026,0.013,0.0182,0.0203,0.0168,0.0039,-0.0064,-0.0066,-0.001,0.0028,0.0046,0.006,-0.0004,-0.0042,-0.0012,1e-04,0.0017,-0.0006,-0.0007,-0.0023,-0.0016,-0.0019,-0.0035
2016-03-08,19.9113,110.2239,SO,,0.0161,0.0202,0.02,0.0223,0.0274,0.0262,0.0243,0.0232,0.0228,0.015,0.0072,-0.0028,-0.0041,-0.0075,-0.0045,-0.0071,-0.0056,-0.0087,-0.0072,-0.0072,-0.0088,-0.012,-0.0109,-0.0134,-0.012,-0.0028,0.0015,0.0094,0.0158
2016-12-05,19.9099,110.2251,E,0.0035,0.0033,0.0017,0.0201,0.0125,0.0108,0.0115,0.0163,0.0127,0.0061,0.0018,-0.0003,-0.018,-0.0176,-0.0203,-0.0211,-0.0108,-0.0065,0.0006,0.0019,-0.0005,-0.0018,-0.0015,-0.0035,-0.0041,-0.0035,-0.0029,-0.0019,-0.0023,-0.0025
2016-12-05,19.9099,110.2251,N,0.0607,0.0564,0.0303,0.0095,0.0026,-0.0018,-0.0006,-0.0132,-0.0122,-0.0143,-0.0108,-0.0122,-0.0171,-0.0161,-0.016,-0.0121,-0.0131,-0.0088,-0.0045,-0.0043,0.0015,0.0015,0.0032,0.0041,0.0021,0.0045,0.0101,0.017,0.0177,0.013
2016-12-05,19.9099,110.2251,NE,,-0.0018,-0.0098,-0.004,0.0137,0.0209,0.0219,0.0193,0.0157,-0.0026,0.0056,-0.0088,-0.0092,-0.0003,0.0039,0.0045,0.0472,-0.0019,-0.0084,-0.0052,-0.0025,-0.0026,-0.0039,-0.0068,-0.0062,-0.0045,-0.0057,-0.0057,-0.0106,-0.0115
2016-12-05,19.9099,110.2251,NO,,0.0458,0.0384,0.0282,-0.0084,-0.0115,-0.0163,-0.0169,-0.0161,-0.0109,-0.0104,-0.008,0.0012,0.0021,0.0029,0.0048,0.004,0.0051,0.0023,0.0107,-0.001,-0.0054,1e-04,-0.0007,-0.0003,-0.002,0.0034,0.0056,0.0069,1e-04
2016-12-05,19.9099,110.2251,O,,0.069,0.0572,0.049,0.0107,0.0057,0.0025,0.0014,0.0039,0.0012,0.0016,-0.0007,-0.0013,0.0008,0.002,-0.0019,0.0,0.0027,0.0028,0.0019,-0.0005,-0.0026,0.0036,0.0028,-0.0005,-0.0016,-0.0019,-0.0122,-0.0099,-0.0019
2016-12-05,19.9099,110.2251,S,,0.0283,0.0252,0.022,0.0253,0.0205,0.0221,0.0266,0.0318,0.0317,0.0301,0.0205,0.0145,0.0089,0.0066,-0.0039,-0.0093,-0.0126,-0.0105,-0.0092,-0.0066,-0.0092,-0.0084,-0.0106,-0.0117,-0.0107,-0.0125,-0.0133,-0.0139,-0.0019
2016-12-05,19.9099,110.2251,SE,,-0.0117,-0.0156,-0.0173,-0.0134,0.025,0.0254,0.029,0.0324,0.0293,0.0257,0.0219,0.0115,-1e-04,0.0002,0.0041,0.0052,-0.0036,-0.0128,-0.0132,-0.0119,-0.0091,-0.0077,-0.0027,-0.0011,-0.0073,-0.0036,-0.0018,-0.0037,1e-04
2016-12-05,19.9099,110.2251,SO,,0.0445,0.0453,0.0395,0.0394,0.0399,0.0286,0.0183,0.0157,0.0097,0.0019,-0.0037,-0.0067,-0.0077,-0.0077,-0.0091,-0.0089,-0.008,-0.0097,-0.0133,-0.0155,-0.0156,-0.0219,-0.0138,-0.0165,-0.0124,-0.0059,0.0091,0.0306,0.0344
2017-06-23,19.9062,110.236,E,,0.0568,0.0467,0.0345,0.0223,0.0024,-0.0021,0.0085,0.0109,0.0099,0.0086,0.0083,0.01,0.0141,0.0295,,,,,,,,-0.0159,-0.0139,-0.0061,-0.0022,-0.0052,-0.0044,-0.0004,-0.0034
2017-06-23,19.9062,110.236,N,,0.0899,0.0659,0.0436,0.0238,0.0064,-0.0032,-0.0036,-0.002,-0.0012,-0.0017,-0.0023,0.0128,0.012,0.0066,0.0025,0.0007,-0.0016,-0.0017,-0.0077,-0.0048,-0.0111,-0.0063,-0.0022,0.0094,0.008,-0.0041,0.0045,0.0032,0.0051
2017-06-23,19.9062,110.236,NE,0.0688,0.0554,0.0575,0.0362,0.0097,0.003,0.0009,0.0023,-0.005,-0.0052,-0.0015,-0.0063,0.0044,1e-04,0.0022,-0.0009,0.0021,0.0086,0.0052,0.0027,0.0051,-0.0151,-0.0238,-0.0114,-0.0087,-0.0106,0.0024,0.0046,0.0055,-0.0021
2017-06-23,19.9062,110.236,NO,0.0859,0.0743,0.0539,0.0337,0.0351,0.0202,-0.0061,-0.0062,0.0067,0.019,0.0202,0.0057,0.0045,-0.0086,-0.0153,-0.0222,-0.0214,-0.0157,-0.0093,0.005,-0.0102,-0.0115,-0.017,0.0149,0.0226,0.037,0.0032,-0.019,-0.0232,-0.024
2017-06-23,19.9062,110.236,O,,0.0704,0.0519,0.0376,0.0305,0.0219,0.0148,0.0197,0.0251,0.027,0.0215,0.0195,,,,,,,,-0.0216,-0.0069,-0.004,-0.0048,-0.003,0.0039,0.0024,0.0093,-0.0012,-0.0117,0.0026
2017-06-23,19.9062,110.236,S,,0.0367,-0.0068,-0.0276,-0.0341,-0.0324,-0.0173,-0.0119,-0.0025,-0.0039,0.0166,0.0264,0.0223,0.0072,0.001,0.0017,0.0037,0.0036,0.003,0.0027,0.0155,0.0126,0.0058,-0.0042,-0.0106,-0.0127,-0.0257,-0.018,-0.0101,-0.007
2017-06-23,19.9062,110.236,SE,0.0244,0.0078,-0.01,-0.0278,-0.0454,-0.0522,-0.0426,-0.0197,-0.0154,-0.0103,0.0035,0.028,0.048,0.0564,0.0323,0.0384,0.0292,0.0212,0.0028,-0.0015,-0.0138,-0.0198,-0.0216,-0.0253,-0.0254,-0.0283,-0.0304,-0.0314,-0.0345,-0.0362
2017-06-23,19.9062,110.236,SO,0.0536,0.0475,0.0216,0.0238,0.0074,0.0078,0.0029,-0.0011,-0.0067,0.0026,0.0143,0.017,0.0064,-0.0009,0.0137,0.0135,0.0095,0.018,0.0287,,-0.0202,-0.0365,-0.0065,-0.0098,-0.0072,-0.0065,-0.0194,0.0058,0.0055,0.0108
2017-08-02,19.9113,110.2239,E,0.0569,0.0604,0.0692,0.0617,0.0507,0.0441,0.0231,0.0239,0.0187,0.0148,-0.0139,-0.0162,-0.0171,-0.0169,-0.0214,-0.022,-0.0175,-0.0167,-0.0138,-0.0093,-0.0099,-0.0057,-0.0079,-0.0056,0.0056,0.005,0.0081,0.0096,0.0244,0.0456
2017-08-02,19.9113,110.2239,N,,0.0845,0.077,0.0577,0.0551,0.0579,0.0524,0.0396,0.0408,0.0398,0.0315,0.0242,0.0209,0.0179,0.0076,0.0067,-0.0136,-0.0118,-0.007,-0.0241,-0.0188,-0.0108,-0.0237,-0.0193,-0.0167,-0.0141,-0.0124,-0.0119,-0.0067,-0.0044
2017-08-02,19.9113,110.2239,NE,,0.0684,0.0615,0.0491,0.0415,0.0278,0.0148,0.0107,-0.0054,-0.0103,-0.0131,-0.0119,-0.0138,-0.0112,-0.0097,-0.0151,-0.0184,-0.0158,-0.0117,-0.0146,-0.0127,-0.0062,-0.0063,-0.0061,-0.0032,0.0035,0.0084,0.0159,0.0186,0.0216
2017-08-02,19.9113,110.2239,NO,,0.1187,0.0959,0.0696,0.0581,0.062,0.0505,0.0653,0.0587,0.0457,0.023,0.0066,-0.0051,-0.0105,-0.0128,-0.0097,-0.0088,-0.0067,-0.0046,-0.0105,-0.0044,-0.01,-0.0042,-0.003,0.0016,-0.0011,0.0013,-0.0014,-0.0066,-0.004
2017-08-02,19.9113,110.2239,O,,0.1395,0.0977,0.0841,0.084,0.0748,0.0676,0.0509,0.0395,0.0307,0.0155,0.0052,0.0009,0.0027,-0.003,-0.0073,-0.0092,-0.0067,-0.0073,-0.0056,-0.0064,-0.0078,-0.0086,-0.008,-0.0056,-0.0079,-0.0083,-0.0076,-0.0068,-0.0058
2017-08-02,19.9113,110.2239,S,0.0702,0.0767,0.0894,0.1016,0.0963,0.0937,0.0893,0.0689,0.0614,0.0544,0.0475,0.0127,0.0116,0.0081,0.0011,0.0009,0.002,0.0043,0.0014,-0.0087,-0.006,-0.013,-0.0147,-0.0142,-0.0085,-0.014,-0.0095,-0.0082,-0.0089,-0.0063
2017-08-02,19.9113,110.2239,SE,,0.0455,0.0524,0.0535,0.0406,0.0373,0.0323,0.0264,0.013,0.0156,0.0172,0.0156,0.009,-0.0071,-0.0092,-0.0114,-0.0064,-0.0046,0.0005,0.0008,-0.001,0.0026,0.0035,0.0041,0.0041,0.0005,0.0017,0.0032,0.0033,0.0019
2017-08-02,19.9113,110.2239,SO,,0.0488,0.0574,0.0562,0.057,0.0578,0.0708,0.0751,0.0646,0.0497,0.0288,0.018,0.0114,0.0175,0.0043,0.0005,-0.0106,-0.0067,-0.0132,-0.0193,-0.0147,-0.0136,-0.0291,-0.0243,-0.0264,-0.0229,-0.0173,-0.0106,0.0107,0.0191
2017-09-19,19.8983,110.2243,E,,0.1071,0.0729,0.0775,0.0557,0.0399,0.038,0.0268,0.023,0.0103,0.0144,0.0274,0.0181,0.0131,-0.005,-0.0137,-0.0179,-0.02,-0.0023,-0.0023,-0.0074,-0.0088,-0.0029,-0.003,-0.0065,-0.0051,-0.0089,-0.008,0.0004,0.0028
2017-09-19,19.8983,110.2243,N,0.0467,0.0404,0.0267,0.0245,0.0155,0.0126,0.0105,0.0081,0.0143,0.0156,0.0177,0.0204,0.0242,0.0132,0.0153,0.0086,0.0059,0.0123,0.014,0.0121,0.0092,0.0023,0.0,-0.0037,-0.0138,-0.0124,-0.0068,-0.0168,-0.0049,-0.0051
2017-09-19,19.8983,110.2243,NE,,0.0679,0.052,0.0458,0.0328,0.0248,0.0276,0.0168,0.0129,0.0031,-0.0283,-0.011,-0.0071,-0.0029,-0.0163,-0.0171,-0.0088,0.0115,-0.0146,0.0275,0.0297,0.0204,-0.0038,-0.0097,-0.0076,-0.0114,-0.0184,-0.0064,-0.0069,-0.0124
2017-09-19,19.8983,110.2243,NO,,0.0232,0.0096,0.0055,-0.0039,-0.0112,-0.0176,-0.0165,-0.017,-0.0198,-0.0176,-0.0109,-0.0005,-0.0078,-0.0101,-0.008,-0.0164,-0.0056,-0.0135,-0.003,-0.0083,0.0012,-0.0011,0.0081,-0.0003,0.0058,0.0057,0.006,0.0105,0.0148
2017-09-19,19.8983,110.2243,O,0.0199,0.0169,0.0116,0.0065,-0.0028,-0.0089,-0.0076,-0.0111,-0.0116,-0.0116,-0.0066,0.0005,0.0055,0.0049,-0.0003,-0.0047,-0.0032,0.0005,0.0037,0.0091,0.016,0.018,0.0136,0.0051,-0.0045,-0.0141,-0.014,-0.0106,-0.0052,-0.003
2017-09-19,19.8983,110.2243,S,,0.0321,0.0213,0.0049,-0.0162,-0.014,-0.0151,0.0059,0.0116,0.0116,0.0193,0.0147,0.0048,0.0065,0.0054,0.0007,-0.0006,-0.0028,-0.0125,-0.0068,-0.0044,-0.0063,0.0118,0.0129,0.0141,0.0151,0.0138,0.0041,-0.0063,-0.0144
2017-09-19,19.8983,110.2243,SE,,0.1014,0.0818,0.0657,0.0423,0.0284,0.0274,0.0236,0.0134,0.0178,0.0178,0.0103,0.0067,0.0013,-0.0052,0.0004,-0.0074,-0.0022,-0.0003,0.0115,0.0075,0.0126,0.017,0.0136,0.0042,-0.0064,-0.017,-0.0247,-0.0279,-0.0333
2017-09-19,19.8983,110.2243,SO,,0.0099,0.0083,0.0122,0.006,0.0082,0.0227,0.0055,-0.0089,-0.0026,-0.0053,-0.0127,-0.0076,-0.0061,-0.0123,-0.0078,-0.0143,-0.0134,-0.0013,0.012,0.0067,0.0009,0.0111,0.0066,0.0165,0.004,0.0006,-0.0054,0.009,-0.0077
2017-11-14,19.9097,110.2328,E,0.0787,0.0748,0.0741,,,,,,,,,,,,,0.0465,0.0323,0.0167,0.003,-0.0062,-0.0103,-0.0103,-0.0133,-0.0146,,,,,,
2017-11-14,19.9097,110.2328,N,,0.0196,0.0198,0.0094,-0.0002,0.005,0.0065,0.0,0.0069,0.0214,0.0249,0.0188,0.0023,0.0003,-0.0007,0.0021,0.0054,0.0077,-0.0013,0.0096,0.009,0.0149,0.0123,0.003,-0.0074,-0.0084,-0.0133,-0.0286,-0.0365,-0.0306
2017-11-14,19.9097,110.2328,NE,,0.0646,0.0514,0.0442,0.0582,0.0419,0.0264,0.0108,0.0172,0.0262,,,,,,,-0.0093,-0.0027,-0.0087,-0.0122,-0.0034,-0.0072,-0.0027,-0.0071,-0.0074,-0.0018,0.0052,0.0072,0.0023,0.0127
2017-11-14,19.9097,110.2328,NO,,-0.0021,-0.0197,-0.0333,-0.0494,-0.0586,-0.0391,-0.036,-0.0259,-0.0113,-0.0043,0.0127,0.0195,0.0159,0.0164,0.0223,0.0248,0.0115,0.0149,0.0131,0.002,-0.0014,-0.0086,-0.0139,-0.0144,-0.0148,-0.0111,-0.0144,-0.0014,0.0011
2017-11-14,19.9097,110.2328,O,,0.0538,0.0426,0.0309,0.0232,0.0097,-0.0003,0.0012,0.0019,-0.0066,-0.0055,-0.006,0.0073,0.0057,,,,,,,,,,,,,,,,-0.01
2017-11-14,19.9097,110.2328,S,,0.0749,0.0649,0.045,0.0341,0.0337,0.0246,0.0247,0.0162,0.0147,0.0005,-0.0075,-0.01,-0.0197,-0.0164,-0.0157,-0.0158,-0.016,-0.0081,-0.0059,0.0003,-0.0015,-0.002,0.0019,0.0094,0.0122,0.0124,0.0123,0.002,0.0025
2017-11-14,19.9097,110.2328,SE,,0.0575,0.0575,0.0324,0.0204,0.0169,0.0117,0.0127,0.011,0.0098,0.0111,-0.0002,-0.0033,-0.0052,-0.0066,-0.006,0.0039,-0.0049,-0.0042,-0.0056,-0.0095,-0.012,-0.0094,-0.0026,-0.0174,-0.0045,0.0031,0.0138,0.0111,0.0173
2017-11-14,19.9097,110.2328,SO,0.0707,0.0655,0.0592,0.0541,0.031,0.0243,0.0054,0.0108,0.0089,0.0122,0.0035,-0.006,-0.0056,-0.0163,-0.0166,-0.0147,-0.0227,-0.0155,-0.0025,-0.0059,-0.0049,-0.0053,-0.0017,0.0025,0.0032,0.0048,0.0013,0.0106,0.0124,0.0136
2017-12-08,19.911,110.2259,E,0.0416,0.0339,0.03,0.0229,0.0156,0.0098,0.0038,-0.004,-0.0152,-0.0089,-0.0045,-0.0062,-0.0059,-0.002,0.0013,-0.0043,-0.0018,0.0017,0.001,0.0009,-0.0003,-0.0024,-0.0028,-0.0028,-0.0042,-0.0035,-0.0044,-0.0021,-0.0022,0.0011
2017-12-08,19.911,110.2259,N,0.0186,0.0106,0.0144,0.0114,0.0122,0.0106,0.0014,0.0027,-0.0063,-0.0033,-0.002,-0.0063,-0.0089,-0.0138,-0.0162,-0.0053,-0.0092,-0.0006,0.0002,-0.0006,-0.0017,-0.001,0.0003,0.0056,0.005,-0.0009,0.0014,0.0026,0.0021,-0.0007
2017-12-08,19.911,110.2259,NE,0.0111,0.0134,0.0151,0.0143,0.0007,0.0036,0.002,0.0009,0.0175,0.0153,0.0461,0.0529,0.0591,0.0056,0.0055,0.01,0.0057,0.003,0.0021,-0.0,-0.0016,-0.0041,-0.001,-0.0037,-0.0051,-0.0105,-0.0139,-0.0195,-0.0225,-0.0263
2017-12-08,19.911,110.2259,NO,,0.0135,0.0169,-0.0037,-0.019,-0.0196,-0.021,-0.0157,-0.0209,-0.0189,-0.0188,-0.012,-0.0122,-0.0132,-0.0062,0.0015,0.0024,-0.0014,-0.0016,0.0056,0.0048,0.0035,-0.0004,0.0036,0.0052,0.0066,0.0063,0.0067,0.0101,0.0118
2017-12-08,19.911,110.2259,O,,0.0251,0.0191,0.0048,0.022,0.0295,0.0118,0.0073,-0.0161,-0.0112,-0.0072,-0.0048,-0.0024,-0.0012,0.0016,1e-04,-0.0011,0.0002,-0.0036,-0.0015,-0.0016,-0.0005,-0.0002,-0.0007,0.0002,-0.0034,0.0016,0.0016,-0.0016,-0.0021
2017-12-08,19.911,110.2259,S,,0.062,0.0521,0.0415,0.0383,0.0151,,,,,,,0.0,0.0,0.0,0.0,0.0,0.0,0.0,0.0,,,,,,,,,,
2017-12-08,19.911,110.2259,SE,,0.0384,0.0377,0.0275,0.0283,0.0185,0.0146,0.0072,0.0041,0.0081,-0.0047,-0.0107,-0.0054,0.0049,0.0002,0.001,-0.002,-0.0055,0.0005,-0.0037,-0.0049,-0.0107,-0.0081,-0.0037,0.0013,0.0082,0.0111,0.0133,0.0179,0.0202
2017-12-08,19.911,110.2259,SO,,0.0119,0.0169,0.0192,0.0237,0.0004,0.0145,-0.0108,-0.0132,-0.0176,-0.0175,-0.0157,-0.0095,-0.0057,-0.0107,-0.0106,-0.0107,-0.0127,-0.0069,0.0014,0.002,0.0068,0.0016,0.0011,-0.0003,0.0,0.0083,0.0091,0.0113,0.0219
2017-12-24,19.9113,110.2239,E,0.0183,0.0239,0.0215,0.0236,0.0231,0.0141,0.0073,-0.0017,0.0095,0.0132,-0.0111,-0.0055,-0.0045,-0.0013,-0.0046,-0.0048,-0.0032,-0.0038,-0.0089,-0.0103,-0.0105,-0.0066,-0.0053,-0.0031,0.0022,-0.002,-0.0011,-0.0096,0.007,0.0036
2017-12-24,19.9113,110.2239,N,,0.0544,0.0508,0.0369,0.0359,0.0394,0.0357,0.0227,0.0166,0.0209,0.0177,0.0153,0.0156,0.0075,-1e-04,0.0005,-0.0037,-0.0031,-0.0043,-0.0144,-0.012,-0.0105,-0.0073,-0.0065,-0.0062,-0.0042,-0.0054,-0.0061,-0.0017,0.003
2017-12-24,19.9113,110.2239,NE,,0.0315,0.0331,0.0293,0.0277,0.0184,0.0063,0.0063,-0.0084,-0.0161,-0.0171,-0.0204,-0.0192,-0.0168,-0.0114,-0.013,-0.0114,-0.0037,-0.0007,0.0041,-0.0007,0.0023,0.0007,0.0043,0.0036,0.0023,-0.002,-0.006,-0.0082,-0.009
2017-12-24,19.9113,110.2239,NO,,0.0654,0.0556,0.0407,0.0317,0.036,0.0261,0.0391,0.0386,0.0264,-0.0013,-0.0075,-0.0077,-0.0166,-0.0166,-0.0174,-0.0169,-0.0048,-0.0062,0.0028,-0.0007,-0.0023,0.0014,0.0066,0.0091,0.0038,-0.0008,0.0084,0.0076,0.0102
2017-12-24,19.9113,110.2239,O,,0.0725,0.0204,0.0257,0.0305,0.0203,0.0207,0.0071,0.005,0.0033,-0.0031,0.0006,-0.0007,-0.0061,-0.0072,-0.0068,-0.0067,-0.0019,-0.0032,0.005,-0.0011,-0.0011,-0.0039,-0.0019,0.0043,0.0047,0.0056,0.0072,0.0002,0.0003
2017-12-24,19.9113,110.2239,S,0.0903,0.0925,0.0931,0.0894,0.0888,0.0862,0.0858,0.0721,0.0561,0.0443,0.0343,0.0072,-0.0004,-0.0086,-0.0076,-0.0046,-0.0068,-0.0057,-0.0049,-0.0048,-0.0034,-0.004,-0.0062,-0.0064,-0.0082,-0.0091,-0.0076,-0.009,-0.0082,-0.0041
2017-12-24,19.9113,110.2239,SE,,0.046,0.0439,0.0412,0.0412,0.0376,0.0366,0.0333,0.0279,0.017,0.0193,0.0138,0.012,0.0086,0.0035,0.0034,0.0101,0.0092,0.0065,0.0027,0.003,0.0014,0.004,0.0044,0.0053,0.001,0.0008,0.0032,0.0056,0.0054
2017-12-24,19.9113,110.2239,SO,,-0.0074,0.0077,0.0097,0.0235,0.0317,0.0458,0.0445,0.0362,0.0279,0.0167,0.0095,0.0084,0.006,0.0008,-0.0086,0.0006,-0.0046,0.0008,-0.0084,-0.005,-0.0065,-0.0116,-0.0072,-0.0107,-0.0115,-0.0064,0.0022,0.0067,0.0041
2018-02-02,19.8997,110.234,E,-0.0013,-0.0021,-0.0105,-0.0105,-0.0056,-0.0038,0.0008,-0.0008,0.0019,,,,,,,,,,,,,,,,,,,,,
2018-02-02,19.8997,110.234,N,0.0206,0.0206,,,,0.0123,,,,,,,,,,,,,,,,,,,,,,,,
2018-02-02,19.8997,110.234,NE,,0.0206,,,,,0.0053,0.0075,0.0075,,,,,,,,,,,,,,,,,,,,,
2018-02-02,19.8997,110.234,NO,,0.0095,0.0105,1e-04,,0.0002,-1e-04,1e-04,0.0002,0.0032,0.0038,0.0008,0.0022,0.0016,0.0009,0.0017,-0.003,-0.0027,-0.0024,-0.0025,-0.0013,0.0044,-0.0011,-0.0017,0.0009,,0.0078,,-0.0,0.0068
2018-02-02,19.8997,110.234,O,,0.0185,,0.0043,0.001,0.0045,0.0037,0.0,0.0013,-0.0019,0.001,0.0012,0.0024,0.001,-0.0009,-0.0015,-0.0009,-0.0038,,,,,,-0.0011,-0.0005,-0.0005,-0.0011,0.0003,-0.0016,0.0012
2018-02-02,19.8997,110.234,S,,0.01,0.0098,0.0097,0.0035,0.0038,0.0077,0.0077,0.002,0.0057,0.0037,0.0032,0.0028,-1e-04,-0.0018,-0.0017,0.0031,0.0032,-0.0029,-0.0031,-0.0024,-0.0013,1e-04,1e-04,-0.0027,-0.0039,-0.004,-0.0039,-0.0025,-0.0039
2018-02-02,19.8997,110.234,SE,,0.007,0.0008,0.0072,0.0073,0.0011,0.0002,0.003,-0.0009,0.0025,0.0024,0.0022,-0.0044,-0.0038,-0.003,1e-04,-0.0007,-0.0003,-0.0003,-0.0003,1e-04,-0.0014,-0.0049,-0.0049,-0.002,0.0009,0.0015,-0.0018,0.0019,0.0085
2018-02-02,19.8997,110.234,SO,,0.0096,0.0032,0.0041,0.0049,0.004,0.0038,0.0025,0.0022,0.0035,0.0013,-0.0023,-0.003,-0.0023,0.0018,0.0021,0.003,-0.0036,-0.0031,-0.0029,-0.0031,-0.0027,0.0037,0.0005,-0.0025,-0.0022,0.0004,0.0006,-0.0007,0.0012
2018-05-17,19.911,110.2271,E,,0.0842,0.0752,0.0573,0.0373,0.0257,0.0116,0.0526,0.0627,0.0512,0.0495,-0.0315,-0.0292,-0.0177,-0.0158,-0.0058,-0.0024,-0.0048,-0.0034,-0.0012,0.0024,0.0044,0.0026,-0.0009,-0.0012,-0.0014,-0.0044,-0.0063,-0.0096,-0.0075
2018-05-17,19.911,110.2271,N,,0.1009,0.0802,0.0559,0.0339,0.0152,-0.0074,-0.0146,-0.0235,-0.0166,-0.014,-0.0065,-0.0049,-0.0005,0.0009,0.0043,0.0022,0.0034,0.0122,0.0222,0.0082,0.0141,0.0067,0.0118,0.0083,0.0075,-0.0076,-0.0098,-0.0117,-0.0219
2018-05-17,19.911,110.2271,NE,0.0825,0.0741,0.066,0.064,0.061,0.0693,0.0702,0.0593,0.0657,0.0481,0.025,-0.0126,-0.0172,-0.0122,-0.0052,-0.0056,0.0078,0.0153,0.0186,0.0188,0.0164,0.0075,-0.0004,-0.0088,-0.0174,-0.0235,-0.0259,-0.025,-0.0237,-0.0291
2018-05-17,19.911,110.2271,NO,0.0929,0.0728,0.0602,0.0374,0.0167,0.008,-0.0166,-0.0349,-0.0423,-0.037,-0.0346,-0.0334,-0.0144,-0.011,0.0033,0.006,0.0143,0.0144,0.0118,0.01,0.0039,0.0005,0.0123,0.0149,0.0173,0.0093,0.0036,-0.0049,-0.014,-0.024
2018-05-17,19.911,110.2271,O,,0.0767,0.0502,0.0191,0.0172,0.0089,0.001,0.0016,0.0075,0.0382,0.0579,0.0455,0.0274,0.0136,0.0052,0.0005,-0.0049,-0.0062,-0.0089,-0.0099,-0.0042,-0.0023,-0.004,-0.0053,-0.0053,-0.0024,0.0034,-0.0017,-0.0007,-0.0208
2018-05-17,19.911,110.2271,S,,0.0842,0.0533,0.0336,0.0491,0.0376,0.0347,0.0375,0.0708,0.0683,0.08,0.0309,0.0853,0.0623,0.0414,0.0494,0.0476,0.0457,0.0394,0.0182,0.0051,-0.005,-0.0261,-0.0328,-0.0399,-0.0397,-0.0396,-0.0361,-0.0359,-0.0349
2018-05-17,19.911,110.2271,SE,0.0884,0.0756,0.055,0.033,0.0169,0.0329,0.0286,0.0231,0.0168,0.0114,-0.026,0.0313,0.0193,0.0189,0.0107,-0.019,-0.0126,-0.0186,-0.0235,-0.0138,-0.0156,-0.0173,-0.0158,-0.0103,-0.0109,-0.0075,0.0024,0.0243,0.0229,0.0237
2018-05-17,19.911,110.2271,SO,0.0869,0.0774,0.0049,-0.0016,0.0149,0.0072,0.0197,0.0297,0.0445,0.024,0.0162,0.0144,0.0102,0.0119,0.0043,-0.0069,-0.0136,-0.0123,-0.009,-0.0103,-0.0152,-0.0254,-0.0249,-0.0264,-0.022,-0.025,-0.0202,-0.0115,0.0015,0.0295
2018-07-04,19.9113,110.2239,E,0.0748,0.0744,0.08,0.0771,0.0774,0.0627,0.0407,0.0249,0.0219,0.0167,-0.0213,-0.0206,-0.0218,-0.0146,-0.0177,-0.0201,-0.0172,-0.0193,-0.0168,-0.0152,-0.0132,-0.0061,-0.0071,-0.0025,0.0055,0.0018,0.0046,0.0093,0.0208,0.0328
2018-07-04,19.9113,110.2239,N,,0.0541,0.05,0.0273,0.0279,0.0274,0.0301,0.0099,0.009,0.0112,0.0132,0.0141,0.0228,0.0208,0.0068,0.01,-0.0174,-0.0158,-0.0157,-0.0257,-0.0165,-0.0086,-0.0111,-0.0093,-0.0068,-0.0053,-0.0034,-0.0051,-0.0007,0.0061
2018-07-04,19.9113,110.2239,NE,,0.0593,0.0549,0.0459,0.0345,0.0229,0.012,0.0087,0.0004,-0.023,-0.017,-0.023,-0.0203,-0.0191,-0.0018,-0.0231,-0.0211,-0.0109,-0.01,-0.0004,-0.0027,0.0006,-0.0009,0.0011,-0.0005,0.0012,0.0014,-0.002,-0.0029,-0.0057
2018-07-04,19.9113,110.2239,NO,,0.0579,0.0378,0.0111,0.0051,0.0101,-0.0003,0.0241,0.019,0.0146,-0.0111,-0.0039,0.0003,-0.0003,-0.0039,-0.0155,-0.0117,-0.0175,-0.0142,-0.0184,-0.003,-0.0025,0.0066,0.006,0.0101,0.0091,0.012,0.0062,0.0025,0.0049
2018-07-04,19.9113,110.2239,O,,0.1094,0.0466,0.0377,0.0424,0.0347,0.0286,0.0117,-0.0009,-0.0113,-0.0197,-0.0254,-0.0262,-0.0247,-0.0293,-0.0117,-0.0182,-0.0192,-0.0174,-0.0166,-0.0021,0.0033,0.0093,0.0137,0.0234,0.0214,0.015,0.0193,0.013,0.0144
2018-07-04,19.9113,110.2239,S,0.1109,0.1115,0.1183,0.1245,0.1095,0.1069,0.1014,0.0766,0.0682,0.0493,0.0343,0.0,0.0023,-0.0044,-0.0059,-0.0055,-0.007,-0.0028,-0.0047,-0.0117,-0.009,-0.0153,-0.0123,-0.0092,-0.0033,-0.009,-0.0047,-0.0046,-0.0155,-0.011
2018-07-04,19.9113,110.2239,SE,,0.0882,0.0886,0.0823,0.0753,0.0585,0.0516,0.0433,0.027,0.0274,0.0231,0.0132,-0.0007,-0.0112,-0.0178,-0.0205,-0.01,-0.0067,0.0065,-1e-04,-0.001,-0.0009,-0.0036,1e-04,-0.0002,0.002,0.0027,0.0035,0.0022,-0.0011
2018-07-04,19.9113,110.2239,SO,,0.046,0.0511,0.0454,0.0512,0.0459,0.0484,0.0416,0.0275,0.0192,0.0106,0.0016,-0.0113,-0.017,-0.0211,-0.0218,-0.0223,-0.0218,-0.0215,-0.0115,-0.0111,-0.0068,-0.002,0.0043,0.0047,0.0034,0.0056,0.0054,0.0175,0.0294
2019-03-01,19.911,110.2248,E,0.056,0.055,0.0514,0.0544,0.0458,0.0418,0.0293,0.0362,0.0296,0.0131,0.0027,-0.0109,-0.0117,-0.0064,-0.0039,-0.0038,-0.0074,-0.0055,-0.0066,-0.0085,-0.0133,-0.0076,0.0032,-0.0014,0.0017,0.0014,0.0046,0.0029,0.0007,-0.0052
2019-03-01,19.911,110.2248,N,0.0082,0.0207,0.0309,0.0353,0.0162,0.0063,0.0123,0.02,0.0218,0.0191,0.0242,0.0036,-0.0079,-0.0051,-0.0078,-0.0102,-0.001,-0.0091,-0.0041,-0.0014,0.0013,0.0034,0.0061,0.0018,0.0003,-0.0007,-0.0015,-0.0017,-0.0077,-0.0071
2019-03-01,19.911,110.2248,NE,,-0.0064,-0.0067,-0.0062,-0.0052,-0.0142,-0.0166,-0.0154,-0.019,-0.028,-0.0109,0.006,0.0365,0.0306,0.057,-0.0073,-0.0025,-0.0034,0.0084,0.0007,-0.0033,-0.0053,-0.0082,0.0008,-0.005,0.0002,-0.0018,-0.0104,-0.0187,-0.0206
2019-03-01,19.911,110.2248,NO,,0.0133,0.013,0.0122,0.0109,0.0369,0.0204,-0.0008,-0.0026,-0.0089,-0.009,-0.0213,-0.0184,-0.0227,-0.0216,-0.0196,-0.0057,0.0055,0.0059,0.009,0.0077,0.0064,0.0111,0.0089,0.001,0.0045,0.0035,0.0003,-0.0002,0.0009
2019-03-01,19.911,110.2248,O,,0.0228,0.0207,0.0136,0.0151,0.0131,0.0085,0.0075,-0.0023,-0.008,-0.0146,-0.0152,-0.0065,-0.0053,-0.001,-0.0018,-0.0037,-0.0024,0.0024,0.0011,-0.0008,0.0029,0.0046,0.0034,0.0035,0.0008,0.0062,0.0025,-0.0011,-0.0015
2019-03-01,19.911,110.2248,S,0.0836,0.0841,0.0845,0.0318,0.0185,0.0355,-0.01,,,,,,,-0.02,-0.0147,-0.0172,-0.0215,-0.0208,-0.0191,-0.0189,-0.0164,-0.0078,-0.003,0.0005,0.0018,0.0007,0.0028,0.0085,0.0131,0.0186
2019-03-01,19.911,110.2248,SE,,0.0783,0.0746,0.0728,0.0678,0.0643,0.0535,0.0357,0.0147,0.0033,-0.009,-0.0123,-0.0154,-0.0157,-0.0152,-0.0141,-0.0117,-0.0092,-0.0038,-0.001,-0.0013,-0.0082,-0.0074,-0.0075,0.0107,-0.003,-0.003,-0.004,0.0022,0.0005
2019-03-01,19.911,110.2248,SO,,0.0295,0.0271,0.0221,0.0179,0.0092,0.0094,0.0039,0.0119,0.0152,0.0105,0.0083,0.0012,-0.004,-0.012,-0.0166,-0.018,-0.0211,-0.0229,-0.0197,-0.0172,-0.0166,-0.0121,-0.003,0.002,0.0112,0.0163,0.0139,0.0183,0.0201
2019-04-18,19.9091,110.2256,E,0.0285,0.0191,0.0201,-0.015,-0.016,-0.0079,0.0228,0.0161,0.0145,0.0128,0.0113,0.0121,0.0069,0.0064,-0.0138,-0.0161,-0.0049,-0.007,-0.0091,-0.0265,-0.0233,-0.0159,-0.0144,-0.0092,-0.0014,0.004,0.005,0.0013,0.0059,0.0073
2019-04-18,19.9091,110.2256,N,0.0458,0.0195,0.0088,0.0069,0.0083,0.0003,-0.0056,-0.0154,-0.023,-0.0274,-0.0345,-0.0298,-0.0227,-0.0117,-0.0047,-0.0008,-0.0,0.0045,0.0078,0.0119,0.0126,0.011,0.0106,0.0117,0.0127,0.0165,0.0115,0.0086,-0.0009,-0.0019
2019-04-18,19.9091,110.2256,NE,,0.0096,-0.0145,-0.0118,-0.0219,-0.0081,-0.0035,0.0033,0.0189,0.0195,0.0117,0.0062,0.0003,-0.0043,0.0048,-0.002,0.015,0.0189,-0.0013,-0.0095,-0.0102,-0.0054,-0.0026,-0.0036,-0.0073,-0.006,-0.0029,0.0,-0.0003,0.0002
2019-04-18,19.9091,110.2256,NO,,0.0361,0.0339,0.034,0.035,0.0364,0.0322,0.0208,0.0298,0.0283,0.0182,0.0181,0.0164,0.0114,0.0117,0.0036,-0.0077,-0.0266,-0.0187,-0.0088,-0.0071,-0.0026,0.0041,0.0134,0.0219,0.0214,0.0208,0.0132,0.0099,0.0005
2019-04-18,19.9091,110.2256,O,,0.1072,0.1078,0.0917,0.0847,0.0737,0.0691,0.0651,0.049,0.0331,0.0009,-0.0152,-0.0226,-0.0245,-0.025,-0.0234,-0.024,-0.0236,-0.0247,-0.024,-0.025,-0.0254,-0.0222,-0.0213,-0.0058,0.0118,0.0205,0.0263,0.0305,0.0435
2019-04-18,19.9091,110.2256,S,,0.0724,0.0631,0.0149,0.0185,0.0106,0.0098,0.028,0.0167,0.0132,0.0413,-0.01,0.0032,0.0191,-0.0193,-0.0188,-0.0463,-0.0425,-0.0154,-0.0269,-0.0239,-0.0082,-0.0086,-0.0029,0.013,0.0253,0.0276,0.0217,0.0243,0.0204
2019-04-18,19.9091,110.2256,SE,,0.0246,0.029,0.0264,-0.0046,-0.0072,-0.0093,-0.0099,-0.0164,-0.0113,0.0254,0.0272,0.026,0.0221,0.0209,0.0184,0.0122,0.006,0.0102,0.0153,0.0114,-0.0013,-0.011,-0.0122,-0.0117,-0.009,-0.0099,-0.0047,-0.0014,-0.0068
2019-04-18,19.9091,110.2256,SO,,0.1017,0.1,0.0919,0.0798,0.0585,0.0796,0.058,0.0409,0.0177,-0.0062,-0.0196,-0.0223,-0.0241,-0.0259,-0.0286,-0.0284,-0.0255,-0.0245,-0.0254,-0.0244,-0.0222,-0.0169,-0.0116,-0.0109,-0.0057,0.0051,0.014,0.02,0.02
2019-05-04,19.9077,110.2216,E,,0.0896,0.0834,0.0728,0.063,0.0533,0.0385,0.038,0.0203,0.0212,0.0176,0.0121,0.0098,0.0138,0.0152,0.019,0.0163,0.0153,-0.0035,-0.0106,-0.0164,-0.0159,-0.0251,-0.0253,-0.0198,-0.0179,-0.0051,0.0042,0.0162,0.0169
2019-05-04,19.9077,110.2216,N,0.168,0.1278,0.1323,0.0999,0.0856,0.0691,0.0696,0.0673,0.0592,0.0588,0.0496,0.0266,0.0259,0.0176,0.0158,0.0154,0.004,0.0029,-0.0028,-0.0078,-0.0133,-0.0194,-0.0189,-0.0173,-0.0313,-0.0279,-0.0269,-0.0228,-0.0181,0.0028
2019-05-04,19.9077,110.2216,NE,,0.0759,0.0609,0.06,0.0316,0.0258,0.0206,0.0139,0.0093,-0.0126,0.0061,-0.0167,0.0122,0.0023,0.0017,0.0025,0.0083,-0.002,0.014,0.0032,0.0032,0.001,0.0026,-0.0049,0.0004,0.0075,0.0058,0.0099,-0.0016,-0.0029
2019-05-04,19.9077,110.2216,NO,,0.1542,0.1317,0.127,0.1041,0.1014,0.0732,0.0786,0.0687,0.0494,0.0382,0.0328,0.0213,0.0156,0.0126,0.0058,0.0039,-0.0036,-0.0077,-0.0122,0.0082,-0.0091,-0.0117,-0.0321,-0.035,-0.0316,-0.0262,-0.0171,-0.0146,-0.0096
2019-05-04,19.9077,110.2216,O,,0.1233,0.1098,0.1022,0.0872,0.0754,0.0626,0.0584,0.0569,0.042,0.0438,0.0404,0.0359,0.0286,0.015,0.0117,0.0086,0.0049,-0.0004,-0.0077,-0.0185,-0.0292,-0.0356,-0.0427,-0.0375,-0.0257,-0.0219,-0.0147,0.006,0.0093
2019-05-04,19.9077,110.2216,S,,0.1623,0.1686,0.1491,0.1192,0.11,0.108,0.1173,0.1175,0.0953,0.0989,0.088,0.0678,0.0482,0.0486,-0.0079,-0.0172,-0.0134,-0.0188,-0.0171,-0.0427,-0.0426,-0.0363,-0.038,-0.0245,-0.0227,-0.0229,-0.0203,-0.0212,-0.0147
2019-05-04,19.9077,110.2216,SE,0.1597,0.1571,0.1432,0.1285,0.121,0.0831,0.0667,0.0751,0.0634,0.0694,0.0797,0.0868,0.1053,0.0768,0.0702,0.0684,0.0624,0.0534,0.0455,0.0185,0.0092,-0.0089,-0.0179,-0.0236,-0.0346,-0.0316,-0.062,-0.082,-0.0704,-0.0822
2019-05-04,19.9077,110.2216,SO,,0.2245,0.2154,0.2038,0.1862,0.171,0.1608,0.1528,0.1417,0.1265,0.1096,0.0975,0.0786,0.0676,0.0566,0.0485,0.0351,0.0281,0.005,-0.0018,-0.0157,-0.0244,-0.0391,-0.0485,-0.0558,-0.06,-0.0628,-0.063,-0.06,-0.0598
2019-05-20,19.9113,110.2239,E,0.0942,0.0938,0.096,0.0868,0.0771,0.0682,0.0484,0.0424,0.0316,0.0225,-0.0249,-0.0352,-0.0392,-0.0323,-0.0365,-0.0352,-0.0313,-0.0324,-0.0281,-0.0243,-0.0173,-0.0102,-0.0116,-0.0064,0.0008,0.004,1e-04,-0.0007,0.0322,0.0284
2019-05-20,19.9113,110.2239,N,,0.052,0.0438,0.0148,0.0173,0.0153,0.0209,0.0104,0.0148,0.0213,0.0231,0.0266,0.0271,0.0251,0.0122,0.015,-0.0291,-0.0339,-0.0128,-0.0164,-0.0074,0.0027,-0.0017,-0.0036,-0.0045,-0.0072,-0.0088,-0.0147,-0.0153,-0.0088
2019-05-20,19.9113,110.2239,NE,,0.0808,0.0782,0.0662,0.0551,0.0358,0.0185,0.0094,0.0013,-0.036,-0.0343,-0.04,-0.0372,-0.0379,-0.0101,-0.0353,-0.0286,-0.0073,-0.0006,0.0102,0.0012,-0.0031,-0.0031,0.0032,0.0021,0.0028,-0.0008,-0.0019,-0.0044,-0.011
2019-05-20,19.9113,110.2239,NO,,0.0758,0.0495,0.0258,0.0227,0.0201,0.0127,0.0414,0.038,0.0401,0.0041,0.0046,0.0068,0.0108,0.0054,-0.0129,-0.0032,-0.0024,-0.0131,-0.0017,0.0012,-0.0072,0.0042,0.0025,0.0035,0.0006,-0.0031,-0.0077,-0.0079,-0.0083
2019-05-20,19.9113,110.2239,O,,0.1165,0.0497,0.0411,0.0446,0.0497,0.0482,0.0334,0.0228,0.0112,0.0013,-0.0054,-0.0106,-0.0129,-0.0209,-0.0085,-0.0207,-0.0185,-0.0123,-0.0123,-0.0082,-0.0011,0.0061,0.0014,0.0088,0.0066,0.006,0.0125,0.0146,0.0102
2019-05-20,19.9113,110.2239,S,0.0987,0.0983,0.1077,0.116,0.0967,0.0931,0.0907,0.0653,0.0556,0.0448,0.0315,-0.0085,0.0027,-0.001,-0.0014,-0.0081,0.0047,0.0076,0.0072,-0.013,-0.0054,-0.0144,-0.0108,-0.0094,-0.0102,-0.0188,-0.0153,-0.0095,-0.0239,-0.0321
2019-05-20,19.9113,110.2239,SE,,0.0818,0.0812,0.0722,0.0649,0.0536,0.0475,0.04,0.0303,0.0334,0.037,0.0314,0.0146,-0.0091,-0.0187,-0.0219,-0.0165,-0.0186,-0.0012,-0.0064,-0.0035,-0.0054,-0.0073,0.0009,0.0029,0.0046,0.0027,0.0037,0.0016,0.0015
2019-05-20,19.9113,110.2239,SO,,0.0436,0.0519,0.0392,0.0572,0.0532,0.053,0.0509,0.0398,0.0286,0.0136,-0.0031,-0.0133,-0.0202,-0.0283,-0.032,-0.05,-0.0215,-0.0254,-0.0146,-0.0301,-0.0105,-0.0054,0.0025,0.0231,0.0058,0.0215,0.0151,0.0238,0.035
2019-06-05,19.9113,110.2239,E,0.0707,0.0645,0.0681,0.0586,0.056,0.0541,0.0365,0.0312,0.0257,0.0192,-0.0265,-0.0266,-0.0262,-0.019,-0.0223,-0.0197,-0.0154,-0.0175,-0.0142,-0.0132,-0.0112,-0.0055,-0.0043,-0.0042,-0.0008,-0.0027,-0.0032,-0.0021,0.0205,0.0301
2019-06-05,19.9113,110.2239,N,,0.0675,0.0574,0.0266,0.023,0.0183,0.0184,-0.0033,0.0076,0.0118,0.0146,0.015,0.0147,0.0112,0.0006,0.0093,-0.0142,-0.0166,-0.0055,-0.0147,-0.0098,-0.0066,-0.0099,-0.007,-0.0086,-0.0087,-0.0077,-0.0076,-0.003,0.0033
2019-06-05,19.9113,110.2239,NE,,0.0637,0.0556,0.0474,0.0429,0.0282,0.011,0.0045,-0.0065,-0.0333,-0.0274,-0.0306,-0.0291,-0.0271,-0.007,-0.0195,-0.0169,-0.0113,-0.0084,-0.0028,-0.0039,-0.0037,-0.0013,0.0005,-0.0015,-1e-04,0.0009,0.0011,-0.0004,-0.0038
2019-06-05,19.9113,110.2239,NO,,0.0635,0.0401,0.0109,0.0027,0.0038,-0.0073,0.0221,0.02,0.0213,-0.0082,-0.005,-0.0024,0.0034,-0.0052,-0.0018,-0.0062,-0.0083,-0.0113,-0.0062,0.0005,-0.0047,0.0036,0.003,0.0026,0.0047,0.0047,0.0043,0.0062,0.0056
2019-06-05,19.9113,110.2239,O,,0.106,0.0434,0.0376,0.0405,0.0336,0.0309,0.0104,1e-04,-0.0019,-0.0106,-0.0111,-0.0093,-0.0058,-0.0128,-0.0055,-0.0127,-0.0084,-0.0059,-0.0076,-0.0048,-0.0034,0.0032,0.0034,0.0073,0.0036,0.0052,0.0118,0.0095,0.0073
2019-06-05,19.9113,110.2239,S,0.0928,0.0953,0.1024,0.1074,0.0943,0.092,0.0887,0.066,0.0584,0.0499,0.0375,-0.0054,-0.0014,-0.007,-0.0113,-0.0038,-0.0032,-0.0022,1e-04,-0.0089,-0.004,-0.0063,-0.0086,-0.0066,-0.0099,-0.0152,-0.0077,-0.0068,-0.0185,-0.0218
2019-06-05,19.9113,110.2239,SE,,0.0665,0.0698,0.0682,0.0612,0.0496,0.0433,0.0368,0.0215,0.0238,0.0246,0.0196,0.0123,-0.0145,-0.0152,-0.0144,-0.0088,-0.0082,0.0005,-0.0031,-0.0033,-0.0022,-0.0015,0.0015,0.0027,0.0025,0.0022,0.0035,0.0068,0.0055
2019-06-05,19.9113,110.2239,SO,,0.0403,0.0479,0.0402,0.0512,0.0488,0.0492,0.043,0.0275,0.0135,0.0015,-0.0047,-0.0117,-0.0165,-0.0196,-0.0215,-0.0247,-0.0157,-0.012,-0.008,-0.01,-0.0034,-0.0039,-0.001,0.0059,-0.0042,0.0021,-0.0023,0.0075,0.0149
2019-06-21,19.9037,110.2348,E,,0.036,0.0249,0.0132,0.0133,0.0116,0.0045,0.0049,-0.0115,-0.012,0.0051,0.0117,0.0148,0.0163,0.012,0.0008,-0.0085,-0.0137,-0.0162,-0.018,-0.0193,-0.0059,0.0017,0.0004,-0.0136,-0.0196,-0.0134,-0.0163,-0.0108,-0.0108
2019-06-21,19.9037,110.2348,N,,0.0658,0.059,0.051,0.0394,0.0383,0.0372,0.0203,0.0065,0.0071,0.002,0.002,-0.0042,-0.0061,-0.0127,-0.0044,0.0114,0.0141,0.0118,0.0118,0.0073,-0.0006,-0.006,-0.0062,-0.0041,-0.0138,-0.0054,-0.0029,0.0007,0.0015
2019-06-21,19.9037,110.2348,NE,0.0873,0.0786,0.0662,0.0609,0.0554,0.0582,0.0567,0.0498,0.0434,0.0327,0.0276,0.0154,0.0156,0.014,0.0123,0.0058,-0.0,0.007,0.0058,0.0007,-0.0047,-0.0085,-0.0128,-0.0126,-0.0153,-0.0133,-0.01,-0.0121,-0.0049,-0.0092
2019-06-21,19.9037,110.2348,NO,0.0377,0.0274,0.0161,-0.0047,-0.0203,-0.0318,-0.0401,-0.048,-0.0578,-0.0569,-0.0481,-0.0412,-0.0332,-0.0123,0.0116,0.0254,0.032,0.037,0.0397,0.0609,0.0541,0.0463,0.0325,0.0156,-0.0059,-0.0169,-0.0254,-0.026,-0.0238,-0.0204
2019-06-21,19.9037,110.2348,O,,0.0918,0.0625,0.0211,0.0043,-0.0083,-0.0241,-0.0313,-0.029,-0.0213,-0.0113,-0.0112,-0.0037,0.0024,0.0035,0.0037,0.0047,0.0044,0.0063,0.0053,0.0043,0.0061,0.0057,0.0064,0.0083,-0.008,-0.014,-0.0103,-0.0089,-0.0095
2019-06-21,19.9037,110.2348,S,,0.0542,0.0309,0.0078,-0.0049,-0.0018,0.0043,0.0056,0.0119,0.0174,0.0202,0.0136,0.0163,0.016,0.0123,0.0178,0.0172,0.02,0.0099,0.0014,-0.0077,-0.0071,0.0012,0.0047,0.002,0.0025,-0.0256,-0.0307,-0.0222,-0.0168
2019-06-21,19.9037,110.2348,SE,0.0577,0.0408,0.014,0.0084,-0.0024,-0.0095,-0.0086,-0.0131,0.0008,0.0082,-0.0025,0.0024,0.0045,0.0017,0.0042,0.0009,0.0093,0.0,0.0062,0.0015,0.0068,0.0022,0.0028,-0.003,-0.0049,-0.0016,-0.0002,0.0029,-0.0079,-0.002
2019-06-21,19.9037,110.2348,SO,,0.0761,0.0532,0.0266,0.0141,0.0022,-0.0,-0.012,-0.0195,-0.0228,-0.0236,-0.0224,-0.0151,-0.006,-0.0076,-0.0067,0.0009,0.0029,0.0116,0.0073,0.0185,0.0187,-0.0128,0.0038,-0.0007,-0.0,0.003,0.0058,0.0081,0.0034
2019-07-23,19.9113,110.2239,E,0.0766,0.0724,0.073,0.0652,0.0613,0.0582,0.0419,0.0308,0.026,0.0222,-0.0248,-0.0288,-0.0281,-0.0219,-0.0232,-0.0217,-0.0185,-0.0122,-0.0054,-0.0005,0.0003,-0.0017,-0.0033,-0.001,0.0006,-0.0011,-0.0007,-0.001,0.0045,0.0332
2019-07-23,19.9113,110.2239,N,,0.0637,0.0562,0.0283,0.0277,0.0266,0.0292,0.0116,0.0149,0.0183,0.0234,0.0222,0.0236,0.017,0.0041,0.0112,-0.0178,-0.0202,-0.0111,-0.0248,-0.0174,-0.0078,-0.0183,-0.0123,-0.0125,-0.0084,-0.0098,-0.0093,-0.0068,-0.0026
2019-07-23,19.9113,110.2239,NE,,0.0617,0.0541,0.0458,0.0414,0.0294,0.0157,0.0107,-0.0019,-0.0316,-0.0238,-0.0287,-0.0265,-0.0269,-0.0042,-0.0232,-0.0218,-0.0097,-0.0078,-0.0005,-0.0028,-0.0014,-0.0031,-0.0011,-0.002,-0.0012,-0.001,-0.0021,-0.0021,-0.0037
2019-07-23,19.9113,110.2239,NO,,0.0751,0.0518,0.0279,0.0265,0.0282,0.0156,0.0362,0.032,0.0307,0.0004,-0.0032,-0.0036,-0.0019,-0.0078,-0.0037,-0.0131,-0.0127,-0.0116,-0.0084,-0.0024,-0.0003,0.0008,0.0038,0.0048,0.0046,0.0041,0.0065,0.0061,0.0016
2019-07-23,19.9113,110.2239,O,,0.1111,0.048,0.0433,0.0438,0.0416,0.0374,0.0201,0.0078,-0.0027,-0.0112,-0.014,-0.0148,-0.0149,-0.0202,-0.0051,-0.0103,-0.0082,-0.0099,-0.0102,-0.0022,0.0012,0.008,0.0085,0.0125,0.0082,0.0041,0.0152,0.0116,0.0091
2019-07-23,19.9113,110.2239,S,0.1078,0.1068,0.1143,0.1242,0.113,0.1066,0.1128,0.0856,0.0704,0.0603,0.0436,0.0067,0.0204,0.0081,0.0015,0.002,0.0041,0.007,-0.003,-0.0113,-0.0092,-0.0103,-0.0121,-0.0094,-0.0101,-0.0189,-0.0174,-0.0155,-0.019,-0.0147
2019-07-23,19.9113,110.2239,SE,,0.0698,0.0736,0.0705,0.0644,0.0512,0.0448,0.0353,0.0204,0.0254,0.0276,0.0227,0.0109,-0.0132,-0.0153,-0.0152,-0.0094,-0.0073,0.0015,-0.0013,-0.001,0.0006,0.0005,0.0018,-0.0012,0.0012,0.0026,0.0034,0.0019,-0.0016
2019-07-23,19.9113,110.2239,SO,,0.0366,0.0397,0.0347,0.0342,0.0361,0.0381,0.0377,0.0302,0.0193,0.0091,0.0017,-0.0062,-0.0063,-0.0113,-0.012,-0.015,-0.0036,-0.002,0.0013,-0.0087,-0.0131,-0.0147,-0.0203,-0.0155,-0.0191,-0.011,-0.0136,-0.0061,0.0044
2019-08-08,19.911,110.2248,E,0.0559,0.0501,0.0368,0.0372,0.0413,0.0343,0.0399,0.0402,0.0293,0.0268,0.0175,-0.0178,-0.0178,-0.016,-0.0126,-0.0108,-0.0078,-0.0077,-0.0046,-0.0005,1e-04,0.0019,0.0027,0.0037,0.0034,0.0028,1e-04,-0.0026,-0.0027,0.0023
2019-08-08,19.911,110.2248,N,0.0159,0.0175,0.0189,0.0238,0.0086,0.0106,0.0109,0.0171,0.017,0.0097,0.0187,0.0035,-0.01,-0.0006,-0.0165,-0.0126,-0.0005,-0.0079,-0.0048,-0.0022,-0.0034,-0.0022,-0.0025,-0.0029,-0.0032,-0.0025,-0.0004,-0.001,-0.0011,-0.0052
2019-08-08,19.911,110.2248,NE,,0.0111,0.0099,0.0092,0.0093,-0.0017,-0.0042,-0.0061,-0.008,-0.0203,-0.0111,0.0029,0.029,0.0244,0.0429,-0.0157,-0.0073,-0.011,-0.0029,-0.0034,-0.0015,1e-04,-0.0036,-0.0032,-0.0038,-0.0032,-0.0031,-0.0036,-0.0038,-0.0053
2019-08-08,19.911,110.2248,NO,,0.0184,0.0161,0.0128,0.0097,0.0406,0.0274,0.013,0.0175,0.0081,0.0114,-0.0022,-0.0004,-0.0121,-0.0123,-0.016,-0.0069,-0.0056,-0.0043,-0.0019,-0.0007,0.0058,0.0047,0.0082,0.0023,0.0015,0.0014,-0.0049,-0.0094,-0.0104
2019-08-08,19.911,110.2248,O,,0.0416,0.046,0.0349,0.0315,0.0259,0.0276,0.0269,0.0202,0.0136,0.0107,0.012,0.0162,0.0137,0.0023,-0.0063,-0.018,-0.0253,-0.0352,-0.0304,-0.027,-0.0226,-0.0158,-0.0045,1e-04,0.0146,0.0154,0.0098,0.0048,0.0121
2019-08-08,19.911,110.2248,S,0.1136,0.0948,0.0729,0.0118,0.0,0.0067,0.0,,,,,,,,,,,,,,,,,,,,,,,0.0004
2019-08-08,19.911,110.2248,SE,,0.0865,0.0702,0.0532,0.0413,0.0286,0.0252,0.0345,0.0107,0.0232,-0.0194,-0.0168,-0.0197,-0.0189,-0.019,-0.0187,-0.018,-0.0136,-0.0179,-0.0183,-0.017,-0.0177,-0.0089,-0.0082,-0.0033,-0.0044,0.0025,0.0072,0.0182,0.0206
2019-08-08,19.911,110.2248,SO,,0.049,0.0277,0.0073,-0.0142,0.0009,0.0119,-0.0037,0.0009,-0.0043,-0.0025,-0.0044,-0.0075,-0.014,-0.005,-0.0172,-0.008,-0.0014,0.0007,0.0016,0.0027,0.0004,0.009,0.0045,-0.0036,-0.0041,-0.011,-0.0096,-0.0045,0.0058
2019-09-09,19.9037,110.2348,E,,0.036,0.0154,-0.0,-0.004,0.0013,0.0043,0.0073,0.0047,0.0017,0.0109,0.0128,0.0155,0.0203,0.0182,0.0123,0.0108,0.0128,0.0025,0.0051,-0.0086,0.006,0.0071,0.0033,-0.0117,-0.0233,-0.028,-0.0288,-0.0302,-0.0254
2019-09-09,19.9037,110.2348,N,,0.0589,0.0548,0.0446,0.0369,0.0304,0.0219,0.017,0.0087,0.0029,-0.0009,-0.0017,0.0011,-0.0006,-0.0077,-0.005,-0.0007,-0.0003,0.0003,0.0019,-0.0019,-0.0017,-0.0033,-0.0057,-0.0063,-0.0082,0.0005,0.0051,0.0034,0.0003
2019-09-09,19.9037,110.2348,NE,0.0808,0.066,0.0572,0.0427,0.0363,0.0416,0.0399,0.0371,0.0314,0.0236,0.0282,0.0153,0.0171,0.0143,0.0135,0.006,-0.0008,0.0058,0.0049,0.0002,-0.0025,-0.0066,-0.0104,-0.0117,-0.0143,-0.0123,-0.0143,-0.011,-0.01,-0.0108
2019-09-09,19.9037,110.2348,NO,0.0383,0.0204,0.0107,-0.0058,-0.0201,-0.0251,-0.0326,-0.0436,-0.0458,-0.0398,-0.0317,-0.0265,-0.0238,-0.0107,0.0,0.0064,0.0103,0.0102,0.0221,0.0384,0.0367,0.0303,0.0187,0.0082,-0.0003,-0.009,-0.012,-0.0146,-0.0159,-0.0103
2019-09-09,19.9037,110.2348,O,,0.0668,0.041,0.0166,0.003,-0.0077,-0.0179,-0.021,-0.0156,-0.0038,0.0104,0.0178,0.0281,0.026,0.0223,0.0157,0.0133,0.0099,0.0033,-0.0083,-0.0088,-0.0099,-0.008,-0.0056,-0.0092,-0.0105,-0.014,-0.0127,-0.0091,-0.0028
2019-09-09,19.9037,110.2348,S,,0.0279,1e-04,-0.0294,-0.0374,-0.0045,0.0048,0.0055,0.0154,0.0166,0.0134,0.0136,0.0142,0.0158,0.0161,0.0157,0.0204,0.0248,0.0138,0.0053,0.0,-1e-04,0.0138,-0.0012,-0.0047,-0.0109,-0.027,-0.0219,-0.024,-0.0316
2019-09-09,19.9037,110.2348,SE,0.0552,0.0395,0.0091,0.002,-0.0027,-0.0041,0.0036,0.0053,0.0132,0.0126,0.0126,0.0206,0.0283,0.0166,0.0141,0.0092,0.0113,0.0026,0.0119,0.0068,0.0099,-0.0015,-0.0077,-0.016,-0.0129,-0.0122,-0.0131,-0.0179,-0.0214,-0.0202
2019-09-09,19.9037,110.2348,SO,,0.0769,0.0565,0.0369,0.0293,0.0237,0.0168,0.0125,0.0037,0.0034,0.0072,0.0096,0.0184,0.0208,0.0212,0.0171,0.0072,0.003,0.0032,-0.0044,-0.005,-0.0177,-0.0162,-0.016,-0.016,-0.0182,-0.0099,-0.017,-0.0201,-0.0201
2020-01-31,19.9113,110.2239,E,0.0095,0.0133,0.0099,0.0142,0.0128,0.0102,0.0058,0.001,0.0119,0.0153,-0.0095,-0.0103,-0.0068,-0.0035,-0.0033,-0.0018,0.0005,-0.001,-0.0048,-0.0021,-0.0014,0.0004,-0.0005,-0.0038,-0.0019,-0.0029,-0.003,-0.0068,0.0023,0.0191
2020-01-31,19.9113,110.2239,N,,0.0304,0.0304,0.0129,0.0141,0.0165,0.0141,-0.0002,0.0005,0.0046,0.006,0.0056,0.0122,0.0137,0.007,0.0009,-0.0035,-0.0035,-0.0037,-0.0111,-0.0079,-0.0056,-0.0047,-0.0037,-0.0019,-0.0022,-0.0015,-0.0022,-0.0025,-0.0029
2020-01-31,19.9113,110.2239,NE,,0.0195,0.019,0.017,0.0157,0.0079,-0.0033,-0.0011,-0.0176,-0.0223,-0.0197,-0.02,-0.0175,-0.0135,-0.0041,-0.012,-0.0117,-0.0023,-0.0011,0.0039,0.0033,0.0014,0.0002,0.0011,-0.0015,-0.001,-0.0012,-0.0033,-0.0061,-0.0092
2020-01-31,19.9113,110.2239,NO,,0.0348,0.0179,-0.0015,-0.0022,0.0021,-0.0003,0.0272,0.0272,0.0262,0.0018,0.005,0.0031,0.0017,0.0009,-0.0027,1e-04,-0.0028,-0.0038,-0.005,-0.0006,-0.003,-0.0003,0.0008,0.0003,-0.0005,-0.0027,-0.0011,-0.002,-1e-04
2020-01-31,19.9113,110.2239,O,,0.0538,0.0079,0.0117,0.0107,0.0102,0.0121,0.0099,0.0088,0.0043,-0.0007,-0.0023,-0.0049,-0.0049,-0.0088,-0.0035,-0.0077,-0.0063,-0.0053,-0.0029,-0.0035,-0.0032,-0.0036,-0.0026,0.0004,-0.0,0.0013,0.0044,0.0027,0.0031
2020-01-31,19.9113,110.2239,S,0.0428,0.042,0.0428,0.0426,0.0408,0.0397,0.0397,0.0287,0.028,0.0273,0.025,-0.0035,-0.0052,-0.0081,-0.0085,-0.0057,-0.0064,-0.002,0.0032,-0.0045,-0.0017,-0.0019,-0.0048,-0.0022,-0.0026,-0.0047,-0.0054,-0.0044,-0.0085,-0.008
2020-01-31,19.9113,110.2239,SE,,0.0186,0.0189,0.0169,0.0161,0.0152,0.0153,0.0155,0.0116,0.0118,0.0133,0.0116,0.0021,-0.004,-0.0034,-0.0025,-0.0008,-0.0027,0.0014,-0.0026,-0.0019,-0.0015,-0.0034,-0.0007,-0.001,0.0007,0.0005,0.0018,0.0011,-0.0003
2020-01-31,19.9113,110.2239,SO,,0.008,0.0113,0.0098,0.012,0.0097,0.0104,0.0066,0.0056,-0.0005,-0.0047,-0.0068,-0.0097,-0.0115,-0.0121,-0.0127,-0.0124,-0.0123,-0.0108,-0.0051,-0.0094,-0.0028,-0.0007,-0.0032,0.0039,-0.0016,0.0044,0.0023,0.0034,0.0062
2020-04-20,19.9099,110.2259,E,0.0348,0.0306,0.0324,0.0386,0.0203,0.0115,0.0129,0.0126,0.0168,0.0182,0.0188,0.0054,-0.0047,-0.0127,-0.0183,-0.0232,-0.0321,-0.0258,-0.0203,-0.0135,-0.0077,-0.0057,-0.004,-0.0039,-0.0039,-0.0003,0.0021,0.004,0.0046,0.0053
2020-04-20,19.9099,110.2259,N,0.0563,0.0544,0.0494,0.0511,0.0409,0.0445,0.0299,0.0145,0.0004,-0.0079,-0.0154,-0.0194,-0.0188,-0.0168,-0.0125,-0.0083,-0.006,-1e-04,0.0057,0.0105,0.011,0.0075,0.0067,0.0055,0.0105,0.0087,0.0069,-1e-04,-0.0073,-0.0129
2020-04-20,19.9099,110.2259,NE,0.0243,0.024,0.03,0.0371,0.0418,0.0479,0.0481,0.0492,0.0299,0.0305,0.0139,0.025,0.032,0.0463,0.0357,0.0443,0.0006,-0.0101,-0.0099,-0.0043,-0.0117,-0.0089,-0.0168,-0.0095,-0.0133,-0.0149,-0.0182,-0.0252,-0.0383,-0.0399
2020-04-20,19.9099,110.2259,NO,,0.0555,0.0493,0.0365,0.0315,0.0108,0.0062,0.0003,0.0007,0.0007,0.003,0.0056,0.0031,-0.0024,-0.0015,-0.0095,-0.0115,-0.0097,-0.0082,-0.0061,-0.0008,-0.0008,-0.0067,-0.0012,-0.0043,0.005,0.0061,0.0073,-0.0056,-0.017
2020-04-20,19.9099,110.2259,O,,0.0907,0.0762,0.0741,0.0324,0.0274,0.013,0.0015,-0.0066,-0.0091,-0.0111,-0.0125,-0.0172,-0.0111,-0.0025,0.0023,0.0075,0.0066,0.0094,0.0094,0.0067,0.0021,0.0196,0.02,0.0016,0.0095,-0.0004,-0.0128,-0.0226,-0.0276
2020-04-20,19.9099,110.2259,S,,0.0773,0.0549,0.0539,0.01,0.0035,0.0023,0.0026,0.0052,0.0097,0.0144,0.0153,0.0127,0.0146,-0.0003,-0.0039,-0.0111,-0.0224,-0.0298,-0.0268,-0.02,-0.0179,-0.0175,-0.0123,-0.0062,-0.0035,0.0015,-0.0023,-0.0045,0.0037
2020-04-20,19.9099,110.2259,SE,,-0.0004,0.0006,-0.0067,-0.0184,-0.014,0.0108,0.0116,0.0149,0.0184,0.0224,0.0209,0.0184,0.0153,0.0109,0.0051,0.0059,0.0106,0.0063,0.0064,-0.022,-0.0171,-0.0169,-0.0181,-0.0185,-0.0094,-0.0012,0.0021,0.006,0.0045
2020-04-20,19.9099,110.2259,SO,,0.1008,0.0919,0.0764,0.0283,0.0134,0.0124,-0.0035,0.0009,-0.0138,0.0018,0.0095,0.0023,-0.0126,-0.0148,-0.0172,-0.0224,-0.0205,-0.0106,-0.0089,-0.0183,-0.0032,-0.0024,0.0055,0.0104,0.0049,0.0096,0.0136,0.0206,0.0246
2020-05-06,19.9099,110.2259,E,0.0786,0.0799,0.0689,0.0651,0.0427,0.0349,0.0278,0.0223,0.0273,0.0265,0.0316,0.0077,-0.0066,-0.0221,-0.0285,-0.0392,-0.0446,-0.0352,-0.0271,-0.0205,-0.0145,-0.0091,-0.0086,-0.0071,-0.0049,-0.0012,0.0063,0.0086,0.0059,0.0087
2020-05-06,19.9099,110.2259,N,0.0898,0.0764,0.0716,0.0656,0.0506,0.0519,0.0212,0.0016,-0.0185,-0.0206,-0.0235,-0.0247,-0.0195,-0.0095,-0.0027,0.0004,0.002,0.0047,0.0059,0.0106,0.0087,0.0086,0.0076,0.0034,0.0178,0.0208,0.0129,0.0,-0.0093,-0.013
2020-05-06,19.9099,110.2259,NE,0.065,0.0568,0.074,0.0814,0.0837,0.0931,0.0895,0.0843,0.0507,0.0483,0.0254,0.036,0.0407,0.0649,0.046,0.0483,-0.008,-0.0277,-0.0333,-0.0243,-0.0237,-0.0183,-0.0168,-0.0034,-0.0159,-0.0214,-0.0275,-0.0352,-0.043,-0.0586
2020-05-06,19.9099,110.2259,NO,,0.0671,0.044,0.0315,0.0169,-0.0169,-0.0272,-0.0335,-0.0192,-0.0178,-0.0083,-0.003,0.0114,0.008,0.0142,0.0124,0.0069,0.0131,0.0109,0.0039,-0.0004,-0.0052,-0.013,-0.0046,-0.0101,0.0026,0.0002,0.0076,-0.0004,-0.0079
2020-05-06,19.9099,110.2259,O,,0.1225,0.094,0.0939,0.0347,0.0275,0.0107,-0.0002,-0.0135,-0.0078,-0.0093,-0.0113,-0.0236,-0.0179,-0.0144,-0.0103,-0.0048,-0.0016,-0.0007,0.0031,0.0083,0.0016,0.0151,0.0255,-0.0083,0.0113,0.014,0.0066,-0.0088,-0.0194
2020-05-06,19.9099,110.2259,S,,0.1343,0.1008,0.0937,0.0312,0.0177,0.0146,0.016,0.0181,0.0173,0.024,0.016,0.0026,0.0061,-0.0139,-0.0167,-0.0261,-0.0437,-0.048,-0.0424,-0.0321,-0.0285,-0.0276,-0.0208,1e-04,-0.0025,0.009,-0.0044,-0.0046,0.0128
2020-05-06,19.9099,110.2259,SE,,0.0314,0.0285,0.0154,-0.0061,-0.0073,0.0252,0.0259,0.0291,0.0312,0.034,0.0338,0.0271,0.0205,0.0111,0.0074,0.0033,0.0098,0.0064,0.0079,-0.0274,-0.0241,-0.0216,-0.0229,-0.026,-0.0128,0.0016,0.0029,0.0081,0.0067
2020-05-06,19.9099,110.2259,SO,,0.1596,0.146,0.125,0.0523,0.0351,0.0272,0.0075,0.0026,-0.0227,0.0101,0.0233,0.006,-0.0166,-0.031,-0.0327,-0.0414,-0.0372,-0.023,-0.0182,-0.036,-0.0085,-0.0119,-0.005,0.0156,0.0178,0.0207,0.0262,0.0275,0.0513
2020-06-23,19.9113,110.2276,E,,0.0276,0.0132,0.0081,-0.0145,-0.0149,0.0504,0.0622,0.0447,0.0265,-0.0373,-0.0205,-0.0003,0.0256,0.0143,0.008,-0.0048,-0.0058,0.0019,0.0045,0.0008,-0.0023,-0.0003,0.0034,0.0052,0.0014,-0.0035,-0.0084,-0.0157,-0.0291
2020-06-23,19.9113,110.2276,N,,0.0788,0.0544,0.0216,0.007,-0.014,-0.0314,-0.0312,-0.0076,-0.0162,-0.0072,-0.0028,0.0033,0.0061,0.0038,0.0051,0.0144,0.0124,0.0076,0.0036,-0.0007,-0.0038,-0.0078,-0.0129,-0.0056,-0.0049,-0.0108,-0.0025,-0.0109,-0.0029
2020-06-23,19.9113,110.2276,NE,0.0783,0.0708,0.0645,0.0544,0.0604,0.0541,0.0396,0.0181,-0.0013,-0.0093,-0.0147,-0.0131,-0.0047,0.0002,0.0123,0.0079,0.0117,0.0213,0.0166,0.019,0.0079,-0.0057,-0.021,-0.0298,-0.0348,-0.034,-0.0164,-0.0186,-0.0083,0.001
2020-06-23,19.9113,110.2276,NO,,0.0552,0.0256,-0.0093,-0.011,-0.0304,-0.0341,-0.0383,-0.031,-0.031,-0.0205,-0.0074,-0.006,-0.0007,0.0008,0.0063,0.0115,0.0163,0.0149,0.0073,0.0028,0.0023,0.0093,0.0045,0.0042,-0.003,-0.0057,-0.011,-0.0099,-0.0128
2020-06-23,19.9113,110.2276,O,,0.0872,0.0569,0.0365,0.0243,0.0274,0.0178,-0.0047,-0.0287,-0.0338,-0.0304,-0.0182,-0.0126,-0.0008,0.0097,0.0136,0.0162,0.0196,0.0302,0.0245,0.0184,0.0183,0.0142,0.0125,-0.0035,-0.0094,-0.0179,-0.0238,-0.0152,-0.0287
2020-06-23,19.9113,110.2276,S,,0.0577,0.0547,0.0446,0.0348,0.0169,0.0184,0.0179,0.0225,0.024,0.0541,0.0561,0.0605,0.0363,0.05,0.0307,0.0317,0.0238,0.0212,0.0204,0.0134,-0.0045,0.0079,0.0089,-0.0202,-0.0308,-0.0401,-0.0412,-0.0379,-0.0376
2020-06-23,19.9113,110.2276,SE,0.0812,0.0686,0.0578,0.0421,0.0245,0.019,0.0178,0.0153,0.0244,-0.0003,-0.0117,-0.027,-0.0323,0.0161,-0.0018,-0.0099,-0.0093,0.0109,-0.0148,-0.008,-0.01,-0.0069,-0.0073,-0.0047,-0.0047,-0.0052,0.0003,-0.0024,0.0097,0.0141
2020-06-23,19.9113,110.2276,SO,0.0628,0.0615,0.0449,0.0303,1e-04,0.004,0.0371,0.051,0.0422,0.0404,0.0547,0.018,0.0148,0.0174,0.0224,0.0221,0.0148,0.0085,0.0043,-0.0117,-0.0104,-0.0283,-0.0272,-0.0249,-0.0217,-0.0216,-0.0201,-0.0154,-0.0115,0.0017
2020-07-09,19.9113,110.2274,E,,0.0581,0.0501,0.0314,0.0221,0.0099,0.0896,0.0801,0.0651,0.0535,-0.0335,-0.0341,-0.0234,-0.0289,-0.0232,-0.0185,-0.0124,-0.0079,-0.0055,-0.0011,0.0053,0.0079,0.0126,0.0163,0.0175,0.0093,0.0006,-0.0089,-0.012,-0.0244
2020-07-09,19.9113,110.2274,N,,0.1347,0.1192,0.0938,0.0612,0.0274,0.0015,-0.0019,-0.0048,-0.0099,-0.0086,-0.0048,-0.0024,0.0013,0.0038,0.0021,0.0042,0.0158,0.0076,0.0051,0.0032,-0.0048,-0.0105,-0.0139,-0.0179,-0.0186,-0.0056,0.001,0.0049,0.008
2020-07-09,19.9113,110.2274,NE,0.0959,0.0964,0.085,0.0762,0.0687,0.062,0.0509,0.0465,0.0234,0.0113,-0.0014,0.0016,-0.002,0.0083,0.013,0.0127,0.0187,0.0217,0.0171,0.0165,0.0179,0.0051,-0.0111,-0.027,-0.0276,-0.0283,-0.0237,-0.0234,-0.0217,-0.035
2020-07-09,19.9113,110.2274,NO,,0.1116,0.0987,0.0719,0.0658,0.0191,-0.0014,0.0069,-0.0116,-0.0182,-0.0165,-0.0125,-0.004,0.0049,0.0135,0.0211,0.0208,0.0161,0.0238,0.019,0.0042,-0.0012,0.0044,-0.0022,-0.0024,-0.0099,-0.009,-0.0114,-0.011,-0.0108
2020-07-09,19.9113,110.2274,O,,0.079,0.064,0.0525,0.0436,0.049,0.0431,0.0325,0.005,-0.0095,-0.0125,-0.0086,0.0079,0.0142,0.0126,0.0151,0.0158,0.0158,0.0271,0.0196,0.0137,0.0078,0.0087,0.0083,-0.0011,-0.0115,-0.0069,-0.0209,-0.0343,-0.0453
2020-07-09,19.9113,110.2274,S,,0.082,0.067,0.0464,0.0302,0.0438,0.0288,0.0256,0.0305,0.0608,0.0656,0.0713,0.0622,0.0701,0.0591,0.0433,0.0418,0.0121,0.0311,0.0133,0.0097,0.01,0.0073,-0.0239,-0.0346,-0.0407,-0.0456,-0.0449,-0.0437,-0.0389
2020-07-09,19.9113,110.2274,SE,0.0865,0.0846,0.074,0.0545,0.0432,0.0425,0.0332,0.0337,0.0275,-0.0032,-0.0182,-0.0266,-0.0396,0.0128,0.0157,-0.0263,-0.0106,-0.0146,-0.0088,0.0063,-0.0112,-0.0044,-0.0075,0.0003,0.001,-0.0184,-0.0019,0.0078,0.0324,0.0275
2020-07-09,19.9113,110.2274,SO,0.0655,0.0575,0.0444,0.0194,-0.0105,0.0116,0.0272,0.0436,0.076,0.0604,0.0459,0.0181,0.0182,0.0203,0.0218,0.0255,0.0213,0.0194,0.0008,-0.0076,-0.0112,-0.0209,-0.0216,-0.0274,-0.0242,-0.0247,-0.0093,0.003,-0.0111,-0.0048
2020-08-10,19.9113,110.2239,E,0.0646,0.0651,0.0636,0.0604,0.0568,0.0532,0.0342,0.0276,0.0221,0.0191,-0.0164,-0.0218,-0.0225,-0.0191,-0.0198,-0.0192,-0.0157,-0.0136,-0.0118,-0.0085,-0.0062,-0.0055,-0.0074,-0.0032,0.0012,0.004,0.0054,0.0048,0.0175,0.0409
2020-08-10,19.9113,110.2239,N,,0.0453,0.0385,0.0166,0.0175,0.0157,0.0163,0.0093,0.0053,0.0209,0.0231,0.0294,0.0328,0.0389,0.037,0.027,-0.0056,-0.0154,-0.0151,-0.0229,-0.0198,-0.0116,-0.0203,-0.0174,-0.0176,-0.0145,-0.0139,-0.0148,-0.0115,-0.0044
2020-08-10,19.9113,110.2239,NE,,0.059,0.0556,0.0469,0.0367,0.0199,0.0016,-0.0033,-0.0031,-0.0224,-0.0203,-0.0249,-0.0246,-0.0256,-0.0015,-0.0226,-0.0205,-0.0157,-0.0116,-0.0009,0.0003,-0.0014,-0.0006,0.0043,0.0037,0.0063,0.0054,0.0027,-0.003,-0.0048
2020-08-10,19.9113,110.2239,NO,,0.056,0.038,0.0224,0.017,0.0238,0.0239,0.0426,0.0403,0.0333,0.0139,0.0006,0.0052,0.0017,-0.0147,-0.0089,-0.0206,-0.017,-0.0178,-0.0101,-0.0027,-0.0045,0.0012,0.006,0.0069,0.0051,0.0053,0.0012,-0.0024,-0.007
2020-08-10,19.9113,110.2239,O,,0.085,0.0341,0.0311,0.0299,0.0263,0.0305,0.025,0.02,0.0089,0.0059,0.0022,-0.0078,-0.0069,-0.0106,0.003,-0.01,-0.0148,-0.0136,-0.0167,-0.0097,-0.006,-0.0,-0.0008,0.0037,0.0042,0.004,0.0086,0.0101,0.0112
2020-08-10,19.9113,110.2239,S,0.0708,0.0683,0.0708,0.0705,0.0645,0.0616,0.0425,0.0492,0.0446,0.0389,0.0345,0.0032,0.0065,0.0019,-0.0116,-0.0099,-0.0062,-0.0042,0.0037,-0.0015,0.001,-0.0013,-0.0059,-0.005,-0.0083,-0.013,-0.0053,-0.0068,-0.0024,-0.0012
2020-08-10,19.9113,110.2239,SE,,0.0541,0.0561,0.0513,0.0488,0.0414,0.0364,0.0264,0.0134,0.0184,0.0205,0.0168,0.0077,-0.0113,-0.0125,-0.017,-0.0138,-0.0121,-0.0089,-0.0096,-0.0108,-0.0087,-0.0055,-1e-04,0.0027,0.0047,0.0047,0.01,0.0155,0.0139
2020-08-10,19.9113,110.2239,SO,,0.0529,0.0541,0.0435,0.044,0.0359,0.0287,0.017,0.011,0.0044,-0.0045,-0.0141,-0.0217,-0.0255,-0.0265,-0.0295,-0.0276,-0.0283,-0.0324,-0.0202,-0.0193,-0.0089,-0.0068,-0.0045,0.0069,0.0014,0.0093,0.0177,0.0236,0.0321
2021-01-01,19.9097,110.2259,E,0.0305,-0.0024,-0.002,0.0015,0.0163,0.0057,0.0018,0.0012,0.0017,0.002,-0.0003,0.0007,-0.0093,-0.0078,-0.0062,0.0019,0.0024,-0.0116,-0.0053,-0.0033,-0.0009,-1e-04,0.0002,-0.0012,-0.0028,-0.0035,-0.0032,-0.0019,-0.0005,0.0006
2021-01-01,19.9097,110.2259,N,0.0221,0.0187,0.0184,0.0186,0.01,0.0114,0.0051,-0.001,-0.0046,-0.0035,-0.0028,-0.005,-0.0057,-0.0028,-0.0005,-0.002,-0.0036,-0.0019,0.0,0.001,0.0019,0.0027,0.004,0.0033,0.0074,0.0073,0.0029,0.0008,-0.0031,-0.0057
2021-01-01,19.9097,110.2259,NE,0.0105,0.008,-0.0071,-0.0023,0.0013,0.0106,0.0126,0.0214,0.0094,0.0198,0.0146,0.0213,0.0164,0.0172,0.0172,0.0199,0.0088,-0.0015,-0.0021,-0.0045,-0.0078,-0.0081,-0.0107,-0.0063,-0.0131,-0.0158,-0.017,-0.0143,-0.0171,-0.0198
2021-01-01,19.9097,110.2259,NO,,0.015,0.0098,-0.0022,-0.0145,-0.0137,-0.0157,-0.0151,-0.0108,-0.0071,-0.0038,0.0042,0.0041,0.0036,0.0056,0.0063,0.0062,0.0021,0.0027,0.0025,0.0009,0.0008,-0.0006,-0.0002,-0.0025,0.0005,-0.0002,-0.0012,-0.0002,-0.0043
2021-01-01,19.9097,110.2259,O,,0.0407,0.0265,1e-04,-0.0033,-0.0022,-0.003,-0.0021,-0.0018,-0.0047,-0.004,-0.0027,-0.0013,-0.0004,-0.0007,-1e-04,0.0007,-0.0003,-1e-04,-0.0006,0.0006,0.0063,0.0111,0.0121,0.001,0.0005,-0.001,-0.0025,-0.0062,-0.0097
2021-01-01,19.9097,110.2259,S,,0.0443,0.0441,0.0425,0.0077,0.0087,0.0143,0.0128,0.0151,0.0128,0.0093,0.008,0.007,0.0063,-0.0038,-0.0058,-0.0057,-0.0092,-0.0145,-0.0141,-0.0158,-0.0103,-0.0105,-0.0074,-0.0058,-0.0026,-0.0082,-0.0042,-0.0076,-0.0008
2021-01-01,19.9097,110.2259,SE,,0.0167,-0.0122,-0.0068,-0.0097,-0.0076,-0.0048,0.0122,0.0149,0.0115,0.0141,0.0157,0.0137,0.0121,0.0096,0.0051,-0.0026,0.0019,0.0032,0.0017,-0.006,-0.0079,-0.0078,-0.0074,-0.0079,-0.0054,-0.0024,-0.0016,-0.002,0.0
2021-01-01,19.9097,110.2259,SO,,0.0557,0.0477,0.0382,0.0048,-0.002,0.006,0.0005,0.0059,0.0064,0.0141,0.0111,-0.0024,-0.0088,-0.0133,-0.0079,-0.0075,-0.0126,-0.0091,-0.0105,-0.0162,-0.012,-0.0086,-0.0037,0.001,0.0069,0.0057,0.0065,0.0107,0.0129
2021-05-09,19.9099,110.2259,E,0.0482,0.0472,0.0418,0.059,0.0408,0.0394,0.0271,0.017,0.0204,0.0182,0.0181,0.0084,0.0078,-0.0004,-0.0104,-0.0204,-0.0378,-0.0275,-0.0219,-0.0186,-0.0144,-0.0105,-0.0073,-0.0056,-0.0033,0.0047,0.0054,-0.0013,-0.0006,0.0008
2021-05-09,19.9099,110.2259,N,0.0464,0.0413,0.0408,0.0439,0.0301,0.0388,0.0345,0.0218,0.0077,0.004,-0.0038,-0.0119,-0.0113,0.0,-0.0012,-0.006,-0.0077,-0.0135,-0.0059,-0.0071,-0.01,0.0016,0.0107,0.0157,0.0231,0.023,0.0179,0.0093,-0.0056,-0.0225
2021-05-09,19.9099,110.2259,NE,0.0117,0.0138,0.0277,0.0292,0.0249,0.0391,0.0459,0.0555,0.0336,0.0457,0.0302,0.0168,0.0278,0.0389,0.0237,0.037,-0.0055,-0.0172,-0.0149,-0.0234,-0.0201,-0.0127,-0.0126,0.0002,-0.0018,-0.0054,-0.0028,-0.0148,-0.0267,-0.0339
2021-05-09,19.9099,110.2259,NO,,0.0427,0.0388,0.0108,0.002,-0.0262,-0.0313,-0.0251,-0.0235,-0.0188,-0.0082,-0.0009,0.0084,0.0091,0.0129,0.0141,0.0137,0.0123,0.0084,0.0016,0.0079,-0.0007,-0.0101,-0.0094,-0.0101,-0.0006,-0.0043,-0.0071,0.0038,-0.0027
2021-05-09,19.9099,110.2259,O,,0.0797,0.0522,0.0506,0.0049,0.0169,0.014,0.012,0.0254,0.0142,0.0069,0.0009,-0.0016,-0.0028,-0.002,0.0014,0.0024,-0.0013,-0.0004,-0.0024,0.0021,-0.0064,0.0089,0.0142,-0.0149,-0.0096,-0.0112,-0.0065,-0.0038,-0.0118
2021-05-09,19.9099,110.2259,S,,0.1065,0.0844,0.0871,0.0459,0.0469,0.0461,0.0381,0.0306,0.0259,0.0273,0.0168,-0.0002,0.0028,-0.012,-0.01,-0.0127,-0.0188,-0.0203,-0.0262,-0.0237,-0.0218,-0.0267,-0.0245,-0.0052,-0.009,-0.0099,-0.0132,-0.0066,0.0042
2021-05-09,19.9099,110.2259,SE,,0.0036,0.0014,-0.003,-0.002,0.0044,0.0352,0.0366,0.0452,0.05,0.0471,0.044,0.0398,0.0287,0.0137,0.0061,-0.0012,0.0036,-0.0083,-0.0135,-0.0229,-0.0232,-0.0257,-0.0261,-0.0214,-0.007,-0.0028,0.0037,0.0075,0.0085
2021-05-09,19.9099,110.2259,SO,,0.1011,0.0877,0.074,0.0254,0.0246,0.0292,0.0116,0.0139,0.0108,0.0298,0.033,0.0254,0.004,-0.0049,-0.0212,-0.0297,-0.0287,-0.028,-0.0314,-0.0368,-0.0242,-0.0139,-0.0028,0.0067,0.0142,0.0275,0.0178,0.0069,-0.0015
2021-07-12,19.9005,110.2348,E,,0.0204,-0.0079,-0.0252,-0.0276,-0.0331,-0.0277,-0.025,-0.011,-0.0,0.0164,0.0204,0.0254,0.0212,0.0213,0.0187,0.0035,0.0044,0.0048,0.005,-0.0009,-0.0052,-0.0038,-0.005,-0.0027,-0.0037,-0.0029,-0.0114,-0.0138,-0.0076
2021-07-12,19.9005,110.2348,N,-0.0226,0.01,-0.0125,-0.0462,0.0019,-0.0055,0.0202,0.0393,0.018,0.042,0.0428,0.0362,0.0353,0.0293,0.0205,0.0099,-0.0011,-0.0056,-0.0085,-0.0176,-0.0366,-0.0308,-0.0285,-0.0294,-0.0272,-0.0176,-0.0095,-0.0022,0.0174,0.0284
2021-07-12,19.9005,110.2348,NE,0.082,0.0783,0.0472,0.0018,-0.0289,-0.0319,-0.0134,-0.0203,-0.0103,-0.0166,-0.0123,-0.0033,0.0008,0.0066,0.0076,0.0109,0.0023,0.0016,-0.0044,-0.0054,-0.0051,-0.0051,0.001,-0.0006,0.0074,0.0102,0.0072,0.0051,1e-04,-0.005
2021-07-12,19.9005,110.2348,NO,,0.0325,0.0237,0.0228,0.0254,0.0269,0.032,0.0177,0.0285,0.0216,0.0356,0.0112,0.048,0.0316,0.0201,0.0127,-0.0049,-0.0262,-0.0243,-0.0269,-0.0131,-0.0107,-0.0119,-0.023,-0.0306,-0.0207,-0.005,0.0116,0.0008,0.0159
2021-07-12,19.9005,110.2348,O,,0.0924,0.0785,0.0669,0.0478,0.02,0.0068,0.0023,0.0038,0.0067,0.0058,0.0056,0.0122,0.0141,0.0083,0.0108,0.0036,0.0035,-0.0006,0.0033,0.0031,0.0002,0.0037,0.0009,0.0091,0.0042,-0.0059,-0.0133,-0.017,-0.0235
2021-07-12,19.9005,110.2348,S,,0.0943,0.0688,0.0544,0.0347,0.013,0.0097,-0.0048,0.0052,0.0055,0.0047,1e-04,0.0017,-0.0015,-0.0009,0.0023,0.007,0.0076,0.011,0.0056,0.009,0.0136,0.0209,0.0175,0.0116,0.0076,-0.0015,-0.0121,-0.027,-0.0288
2021-07-12,19.9005,110.2348,SE,0.062,0.0412,0.0276,0.0186,0.0114,-0.0132,-0.0283,-0.0403,-0.0453,-0.0374,-0.0286,-0.0232,-0.0038,0.0031,0.0197,0.031,0.0289,0.0284,0.0265,0.0201,0.0153,0.0039,-0.0003,-0.0079,-0.0126,-0.0138,-0.015,-0.0122,0.0059,0.0012
2021-07-12,19.9005,110.2348,SO,,0.1188,0.1058,0.0888,0.0703,0.053,0.0304,0.0173,0.0034,0.0066,0.0036,0.011,0.0006,0.0049,0.0102,0.0117,-0.0018,0.0043,0.004,0.0006,-0.0062,-0.0205,-0.0179,-0.0211,-0.0174,-0.0126,-0.0157,-0.0197,-0.0047,0.0109
2021-07-28,19.9031,110.2208,E,,0.0937,0.0785,0.0722,0.0488,0.0443,0.0365,0.0212,0.0357,0.0269,0.0268,0.0224,0.0215,0.0104,0.002,-0.0034,-0.0141,-0.0148,-0.0133,-0.0112,-0.0215,-0.0165,-0.0239,-0.0235,-0.0254,-0.0212,-0.0083,-0.0052,0.0077,0.0247
2021-07-28,19.9031,110.2208,N,0.0898,0.0899,0.0781,0.0778,0.0823,0.0453,0.0245,0.0115,0.0039,0.0037,0.0077,0.0083,0.0213,0.0092,0.0179,0.0145,-0.0025,0.0002,-0.0107,-0.0159,-0.0143,-0.0209,-0.0046,0.0019,-0.0008,0.0041,0.0019,0.0041,-0.0004,0.0002
2021-07-28,19.9031,110.2208,NE,,0.0623,0.056,0.0416,0.0329,0.0064,-0.0034,-0.0124,-0.0152,-0.0066,-0.0257,-0.0126,-0.008,-0.0199,-0.0113,0.0049,-1e-04,-0.0077,-0.0021,-0.0009,-0.0008,-0.0063,0.0013,0.0003,0.0024,0.0014,0.0066,0.0031,0.0161,0.0113
2021-07-28,19.9031,110.2208,NO,,0.0635,0.0461,0.0314,0.031,0.0209,0.0157,0.0157,0.0189,0.0159,0.0192,0.01,0.0075,0.0006,-0.0074,-0.0079,-0.0065,-0.0085,-0.0128,0.0089,0.0082,0.0072,0.0052,-0.0096,-0.0079,-0.0074,-0.0038,-0.0016,0.0105,0.0107
2021-07-28,19.9031,110.2208,O,,0.0943,0.0886,0.081,0.0571,0.049,0.0626,0.0512,0.0547,0.0389,0.0304,0.0208,0.0236,0.0217,0.0219,0.0193,0.0066,0.008,0.0105,0.0063,0.0011,-0.0051,-0.0114,-0.015,-0.0207,-0.0246,-0.026,-0.025,-0.0301,-0.0115
2021-07-28,19.9031,110.2208,S,,0.1112,0.1062,0.0791,0.066,0.0478,0.0373,0.0357,0.0278,0.0305,0.0303,0.0292,0.0187,0.0157,0.0018,-0.0043,-0.0082,0.0036,0.0057,-0.0029,-0.0067,-0.0,0.0004,-0.0019,-0.0088,-0.0146,-0.0085,-0.0129,-0.0127,-0.0177
2021-07-28,19.9031,110.2208,SE,,0.0743,0.0655,0.0406,0.0134,-0.0034,-0.017,-0.0262,-0.0066,0.0245,0.0304,0.046,0.0309,0.0295,0.0071,0.0071,0.0196,0.0154,-0.0053,-0.0042,-0.009,-0.0127,-0.0156,-0.0138,-0.0119,-0.0008,0.0106,0.0037,0.0067,-0.0039
2021-07-28,19.9031,110.2208,SO,,0.1481,0.1379,0.141,0.1382,0.1232,0.0941,0.07,0.0367,0.0238,0.0149,0.0155,0.0292,0.0131,0.0187,0.0132,0.011,0.0087,0.0024,-0.0046,0.0037,0.0022,-0.0069,-0.0141,-0.0208,-0.0141,-0.0225,-0.0247,-0.0199,-0.0188
2021-12-03,19.9097,110.2259,E,0.0404,-0.0062,-0.0126,-0.0118,0.0043,-0.0052,-0.0072,-0.006,-0.0042,-0.0029,-0.0034,0.0038,0.0034,0.0046,0.0024,0.0085,0.0012,-0.0139,-0.0064,-0.0052,-0.0054,-0.0023,-0.0007,-0.0012,-0.004,-0.0041,-0.0031,-0.003,-0.0011,0.0016
2021-12-03,19.9097,110.2259,N,0.034,0.0331,0.032,0.0317,0.0186,0.0221,0.0209,0.0154,0.0056,-0.0019,-0.0051,-0.0079,-0.0092,-0.002,0.0059,0.0062,0.0015,0.0013,0.0009,0.0011,0.0019,-0.0005,0.0011,0.0002,0.0027,0.0039,-0.0007,-0.004,-0.0071,-0.011
2021-12-03,19.9097,110.2259,NE,0.0227,0.0199,-0.0086,-0.0034,-0.0052,0.0032,0.0117,0.0186,0.0078,0.0061,0.0053,0.0089,0.0171,0.0213,0.0129,0.0154,0.0004,-0.0057,-0.0096,-0.0103,-0.0094,-0.0073,-0.007,-0.0057,-0.0051,-0.0096,-0.0146,-0.0138,-0.0154,-0.0198
2021-12-03,19.9097,110.2259,NO,,0.0357,0.0324,0.0154,0.0052,0.0041,-1e-04,0.0011,-0.0043,-0.0073,-0.0043,-0.0005,0.0013,0.0008,0.0027,0.0006,0.0027,-0.0009,0.0005,-0.0021,-0.0028,-0.0044,-0.0045,-0.0043,-0.0048,-0.0003,0.0017,0.0007,0.0032,0.0014
2021-12-03,19.9097,110.2259,O,,0.0585,0.0452,0.0102,0.0049,0.0063,0.0039,0.0063,0.0026,-0.0064,-0.0091,-0.0097,-0.0091,-0.0061,-0.0052,-0.001,0.001,-0.0004,0.0053,0.0059,0.0044,0.0037,0.0077,0.0053,0.0044,-0.001,-0.0039,-0.0057,-0.01,-0.0145
2021-12-03,19.9097,110.2259,S,,0.0664,0.0616,0.0585,0.0148,0.0125,0.0112,0.0097,0.0081,0.0082,0.0101,0.0094,0.001,0.0029,-0.0062,-0.0078,-0.0114,-0.0181,-0.0165,-0.0149,-0.0142,-0.0154,-0.0138,-0.0104,-0.0046,-0.0007,-0.0035,-0.0031,-0.0077,0.0003
2021-12-03,19.9097,110.2259,SE,,0.0276,-0.0145,-0.0169,-0.024,-0.0172,-0.0122,0.0097,0.0111,0.009,0.0127,0.013,0.0128,0.0104,0.009,0.0048,0.001,0.0074,0.0078,0.008,-0.0084,-0.0088,-0.0096,-0.01,-0.0108,-0.0071,-0.004,-0.0019,-0.0011,1e-04
2021-12-03,19.9097,110.2259,SO,,0.0675,0.0621,0.0549,0.013,0.0059,0.01,0.0086,0.0088,0.0122,0.0152,0.007,-0.0004,-0.006,-0.0123,-0.0101,-0.0162,-0.0126,-0.0095,-0.0107,-0.0123,-0.0073,-0.0046,-0.0033,0.0013,0.0076,0.0053,0.0044,0.0056,0.0054
2022-03-09,19.9097,110.2259,E,0.0515,0.0047,-0.0081,-0.0007,0.0157,0.0,-0.0024,0.0012,0.002,0.0029,0.0011,0.0068,0.0021,0.0047,0.0019,0.0044,-0.0064,-0.0184,-0.0126,-0.0076,-0.0083,-0.0013,-0.0032,-0.0011,-0.0028,-0.0048,-0.0041,-0.0021,0.0026,0.0064
2022-03-09,19.9097,110.2259,N,0.0322,0.0307,0.0301,0.0314,0.0171,0.023,0.027,0.0275,0.0167,0.0002,-0.0141,-0.0133,-0.0129,-0.0097,-0.0024,0.001,0.0004,0.0027,0.0032,0.0021,0.0023,0.0037,0.0104,0.0082,0.0079,0.0064,0.0049,0.0013,-0.0071,-0.0197
2022-03-09,19.9097,110.2259,NE,0.0248,0.0242,-0.002,0.0023,-0.0017,0.002,0.0125,0.0206,0.0117,0.0145,0.0103,0.0122,0.0261,0.0298,0.0167,0.025,0.0072,-0.0043,-0.0094,-0.0099,-0.0107,-0.0077,-0.005,0.0027,-0.0023,-0.0116,-0.0138,-0.0165,-0.0248,-0.0322
2022-03-09,19.9097,110.2259,NO,,0.0453,0.0447,0.0345,0.0317,0.0273,0.0165,0.0054,-0.0036,-0.0062,0.0026,0.0024,0.0014,0.0008,0.0028,0.0046,0.0009,-0.0053,-0.0024,-0.0059,-0.0071,-0.0094,-0.0089,-0.0045,-0.002,0.0022,0.0056,0.0042,0.0058,0.0013
2022-03-09,19.9097,110.2259,O,,0.0726,0.0643,0.0284,0.0245,0.0208,0.0142,0.0143,0.0083,-0.0053,-0.0101,-0.0082,-0.0121,-0.008,-0.0042,-0.0015,0.0014,-1e-04,0.0025,0.0007,0.0015,0.0064,0.0027,0.005,0.004,-0.004,-0.004,-0.0051,-0.0045,-0.0071
2022-03-09,19.9097,110.2259,S,,0.0763,0.0711,0.0664,0.0188,0.0236,0.0234,0.0235,0.0189,0.0152,0.0162,0.0054,0.0018,0.0061,-0.0088,-0.0108,-0.0118,-0.0155,-0.0182,-0.0187,-0.0227,-0.0192,-0.0207,-0.0127,-0.0145,-0.0064,-0.0078,-0.0099,-0.0062,-0.0059
2022-03-09,19.9097,110.2259,SE,,0.0301,-0.0121,-0.0124,-0.0157,-0.0065,-0.0044,0.02,0.0286,0.018,0.0241,0.028,0.0273,0.0223,0.0151,0.0056,-0.0035,0.0009,0.0015,-1e-04,-0.0142,-0.0169,-0.0127,-0.015,-0.0139,-0.0084,0.0,-0.0003,0.0019,0.0042
2022-03-09,19.9097,110.2259,SO,,0.0672,0.0604,0.0497,0.0072,0.0018,0.0099,0.0121,0.0114,0.0082,0.0027,-0.0047,-0.0115,-0.0108,-0.0178,-0.0176,-0.0139,-0.0021,0.0007,-0.0019,-0.0053,-0.0091,-0.0015,0.0074,0.0106,0.0188,0.0106,0.0018,-0.0039,-0.0098
2022-04-10,19.9097,110.2259,E,0.0945,0.0319,0.0077,0.011,0.0243,0.0053,0.0018,0.0037,0.0044,0.0044,0.0029,0.0117,0.0115,0.0162,0.0069,0.0024,-0.0121,-0.0292,-0.0235,-0.0158,-0.0163,-0.0099,-0.0079,-0.0074,-0.0039,-0.0031,0.0014,0.0022,0.0034,0.0089
2022-04-10,19.9097,110.2259,N,0.0486,0.0453,0.0435,0.0453,0.0279,0.0333,0.0355,0.0381,0.0226,0.0028,-0.0095,-0.0116,-0.0087,-0.006,-0.005,-0.0092,-0.0038,-0.0034,0.0031,-0.0005,0.0005,0.0055,0.0134,0.0088,0.0103,0.0141,0.0148,0.0036,-0.0109,-0.0284
2022-04-10,19.9097,110.2259,NE,0.0487,0.0476,0.0111,0.0134,1e-04,0.0043,0.0203,0.0334,0.0209,0.0276,0.0088,0.0193,0.0282,0.031,0.0185,0.0227,-0.0017,-0.0137,-0.0223,-0.0179,-0.0191,-0.0093,-0.0114,-0.0012,-0.0016,-0.0108,-0.0139,-0.016,-0.026,-0.0317
2022-04-10,19.9097,110.2259,NO,,0.056,0.0522,0.0397,0.0325,0.0195,0.0029,-0.0036,-0.015,-0.0132,0.0012,0.0052,0.0087,0.0066,0.0088,0.0042,0.0037,-0.0039,-0.0052,-0.0096,-0.008,-0.0101,-0.009,-0.0058,-0.0043,-0.0,0.0022,0.0024,0.0056,0.0038
2022-04-10,19.9097,110.2259,O,,0.0799,0.0681,0.0257,0.0213,0.0102,-0.0004,-0.0029,-0.0118,-0.017,-0.0192,-0.0147,-0.0115,-0.0055,-0.0014,0.0003,0.0038,0.0035,0.0103,0.0136,0.0134,0.0136,0.0139,0.0164,0.0062,-0.0037,-0.0069,-0.0119,-0.0121,-0.029
2022-04-10,19.9097,110.2259,S,,0.0956,0.0875,0.0804,0.022,0.0242,0.0289,0.0284,0.0251,0.0207,0.0181,0.0078,0.0063,0.0096,0.0032,0.0006,-0.0111,-0.0212,-0.0261,-0.0248,-0.0282,-0.0316,-0.0319,-0.0227,-0.0165,-0.011,-0.0169,-0.0139,-0.0131,-0.0136
2022-04-10,19.9097,110.2259,SE,,0.0487,-0.0072,-0.0177,-0.0229,-0.0131,-0.012,0.0189,0.0356,0.0193,0.0364,0.0411,0.0351,0.0337,0.0257,0.0112,0.0034,0.0026,0.004,0.0024,-0.0244,-0.0195,-0.0227,-0.0209,-0.0214,-0.0123,-0.0016,0.0005,0.0013,0.002
2022-04-10,19.9097,110.2259,SO,,0.0983,0.0834,0.0626,0.0181,0.0015,0.0085,0.0012,0.0123,0.0099,0.0132,-0.0073,-0.0196,-0.0264,-0.0398,-0.0207,-0.0281,-0.0315,-0.0046,-0.0076,-0.0097,-0.0116,-0.002,-1e-04,0.0084,0.0181,0.0115,0.0101,0.0088,0.0102
2022-04-26,19.9091,110.2251,E,0.0669,0.0658,0.0589,0.0125,0.0054,-0.0009,0.014,0.0124,0.0259,0.0012,0.0011,0.0029,0.0111,0.0128,0.0112,0.0012,-0.0036,-0.0015,-0.0271,-0.041,-0.0339,-0.0243,-0.0159,-0.0083,-0.0015,0.0037,0.009,0.0092,0.0105,0.0128
2022-04-26,19.9091,110.2251,N,0.0648,0.0629,0.0587,0.0292,0.0335,0.0365,0.039,0.0287,0.032,0.0322,0.026,0.0186,0.0051,-0.0128,-0.0151,-0.0186,-0.011,-0.0087,-0.0089,-0.0098,-0.0065,-0.0015,-0.0031,-0.0005,-0.0008,0.0045,0.0088,0.0074,-0.0019,0.0047
2022-04-26,19.9091,110.2251,NE,,0.0549,0.0499,0.0453,0.0038,-0.017,-0.0151,-0.0063,-0.0078,-0.0094,0.0099,0.0027,-0.0022,-0.0019,0.0053,0.006,0.0348,0.0399,0.0327,0.0329,-0.0211,-0.029,-0.0274,-0.0236,-0.0156,-0.011,-0.003,-0.0023,-0.0033,-0.0061
2022-04-26,19.9091,110.2251,NO,,0.0354,0.0302,0.0303,0.0248,0.0205,0.0089,0.0016,-0.0044,-0.0054,-0.0037,-0.002,0.0045,0.0069,0.0045,0.0055,0.0032,0.0026,0.0004,0.0024,-0.0017,-0.0089,-0.0075,-0.0096,-0.0047,-0.0027,0.0025,0.002,1e-04,0.0003
2022-04-26,19.9091,110.2251,O,,0.0504,0.0454,0.0528,0.0453,0.0396,0.0254,0.005,-0.0101,-0.0197,-0.0113,-0.0145,-0.0113,-0.0007,0.0024,0.0075,0.005,0.0079,0.0105,0.0154,0.0201,0.0179,0.0123,-0.0013,-0.0063,-0.0049,-0.0171,-0.022,-0.0228,-0.029
2022-04-26,19.9091,110.2251,S,,0.0547,0.0423,0.0329,0.033,0.0242,0.0219,0.0162,0.0143,0.0088,0.0063,0.0037,-0.0026,-0.009,-0.0138,-0.0189,-0.0195,-0.0326,-0.0289,-0.0258,-0.0366,-0.0282,0.0219,0.0009,0.0213,-0.0073,-0.0084,-0.0003,0.0018,0.0084
2022-04-26,19.9091,110.2251,SE,,0.0203,0.0069,-0.0003,0.0033,0.0054,0.0032,0.001,0.0002,0.004,0.058,0.059,0.0562,0.0491,0.04,0.028,0.0168,0.0157,0.0164,0.0025,-0.0079,-0.0123,-0.0199,-0.0254,-0.0208,-0.0135,-0.0071,-0.0051,-0.0015,-0.0016
2022-04-26,19.9091,110.2251,SO,,0.0411,0.0341,0.037,0.0316,0.0279,0.0128,-0.0009,-0.0094,-0.011,-0.0204,-0.0246,-0.0209,-0.0128,-0.0056,-0.0037,-0.0071,-0.0085,-0.0073,0.0019,0.0004,0.0083,0.0103,0.0006,-0.0076,0.0025,0.0015,0.0077,0.0049,0.0112
2022-06-03,19.9121,110.2288,E,0.1174,0.0702,0.0385,0.1259,0.1258,0.1116,0.0061,0.0065,0.0067,0.0085,0.0112,0.0427,0.0242,0.0068,0.0099,0.0026,0.0036,0.004,-0.0098,-0.0094,0.0027,0.002,-0.0091,-0.0098,0.0005,0.002,-0.0045,-0.0108,-0.0113,-0.0084
2022-06-03,19.9121,110.2288,N,,0.1384,0.0665,0.0344,0.0164,0.0093,0.0086,0.0102,0.0089,0.0088,0.0085,0.0094,0.0021,-0.0046,-0.005,-0.0047,-0.0032,-0.0033,-0.0172,-0.0086,-0.0011,0.0066,0.0056,0.0049,0.001,-0.0029,0.0007,-0.0016,-0.0009,-0.0053
2022-06-03,19.9121,110.2288,NE,,0.0773,0.0337,0.0176,-0.0017,-0.0067,-0.012,0.0016,0.009,0.0221,0.0179,0.0242,0.024,0.0096,0.0047,-0.0019,-0.005,-0.0074,0.0012,-0.0078,-0.0021,-0.0022,-0.0011,-0.0037,0.0023,0.0044,-0.0058,-0.0083,-0.0148,-0.0147
2022-06-03,19.9121,110.2288,NO,,0.0998,0.0565,0.0194,-0.0144,-0.0301,-0.0321,-0.0027,-0.0158,-0.0158,-0.0025,0.0006,-0.0087,-0.0033,-0.0016,0.0007,0.0089,0.0015,0.0169,0.02,0.0291,0.0126,-0.0026,-0.0015,-0.0114,-0.0119,-0.0137,-0.0148,-0.013,-0.0007
2022-06-03,19.9121,110.2288,O,,0.1086,0.043,0.0368,0.004,-0.0112,-0.0214,-0.0098,0.0049,0.0035,0.0216,0.0088,-0.0007,-0.0059,0.0012,0.0039,0.0017,-0.0085,-0.0008,0.0019,-0.0004,-0.0138,-0.0019,-0.0024,0.0113,0.0107,-0.001,-0.004,-0.0061,-0.0052
2022-06-03,19.9121,110.2288,S,0.0713,0.0263,0.0259,0.0295,0.0081,0.0049,0.0021,0.0055,0.0106,0.0111,-0.0114,-0.0229,-0.03,-0.0202,0.0246,0.0277,0.0349,0.0384,0.0265,0.017,0.0079,-0.0019,0.0077,0.0022,-0.0081,-0.0104,-0.0218,-0.0199,-0.0164,-0.0202
2022-06-03,19.9121,110.2288,SE,,0.0581,0.0297,0.0332,0.0916,0.1227,0.1058,0.1041,0.0106,-0.0072,-0.0104,-0.0147,-0.0212,-0.0155,-0.0229,-0.0103,-0.0084,-0.0076,-0.0049,-0.0064,-0.0035,-0.0051,-0.0065,-0.0032,-0.001,-0.0031,-0.0052,-0.0048,-0.0009,0.0057
2022-06-03,19.9121,110.2288,SO,,0.0674,0.0264,0.0185,0.0236,0.0265,0.0157,0.0118,0.0112,0.0024,0.0035,-0.0015,0.0024,0.0171,0.0115,-0.0011,0.0002,-0.0031,-0.0003,-0.0029,-0.008,-0.0049,0.0157,0.0086,-0.0064,-0.0055,-0.0051,-0.0044,-0.0068,-0.0164
2022-06-29,19.9118,110.2291,E,0.1187,0.1139,0.093,0.0656,0.0492,0.0346,0.0182,0.0236,0.0229,0.031,0.0342,0.0392,0.0355,0.0353,0.0194,0.0232,0.0117,0.0005,-0.0065,-0.006,-0.002,-0.0058,-0.0057,-0.0148,-0.0155,-0.0188,-0.0174,-0.0187,-0.0193,-0.0201
2022-06-29,19.9118,110.2291,N,,0.1037,0.0626,0.0496,0.0539,0.0514,0.0615,0.0559,0.0527,0.0468,0.0353,0.0313,0.0274,0.0172,0.0057,-0.0124,-0.0252,-0.0291,-0.026,-0.0269,-0.0196,-0.0151,-0.0119,-0.0099,-0.0088,-0.0097,-0.0086,-0.0085,-0.0029,-0.0024
2022-06-29,19.9118,110.2291,NE,,0.1107,0.0762,0.0435,0.021,-0.0024,-0.0159,-0.0213,-0.0126,-0.0119,-0.0061,0.0031,0.0066,0.0103,0.0149,0.019,0.0197,0.0172,0.0114,0.0,-0.0055,-0.0112,-0.0159,-0.0118,-0.012,-0.0091,-0.0071,-0.0056,-0.0003,0.0021
2022-06-29,19.9118,110.2291,NO,,0.0936,0.0733,0.0499,0.0477,0.0498,0.0583,0.0683,0.0753,0.0806,,,0.0763,,,0.0603,0.0563,0.055,0.046,0.0359,0.0198,-0.0041,0.0096,-0.0106,-0.0029,-0.0048,-0.006,-0.0041,0.0005,0.006
2022-06-29,19.9118,110.2291,O,,0.0463,0.0394,0.0024,-0.0072,-0.0065,0.002,0.0115,0.0129,0.0158,0.0126,0.0042,-0.0006,-0.004,-0.0018,-0.005,-0.0072,-0.0059,-0.0023,-0.0039,-0.0051,-0.0055,-0.0014,0.0027,0.0099,0.0133,0.0061,0.0002,-1e-04,0.0017
2022-06-29,19.9118,110.2291,S,0.0551,0.0613,0.057,0.0495,0.0498,0.0415,0.0364,0.0453,0.0344,0.0334,0.0248,0.0238,0.0148,0.0121,0.0225,0.0384,0.0379,0.046,0.0355,0.0095,0.0068,-0.0104,-0.0147,-0.015,-0.0169,-0.0234,-0.0313,-0.0396,-0.0403,-0.0506
2022-06-29,19.9118,110.2291,SE,,0.0543,0.05,0.0447,0.0398,0.042,0.0845,0.085,0.0773,0.0245,0.0117,0.0062,-0.0068,-0.0219,-0.0209,-0.0118,-0.0094,-0.0091,-0.012,-0.0089,-0.0052,-0.0012,-0.0017,0.0013,-0.0033,0.0039,-0.0025,-0.0007,-0.0044,-0.0094
2022-06-29,19.9118,110.2291,SO,,0.0405,0.0376,0.0323,0.0304,0.0424,0.0371,0.036,0.0234,0.0153,0.0162,0.0248,0.0206,0.0366,0.0179,0.0349,0.0181,0.0102,0.0114,0.0103,0.0036,-0.0123,-0.0066,-0.0103,-0.0162,-0.0177,-0.0168,-0.0183,-0.016,-0.0004
2022-09-17,19.9121,110.2288,E,0.1558,0.134,0.1075,0.1578,0.1454,0.1239,0.0298,0.006,-0.0033,-0.0005,0.0006,-0.0087,-0.0146,-0.0123,-0.0137,-0.0044,0.012,0.0137,0.0123,0.0002,-0.0013,-0.0024,-0.0027,-0.0055,-0.0075,-0.0099,-0.0123,-0.0125,-0.0124,-0.0066
2022-09-17,19.9121,110.2288,N,,0.1408,0.118,0.0775,0.0472,0.0273,0.0109,0.0014,0.0034,-0.0054,-0.0061,0.0068,0.0053,0.003,0.0035,0.0059,0.0115,-1e-04,-0.0122,-0.0151,-0.0087,-0.0051,0.0034,-0.0004,-0.007,-0.0086,-0.0067,-0.0033,0.0002,0.0037
2022-09-17,19.9121,110.2288,NE,,0.1079,0.0739,0.0411,0.0216,0.0091,-0.0034,-0.0085,0.0034,0.0068,0.0209,0.0228,0.0222,0.0168,0.0088,0.0024,-0.0033,-0.0002,0.0022,-0.0036,-0.0067,-0.0037,-0.0046,0.0006,-0.0056,0.0003,-0.0113,-0.0043,-0.0132,-0.0112
2022-09-17,19.9121,110.2288,NO,,0.1093,0.0936,0.0659,0.0315,0.0007,-0.0053,-0.0236,-0.0273,-0.0285,-0.0233,-0.0205,-0.0135,-0.0109,-0.0065,0.0104,0.019,0.0239,0.0288,0.026,0.0227,0.0124,0.0049,-0.002,-0.0054,-0.003,-0.0057,-0.0126,-0.0126,-0.0124
2022-09-17,19.9121,110.2288,O,,0.1043,0.0869,0.0694,0.0366,0.0134,0.0114,0.0103,0.0194,0.0186,0.0249,0.0086,0.0031,0.0033,-0.001,-0.0034,-0.0062,-0.0089,-0.0118,-0.0149,-0.0198,-0.0144,-0.0092,-0.0043,0.001,0.0127,0.0084,0.0058,0.0061,-0.002
2022-09-17,19.9121,110.2288,S,0.0864,0.0688,0.0505,0.038,0.0169,-0.0009,0.0004,-0.0075,-0.0182,-0.026,-0.0084,-0.0199,-0.0159,-0.0103,0.0214,0.0336,0.0421,0.0417,0.0262,0.0089,0.0071,0.0105,0.0181,0.0145,0.01,0.0062,-0.0035,0.0014,-0.0245,-0.0237
2022-09-17,19.9121,110.2288,SE,,0.1105,0.0924,0.0802,0.115,0.1444,0.1227,0.1107,0.0143,0.0127,-0.0094,-0.0191,-0.0226,-0.0136,-0.0195,-0.0114,-0.0072,-0.005,0.0006,0.0025,0.0009,-0.0055,-0.0075,-0.0024,-0.0015,-0.0034,-0.0016,-0.0052,-0.0057,0.0006
2022-09-17,19.9121,110.2288,SO,,0.089,0.0653,0.0517,0.0476,0.0358,0.0285,0.02,0.0103,0.0172,0.0139,0.0188,0.0177,0.0275,0.0076,0.0265,0.0013,-0.0034,0.0085,0.0083,0.0096,-0.0009,0.0078,-0.0079,-0.0214,-0.0133,-0.018,-0.0137,-0.015,-0.0029
2022-10-11,19.9121,110.2291,E,0.0903,0.0696,0.0526,0.0412,0.0687,0.0173,0.0113,0.0004,0.005,0.0067,0.0153,0.0213,0.0105,0.0037,0.0112,0.0109,0.0051,0.003,0.0029,-0.0004,-0.0008,0.0004,-0.0027,-0.0066,-0.0073,-0.008,-0.0077,-0.0082,-0.0085,-0.0075
2022-10-11,19.9121,110.2291,N,,0.0838,0.05,0.0334,0.0285,0.0215,0.0191,0.0162,0.0158,0.0149,0.0135,0.0085,0.0041,0.0007,-0.0008,-0.0014,-0.0082,-0.0123,-0.0099,-0.008,-0.0069,0.0,0.0022,-1e-04,-0.0037,-0.0053,-0.0037,-0.004,-0.0047,-0.0011
2022-10-11,19.9121,110.2291,NE,,0.0614,0.0425,0.0271,0.0169,0.0085,0.0047,0.0061,0.0092,0.0099,0.0094,0.0098,0.0066,0.0045,0.0008,-0.0011,0.0002,0.0009,0.0011,-0.0012,-0.0011,-0.0051,-0.0088,-0.0043,-0.0064,0.0017,-0.0059,-0.0065,-0.0092,-0.0063
2022-10-11,19.9121,110.2291,NO,,0.0625,0.041,0.0129,-0.0043,-0.0081,-0.0139,-0.0154,-0.0121,-0.008,-0.0072,-0.0046,-0.0045,-0.005,0.0025,0.0116,0.0102,0.0104,0.017,0.0166,0.0154,-0.0006,0.0016,-0.0037,-0.0027,-0.0018,-0.0063,-0.0163,-0.0084,-0.0103
2022-10-11,19.9121,110.2291,O,,0.0774,0.056,0.0329,0.0105,1e-04,-0.0027,-0.0007,0.0023,0.0027,0.0026,0.0045,0.004,0.0024,1e-04,-0.0044,-0.0034,-0.001,-0.0038,-0.0074,-0.0071,-0.0074,-0.0065,-0.0035,-0.0003,0.0078,0.0095,0.0064,0.0062,0.0037
2022-10-11,19.9121,110.2291,S,0.0593,0.0423,0.031,0.0172,0.0113,1e-04,-0.0076,-0.0075,-0.0112,-0.0202,-0.0222,-0.0037,-0.0086,-0.0061,-0.0006,0.0269,0.033,0.0368,0.0278,0.0126,0.0051,0.001,0.0088,0.0107,0.0086,-0.0011,-0.0042,-0.0049,-0.0035,-0.0289
2022-10-11,19.9121,110.2291,SE,,0.0553,0.0467,0.0407,0.0689,0.0981,0.0948,0.0837,0.0771,0.0067,-0.0028,-0.0091,-0.0168,-0.0167,-0.0092,-0.01,-0.0037,-0.0023,0.0018,0.0,-1e-04,-0.0016,-0.0046,-0.0034,-0.0002,1e-04,-0.0054,-0.0052,-0.0061,-0.0005
2022-10-11,19.9121,110.2291,SO,,0.0658,0.0422,0.0308,0.0219,0.021,0.0152,0.0155,0.0077,0.0029,0.0083,0.0119,0.0033,0.0165,0.0026,0.0096,0.0007,-0.0023,-0.0028,-0.0029,-0.0012,-0.0003,0.0013,0.0049,-0.0073,-0.0098,-0.0123,-0.0114,-0.0113,-0.0067
2022-12-07,19.9116,110.2319,E,,-0.0118,-0.0195,-0.0183,-0.0131,-0.0046,-0.0083,0.0171,0.0309,0.0377,0.0445,0.0495,0.0406,0.0274,0.0149,0.0074,-0.0008,-0.0044,-0.0058,-0.0049,-0.003,-0.0105,-0.0175,-0.0172,-0.0108,-0.0098,-0.0035,-0.005,-0.0084,-0.0134
2022-12-07,19.9116,110.2319,N,,0.0264,0.0125,0.0049,0.0013,0.005,0.0048,0.0025,0.0039,1e-04,0.0005,0.0005,-0.0048,-0.0048,-0.0049,-0.0034,-0.0006,-0.0008,0.0013,0.0024,0.0039,0.004,0.0028,0.0016,-0.0029,-0.0029,-0.003,-0.0027,-0.0015,-0.0002
2022-12-07,19.9116,110.2319,NE,0.0284,0.0168,0.0044,0.0035,0.001,0.0025,0.0035,0.0025,0.0037,0.0064,0.0039,0.0011,0.0045,-0.0054,-0.0011,-0.0072,-0.0071,-0.0067,-0.0083,-0.0095,-0.0094,-0.005,0.0004,-0.0029,-0.0067,-0.0043,-0.0037,0.0029,0.0092,0.0124
2022-12-07,19.9116,110.2319,NO,0.0426,0.0253,0.0141,0.0028,-0.0023,-0.0022,0.0006,0.0006,-0.002,-0.0046,0.0028,-0.0021,-0.0028,-0.0041,-0.004,-0.0015,-0.0016,-0.0013,-0.0008,0.002,0.0035,0.0035,0.0036,-0.0017,0.0003,-0.0002,0.0009,-0.0025,-0.0022,-0.0023
2022-12-07,19.9116,110.2319,O,,0.0413,0.0351,0.0135,0.0095,0.0135,0.005,0.0053,0.0046,-0.0026,-0.0017,-0.003,-0.0064,-0.007,-0.0013,-0.001,-0.0017,0.005,0.0051,0.0053,0.0009,-0.0008,0.0021,0.0021,0.0018,-0.0035,-0.0033,-0.0032,-0.0035,-0.0031
2022-12-07,19.9116,110.2319,S,,0.0181,0.0177,0.015,0.0062,-0.0034,-0.0047,-0.0062,-0.0028,-0.0012,0.0025,-0.0026,-0.0039,-0.0004,-0.0002,0.0021,-0.0037,-0.0039,-0.0037,-0.0063,-0.0075,-0.0076,-0.0012,0.0007,0.0013,-0.0002,0.0023,-0.0008,0.0058,1e-04
2022-12-07,19.9116,110.2319,SE,-0.0099,,-0.0165,-0.0227,-0.0214,-0.0302,-0.023,0.0096,-0.0016,0.0046,0.0169,0.0093,0.0222,0.0163,0.0113,0.0118,0.0126,0.0057,0.0011,-1e-04,-0.0015,-0.0012,-0.0021,-0.0024,-0.0058,-0.0051,-0.0057,-0.007,-0.0094,-0.0106
2022-12-07,19.9116,110.2319,SO,0.0264,,0.0231,0.0065,0.0042,0.0016,-0.0049,0.0005,-0.0025,-0.0011,0.0033,-0.0031,-0.0027,0.0042,0.0032,0.0046,0.0023,-0.0035,-0.0031,-0.0017,-0.002,-0.0015,0.0006,-0.0016,0.0011,0.0007,-0.0015,-0.0031,-0.0032,-0.0023
2022-12-22,19.9099,110.2259,E,-0.002,-0.006,-0.0096,0.0079,-0.003,-0.0029,0.0007,1e-04,0.0035,-0.0021,0.0016,-0.0076,-0.0051,-0.006,-0.0027,-0.0092,-0.0101,-0.0067,-0.0033,-0.0017,-0.0011,0.0014,0.0004,-0.0011,-0.0016,-0.0011,-0.0006,1e-04,0.0,-0.0005
2022-12-22,19.9099,110.2259,N,0.0136,0.0088,0.0025,0.0094,-0.0023,0.0023,0.0047,0.0079,0.0028,-0.0027,-0.007,-0.0074,-0.0047,-0.0034,-0.001,0.0002,-0.0008,-0.0,-0.0003,-0.0025,-0.0021,-0.0011,0.0029,0.0015,0.0044,0.0052,0.0027,0.0002,-0.0046,-0.0079
2022-12-22,19.9099,110.2259,NE,-0.016,-0.0178,-0.0092,-0.0135,-0.0142,-0.0128,-0.0104,-0.0084,-0.0045,0.0007,0.005,0.013,0.0243,0.0318,0.0294,0.0455,0.0024,-0.0017,-0.0029,-0.0046,-0.0042,-0.0058,-0.0064,-0.0054,-0.0075,-0.0143,-0.0168,-0.0141,-0.0173,-0.019
2022-12-22,19.9099,110.2259,NO,,0.02,0.0173,0.0167,0.0169,0.0057,0.0018,-1e-04,-0.0057,-0.0073,-0.0054,-0.0049,-0.0037,-0.0047,-0.0035,-0.0004,-0.0006,-0.0013,0.0012,1e-04,0.002,-0.001,0.0029,0.002,-0.0007,0.0006,0.0031,0.001,-0.0021,-0.0036
2022-12-22,19.9099,110.2259,O,,0.0386,0.0303,0.0356,-0.0027,-0.0029,-0.0037,-0.0046,0.0002,-0.0066,-0.0105,-0.0096,-0.0105,-0.0035,0.0012,-0.0023,-0.0032,-0.0032,-0.0004,0.0043,0.0051,0.0059,0.0104,0.012,0.0124,0.0054,-0.003,-0.0067,-0.0059,-0.0107
2022-12-22,19.9099,110.2259,S,,0.0444,0.0262,0.0401,-1e-04,-0.0007,0.0009,-0.0017,0.0009,0.0024,0.0005,0.0024,-0.0037,-0.0029,-0.0029,-0.0052,-0.0059,-0.0098,-0.0116,-0.0093,-0.0137,-0.0153,-0.0124,-0.0097,0.001,-0.003,-0.0047,-0.0055,-0.0061,-0.0052
2022-12-22,19.9099,110.2259,SE,,-0.0212,-0.0227,-0.03,-0.0254,-0.0158,0.0062,0.008,0.0095,0.0101,0.0108,0.0116,0.0107,0.0091,0.0038,0.0003,-0.0005,0.0021,0.0022,0.0066,-0.0098,-0.0061,-0.0059,-0.0071,-0.0062,-0.0023,-0.0034,-0.0027,-0.001,1e-04
2022-12-22,19.9099,110.2259,SO,,0.0356,0.0336,0.0307,-0.0044,-0.0047,-0.0035,-0.0022,0.001,0.0003,0.0016,-0.0042,-0.0047,-0.003,-0.0044,-0.0077,-0.0055,0.0019,0.0101,0.0091,0.0023,-0.0044,-0.0017,0.0029,0.0075,0.0065,0.0033,-0.0029,-0.0036,-0.004
2023-01-10,19.9105,110.2291,E,,1e-04,-0.0085,,,,,,,,,,-0.0289,-0.0193,-0.0086,-0.002,-0.0029,0.0048,0.0065,0.0071,0.0051,0.0076,0.0134,0.0086,0.005,0.0009,-0.0005,-0.0103,-0.018,-0.0171
2023-01-10,19.9105,110.2291,N,,,0.1128,0.1041,0.1023,0.0878,0.0605,0.0288,0.0318,0.0264,0.0136,0.0153,0.0153,-0.0012,-0.0225,-0.0148,-0.0049,-0.0041,0.0183,-0.0022,0.0083,-0.0115,-0.0092,-0.018,-0.0303,-0.0345,-0.0245,-0.036,-0.0222,-0.0164
2023-01-10,19.9105,110.2291,NE,,0.0217,0.0209,0.0283,0.0277,,,,,,,,,-0.0158,-0.0126,-0.0116,-0.0031,-0.0012,-0.0034,0.006,0.0147,-0.0082,-0.0058,-0.0083,-0.0056,-0.0043,-0.0004,-0.0037,0.0032,0.0017
2023-01-10,19.9105,110.2291,NO,,,0.1482,0.1381,0.1211,0.0772,0.0628,0.0327,0.0215,0.0119,0.0065,-0.0013,-0.0036,-0.0018,0.0007,0.0072,0.0084,0.0042,-0.0086,-0.0086,-0.0163,-0.0077,-0.0041,-0.0044,-0.0042,-0.0044,0.0011,0.0114,0.0098,0.014
2023-01-10,19.9105,110.2291,O,,,0.0893,0.1058,0.0701,0.0563,0.0521,-0.0083,0.0422,-0.014,0.0048,-0.0231,-0.033,-0.0135,-0.0041,-0.0188,-0.0209,-0.0149,0.0095,-0.0264,-0.0205,,-0.0136,,,,,,,
2023-01-10,19.9105,110.2291,S,0.0075,0.0114,0.0359,0.0479,0.0508,0.0465,0.0587,0.0506,0.0577,0.0507,0.0113,0.0252,0.0408,0.0304,0.0349,0.0159,0.019,-0.0128,-0.0222,-0.0323,-0.0307,-0.026,-0.0175,0.0058,-0.0128,-0.0109,0.0134,0.0238,0.0468,0.0097
2023-01-10,19.9105,110.2291,SE,,-0.0059,-0.0229,-0.0343,-0.0314,-0.0245,-0.0268,,,-0.0424,,,,,,,-0.0108,-0.0161,-0.0072,0.01,0.0149,0.0058,-0.002,-0.0061,-0.0004,0.0011,0.0058,0.0051,-0.0043,-0.0113
2023-01-10,19.9105,110.2291,SO,,,,0.0452,,,,0.0569,0.0468,0.0603,0.0304,0.0252,0.0495,-0.0029,0.0029,0.0022,0.0078,-0.019,-0.022,-0.0324,-0.0415,-0.0222,-0.0414,-0.0247,-0.0319,,,,,
2023-02-24,19.9048,110.2205,E,0.0375,0.0403,0.0335,0.0337,0.027,0.0249,0.0292,0.0325,0.0411,0.0434,0.0404,0.0396,0.0297,0.0133,-0.0,-0.0126,-0.0232,-0.0269,-0.029,-0.0294,-0.0294,-0.0218,-0.0209,-0.0145,-0.0066,-0.005,0.0027,0.0094,0.0173,0.0197
2023-02-24,19.9048,110.2205,N,0.0414,0.0297,0.0222,0.0171,0.0075,0.0103,-0.0056,-0.0091,-0.009,-0.0136,-0.0137,-0.0154,-0.014,0.0007,0.0026,-0.0025,-0.0033,-0.0007,-0.0096,-0.0004,0.0014,-0.0027,-0.0022,0.0018,0.0027,0.0006,0.0042,-0.0051,-0.0003,1e-04
2023-02-24,19.9048,110.2205,NE,,0.0057,0.0033,-0.002,-0.0075,0.0083,0.0191,0.025,0.0246,0.0116,-0.0009,-0.0124,-0.0174,-0.0113,-0.0048,-0.0053,-0.004,-0.004,-0.0059,-0.0051,-0.0071,-0.0072,-0.0087,-0.009,-0.0133,-0.0024,0.0019,0.0049,0.0087,0.0054
2023-02-24,19.9048,110.2205,NO,,0.0703,0.0638,0.0545,0.0444,0.0342,0.0277,0.0186,0.012,0.0065,0.005,-0.0012,-0.0072,-0.0034,-0.0023,0.0008,-0.0024,-0.0066,-0.0107,-0.0063,-0.0011,-0.0032,-0.0025,-0.0097,-0.0076,0.0,0.0019,-0.0039,-0.0058,-0.0039
2023-02-24,19.9048,110.2205,O,,0.0581,0.055,0.0413,0.0421,0.0327,0.0296,0.0298,0.0264,0.0185,0.0205,0.0217,0.027,0.0301,0.0172,0.0142,0.0071,0.0042,0.0066,-1e-04,-0.0029,-0.0054,-0.0157,-0.0113,-0.0115,-0.0109,-0.0121,-0.0099,-0.0107,-0.0106
2023-02-24,19.9048,110.2205,S,,0.0476,0.026,0.0143,0.0038,0.0321,0.0324,0.0321,0.0335,0.0302,0.0395,0.0366,0.041,0.0323,0.0314,0.0253,0.0089,0.0052,-0.0109,-0.0025,-0.0022,-0.007,-0.0083,-0.0041,-0.0079,-0.0102,-0.0099,-0.0127,-0.0175,-0.018
2023-02-24,19.9048,110.2205,SE,,0.0463,0.0452,0.0387,0.0289,0.0199,0.0164,0.0282,0.0164,0.0151,0.0114,0.0144,0.0225,0.0165,0.0059,-0.0006,-0.0113,-0.0212,-0.0153,-0.0067,-0.0027,0.0007,0.0127,0.0144,0.0067,0.0051,-0.011,-0.0134,-0.0148,-0.0151
2023-02-24,19.9048,110.2205,SO,,0.0631,0.0449,0.0286,0.0194,0.0179,0.0124,0.0091,0.0327,0.0129,0.0116,0.0127,0.0129,0.0118,0.0153,0.0147,0.0187,0.0147,0.0035,-0.0033,-0.005,-0.0061,-0.0071,-0.0092,-0.0114,-0.0118,-0.0138,-0.0114,-0.014,-0.0138
2023-04-05,19.9048,110.2205,E,0.0467,0.0505,0.0438,0.0477,0.0367,0.0337,0.0355,0.0408,0.0448,0.0504,0.0467,0.0411,0.0301,0.0129,0.0009,-0.0146,-0.0306,-0.0343,-0.0363,-0.0269,-0.024,-0.0194,-0.0135,-0.0118,-0.0075,-0.0056,0.0034,0.0116,0.0196,0.0199
2023-04-05,19.9048,110.2205,N,0.0653,0.044,0.0318,0.0216,0.0095,0.01,-0.0033,-0.0054,-0.0057,-0.0099,-0.0135,-0.0173,-0.0145,1e-04,0.0049,0.0043,0.0041,0.0028,-0.0099,-0.0069,-0.008,-0.009,-0.0028,0.0015,0.0041,1e-04,-0.0007,-0.0015,0.0032,-0.0047
2023-04-05,19.9048,110.2205,NE,,0.0128,0.005,-0.0043,-0.0053,0.0101,0.0245,0.0301,0.0315,0.0198,0.0056,-0.0144,-0.0138,-0.0097,-0.0029,-0.0039,-0.0024,-0.0011,-0.0064,-0.0052,-0.0102,-0.0094,-0.0089,-0.008,-0.0125,-0.0034,-0.0024,-0.0,0.0037,0.0034
2023-04-05,19.9048,110.2205,NO,,0.0929,0.0813,0.0679,0.0522,0.0437,0.04,0.0313,0.021,0.0135,0.0078,0.0022,-0.0055,-0.0033,-0.0021,0.0012,-0.0019,-0.0065,-0.0118,-0.0085,-0.0071,-0.0143,-0.0035,-0.0093,-0.0104,0.0067,0.0084,0.0021,-0.0058,-0.0054
2023-04-05,19.9048,110.2205,O,,0.078,0.077,0.0532,0.0503,0.0381,0.0382,0.034,0.0328,0.0262,0.0265,0.0279,0.0324,0.0362,0.016,0.0141,0.0088,0.0022,0.0011,0.0003,-0.0047,-0.0067,-0.0191,-0.0151,-0.0112,-0.0092,-0.0119,-0.0142,-0.0105,-0.0149
2023-04-05,19.9048,110.2205,S,,0.0706,0.0408,0.0299,0.0185,0.0432,0.0355,0.0287,0.0286,0.0248,0.036,0.0268,0.0413,0.0281,0.0315,0.0308,0.0102,0.007,-0.0052,-0.0022,0.0021,-0.0051,-0.0125,-0.0084,-0.0088,-0.0117,-0.0152,-0.0189,-0.0219,-0.0218
2023-04-05,19.9048,110.2205,SE,,0.0572,0.0569,0.0415,0.0271,0.0233,0.0195,0.0406,0.0161,0.014,0.0143,0.0231,0.0238,0.0161,0.0053,-0.0028,-0.01,-0.0123,-0.0154,-0.0078,-0.0032,0.0065,0.0223,0.0226,0.0106,0.0037,-0.0156,-0.0167,-0.0204,-0.0211
2023-04-05,19.9048,110.2205,SO,,0.0842,0.0612,0.0448,0.0309,0.0242,0.0207,0.0142,0.0363,0.0115,0.0115,0.0135,0.0123,0.014,0.0173,0.0152,0.0154,0.0128,0.0042,-0.0034,-0.0055,-0.0051,-0.0079,-0.0087,-0.0088,-0.0091,-0.0126,-0.0127,-0.0151,-0.0148
2023-04-21,19.9034,110.226,E,,0.1281,0.0407,-0.018,-0.0423,-0.0633,-0.0578,-0.0906,-0.0704,-0.0895,-0.0758,-0.0823,-0.0757,-0.0787,-0.0699,-0.0721,-0.0652,-0.0487,-0.038,-0.0247,-0.0167,0.0216,0.0434,0.0587,0.0584,0.057,0.0487,0.0515,0.0687,0.0675
2023-04-21,19.9034,110.226,N,0.0766,0.0715,0.0597,0.0502,0.0503,0.0469,0.0409,0.0403,0.0313,0.0387,0.0349,0.0337,0.0212,0.008,0.0019,0.0016,0.0037,0.0188,0.0173,0.0154,0.0108,-0.0005,-0.0028,-0.0103,-0.0207,-0.0188,-0.0082,0.0044,0.0081,0.0125
2023-04-21,19.9034,110.226,NE,,0.1202,0.081,0.0742,0.0689,0.0468,0.0549,0.0441,0.0456,0.0647,0.0339,0.0443,0.027,0.0146,0.0023,-0.0038,0.0048,-0.004,0.0314,0.0507,0.0194,0.0088,-0.0006,0.0078,0.0066,-0.0084,-0.0314,-0.0429,-0.0396,-0.0293
2023-04-21,19.9034,110.226,NO,,0.1115,0.0926,0.0591,0.0403,-0.0007,-0.0197,-0.0395,-0.1079,-0.0667,-0.1059,-0.1149,-0.0283,-0.0366,-0.0151,0.0016,0.0181,0.0239,0.0254,0.0232,0.0294,0.0369,0.0286,0.0241,0.0206,0.0182,0.0177,0.0202,0.0156,0.006
2023-04-21,19.9034,110.226,O,,0.147,0.0968,0.0625,0.0168,-0.0322,-0.0783,-0.112,-0.1148,-0.1262,-0.1249,-0.1249,-0.1333,-0.1022,-0.0309,-0.0737,-0.0215,-0.0103,0.0107,0.0225,0.0297,0.0425,0.055,0.0511,0.0445,0.0349,0.0299,0.0231,0.031,0.0312
2023-04-21,19.9034,110.226,S,,0.114,0.0616,0.0562,0.0319,0.0524,0.0304,-0.0442,-0.0781,-0.0766,-0.0967,-0.0082,-0.0005,0.0222,0.0354,0.0504,0.0609,0.0738,0.0846,0.0744,0.0822,0.0523,0.0513,0.0012,0.0016,-0.0205,-0.0129,-0.0092,0.0019,0.0119
2023-04-21,19.9034,110.226,SE,0.0692,0.0084,-0.0491,-0.0976,-0.0487,-0.0481,-0.0405,-0.0365,-0.0475,-0.0363,-0.0243,0.0025,0.0145,0.0102,-0.0007,-0.0064,-0.0014,-0.0049,0.0168,0.0223,0.0368,0.023,0.0219,0.0159,-0.0088,0.0077,-0.002,0.0021,-0.0199,-0.0191
2023-04-21,19.9034,110.226,SO,,0.1648,0.1258,0.0785,0.0454,0.0258,-0.0124,-0.0261,-0.0187,-0.0099,0.019,0.0165,0.02,0.0195,0.0281,0.0204,0.0318,0.0434,0.0326,0.0172,0.0097,0.0013,-0.0134,-0.0513,-0.0479,0.0251,0.0124,-0.0051,0.0187,0.0241
2023-04-29,19.9118,110.2291,E,0.1218,0.1079,0.0842,0.0637,0.0474,0.0324,0.0184,0.0113,0.0036,0.0058,0.0077,0.0234,0.0214,0.0179,0.007,0.0212,0.0162,0.0109,0.0074,0.008,0.0039,0.0027,-0.0004,-0.0094,-0.0141,-0.0164,-0.0159,-0.0167,-0.017,-0.0172
2023-04-29,19.9118,110.2291,N,,0.113,0.0704,0.0479,0.0384,0.0305,0.0184,0.0194,0.0201,0.015,0.015,0.0129,0.0169,0.012,0.0062,0.0006,-0.0057,-0.0092,-0.0113,-0.0133,-0.0091,0.0006,-0.0005,-0.0011,-0.0061,-0.0086,-0.0044,-0.0087,-0.0048,0.0019
2023-04-29,19.9118,110.2291,NE,,0.0971,0.0666,0.0397,0.0208,0.006,0.0035,0.0087,0.0141,0.0066,0.0091,0.0126,0.0099,0.0066,0.0053,0.0033,0.0034,-0.0003,-1e-04,-0.0036,-0.0038,-0.0026,-0.003,0.0011,-0.0003,0.0059,1e-04,-0.0004,-0.0087,-0.0069
2023-04-29,19.9118,110.2291,NO,,0.1035,0.0818,0.0542,0.0256,0.0136,0.0085,0.0142,0.0172,0.016,0.0152,0.0086,0.0069,0.0078,0.004,0.002,0.0084,0.0043,0.0025,-0.0028,-0.0071,-0.0102,-0.008,-0.007,-0.0064,0.0002,0.0068,0.0078,0.0097,-0.0027
2023-04-29,19.9118,110.2291,O,,0.1058,0.0693,0.0309,0.0025,0.0012,0.003,0.0108,0.011,-0.0004,0.001,0.0065,0.0047,0.0029,-0.0026,-0.0069,-0.0053,-0.0063,-0.0128,-0.015,-0.0192,-0.0189,-0.018,-0.0087,0.0061,0.0105,0.0182,0.0161,0.0232,0.0235
2023-04-29,19.9118,110.2291,S,0.0832,0.0627,0.041,0.027,0.0189,0.0037,-0.0066,0.0005,-0.0068,-0.0078,-0.0109,0.0014,-0.0027,0.0016,0.0038,0.0342,0.0337,0.0356,0.0278,-0.0,0.0014,0.007,0.0128,0.0181,0.0134,0.0107,-0.0009,-0.0237,-0.0154,-0.0468
2023-04-29,19.9118,110.2291,SE,,0.0832,0.0692,0.0638,0.0558,0.0528,0.1124,0.1034,0.0929,0.0168,0.009,-0.0021,-0.0248,-0.0231,-0.017,-0.0184,-0.0141,-0.0112,-0.0104,-0.0007,-0.0031,-0.001,-0.0029,-0.0015,-0.0022,0.0025,0.0018,-0.0004,-0.0029,-0.0028
2023-04-29,19.9118,110.2291,SO,,0.0957,0.0738,0.0634,0.0546,0.0446,0.0289,0.0181,0.0071,0.0043,0.0107,0.0123,0.008,0.0213,0.0059,0.0087,0.0045,-0.0073,-0.0078,-0.0131,-0.0031,-0.0208,-0.0129,-0.0133,-0.0125,-0.0085,-0.009,-0.0023,-0.0021,0.0071
2023-05-12,19.8985,110.2277,E,,,,0.0037,-0.006,-0.0082,-0.0112,-0.0089,-0.005,-0.0092,-0.0153,-0.01,-0.0097,-0.0104,0.0022,0.0076,0.0129,0.0252,0.0186,0.0126,0.0124,0.0079,0.0097,0.0088,0.0011,-0.0031,-0.0061,-0.0093,-0.0067,-0.0131
2023-05-12,19.8985,110.2277,N,,0.03,0.0217,0.0144,0.0058,0.0053,0.0073,-0.0095,-0.0071,-0.0084,-0.0094,-0.0109,-0.001,-0.0086,-0.0106,-0.0084,-0.0059,-0.0073,-0.0049,0.0039,0.0065,0.005,-0.0027,-0.0027,0.0062,0.0085,-0.0035,-0.0044,-0.0037,0.0007
2023-05-12,19.8985,110.2277,NE,,,,0.0243,0.001,0.0076,0.0112,0.0228,0.0104,0.009,0.0085,-0.0009,0.0072,0.008,0.0071,-0.0055,0.0057,0.0072,0.0169,0.009,0.0045,0.0047,0.0007,-0.0093,0.0011,0.004,0.0065,-0.0085,-0.0084,-0.0122
2023-05-12,19.8985,110.2277,NO,,0.0426,0.0229,0.0011,0.0061,0.0091,0.0164,0.0278,0.0291,0.0087,0.0066,0.0197,0.0024,0.0077,0.0041,0.0074,-0.0036,0.0024,0.0116,-0.0,0.0214,0.0194,0.0235,0.0063,0.0108,0.0058,-0.0049,-0.0161,-0.0124,-0.013
2023-05-12,19.8985,110.2277,O,,0.0953,0.0752,0.0641,0.0663,0.0486,0.0545,0.0626,0.0838,0.064,0.0481,0.0324,0.037,0.0233,-0.014,-0.008,-0.0169,-0.0148,-0.0183,-0.0216,-0.0139,-0.0114,-0.0033,-0.0043,-0.0123,-0.0093,-0.0079,0.0015,0.0034,-0.0079
2023-05-12,19.8985,110.2277,S,0.046,0.0308,0.0262,0.0261,0.0282,0.0265,0.023,0.0245,0.0264,0.0224,0.024,0.009,-0.0072,-0.0226,-0.0237,0.0062,-0.0068,-0.0063,-0.0149,-0.0059,-0.0091,0.0006,-0.0026,0.0024,0.005,0.0068,0.0141,0.0273,0.0257,0.017
2023-05-12,19.8985,110.2277,SE,,,0.0578,,0.0559,0.0541,0.0599,0.0596,0.0486,0.0314,0.0221,0.0111,-0.0052,-0.0025,0.0017,0.012,0.0101,-0.0045,-0.0078,-0.0264,-0.021,-0.0119,-0.0131,-0.0091,-0.0079,-0.0025,-0.0013,0.0021,-0.0067,-0.0199
2023-05-12,19.8985,110.2277,SO,,0.0619,0.046,0.0343,0.0237,0.0387,0.0391,0.0487,0.053,0.0603,0.0419,0.0407,0.0337,0.0267,0.0091,0.0002,-0.015,-0.0344,-0.0295,-0.033,-0.0329,-0.036,-0.0324,-0.0303,-0.0207,-0.0043,-0.0151,0.0184,0.0003,0.0295
2023-05-23,19.9121,110.2291,E,0.1572,0.1182,0.0869,0.07,0.0976,0.039,0.0323,0.0229,0.0241,0.022,0.0146,0.0308,0.0199,0.0166,0.0158,0.0218,0.0131,0.0049,0.0041,-0.0042,-0.0053,-0.0061,-0.0112,-0.0134,-0.0138,-0.0135,-0.0148,-0.0152,-0.0158,-0.0164
2023-05-23,19.9121,110.2291,N,,0.1322,0.0893,0.0592,0.0462,0.0305,0.0234,0.0124,0.0202,0.0117,0.0151,0.0144,0.0132,0.0077,0.0002,0.0017,-0.0092,-0.0163,-0.0131,-0.0135,-0.011,-0.0023,0.0017,-0.0028,-0.0093,-0.0094,-0.0103,-0.0063,-0.0035,0.0052
2023-05-23,19.9121,110.2291,NE,,0.0919,0.0543,0.0325,0.0185,0.0131,0.0142,0.0268,0.0238,0.0214,0.0229,0.0256,0.0005,0.0018,-0.0063,-0.0061,-0.0086,-0.0054,-0.0038,-0.0088,-0.0081,-0.0074,-0.0038,-0.0006,0.004,0.0157,-0.0034,0.0003,-0.0165,-0.0133
2023-05-23,19.9121,110.2291,NO,,0.1108,0.0883,0.0502,0.0207,0.0047,-0.0086,-0.0088,-0.0056,-0.0045,-0.0039,-0.0102,-0.0061,-0.0065,-0.0004,0.0085,0.0178,0.0243,0.0288,0.0206,0.0107,-0.0079,-0.014,-0.0194,-0.011,0.0006,-0.0012,0.004,0.0042,-0.0067
2023-05-23,19.9121,110.2291,O,,0.1265,0.0964,0.0719,0.0359,0.0064,-0.0023,-0.0071,-0.0004,0.0077,0.0134,0.0136,0.0103,0.007,-0.0037,-0.0096,-0.0071,-0.0055,-0.0132,-0.0151,-0.0165,-0.0147,-0.012,-0.0093,-0.0059,0.0093,0.0169,0.0121,0.0275,0.0286
2023-05-23,19.9121,110.2291,S,0.1137,0.0871,0.0648,0.0488,0.0343,0.0152,0.0028,0.0105,-0.0048,-0.011,-0.012,-0.0054,-0.0081,-0.01,-0.0093,0.0262,0.0291,0.0424,0.0242,-0.0008,0.0009,-0.0003,0.0082,0.0131,0.0057,-0.0025,-0.0068,-0.0131,-0.0095,-0.0369
2023-05-23,19.9121,110.2291,SE,,0.1018,0.0915,0.079,0.1047,0.1273,0.1059,0.0987,0.0926,0.0332,0.0025,-0.0053,-0.0232,-0.0195,-0.0216,-0.0231,-0.0126,-0.0107,-0.0029,0.0007,0.006,0.0101,0.0052,0.0076,-0.0023,0.001,-0.0012,-0.0042,-0.004,-0.0005
2023-05-23,19.9121,110.2291,SO,,0.1132,0.0829,0.0617,0.0462,0.0434,0.0297,0.0335,0.0191,0.0116,0.0126,0.0094,0.0067,0.0125,0.0039,0.012,0.0022,0.001,0.0026,-0.0003,0.0081,-0.0012,0.0081,0.0014,-0.0091,-0.0221,-0.0206,-0.0178,-0.0064,0.0033
2023-07-10,19.9121,110.2291,E,0.1547,0.1269,0.1053,0.0821,0.0921,0.0341,0.0184,0.0063,-0.0038,-0.0029,-0.0007,-0.0013,-0.0094,-0.0101,-0.0103,-0.0099,-0.0029,0.0044,0.0063,0.0046,0.008,0.0091,0.0063,0.0035,-0.0022,-0.0038,-0.0039,-0.0043,-0.001,0.0031
2023-07-10,19.9121,110.2291,N,,0.0996,0.0633,0.0449,0.0427,0.0352,0.0351,0.0333,0.0372,0.0348,0.0308,0.0187,0.0043,-0.0059,-0.013,-0.0094,-0.0153,-0.0145,-0.011,-0.01,-0.0007,0.0066,0.0066,0.0014,-0.0035,-0.0072,-0.0085,-0.0082,-0.0061,-0.0019
2023-07-10,19.9121,110.2291,NE,,0.0899,0.0598,0.0389,0.02,0.0096,0.0256,0.0177,0.0097,0.002,0.0033,-0.0012,-0.0089,0.0017,0.0029,-0.0019,0.0035,0.0198,0.0141,0.0111,0.0152,0.0138,0.0073,0.0002,-0.0025,-0.0168,-0.0197,-0.016,-0.0216,-0.0088
2023-07-10,19.9121,110.2291,NO,,0.0877,0.0685,0.0405,0.019,0.0139,-0.0075,-0.0075,-0.0022,0.0011,0.0,-0.0031,-0.0041,-0.0024,-0.0015,0.0071,0.0165,0.0157,0.0214,0.0147,0.0136,-0.0002,-0.0074,-0.0143,-0.0051,0.0,-0.0065,0.0002,0.005,-0.0038
2023-07-10,19.9121,110.2291,O,,0.1187,0.0931,0.06,0.0298,0.0069,0.0012,0.0055,0.0116,0.0069,0.0117,0.0068,0.0031,0.0048,-0.0021,-0.0059,-0.0101,-0.0047,-0.0085,-0.0124,-0.0117,-0.0132,-0.0096,-0.0098,-0.0032,0.0059,0.0107,0.0079,0.0179,0.0192
2023-07-10,19.9121,110.2291,S,0.0955,0.0774,0.0681,0.0554,0.0463,0.0292,0.0225,0.0189,0.0217,0.0244,0.0174,0.0204,0.0166,0.027,0.0255,0.06,0.0486,0.0454,0.032,0.015,0.0071,-0.0137,-0.0135,-0.0126,-0.0073,-0.022,-0.0301,-0.0336,-0.0299,-0.032
2023-07-10,19.9121,110.2291,SE,,0.0863,0.0746,0.0621,0.0879,0.0995,0.0887,0.0889,0.089,0.0217,0.0007,-0.0054,-0.019,-0.0167,-0.0177,-0.0176,-0.0134,-0.0083,-0.004,-0.0006,0.0023,0.0005,-0.0045,-0.0013,-0.0048,0.0022,0.001,0.0012,1e-04,0.0009
2023-07-10,19.9121,110.2291,SO,,0.0995,0.0811,0.0611,0.044,0.0451,0.0307,0.0233,0.016,0.0036,0.0045,0.0087,0.0031,0.0152,-0.0008,0.0125,-0.0006,-0.0018,0.0045,0.0039,0.0047,-0.0092,0.0043,-0.0007,-0.0116,-0.0127,-0.0156,-0.0063,-0.0072,-0.0029
2023-07-26,19.9048,110.2208,E,0.1034,0.093,0.085,0.0801,0.0618,0.0515,0.0611,0.0611,0.0591,0.0495,0.0553,0.0504,0.0411,0.0182,-0.0003,-0.0219,-0.0357,-0.0346,-0.0471,-0.0379,-0.039,-0.0316,-0.0249,0.0044,0.0111,-0.0171,0.0049,-0.0015,0.0032,0.0228
2023-07-26,19.9048,110.2208,N,0.1062,0.0866,0.0654,0.0421,0.0401,0.0151,0.0041,0.0029,-0.004,-0.0072,-0.0078,-0.004,0.0072,0.0103,0.0046,-0.0087,-0.0149,-0.0187,-0.0114,-0.0105,-0.0112,-0.0116,-0.0076,-0.0042,0.0024,0.0053,-0.003,-0.0038,-0.0023,-0.0115
2023-07-26,19.9048,110.2208,NE,,0.0545,0.0138,0.0038,-0.0048,0.0181,0.0297,0.0366,0.0369,0.0097,-0.0138,-0.0132,-0.0074,0.0139,0.0044,-0.0026,0.0054,-0.0036,-0.0074,-0.0044,-0.0034,-0.0004,-0.0033,-0.0074,-0.0077,0.0057,-0.0029,-0.0049,0.0015,0.0105
2023-07-26,19.9048,110.2208,NO,,0.1307,0.1225,0.1078,0.0825,0.0763,0.0632,0.0448,0.0312,0.0102,0.0061,-0.0009,-0.0015,0.005,0.009,0.0113,-0.0032,-0.0059,-0.0107,-0.0105,-0.0012,-0.0211,-0.0127,-0.0182,-0.0211,0.0146,0.0034,-0.0103,-0.0073,-0.0035
2023-07-26,19.9048,110.2208,O,,0.1476,0.1376,0.1186,0.1032,0.0941,0.0878,0.065,0.0694,0.0449,0.0354,0.0324,0.0351,0.0502,0.0214,0.0192,0.012,0.0041,0.0065,-0.0023,-0.0126,-0.0164,-0.029,-0.021,-0.0182,-0.0118,-0.0157,-0.0188,-0.0177,-0.0135
2023-07-26,19.9048,110.2208,S,,0.1144,0.1032,0.0729,0.0571,0.0356,0.0501,0.0599,0.0295,0.0325,0.0647,0.0115,0.0178,0.0209,0.0199,0.0256,0.0021,0.014,0.004,-0.016,-0.0061,-0.0016,-0.0109,-0.0104,-0.0114,-0.0143,-0.0126,-0.0171,-0.0182,-0.0246
2023-07-26,19.9048,110.2208,SE,,0.1043,0.0972,0.0904,0.0718,0.0568,0.0238,0.0513,0.0505,0.0249,0.0163,0.0262,0.033,0.0212,0.0147,0.0077,-0.017,-0.0338,-0.0376,-0.0283,-0.0121,-0.002,0.0145,0.0223,0.0172,0.0124,-0.0114,-0.0256,-0.0297,-0.0338
2023-07-26,19.9048,110.2208,SO,,0.146,0.1399,0.1121,0.0976,0.071,0.0619,0.0464,0.0687,0.0381,0.0219,0.0329,0.0299,0.0287,0.0302,0.0321,0.0338,0.0192,0.0128,-1e-04,-0.0085,-0.0213,-0.0275,-0.027,-0.0258,-0.0318,-0.0318,-0.023,-0.0254,-0.0277
2023-11-29,19.8983,110.2271,E,,0.036,0.0228,0.0255,0.0236,0.0128,-0.001,0.0015,0.0024,0.0023,-0.0016,-0.0045,,,,,,,,,,-0.0111,-0.002,-0.0049,-0.0036,-0.0053,0.0054,0.0117,-0.0063,-0.0083
2023-11-29,19.8983,110.2271,N,,0.0577,0.0483,0.0334,0.0083,0.0084,0.0186,0.023,0.024,0.0222,0.011,0.0079,0.0062,0.0005,0.0024,-0.0013,0.0008,0.001,-0.0005,-0.0077,-0.0095,-0.0133,-0.0148,-0.0105,-0.0088,-0.0038,-0.0014,-0.0018,0.0085,0.0184
2023-11-29,19.8983,110.2271,NE,,0.0486,0.036,0.0378,0.0297,0.0229,0.0109,0.004,-0.0019,-0.0096,-0.0037,-0.008,-0.0112,,-0.0157,-0.0147,-0.0096,-0.0115,-0.0093,-0.0077,-0.0138,-0.0052,0.0116,0.0156,0.0109,0.0042,0.003,0.0005,-0.0008,-0.0072
2023-11-29,19.8983,110.2271,NO,,0.0323,0.0324,0.0319,0.0209,0.0193,0.0164,0.0256,0.0203,0.0199,0.0108,0.0115,0.0008,0.0035,-0.011,-0.0032,-0.0077,-0.0042,-0.0066,-0.0084,0.0038,-0.0029,-0.0024,-0.0052,-0.0107,-0.0034,-0.007,-0.0072,-0.001,-0.0057
2023-11-29,19.8983,110.2271,O,,0.0478,0.0433,0.0515,0.0495,0.0444,0.0365,0.0056,0.0046,-0.0053,0.0022,0.0036,0.0026,-0.0078,-0.0061,0.0019,0.0021,0.016,0.0146,0.0035,,-0.016,-0.0164,-0.0089,-0.0075,-0.0069,0.002,0.0071,0.0051,0.0086
2023-11-29,19.8983,110.2271,S,0.0393,0.0365,0.0251,0.0137,0.0184,0.0065,0.0091,0.0053,0.007,0.0051,-0.0065,-0.0015,0.0043,0.0043,0.0092,0.0077,0.0012,0.0019,-0.0007,0.0027,0.0042,-0.0011,-0.0008,0.0013,0.0007,0.0037,1e-04,-0.0019,0.0043,0.0057
2023-11-29,19.8983,110.2271,SE,,0.0565,0.0581,0.0495,0.037,0.0197,0.0141,0.0098,-0.0026,-0.0021,0.0005,-0.0062,-0.0076,-0.0035,-0.0087,-0.009,0.0059,0.01,0.0074,,,,0.0185,0.0097,-0.0024,,,,,
2023-11-29,19.8983,110.2271,SO,,0.0481,0.0429,0.0336,0.022,0.0229,0.0197,0.0225,0.0137,0.0074,0.0084,0.0086,0.0057,0.0044,-0.0036,-0.0038,-0.0049,-0.0095,-0.01,-0.0132,-0.0134,-0.0028,,-0.0122,-0.0041,-0.0033,-0.0043,-0.0027,-0.0019,-0.0012
2023-12-09,19.9121,110.2288,E,0.0921,0.0771,0.066,0.1187,0.1081,0.0943,0.0243,0.0133,0.0098,0.0168,0.0136,0.0025,-0.0057,-0.0026,-0.0035,-0.0031,-0.0031,-0.0041,-0.0037,-0.0032,-0.0029,-0.0012,-0.0004,-0.0067,-0.0047,-0.0065,0.0007,0.0039,0.0026,0.0027
2023-12-09,19.9121,110.2288,N,,0.0762,0.0569,0.0381,0.0272,0.02,0.015,0.0155,0.0199,0.0195,0.02,0.019,0.0073,-0.0002,-0.0012,-0.0025,-0.0044,-0.0071,-0.0101,-0.0099,-0.0091,-0.0038,-1e-04,0.0002,-0.0039,-0.005,-0.0044,-0.0024,-0.0013,0.0016
2023-12-09,19.9121,110.2288,NE,,0.0653,0.0498,0.0397,0.0366,0.0309,0.0312,0.0291,0.0314,0.0202,0.0175,0.0156,0.0077,0.0042,0.0034,-0.0036,-0.006,-0.0156,-0.0176,-0.012,-0.0134,-0.0015,-0.0025,-0.0094,-0.0133,0.0011,-0.0016,0.0024,-0.0021,-0.0013
2023-12-09,19.9121,110.2288,NO,,0.066,0.0574,0.0472,0.0293,0.0151,0.0037,0.0037,0.004,0.0031,0.0015,-1e-04,0.0004,0.0005,0.0004,-0.0022,-0.0013,0.0,0.0007,0.0046,0.0016,-0.0023,-0.005,-0.0082,-0.0122,-0.0119,-0.0095,-0.0055,-0.0026,0.0031
2023-12-09,19.9121,110.2288,O,,0.0769,0.0593,0.0428,0.0221,0.0099,0.0048,0.0025,0.0059,0.0078,0.0091,0.0058,0.0006,-0.0007,-0.0043,-0.0041,1e-04,0.0011,-0.0026,-0.0066,-0.0067,-0.0051,-0.0023,-0.0026,-0.0029,-0.0008,-0.0023,0.0012,0.0111,0.0113
2023-12-09,19.9121,110.2288,S,0.0404,0.028,0.0177,0.0101,-0.0023,-0.0128,-0.0123,-0.0133,-0.0173,-0.0178,0.0022,0.0044,0.0035,0.009,0.0352,0.0383,0.0376,0.0332,0.0289,0.0252,0.0222,0.0167,0.0205,0.0179,0.0027,-0.0185,-0.0311,-0.0472,-0.0505,-0.0584
2023-12-09,19.9121,110.2288,SE,,0.0486,0.042,0.033,0.0565,0.0724,0.0588,0.0503,0.0282,-0.0088,-0.0197,-0.0294,-0.0237,-0.0184,-0.0179,-0.0136,-0.0073,-0.0031,0.0035,0.0065,0.0117,0.0103,0.0087,0.0091,0.0115,0.0008,0.0034,-0.0054,-0.0058,-0.0039
2023-12-09,19.9121,110.2288,SO,,0.0683,0.0481,0.0387,0.0341,0.0256,0.0149,0.0083,0.0058,0.0059,0.0054,0.0014,-0.0008,0.008,0.0035,0.0125,-0.0057,-0.0098,-0.0085,-0.0096,-0.0066,-0.0098,-0.0047,-0.0055,-0.0073,-0.0044,0.0003,0.0082,0.0119,0.0104
2023-12-25,19.9034,110.226,E,,0.0544,0.0377,0.0322,0.0294,0.0278,0.0243,0.0168,0.0178,0.0156,0.012,0.0059,0.0004,0.0006,0.0022,0.0021,0.0021,-0.0072,-0.0072,-0.0079,0.0047,0.0098,0.0091,0.0049,-0.0062,-0.0135,-0.0142,-0.0118,-0.0066,-0.0075
2023-12-25,19.9034,110.226,N,0.0385,0.0362,0.0369,0.0353,0.0389,0.0382,0.029,0.0205,0.0119,0.0108,0.0087,0.0132,0.0073,0.0063,-0.0006,0.0025,0.0017,0.0008,0.0002,-0.0003,-0.0005,-0.0018,-0.0048,-0.0044,-0.0065,-0.0064,-0.0047,-0.0012,0.0029,0.0043
2023-12-25,19.9034,110.226,NE,,0.0297,0.0237,0.0317,0.0296,0.0263,0.0275,0.0296,0.0303,0.0297,0.0306,0.0262,0.0283,0.0199,0.0124,0.0064,-0.0006,-0.0023,0.0026,0.0077,0.0036,-0.0042,-0.0092,-0.013,-0.017,-0.0119,-0.0115,-0.0082,-0.0105,-0.0059
2023-12-25,19.9034,110.226,NO,,0.0343,0.0274,0.0199,0.0165,0.0074,0.0032,-0.0036,-0.009,-0.0115,-0.0088,-0.0074,-0.0107,-0.0053,-0.0071,-0.0037,-0.0006,0.0047,0.0084,0.0077,-0.0044,0.0003,0.0062,1e-04,0.0045,0.0009,-0.0019,0.001,0.0062,0.009
2023-12-25,19.9034,110.226,O,,0.0338,0.014,0.0093,0.0039,-0.0026,-0.008,-0.0077,0.0018,-0.0095,-0.0072,-0.0071,-0.0076,0.0127,0.009,0.0072,0.0105,0.0009,-0.0024,-0.0013,-0.002,-0.0008,0.0017,0.0032,-0.0027,-0.0053,-0.0028,-0.0033,-0.0025,-0.0009
2023-12-25,19.9034,110.226,S,,0.0529,0.0282,0.0138,-0.01,-0.0097,-0.0174,-0.0257,-0.0256,-0.0195,-0.0166,-0.0152,-0.0147,-0.0092,-0.0023,-0.0038,-0.0042,-0.006,-0.0029,-0.0017,-0.0002,0.0023,-0.0,0.0008,0.0049,-0.0047,0.0063,0.009,0.009,0.0153
2023-12-25,19.9034,110.226,SE,0.0619,0.0519,0.0371,0.0174,0.0086,0.0007,-0.0067,-0.0111,-0.0151,-0.0131,-0.0092,-0.0043,-0.003,0.0017,0.0043,0.0132,0.0112,0.0149,0.0182,0.0194,0.0167,0.0108,0.0059,-0.0027,-0.0029,-0.0032,-0.004,-0.0128,-0.0135,-0.0193
2023-12-25,19.9034,110.226,SO,,0.0496,0.0357,0.0238,0.0149,0.0016,0.0,-0.0132,-0.0166,-0.0169,-0.0135,-0.0145,-0.0097,-0.0091,-0.0104,-0.0085,-0.0106,-0.0066,-0.006,-0.0016,0.0048,0.0043,0.0067,0.0089,0.0054,0.0064,0.0016,0.0007,0.0057,0.0027
2023-12-26,19.9059,110.2245,E,0.0113,-0.0056,,0.0048,-0.0054,-0.0047,-0.0004,-0.0004,-0.0031,-0.0041,-0.0084,-0.0114,,,,,,,,,,,,,,-0.0101,-0.0004,-0.0005,0.0033,0.0049
2023-12-26,19.9059,110.2245,N,0.0259,0.0119,0.0139,-0.0012,-0.0029,0.0015,0.0003,-0.0005,1e-04,0.0037,-0.0008,-0.0009,-0.0011,0.0064,0.0059,0.0009,-0.006,0.004,-0.003,-0.0018,-0.005,-0.0055,-0.0047,-0.0036,-1e-04,-0.0021,-0.0024,0.0005,0.0015,-0.0015
2023-12-26,19.9059,110.2245,NE,,0.0148,-0.0027,-0.0026,0.0155,0.0123,0.0046,0.0079,0.0078,-0.0028,-0.0027,-0.0026,-0.0025,-0.0025,-0.0021,0.0036,0.0002,-0.0062,-0.0019,0.0093,-0.0106,,,,,,,-0.0087,-0.0026,0.0036
2023-12-26,19.9059,110.2245,NO,,0.0077,0.002,0.0081,0.002,-0.0046,-0.0019,-0.0035,-0.003,0.0024,0.0027,0.0025,0.0048,0.0024,-0.0039,-0.0053,-0.0059,0.0013,0.0018,-0.0039,-0.0045,-0.0044,0.0017,0.0023,0.0021,0.0025,0.0031,-0.0034,-0.0019,0.0028
2023-12-26,19.9059,110.2245,O,,0.0155,0.0057,-0.0041,-0.0043,-0.0039,0.0022,0.0016,,,,,,,,,,,,,,-0.0052,-0.0002,-0.0004,-0.0046,0.0009,-0.0003,-0.0042,0.0015,0.0028
2023-12-26,19.9059,110.2245,S,,0.0045,-0.0097,-0.003,-0.0026,-0.0081,-0.0085,-0.0032,-0.0033,-0.0022,-0.0029,-0.0025,-0.0043,-0.0049,-0.0056,-0.0049,-0.0005,-0.0073,-0.0047,-0.0038,-0.0081,0.0159,0.0045,-0.0049,-0.0039,0.0055,0.0127,-0.0041,0.0107,0.0035
2023-12-26,19.9059,110.2245,SE,,-0.0007,0.0034,0.0069,0.0069,0.0092,0.008,0.0055,0.0015,-0.0074,-0.0003,0.0033,-0.0055,-0.0019,-0.0012,-0.0041,-0.0078,-0.0009,0.0031,-0.0014,0.004,-0.0019,-0.0071,-0.0073,-1e-04,0.0126,-0.0205,-0.0205,-0.0225,0.0157
2023-12-26,19.9059,110.2245,SO,,0.008,0.0023,0.006,0.002,0.0009,0.0017,0.0007,0.001,0.0008,-0.0014,-0.0044,-0.0064,0.0005,,,,,,,,,,-0.0011,0.0003,-0.0009,-0.0035,-0.0059,0.0013,0.0019
2024-02-11,19.9121,110.2288,E,0.049,0.0444,0.0372,0.0825,0.0748,0.0679,0.0134,0.0067,0.0032,0.0099,0.0053,0.0076,0.0004,0.0021,0.0006,0.0025,0.0024,0.0016,-1e-04,-0.0007,0.0009,-0.0018,-0.0017,-0.0047,-0.0055,-0.0057,-0.0061,-0.0061,-0.007,-0.0048
2024-02-11,19.9121,110.2288,N,,0.053,0.0428,0.0305,0.0216,0.0185,0.0147,0.0152,0.0162,0.0165,0.0161,0.0134,0.008,0.0029,0.0005,-0.0004,-0.0009,-0.0038,-0.0082,-0.0087,-0.0075,-0.0052,-0.0027,-0.0029,-0.0039,-0.0033,-0.0033,-0.0014,0.0018,0.0049
2024-02-11,19.9121,110.2288,NE,,0.0414,0.0315,0.0257,0.0218,0.015,0.0134,0.0089,0.0067,0.0049,0.004,0.0044,0.0009,-0.0008,-0.0022,-0.0031,-0.0015,-0.0013,-0.0007,-1e-04,0.0003,-0.0003,-0.0019,-0.0006,-0.0014,0.0009,-0.0026,0.0008,-0.0017,-0.0024
2024-02-11,19.9121,110.2288,NO,,0.0433,0.0372,0.0305,0.0218,0.0108,0.0046,0.0066,0.0055,0.0057,0.0052,0.0059,0.0059,0.0027,0.0015,0.0029,0.0016,1e-04,0.0015,0.0033,0.0037,0.0015,-0.0006,-0.0019,-0.0026,-0.0027,1e-04,-0.0036,-0.0029,-0.0058
2024-02-11,19.9121,110.2288,O,,0.0492,0.0404,0.0297,0.0154,0.0054,0.0048,0.0025,0.0037,0.0033,0.0048,0.0017,-0.0018,-0.0029,-0.0023,-0.003,-0.0032,-0.0026,-0.0071,-0.0049,-0.0051,-0.0064,-0.0044,-0.0037,-0.0026,0.0002,0.0032,0.0036,0.0037,0.0058
2024-02-11,19.9121,110.2288,S,0.0299,0.0229,0.0143,0.0087,0.0019,-0.0025,-0.003,-0.0061,-0.0099,-0.0102,0.0006,-0.0006,-1e-04,0.0016,0.02,0.0206,0.0228,0.022,0.0134,0.009,0.0091,0.0095,0.0109,0.0087,0.0028,0.0032,-0.0022,0.0059,-0.0123,-0.0121
2024-02-11,19.9121,110.2288,SE,,0.0289,0.0243,0.0172,0.0404,0.0619,0.0561,0.0538,0.0022,-0.0049,-0.0055,-0.0072,-0.0089,-0.007,-0.0081,-0.0043,-0.0014,-0.0004,0.001,0.0018,0.0039,0.0,-0.0019,0.0003,-0.0,-0.0009,-0.0033,-0.002,-0.0012,0.0004
2024-02-11,19.9121,110.2288,SO,,0.0425,0.0299,0.024,0.0231,0.0157,0.0107,0.0082,0.0011,-0.0006,0.0013,0.0018,0.0024,0.0055,0.006,0.0096,-0.0016,-0.0044,-0.0041,-0.0043,-0.0039,-0.0039,-0.0026,-0.0045,-0.0072,-0.0074,-0.0048,0.0005,0.0029,0.0043
2024-02-19,19.9034,110.226,E,,0.0828,0.053,0.0343,0.0307,0.0205,0.0154,0.0094,-0.0,-0.0105,-0.0117,-0.0137,-0.0141,-0.0125,-0.012,-0.0132,-0.0118,-0.0098,-0.0059,-0.0049,-0.0005,0.0053,0.005,0.0056,0.0029,0.0052,-0.0012,-0.001,0.0008,-0.0011
2024-02-19,19.9034,110.226,N,0.0403,0.044,0.0444,0.0473,0.0517,0.0444,0.0356,0.0279,0.0262,0.0273,0.0224,0.0182,0.008,0.0041,0.0026,-0.0003,-0.0007,-0.0054,-0.0157,-0.0136,-0.0106,-0.0065,-0.0033,0.0015,0.0049,-0.0003,0.0024,0.0021,0.0034,0.0094
2024-02-19,19.9034,110.226,NE,,0.0796,0.07,0.0673,0.0612,0.045,0.0444,0.0332,0.0216,0.0167,0.0028,-0.0013,-0.0088,-0.0115,-0.0114,-0.0117,-0.0122,-0.0103,-0.0105,-0.0082,-0.0083,-0.0086,-0.0061,-0.0037,-0.0008,0.0034,0.0037,0.0021,0.0033,0.0049
2024-02-19,19.9034,110.226,NO,,0.0498,0.0477,0.0396,0.0344,0.017,0.0132,0.0064,-0.0002,0.0033,-0.0,0.0011,0.0036,0.0083,0.0093,0.0088,0.0092,0.007,0.0092,0.0082,0.0056,0.0085,0.0042,-0.0005,-0.0062,-0.0123,-0.0098,-0.0059,-0.0021,-0.0026
2024-02-19,19.9034,110.226,O,,0.0689,0.0459,0.0317,0.016,0.0038,0.0004,-0.0029,0.0058,-0.012,-0.0121,-0.0052,-0.0048,0.0121,0.012,0.0128,0.0167,1e-04,0.0002,0.0014,0.002,0.0005,0.0009,-0.0013,-0.0019,-0.0015,-0.0058,-0.0075,-0.006,-0.0049
2024-02-19,19.9034,110.226,S,,0.0562,0.043,0.0332,0.026,0.035,0.0322,0.0142,0.0039,0.0012,-0.0031,-0.0065,-0.0087,-0.0072,0.0005,-0.0069,-0.0047,-0.003,0.0007,0.0101,0.0089,0.0081,1e-04,0.0025,-0.0002,-0.0126,-0.0069,-0.0059,-0.0053,-0.0095
2024-02-19,19.9034,110.226,SE,0.0635,0.0432,0.0339,0.017,0.0285,0.0308,0.0235,0.0128,-0.0036,-0.001,-0.0026,-0.0013,-0.0013,-0.0015,-0.0056,-0.0026,-0.0163,-0.0191,0.0096,0.0101,0.0222,0.0139,0.0205,0.0156,0.0108,0.0135,-0.0042,-0.0187,-0.0325,-0.0385
2024-02-19,19.9034,110.226,SO,,0.0596,0.0433,0.0252,0.0148,0.0103,0.0124,0.0036,0.0038,0.0021,0.0037,-1e-04,0.0004,-0.0019,-0.0053,0.0006,0.001,0.0062,0.008,0.01,0.0099,0.0081,0.01,0.0066,1e-04,-0.0002,-0.0098,-0.0112,-0.014,-0.0187
2024-03-06,19.9048,110.2208,E,0.0504,0.0569,0.0561,0.0513,0.0434,0.0332,0.0286,0.0343,0.0375,0.0406,0.0457,0.0392,0.0302,0.0174,-0.0093,-0.0202,-0.0298,-0.0376,-0.037,-0.0335,-0.0305,-0.0212,-0.014,-0.0043,0.0036,-0.0033,0.0171,0.011,0.0105,0.0293
2024-03-06,19.9048,110.2208,N,0.0417,0.0327,0.0236,0.0089,0.0103,-0.0172,-0.0194,-0.0168,-0.0266,-0.0232,-0.0189,-0.014,-0.0006,0.0052,0.0017,-0.0042,0.0036,-0.0131,-0.0182,-0.0145,-0.0151,-0.0108,-0.0031,0.0011,0.0016,0.0041,-0.0038,-0.0046,-0.0036,-0.0173
2024-03-06,19.9048,110.2208,NE,,0.0231,-0.0057,-0.0128,-0.0063,0.013,0.0309,0.0426,0.045,0.0367,0.022,0.0034,-0.0054,-0.0043,-0.0163,-0.0135,-0.0126,-0.0151,-0.0161,-0.0134,-0.0153,-0.0136,-0.0076,-0.0095,-0.0103,-0.0037,-0.0115,-0.0028,0.0059,0.0101
2024-03-06,19.9048,110.2208,NO,,0.0821,0.0698,0.0575,0.044,0.0322,0.0234,0.0145,0.0076,0.0031,0.0022,-0.01,-0.0098,-0.0024,-0.0029,-0.0042,-0.008,-0.0045,-0.0068,-0.0011,0.008,-0.0102,-0.0037,-0.0085,-0.0002,0.0027,0.0046,-0.0095,-0.0104,-0.0062
2024-03-06,19.9048,110.2208,O,,0.0879,0.076,0.0591,0.0439,0.0355,0.0328,0.0206,0.0202,0.0073,0.0063,0.0074,0.0096,0.0233,0.0087,0.0088,0.0059,0.0007,0.0027,0.0033,-0.0013,-0.0062,-0.0165,-0.0107,-0.0085,-0.0074,-0.0081,-0.0096,-0.0099,-0.0098
2024-03-06,19.9048,110.2208,S,,0.0685,0.0629,0.0334,0.0156,0.0077,0.0251,0.0381,0.0182,0.0233,0.0492,0.0182,0.0232,0.0215,0.0198,0.0172,-0.0,-0.0017,-0.0078,-0.0073,-0.0007,-0.0006,-0.0057,-0.0099,-0.007,-0.0038,-0.0072,-0.0105,-0.0105,-0.007
2024-03-06,19.9048,110.2208,SE,,0.0555,0.0512,0.0405,0.0341,0.0288,0.0097,0.0228,0.0088,0.0029,0.0092,0.0142,0.0179,0.0277,0.0201,0.0118,0.0083,-0.0058,-0.0131,-0.0129,-0.0089,-0.0029,0.0121,0.0148,0.0081,0.0037,-0.006,-0.013,-0.0185,-0.0194
2024-03-06,19.9048,110.2208,SO,,0.087,0.0793,0.0523,0.0417,0.0253,0.0173,0.0112,0.0349,0.0131,0.0031,0.0073,0.0094,0.0115,0.0102,0.0117,0.0117,0.0096,0.0086,-0.0008,-0.0058,-0.0088,-0.01,-0.0119,-0.0123,-0.0069,-0.0084,-0.0078,-0.0132,-0.0144
2024-04-07,19.9048,110.2208,E,0.0426,0.0362,0.0391,0.0414,0.0355,0.0352,0.0324,0.0366,0.036,0.0321,0.034,0.0333,0.0285,0.0199,0.006,-0.0106,-0.0225,-0.0293,-0.0279,-0.026,-0.0274,-0.0231,-0.0177,-0.0152,-0.0133,-0.0103,0.0093,0.0121,0.0148,0.0215
2024-04-07,19.9048,110.2208,N,0.0355,0.0328,0.0265,0.0132,0.0119,-0.0074,-0.0043,0.0082,-0.0117,-0.0019,-0.0015,0.0026,0.0097,0.0056,0.0058,0.0089,-0.0034,-0.0239,-0.0244,-0.0209,-0.019,-0.0111,-0.0078,-0.0023,-0.0005,0.0108,-0.0046,-0.0002,-0.0085,-0.0206
2024-04-07,19.9048,110.2208,NE,,0.0317,0.0099,0.0122,0.0202,0.0311,0.0434,0.0552,0.0549,0.0423,0.0355,0.018,0.0065,0.0002,-0.0092,-0.0046,-0.0065,-0.0138,-0.0175,-0.0138,-0.0136,-0.0072,-0.0113,-0.0116,-0.0115,-0.0058,-0.0085,-0.0055,0.0059,-0.0002
2024-04-07,19.9048,110.2208,NO,,0.0699,0.0588,0.0502,0.0341,0.0342,0.0302,0.0187,0.0123,0.0063,0.0032,-0.0061,-0.0003,0.0035,0.0038,0.0051,0.0018,0.0027,0.0019,-0.0004,0.007,-0.0082,0.0008,-0.0042,-0.0002,0.0044,0.0018,-0.0156,-0.0155,-0.018
2024-04-07,19.9048,110.2208,O,,0.0826,0.0698,0.0602,0.0469,0.0368,0.0265,0.0272,0.0272,0.017,0.012,0.0182,0.0193,0.0265,0.0124,0.0106,0.0081,0.0033,0.002,0.0042,0.0009,-0.0009,-0.0149,-0.0134,-0.0085,-0.0127,-0.0126,-0.0136,-0.0135,-0.0145
2024-04-07,19.9048,110.2208,S,,0.0709,0.0666,0.0381,0.0226,0.0171,0.0401,0.0538,0.0352,0.0379,0.0599,0.0309,0.0341,0.033,0.0355,0.0355,0.0078,0.0122,0.0087,-0.0021,0.0007,-0.0149,-0.015,-0.0198,-0.0137,-0.0118,-0.0142,-0.0167,-0.0167,-0.0185
2024-04-07,19.9048,110.2208,SE,,0.0522,0.045,0.0386,0.0283,0.0205,0.0112,0.0242,0.0209,0.0075,0.0095,0.0234,0.0267,0.0221,0.0126,0.0132,0.0049,-0.0035,-0.0068,-0.0049,-0.0048,-0.0082,0.0062,0.0266,0.0118,0.0073,-0.0139,-0.0224,-0.0233,-0.0276
2024-04-07,19.9048,110.2208,SO,,0.0838,0.0786,0.0557,0.0473,0.0292,0.0222,0.019,0.0356,0.0134,0.0067,0.0025,0.0034,0.0077,0.007,0.008,0.0162,0.0118,0.0084,-0.0004,-0.0052,-0.0129,-0.012,-0.0115,-0.007,-0.0072,-0.009,-0.0045,-0.0071,-0.0065
2024-04-15,19.9069,110.2219,E,,0.1044,0.092,0.0636,0.0501,0.0197,-0.0042,-0.0205,-0.036,-0.0433,-0.0425,-0.0359,-0.029,-0.0235,-0.023,-0.0213,0.0244,0.0301,0.0271,0.024,0.0277,0.0308,0.0192,0.0188,0.0202,0.0207,-0.004,-0.0008,-0.0126,-0.019
2024-04-15,19.9069,110.2219,N,0.1214,0.1215,0.0893,0.0457,0.0142,0.0085,0.0007,0.001,0.0068,0.0063,0.0054,-0.0137,-0.0119,-0.0125,-0.0086,-0.0115,-0.0091,-0.0094,-0.0031,-0.0077,-0.0116,-0.0027,-0.0007,0.0048,0.0053,0.0012,0.0017,0.0004,0.0077,0.0132
2024-04-15,19.9069,110.2219,NE,,0.1139,0.1097,0.0821,0.0422,0.0146,0.0025,0.0155,0.0099,0.0076,-0.0065,-0.0128,-0.0154,-0.0182,-0.0053,-0.012,0.016,0.022,0.0044,0.0042,-0.0123,-0.0187,-0.0116,-0.0034,-0.0013,-0.0071,-0.0037,0.0072,0.0093,0.0306
2024-04-15,19.9069,110.2219,NO,,0.1148,0.073,0.0351,0.0337,0.0297,0.0258,0.0226,0.0141,-0.0008,0.0038,-0.0054,0.0119,-0.0077,-0.002,-0.0066,0.0298,0.0163,0.0191,0.011,0.0233,0.0223,-0.0058,-0.0098,-0.0122,-0.0149,-0.0173,-0.0176,-0.0064,-0.0064
2024-04-15,19.9069,110.2219,O,,0.1347,0.1289,0.1153,0.0979,0.0784,0.055,0.0302,0.0418,0.0447,0.0409,0.0317,0.0204,0.0075,0.0027,0.0047,0.0026,0.0059,0.0028,-0.0044,-0.0122,-0.01,-0.0089,-0.003,-0.0022,-0.0109,-0.0096,-0.0112,-0.0136,-0.0153
2024-04-15,19.9069,110.2219,S,,0.0865,0.079,0.0739,0.0678,0.0574,0.0655,0.0608,0.0381,0.0222,0.0254,0.0288,0.0377,0.0212,0.0053,0.0003,-0.0087,-0.0178,-0.0186,-0.0297,-0.0216,0.0017,-0.0063,-0.0059,-0.0064,-0.009,-0.0085,-0.0156,-0.0244,-0.0227
2024-04-15,19.9069,110.2219,SE,0.1314,0.1199,0.1079,0.0948,0.0825,0.068,0.0525,0.0318,0.0338,0.0123,0.0076,0.0013,-0.0227,0.0021,0.0076,0.0009,-0.0063,-0.0038,0.0042,0.0024,0.0161,0.0039,-0.0059,-0.005,-0.0091,-0.0113,-0.0156,-0.0197,-0.0034,-0.0164
2024-04-15,19.9069,110.2219,SO,,0.1017,0.0941,0.0749,0.0621,0.0675,0.0787,0.0795,0.0747,0.0784,0.0777,0.0656,0.0498,0.0336,0.0251,0.0129,-0.015,0.0209,-0.014,-0.0135,-0.0176,-0.0156,-0.0102,-0.0146,-0.0095,-0.0246,-0.0184,-0.0303,-0.0292,-0.042
2024-07-04,19.9121,110.2288,E,0.1303,0.1159,0.0846,0.1389,0.1221,0.0978,-1e-04,-0.0042,-0.0061,0.0025,0.0031,0.0073,-0.0094,-0.0122,-0.0149,-0.0044,0.0062,0.0137,0.0117,0.0148,0.0171,0.0035,0.0045,-0.0052,-0.0075,-0.0123,-0.0144,-0.0169,-0.0134,0.0
2024-07-04,19.9121,110.2288,N,,0.1462,0.1093,0.0654,0.0381,0.0194,0.0052,0.005,0.0085,0.0132,0.0121,0.0059,-0.007,-0.0111,-0.0132,-0.0063,0.0124,0.0344,0.0261,0.0215,0.0141,0.0082,0.0225,0.0071,-0.0039,-0.0144,-0.0218,-0.024,-0.0321,-0.0259
2024-07-04,19.9121,110.2288,NE,,0.1156,0.0851,0.0525,0.0268,0.0045,-0.0005,-0.0134,-0.0013,-0.0011,-0.002,0.0037,-0.0006,0.0008,0.0101,-1e-04,0.0059,-0.0024,0.003,-0.001,-0.0042,-0.0077,-0.0055,-0.0086,-0.0066,,,,,
2024-07-04,19.9121,110.2288,NO,,0.0877,0.0715,0.0541,0.0206,0.0025,-0.0188,-0.0267,-0.0299,-0.0231,-0.0198,-0.0126,-0.0102,-0.0032,0.0027,0.0096,0.0187,0.024,0.0295,0.027,0.0269,0.0198,0.0104,0.0049,0.0015,0.0003,-0.0063,-0.0169,-0.0122,-0.0089
2024-07-04,19.9121,110.2288,O,,0.1608,0.1312,0.1151,0.0745,0.0484,0.0356,0.031,0.0304,0.0365,0.029,0.0136,0.0039,-0.0079,-0.0335,-0.0382,-0.0292,-0.0212,-0.0292,-0.0305,-0.0245,-0.0242,-0.0184,-0.0169,-0.0058,0.0141,0.0223,0.0262,0.048,0.0552
2024-07-04,19.9121,110.2288,S,0.0749,0.0606,0.0356,0.0193,0.0004,-0.0032,-0.0087,-0.0094,-0.0026,-0.009,0.0036,-0.0144,-0.0123,0.0016,0.0417,0.0435,0.0617,0.0577,0.0352,0.0263,0.0302,0.0304,0.0402,0.027,0.0093,-0.0033,-0.0236,-0.0075,-0.0428,-0.0511
2024-07-04,19.9121,110.2288,SE,,0.1207,0.0989,0.0823,0.1071,0.1312,0.1178,0.1098,0.0344,0.0139,-0.0086,-0.0197,-0.028,-0.0277,-0.0275,-0.0217,-0.011,-0.0037,0.0009,0.0034,0.0106,0.0185,0.0064,0.0032,-0.0089,-0.0089,-0.0094,-0.0088,-0.0088,-0.0103
2024-07-04,19.9121,110.2288,SO,,0.0957,0.0576,0.0383,0.0488,0.0527,0.0613,0.0702,0.0618,0.0416,0.0276,0.0468,0.0356,0.0305,0.0051,-0.0179,-0.0267,-0.0225,-0.0269,-0.0235,-0.0246,-0.0241,-0.0202,-0.0242,-0.0261,-0.0151,-0.0134,-0.0128,-0.0059,0.0016
2024-07-12,19.9118,110.2288,E,0.1321,0.1108,0.0861,0.0677,0.1196,0.0924,0.0813,0.0222,0.0188,0.0266,0.0072,-0.0114,-0.0042,-0.0056,-0.0095,-0.0072,-0.0093,-0.0058,-0.002,0.0024,0.0055,0.017,0.0136,0.0055,0.0018,-0.0041,-0.0123,-0.0153,-0.0266,-0.0278
2024-07-12,19.9118,110.2288,N,,0.1462,0.1179,0.0867,0.0761,0.0536,0.0489,0.0379,0.0369,0.0363,0.0307,0.0291,0.0175,0.0098,-0.001,-0.0002,0.0074,-0.0033,-0.0115,-0.0081,-0.0069,-0.0037,-0.0053,-0.0118,-0.0169,-0.018,-0.0213,-0.0197,-0.0161,-0.0083
2024-07-12,19.9118,110.2288,NE,,0.1432,0.1152,0.0777,0.0525,0.0383,0.0324,0.0199,0.0307,0.0041,-0.0044,0.0011,-0.0089,-0.0071,-0.0188,-0.0216,-0.0223,0.0028,0.0021,0.0135,0.0194,0.0165,0.0205,0.0149,0.0181,0.0011,-0.0202,-0.0438,-0.0439,-0.0419
2024-07-12,19.9118,110.2288,NO,,0.0912,0.0715,0.0515,0.0207,0.0185,0.0014,0.0036,0.002,0.0028,0.0031,0.0026,0.0035,0.0022,-0.0023,0.0049,0.0021,0.0052,0.0189,0.0137,0.0146,0.0079,0.0011,-0.0049,-0.01,-0.0138,-0.0092,-0.0087,-0.0,-0.0006
2024-07-12,19.9118,110.2288,O,,0.1044,0.0659,0.0372,0.0149,0.0093,-0.0052,-0.008,-0.0047,-0.0103,-0.0042,0.0043,0.0159,0.0149,0.0138,0.0056,-0.0041,-0.0126,-0.0207,-0.0248,-0.0219,-0.0162,-0.0162,-0.0085,0.0041,0.0119,0.0199,0.0297,0.0321,0.0333
2024-07-12,19.9118,110.2288,S,0.1571,0.1211,0.0955,0.0832,0.0643,0.0548,0.053,0.0476,0.0415,0.037,0.0306,0.0035,-0.0189,-0.0347,-0.0215,0.0218,0.0406,0.0099,0.013,-0.0025,-0.0191,-0.0131,-0.0073,-0.0014,-0.0071,0.0021,0.002,0.0058,-0.0194,-0.0326
2024-07-12,19.9118,110.2288,SE,,0.1437,0.1249,0.1082,0.0961,0.0835,0.1239,0.112,0.096,0.0415,0.0248,-0.0026,-0.0207,-0.0161,-0.0297,-0.0176,-0.0303,-0.0219,-0.0176,-0.0045,-0.0015,0.0031,0.0034,0.0036,0.0042,0.0061,0.0053,0.0074,0.0036,0.0057
2024-07-12,19.9118,110.2288,SO,,0.0894,0.0655,0.0531,0.0519,0.0446,0.0285,0.0221,0.0172,0.0113,0.0178,0.0226,0.0307,0.0328,0.0195,0.0148,0.0066,0.0013,-0.0037,-0.0023,-0.0062,-0.0077,-0.013,-0.0154,-0.0093,-0.0043,-0.0016,0.0042,0.0306,0.0214
2024-08-05,19.9121,110.2288,E,0.1368,0.1212,0.0924,0.1415,0.1145,0.0981,0.0033,-0.0061,-0.0003,0.0032,-0.0069,-0.0068,-0.0041,-0.0064,-0.0041,-0.005,-0.0052,-0.0002,0.0052,0.0142,0.0149,0.0096,0.0057,-0.0059,-0.0081,-0.0077,-0.0094,-0.0123,-0.0153,-0.0107
2024-08-05,19.9121,110.2288,N,,0.1478,0.1186,0.0857,0.0628,0.0493,0.0358,0.0308,0.0336,0.0307,0.0264,0.0263,0.0153,0.0048,-0.0027,-0.0072,-0.0093,-0.014,-0.0181,-0.0167,-0.0119,-0.0042,-0.0015,0.003,-0.0039,-0.0091,-0.0128,-0.0118,-0.0071,-0.0008
2024-08-05,19.9121,110.2288,NE,,0.1078,0.0846,0.063,0.0433,0.0266,0.0341,0.0124,0.0181,0.0048,0.0076,0.0086,-0.0058,-0.0099,-0.0171,-0.0164,-0.0101,-0.0037,0.0038,0.0047,0.0079,0.0066,0.0011,0.0018,-0.0031,-0.0058,-0.0057,-0.0089,-0.0186,-0.0228
2024-08-05,19.9121,110.2288,NO,,0.0998,0.0844,0.0679,0.0334,0.0062,-0.0224,-0.0167,-0.0196,-0.0131,-0.01,-0.0067,-0.0037,-0.0028,0.0021,0.0136,0.0222,0.025,0.0338,0.027,0.0264,0.0146,0.0095,0.0018,-0.0039,0.0027,-0.0028,-0.0082,-0.0009,-0.0135
2024-08-05,19.9121,110.2288,O,,0.1269,0.0994,0.0643,0.0151,-0.0104,-0.01,-0.0049,0.0042,0.0007,0.0138,0.0133,0.0165,0.0161,0.0107,0.004,-0.0032,-0.0102,-0.0194,-0.0218,-0.0211,-0.0209,-0.0127,-0.0103,-0.0052,0.0034,0.0057,0.0113,0.0194,0.0269
2024-08-05,19.9121,110.2288,S,0.0681,0.0426,0.0206,0.0083,-0.01,-0.0187,-0.0175,-0.0215,-0.0235,-0.0315,-0.0156,-0.0156,-0.0159,0.002,0.0405,0.0492,0.0593,0.0524,0.0302,0.0249,0.0233,0.023,0.0328,0.0195,0.0093,0.0031,-0.022,-0.0089,-0.0295,-0.0311
2024-08-05,19.9121,110.2288,SE,,0.1061,0.0838,0.0705,0.0954,0.1155,0.1013,0.1023,0.0241,0.0041,-0.007,-0.0189,-0.0216,-0.0168,-0.0191,-0.0135,-0.0114,-0.0037,-0.0005,0.0044,0.0038,0.0063,0.0004,-0.0021,-0.002,0.0,-0.0003,-0.0012,-0.0004,-0.0015
2024-08-05,19.9121,110.2288,SO,,0.1192,0.0808,0.058,0.0497,0.0407,0.0284,0.0154,0.0049,-0.0014,0.0069,0.0089,0.0049,0.0152,0.0132,0.0318,0.0063,-0.0008,-0.0017,-0.0049,-0.0075,-0.0088,-0.0054,-0.0138,-0.021,-0.0168,-0.011,0.0011,0.0105,0.0272
2024-08-13,19.9113,110.2239,E,0.0761,0.0802,0.0812,0.0795,0.0804,0.0696,0.0443,0.0278,0.0271,0.0261,-0.0137,-0.0158,-0.0072,-0.0115,-0.0165,-0.0138,-0.0092,-0.0125,-0.0123,-0.0147,-0.0114,-0.0113,-0.0104,-0.0116,-0.0094,-0.0058,0.0094,0.0085,0.0138,0.0202
2024-08-13,19.9113,110.2239,N,,0.0956,0.0839,0.035,0.0261,0.0178,0.0125,-0.0053,0.002,0.0023,0.0054,0.0116,0.0159,0.0199,0.0218,0.0419,0.0245,0.0477,0.0488,0.0277,0.0054,-0.0,-0.0184,-0.0041,-0.0169,-0.0149,-0.016,-0.0213,-0.0293,-0.0306
2024-08-13,19.9113,110.2239,NE,,0.0745,0.0707,0.0594,0.0548,0.0392,0.0171,0.0169,0.0047,-0.0079,-0.0069,-0.016,-0.0178,-0.0215,0.0012,-0.0303,-0.028,-0.0222,-0.0193,-0.013,-0.0089,-0.0111,-0.0024,-0.0057,0.0075,0.0064,0.0059,0.0037,0.0007,0.0028
2024-08-13,19.9113,110.2239,NO,,0.1239,0.0782,0.0549,0.0514,0.0494,0.0311,0.0633,0.055,0.0547,0.0182,0.0236,0.0238,0.0224,0.0202,0.0177,0.0105,-0.0022,-0.0092,-0.0068,-0.005,0.0002,-0.0035,-0.0011,-0.008,-0.0204,-0.0139,-0.0239,-0.0074,-0.026
2024-08-13,19.9113,110.2239,O,,0.1051,0.0223,0.022,0.0175,0.0047,0.005,-0.0015,-0.0025,-0.0046,-0.0009,0.008,0.0048,0.0094,0.0008,-0.0133,-0.0207,-0.0113,-0.0011,0.0156,0.0063,0.0016,-0.0091,-0.0087,-0.0036,-0.0063,-0.0026,0.0062,0.0068,0.0094
2024-08-13,19.9113,110.2239,S,0.1048,0.106,0.1119,0.1106,0.1062,0.1039,0.0918,0.0624,0.0532,0.0525,0.0535,0.008,-0.0021,-0.0209,-0.0342,-0.0262,-0.0216,-0.0156,-0.0171,-0.0106,0.0042,0.0049,-0.0058,-0.0018,-0.0037,-0.0073,-0.0038,0.0015,0.0026,-0.0035
2024-08-13,19.9113,110.2239,SE,,0.0818,0.0836,0.0774,0.0713,0.0565,0.0503,0.045,0.0321,0.0383,0.0402,0.0321,0.0172,-0.0154,-0.0303,-0.0341,-0.0384,-0.0339,-0.0185,-0.024,-0.0229,-0.0219,-0.0212,-0.0111,-0.0109,-0.0005,0.0052,0.0278,0.0307,0.034
2024-08-13,19.9113,110.2239,SO,,0.0146,0.0208,0.0094,0.0104,-0.0031,-0.0128,-0.0207,-0.0292,-0.0351,-0.0329,-0.026,-0.0146,-0.0189,-0.0257,0.0021,0.0235,0.0168,0.0174,0.0335,0.0279,0.0241,0.0193,0.0089,0.0013,-0.0113,-0.0114,0.0078,0.0031,0.0091
2024-08-21,19.8988,110.23,E,0.0346,0.0235,0.0151,0.014,0.0114,0.0102,0.0082,0.0075,0.0053,0.0031,-0.0032,-0.0052,-0.0054,-0.0048,-0.0009,0.0046,0.0115,0.0138,0.0127,0.0139,0.0123,0.0115,0.0081,-0.0007,-0.0091,-0.014,-0.0138,-0.0127,-0.0123,-0.0111
2024-08-21,19.8988,110.23,N,0.0099,0.0046,0.0019,-0.0028,-0.0076,-0.0121,-0.0069,-0.0041,-0.0046,-0.0019,-0.0016,0.0013,0.0041,0.0062,0.0071,0.0087,0.0089,0.01,0.0047,-0.0005,-0.0061,-0.0063,-0.0049,-0.0045,-0.0037,-0.0037,-0.0036,-0.0009,0.0042,0.0048
2024-08-21,19.8988,110.23,NE,,0.0339,0.0249,0.0213,0.0132,0.0132,0.0169,0.0078,0.0107,0.0072,0.0054,0.0083,-0.0013,0.0044,-0.0084,-0.0055,-0.0075,0.0075,-0.0041,0.004,0.006,0.0042,0.0055,0.0017,-0.0011,-0.0043,-0.0066,-0.0073,-0.0075,-0.0084
2024-08-21,19.8988,110.23,NO,,0.0075,0.001,-0.0041,-0.0087,-0.0134,-0.019,-0.0201,-0.0237,-0.0168,-0.0117,-0.001,-0.0006,0.0114,0.0078,0.0064,0.007,0.0064,0.0024,0.0017,-0.0031,0.001,-0.0009,0.0068,0.0018,0.0011,-0.0047,0.0014,0.0018,0.0014
2024-08-21,19.8988,110.23,O,,0.0012,-0.0099,-0.0235,-0.0282,-0.0295,-0.0266,-0.0199,-0.01,0.0024,0.0152,0.0152,0.0073,-0.001,0.002,0.0028,0.0009,-0.001,-0.0049,-0.0074,-0.0075,-0.0036,0.0037,0.0031,0.0058,0.0048,0.0005,0.0007,-0.0014,-0.0057
2024-08-21,19.8988,110.23,S,,0.0373,0.0251,0.023,0.017,0.0143,0.0119,0.01,0.008,0.0054,-0.0015,-0.0029,-0.008,-0.0066,-0.0007,-0.0008,0.0059,0.0078,0.0074,0.0075,0.0077,0.0083,0.0061,-0.0021,-1e-04,-0.002,-0.0047,-0.0078,-0.0034,-0.0027
2024-08-21,19.8988,110.23,SE,,0.0523,0.0374,0.0199,0.013,0.0107,0.0115,0.0141,0.0115,0.0101,0.0044,-0.0044,-0.0062,-0.0061,-0.0088,-0.0074,-0.006,-0.0049,-0.0022,0.0059,0.0079,0.0061,0.004,-0.0006,0.0012,-0.0013,-0.0043,-0.0105,-0.0076,-0.0047
2024-08-21,19.8988,110.23,SO,,0.0281,0.0187,0.0097,-0.0029,-0.0094,-0.0119,-0.0072,-0.0072,-0.0041,-0.0,0.0064,0.0048,0.0073,0.0064,0.0044,-0.0039,0.0005,-0.0048,-0.0082,-0.0134,-0.0085,-0.006,-0.0004,0.009,0.0036,0.0036,0.0019,0.0011,-0.005
2024-09-30,19.9053,110.2205,E,0.09,0.0792,0.0635,0.0538,0.0377,0.0389,0.0449,0.048,0.0654,0.0711,0.0545,0.0412,0.0101,-0.0241,-0.0458,-0.06,-0.0519,-0.0489,-0.0405,-0.0249,-0.0135,-0.0005,-0.002,-0.026,-0.0094,0.0095,0.02,0.0079,0.0102,0.0263
2024-09-30,19.9053,110.2205,N,0.026,0.0349,0.0143,-0.0176,-0.022,0.0029,0.0068,0.0254,0.0335,0.0215,-0.0053,-0.0013,-0.0204,-0.0038,0.002,-0.0052,-0.0217,-0.022,-0.0219,-0.0163,-0.0173,-0.0243,-0.0062,-0.0026,-0.0064,0.0021,-0.0026,-0.002,-0.0057,0.0101
2024-09-30,19.9053,110.2205,NE,,0.0641,0.0585,0.0371,0.0262,0.0453,0.0335,0.032,0.0295,0.0285,0.0219,0.0149,-0.0135,-0.0283,-0.0273,-0.0081,-0.0033,-0.0052,-0.0091,-0.0112,-0.0117,-0.0105,-0.0108,0.0087,-0.0045,-0.0036,-0.0031,-0.0047,-0.008,-0.0025
2024-09-30,19.9053,110.2205,NO,,0.1159,0.1167,0.1101,0.0934,0.0865,0.074,0.0551,0.0363,0.0183,0.009,-0.0008,-0.0041,-0.0233,-0.0211,-0.0071,0.0091,0.0109,0.0042,-0.0061,-0.0071,-0.0099,0.0002,-0.0045,-0.0055,-0.0228,-0.0019,0.0004,0.001,-0.0051
2024-09-30,19.9053,110.2205,O,,0.1022,0.0979,0.0855,0.075,0.0642,0.0491,0.0438,0.0156,0.0326,0.0219,0.0025,0.0023,0.0121,0.0225,0.0174,0.0033,-0.0009,-0.0038,-0.0091,-0.0042,-0.0193,-0.0142,-0.0208,-0.0187,-0.0095,0.003,0.0109,0.0077,-0.0065
2024-09-30,19.9053,110.2205,S,,0.0953,0.079,0.0623,0.0213,0.0835,0.0707,0.0695,0.0713,0.0483,0.0231,0.0238,0.0197,0.0227,0.0198,0.0172,0.0003,-0.0028,-0.011,-0.0018,-0.0054,0.0013,-0.008,-0.0109,-0.0188,-0.0152,-0.012,-0.0147,-0.0148,-0.0132
2024-09-30,19.9053,110.2205,SE,,0.1049,0.1013,0.0814,0.0544,0.045,0.0359,0.0359,0.032,0.0241,0.0256,0.0315,0.0188,-0.0047,-0.0084,-0.0252,-0.0263,-0.0152,0.0022,0.0086,0.0159,0.0369,0.0306,0.0165,-0.0152,-0.0273,-0.0368,-0.0354,-0.0333,-0.0228
2024-09-30,19.9053,110.2205,SO,,0.133,0.1311,0.1002,0.0708,0.0432,0.0349,0.0364,0.0296,0.0209,0.0225,0.0129,0.0245,0.0232,0.025,0.0239,0.0303,0.0317,0.0138,0.0108,-0.0002,-1e-04,-0.0126,-0.0156,-0.0187,-0.0202,-0.0221,-0.0167,-0.0226,-0.0204
2024-10-24,19.9121,110.2288,E,0.0745,0.061,0.047,0.1014,0.0896,0.0776,0.0104,0.0075,0.0038,0.0044,1e-04,0.0007,-0.007,-0.0032,-0.0029,-0.005,-0.0051,-0.0041,0.001,0.0074,0.0096,0.0058,0.0054,0.0005,-0.0048,-0.0043,-0.0063,-0.0092,-0.0155,-0.0042
2024-10-24,19.9121,110.2288,N,,0.0959,0.0768,0.0559,0.0432,0.0388,0.0329,0.026,0.0286,0.0282,0.0279,0.0263,0.0182,0.008,0.0014,-0.0029,-0.0048,-0.0149,-0.0212,-0.0192,-0.016,-0.0113,-0.0023,-0.0009,-0.0054,-0.0076,-0.0075,-0.0028,-0.0013,0.0049
2024-10-24,19.9121,110.2288,NE,,0.0598,0.0379,0.0262,0.022,0.014,0.0211,0.0162,0.0196,0.0112,0.0108,0.0047,-0.0016,-0.0089,-0.0144,-0.0145,-0.0101,-0.0085,-0.0032,-0.0018,-0.001,0.0006,-0.0002,0.0032,0.0056,0.004,-0.0,-0.0052,-0.0083,-0.0116
2024-10-24,19.9121,110.2288,NO,,0.0657,0.0521,0.0368,0.0185,0.0048,-0.0092,-0.0037,-0.0053,-0.0026,-0.0026,0.0007,0.0011,0.0002,-0.0008,0.0028,0.0047,-0.0009,0.0065,0.0087,0.0107,0.0095,0.0088,0.0047,-0.0007,-0.0041,-0.0039,-0.0075,-0.0056,-0.007
2024-10-24,19.9121,110.2288,O,,0.0856,0.0603,0.0422,0.016,0.004,-0.003,-0.0024,0.0004,1e-04,0.0098,0.0084,0.0051,0.0089,0.0057,-0.0002,-0.0057,-0.0019,-0.0126,-0.0193,-0.0203,-0.0181,-0.0142,-0.0069,-0.0049,0.002,0.0089,0.0161,0.0216,0.0193
2024-10-24,19.9121,110.2288,S,0.0508,0.0288,0.0124,0.0023,-0.0103,-0.0177,-0.0187,-0.0191,-0.0235,-0.022,-0.002,-0.0025,0.0011,0.0048,0.0307,0.0325,0.0384,0.0354,0.0268,0.0187,0.0217,0.0251,0.0273,0.0215,0.0109,0.0068,-0.0106,-0.0046,-0.0337,-0.0322
2024-10-24,19.9121,110.2288,SE,,0.0637,0.0497,0.042,0.0703,0.0924,0.0826,0.077,0.0047,-0.0011,-0.0132,-0.013,-0.0131,-0.0105,-0.0138,-0.0087,-0.0049,-0.0028,0.0002,0.008,0.0141,0.0066,0.0003,1e-04,-0.0015,-0.0022,-0.0028,-0.0029,-0.0034,-0.0009
2024-10-24,19.9121,110.2288,SO,,0.0726,0.0429,0.0319,0.0291,0.0222,0.0181,0.0099,0.0052,0.0062,0.0077,0.0072,0.0072,0.0179,0.0158,0.0229,0.0026,-0.0041,-0.0032,-0.006,-0.0032,-0.0041,-0.0023,-0.0113,-0.0198,-0.0196,-0.0132,-0.0033,0.0036,0.0204
2024-11-01,19.9124,110.2288,E,0.0742,0.0541,0.0935,0.083,0.0772,0.0129,0.0066,0.008,0.0134,0.0117,-0.0026,-0.0023,-0.0048,-0.0047,-0.0027,1e-04,0.0007,0.0036,0.0059,0.007,0.0028,0.0,-0.0048,-0.0062,-0.0069,-0.0065,-0.0077,-0.007,-0.0046,0.0021
2024-11-01,19.9124,110.2288,N,,0.0805,0.057,0.0427,0.0359,0.0324,0.0297,0.029,0.0289,0.0302,0.0306,0.0277,0.0183,0.0081,0.0009,-0.004,-0.0064,-0.013,-0.017,-0.0152,-0.0121,-0.0102,-0.0003,0.0012,-0.0017,-0.0066,-0.0058,-0.0016,0.0021,0.0052
2024-11-01,19.9124,110.2288,NE,,0.0486,0.0293,0.0238,0.0157,0.0093,0.0084,0.0038,0.0072,0.0107,0.0108,0.0074,0.0007,-0.0047,-0.0094,-0.0091,-0.0038,-0.0005,0.0017,0.002,0.0002,0.0004,-0.0017,0.0004,0.0035,0.0014,-0.0017,-0.0022,-0.0077,-0.006
2024-11-01,19.9124,110.2288,NO,,0.0632,0.0497,0.035,0.0216,0.0181,0.0058,0.0022,0.0018,0.0023,0.0047,0.0061,0.0063,0.0063,0.0043,0.0037,0.0041,0.0004,-0.0003,-0.0021,0.0034,0.0034,0.0056,0.0036,0.0026,-0.0006,-0.0035,-0.0025,-0.0038,-0.0022
2024-11-01,19.9124,110.2288,O,,0.0786,0.058,0.0506,0.0332,0.0114,-0.0058,-0.0112,-0.0065,0.0013,0.0109,0.0077,0.0045,0.0041,0.0006,-0.0008,-0.0018,-0.0003,-0.0018,-0.008,-0.0096,-0.0106,-0.0053,-0.0046,-0.005,-0.0046,0.0043,0.0105,0.0149,0.0193
2024-11-01,19.9124,110.2288,S,,0.027,0.0162,0.0089,-0.001,-0.0091,-0.0073,-0.0113,-0.0142,-0.0135,-0.0042,-0.005,-0.0041,-0.0011,0.0247,0.0253,0.0287,0.0262,0.0154,0.0109,0.0158,0.0226,0.0205,0.0174,0.0068,0.0043,-0.006,-0.0134,-0.0253,-0.021
2024-11-01,19.9124,110.2288,SE,,0.053,0.0404,0.0876,0.0839,0.0772,0.0692,0.0627,-0.0029,-0.0073,-0.0104,-0.009,-0.0074,-0.007,-0.0078,-0.0027,-0.0017,-0.0011,0.0032,0.0051,0.0021,0.001,-0.0029,0.0002,-0.002,-0.0025,-0.0011,-0.0031,-0.001,-0.0008
2024-11-01,19.9124,110.2288,SO,0.0608,0.0526,0.0305,0.019,0.0089,0.0111,0.0071,0.0078,0.0037,0.0005,0.0014,0.0032,0.0056,0.0089,0.01,0.0086,0.0028,-0.001,-0.0029,-0.0017,-0.0012,-0.001,-0.0002,-0.0028,-0.0103,-0.0149,-0.0112,0.0011,0.0002,0.0066
2025-01-04,19.9048,110.2208,E,0.0262,0.0234,0.025,0.0237,0.0167,0.0116,0.0144,0.0192,0.0228,0.0228,0.0205,0.021,0.0172,0.0074,-0.007,-0.015,-0.0203,-0.0242,-0.0253,-0.0215,-0.0206,-0.017,-0.0145,-0.0079,-0.0034,-0.0052,0.0125,0.0117,0.0103,0.0269
2025-01-04,19.9048,110.2208,N,0.0163,0.0151,0.0119,0.0051,0.0038,-0.0065,-0.0038,0.0031,-0.0033,-0.003,-0.0053,-0.0059,0.0034,0.0053,0.0022,0.0017,-0.0041,-0.0149,-0.0132,-0.0059,-0.009,-0.0081,-0.0016,0.0029,0.0008,0.0021,-0.0046,-0.0014,0.0029,-0.0084
2025-01-04,19.9048,110.2208,NE,,0.0193,0.0041,0.0019,0.0052,0.0122,0.0242,0.0262,0.0238,0.0172,0.009,0.0018,-0.0026,-0.0016,-0.0068,-0.0038,-0.0031,-0.0086,-0.0095,-0.0088,-0.0086,-0.0076,-0.0094,-0.0086,-0.009,-0.0018,-0.0018,-1e-04,0.0056,0.0071
2025-01-04,19.9048,110.2208,NO,,0.0482,0.0442,0.0377,0.0307,0.0243,0.0186,0.0146,0.009,0.0057,0.0045,-0.0069,-0.0066,-0.0045,-0.0016,0.0012,-0.0027,-0.003,-0.0061,-0.0021,-0.0005,-0.0071,-0.0054,-0.0066,-0.0056,-0.0011,-0.0026,-0.0066,-0.0065,-0.0025
2025-01-04,19.9048,110.2208,O,,0.0521,0.0471,0.0335,0.0244,0.0156,0.0143,0.0112,0.0096,0.0054,0.0063,0.0082,0.0099,0.015,0.0078,0.0066,0.0058,0.0012,0.0032,0.0021,0.0015,0.0004,-0.0112,-0.0064,-0.0074,-0.0062,-0.0074,-0.0078,-0.0065,-0.0078
2025-01-04,19.9048,110.2208,S,,0.0297,0.0287,0.0066,-0.006,-0.0098,0.0148,0.0263,0.0149,0.0155,0.0425,0.0151,0.0187,0.0148,0.0127,0.0131,-0.0074,0.0029,-0.0039,-0.0064,-0.0022,-0.0067,-0.0075,-0.0111,-0.007,-0.0059,-0.0055,-0.0097,-0.0112,-0.0122
2025-01-04,19.9048,110.2208,SE,,0.0293,0.0272,0.0254,0.0201,0.0128,0.0061,0.0113,0.0098,-0.0012,-0.0024,0.004,0.0066,0.0047,-0.0021,0.0018,-0.0042,-0.0071,-0.0096,-0.0072,-0.0064,-0.005,0.0065,0.0086,0.0054,0.0019,-0.0084,-0.0113,-0.0118,-0.009
2025-01-04,19.9048,110.2208,SO,,0.0473,0.0423,0.0214,0.0116,0.0022,-0.0009,-0.001,0.0173,0.0052,1e-04,0.0008,0.0041,0.0073,0.0069,0.0101,0.0131,0.0103,0.0052,0.0011,-0.0018,-0.0035,-0.0057,-0.009,-0.0068,-0.0072,-0.0081,-0.005,-0.0041,-0.0049
2025-01-12,19.9048,110.2208,E,0.0237,0.0267,0.0289,0.0298,0.0241,0.0176,0.0193,0.0219,0.024,0.0267,0.0279,0.0289,0.0233,0.0148,0.0035,-0.0079,-0.0183,-0.0245,-0.0249,-0.0225,-0.0222,-0.0205,-0.0152,-0.01,-0.0082,-0.0095,0.0094,0.0102,0.0105,0.022
2025-01-12,19.9048,110.2208,N,0.0112,0.0123,0.0123,0.0082,0.0035,-0.0032,0.0025,0.0056,-0.0084,-0.0068,-0.0054,-0.0054,0.0043,0.0057,0.0025,0.0008,0.0002,-0.0108,-0.0117,-0.0063,-0.0059,-0.0044,0.0009,0.0024,-0.0002,0.0043,-0.0019,0.0023,0.0038,-0.0064
2025-01-12,19.9048,110.2208,NE,,0.0116,-0.0074,-0.0096,-0.0027,0.0051,0.0197,0.025,0.023,0.0194,0.0129,0.0069,-0.0004,-0.0023,-0.0067,-0.0063,-0.007,-0.0121,-0.0111,-0.0094,-0.0095,-0.01,-0.0096,-0.0112,-0.0093,-0.0008,-0.0029,0.0021,0.0068,0.0093
2025-01-12,19.9048,110.2208,NO,,0.043,0.0364,0.0321,0.0292,0.0236,0.0184,0.0142,0.0093,0.0056,0.004,-0.0074,-0.0065,-0.0016,-0.0007,0.0005,-0.0031,-0.0037,-0.0064,-0.0008,-0.0002,-0.0078,-0.0039,-0.0074,-0.0051,-0.0026,-0.0035,-0.0074,-0.0048,-0.0048
2025-01-12,19.9048,110.2208,O,,0.0457,0.0372,0.0288,0.0241,0.019,0.0166,0.0136,0.0111,0.0055,0.0048,0.0073,0.0108,0.0161,0.0071,0.006,0.0044,0.0005,0.0035,0.0038,0.0009,-0.0028,-0.011,-0.0051,-0.0071,-0.0055,-0.0071,-0.0068,-0.007,-0.0081
2025-01-12,19.9048,110.2208,S,,0.0271,0.0266,0.0079,-0.0019,-0.0052,0.0165,0.0273,0.0158,0.0189,0.0392,0.0193,0.0211,0.0203,0.0159,0.0131,-0.0016,0.0057,-0.0018,-0.0045,-0.002,-0.0068,-0.009,-0.0133,-0.0088,-0.0069,-0.0087,-0.0101,-0.0132,-0.0115
2025-01-12,19.9048,110.2208,SE,,0.0295,0.0301,0.0298,0.0299,0.0228,0.0112,0.0206,0.014,0.0046,0.0028,0.0076,0.0089,0.009,0.0028,0.0036,-0.0044,-0.0086,-0.0101,-0.0108,-0.0088,-0.0062,0.0026,0.0108,0.0024,0.0018,-0.0069,-0.0087,-0.0104,-0.0112
2025-01-12,19.9048,110.2208,SO,,0.042,0.0377,0.0197,0.0102,0.0023,-0.0011,-0.0006,0.0177,0.0064,0.0038,0.0063,0.0061,0.0071,0.008,0.0078,0.0132,0.0101,0.0068,-0.0015,-0.0041,-0.0038,-0.0057,-0.0083,-0.0074,-0.0082,-0.0082,-0.0067,-0.0069,-0.0067
2025-01-20,19.9048,110.2205,E,0.0386,0.0428,0.0401,0.0374,0.027,0.0223,0.0218,0.0271,0.0311,0.034,0.0327,0.0336,0.0274,0.017,0.0031,-0.0137,-0.0222,-0.0262,-0.0268,-0.0244,-0.0245,-0.0207,-0.0171,-0.0142,-0.0122,-0.0094,1e-04,0.0041,0.0163,0.0241
2025-01-20,19.9048,110.2205,N,0.0313,0.0127,0.0106,0.0096,0.0067,0.0005,-0.0055,0.0032,-0.0011,-0.0109,-0.0095,-0.0114,-0.0064,0.0044,0.0088,-0.0027,-0.0094,-0.0,-0.0147,-0.0077,-0.0044,-0.0073,-0.0023,-0.0003,-0.0014,0.0024,0.0008,-0.0091,-0.0033,-0.0018
2025-01-20,19.9048,110.2205,NE,,0.0171,0.0194,0.0003,-0.0098,0.0063,0.0199,0.0253,0.0286,0.0266,0.023,0.0173,0.0114,0.0002,-0.006,-0.0098,-0.0102,-0.0109,-0.0122,-0.0128,-0.011,-0.0139,-0.0127,-0.01,-0.0123,-0.0053,-0.0035,-0.0033,0.0065,0.0076
2025-01-20,19.9048,110.2205,NO,,0.0652,0.0525,0.0431,0.037,0.0268,0.0218,0.0168,0.0104,0.0061,0.0035,-0.002,-0.0075,-0.0042,0.0009,0.0004,-0.001,-0.0043,-0.0068,0.0026,0.0047,0.0023,-0.0014,-0.0061,-0.0069,-0.0049,-0.0054,-0.0051,-0.0073,-0.0074
2025-01-20,19.9048,110.2205,O,,0.0564,0.0515,0.0349,0.0311,0.0219,0.0176,0.0131,0.0083,0.0032,0.0029,0.0064,0.011,0.0138,0.0073,0.0066,0.0044,-1e-04,0.0042,0.0045,0.0029,-0.0011,-0.0125,-0.0074,-0.0076,-0.0063,-0.0071,-0.0075,-0.0076,-0.0089
2025-01-20,19.9048,110.2205,S,,0.0431,0.0208,0.009,-0.0006,0.0259,0.022,0.0215,0.0223,0.021,0.0316,0.0217,0.0298,0.0192,0.0208,0.018,0.0053,0.0014,-0.0078,-0.0016,-0.0034,-0.0113,-0.0121,-0.0078,-0.0059,-0.0061,-0.0069,-0.0081,-0.0084,-0.0082
2025-01-20,19.9048,110.2205,SE,,0.0387,0.0397,0.0365,0.0296,0.0222,0.0153,0.0177,0.0114,0.0071,0.0082,0.0118,0.0088,0.0016,-0.0014,-0.0026,-0.01,-0.0144,-0.0115,-0.0074,-0.0036,0.0015,0.0103,0.0102,0.0041,0.0013,-0.008,-0.0101,-0.0105,-0.0086
2025-01-20,19.9048,110.2205,SO,,0.0517,0.03,0.0131,0.0058,0.0042,0.0034,0.0048,0.0209,0.004,0.0035,0.0071,0.0058,0.0084,0.0106,0.0091,0.0141,0.012,0.0066,-0.0005,-1e-04,-0.0074,-0.0073,-0.0111,-0.0092,-0.0077,-0.009,-0.0083,-0.007,-0.0102
2025-01-28,19.9067,110.2225,E,,0.0456,0.0453,0.0398,0.0299,0.0195,0.0077,0.0031,-0.0046,-0.0102,-0.0138,-0.0158,-0.0143,-0.0093,-0.0092,-0.0113,-0.005,0.0175,0.0085,-0.0013,-0.0087,-0.0008,-0.0021,-0.0004,0.0043,0.0093,0.0123,0.0019,-0.0017,-0.0065
2025-01-28,19.9067,110.2225,N,,0.0419,0.0238,0.0052,-0.0002,-0.0007,0.0117,0.0111,0.0016,-0.0093,-0.0092,-0.0068,-0.0058,-0.005,-0.0059,-0.0034,-0.0009,-0.0052,-0.0042,-0.0061,-0.0021,-0.0044,0.0003,0.0022,0.0021,0.0044,0.0039,0.0043,0.0041,0.0059
2025-01-28,19.9067,110.2225,NE,0.0408,0.0358,0.0257,0.016,-0.0018,-0.0062,-0.0021,0.0009,0.0012,-1e-04,-0.002,-0.0025,-0.0051,-0.002,-0.0065,0.0041,-0.0029,0.005,0.0011,-0.0012,-0.0021,-0.0026,-0.0042,0.0013,-0.0048,-0.0063,-0.0052,-0.0022,0.0025,0.0045
2025-01-28,19.9067,110.2225,NO,,0.0159,0.0189,0.016,0.0182,0.0165,0.0097,0.012,0.0058,0.0119,0.0091,0.0093,0.0049,0.0009,0.0178,0.0161,0.0088,0.012,0.0108,0.0091,0.0062,-0.0012,-0.0014,-0.0058,-0.0086,-0.0148,-0.009,-0.0141,-0.0066,-0.0121
2025-01-28,19.9067,110.2225,O,,0.0635,0.056,0.0438,0.0365,0.0297,0.0231,0.0229,0.0226,0.0217,0.0159,0.0114,0.0092,0.0058,-0.005,-0.0095,-0.001,-0.0036,-0.0057,-0.0055,-0.0059,-0.0026,0.0022,0.0011,-0.0028,0.0032,0.0015,0.001,-0.0004,-0.0124
2025-01-28,19.9067,110.2225,S,0.0478,0.0385,0.0369,0.0293,0.0301,0.028,0.0236,0.0192,0.0252,0.0301,0.0175,0.0145,0.0098,0.0153,0.0176,0.0072,-0.0025,-0.0047,-0.008,-0.0115,-0.0119,-0.0025,-0.0054,-0.0066,-0.0083,-0.0048,-0.0127,-0.0135,-0.0148,-0.0136
2025-01-28,19.9067,110.2225,SE,,0.057,0.0582,0.0538,0.0514,0.0466,0.0394,0.0404,0.0325,0.0326,0.0165,0.0169,-0.009,-0.0034,0.0023,-0.0082,-0.0079,-0.0118,-0.0128,-0.0129,-0.0002,-0.0085,-0.0061,-0.0042,-0.005,-0.0064,-0.003,-0.0033,-0.0077,-0.0059
2025-01-28,19.9067,110.2225,SO,,0.0462,0.0461,0.0365,0.0296,0.0272,0.0324,0.0364,0.0378,0.0413,0.0365,0.0264,0.0174,0.0094,1e-04,0.0048,-0.0031,0.0077,0.0081,-0.0038,0.0056,-0.0062,-0.0052,-0.0057,-0.0072,-0.0066,-0.0101,-0.0143,-0.0245,-0.0238
2025-03-25,19.9069,110.2222,E,,0.0739,0.0608,0.0288,0.0121,-0.0151,-0.0257,-0.0369,-0.039,-0.0451,-0.0441,-0.0442,-0.0344,-0.0252,-0.0155,-0.0054,0.0429,0.0394,0.0337,0.0294,0.0293,0.0286,0.018,0.0162,0.0159,0.0198,-0.0004,-0.0154,-0.0229,-0.0198
2025-03-25,19.9069,110.2222,N,,0.0831,0.0612,0.0473,0.0253,0.0141,0.0043,0.0083,0.008,0.0063,-0.0088,-0.0068,-0.0067,-0.006,-0.0122,-0.0114,-0.0099,-0.0054,-0.007,-0.0078,0.0009,0.0021,-0.0052,-0.0013,-1e-04,0.0042,0.0063,0.0035,0.0087,0.0081
2025-03-25,19.9069,110.2222,NE,0.0852,0.0689,0.0543,0.0298,0.0108,-0.0025,-0.0007,0.0011,-0.0061,-0.0094,-0.0145,-0.0178,-0.0197,-0.0042,-0.0034,-0.0063,0.0088,0.0137,0.0055,0.0006,-0.0131,-0.0057,0.0013,0.0079,-0.0048,-0.0015,-0.0064,-0.0094,0.0028,0.0205
2025-03-25,19.9069,110.2222,NO,,0.0614,0.0349,0.0273,0.0319,0.0288,0.0299,0.0193,0.0036,0.0038,0.0062,0.0072,0.0025,0.0018,0.0007,0.0053,0.0217,0.0023,0.0105,0.0154,0.0179,0.0081,-0.0071,-0.0046,-0.0067,-0.0166,-0.0135,-0.0229,-0.0063,-0.0165
2025-03-25,19.9069,110.2222,O,,0.0999,0.0928,0.0792,0.0612,0.0516,0.0369,0.0284,0.031,0.0389,0.0448,0.0418,0.0239,0.0085,-0.0007,-0.005,-0.0118,-0.01,-0.0031,-0.0109,-0.009,-0.004,-0.0,0.0035,-0.005,-0.0124,-0.0089,-0.009,-0.004,-0.0026
2025-03-25,19.9069,110.2222,S,0.0676,0.0676,0.0567,0.0451,0.0435,0.0378,0.0379,0.0449,0.0397,0.0222,0.0223,-0.0008,0.0122,0.0101,0.0068,-0.0086,-0.016,-0.0232,-0.0178,-0.0067,-0.0037,-0.0017,0.0025,-0.0053,-0.0039,-0.004,-0.0112,-0.0097,-0.0194,-0.0231
2025-03-25,19.9069,110.2222,SE,,0.0998,0.0877,0.0757,0.0664,0.0603,0.0658,0.0446,0.0157,0.0084,-0.0179,-0.0204,-0.0259,-0.0175,-0.0103,-0.0127,-0.0102,-0.0151,-0.0084,-0.0144,-0.001,-0.0006,0.0103,-0.0037,-0.0026,-0.0008,-0.0026,0.0012,-0.0026,-0.0033
2025-03-25,19.9069,110.2222,SO,,0.0783,0.0713,0.0546,0.0447,0.0436,0.0407,0.0553,0.0598,0.063,0.06,0.0464,0.0328,0.0137,0.0031,-0.0021,-0.0162,0.0138,0.013,-0.0194,-0.0016,-0.014,-0.0088,-0.012,-0.0098,-0.0163,-0.0199,-0.0175,-0.0272,-0.0263
2025-05-04,19.9048,110.2205,E,0.0974,0.0994,0.0926,0.089,0.0812,0.0737,0.0739,0.074,0.0725,0.0669,0.0572,0.0493,0.0417,0.0228,0.0055,-0.0167,-0.0335,-0.036,-0.0384,-0.0376,-0.0373,-0.0367,-0.0285,-0.0219,-0.0155,-0.0174,-0.0075,0.0034,0.0125,0.0225
2025-05-04,19.9048,110.2205,N,0.0638,0.0497,0.0431,0.0379,0.0221,0.0225,0.0066,0.0147,0.0028,-0.0076,-0.0015,-0.0075,-0.0046,0.0096,0.0123,0.0091,0.0005,-0.0061,-0.0245,-0.0157,-0.0108,-0.008,0.0015,-0.0022,-0.0005,0.0011,-0.0033,-0.0121,0.0013,-0.0046
2025-05-04,19.9048,110.2205,NE,,0.0521,0.0423,0.0297,0.0067,0.0298,0.0556,0.0689,0.0787,0.0711,0.0606,0.0505,0.0312,0.0085,-0.0164,-0.0221,-0.0027,-0.0231,-0.0266,-0.0328,-0.0392,-0.0339,-0.0188,-0.0034,-0.0002,-0.0097,-0.0036,-0.0033,0.0012,0.0114
2025-05-04,19.9048,110.2205,NO,,0.1149,0.1033,0.0907,0.0735,0.0612,0.0511,0.0384,0.0253,0.0176,0.0084,0.0024,-0.0062,0.0026,0.0046,0.0033,0.0036,-0.0062,-0.004,-0.0084,-0.0082,-0.0168,-0.0093,-0.0187,-0.0241,-0.0007,0.005,0.0036,-0.0107,-0.0035
2025-05-04,19.9048,110.2205,O,,0.0966,0.0896,0.0708,0.0591,0.0403,0.0237,0.0233,0.0198,0.0119,0.0129,0.0169,0.0261,0.0317,0.0154,0.0092,0.0027,-0.0027,-0.0033,-0.0056,-0.0058,-0.002,-0.013,0.0002,-0.0033,-0.0035,-0.0085,-0.0131,-0.0132,-0.0198
2025-05-04,19.9048,110.2205,S,,0.085,0.0449,0.0189,0.0035,0.0396,0.031,0.0279,0.0336,0.0306,0.0381,0.0242,0.0371,0.0176,0.0221,0.0197,-0.0025,-0.0052,-0.01,-0.0029,0.0081,0.0,-0.0054,0.0023,0.0035,-0.001,-0.0079,-0.0129,-0.0141,-0.0155
2025-05-04,19.9048,110.2205,SE,,0.083,0.0794,0.0663,0.0455,0.0378,0.0266,0.0477,0.0134,0.0143,0.0127,0.018,0.01,-0.0026,-0.0021,-0.0029,-0.0146,-0.0192,-0.012,-0.0055,-0.0002,0.0079,0.0206,0.018,0.0057,-0.0009,-0.0165,-0.0216,-0.0212,-0.0206
2025-05-04,19.9048,110.2205,SO,,0.0944,0.06,0.0301,0.0144,0.0142,0.0107,0.0074,0.0408,0.0116,0.0054,0.0108,0.0094,0.008,0.0055,0.0023,0.0165,0.013,0.0042,0.0142,0.0041,0.0014,-0.0073,-0.0169,-0.0126,-0.0077,-0.0091,-0.0043,-0.0038,0.0011
2025-05-20,19.9069,110.2219,E,,0.0627,0.047,0.0215,0.0118,-0.0175,-0.044,-0.0583,-0.0578,-0.0533,-0.0526,-0.0485,-0.0344,-0.0199,-0.0116,0.0118,0.039,0.0592,0.0372,0.0349,0.0315,0.0311,0.0306,0.0249,0.0209,0.018,0.0013,-0.0051,-0.0306,-0.0341
2025-05-20,19.9069,110.2219,N,0.0858,0.0866,0.072,0.0653,0.0372,0.0023,-0.0194,-0.0247,-0.0064,-0.0012,-0.0015,-0.0091,-0.0039,0.0009,0.0021,0.008,0.0079,0.0069,0.0068,0.0008,-0.001,-0.0047,-0.0104,-0.0153,-0.007,-0.0083,-0.0091,-0.0023,0.0035,-0.0014
2025-05-20,19.9069,110.2219,NE,,0.0685,0.0613,0.0372,0.0053,-0.0197,-0.0327,-0.0249,-0.025,-0.0204,-0.0234,-0.022,-0.0151,-0.0172,-0.0006,-0.0039,0.0134,0.0156,0.0093,0.0152,0.0024,1e-04,0.0035,0.0095,0.0055,-0.005,-0.0077,-0.0117,-0.0147,0.0095
2025-05-20,19.9069,110.2219,NO,,0.096,0.0767,0.0373,0.0366,0.0342,0.0298,0.0315,0.0274,0.016,0.0286,0.0122,0.0289,0.0052,0.0132,0.0018,0.032,0.0239,0.0133,0.0017,0.0035,-0.0003,-0.0115,-0.0154,-0.0201,-0.0205,-0.0184,-0.0154,-0.0122,-0.0126
2025-05-20,19.9069,110.2219,O,,0.1009,0.0946,0.0802,0.0547,0.0416,0.0295,0.0391,0.0602,0.0656,0.0621,0.0536,0.0423,0.0299,0.0155,0.0027,-0.0077,-0.0104,-0.0074,-0.0009,0.0086,0.0185,0.0114,0.0012,-0.0066,-0.0121,-0.0135,-0.0181,-0.0211,-0.0235
2025-05-20,19.9069,110.2219,S,,0.0876,0.0693,0.0559,0.0461,0.0511,0.0618,0.0655,0.0447,0.028,0.0215,0.0197,0.0151,0.0024,-0.0106,-0.0138,-0.0148,-0.0195,-0.0186,-0.0151,-0.0157,-0.0079,-0.0021,0.0067,0.0057,0.0051,1e-04,0.0002,-0.0189,-0.0278
2025-05-20,19.9069,110.2219,SE,0.1287,0.1141,0.0998,0.0867,0.0795,0.0835,0.0963,0.0794,0.0701,0.0251,0.0039,-0.0098,-0.0217,-0.0167,-0.0132,-0.0119,-0.0085,-0.0073,0.0114,-0.0055,0.0077,-0.004,-0.0168,-0.0145,-0.0124,-0.0116,-0.0125,-0.0069,-0.0039,-0.0002
2025-05-20,19.9069,110.2219,SO,,0.1121,0.1001,0.0793,0.0602,0.0771,0.0825,0.0898,0.0862,0.0826,0.0752,0.0599,0.0432,0.0431,0.0283,0.0105,-0.0095,-0.0047,-0.0222,-0.0209,-0.0237,-0.0196,-0.0254,-0.0249,-0.0204,-0.0221,-0.0225,-0.0274,-0.0181,-0.0189
2025-06-21,19.9053,110.2205,E,0.0902,0.0845,0.0765,0.0733,0.064,0.0622,0.061,0.0597,0.0601,0.0487,0.0389,0.0257,0.0078,-0.0167,-0.0357,-0.0423,-0.0434,-0.0425,-0.0379,-0.0368,-0.0138,-0.0002,0.0059,-0.0135,-0.0043,0.0041,0.0098,0.0056,0.0128,0.0239
2025-06-21,19.9053,110.2205,N,0.0364,0.038,0.0196,0.0077,0.0031,0.0269,0.0256,0.0372,0.0377,0.0254,0.0087,-0.0037,-0.0074,-0.0052,0.0017,-0.0038,-0.0094,-0.0081,-0.0099,-0.0006,0.0002,0.0062,0.0051,0.0038,0.0088,0.0003,-0.0027,-0.0104,-0.0147,-0.0139
2025-06-21,19.9053,110.2205,NE,,0.0575,0.0544,0.0484,0.0512,0.0652,0.0629,0.0612,0.0686,0.0639,0.0398,0.0063,-0.0131,-0.0298,-0.0343,-0.0328,-0.0214,-0.0271,-0.0169,-0.0068,-0.0045,-0.0053,0.0079,0.0124,0.004,0.0062,-0.0075,-0.0154,-0.0129,-0.0188
2025-06-21,19.9053,110.2205,NO,,0.1237,0.1262,0.1129,0.0936,0.0905,0.0829,0.0729,0.0636,0.0544,0.0411,0.0242,0.0021,0.0003,0.0008,-0.0038,0.0047,-0.0081,-0.0114,-0.0219,-0.0179,-0.0178,-0.0151,-0.0206,-0.0226,-0.0179,-0.0206,-0.0096,-0.0082,-0.0074
2025-06-21,19.9053,110.2205,O,,0.1164,0.1203,0.1013,0.1084,0.0887,0.0767,0.0592,0.0445,0.0476,0.0438,0.0362,0.0307,0.0323,0.0395,0.0395,0.0259,0.0151,0.0038,-0.0088,-0.0146,-0.0225,-0.0218,-0.021,-0.0289,-0.0191,-0.0108,-0.0115,-0.0157,-0.0138
2025-06-21,19.9053,110.2205,S,,0.0892,0.064,0.0477,0.048,0.0934,0.0856,0.0793,0.0764,0.0533,0.0232,0.023,0.0176,0.016,0.0168,0.0204,0.0023,-0.003,-0.0124,-0.0104,-0.0038,-0.0091,-0.0104,-0.0101,-0.0079,-0.0091,-0.0087,-0.012,-0.01,-0.0134
2025-06-21,19.9053,110.2205,SE,,0.0922,0.0912,0.0687,0.0518,0.0678,0.0572,0.0578,0.0529,0.0584,0.0628,0.0412,0.0086,0.0003,-0.0106,-0.0209,-0.0181,-0.0078,-0.0088,0.0061,0.0244,0.0199,0.0175,0.0047,-0.0239,-0.0284,-0.0315,-0.034,-0.0183,-0.0211
2025-06-21,19.9053,110.2205,SO,,0.1063,0.0942,0.0611,0.045,0.0254,0.0199,0.0221,0.0065,-0.0031,0.0081,0.0033,0.0112,0.01,0.0157,0.0158,0.0108,0.0194,0.0149,0.0129,0.0103,0.007,-0.0012,-0.0105,-0.0204,-0.0228,-0.0212,-0.0086,-0.0179,-0.0172
2025-07-15,19.9042,110.2208,E,0.0702,0.0627,0.058,0.0568,0.0555,0.0534,0.0477,0.0466,0.0522,0.0484,0.045,0.0355,0.0325,0.0278,0.0175,0.0087,-0.0013,-0.023,-0.0322,-0.0318,-0.0343,-0.0311,-0.0265,-0.0209,-0.0018,0.0064,0.0107,0.0065,-0.0076,0.0319
2025-07-15,19.9042,110.2208,N,0.0682,0.0576,0.0479,0.0406,0.0403,0.0284,0.0218,0.0255,0.0172,0.003,-0.0028,-0.0038,0.014,0.0186,0.0053,0.0022,-0.0035,0.0002,0.0021,-0.0055,-0.0086,-0.0125,-0.0139,-0.006,-0.0016,0.0028,0.0003,-0.0019,-0.0041,-0.0084
2025-07-15,19.9042,110.2208,NE,,0.0421,0.0407,0.0352,0.029,0.0401,0.0341,0.0431,0.0441,0.0325,0.0292,-0.0021,-0.0068,0.0003,-0.0115,-0.0174,-0.0244,-0.0235,-0.0173,-0.0159,-0.0101,-0.0023,0.0044,0.0037,0.0041,0.0027,0.0048,0.0036,-0.0006,-0.01
2025-07-15,19.9042,110.2208,NO,,0.0846,0.0709,0.0603,0.0476,0.0411,0.0322,0.0128,-0.0029,-0.0074,-0.0093,-0.0007,-0.0018,0.0067,-0.0008,-0.0141,-0.0234,-0.0149,-0.0043,-0.0068,-0.0069,-0.018,-0.005,0.01,0.009,0.0112,1e-04,0.0043,0.0131,0.0213
2025-07-15,19.9042,110.2208,O,,0.0941,0.0806,0.0633,0.0505,0.046,0.041,0.0337,0.0323,0.0374,0.0453,0.0468,0.0379,0.0264,0.0161,0.0005,0.0006,-0.0097,-0.0114,-0.0095,-0.0189,-0.0107,-1e-04,-0.0037,-0.0082,-0.01,-0.0115,-0.014,-0.0165,-0.0152
2025-07-15,19.9042,110.2208,S,,0.0859,0.0731,0.0457,0.025,0.0074,0.0261,0.0325,0.012,0.0306,0.03,0.0057,0.0204,0.0157,0.0113,0.0131,0.0106,-0.0036,-0.0056,-0.0122,-0.0008,0.001,0.0012,-0.008,0.0012,0.0019,-0.0024,-0.0089,-0.0085,-0.0123
2025-07-15,19.9042,110.2208,SE,,0.065,0.0631,0.0604,0.0643,0.0559,0.0315,0.0347,0.0203,0.0328,0.0275,0.0105,0.0344,0.0055,0.0202,-0.0051,-0.0035,-0.0104,-0.0174,-0.0228,-0.016,-0.0105,-0.0071,-0.001,0.0118,0.0085,0.0005,-0.0104,-0.0126,-0.0096
2025-07-15,19.9042,110.2208,SO,,0.0819,0.0675,0.0419,0.0254,0.0212,0.0444,0.0575,0.048,0.0189,0.0165,0.0076,0.01,0.0035,0.0043,0.0058,0.0072,0.0028,0.0061,0.0036,0.0009,-0.0033,-0.0142,-0.0166,-0.0181,-0.0177,-0.007,-0.0143,-0.0078,-0.0122
2025-07-31,19.9053,110.2214,E,0.0963,0.0939,0.0897,0.0774,0.0733,0.0653,0.0527,0.0517,0.0476,0.0418,0.0317,0.0153,-0.0045,-0.0129,-0.0164,-0.0188,-0.0205,-0.0227,-0.0194,-0.0176,-0.0196,-0.0171,-0.0017,0.0152,0.015,0.0192,0.0153,0.0151,,
2025-07-31,19.9053,110.2214,N,0.0494,0.0456,0.056,0.0488,0.0375,0.0295,0.0199,0.0085,0.0056,-0.0058,-0.0028,-0.0025,-0.0045,0.0039,0.0064,0.0069,0.0035,0.0013,0.0046,0.0038,0.0054,0.0071,0.0105,0.0088,0.0009,-0.0067,-0.0071,-0.008,-0.0068,-0.012
2025-07-31,19.9053,110.2214,NE,,0.0728,0.069,0.0669,0.0626,0.0565,0.051,0.0372,0.0246,0.0161,0.0021,-0.0046,-0.0067,-0.0073,0.0055,0.0056,0.0043,0.0041,-0.0013,-0.0002,-0.0025,0.0047,0.0028,0.001,-0.0032,-0.0134,-0.0119,-0.0153,-0.0124,-0.0173
2025-07-31,19.9053,110.2214,NO,,0.089,0.0813,0.0685,0.0585,0.0493,0.035,0.0248,0.0162,0.0104,-0.0045,0.0007,0.0179,0.0021,0.0234,0.0355,0.0483,0.0517,0.0367,-0.0055,-0.0029,-0.0048,-0.0119,-0.0306,-0.0275,-0.026,-0.0007,-0.015,0.0002,0.0103
2025-07-31,19.9053,110.2214,O,,0.075,0.0693,0.064,0.0571,0.0516,0.0426,0.0288,0.0201,0.0067,0.003,0.0075,0.0115,0.0089,0.0063,-0.0002,-0.0052,-0.0156,-0.018,-0.0168,-0.0097,-0.0033,0.0018,0.0053,0.0029,-0.0012,0.0034,0.0016,-0.0024,-0.0112
2025-07-31,19.9053,110.2214,S,,0.0737,0.0664,0.0647,0.067,0.0615,0.0475,0.0364,0.0253,0.0446,0.0385,0.0312,0.0291,0.0163,0.0176,0.018,0.015,0.0056,-0.0016,-0.0044,-0.0034,-0.0064,-0.0088,-0.0096,-0.012,-0.0142,-0.0099,-0.0098,-0.008,-0.0073
2025-07-31,19.9053,110.2214,SE,,0.064,0.0624,0.0454,0.0574,0.0466,0.0358,0.0358,0.0394,0.0443,0.0372,0.029,0.0144,0.0244,0.0079,0.0002,-0.0132,-0.0192,-0.0227,-0.0219,-0.0113,-0.0193,-0.0028,-0.0015,-0.0079,0.0029,-0.0045,-0.0039,0.0014,0.0045
2025-07-31,19.9053,110.2214,SO,,0.0904,0.0871,0.0877,0.0846,0.0756,0.0568,0.0385,0.0235,0.027,0.0207,0.0194,0.0187,0.0185,0.0158,0.0158,0.015,0.0124,0.0112,0.008,0.0068,0.0008,-0.0009,-0.0111,-0.0157,-0.0231,-0.025,-0.0331,-0.0295,-0.0324
2025-08-08,19.9116,110.2291,E,0.0402,0.037,0.0347,0.0245,0.0153,0.0174,0.0093,0.0148,0.0136,0.0116,0.0248,0.0228,0.0181,0.0073,0.0035,0.0082,0.011,-0.0003,-0.006,1e-04,0.0006,0.0078,-1e-04,-0.004,-0.0043,-0.0043,-0.0099,-0.0109,-0.0134,-0.0239
2025-08-08,19.9116,110.2291,N,,0.0821,0.0645,0.0574,0.0516,0.0472,0.0409,0.0389,0.0373,0.0252,0.0286,0.0256,0.0222,0.0137,0.0076,-0.0003,-0.0038,-0.0096,-0.0145,-0.0131,-0.0067,-0.0034,-0.0051,-0.0087,-0.0158,-0.0164,-0.0157,-0.0175,0.0021,-0.0087
2025-08-08,19.9116,110.2291,NE,,0.0655,0.0622,0.0461,0.0319,0.0205,0.0193,0.0216,0.0207,0.0203,0.0198,0.0161,0.0028,-0.0058,-0.0131,-0.0177,-0.0166,-0.01,-0.0052,-1e-04,0.0007,-0.0005,-0.0045,-0.0015,0.0023,0.0061,0.0064,0.0059,-0.002,-0.0041
2025-08-08,19.9116,110.2291,NO,,0.0531,0.0438,0.028,0.0139,0.0074,0.0046,-0.0028,-0.001,0.002,0.0033,0.0008,-0.002,-0.0016,-0.0014,0.0007,0.0063,0.0105,0.0109,0.0085,0.008,0.0037,0.0039,-0.0031,-0.007,-0.0049,-0.0108,-0.0037,-0.0,-0.0035
2025-08-08,19.9116,110.2291,O,,0.073,0.0605,0.0522,0.0465,0.0409,0.0337,0.0286,0.0226,0.0117,0.0091,0.0039,0.0003,-0.0012,-0.0024,0.002,-0.0022,-0.0079,-0.0187,-0.0196,-0.0147,-0.0082,-0.0064,0.0019,0.0094,0.0104,0.0146,0.0111,0.0009,-0.0045
2025-08-08,19.9116,110.2291,S,0.0443,0.0331,0.0117,-0.0002,-0.005,-0.0175,-0.0232,-0.0202,-0.0207,-0.0202,-0.0142,-0.006,-0.0065,0.0051,0.0111,0.0356,0.038,0.0412,0.0353,0.0132,0.0192,0.0292,0.0329,0.0369,0.0142,0.0167,-0.0074,-0.0244,-0.0208,-0.0333
2025-08-08,19.9116,110.2291,SE,,0.0552,0.0437,0.0398,0.0373,0.0346,0.0293,0.0954,0.0835,0.0733,0.0344,0.0018,-0.0151,-0.0244,-0.0285,-0.022,-0.0179,-0.0169,-0.0141,-0.0078,-0.003,-0.0015,-0.0002,0.0037,-0.0002,-0.0047,0.0004,0.0017,0.0003,0.0018
2025-08-08,19.9116,110.2291,SO,,0.0632,0.0537,0.0417,0.0325,0.0329,0.0273,0.0097,0.0071,0.0063,0.0151,0.017,0.0215,0.0243,0.0316,0.0263,0.0177,0.0087,0.0102,0.0019,-0.0023,-0.0193,-0.0204,-0.0274,-0.028,-0.0227,-0.0169,-0.0015,0.0073,0.0155
2025-09-25,19.9124,110.2294,E,0.0852,0.0726,0.058,0.042,0.0291,0.023,0.0098,0.0049,0.0097,0.0177,0.019,0.0094,0.0016,0.0148,0.015,0.0142,0.0117,0.0061,0.0028,0.0013,-0.0005,-0.0017,-0.0056,-0.0079,-0.007,-0.0079,-0.0083,-0.0083,-0.0084,-0.008
2025-09-25,19.9124,110.2294,N,0.0572,0.0374,0.0236,0.0198,0.0174,0.0179,0.013,0.0151,0.0145,0.0112,0.0091,0.0061,0.0071,0.0005,-0.0007,-0.0073,-0.012,-0.008,-0.006,0.0009,0.002,0.0011,-1e-04,-0.0017,-0.0031,-0.0039,-0.0018,-0.0022,0.0011,0.0038
2025-09-25,19.9124,110.2294,NE,,0.0572,0.0418,0.0363,0.0304,0.0273,0.0226,0.0152,0.0194,0.0206,0.0127,0.0094,0.0026,0.0008,-0.001,1e-04,-0.0011,-0.002,-0.0031,-0.0023,-0.0049,-0.0066,-0.0024,-0.0063,0.0088,0.0089,0.0071,0.0065,0.0032,0.0048
2025-09-25,19.9124,110.2294,NO,,0.0308,0.0108,-0.0073,-0.017,-0.0189,-0.018,-0.0127,-0.0105,-0.0109,-0.0058,-0.0025,0.0036,0.0049,0.0086,0.0135,0.0104,0.0098,0.0115,0.0098,0.009,0.0069,0.006,0.0004,0.0016,-0.0007,-0.0068,-0.0062,-0.0112,-0.0152
2025-09-25,19.9124,110.2294,O,,0.053,0.0379,0.024,0.0043,-0.0189,-0.0314,-0.0296,-0.0186,-0.0101,-0.0047,1e-04,-0.002,0.002,0.0027,0.0046,0.0033,-0.0034,-0.0074,-0.0086,-0.0087,-0.0064,-0.0017,-0.0021,-0.0041,-0.0025,0.0051,0.0087,0.0095,0.0105
2025-09-25,19.9124,110.2294,S,,0.051,0.0428,0.0364,0.025,0.0229,0.0136,0.0053,0.0058,-0.0035,0.0015,-0.0007,0.0026,0.0019,0.0005,0.0004,0.0143,0.0136,0.0164,0.0122,0.0112,0.013,0.0154,0.01,0.0096,0.0025,-0.0159,-0.0256,-0.026,-0.0252
2025-09-25,19.9124,110.2294,SE,,0.045,0.0402,0.0796,0.0694,0.0699,0.0696,0.0635,0.0395,0.0024,-0.0051,-0.0092,-0.0124,-0.0114,-0.0071,-0.0054,-0.0008,0.0047,0.0088,0.0083,0.0074,0.0062,0.004,0.0032,0.0009,-0.0044,-0.0074,-0.0112,-0.0124,-0.0116
2025-09-25,19.9124,110.2294,SO,,0.0294,0.0233,0.0088,-0.0101,-0.0242,-0.0374,-0.0286,-0.0244,-0.0171,-0.0091,-0.0067,0.0021,0.0134,0.0118,0.0175,0.0251,0.0132,0.0084,0.0026,-0.0046,0.0007,0.0008,-0.0044,-0.0037,0.0098,-0.0072,-0.0177,-0.0029,-0.0217
2025-11-12,19.9091,110.2259,E,0.0444,0.0243,0.0159,-0.0175,-0.022,-0.0249,-0.0148,-0.0168,-0.006,-0.0017,-0.0059,0.0024,-0.0018,0.0074,-0.0041,-0.0073,0.0073,0.003,-0.0035,-0.0225,-0.0148,-0.0094,-0.0081,-0.0024,1e-04,-0.0002,-0.0008,-1e-04,-0.0008,1e-04
2025-11-12,19.9091,110.2259,N,0.0325,0.03,0.0272,0.0266,0.0138,0.0145,0.0139,0.0164,0.0104,0.0081,-0.0089,-0.0156,-0.0024,-0.0033,0.0049,0.006,0.0031,0.0061,0.0033,0.0024,0.0005,-0.0016,0.0014,0.005,0.0067,0.0068,0.0,-0.0043,-0.0086,-0.0141
2025-11-12,19.9091,110.2259,NE,0.0094,0.0076,-0.002,-0.0053,-0.0264,-0.0217,-0.0132,-0.0088,-0.0072,-0.0008,-0.0085,0.008,-0.0041,0.014,0.0198,0.0187,0.0249,0.0169,0.0124,0.0032,0.001,0.0027,0.0016,-0.0027,-0.0037,-0.0054,-0.0111,-0.0192,-0.0241,-0.0259
2025-11-12,19.9091,110.2259,NO,,0.0274,0.03,0.0279,0.0263,0.0221,0.0211,0.0114,-0.0012,-0.0058,-0.0094,-0.0067,-0.0089,-0.0089,-0.0119,-0.0126,-0.0048,-0.0056,0.013,0.0033,0.0127,0.0063,0.0101,0.0032,0.0006,-0.0003,0.0007,-0.0013,-0.0009,-0.0042
2025-11-12,19.9091,110.2259,O,,0.0201,0.0042,0.002,0.0051,0.0133,0.0061,0.0021,0.0002,-0.0031,-0.0089,0.0015,-0.0005,0.0044,0.0039,0.0056,0.0087,0.0134,0.0111,0.0182,0.0136,0.0052,0.0021,-0.0045,-0.0043,-0.0074,-0.0102,-0.0141,-0.0184,-0.0173
2025-11-12,19.9091,110.2259,S,,0.0591,0.0539,0.0497,0.0086,-0.002,0.0033,0.0044,0.0006,0.0021,0.0024,-0.0007,0.0008,0.0003,0.0028,-0.0075,-0.0119,-0.01,-0.0131,-0.0179,-0.0168,-0.0135,-0.0084,-0.0134,-0.009,-0.0012,0.0056,-0.0035,-0.006,-0.0054
2025-11-12,19.9091,110.2259,SE,,0.0258,0.0197,0.0144,-0.0222,-0.0277,-0.0261,-0.0256,-0.0223,-0.0046,0.0161,0.0233,0.0257,0.0267,0.025,0.0207,0.0119,0.0051,0.0067,0.0122,0.0092,0.0023,-0.0037,-0.0083,-0.0083,-0.0117,-0.0093,-0.0096,-0.0015,-0.0061
2025-11-12,19.9091,110.2259,SO,,-0.0076,-0.0081,-0.0118,-0.0146,-0.0141,-0.0179,-0.0062,-0.0075,-0.0023,0.001,0.0094,0.0136,0.0159,0.008,-0.0036,0.0034,0.0059,0.0029,0.0041,0.0113,0.0078,0.0108,0.008,0.0042,0.003,-0.0071,-0.0069,-0.0129,-0.0179
2025-11-28,19.9056,110.2214,E,0.0697,0.0631,0.0575,0.0493,0.0466,0.0424,0.0367,0.036,0.0286,0.0312,0.0216,0.0104,-0.0127,-0.0252,-0.0289,-0.0306,-0.0295,-0.0258,-0.0239,-0.0181,-0.017,-0.0009,0.0162,0.0192,0.0191,0.0194,0.0256,0.0164,0.0164,0.0166
2025-11-28,19.9056,110.2214,N,0.0451,0.0399,0.0464,0.0413,0.036,0.0292,0.016,0.0146,0.0101,0.0076,0.0033,0.004,0.0095,-0.0022,-1e-04,0.0018,0.0057,-0.0005,0.0011,0.0027,0.0039,-0.0004,-0.0013,-0.0048,-0.0098,-0.0072,-0.0012,-0.0,-0.0042,-0.0054
2025-11-28,19.9056,110.2214,NE,,0.0461,0.0432,0.0404,0.0305,0.0313,0.0354,0.0342,0.029,0.0202,0.0114,0.0049,-0.0011,-0.0074,-0.0167,-0.0168,-0.0184,-0.0045,0.0033,0.0032,0.0078,0.0045,0.0072,0.0022,0.0042,-0.0008,0.0013,0.0011,0.0008,0.0082
2025-11-28,19.9056,110.2214,NO,,0.0739,0.057,0.0555,0.0428,0.0457,0.0357,0.0327,0.0269,0.0179,0.0075,-0.0032,-0.0084,-0.0035,-0.0036,-0.0028,0.0036,0.0122,0.0075,0.0082,0.0032,-0.0058,-0.01,-0.0091,-0.0044,-0.0046,-0.0051,-0.0126,-0.0123,-0.0118
2025-11-28,19.9056,110.2214,O,,0.088,0.0871,0.0726,0.0637,0.0482,0.0372,0.0267,0.0178,0.013,0.0211,0.0168,0.0098,0.0141,0.0192,0.0169,0.0177,0.0085,0.0031,-0.0046,-0.0067,-0.0058,-0.0059,-0.0064,-0.0082,-0.0053,-0.0106,-0.0087,-0.0073,-0.0095
2025-11-28,19.9056,110.2214,S,,0.0654,0.0505,0.0458,0.0433,0.0328,0.0243,0.0156,0.0064,0.0454,0.0351,0.0232,0.0254,0.0205,0.0205,0.0216,0.0194,0.0179,-0.0048,-0.0069,0.0,-0.0021,-0.0055,-0.0092,-0.012,-0.0129,-0.011,-0.0103,-0.0122,-0.0111
2025-11-28,19.9056,110.2214,SE,,0.0761,0.0673,0.0573,0.0529,0.0466,0.0427,0.039,0.0437,0.0395,0.028,0.0214,0.0154,0.0063,-0.0068,-0.0136,-0.0166,-0.0155,-0.0175,-0.0137,-0.0096,0.0022,0.0058,0.0036,-0.0004,-0.0114,-0.0149,-0.0162,-0.0103,-0.0108
2025-11-28,19.9056,110.2214,SO,,0.0735,0.0631,0.0585,0.0531,0.0427,0.0286,0.0174,0.0015,-0.0027,-0.0044,-0.0032,0.0016,0.0033,-0.0057,-0.0045,0.0062,0.0048,0.0103,0.0061,0.0085,0.0073,-0.0005,-0.0027,-0.0062,-0.0105,-0.0142,-0.0154,-0.0093,-0.0031
